Time (ms),Mic Value
0.9863376617431641,2504
0.9863376617431641,2586
1.9834041595458984,2528
3.0088424682617188,2602
4.007101058959961,2606
5.003690719604492,2578
5.976200103759766,2490
6.9732666015625,2474
7.970094680786133,2502
8.965015411376953,2518
9.9639892578125,2510
10.960817337036133,2534
13.952970504760742,2514
13.952970504760742,2586
13.952970504760742,2582
15.947818756103516,2534
16.945600509643555,2494
19.936561584472656,2490
19.936561584472656,2522
19.936561584472656,2502
19.936561584472656,2552
20.93362808227539,2522
22.928714752197266,2514
22.928714752197266,2514
23.9260196685791,2602
29.139280319213867,2596
29.139280319213867,2586
29.139280319213867,2538
29.644250869750977,2558
29.644250869750977,2608
30.148983001708984,2602
48.10452461242676,2526
48.10452461242676,2486
48.10452461242676,2532
48.10452461242676,2490
48.10452461242676,2512
49.102067947387695,2510
49.102067947387695,2554
49.102067947387695,2558
49.102067947387695,2514
49.102067947387695,2470
49.102067947387695,2490
50.09889602661133,2534
50.09889602661133,2542
50.09889602661133,2492
50.09889602661133,2470
51.096200942993164,2510
51.096200942993164,2488
51.096200942993164,2502
51.096200942993164,2544
52.095651626586914,2598
52.095651626586914,2546
52.095651626586914,2570
54.09502983093262,2622
54.09502983093262,2586
56.08320236206055,2542
56.08320236206055,2506
57.08050727844238,2536
58.07757377624512,2526
60.07218360900879,2514
61.06925010681152,2520
61.06925010681152,2522
62.06655502319336,2522
63.063859939575195,2486
64.06140327453613,2480
65.05966186523438,2510
66.0557746887207,2542
67.05403327941895,2538
68.05086135864258,2502
70.04976272583008,2508
71.04277610778809,2494
71.04277610778809,2472
72.04055786132812,2486
73.03714752197266,2546
74.03397560119629,2542
75.03175735473633,2544
76.02882385253906,2522
77.0261287689209,2544
78.02367210388184,2544
79.02121543884277,2554
80.01971244812012,2546
81.01534843444824,2526
82.01313018798828,2502
83.01019668579102,2504
84.00869369506836,2546
85.00552177429199,2546
86.00258827209473,2518
87.00013160705566,2470
87.99862861633301,2482
89.9960994720459,2506
89.9960994720459,2526
90.98958969116211,2518
91.98713302612305,2510
93.98269653320312,2508
93.98269653320312,2516
96.00472450256348,2510
96.00472450256348,2490
97.97024726867676,2510
97.97024726867676,2534
98.97160530090332,2522
99.96867179870605,2554
100.96526145935059,2540
102.95748710632324,2522
102.95748710632324,2520
103.95431518554688,2518
104.95138168334961,2534
105.94916343688965,2534
106.94622993469238,2526
108.94060134887695,2526
108.94060134887695,2518
109.93790626525879,2538
111.93251609802246,2516
111.93251609802246,2480
112.9298210144043,2502
113.92736434936523,2506
115.92364311218262,2502
115.92364311218262,2454
116.91951751708984,2422
118.91579627990723,2450
118.91579627990723,2490
119.94004249572754,2520
120.93782424926758,2518
121.93584442138672,2570
122.93219566345215,2586
123.92973899841309,2546
124.89867210388184,2582
126.8930435180664,2518
126.8930435180664,2518
128.88741493225098,2514
129.8849582672119,2526
130.88274002075195,2518
130.88274002075195,2538
131.8800449371338,2502
132.90643692016602,2558
133.9132785797119,2590
134.8729133605957,2602
135.89715957641602,2556
136.89494132995605,2570
138.86380195617676,2542
138.86380195617676,2546
139.8613452911377,2518
141.85285568237305,2500
141.85285568237305,2430
142.87972450256348,2460
144.84620094299316,2478
144.84620094299316,2544
146.87085151672363,2574
147.83692359924316,2526
148.8339900970459,2512
149.83105659484863,2538
150.82836151123047,2518
151.8263816833496,2538
152.82320976257324,2518
153.82051467895508,2482
154.8178195953369,2454
155.81512451171875,2516
156.8126678466797,2478
157.80973434448242,2544
158.80727767944336,2556
159.8050594329834,2610
160.80212593078613,2576
161.79895401000977,2580
162.7967357635498,2598
163.79380226135254,2550
164.79110717773438,2520
165.7886505126953,2526
166.78571701049805,2550
167.78302192687988,2552
168.78080368041992,2490
169.77787017822266,2502
170.7751750946045,2582
171.77248001098633,2610
172.76978492736816,2578
173.76708984375,2506
174.76463317871094,2524
175.76169967651367,2574
176.7592430114746,2554
177.75630950927734,2502
178.75361442565918,2526
179.75115776062012,2534
180.74846267700195,2510
181.7457675933838,2486
182.74307250976562,2550
183.74061584472656,2550
184.7376823425293,2534
185.73498725891113,2470
186.73253059387207,2532
187.7298355102539,2586
188.72714042663574,2532
189.72444534301758,2510
190.72222709655762,2512
191.71905517578125,2534
192.7165985107422,2518
193.71390342712402,2534
194.71120834350586,2554
195.7082748413086,2598
196.70557975769043,2558
197.70312309265137,2518
198.7006664276123,2494
199.69773292541504,2506
200.69527626037598,2526
201.6925811767578,2536
202.68964767456055,2514
203.68695259094238,2534
204.68425750732422,2520
205.68156242370605,2546
206.679105758667,2550
207.67664909362793,2536
208.67371559143066,2546
209.6853256225586,2538
210.66832542419434,2490
211.66563034057617,2516
212.6631736755371,2518
213.66024017333984,2546
214.65778350830078,2526
215.65508842468262,2510
216.65215492248535,2574
217.6494598388672,2554
218.64700317382812,2558
219.64430809020996,2590
220.6416130065918,2540
221.63987159729004,2546
222.63669967651367,2514
223.6340045928955,2486
224.63154792785645,2522
225.62909126281738,2536
226.62639617919922,2526
227.62346267700195,2474
228.621244430542,2472
229.61807250976562,2526
230.61513900756836,2574
231.6124439239502,2542
232.60998725891113,2542
233.60729217529297,2518
234.6045970916748,2508
235.60261726379395,2478
236.59920692443848,2488
237.59698867797852,2538
238.59453201293945,2514
239.5915985107422,2512
240.58866500854492,2502
241.58573150634766,2546
242.5832748413086,2508
243.58105659484863,2526
244.57788467407227,2572
245.6052303314209,2606
246.60038948059082,2542
247.59697914123535,2474
248.5949993133545,2494
249.59516525268555,2540
250.58865547180176,2536
251.5873908996582,2478
252.55846977233887,2478
253.58104705810547,2504
254.5781135559082,2506
255.57732582092285,2512
256.5734386444092,2554
257.5702667236328,2546
258.56876373291016,2510
259.5653533935547,2446
260.5631351470947,2506
261.56020164489746,2544
262.5572681427002,2510
263.55481147766113,2454
264.5525932312012,2470
265.5494213104248,2506
266.54672622680664,2518
267.5447463989258,2520
268.5420513153076,2550
269.5426940917969,2578
270.5376148223877,2554
271.5339660644531,2510
272.53174781799316,2542
273.5292911529541,2550
274.52635765075684,2538
275.52342414855957,2514
276.49426460266113,2502
277.51898765563965,2490
278.5203456878662,2462
279.48498725891113,2542
280.48157691955566,2558
281.4791202545166,2550
282.47642517089844,2518
283.50305557250977,2550
284.4998836517334,2534
285.50171852111816,2578
286.4959239959717,2558
287.49632835388184,2556
288.49101066589355,2518
289.4878387451172,2512
290.4856204986572,2544
291.48244857788086,2582
292.4807071685791,2578
293.47681999206543,2518
294.4791316986084,2502
295.4719066619873,2554
296.46968841552734,2558
297.4667549133301,2584
298.4356880187988,2550
299.46136474609375,2558
300.4586696624756,2528
301.42784118652344,2538
302.45280265808105,2552
303.450345993042,2570
304.44836616516113,2548
305.4509162902832,2494
306.4427375793457,2518
307.44028091430664,2534
308.4380626678467,2536
309.434175491333,2488
310.43219566345215,2508
311.4290237426758,2494
312.4268054962158,2490
313.42434883117676,2470
314.4214153289795,2522
315.41919708251953,2570
316.41602516174316,2558
317.4130916595459,2524
318.38250160217285,2490
319.4088935852051,2526
320.4057216644287,2526
321.40326499938965,2504
322.3705291748047,2514
323.3673572540283,2580
324.36442375183105,2552
325.3617286682129,2522
326.3592720031738,2544
327.35681533813477,2524
328.3543586730957,2550
329.35142517089844,2538
330.3489685058594,2502
331.3460350036621,2558
332.34310150146484,2510
333.3406448364258,2494
334.3379497528076,2474
335.33501625061035,2502
336.3327980041504,2482
337.3298645019531,2480
338.32716941833496,2506
339.3244743347168,2536
340.32225608825684,2542
341.31932258605957,2506
342.3166275024414,2500
343.31417083740234,2510
344.3114757537842,2536
345.3090190887451,2494
346.30608558654785,2510
347.3036289215088,2504
348.3006954193115,2550
349.29800033569336,2518
350.2950668334961,2514
351.29284858703613,2546
352.28991508483887,2576
353.2874584197998,2554
354.28476333618164,2574
355.2820682525635,2550
356.2793731689453,2506
357.27643966674805,2518
358.2742214202881,2490
359.2712879180908,2518
360.26930809020996,2502
361.2661361694336,2486
362.26344108581543,2486
363.26050758361816,2538
364.2582893371582,2574
365.25559425354004,2558
366.2526607513428,2522
367.2499656677246,2538
368.24750900268555,2524
369.2445755004883,2510
370.2418804168701,2514
371.23942375183105,2556
372.2367286682129,2510
373.2340335845947,2494
374.23133850097656,2546
375.2291202545166,2526
376.22618675231934,2534
377.22325325012207,2582
378.220796585083,2546
379.21810150146484,2558
380.2154064178467,2556
381.2127113342285,2550
382.21001625061035,2542
383.2073211669922,2508
384.204626083374,2492
385.20216941833496,2490
386.1994743347168,2518
387.19654083251953,2526
388.19408416748047,2538
389.1913890838623,2526
390.18917083740234,2554
391.1862373352051,2536
392.1835422515869,2502
393.18060874938965,2534
394.1781520843506,2550
395.1752185821533,2526
396.17276191711426,2520
397.1700668334961,2482
398.16737174987793,2506
399.16491508483887,2482
400.1622200012207,2522
401.15928649902344,2582
402.1565914154053,2542
403.1541347503662,2518
404.15143966674805,2514
405.1485061645508,2522
406.15034103393555,2506
407.1469306945801,2538
408.1437587738037,2524
409.14130210876465,2536
410.1393222808838,2526
411.1354351043701,2506
412.13250160217285,2542
413.1295680999756,2542
414.1268730163574,2550
416.5060520172119,2498
416.5060520172119,2478
417.57965087890625,2528
418.5163974761963,2542
419.53039169311523,2518
420.5317497253418,2542
421.53000831604004,2542
422.52564430236816,2508
423.5501289367676,2522
424.5471954345703,2550
425.54473876953125,2534
426.5151023864746,2540
427.54507064819336,2490
428.53641510009766,2458
429.5341968536377,2514
430.53269386291504,2518
431.52832984924316,2520
432.5261116027832,2502
433.52317810058594,2518
434.5204830169678,2578
435.5185031890869,2556
436.51556968688965,2572
437.5126361846924,2574
438.5101795196533,2554
439.50819969177246,2536
440.5045509338379,2502
441.50233268737793,2518
442.50035285949707,2526
443.4974193572998,2546
444.49377059936523,2512
445.4913139343262,2538
446.4895725250244,2550
447.48568534851074,2526
448.4837055206299,2518
449.4810104370117,2570
450.44946670532227,2526
451.4470100402832,2514
452.44407653808594,2480
453.4413814544678,2502
454.4386863708496,2486
455.43599128723145,2510
456.4332962036133,2534
457.4308395385742,2542
458.42814445495605,2510
459.425687789917,2554
460.4227542877197,2544
461.41982078552246,2570
462.4176025390625,2582
463.41466903686523,2538
464.4122123718262,2490
465.409517288208,2484
466.40706062316895,2518
467.4043655395508,2576
468.4011936187744,2574
469.39873695373535,2502
470.3960418701172,2484
471.3935852050781,2494
472.39089012145996,2536
473.3879566192627,2502
474.38573837280273,2518
475.38256645202637,2514
476.3805866241455,2538
477.37741470336914,2470
478.3749580383301,2466
479.3722629547119,2514
480.36956787109375,2534
481.3666343688965,2542
482.3646545410156,2514
483.36172103881836,2538
484.3590259552002,2574
485.3558540344238,2546
486.35363578796387,2538
487.3509407043457,2578
488.34824562072754,2574
489.3457889556885,2540
490.3428554534912,2526
491.34039878845215,2518
492.337703704834,2580
493.3350086212158,2594
494.33207511901855,2498
495.3296184539795,2520
496.32716178894043,2514
497.32446670532227,2540
498.321533203125,2546
499.31859970092773,2548
500.3161430358887,2526
501.3136863708496,2510
502.31075286865234,2472
503.3085346221924,2492
504.305362701416,2544
505.30314445495605,2534
506.2999725341797,2522
507.2977542877197,2522
508.29482078552246,2544
509.2921257019043,2536
510.28919219970703,2550
511.2872123718262,2522
512.2842788696289,2546
513.2818222045898,2518
514.2788887023926,2522
515.2764320373535,2522
516.2732601165771,2548
517.270565032959,2518
518.268346786499,2518
519.2651748657227,2542
520.2627182006836,2510
521.2602615356445,2514
522.2575664520264,2554
523.2546329498291,2558
524.2519378662109,2490
525.2492427825928,2478
526.2470245361328,2518
527.2440910339355,2526
528.2416343688965,2518
529.2387008666992,2544
530.235767364502,2526
531.2364101409912,2550
532.2308540344238,2546
533.2279205322266,2582
534.2252254486084,2534
535.2227687835693,2550
536.2198352813721,2536
537.2171401977539,2550
538.2146835327148,2512
539.2117500305176,2550
540.2095317840576,2572
541.2065982818604,2554
542.2039031982422,2538
543.2016849517822,2528
544.1989898681641,2546
545.1960563659668,2550
546.1933612823486,2530
547.1911430358887,2520
548.1882095336914,2482
549.1857528686523,2506
550.1830577850342,2480
551.1801242828369,2458
552.2065162658691,2506
553.2031059265137,2510
554.1722774505615,2494
555.1695823669434,2482
556.1668872833252,2494
557.1639537811279,2518
558.161735534668,2510
559.1585636138916,2470
560.1563453674316,2506
561.1531734466553,2486
562.1507167816162,2490
563.148021697998,2458
564.1453266143799,2538
565.1423931121826,2574
566.1396980285645,2534
567.1372413635254,2512
568.1347846984863,2518
569.1318511962891,2546
570.12939453125,2546
571.1266994476318,2550
572.1237659454346,2522
573.1210708618164,2514
574.1183757781982,2494
575.1156806945801,2482
576.1141777038574,2546
577.1119594573975,2578
578.1080722808838,2550
579.1051387786865,2460
580.1024436950684,2506
581.0997486114502,2550
582.097053527832,2538
583.0943584442139,2542
584.0919017791748,2550
586.0869884490967,2526
586.0869884490967,2494
587.0838165283203,2490
588.0811214447021,2514
589.078426361084,2546
590.0826454162598,2512
591.0742282867432,2490
592.0708179473877,2504
593.0681228637695,2538
594.0663814544678,2512
595.0636863708496,2476
596.0609912872314,2494
598.0606079101562,2542
598.0606079101562,2520
599.0538597106934,2474
600.050687789917,2480
601.0475158691406,2514
602.0448207855225,2534
603.041410446167,2500
604.0384769439697,2514
605.0360202789307,2522
606.0349941253662,2520
608.0338954925537,2526
608.0338954925537,2542
609.0269088745117,2510
610.0225448608398,2484
611.0212802886963,2514
612.0181083679199,2546
613.0144596099854,2550
614.0117645263672,2510
615.009069442749,2526
616.00661277771,2544
617.0186996459961,2518
618.0086135864258,2500
618.9985275268555,2542
619.9958324432373,2544
620.9933757781982,2542
621.990442276001,2506
622.9877471923828,2504
623.9852905273438,2522
625.9806156158447,2540
626.9791126251221,2584
627.9771327972412,2598
627.9771327972412,2574
628.9715766906738,2538
629.9693584442139,2522
630.9664249420166,2544
631.9637298583984,2554
632.9607963562012,2462
634.955883026123,2478
635.9541416168213,2462
635.9541416168213,2538
636.951208114624,2574
638.9455795288086,2546
638.9455795288086,2494
639.9426460266113,2506
640.9399509429932,2514
642.9381370544434,2548
642.9381370544434,2542
643.9328193664551,2482
645.9276676177979,2454
645.9276676177979,2470
646.9249725341797,2502
647.9218006134033,2526
649.916410446167,2554
649.916410446167,2552
650.9199142456055,2546
651.9112586975098,2550
652.9088020324707,2578
653.9063453674316,2578
655.9009552001953,2538
655.9009552001953,2502
656.8987369537354,2522
657.8950881958008,2510
659.8906517028809,2502
659.8906517028809,2482
660.8879566192627,2546
661.8850231170654,2524
662.8823280334473,2536
663.8796329498291,2544
665.8737659454346,2548
666.8789386749268,2554
667.8688526153564,2510
667.8688526153564,2500
668.8666343688965,2478
669.8634624481201,2488
670.860767364502,2502
671.8575954437256,2482
672.8556156158447,2506
674.8504638671875,2574
675.8496761322021,2580
676.8484115600586,2574
677.842378616333,2584
678.8394451141357,2602
679.8365116119385,2572
680.8338165283203,2576
680.8338165283203,2534
682.828426361084,2518
683.8259696960449,2550
684.8225593566895,2542
685.8205795288086,2542
686.8174076080322,2542
687.814474105835,2518
688.8120174407959,2516
689.8095607757568,2526
690.8066272735596,2522
691.8039321899414,2518
692.8019523620605,2510
693.7987804412842,2490
694.7958469390869,2510
695.793628692627,2536
696.7909336090088,2510
697.7884769439697,2490
698.7850666046143,2518
699.7828483581543,2578
700.779914855957,2550
701.7772197723389,2574
702.7747631072998,2574
703.7720680236816,2534
704.7691345214844,2510
705.7678699493408,2558
706.7644596099854,2576
707.7615261077881,2538
708.759069442749,2510
709.75661277771,2578
710.7534408569336,2576
711.7505073547363,2552
712.7485275268555,2510
713.7453556060791,2520
714.7426605224609,2514
715.7402038574219,2494
716.7375087738037,2510
717.7348136901855,2494
718.7318801879883,2446
719.7291851043701,2446
720.726728439331,2480
721.7237949371338,2534
722.7210998535156,2586
723.7188816070557,2542
724.7161865234375,2522
725.7142066955566,2534
726.7110347747803,2542
727.7088165283203,2514
728.7051677703857,2546
729.7027111053467,2552
730.7000160217285,2534
731.6973209381104,2492
732.6946258544922,2488
733.691930770874,2538
734.6897125244141,2554
735.6870174407959,2582
736.6847991943359,2554
737.6816272735596,2534
738.6798858642578,2486
739.6769523620605,2476
740.6737804412842,2540
741.6708469390869,2550
742.6679134368896,2482
743.6676025390625,2422
744.6634769439697,2398
745.661735534668,2494
746.6580867767334,2586
747.6584911346436,2584
748.6550807952881,2544
749.6531009674072,2490
750.6489753723145,2522
751.6453266143799,2538
752.6421546936035,2540
753.6392211914062,2542
754.6365261077881,2514
755.6354999542236,2470
756.6325664520264,2514
757.6291561126709,2538
758.6262226104736,2506
759.6254348754883,2550
760.6220245361328,2580
761.6181373596191,2514
762.6149654388428,2518
763.6125087738037,2558
764.6095752716064,2558
765.6080722808838,2518
766.6053771972656,2506
767.601728439331,2514
768.6009407043457,2494
769.597053527832,2502
770.5936431884766,2546
771.5914249420166,2538
772.5884914398193,2548
773.5865116119385,2500
774.583101272583,2506
775.5827903747559,2514
776.5805721282959,2516
777.5759696960449,2514
778.5735130310059,2510
779.5705795288086,2578
780.5671691894531,2528
781.564474105835,2534
782.5617790222168,2502
783.5593223571777,2522
784.5563888549805,2542
785.5546474456787,2534
786.5517139434814,2512
787.5487804412842,2542
788.5739803314209,2506
789.5433902740479,2550
790.5411720275879,2516
791.5377616882324,2536
792.5379276275635,2514
793.5354709625244,2518
794.5318222045898,2538
795.5281734466553,2546
796.5269088745117,2546
797.5234985351562,2450
798.5215187072754,2458
799.5188236236572,2486
800.5166053771973,2502
801.5134334564209,2490
802.5104999542236,2482
803.5075664520264,2460
804.5048713684082,2520
805.5016994476318,2512
806.4985275268555,2474
807.5239658355713,2452
808.521032333374,2490
809.5190525054932,2522
810.4877471923828,2510
811.5131855010986,2510
812.5100135803223,2520
813.5075569152832,2538
814.5055770874023,2510
815.4749870300293,2570
816.4997100830078,2558
817.4974918365479,2570
818.4659481048584,2606
819.462776184082,2578
820.4596042633057,2598
821.4578628540039,2550
822.455644607544,2510
823.4524726867676,2544
824.4490623474121,2522
825.4480361938477,2538
826.4453411102295,2606
827.4414539337158,2598
828.4389972686768,2538
829.4360637664795,2538
830.4331302642822,2572
831.4304351806641,2598
832.427978515625,2582
833.4252834320068,2578
834.4225883483887,2570
835.4213237762451,2520
836.418628692627,2510
837.4147415161133,2590
838.4122848510742,2630
839.409351348877,2618
840.4066562652588,2558
841.4037227630615,2542
842.4012660980225,2574
843.3985710144043,2610
844.3958759307861,2640
845.3941345214844,2578
846.3923931121826,2548
847.3906517028809,2502
848.414421081543,2482
849.3843078613281,2534
850.409984588623,2532
851.3805866241455,2494
852.37717628479,2430
853.374719619751,2418
854.3715476989746,2474
855.3676605224609,2490
856.3685417175293,2494
857.3646545410156,2476
858.361005783081,2418
859.3587875366211,2426
860.3565692901611,2446
861.3529205322266,2462
862.3504638671875,2458
863.3472919464111,2454
864.3448352813721,2396
865.342378616333,2450
866.3394451141357,2474
867.3374652862549,2458
868.3345317840576,2458
869.3315982818604,2506
870.3298568725586,2510
871.3264465332031,2512
872.323751449585,2462
873.3208179473877,2458
874.3181228637695,2478
875.3139972686768,2512
876.3172626495361,2518
877.3114681243896,2542
878.3078193664551,2508
879.305362701416,2462
880.3021907806396,2492
881.2994956970215,2512
882.2968006134033,2518
883.2948207855225,2510
884.2916488647461,2490
885.2901458740234,2498
886.286735534668,2556
887.2840404510498,2518
888.2808685302734,2510
889.2786502838135,2500
890.2759552001953,2526
891.2725448608398,2526
892.2710418701172,2546
893.2676315307617,2556
894.2646980285645,2546
895.2629566192627,2542
896.2597846984863,2582
897.2575664520264,2580
898.2539176940918,2576
899.2519378662109,2570
900.2487659454346,2588
901.2463092803955,2586
902.2436141967773,2556
903.2390117645264,2538
904.2356014251709,2534
905.2333831787109,2526
906.2304496765137,2502
907.2277545928955,2474
908.2248210906982,2450
909.2226028442383,2482
910.219669342041,2494
911.2169742584229,2482
912.2145175933838,2462
913.2120609283447,2476
914.2091274261475,2502
915.2069091796875,2510
916.2132740020752,2534
917.2146320343018,2470
918.1990623474121,2444
919.1961288452148,2414
920.1931953430176,2476
921.1902618408203,2514
922.1875667572021,2514
923.1851100921631,2502
924.1821765899658,2544
925.180196762085,2552
926.1772632598877,2646
927.1748065948486,2654
928.1716346740723,2642
929.1691780090332,2634
930.1743507385254,2642
931.1637878417969,2622
932.1608543395996,2600
933.1588745117188,2546
934.1557025909424,2520
935.1541996002197,2494
936.1670017242432,2506
937.1500015258789,2514
938.1463527679443,2518
939.1438961029053,2492
940.140962600708,2552
941.1382675170898,2572
942.1360492706299,2546
943.1333541870117,2570
944.1325664520264,2542
945.1510906219482,2584
946.1255073547363,2524
947.1502304077148,2534
948.1480121612549,2520
949.1453170776367,2512
950.1423835754395,2486
951.1241912841797,2476
952.1429538726807,2442
953.1052112579346,2448
954.1313648223877,2446
955.1012516021729,2460
956.1254978179932,2446
957.1230411529541,2518
958.1198692321777,2502
959.0916633605957,2522
960.0887298583984,2556
961.1124992370605,2538
962.0816707611084,2634
963.0787372589111,2586
964.0758037567139,2614
965.073823928833,2650
966.0711288452148,2686
967.0686721801758,2662
968.0671691894531,2642
969.0628051757812,2602
970.0601100921631,2580
971.0571765899658,2590
972.0544815063477,2574
973.0517864227295,2550
974.0490913391113,2546
975.0471115112305,2524
976.0458469390869,2510
977.0433902740479,2534
978.0678749084473,2542
979.0382385253906,2514
980.034589767456,2466
981.0335636138916,2428
982.0306301116943,2478
983.0546379089355,2486
984.0526580810547,2484
985.0208759307861,2446
986.046552658081,2414
987.044095993042,2460
988.0409240722656,2462
989.0379905700684,2488
990.0355339050293,2448
991.0335540771484,2454
992.0332431793213,2446
993.0458068847656,2414
994.025707244873,2502
994.9944019317627,2514
996.0196018218994,2484
997.0166683197021,2458
998.0142116546631,2502
999.0110397338867,2534
1000.0088214874268,2524
1001.0061264038086,2536
1001.9745826721191,2510
1003.0004978179932,2492
1003.997802734375,2542
1005.9669017791748,2540
1006.9746971130371,2518
1006.9746971130371,2524
1008.1539154052734,2554
1009.678840637207,2542
1010.7009410858154,2582
1011.7001533508301,2622
1012.6981735229492,2582
1013.7226581573486,2554
1014.6903991699219,2574
1015.7160758972168,2550
1016.7160034179688,2538
1017.7111625671387,2526
1018.6808109283447,2522
1019.6776390075684,2534
1020.6742286682129,2544
1021.6715335845947,2546
1022.6695537567139,2542
1023.6687660217285,2558
1024.6636867523193,2554
1025.6609916687012,2518
1026.6578197479248,2510
1027.6551246643066,2506
1028.6521911621094,2474
1029.6494960784912,2442
1030.646562576294,2450
1031.6441059112549,2486
1032.6414108276367,2508
1033.6389541625977,2550
1034.6364974975586,2538
1035.6366634368896,2582
1036.6594791412354,2586
1037.656545639038,2582
1038.6545658111572,2552
1039.651870727539,2598
1040.6486988067627,2574
1041.619062423706,2518
1042.644739151001,2500
1043.6410903930664,2506
1044.6102619171143,2534
1045.639991760254,2502
1046.6337203979492,2478
1047.6305484771729,2470
1048.6273765563965,2446
1049.6246814727783,2430
1050.5943298339844,2442
1051.5928268432617,2418
1052.6165962219238,2426
1053.614616394043,2410
1054.5835494995117,2408
1055.609941482544,2422
1056.6067695617676,2502
1057.603359222412,2522
1058.6028099060059,2544
1059.5710277557373,2542
1060.5957508087158,2618
1061.5966320037842,2584
1062.5903606414795,2614
1063.5933876037598,2594
1064.5573139190674,2614
1065.5567646026611,2602
1066.551923751831,2550
1067.549228668213,2554
1068.547010421753,2558
1069.5431232452393,2558
1070.540189743042,2538
1071.5374946594238,2534
1072.5350379943848,2490
1073.5321044921875,2522
1074.5294094085693,2490
1075.5267143249512,2490
1076.5244960784912,2504
1077.521562576294,2506
1078.5188674926758,2462
1079.5159339904785,2486
1080.5137157440186,2558
1081.5396308898926,2558
1082.5088024139404,2570
1083.5070610046387,2544
1084.5062732696533,2582
1085.5021476745605,2558
1086.4992141723633,2578
1087.5263214111328,2546
1088.5207653045654,2542
1089.5192623138428,2538
1090.5160903930664,2532
1091.5162563323975,2506
1092.51070022583,2544
1093.4791564941406,2552
1094.4764614105225,2558
1095.4735279083252,2534
1096.4717864990234,2540
1097.4695682525635,2550
1098.4666347503662,2518
1099.4634628295898,2486
1100.4650592803955,2498
1101.4602184295654,2518
1102.4572849273682,2492
1103.454351425171,2508
1104.452133178711,2552
1105.449914932251,2574
1106.4465045928955,2572
1107.4445247650146,2598
1108.4423065185547,2552
1109.4393730163574,2570
1110.4364395141602,2502
1111.4330291748047,2502
1112.4284267425537,2450
1113.4254932403564,2458
1114.4230365753174,2424
1115.4203414916992,2502
1116.417407989502,2554
1117.4147129058838,2578
1118.4124946594238,2546
1119.4095611572266,2582
1120.4066276550293,2586
1121.4044094085693,2502
1122.4017143249512,2518
1123.399257659912,2520
1124.3960857391357,2506
1125.394344329834,2448
1126.3909339904785,2424
1127.3927688598633,2486
1128.3884048461914,2488
1129.3859481811523,2486
1130.382776260376,2526
1131.380558013916,2522
1132.3773860931396,2544
1133.3746910095215,2540
1134.3746185302734,2552
1135.371446609497,2518
1136.366367340088,2518
1137.364387512207,2534
1138.3609771728516,2518
1139.3582820892334,2538
1140.3555870056152,2528
1141.352891921997,2542
1142.3487663269043,2550
1143.3470249176025,2546
1144.343614578247,2502
1145.369529724121,2490
1146.3661193847656,2502
1147.3352909088135,2500
1148.3614444732666,2458
1149.3299007415771,2458
1150.3620147705078,2458
1151.352882385254,2430
1152.3499488830566,2422
1153.3477306365967,2534
1154.317855834961,2556
1155.3466320037842,2554
1156.3398838043213,2510
1157.3097705841064,2508
1158.3058834075928,2512
1159.332513809204,2544
1160.3291034698486,2554
1161.3264083862305,2572
1162.3237133026123,2494
1163.320779800415,2490
1164.290189743042,2484
1165.3153896331787,2542
1166.3134098052979,2570
1167.3097610473633,2490
1168.2803630828857,2486
1169.3050861358643,2494
1170.3028678894043,2522
1171.2992191314697,2510
1172.2700595855713,2550
1173.2666492462158,2514
1174.2641925811768,2506
1175.2631664276123,2488
1176.2876510620117,2538
1177.258014678955,2606
1178.281545639038,2582
1179.2809963226318,2552
1180.2761554718018,2538
1181.2739372253418,2514
1182.2707653045654,2542
1183.2683086395264,2536
1184.236764907837,2570
1185.2383613586426,2542
1186.2595081329346,2502
1187.2596740722656,2522
1188.2271766662598,2534
1189.2235279083252,2534
1190.2220249176025,2518
1191.2460327148438,2534
1192.244291305542,2508
1193.213939666748,2522
1194.211483001709,2498
1195.2383518218994,2502
1196.2330341339111,2482
1197.2298622131348,2542
1198.2276439666748,2550
1199.2247104644775,2510
1200.2220153808594,2502
1201.2197971343994,2542
1202.1896839141846,2586
1203.2139301300049,2610
1204.1857242584229,2578
1205.2090167999268,2540
1206.179141998291,2454
1207.2045803070068,2446
1208.17232131958,2480
1209.1987133026123,2510
1210.1962566375732,2478
1211.1923694610596,2450
1212.1903896331787,2478
1213.1874561309814,2526
1214.1566276550293,2524
1215.1823043823242,2546
1216.1829471588135,2542
1217.176914215088,2486
1218.8329696655273,2506
1219.8395729064941,2512
1219.8395729064941,2538
1220.867395401001,2538
1221.9393253326416,2538
1222.947120666504,2486
1223.9420413970947,2514
1224.9350547790527,2528
1225.9321212768555,2602
1226.957082748413,2594
1227.9531955718994,2622
1228.9526462554932,2598
1229.9482822418213,2518
1230.9458255767822,2490
1231.942892074585,2538
1233.9096069335938,2604
1234.9066734313965,2550
1234.9066734313965,2478
1235.905647277832,2446
1236.931562423706,2486
1238.8975620269775,2502
1238.8975620269775,2528
1239.9227619171143,2490
1240.8926486968994,2494
1241.9188022613525,2486
1243.8850402832031,2486
1244.9102401733398,2490
1245.9056377410889,2514
1246.9029426574707,2516
1247.8737831115723,2474
1248.8977909088135,2526
1249.8703002929688,2578
1250.8673667907715,2584
1251.8911361694336,2570
1252.8913021087646,2602
1253.8597583770752,2584
1254.8820972442627,2598
1255.8791637420654,2588
1256.8762302398682,2576
1257.875680923462,2588
1258.8717937469482,2582
1259.8414421081543,2526
1260.8671188354492,2538
1261.8634700775146,2506
1262.8612518310547,2486
1263.8309001922607,2488
1264.8577690124512,2484
1265.8543586730957,2456
1266.8225765228271,2414
1267.8534984588623,2420
1268.8462734222412,2422
1269.843339920044,2416
1270.838975906372,2426
1271.8398571014404,2470
1272.8359699249268,2442
1273.803472518921,2456
1274.8284339904785,2450
1275.8259773254395,2508
1276.824712753296,2526
1277.8213024139404,2526
1278.8176536560059,2478
1279.7904014587402,2508
1280.7869911193848,2538
1281.8286418914795,2556
1282.7787399291992,2510
1283.7905883789062,2578
1284.773826599121,2590
1285.8002185821533,2570
1286.7696285247803,2558
1287.7914905548096,2582
1288.7918949127197,2556
1289.7906303405762,2546
1290.7874584197998,2542
1291.7835712432861,2578
1292.7820682525635,2582
1293.7510013580322,2554
1294.7752475738525,2546
1295.7444190979004,2550
1296.7414855957031,2602
1297.7402210235596,2552
1298.7396717071533,2542
1299.7345924377441,2532
1300.7612228393555,2552
1301.7573356628418,2506
1302.7548789978027,2484
1303.7238121032715,2410
1304.7499656677246,2482
1305.7482242584229,2508
1306.7436218261719,2510
1307.7418804168701,2510
1308.748483657837,2518
1309.7069263458252,2510
1310.7337951660156,2534
1311.702013015747,2522
1312.7286434173584,2554
1313.6968612670898,2554
1314.6941661834717,2534
1315.721035003662,2506
1316.699743270874,2442
1317.7189826965332,2460
1318.7127113342285,2510
1319.7083473205566,2490
1320.7056522369385,2462
1321.7053413391113,2514
1322.7007389068604,2578
1323.669672012329,2554
1324.699878692627,2540
1325.6926536560059,2598
1326.6899585723877,2522
1327.6870250701904,2522
1328.6840915679932,2512
1329.683780670166,2558
1330.6810855865479,2580
1331.6764831542969,2514
1332.6756954193115,2466
1333.6458206176758,2512
1334.641456604004,2552
1335.639238357544,2548
1336.6632461547852,2544
1337.6624584197998,2570
1338.6576175689697,2558
1339.6553993225098,2494
1340.6541347503662,2458
1341.6216373443604,2486
1342.621088027954,2542
1343.6169624328613,2518
1344.641923904419,2488
1345.6413745880127,2478
1346.6088771820068,2510
1347.6054668426514,2506
1348.602294921875,2550
1349.599838256836,2574
1350.5971431732178,2518
1351.5946865081787,2518
1352.5917530059814,2486
1353.5902500152588,2512
1354.5868396759033,2500
1355.583906173706,2502
1356.5809726715088,2468
1357.6092720031738,2502
1358.5774898529053,2526
1359.6069812774658,2560
1360.572338104248,2542
1361.5989685058594,2574
1362.5941276550293,2522
1363.563060760498,2574
1364.5596504211426,2518
1365.5576705932617,2504
1366.584062576294,2474
1367.5806522369385,2486
1368.5493469238281,2474
1369.5461750030518,2460
1370.5432415008545,2466
1371.5405464172363,2478
1372.539758682251,2542
1373.5432624816895,2568
1374.5343685150146,2532
1375.535011291504,2538
1376.5311241149902,2546
1377.5274753570557,2542
1378.5514831542969,2552
1379.5478343963623,2580
1380.547046661377,2610
1381.542682647705,2548
1382.5404644012451,2514
1383.5203647613525,2514
1384.5078945159912,2546
1385.5061531066895,2582
1386.5025043487549,2544
1387.5014781951904,2520
1388.498067855835,2538
1389.5213603973389,2514
1390.519142150879,2510
1391.4892673492432,2518
1392.5144672393799,2558
1393.512487411499,2598
1394.507646560669,2526
1395.505666732788,2510
1396.496057510376,2598
1397.4997997283936,2556
1398.4968662261963,2520
1399.4948863983154,2482
1400.496244430542,2466
1401.463270187378,2510
1402.4887084960938,2522
1403.4574031829834,2526
1405.073642730713,2578
1405.4784774780273,2554
1406.013011932373,2536
1407.045841217041,2550
1408.1900119781494,2552
1409.219741821289,2546
1410.201072692871,2506
1411.2114906311035,2470
1412.2090339660645,2478
1413.2065773010254,2514
1414.2062664031982,2486
1415.2014255523682,2470
1416.1999225616455,2534
1417.1977043151855,2538
1418.1678295135498,2590
1419.166088104248,2606
1420.1629161834717,2588
1421.1578369140625,2552
1422.1560955047607,2554
1423.1805801391602,2480
1424.178123474121,2486
1425.1768589019775,2504
1426.1724948883057,2486
1427.142858505249,2490
1428.1585216522217,2546
1429.136037826538,2534
1430.1338195800781,2534
1431.1327934265137,2518
1432.1563243865967,2546
1433.1555366516113,2546
1434.1239929199219,2526
1435.1215362548828,2518
1436.1457824707031,2488
1437.1452331542969,2474
1438.1425380706787,2478
1439.138412475586,2490
1440.1347637176514,2510
1441.1036968231201,2548
1442.1303272247314,2526
1443.0999755859375,2540
1444.1242218017578,2542
1445.1220035552979,2602
1446.1205005645752,2542
1447.115421295166,2514
1448.1127262115479,2494
1449.084758758545,2476
1450.0808715820312,2548
1451.1055946350098,2554
1452.1028995513916,2544
1453.1006813049316,2526
1454.0996551513672,2450
1455.0940990447998,2516
1456.092357635498,2506
1457.0903778076172,2542
1458.0862522125244,2544
1459.0835571289062,2514
1460.080623626709,2514
1461.0779285430908,2514
1462.0776176452637,2570
1463.0722999572754,2534
1464.0438556671143,2534
1465.040922164917,2526
1466.0382270812988,2542
1467.0355319976807,2574
1468.034029006958,2546
1469.0303802490234,2482
1470.0276851654053,2522
1471.024751663208,2516
1472.0220565795898,2538
1473.0195999145508,2522
1474.015712738037,2558
1475.0127792358398,2552
1476.0100841522217,2550
1477.0073890686035,2522
1478.0046939849854,2542
1479.0019989013672,2558
1479.9997806549072,2514
1480.99684715271,2502
1481.9941520690918,2526
1482.9914569854736,2542
1483.9885234832764,2542
1484.9860668182373,2486
1485.9833717346191,2478
1486.980676651001,2518
1487.978219985962,2542
1488.9752864837646,2608
1489.9725914001465,2506
1490.9698963165283,2508
1491.9674396514893,2486
1492.973804473877,2518
1493.9618110656738,2576
1494.9595928192139,2534
1495.9568977355957,2506
1496.9539642333984,2480
1497.9512691497803,2512
1498.9488124847412,2558
1499.945878982544,2574
1500.9431838989258,2570
1501.9407272338867,2514
1502.9380321502686,2506
1503.9353370666504,2538
1504.9326419830322,2558
1505.929946899414,2582
1506.927251815796,2514
1507.9245567321777,2470
1509.9308490753174,2448
1510.9190940856934,2518
1510.9190940856934,2510
1511.915922164917,2544
1512.9129886627197,2546
1514.9075984954834,2538
1515.9049034118652,2534
1516.902208328247,2534
1517.899513244629,2538
1518.8968181610107,2534
1519.8941230773926,2540
1520.8914279937744,2490
1521.8889713287354,2510
1522.8862762451172,2502
1523.883581161499,2538
1524.8808860778809,2510
1525.879144668579,2514
1526.8759727478027,2514
1527.8728008270264,2520
1528.8703441619873,2522
1529.8676490783691,2540
1530.8647155761719,2538
1531.862497329712,2538
1532.8598022460938,2514
1533.8568687438965,2506
1534.8553657531738,2478
1535.8517169952393,2488
1536.849021911621,2526
1537.8460884094238,2542
1538.8438701629639,2474
1539.8566722869873,2518
1540.8387184143066,2534
1541.8367385864258,2542
1542.8338050842285,2538
1543.830394744873,2550
1544.8276996612549,2544
1545.8252429962158,2484
1546.8225479125977,2528
1547.8196144104004,2540
1548.8173961639404,2558
1549.8144626617432,2544
1550.811767578125,2538
1551.8097877502441,2514
1552.8066158294678,2522
1553.8036823272705,2522
1554.8017024993896,2574
1555.7992458343506,2510
1556.7963123321533,2544
1557.7948093414307,2514
1558.7918758392334,2450
1559.7867965698242,2470
1560.783863067627,2510
1561.7809295654297,2538
1562.7782344818115,2474
1563.7755393981934,2476
1564.7730827331543,2480
1565.770149230957,2506
1566.767692565918,2490
1567.7647590637207,2502
1568.7623023986816,2480
1569.7596073150635,2494
1570.7569122314453,2502
1571.7542171478271,2482
1572.751760482788,2502
1573.7488269805908,2546
1574.7463703155518,2542
1575.7434368133545,2506
1576.7409801483154,2526
1577.7380466461182,2574
1578.735589981079,2534
1579.732894897461,2546
1580.7301998138428,2554
1581.7272663116455,2578
1582.7248096466064,2522
1583.7221145629883,2490
1584.7196578979492,2542
1585.716962814331,2550
1586.714267730713,2574
1587.7628326416016,2538
1588.7625217437744,2514
1589.7557735443115,2510
1590.7323360443115,2506
1591.7284488677979,2490
1592.7278995513916,2494
1593.75,2478
1594.6931838989258,2480
1595.6904888153076,2490
1596.6875553131104,2468
1597.6848602294922,2502
1598.681926727295,2480
1599.6794700622559,2430
1600.6767749786377,2430
1601.6740798950195,2482
1602.6718616485596,2500
1603.6710739135742,2504
1604.668378829956,2506
1605.6652069091797,2526
1606.6625118255615,2502
1607.6598167419434,2514
1608.6575984954834,2524
1609.6551418304443,2610
1610.651969909668,2618
1611.649513244629,2610
1612.6468181610107,2584
1613.6438846588135,2558
1614.6411895751953,2586
1615.6389713287354,2606
1616.636037826538,2546
1617.6331043243408,2494
1618.6308860778809,2536
1619.628667831421,2542
1620.6254959106445,2534
1621.6225624084473,2538
1622.6201057434082,2554
1623.61741065979,2520
1624.6147155761719,2510
1625.6122589111328,2522
1626.6095638275146,2526
1627.6066303253174,2514
1628.6039352416992,2494
1629.6019554138184,2462
1630.598783493042,2508
1631.5958499908447,2508
1632.5933933258057,2526
1633.5906982421875,2488
1634.589672088623,2526
1635.5853080749512,2578
1636.582612991333,2540
1637.5796794891357,2520
1638.5769844055176,2546
1639.5747661590576,2536
1640.5701637268066,2522
1641.5674686431885,2490
1642.5647735595703,2506
1643.561840057373,2504
1644.5591449737549,2498
1645.5566883087158,2494
1646.5539932250977,2504
1647.5512981414795,2486
1648.5488414764404,2478
1649.5461463928223,2482
1650.543212890625,2512
1651.5405178070068,2510
1652.5380611419678,2458
1653.5351276397705,2484
1654.5324325561523,2486
1655.5299758911133,2534
1656.5272808074951,2514
1657.524585723877,2512
1658.5218906402588,2534
1659.5194339752197,2570
1660.5165004730225,2526
1661.5138053894043,2554
1662.5113487243652,2554
1663.508653640747,2540
1664.506196975708,2518
1665.503740310669,2574
1666.5008068084717,2570
1667.4978733062744,2518
1668.4951782226562,2470
1669.4927215576172,2486
1670.490026473999,2542
1671.4873313903809,2488
1672.4843978881836,2450
1673.4819412231445,2428
1674.4792461395264,2446
1675.4765510559082,2462
1676.4740943908691,2472
1677.471399307251,2478
1678.4684658050537,2454
1679.4657707214355,2430
1680.4633140563965,2478
1681.471347808838,2522
1682.4579238891602,2590
1683.4557056427002,2570
1684.452772140503,2486
1685.4500770568848,2538
1686.4473819732666,2534
1687.4449253082275,2558
1688.4419918060303,2522
1689.4395351409912,2518
1690.436840057373,2502
1691.4339065551758,2486
1692.4312114715576,2484
1693.4285163879395,2522
1694.4260597229004,2514
1695.4233646392822,2514
1696.4502334594727,2506
1697.446584701538,2470
1698.4434127807617,2472
1699.4428634643555,2486
1700.4382610321045,2466
1701.4086246490479,2426
1702.4328708648682,2406
1703.4308910369873,2430
1704.4274806976318,2502
1705.4293155670166,2546
1706.4228057861328,2550
1707.4198722839355,2500
1708.4174156188965,2550
1709.4149589538574,2538
1710.411548614502,2538
1711.381196975708,2518
1712.4066352844238,2536
1713.4037017822266,2538
1714.4017219543457,2526
1715.3987884521484,2482
1716.3960933685303,2548
1717.392921447754,2586
1718.395709991455,2590
1719.3880081176758,2574
1720.3850746154785,2602
1721.3830947875977,2602
1722.3799228668213,2534
1723.376750946045,2504
1724.3742942810059,2540
1725.372076034546,2558
1726.3524532318115,2490
1727.3383140563965,2450
1728.3635139465332,2482
1729.3329238891602,2544
1730.330228805542,2550
1731.3272953033447,2554
1732.3246002197266,2550
1733.3219051361084,2602
1734.3192100524902,2542
1735.316514968872,2534
1736.314058303833,2554
1737.3113632202148,2582
1738.3086681365967,2528
1739.3059730529785,2478
1740.3032779693604,2532
1741.3005828857422,2522
1742.297887802124,2500
1743.295669555664,2518
1744.2927360534668,2552
1745.2898025512695,2526
1746.2875843048096,2502
1747.2846508026123,2470
1748.2819557189941,2506
1749.279260635376,2538
1750.276803970337,2518
1751.2927055358887,2452
1752.2711753845215,2478
1753.2687187194824,2514
1754.2660236358643,2598
1755.263328552246,2570
1756.260633468628,2546
1757.2581768035889,2506
1758.2557201385498,2546
1759.2527866363525,2578
1760.2500915527344,2578
1761.2473964691162,2548
1762.244701385498,2534
1763.2420063018799,2524
1764.2393112182617,2524
1765.2366161346436,2540
1766.2339210510254,2544
1767.2314643859863,2550
1768.2287693023682,2516
1769.22607421875,2528
1770.223617553711,2546
1771.2206840515137,2574
1772.2179889678955,2498
1773.2152938842773,2538
1774.2128372192383,2578
1775.2101421356201,2610
1776.2072086334229,2520
1777.204990386963,2490
1778.2020568847656,2554
1779.1993618011475,2598
1780.1966667175293,2538
1781.1939716339111,2522
1782.191514968872,2502
1783.1885814666748,2550
1784.1858863830566,2510
1785.1834297180176,2516
1786.1807346343994,2586
1787.1780395507812,2570
1788.175344467163,2518
1789.1757488250732,2460
1790.1723384857178,2544
1791.1691665649414,2542
1792.1667098999023,2522
1793.1640148162842,2516
1794.161319732666,2510
1795.1586246490479,2454
1796.156406402588,2484
1797.1532344818115,2502
1798.1505393981934,2570
1799.1480827331543,2518
1800.1453876495361,2482
1801.142930984497,2502
1802.1397590637207,2546
1803.1370639801025,2554
1804.1346073150635,2584
1805.1462173461914,2526
1806.1294555664062,2520
1807.1441650390625,2536
1808.12406539917,2504
1809.122085571289,2508
1810.1184368133545,2506
1811.1159801483154,2520
1812.1132850646973,2504
1813.110589981079,2518
1814.10813331604,2534
1815.1037693023682,2514
1816.10107421875,2502
1817.0981407165527,2514
1818.0954456329346,2470
1819.0929889678955,2502
1820.0902938842773,2484
1821.08736038208,2514
1822.084665298462,2470
1823.0822086334229,2512
1824.0792751312256,2472
1825.0765800476074,2486
1826.0738849639893,2542
1827.0714282989502,2636
1828.068494796753,2578
1829.0657997131348,2550
1830.0633430480957,2516
1831.0606479644775,2556
1832.0579528808594,2586
1833.0552577972412,2542
1834.052562713623,2542
1835.050106048584,2492
1836.0471725463867,2526
1837.0447158813477,2522
1838.0420207977295,2536
1839.0393257141113,2480
1840.036392211914,2510
1841.033935546875,2522
1842.0312404632568,2574
1843.0287837982178,2506
1844.0260887145996,2510
1845.0231552124023,2470
1846.0204601287842,2486
1847.017765045166,2500
1848.015308380127,2502
1849.0123748779297,2526
1850.0099182128906,2480
1851.0076999664307,2524
1852.0047664642334,2538
1853.0018329620361,2582
1853.9996147155762,2574
1854.996681213379,2516
1855.9939861297607,2502
1856.9912910461426,2508
1857.9888343811035,2520
1858.9859008789062,2550
1859.983205795288,2516
1860.98051071167,2502
1861.9780540466309,2484
1862.9751205444336,2510
1863.9724254608154,2524
1864.9699687957764,2586
1866.9650554656982,2534
1866.9650554656982,2484
1867.964744567871,2478
1868.9594268798828,2542
1869.9564933776855,2502
1870.9537982940674,2506
1871.9642162322998,2522
1872.948408126831,2498
1873.945713043213,2510
1874.9430179595947,2540
1875.9405612945557,2558
1876.9378662109375,2554
1877.9351711273193,2518
1878.9327144622803,2490
1879.930019378662,2536
1880.927324295044,2528
1881.9243907928467,2570
1882.9219341278076,2536
1883.9192390441895,2522
1885.9140872955322,2526
1885.9140872955322,2514
1886.911153793335,2536
1887.9084587097168,2534
1889.9033069610596,2552
1890.9003734588623,2540
1891.8979167938232,2500
1892.913818359375,2490
1893.892526626587,2474
1894.8898315429688,2508
1895.8983421325684,2510
1896.8894481658936,2522
1897.8819847106934,2510
1898.8792896270752,2514
1899.876594543457,2530
1900.8738994598389,2520
1901.871681213379,2544
1902.8735160827637,2538
1903.8724899291992,2528
1904.8662185668945,2486
1905.860424041748,2492
1906.857967376709,2532
1907.8552722930908,2554
1908.8661670684814,2538
1909.8498821258545,2546
1910.8474254608154,2542
1911.8449687957764,2550
1912.841796875,2514
1913.839340209961,2520
1914.8366451263428,2546
1915.8339500427246,2522
1916.8312549591064,2510
1917.8285598754883,2486
1918.8258647918701,2538
1919.823169708252,2544
1920.820713043213,2538
1921.8180179595947,2512
1922.8153228759766,2542
1923.816442489624,2556
1924.8106479644775,2514
1925.816535949707,2544
1926.8062114715576,2570
1927.81400680542,2486
1928.7998676300049,2476
1929.7997951507568,2482
1930.7947158813477,2514
1931.7917823791504,2566
1932.7890872955322,2528
1933.7875843048096,2494
1934.791088104248,2506
1935.7831478118896,2524
1936.7799758911133,2490
1937.7877712249756,2522
1938.7733936309814,2534
1939.7704601287842,2540
1940.7680034637451,2510
1941.765308380127,2474
1942.7635669708252,2498
1943.7601566314697,2516
1944.7574615478516,2526
1945.7547664642334,2490
1946.7520713806152,2480
1947.749376296997,2514
1948.746919631958,2516
1949.7439861297607,2526
1950.7412910461426,2536
1951.7388343811035,2514
1952.7361392974854,2510
1953.733205795288,2482
1954.7348022460938,2510
1955.7278156280518,2558
1956.7375183105469,2598
1957.7274322509766,2498
1958.7328433990479,2542
1959.717035293579,2540
1960.7150554656982,2546
1961.71236038208,2576
1962.7094268798828,2582
1963.7067317962646,2536
1964.7040367126465,2538
1965.7015800476074,2508
1966.6988849639893,2522
1967.695951461792,2510
1968.6930179595947,2526
1969.6900844573975,2484
1970.6873893737793,2470
1971.684455871582,2512
1972.6829528808594,2476
1973.680019378662,2458
1974.6770858764648,2470
1975.689172744751,2454
1976.7065048217773,2474
1977.696180343628,2502
1978.694200515747,2506
1979.6907901763916,2482
1980.6902408599854,2510
1981.6856384277344,2540
1982.682704925537,2522
1983.6816787719727,2522
1984.6501350402832,2490
1985.6746196746826,2518
1986.644983291626,2538
1987.6420497894287,2522
1988.6393547058105,2494
1989.6366596221924,2546
1990.6339645385742,2514
1991.631269454956,2582
1992.6283359527588,2574
1993.6258792877197,2610
1994.6234226226807,2586
1995.6204891204834,2550
1996.6177940368652,2586
1997.6153373718262,2584
1998.612642288208,2524
1999.6099472045898,2488
2000.6070137023926,2474
2001.6045570373535,2458
2002.6018619537354,2482
2003.5991668701172,2462
2004.5969486236572,2502
2005.59401512146,2502
2006.5913200378418,2484
2007.5888633728027,2448
2008.5861682891846,2534
2009.5834732055664,2524
2010.5805397033691,2490
2011.57808303833,2470
2012.575387954712,2424
2013.5726928710938,2482
2014.5702362060547,2510
2015.5673027038574,2502
2016.5646076202393,2534
2017.561912536621,2502
2018.559455871582,2512
2019.5567607879639,2520
2020.5559730529785,2538
2021.5809345245361,2526
2022.582769393921,2494
2023.576259613037,2502
2024.5723724365234,2450
2025.568962097168,2500
2026.5395641326904,2502
2027.5638103485107,2494
2028.5634994506836,2486
2029.55961227417,2512
2030.5595397949219,2510
2031.55517578125,2502
2032.5515270233154,2522
2033.548355102539,2570
2034.545660018921,2550
2035.5427265167236,2514
2036.5421772003174,2520
2037.5370979309082,2574
2038.5346412658691,2526
2039.5336151123047,2522
2040.531873703003,2582
2041.5263175964355,2604
2042.527198791504,2574
2043.5211658477783,2578
2044.5208549499512,2586
2045.5162525177002,2538
2046.513557434082,2602
2047.5125312805176,2552
2048.508405685425,2538
2049.5052337646484,2524
2050.503730773926,2526
2051.4731407165527,2538
2052.499532699585,2550
2053.495168685913,2558
2054.492473602295,2560
2055.4912090301514,2512
2056.4870834350586,2556
2057.4846267700195,2574
2058.4826469421387,2610
2059.4794750213623,2578
2060.478925704956,2542
2061.474084854126,2598
2062.471628189087,2606
2063.4703636169434,2554
2064.4683837890625,2506
2065.4635429382324,2542
2066.460609436035,2526
2067.4586296081543,2486
2068.45760345459,2420
2069.4527626037598,2456
2070.4500675201416,2470
2071.449041366577,2482
2072.444438934326,2414
2073.442220687866,2420
2074.439764022827,2502
2075.4377841949463,2514
2076.4052867889404,2478
2077.43239402771,2550
2078.401565551758,2576
2079.42795753479,2516
2080.423355102539,2484
2081.421136856079,2486
2082.4177265167236,2514
2083.420515060425,2474
2084.4151973724365,2428
2085.4101181030273,2458
2086.4078998565674,2510
2087.4063968658447,2518
2088.404417037964,2502
2089.399576187134,2490
2090.3966426849365,2574
2091.3944244384766,2598
2092.393636703491,2554
2093.388795852661,2502
2094.385862350464,2546
2095.3853130340576,2578
2096.3807106018066,2546
2097.3782539367676,2486
2098.3471870422363,2602
2099.344253540039,2602
2100.372314453125,2598
2101.3526916503906,2608
2102.365255355835,2614
2103.365659713745,2606
2104.3620109558105,2576
2105.358839035034,2538
2106.355905532837,2546
2107.353448867798,2570
2108.3526611328125,2498
2109.3478202819824,2480
2110.3482246398926,2458
2111.344337463379,2506
2112.3406887054443,2494
2113.3065223693848,2508
2114.304304122925,2526
2115.3008937835693,2574
2116.2984371185303,2506
2117.295742034912,2452
2118.292808532715,2474
2119.290351867676,2542
2120.2876567840576,2518
2121.2849617004395,2426
2122.2822666168213,2468
2123.279809951782,2474
2124.276876449585,2560
2125.274181365967,2550
2126.2717247009277,2554
2127.2690296173096,2546
2128.2665729522705,2538
2129.2636394500732,2542
2130.261182785034,2542
2131.258487701416,2538
2132.255792617798,2526
2133.253335952759,2426
2134.2504024505615,2430
2135.2477073669434,2550
2136.2452507019043,2550
2137.242317199707,2526
2138.239860534668,2526
2139.23716545105,2512
2140.2344703674316,2526
2141.2317752838135,2494
2142.2290802001953,2512
2143.2266235351562,2522
2144.2275047302246,2482
2145.2248096466064,2478
2146.22163772583,2456
2147.219181060791,2490
2148.216485977173,2478
2149.2135524749756,2512
2150.2115726470947,2486
2151.2084007263184,2490
2152.2057056427,2510
2153.203010559082,2506
2154.200553894043,2470
2155.197858810425,2520
2156.1949253082275,2488
2157.1922302246094,2480
2158.1900119781494,2486
2159.186840057373,2514
2160.2137088775635,2514
2161.210298538208,2546
2162.2073650360107,2582
2163.2046699523926,2518
2164.2043590545654,2532
2165.2004718780518,2526
2166.196584701538,2520
2167.1957969665527,2502
2168.163299560547,2534
2169.189214706421,2572
2170.1860427856445,2522
2171.1838245391846,2514
2172.1832752227783,2584
2173.178195953369,2558
2174.175262451172,2548
2175.1763820648193,2540
2176.1703491210938,2514
2177.168607711792,2528
2178.1654357910156,2514
2179.1632175445557,2510
2180.1624298095703,2522
2181.1583042144775,2538
2182.1556091308594,2510
2183.1541061401367,2508
2184.149742126465,2522
2185.1470470428467,2520
2186.1443519592285,2510
2187.141180038452,2494
2188.141107559204,2468
2189.136266708374,2478
2190.103769302368,2426
2191.131830215454,2454
2192.127466201782,2460
2193.096399307251,2482
2194.122076034546,2488
2195.1191425323486,2486
2196.1188316345215,2524
2197.115182876587,2514
2198.111057281494,2486
2199.110269546509,2506
2200.106143951416,2526
2201.1032104492188,2534
2202.101707458496,2490
2203.0982971191406,2506
2204.0977478027344,2522
2206.059217453003,2520
2206.059217453003,2538
2207.0891857147217,2550
2208.0845832824707,2546
2209.0818881988525,2578
2210.0794315338135,2586
2211.0767364501953,2558
2212.076425552368,2548
2214.069366455078,2494
2214.069366455078,2482
2216.0632610321045,2526
2217.0608043670654,2540
2218.026876449585,2518
2218.026876449585,2484
2220.057249069214,2430
2221.046209335327,2472
2221.046209335327,2504
2223.0489253997803,2462
2224.0450382232666,2460
2225.0356674194336,2444
2226.039171218872,2454
2226.039171218872,2448
2228.0356884002686,2508
2229.032039642334,2502
2230.0326824188232,2500
2231.0264110565186,2472
2232.0263385772705,2510
2233.020782470703,2540
2234.0118885040283,2554
2235.015630722046,2558
2236.016273498535,2578
2236.9771003723145,2584
2237.973690032959,2570
2238.970994949341,2538
2240.0002479553223,2550
2240.9989833831787,2538
2241.9967651367188,2590
2242.9614067077637,2538
2243.957757949829,2508
2244.954824447632,2538
2245.9521293640137,2522
2246.9491958618164,2520
2247.9467391967773,2526
2248.9442825317383,2522
2249.94158744812,2494
2250.938653945923,2500
2251.936435699463,2550
2252.9335021972656,2570
2253.9305686950684,2542
2254.9283504486084,2582
2255.925416946411,2518
2256.922721862793,2542
2257.9197883605957,2570
2258.9175701141357,2582
2259.9146366119385,2550
2260.9119415283203,2594
2261.9094848632812,2542
2262.906789779663,2586
2263.903856277466,2578
2264.9011611938477,2582
2265.8987045288086,2610
2266.8960094451904,2598
2267.8935527801514,2558
2268.929958343506,2514
2269.927978515625,2510
2270.9295749664307,2536
2271.928310394287,2490
2272.9289531707764,2470
2273.911952972412,2474
2274.909019470215,2474
2275.9077548980713,2538
2276.902914047241,2490
2277.9018878936768,2526
2278.8915634155273,2526
2279.895067214966,2544
2280.8926105499268,2594
2281.890392303467,2612
2282.8540802001953,2632
2283.850908279419,2598
2284.848690032959,2558
2285.874128341675,2570
2286.8781089782715,2586
2287.8739833831787,2550
2288.865089416504,2534
2289.868116378784,2558
2290.860414505005,2642
2291.8574810028076,2666
2292.863368988037,2642
2293.8637733459473,2646
2294.8591709136963,2640
2295.8574295043945,2622
2296.8502044677734,2610
2297.8410720825195,2574
2298.8381385803223,2538
2299.838066101074,2492
2300.8408546447754,2462
2301.830530166626,2426
2302.828073501587,2422
2303.8246631622314,2390
2304.826498031616,2390
2305.8204650878906,2418
2306.8177700042725,2458
2307.814836502075,2454
2308.811902999878,2474
2309.7846508026123,2466
2310.8110427856445,2444
2311.8038177490234,2446
2312.8011226654053,2470
2313.7717247009277,2502
2314.7683143615723,2484
2315.765619277954,2522
2316.7901039123535,2510
2317.7881240844727,2542
2318.784713745117,2550
2319.786310195923,2586
2320.77956199646,2598
2321.777582168579,2594
2322.7756023406982,2510
2323.772668838501,2500
2324.769973754883,2568
2325.7663249969482,2510
2326.7664909362793,2416
2327.7621269226074,2346
2328.7317752838135,2352
2329.728364944458,2376
2330.72566986084,2356
2331.772804260254,2330
2332.759380340576,2316
2333.75883102417,2270
2334.7153663635254,2282
2335.756540298462,2358
2336.7531299591064,2392
2337.7373218536377,2406
2338.7362957000732,2430
2339.7340774536133,2450
2340.7294750213623,2482
2341.7279720306396,2526
2342.7295684814453,2550
2343.6944484710693,2536
2344.691276550293,2570
2345.7164764404297,2572
2346.717357635498,2598
2347.7110862731934,2570
2348.7062454223633,2510
2349.703550338745,2482
2350.7027626037598,2538
2351.698637008667,2478
2352.696418762207,2462
2353.6930084228516,2504
2354.6900749206543,2534
2355.6885719299316,2580
2356.684446334839,2574
2357.6531410217285,2538
2358.649969100952,2540
2359.6482276916504,2510
2360.645055770874,2550
2361.6421222686768,2598
2362.6391887664795,2620
2363.6369705200195,2574
2364.6340370178223,2510
2365.631341934204,2542
2366.628408432007,2546
2367.625951766968,2610
2368.6234951019287,2574
2369.6208000183105,2586
2370.6183433532715,2554
2371.615409851074,2554
2372.612476348877,2558
2373.610496520996,2586
2374.6073246002197,2578
2375.6048679351807,2526
2376.6019344329834,2546
2377.5999546051025,2598
2378.596782684326,2554
2379.594326019287,2580
2380.59139251709,2582
2381.5886974334717,2518
2382.5860023498535,2482
2383.5833072662354,2502
2384.5808506011963,2590
2385.578393936157,2554
2386.57546043396,2558
2387.5725269317627,2602
2388.5700702667236,2578
2389.5678520202637,2578
2390.5649185180664,2570
2391.561985015869,2602
2392.559289932251,2602
2393.556833267212,2570
2394.5541381835938,2534
2395.5514430999756,2570
2396.5487480163574,2516
2397.5462913513184,2518
2398.5435962677,2500
2399.540662765503,2570
2400.5379676818848,2580
2401.5355110168457,2576
2402.5328159332275,2550
2403.5298824310303,2554
2404.527187347412,2586
2405.524969100952,2578
2406.522035598755,2514
2407.519578933716,2486
2408.5166454315186,2450
2409.5141887664795,2450
2410.511255264282,2506
2411.777973175049,2512
2412.7824306488037,2456
2413.7821197509766,2414
2414.7884845733643,2448
2415.7872200012207,2506
2416.78524017334,2526
2417.7820682525635,2442
2418.7793731689453,2470
2419.776678085327,2470
2420.774459838867,2484
2421.772003173828,2494
2422.76930809021,2542
2423.7658977508545,2518
2424.7632026672363,2574
2425.7607460021973,2554
2426.7578125,2586
2427.755117416382,2630
2428.752899169922,2662
2429.7499656677246,2622
2430.7472705841064,2570
2431.7445755004883,2542
2432.742118835449,2570
2433.739185333252,2598
2434.736490249634,2582
2435.7337951660156,2536
2436.7318153381348,2478
2437.7286434173584,2482
2438.725709915161,2484
2439.723253250122,2524
2440.721035003662,2506
2441.7178630828857,2534
2442.7151679992676,2502
2443.7127113342285,2480
2444.7102546691895,2482
2445.7075595855713,2514
2446.704626083374,2488
2447.701930999756,2476
2448.6989974975586,2538
2449.6963024139404,2582
2450.6938457489014,2590
2451.691150665283,2586
2452.688455581665,2610
2453.685998916626,2630
2454.6830654144287,2638
2455.6806087493896,2642
2456.6776752471924,2630
2457.6754570007324,2624
2458.672285079956,2598
2459.6729278564453,2570
2460.667133331299,2630
2461.6644382476807,2558
2462.6617431640625,2486
2463.6588096618652,2482
2464.656352996826,2494
2465.653657913208,2442
2466.651201248169,2440
2467.648506164551,2388
2468.6458110809326,2378
2469.6431159973145,2406
2470.640182495117,2452
2471.637725830078,2398
2472.63503074646,2426
2473.632335662842,2458
2474.6298789978027,2386
2475.6269454956055,2394
2476.627826690674,2462
2477.621555328369,2490
2478.61909866333,2450
2479.616403579712,2398
2480.6137084960938,2418
2481.6107749938965,2470
2482.6090335845947,2482
2483.6056232452393,2490
2484.602928161621,2512
2485.600471496582,2526
2486.5975379943848,2486
2487.5948429107666,2458
2488.5923862457275,2490
2489.5896911621094,2520
2490.586757659912,2514
2491.584300994873,2486
2492.581844329834,2506
2493.5789108276367,2550
2494.5762157440186,2610
2495.5737590789795,2634
2496.570825576782,2662
2497.570276260376,2666
2498.5663890838623,2670
2499.563694000244,2614
2500.560998916626,2646
2501.5578269958496,2674
2502.5551319122314,2634
2503.5524368286133,2570
2504.549741744995,2554
2505.546808242798,2518
2506.544351577759,2482
2507.5416564941406,2458
2508.5389614105225,2432
2509.5365047454834,2406
2510.533571243286,2386
2511.530876159668,2334
2512.529134750366,2346
2513.52596282959,2362
2514.5227909088135,2430
2515.5203342437744,2406
2516.5178775787354,2364
2517.514944076538,2426
2518.51224899292,2448
2519.5095539093018,2470
2520.5070972442627,2450
2521.5044021606445,2486
2522.5014686584473,2502
2523.498773574829,2498
2524.49631690979,2506
2525.493621826172,2538
2526.4909267425537,2500
2527.4887084960938,2542
2528.4857749938965,2512
2529.482841491699,2514
2530.48038482666,2526
2531.477689743042,2590
2532.474994659424,2602
2533.4722995758057,2534
2534.4696044921875,2538
2535.4669094085693,2574
2536.464214324951,2570
2537.461757659912,2554
2538.459062576294,2578
2539.456367492676,2600
2540.4534339904785,2582
2541.4509773254395,2538
2542.4485206604004,2536
2543.445587158203,2578
2544.443130493164,2586
2545.440435409546,2540
2546.452760696411,2550
2547.4350452423096,2524
2548.4323501586914,2578
2549.4296550750732,2554
2550.426959991455,2542
2551.424503326416,2522
2552.421808242798,2550
2553.4188747406006,2570
2554.4161796569824,2570
2555.4137229919434,2542
2556.410789489746,2578
2557.408332824707,2558
2558.406114578247,2510
2559.4029426574707,2518
2560.4002475738525,2510
2561.3975524902344,2528
2562.3950958251953,2544
2563.392400741577,2570
2564.389705657959,2550
2565.387010574341,2520
2566.3843154907227,2546
2567.3816204071045,2558
2568.378686904907,2586
2569.3764686584473,2576
2570.37353515625,2576
2571.370840072632,2544
2572.368383407593,2522
2573.380470275879,2506
2574.3629932403564,2526
2575.3602981567383,2546
2576.357841491699,2518
2577.355146408081,2518
2578.352212905884,2538
2579.3497562408447,2574
2580.3470611572266,2584
2581.3443660736084,2538
2582.3416709899902,2560
2583.339214324951,2550
2584.336280822754,2546
2585.3335857391357,2534
2586.3311290740967,2570
2588.9992713928223,2544
2589.3237590789795,2482
2589.3237590789795,2476
2590.824604034424,2536
2591.3281440734863,2546
2592.8306579589844,2554
2593.82963180542,2570
2594.8269367218018,2590
2595.8242416381836,2554
2596.8215465545654,2514
2597.8188514709473,2498
2598.816156387329,2522
2599.813222885132,2550
2600.811004638672,2494
2601.8080711364746,2482
2602.8053760528564,2502
2603.8029193878174,2490
2604.800224304199,2538
2605.797290802002,2586
2606.794595718384,2550
2607.7916622161865,2542
2608.7894439697266,2514
2609.7865104675293,2534
2610.783815383911,2546
2611.781358718872,2550
2612.778663635254,2534
2613.7757301330566,2500
2614.7730350494385,2490
2615.7705783843994,2532
2616.7678833007812,2558
2617.765188217163,2546
2618.762731552124,2550
2619.760751724243,2538
2620.757579803467,2534
2621.7551231384277,2574
2622.7519512176514,2586
2623.749256134033,2536
2624.746561050415,2514
2625.744104385376,2506
2626.741409301758,2502
2627.7387142181396,2460
2628.7357807159424,2490
2629.7333240509033,2512
2630.730628967285,2490
2631.727933883667,2490
2632.725477218628,2502
2633.7227821350098,2522
2634.7203254699707,2510
2635.7171535491943,2520
2636.7146968841553,2486
2637.712001800537,2500
2638.709306716919,2526
2639.706611633301,2516
2640.7039165496826,2512
2641.7012214660645,2554
2642.6985263824463,2570
2643.695831298828,2520
2644.69313621521,2546
2645.690441131592,2574
2646.6879844665527,2568
2647.6852893829346,2546
2648.6823558807373,2576
2649.681329727173,2618
2650.6781578063965,2542
2651.675224304199,2474
2652.67276763916,2506
2653.669834136963,2554
2654.6671390533447,2526
2655.6644439697266,2458
2656.6619873046875,2450
2657.6592922210693,2490
2658.656358718872,2490
2659.654378890991,2502
2660.651206970215,2520
2661.6485118865967,2510
2662.6458168029785,2506
2663.6433601379395,2480
2664.6406650543213,2478
2665.6384468078613,2514
2666.635036468506,2534
2667.632579803467,2494
2668.630361557007,2482
2669.6271896362305,2462
2670.6247329711914,2520
2671.621799468994,2518
2672.619104385376,2542
2673.616409301758,2570
2674.6139526367188,2554
2675.6112575531006,2542
2676.6083240509033,2558
2677.6070594787598,2554
2678.6038875579834,2586
2679.6011924743652,2558
2680.598735809326,2506
2681.5950870513916,2458
2682.6202869415283,2486
2683.61759185791,2538
2684.619903564453,2538
2685.612201690674,2480
2686.6092681884766,2478
2687.5884532928467,2558
2688.6026859283447,2586
2689.601421356201,2556
2690.598487854004,2574
2691.601514816284,2574
2692.5928592681885,2546
2693.5651302337646,2518
2694.5886611938477,2534
2695.584297180176,2608
2696.5577602386475,2578
2697.554111480713,2548
2698.5514163970947,2502
2699.5487213134766,2580
2700.5460262298584,2582
2701.5604972839355,2574
2702.5439739227295,2518
2703.537702560425,2570
2704.535722732544,2554
2705.5327892303467,2502
2706.5296173095703,2474
2707.5271606445312,2470
2708.524465560913,2480
2709.522008895874,2392
2710.519552230835,2394
2711.516857147217,2456
2712.5139236450195,2478
2713.5109901428223,2494
2714.5087718963623,2482
2715.505838394165,2524
2716.502904891968,2546
2717.5004482269287,2442
2718.4977531433105,2478
2719.4950580596924,2504
2720.492362976074,2544
2721.489906311035,2528
2722.486972808838,2478
2723.4842777252197,2502
2724.4818210601807,2578
2725.4791259765625,2606
2728.168487548828,2582
2728.471040725708,2606
2728.471040725708,2598
2729.5022010803223,2606
2730.6482791900635,2550
2731.6744327545166,2570
2732.6724529266357,2526
2733.6437702178955,2478
2734.6415519714355,2398
2735.638380050659,2378
2736.663341522217,2380
2737.658977508545,2386
2738.657236099243,2354
2739.6535873413086,2358
2740.6511306762695,2406
2741.6505813598633,2382
2742.6464557647705,2412
2743.617534637451,2454
2744.6422576904297,2464
2745.6376552581787,2494
2746.6354370117188,2490
2747.6344108581543,2494
2748.6298084259033,2558
2749.629259109497,2550
2750.624418258667,2594
2751.595973968506,2526
2752.6209354400635,2578
2753.6163330078125,2572
2754.5862197875977,2618
2755.5832862854004,2546
2756.580591201782,2598
2757.577896118164,2574
2758.575677871704,2606
2759.573459625244,2576
2760.572671890259,2574
2761.5957260131836,2546
2762.5932693481445,2598
2763.5903358459473,2578
2764.587879180908,2550
2765.587329864502,2522
2766.582727432251,2506
2767.5795555114746,2480
2768.5790061950684,2526
2769.5746421813965,2546
2770.571708679199,2544
2771.5697288513184,2522
2772.566556930542,2510
2773.5657691955566,2494
2774.533271789551,2594
2775.53129196167,2538
2776.557445526123,2506
2777.553081512451,2490
2778.5513401031494,2492
2779.5486450195312,2506
2780.546188354492,2542
2781.545400619507,2550
2782.543420791626,2558
2783.543348312378,2528
2784.5370769500732,2530
2785.532236099243,2550
2786.501169204712,2594
2787.4984741210938,2614
2788.4955406188965,2538
2789.4930839538574,2514
2790.49015045166,2506
2791.487455368042,2488
2792.484760284424,2478
2793.4820652008057,2504
2794.4796085357666,2506
2795.4769134521484,2474
2796.473979949951,2494
2797.471284866333,2554
2798.468828201294,2570
2799.466371536255,2490
2800.4631996154785,2486
2801.4609813690186,2486
2802.4582862854004,2506
2803.455352783203,2486
2804.452896118164,2470
2805.450201034546,2490
2806.4475059509277,2486
2807.4445724487305,2486
2808.4418773651123,2492
2809.4394207000732,2546
2810.436725616455,2578
2811.434030532837,2578
2812.4313354492188,2558
2813.4286403656006,2582
2814.4259452819824,2528
2815.4234886169434,2500
2816.420793533325,2512
2817.418098449707,2522
2818.415403366089,2502
2819.4127082824707,2506
2820.41072845459,2474
2821.4075565338135,2534
2822.4048614501953,2534
2823.402166366577,2550
2824.39923286438,2514
2825.3965377807617,2528
2826.3940811157227,2526
2827.3913860321045,2516
2828.3886909484863,2514
2829.3862342834473,2490
2830.383539199829,2482
2831.380605697632,2510
2832.3779106140137,2502
2833.3754539489746,2518
2834.3727588653564,2576
2835.369825363159,2586
2836.3680839538574,2574
2837.364912033081,2546
2838.361978530884,2542
2839.3592834472656,2556
2840.3568267822266,2544
2841.3541316986084,2506
2842.3514366149902,2518
2843.348503112793,2544
2844.346046447754,2546
2845.3433513641357,2510
2846.3406562805176,2504
2847.3381996154785,2526
2848.3352661132812,2514
2849.332571029663,2512
2850.330114364624,2504
2851.327896118164,2518
2852.3247241973877,2508
2853.3220291137695,2486
2854.3195724487305,2506
2855.3168773651123,2518
2856.313943862915,2478
2857.311487197876,2502
2858.308792114258,2506
2859.3058586120605,2548
2860.3031635284424,2550
2861.3007068634033,2542
2862.298011779785,2474
2863.295793533325,2536
2864.292860031128,2520
2865.2901649475098,2538
2866.2877082824707,2506
2867.2847747802734,2522
2868.2820796966553,2532
2869.279146194458,2512
2870.27645111084,2502
2871.27423286438,2574
2872.2712993621826,2586
2873.2683658599854,2522
2874.2661476135254,2458
2875.263452529907,2462
2876.260757446289,2506
2877.257823944092,2532
2878.2548904418945,2548
2879.2526721954346,2510
2880.2497386932373,2502
2882.244825363159,2490
2882.244825363159,2568
2883.241891860962,2582
2884.2389583587646,2574
2885.2362632751465,2522
2886.2340450286865,2462
2887.23087310791,2546
2888.228416442871,2586
2889.225959777832,2546
2890.223264694214,2508
2891.2203311920166,2526
2892.2181129455566,2576
2893.2151794433594,2516
2894.212484359741,2536
2895.209550857544,2542
2896.207094192505,2550
2897.2043991088867,2516
2898.2019424438477,2502
2899.1994857788086,2522
2900.1965522766113,2506
2901.193618774414,2518
2902.190923690796,2502
2903.1879901885986,2490
2904.1857719421387,2520
2905.1828384399414,2502
2906.1801433563232,2522
2907.177686691284,2526
2908.174991607666,2578
2909.172296524048,2522
2910.169839859009,2550
2911.1669063568115,2538
2912.1642112731934,2522
2913.1617546081543,2510
2914.159059524536,2510
2915.156364440918,2534
2916.1536693573,2578
2917.1512126922607,2522
2918.1485176086426,2536
2919.1458225250244,2510
2920.142889022827,2524
2921.140432357788,2550
2922.137498855591,2550
2923.1348037719727,2502
2924.1323471069336,2446
2925.1296520233154,2478
2926.1269569396973,2506
2927.124261856079,2522
2928.12180519104,2486
2929.118871688843,2490
2930.1161766052246,2502
2931.1137199401855,2462
2932.1110248565674,2490
2933.108329772949,2544
2934.105396270752,2518
2935.102939605713,2480
2936.1002445220947,2450
2937.0975494384766,2486
2938.0950927734375,2542
2939.0923976898193,2548
2940.089464187622,2558
2941.086769104004,2480
2942.084312438965,2498
2943.0816173553467,2534
2944.0791606903076,2534
2945.0762271881104,2570
2946.073532104492,2546
2947.070837020874,2502
2948.068141937256,2438
2949.065685272217,2506
2950.0629901885986,2542
2951.0600566864014,2546
2952.0576000213623,2514
2953.054904937744,2540
2954.052209854126,2550
2955.049514770508,2546
2956.0470581054688,2570
2957.0441246032715,2514
2958.0414295196533,2486
2959.0389728546143,2506
2960.036516189575,2526
2961.033582687378,2526
2962.0308876037598,2514
2963.0284309387207,2536
2964.0254974365234,2546
2965.0228023529053,2528
2966.020345687866,2550
2967.017650604248,2546
2968.01495552063,2546
2969.0122604370117,2550
2970.0098037719727,2548
2971.0068702697754,2502
2972.004175186157,2506
2973.0019569396973,2534
2973.9990234375,2514
2974.9972820281982,2542
2975.994825363159,2572
2976.991891860962,2602
2977.9884815216064,2558
2978.9857864379883,2534
2979.98309135437,2550
2980.980396270752,2550
2981.977701187134,2494
2982.9750061035156,2486
2983.9723110198975,2486
2984.9696159362793,2504
2985.966920852661,2512
2986.964225769043,2510
2987.961530685425,2538
2988.9588356018066,2552
2989.9563789367676,2544
2990.9536838531494,2488
2992.948293685913,2494
2992.948293685913,2542
2993.945598602295,2546
2994.9429035186768,2494
2995.9402084350586,2476
2996.9375133514404,2534
2997.9350566864014,2526
2998.932123184204,2514
2999.929428100586,2538
3000.926971435547,2552
3002.9215812683105,2574
3003.9188861846924,2526
3003.9188861846924,2538
3005.9309005737305,2538
3006.911516189575,2526
3007.908344268799,2512
3008.9056491851807,2490
3009.90891456604,2502
3010.9002590179443,2506
3011.897563934326,2526
3012.894868850708,2506
3013.89217376709,2482
3014.889717102051,2506
3015.8915519714355,2518
3016.8840885162354,2510
3017.892599105835,2506
3018.878936767578,2514
3019.87624168396,2514
3020.8773612976074,2482
3021.871328353882,2522
3022.8683948516846,2512
3023.8656997680664,2550
3024.862766265869,2534
3025.860548019409,2532
3026.857614517212,2520
3027.8549194335938,2574
3028.8524627685547,2534
3029.8497676849365,2518
3030.8470726013184,2526
3031.8443775177,2578
3032.841920852661,2538
3033.838987350464,2492
3034.8360538482666,2538
3035.8400344848633,2554
3036.832332611084,2546
3037.8353595733643,2480
3038.839340209961,2502
3039.823055267334,2492
3040.820360183716,2538
3041.8176651000977,2518
3042.8149700164795,2526
3043.8122749328613,2514
3044.809579849243,2528
3045.806884765625,2478
3046.804428100586,2512
3047.801733016968,2520
3048.7990379333496,2570
3049.7965812683105,2506
3050.7938861846924,2510
3051.8062114715576,2574
3052.788257598877,2554
3053.785800933838,2522
3054.7828674316406,2522
3055.7804107666016,2548
3056.7779541015625,2510
3057.7750205993652,2514
3058.772325515747,2512
3059.769630432129,2554
3060.7669353485107,2550
3061.7644786834717,2522
3062.7617835998535,2486
3063.7590885162354,2502
3064.756393432617,2514
3065.753698348999,2574
3066.7507648468018,2510
3067.7521228790283,2506
3068.7599182128906,2490
3069.7429180145264,2474
3070.758819580078,2490
3071.7544555664062,2538
3072.7527141571045,2542
3073.7392902374268,2556
3074.7296810150146,2578
3075.7269859313965,2518
3076.7242908477783,2550
3077.7218341827393,2508
3078.719139099121,2558
3079.716444015503,2506
3080.7135105133057,2540
3081.7110538482666,2510
3082.7083587646484,2522
3083.706855773926,2518
3084.7034454345703,2574
3085.700750350952,2552
3086.698055267334,2534
3087.695360183716,2490
3088.693141937256,2490
3089.6904468536377,2556
3090.6872749328613,2578
3091.684579849243,2502
3092.681646347046,2454
3093.6789512634277,2482
3094.6760177612305,2478
3095.6737995147705,2490
3096.6708660125732,2522
3097.668170928955,2522
3098.665952682495,2518
3099.663019180298,2546
3100.6603240966797,2506
3101.6576290130615,2510
3102.6549339294434,2506
3103.6524772644043,2522
3104.649543762207,2546
3105.647087097168,2506
3106.64439201355,2490
3107.6416969299316,2522
3108.6387634277344,2480
3109.6365451812744,2490
3110.633611679077,2578
3111.630916595459,2548
3112.628221511841,2522
3113.626003265381,2506
3114.6228313446045,2518
3115.6201362609863,2524
3116.6176795959473,2490
3117.614984512329,2494
3118.612289428711,2500
3119.609832763672,2522
3120.6068992614746,2554
3121.6042041778564,2558
3122.6015090942383,2526
3123.599052429199,2522
3124.596357345581,2514
3125.593423843384,2538
3126.5909671783447,2546
3127.5882720947266,2526
3128.5855770111084,2542
3129.5838356018066,2510
3130.581855773926,2514
3131.5786838531494,2510
3132.575511932373,2548
3133.573532104492,2572
3134.570360183716,2574
3135.568618774414,2546
3136.5652084350586,2550
3137.5622749328613,2524
3138.559341430664,2554
3139.556646347046,2526
3140.5539512634277,2534
3141.5512561798096,2544
3142.5483226776123,2492
3143.5461044311523,2510
3144.543170928955,2582
3145.540714263916,2614
3146.5377807617188,2542
3147.5350856781006,2510
3148.5323905944824,2518
3149.5296955108643,2534
3150.527000427246,2538
3151.524543762207,2550
3152.521848678589,2550
3153.5189151763916,2558
3154.5164585113525,2526
3155.5137634277344,2520
3156.511068344116,2550
3157.508611679077,2556
3158.505916595459,2550
3159.5029830932617,2502
3160.5007648468018,2522
3161.4978313446045,2532
3162.4951362609863,2518
3163.492441177368,2502
3164.489984512329,2542
3165.487051010132,2526
3166.4843559265137,2524
3167.4816608428955,2522
3168.4792041778564,2576
3169.4765090942383,2598
3170.47381401062,2576
3171.470880508423,2518
3172.468423843384,2494
3173.4657287597656,2482
3174.4627952575684,2538
3175.4605770111084,2510
3176.4578819274902,2488
3177.454948425293,2482
3178.452253341675,2534
3179.4495582580566,2526
3180.4468631744385,2514
3181.4441680908203,2534
3182.4417114257812,2482
3183.439016342163,2520
3184.436321258545,2510
3185.4333877563477,2518
3186.4309310913086,2488
3187.4282360076904,2482
3188.4255409240723,2490
3189.423084259033,2526
3190.420389175415,2518
3191.418170928955,2514
3192.4147605895996,2546
3193.4123039245605,2574
3194.4093704223633,2574
3195.406913757324,2602
3196.404218673706,2554
3197.401523590088,2486
3198.3988285064697,2488
3199.3961334228516,2544
3200.3936767578125,2510
3201.4026641845703,2512
3202.388048171997,2494
3203.385591506958,2522
3204.38289642334,2534
3205.3802013397217,2486
3206.3772678375244,2540
3207.3750495910645,2526
3208.372116088867,2522
3209.369421005249,2506
3210.36696434021,2502
3211.3640308380127,2508
3212.3613357543945,2498
3213.3588790893555,2486
3214.3561840057373,2482
3215.353488922119,2518
3216.350793838501,2514
3217.348098754883,2538
3218.3454036712646,2546
3219.3429470062256,2544
3220.3402519226074,2542
3221.3375568389893,2552
3222.336769104004,2574
3223.3333587646484,2546
3224.330425262451,2526
3225.327491760254,2522
3226.3386249542236,2526
3227.3223400115967,2518
3228.3194065093994,2506
3229.3169498443604,2542
3230.314016342163,2508
3231.311559677124,2490
3232.308864593506,2506
3233.3059310913086,2508
3234.3034744262695,2534
3235.3007793426514,2514
3236.2983226776123,2504
3237.295389175415,2506
3238.292455673218,2518
3239.2897605895996,2514
3240.2868270874023,2486
3241.284132003784,2528
3242.281675338745,2576
3243.278980255127,2584
3244.2760467529297,2506
3245.2738285064697,2554
3246.2708950042725,2554
3247.2681999206543,2554
3248.265266418457,2534
3249.263048171997,2538
3250.2601146698,2554
3251.271963119507,2574
3252.2549629211426,2522
3253.253698348999,2524
3254.2502880096436,2570
3255.2475929260254,2556
3256.244897842407,2470
3257.242202758789,2480
3258.23974609375,2486
3259.237289428711,2514
3260.2341175079346,2514
3261.2314224243164,2526
3262.2289657592773,2500
3263.22603225708,2514
3264.223337173462,2504
3265.221118927002,2522
3266.2177085876465,2558
3267.214775085449,2550
3268.21231842041,2536
3269.209623336792,2512
3270.206928253174,2524
3271.2039947509766,2512
3272.2012996673584,2514
3273.1988430023193,2550
3274.196147918701,2580
3275.193452835083,2598
3276.190757751465,2522
3277.188301086426,2542
3278.1853675842285,2540
3279.1829109191895,2572
3280.1802158355713,2514
3281.177520751953,2510
3282.174825668335,2538
3283.172130584717,2520
3284.170150756836,2480
3285.1669788360596,2478
3286.1640453338623,2490
3287.1615886688232,2504
3288.158893585205,2508
3289.156198501587,2518
3290.1532649993896,2570
3291.1508083343506,2560
3292.1481132507324,2576
3293.1454181671143,2522
3294.142961502075,2524
3295.140027999878,2470
3296.1373329162598,2512
3297.1346378326416,2514
3298.1321811676025,2550
3299.130916595459,2526
3300.1277446746826,2514
3301.1248111724854,2478
3302.1223545074463,2552
3303.119659423828,2552
3304.11696434021,2554
3305.1140308380127,2544
3306.1113357543945,2506
3307.1086406707764,2514
3308.1064224243164,2510
3309.1037273406982,2538
3310.100793838501,2490
3311.098337173462,2466
3312.0956420898438,2518
3313.0929470062256,2510
3314.0900135040283,2518
3315.0877952575684,2536
3316.084384918213,2538
3317.081928253174,2534
3318.086624145508,2458
3319.0762996673584,2534
3320.073366165161,2544
3321.070671081543,2482
3322.068214416504,2480
3323.0655193328857,2506
3324.0628242492676,2512
3325.0601291656494,2546
3326.0574340820312,2570
3327.054977416992,2536
3328.052043914795,2534
3329.049587249756,2570
3330.0468921661377,2576
3331.0444355010986,2550
3332.0412635803223,2542
3333.038806915283,2504
3334.036111831665,2524
3335.033416748047,2522
3336.030960083008,2542
3337.0282649993896,2518
3338.0253314971924,2512
3339.0228748321533,2534
3340.020179748535,2542
3341.017484664917,2486
3343.0123329162598,2516
3343.0123329162598,2526
3344.0093994140625,2522
3346.0049629211426,2542
3346.0049629211426,2514
3347.001791000366,2570
3347.998857498169,2522
3348.996162414551,2548
3349.9934673309326,2524
3350.9907722473145,2590
3351.9880771636963,2494
3352.985382080078,2598
3353.98268699646,2474
3354.979991912842,2552
3355.9772968292236,2486
3356.9748401641846,2600
3357.9721450805664,2502
3359.9672317504883,2554
3360.9650135040283,2520
3360.9650135040283,2546
3362.959861755371,2570
3362.959861755371,2576
3363.9566898345947,2582
3364.9542331695557,2516
3365.9510612487793,2474
3367.946147918701,2506
3367.946147918701,2518
3369.9405193328857,2570
3369.9405193328857,2514
3371.9353675842285,2524
3372.9326725006104,2526
3372.9326725006104,2522
3374.927043914795,2574
3374.927043914795,2554
3376.9218921661377,2548
3377.9189586639404,2522
3378.9165019989014,2460
3379.913568496704,2506
3380.910873413086,2518
3381.908416748047,2546
3382.9054832458496,2550
3383.9027881622314,2600
3384.9003314971924,2538
3385.897636413574,2546
3386.894941329956,2534
3387.892007827759,2538
3388.889789581299,2558
3389.8868560791016,2546
3390.8841609954834,2490
3391.8817043304443,2506
3391.8817043304443,2480
3393.8770294189453,2526
3395.808458328247,2526
3395.808458328247,2554
3396.812677383423,2488
3397.8114128112793,2540
3398.8170623779297,2544
3399.815797805786,2550
3400.813102722168,2506
3401.81040763855,2510
3402.8079509735107,2494
3403.8050174713135,2482
3404.8025608062744,2520
3405.7998657226562,2550
3406.797170639038,2544
3407.8073501586914,2522
3408.792495727539,2536
3409.7900390625,2538
3410.7871055603027,2548
3411.7841720581055,2574
3412.7814769744873,2602
3413.778781890869,2556
3414.775848388672,2514
3415.773391723633,2482
3416.7706966400146,2482
3417.7677631378174,2538
3418.7653064727783,2554
3419.76261138916,2534
3420.759916305542,2526
3421.757221221924,2498
3422.755002975464,2546
3423.7520694732666,2510
3424.7491359710693,2518
3425.7466793060303,2510
3426.743984222412,2510
3427.741289138794,2518
3428.7383556365967,2454
3429.7358989715576,2488
3430.7332038879395,2550
3431.7305088043213,2554
3432.728052139282,2542
3433.725357055664,2480
3434.722423553467,2542
3435.7197284698486,2586
3436.7172718048096,2550
3437.7143383026123,2546
3438.7118816375732,2522
3439.709186553955,2492
3440.706491470337,2474
3441.7035579681396,2512
3442.7011013031006,2598
3443.6984062194824,2582
3444.6957111358643,2518
3445.693016052246,2490
3446.690559387207,2542
3447.6876258850098,2550
3448.6849308013916,2538
3449.6822357177734,2480
3450.6797790527344,2482
3451.677083969116,2474
3452.674388885498,2486
3453.671455383301,2518
3454.669237136841,2546
3455.6663036346436,2506
3456.6636085510254,2546
3457.6611518859863,2526
3458.658456802368,2558
3459.665060043335,2526
3460.6528282165527,2538
3461.6503715515137,2516
3462.6476764678955,2526
3463.6447429656982,2516
3464.642286300659,2510
3465.639591217041,2526
3466.636896133423,2550
3467.6342010498047,2534
3468.6317443847656,2556
3469.6290493011475,2504
3470.6265926361084,2504
3471.623659133911,2504
3472.620964050293,2516
3473.6180305480957,2534
3474.6153354644775,2514
3475.6131172180176,2510
3476.6101837158203,2470
3477.607488632202,2478
3478.605031967163,2490
3479.602098464966,2554
3480.5996417999268,2550
3481.5967082977295,2550
3482.5942516326904,2544
3483.5915565490723,2502
3484.5898151397705,2526
3485.586404800415,2538
3486.583709716797,2552
3487.5807762145996,2506
3488.5780811309814,2542
3489.5756244659424,2494
3490.572929382324,2554
3491.570234298706,2558
3492.567777633667,2570
3493.5648441314697,2526
3494.5621490478516,2514
3495.5594539642334,2522
3496.5569972991943,2528
3497.554302215576,2538
3498.551607131958,2526
3499.54891204834,2526
3500.546455383301,2548
3501.5435218811035,2506
3502.5408267974854,2538
3503.538131713867,2550
3504.535675048828,2546
3505.532741546631,2520
3506.530284881592,2522
3507.528066635132,2542
3508.5248947143555,2550
3509.521961212158,2534
3510.5197429656982,2510
3511.516809463501,2534
3512.514114379883,2554
3513.5116577148438,2544
3514.5089626312256,2502
3515.5060291290283,2522
3516.516923904419,2542
3517.5015926361084,2538
3518.4991359710693,2542
3519.496440887451,2550
3520.493507385254,2514
3521.4905738830566,2554
3522.4878787994385,2546
3523.4854221343994,2546
3524.4827270507812,2506
3525.480031967163,2510
3526.478052139282,2538
3527.4746417999268,2590
3528.472423553467,2574
3529.4694900512695,2522
3530.4667949676514,2498
3531.4648151397705,2524
3532.4618816375732,2546
3533.459186553955,2534
3534.4560146331787,2518
3535.4537963867188,2534
3536.4506244659424,2518
3537.4486446380615,2486
3538.4459495544434,2534
3539.443016052246,2526
3540.4398441314697,2502
3541.4373874664307,2492
3542.4351692199707,2510
3543.4324741363525,2584
3544.4295406341553,2542
3545.427083969116,2514
3547.4298000335693,2542
3547.4298000335693,2542
3548.4185218811035,2538
3549.424171447754,2502
3550.4231452941895,2504
3550.9257316589355,2526
3552.922248840332,2602
3553.9193153381348,2598
3553.9193153381348,2550
3554.9163818359375,2548
3555.9139251708984,2542
3557.908296585083,2538
3558.905839920044,2518
3558.905839920044,2522
3560.9004497528076,2510
3561.899423599243,2466
3561.899423599243,2518
3563.8928413391113,2554
3564.889907836914,2514
3565.887451171875,2506
3566.9305324554443,2544
3567.882299423218,2534
3568.8788890838623,2480
3569.8764324188232,2518
3570.873737335205,2516
3571.871042251587,2506
3572.8683471679688,2500
3573.8656520843506,2454
3574.8629570007324,2502
3575.8602619171143,2536
3576.857805252075,2582
3577.855348587036,2544
3578.852415084839,2554
3579.8499584198,2578
3580.8470249176025,2538
3581.8443298339844,2494
3582.841634750366,2532
3583.839178085327,2510
3584.836483001709,2470
3585.841178894043,2454
3586.8380069732666,2494
3587.8283977508545,2528
3588.8259410858154,2518
3589.823007583618,2502
3590.820550918579,2504
3591.817855834961,2512
3592.8187370300293,2526
3593.8429832458496,2510
3594.838857650757,2478
3595.843553543091,2482
3596.8403816223145,2474
3597.832679748535,2502
3598.8378524780273,2494
3599.825382232666,2550
3600.827932357788,2526
3601.8197536468506,2576
3602.825164794922,2554
3603.7864685058594,2574
3604.783296585083,2534
3605.780601501465,2570
3606.7779064178467,2546
3607.778787612915,2534
3608.7756156921387,2502
3609.7729206085205,2516
3610.769510269165,2512
3611.766815185547,2494
3612.764358520508,2572
3613.7614250183105,2558
3614.7589683532715,2470
3615.756034851074,2472
3616.753578186035,2510
3617.750644683838,2538
3618.7479496002197,2478
3619.7457313537598,2490
3620.7427978515625,2510
3621.7398643493652,2486
3622.7376461029053,2554
3623.7332820892334,2518
3624.730348587036,2546
3625.7565021514893,2568
3626.753091812134,2550
3627.7525424957275,2542
3628.749132156372,2546
3629.7452449798584,2526
3630.743980407715,2542
3631.7408084869385,2522
3632.737159729004,2558
3633.734703063965,2556
3634.732246398926,2538
3635.7314586639404,2554
3636.7263793945312,2594
3637.7241611480713,2558
3638.7228965759277,2522
3639.7242546081543,2480
3640.7158374786377,2454
3641.7136192321777,2504
3642.711639404297,2508
3643.710136413574,2538
3644.705057144165,2510
3645.702838897705,2490
3646.7018127441406,2510
3647.698163986206,2536
3648.6940383911133,2554
3649.6922969818115,2598
3650.660991668701,2566
3651.657819747925,2518
3652.655601501465,2546
3653.6526679992676,2514
3654.6499729156494,2502
3655.647039413452,2502
3656.644582748413,2550
3657.641887664795,2554
3658.6391925811768,2550
3659.6367359161377,2526
3660.6340408325195,2546
3661.6313457489014,2552
3662.628412246704,2578
3663.625955581665,2520
3664.623498916626,2508
3665.6205654144287,2482
3666.6181087493896,2480
3667.6154136657715,2490
3668.612480163574,2474
3669.609785079956,2466
3670.607328414917,2490
3671.604633331299,2490
3672.6019382476807,2578
3673.5994815826416,2586
3674.5965480804443,2534
3675.593852996826,2576
3676.591157913208,2538
3677.588701248169,2506
3678.586006164551,2506
3679.5830726623535,2518
3680.5803775787354,2522
3681.5779209136963,2524
3682.575225830078,2494
3683.57253074646,2550
3684.570074081421,2506
3685.570478439331,2572
3686.567544937134,2578
3687.5643730163574,2546
3688.5619163513184,2522
3689.5592212677,2516
3690.556526184082,2492
3691.5535926818848,2512
3692.551374435425,2514
3693.5484409332275,2450
3694.5457458496094,2426
3695.5432891845703,2506
3696.540355682373,2570
3697.537660598755,2558
3698.5349655151367,2544
3699.5327472686768,2556
3700.5300521850586,2590
3701.5540599823,2522
3702.554225921631,2538
3703.55486869812,2502
3704.5469284057617,2488
3705.5437564849854,2458
3706.5420150756836,2474
3707.540512084961,2518
3708.53590965271,2574
3709.533214569092,2488
3710.536003112793,2522
3711.498498916626,2574
3712.5251293182373,2608
3713.5229110717773,2490
3714.51997756958,2494
3715.519428253174,2488
3716.4878845214844,2514
3717.485189437866,2514
3718.48201751709,2514
3719.4793224334717,2506
3720.4768657684326,2502
3721.4741706848145,2514
3722.4717140197754,2534
3723.4692573547363,2538
3724.466323852539,2542
3725.463628768921,2518
3726.461172103882,2510
3727.4584770202637,2506
3728.455066680908,2528
3729.4528484344482,2494
3730.449914932251,2510
3731.476068496704,2510
3732.4719429016113,2538
3733.468770980835,2538
3734.4677448272705,2540
3735.4633808135986,2534
3736.4609241485596,2510
3737.457752227783,2486
3738.4560108184814,2542
3739.454746246338,2526
3740.450382232666,2546
3741.4498329162598,2506
3742.4464225769043,2518
3743.443012237549,2514
3744.4448471069336,2512
3745.4373836517334,2598
3746.4349269866943,2554
3747.433662414551,2510
3748.429298400879,2486
3749.427080154419,2482
3750.4255771636963,2524
3751.3930797576904,2502
3752.423048019409,2508
3753.416061401367,2534
3754.41312789917,2574
3755.4125785827637,2570
3756.408214569092,2518
3757.4050426483154,2570
3758.40425491333,2574
3759.4003677368164,2544
3760.3697776794434,2522
3761.3940238952637,2508
3762.392282485962,2542
3763.39054107666,2542
3764.3861770629883,2542
3765.3839588165283,2546
3766.3824558258057,2574
3767.378330230713,2590
3768.34774017334,2586
3769.3724632263184,2604
3770.3697681427,2600
3771.369457244873,2558
3772.364854812622,2522
3773.362159729004,2514
3774.3611335754395,2520
3775.360107421875,2474
3776.327133178711,2490
3777.355194091797,2526
3777.355194091797,2538
3779.320240020752,2538
3780.343770980835,2506
3781.453847885132,2550
3782.4835777282715,2546
3783.4808826446533,2548
3784.478187561035,2526
3785.475730895996,2490
3786.473274230957,2482
3787.4701023101807,2476
3788.468837738037,2494
3789.4649505615234,2510
3790.462017059326,2522
3791.459560394287,2522
3792.4606800079346,2538
3793.4248447418213,2582
3794.422388076782,2582
3795.4485416412354,2550
3796.445608139038,2574
3797.443628311157,2534
3798.443555831909,2522
3799.4377613067627,2494
3800.4350662231445,2488
3801.4049530029297,2518
3802.4308681488037,2514
3803.427219390869,2506
3804.424524307251,2476
3805.422306060791,2540
3806.4193725585938,2538
3807.4207305908203,2554
3808.4139823913574,2540
3809.385061264038,2482
3810.4093074798584,2490
3811.405658721924,2494
3812.4046325683594,2534
3813.400983810425,2582
3814.3985271453857,2490
3815.3951168060303,2460
3816.3931369781494,2510
3817.389965057373,2570
3818.359851837158,2554
3819.385528564453,2602
3820.383071899414,2582
3821.3796615600586,2546
3822.377920150757,2568
3823.3749866485596,2542
3824.373483657837,2510
3825.3707885742188,2510
3826.3392448425293,2558
3827.364921569824,2552
3828.362226486206,2538
3829.362630844116,2514
3830.3563594818115,2502
3831.355333328247,2506
3832.352876663208,2538
3833.350658416748,2486
3834.348678588867,2486
3835.345983505249,2500
3836.3420963287354,2518
3837.3401165008545,2514
3838.3376598358154,2542
3839.3375873565674,2574
3840.3007984161377,2522
3841.297388076782,2504
3842.294692993164,2558
3843.3265686035156,2570
3844.3236351013184,2526
3845.3211784362793,2522
3846.318483352661,2486
3847.315549850464,2478
3848.313331604004,2454
3849.3106365203857,2514
3850.3081798553467,2574
3851.2814044952393,2556
3852.3025512695312,2488
3853.299856185913,2476
3854.296922683716,2470
3855.28826713562,2502
3856.285333633423,2522
3857.282876968384,2490
3858.2873344421387,2460
3859.283447265625,2422
3860.280752182007,2478
3861.278295516968,2494
3862.2753620147705,2550
3863.2726669311523,2542
3864.2704486846924,2516
3865.267276763916,2550
3866.2657737731934,2600
3867.262363433838,2578
3868.264675140381,2520
3869.2574501037598,2526
3870.2540397644043,2522
3871.222734451294,2518
3872.2176551818848,2546
3873.2149600982666,2526
3874.2125034332275,2534
3875.2098083496094,2582
3876.2075901031494,2570
3877.2058486938477,2572
3878.201723098755,2576
3879.1990280151367,2510
3880.1963329315186,2546
3881.1933994293213,2526
3882.190704345703,2482
3883.188009262085,2510
3884.185552597046,2486
3885.183572769165,2490
3886.2054347991943,2490
3888.176202774048,2534
3889.174699783325,2548
3890.1710510253906,2534
3891.1683559417725,2546
3891.1683559417725,2574
3894.7675228118896,2578
3894.7675228118896,2544
3895.188331604004,2570
3895.7278728485107,2546
3896.7747688293457,2552
3897.9077339172363,2578
3898.9460468292236,2578
3899.9345302581787,2614
3900.932550430298,2602
3901.901960372925,2610
3902.8983116149902,2560
3903.895616531372,2576
3904.9253463745117,2610
3905.926465988159,2590
3906.888008117676,2590
3907.8845977783203,2548
3908.8821411132812,2490
3909.879446029663,2514
3910.876750946045,2520
3911.8738174438477,2512
3912.8715991973877,2480
3913.8686656951904,2484
3914.8659706115723,2506
3915.863275527954,2554
3916.860580444336,2496
3917.858362197876,2522
3918.855667114258,2510
3919.8527336120605,2502
3920.8500385284424,2462
3921.847105026245,2542
3922.844886779785,2538
3923.841953277588,2504
3924.8392581939697,2458
3925.8368015289307,2510
3926.8341064453125,2518
3927.8314113616943,2486
3928.828477859497,2474
3929.826021194458,2522
3930.823564529419,2504
3931.820869445801,2478
3932.818651199341,2486
3933.81667137146,2522
3934.8158836364746,2514
3935.844659805298,2522
3936.842203140259,2542
3937.8395080566406,2554
3938.839912414551,2540
3939.833879470825,2518
3940.831422805786,2568
3941.833257675171,2534
3942.826271057129,2526
3943.824529647827,2512
3944.8208808898926,2518
3945.812463760376,2546
3946.8183517456055,2570
3947.8137493133545,2548
3948.810338973999,2544
3949.8071670532227,2570
3950.8056640625,2522
3951.80344581604,2542
3952.800750732422,2546
3953.798294067383,2526
3954.7979831695557,2526
3955.7931423187256,2494
3956.78973197937,2486
3957.787036895752,2538
3958.784818649292,2550
3959.749460220337,2572
3960.7791900634766,2552
3961.7764949798584,2604
3962.775945663452,2586
3963.738203048706,2602
3964.769124984741,2584
3965.730667114258,2552
3966.7305946350098,2514
3967.7603244781494,2490
3968.7576293945312,2476
3969.7558879852295,2538
3970.7465171813965,2518
3971.7423915863037,2540
3972.740888595581,2552
3973.747968673706,2512
3974.7352600097656,2506
3975.7332801818848,2518
3976.736307144165,2576
3977.7302742004395,2514
3978.733539581299,2458
3979.7229766845703,2444
3980.726480484009,2542
3981.7216396331787,2482
3982.720375061035,2508
3983.7167263031006,2546
3984.68017578125,2574
3985.6808185577393,2554
3986.711263656616,2602
3987.705707550049,2608
3988.703489303589,2606
3989.7053241729736,2518
3990.6983375549316,2550
3991.6951656341553,2540
3992.6929473876953,2550
3993.690013885498,2546
3994.6532249450684,2542
3995.650291442871,2502
3996.647596359253,2554
3997.6446628570557,2526
3998.6419677734375,2514
3999.6397495269775,2586
4000.6368160247803,2578
4001.633882522583,2536
4002.631425857544,2510
4003.628730773926,2524
4004.6257972717285,2482
4005.6231021881104,2484
4006.6206455230713,2500
4007.617950439453,2558
4008.615493774414,2534
4009.617805480957,2558
4010.6146335601807,2506
4011.6119384765625,2522
4012.6092433929443,2534
4013.606309890747,2556
4014.60337638855,2510
4015.601396560669,2534
4016.5982246398926,2552
4017.5955295562744,2510
4018.5928344726562,2506
4019.590377807617,2554
4020.588159561157,2570
4021.5847492218018,2510
4022.5820541381836,2474
4023.5795974731445,2482
4024.5769023895264,2508
4025.604724884033,2514
4026.5703201293945,2488
4027.599334716797,2484
4028.6011695861816,2490
4029.5934677124023,2424
4030.592203140259,2482
4031.5887928009033,2536
4032.585859298706,2554
4033.583402633667,2502
4034.583330154419,2478
4035.54368019104,2504
4036.54146194458,2538
4037.5723838806152,2510
4038.5701656341553,2470
4039.567232131958,2546
4040.5657291412354,2558
4041.5279865264893,2538
4042.525053024292,2534
4043.5221195220947,2576
4044.5194244384766,2598
4045.5167293548584,2550
4046.513795852661,2524
4047.511100769043,2524
4048.508882522583,2486
4049.506187438965,2510
4050.5032539367676,2510
4051.5007972717285,2516
4052.4981021881104,2502
4053.495407104492,2448
4054.492473602295,2490
4055.4897785186768,2578
4056.488037109375,2542
4057.4846267700195,2538
4058.4824085235596,2518
4059.4797134399414,2520
4060.476541519165,2516
4061.474084854126,2520
4062.4711513519287,2580
4063.4686946868896,2574
4064.4659996032715,2578
4065.463066101074,2576
4066.460609436035,2582
4067.457914352417,2582
4068.455457687378,2554
4069.4527626037598,2594
4070.4498291015625,2614
4071.453332901001,2550
4072.449207305908,2484
4073.44651222229,2516
4074.443817138672,2514
4075.441360473633,2510
4076.4379501342773,2512
4077.4354934692383,2516
4078.4332752227783,2478
4079.430341720581,2478
4080.427408218384,2520
4081.4247131347656,2546
4082.4227333068848,2514
4083.4197998046875,2502
4084.416627883911,2486
4085.414171218872,2510
4086.411714553833,2550
4087.4099731445312,2518
4088.4063243865967,2502
4089.405298233032,2494
4090.4009342193604,2544
4091.398000717163,2550
4092.395305633545,2546
4093.392848968506,2556
4094.3901538848877,2556
4095.3876972198486,2542
4096.384763717651,2518
4097.382068634033,2542
4098.379611968994,2512
4099.376678466797,2502
4100.373983383179,2474
4101.371765136719,2502
4102.368593215942,2522
4103.368043899536,2498
4104.363679885864,2510
4105.360984802246,2518
4106.358051300049,2554
4107.355833053589,2546
4108.3526611328125,2502
4109.3504428863525,2520
4110.346078872681,2498
4111.3433837890625,2502
4112.340927124023,2488
4113.337993621826,2478
4114.335298538208,2522
4115.332841873169,2552
4116.330146789551,2538
4117.327690124512,2558
4118.3226108551025,2558
4119.319200515747,2572
4120.316743850708,2532
4121.31667137146,2514
4122.3132610321045,2546
4123.311519622803,2546
4124.308109283447,2534
4125.305414199829,2522
4126.30295753479,2522
4127.300024032593,2518
4128.296852111816,2558
4129.294157028198,2608
4130.291223526001,2600
4131.288766860962,2558
4132.286071777344,2546
4133.284330368042,2554
4134.2809200286865,2520
4135.278224945068,2526
4136.275291442871,2548
4137.272357940674,2492
4138.267993927002,2514
4139.265060424805,2534
4140.262603759766,2550
4141.2599086761475,2546
4142.257213592529,2542
4143.254518508911,2538
4144.251823425293,2542
4145.249128341675,2502
4146.246910095215,2510
4147.2437381744385,2516
4148.24104309082,2558
4149.238586425781,2520
4150.235891342163,2482
4151.257753372192,2498
4152.230262756348,2614
4153.2275676727295,2606
4154.22511100769,2570
4155.222177505493,2538
4156.219720840454,2550
4157.217264175415,2540
4158.214330673218,2538
4159.2116355896,2542
4160.208940505981,2538
4161.206245422363,2494
4162.204027175903,2498
4163.201093673706,2526
4164.198398590088,2522
4165.19570350647,2542
4166.193008422852,2510
4167.190074920654,2536
4168.187856674194,2490
4169.184923171997,2478
4170.182228088379,2446
4171.17977142334,2506
4172.176837921143,2534
4173.1743812561035,2542
4174.171686172485,2494
4175.168991088867,2522
4176.166296005249,2544
4177.163600921631,2568
4178.161144256592,2556
4179.158449172974,2546
4180.1557540893555,2536
4181.152820587158,2526
4182.150363922119,2526
4183.147668838501,2486
4184.144973754883,2486
4185.142040252686,2498
4186.1395835876465,2486
4187.136888504028,2494
4188.13419342041,2536
4189.131736755371,2518
4190.129041671753,2506
4191.126108169556,2490
4192.123651504517,2502
4193.120956420898,2466
4194.11826133728,2470
4195.116281509399,2486
4196.113348007202,2474
4197.138547897339,2510
4198.139190673828,2514
4199.1331577301025,2514
4200.130462646484,2506
4201.127529144287,2584
4202.128171920776,2622
4203.122615814209,2598
4204.119682312012,2554
4205.116987228394,2526
4206.114292144775,2576
4207.111597061157,2546
4208.109617233276,2572
4209.106922149658,2558
4211.074113845825,2542
4212.07070350647,2546
4212.07070350647,2574
4213.096618652344,2574
4214.093446731567,2550
4215.09051322937,2578
4216.087341308594,2542
4217.085123062134,2546
4218.070268630981,2522
4219.052076339722,2518
4220.0493812561035,2514
4221.046209335327,2510
4222.043752670288,2546
4223.040819168091,2510
4224.038362503052,2480
4225.035667419434,2536
4226.032972335815,2596
4227.030515670776,2542
4228.027582168579,2546
4229.02512550354,2488
4230.022192001343,2510
4231.019735336304,2522
4232.017040252686,2538
4233.014106750488,2502
4235.008955001831,2526
4236.006498336792,2526
4236.006498336792,2514
4238.001346588135,2524
4238.998651504517,2532
4239.995718002319,2522
4239.995718002319,2486
4241.990804672241,2494
4241.990804672241,2510
4243.985176086426,2518
4244.982719421387,2506
4244.982719421387,2506
4246.977090835571,2514
4247.974634170532,2550
4248.971939086914,2518
4248.971939086914,2586
4250.966310501099,2614
4250.966310501099,2594
4252.961158752441,2554
4252.961158752441,2554
4254.955768585205,2556
4255.953311920166,2582
4255.953311920166,2554
4256.978988647461,2606
4257.979869842529,2590
4258.974313735962,2642
4259.944438934326,2574
4260.941505432129,2594
4261.965990066528,2570
4262.967348098755,2590
4263.960599899292,2578
4264.957666397095,2524
4265.959978103638,2486
4266.952753067017,2480
4267.94171333313,2518
4268.951654434204,2500
4269.944429397583,2518
4270.942211151123,2502
4271.939277648926,2490
4272.9363441467285,2488
4273.936033248901,2526
4274.93143081665,2526
4275.928497314453,2526
4276.925325393677,2466
4277.923822402954,2454
4278.920650482178,2468
4279.91795539856,2514
4280.9154987335205,2526
4281.914710998535,2514
4282.909631729126,2490
4283.906936645508,2506
4284.90424156189,2520
4286.900281906128,2586
4287.896394729614,2598
4287.896394729614,2514
4289.967775344849,2504
4289.967775344849,2482
4290.967702865601,2514
4292.962074279785,2540
4292.962074279785,2534
4294.956922531128,2514
4295.953989028931,2538
4296.951770782471,2526
4296.951770782471,2578
4298.946142196655,2578
4299.943447113037,2582
4299.943447113037,2526
4301.93829536438,2518
4302.93869972229,2520
4303.935289382935,2508
4304.932594299316,2498
4305.929660797119,2506
4306.926965713501,2510
4307.924509048462,2542
4308.922052383423,2540
4309.919118881226,2494
4310.916423797607,2526
4311.913728713989,2506
4312.911033630371,2540
4313.908576965332,2520
4314.905405044556,2502
4315.901041030884,2512
4316.8981075286865,2478
4317.8956508636475,2506
4317.8956508636475,2544
4319.890022277832,2526
4320.887327194214,2570
4321.884870529175,2554
4322.882175445557,2526
4323.8794803619385,2526
4324.87678527832,2570
4325.874090194702,2518
4326.871395111084,2502
4327.868700027466,2490
4328.866243362427,2542
4329.863548278809,2540
4330.860614776611,2554
4331.858158111572,2594
4332.855463027954,2578
4333.853006362915,2558
4334.850072860718,2534
4335.8473777771,2612
4336.844682693481,2608
4337.841987609863,2554
4338.839769363403,2502
4339.836835861206,2506
4340.834140777588,2582
4341.83144569397,2558
4342.828750610352,2514
4343.826055526733,2542
4344.823360443115,2610
4345.820903778076,2582
4346.818208694458,2556
4347.81551361084,2560
4348.841667175293,2574
4349.841594696045,2526
4350.836515426636,2522
4351.834058761597,2582
4352.834939956665,2582
4353.82866859436,2548
4354.826211929321,2550
4355.8244705200195,2560
4356.820821762085,2586
4357.820272445679,2540
4358.819007873535,2556
4359.812498092651,2548
4360.81337928772,2558
4361.807346343994,2574
4362.804412841797,2510
4363.801717758179,2554
4364.7706508636475,2554
4365.694999694824,2546
4366.752147674561,2582
4367.698669433594,2620
4368.704795837402,2598
4369.703769683838,2614
4370.701313018799,2586
4371.698379516602,2556
4372.695684432983,2552
4373.692989349365,2550
4374.690532684326,2550
4375.687837600708,2518
4376.68514251709,2490
4377.682685852051,2534
4378.6797523498535,2546
4379.680395126343,2546
4380.676746368408,2492
4381.67405128479,2510
4382.671356201172,2550
4383.668661117554,2534
4384.666204452515,2488
4385.663986206055,2510
4386.660814285278,2502
4387.657880783081,2456
4388.655424118042,2502
4389.652967453003,2526
4390.650033950806,2526
4391.645669937134,2518
4392.642498016357,2526
4393.639802932739,2574
4394.6373462677,2550
4395.634651184082,2490
4396.631717681885,2500
4397.629022598267,2482
4398.626327514648,2502
4399.623870849609,2454
4400.621175765991,2420
4401.618480682373,2502
4402.616024017334,2526
4403.613090515137,2518
4404.610395431519,2506
4405.608177185059,2490
4406.605243682861,2518
4407.602310180664,2518
4408.599615097046,2506
4409.597158432007,2490
4410.595417022705,2502
4411.592960357666,2474
4412.589311599731,2424
4413.586616516113,2494
4414.583921432495,2524
4415.580987930298,2506
4416.578531265259,2526
4417.5755977630615,2550
4418.573379516602,2542
4419.570684432983,2580
4420.567750930786,2550
4421.565294265747,2534
4422.562599182129,2538
4423.559904098511,2508
4424.557209014893,2486
4425.589084625244,2502
4426.578998565674,2518
4427.578687667847,2556
4428.574323654175,2494
4429.571866989136,2474
4430.572271347046,2510
4431.565999984741,2490
4432.564258575439,2506
4433.561086654663,2470
4434.558153152466,2444
4435.558080673218,2426
4436.5527629852295,2458
4437.55030632019,2498
4438.550710678101,2484
4439.544439315796,2492
4440.544605255127,2538
4441.539525985718,2526
4442.5365924835205,2578
4443.536281585693,2580
4444.531679153442,2556
4445.528984069824,2534
4446.5296268463135,2578
4447.52311706543,2556
4448.521137237549,2584
4449.5179653167725,2602
4450.515508651733,2634
4451.514720916748,2640
4452.510595321655,2606
4453.507661819458,2604
4454.508066177368,2550
4455.474853515625,2542
4456.472158432007,2586
4457.498788833618,2580
4458.468914031982,2546
4459.467172622681,2476
4460.470199584961,2478
4461.467027664185,2526
4462.45813369751,2546
4463.475942611694,2570
4464.479923248291,2524
4465.476274490356,2522
4466.473340988159,2520
4467.471361160278,2512
4468.467712402344,2514
4469.465970993042,2494
4470.463514328003,2502
4471.459865570068,2474
4472.456693649292,2486
4473.453998565674,2526
4474.451303482056,2614
4475.451469421387,2578
4476.418733596802,2584
4477.442979812622,2610
4478.443622589111,2604
4479.437589645386,2558
4480.435132980347,2582
4481.432199478149,2574
4482.429504394531,2538
4483.429431915283,2486
4484.42530632019,2514
4485.394477844238,2544
4486.422300338745,2546
4487.4162673950195,2554
4488.41404914856,2522
4489.413499832153,2518
4490.412950515747,2508
4491.408348083496,2514
4492.403030395508,2470
4493.400573730469,2478
4494.401454925537,2506
4495.395183563232,2486
4496.392488479614,2474
4497.389793395996,2448
4498.387336730957,2486
4499.388217926025,2502
4500.3814697265625,2520
4501.35350227356,2534
4502.350568771362,2482
4503.346681594849,2490
4504.343748092651,2486
4505.341053009033,2520
4506.338119506836,2522
4507.335901260376,2550
4508.332967758179,2482
4509.330272674561,2462
4510.327577590942,2514
4511.324882507324,2578
4512.322187423706,2586
4513.319492340088,2514
4514.317274093628,2486
4515.314340591431,2514
4516.3116455078125,2500
4517.308712005615,2466
4518.306255340576,2492
4519.303560256958,2512
4520.30086517334,2490
4521.298170089722,2494
4522.2954750061035,2510
4523.292779922485,2514
4524.290084838867,2534
4525.287628173828,2510
4526.285171508789,2454
4527.281999588013,2524
4528.279781341553,2538
4529.2768478393555,2538
4530.274152755737,2526
4531.271934509277,2528
4532.26900100708,2542
4533.266067504883,2490
4534.263372421265,2510
4535.267353057861,2550
4536.258220672607,2578
4537.2560024261475,2546
4538.252830505371,2512
4539.250373840332,2510
4540.247678756714,2502
4541.244745254517,2538
4542.2422885894775,2518
4543.239593505859,2518
4544.23713684082,2534
4545.234203338623,2512
4546.231746673584,2526
4547.228813171387,2554
4548.226118087769,2538
4549.2236614227295,2534
4550.220966339111,2518
4551.218509674072,2506
4552.215576171875,2518
4553.212881088257,2526
4554.210186004639,2526
4555.2074909210205,2538
4556.205034255981,2534
4557.202100753784,2554
4558.199644088745,2574
4559.226989746094,2538
4560.1983070373535,2586
4561.192035675049,2600
4562.189340591431,2586
4563.186407089233,2510
4564.183712005615,2484
4565.181255340576,2510
4566.178798675537,2516
4567.175626754761,2540
4568.173170089722,2518
4569.1704750061035,2526
4570.167779922485,2558
4571.165084838867,2558
4572.162628173828,2576
4573.160171508789,2614
4574.157238006592,2588
4575.1543045043945,2578
4576.151609420776,2522
4577.149152755737,2578
4578.146696090698,2570
4579.143762588501,2506
4580.141305923462,2466
4581.138372421265,2504
4582.1356773376465,2502
4583.132982254028,2526
4584.130525588989,2522
4585.127830505371,2586
4586.125135421753,2586
4587.122678756714,2586
4588.119983673096,2550
4589.1172885894775,2590
4590.11435508728,2576
4591.111898422241,2542
4592.109203338623,2542
4593.106508255005,2550
4594.104051589966,2596
4595.101118087769,2576
4596.09842300415,2594
4597.095727920532,2598
4598.093271255493,2614
4599.090576171875,2586
4600.087642669678,2574
4601.085186004639,2586
4602.0824909210205,2602
4603.079557418823,2570
4604.077100753784,2518
4605.074405670166,2474
4606.071710586548,2490
4607.06901550293,2476
4608.066082000732,2458
4609.066963195801,2462
4610.063791275024,2482
4611.060857772827,2458
4612.05792427063,2482
4613.055467605591,2474
4614.052295684814,2460
4615.049600601196,2514
4616.046905517578,2534
4617.044448852539,2532
4618.041753768921,2510
4619.037389755249,2478
4620.034456253052,2458
4621.0315227508545,2450
4622.0293045043945,2368
4624.027252197266,2326
4624.027252197266,2286
4625.023126602173,2378
4626.018762588501,2396
4627.015590667725,2418
4628.013134002686,2458
4629.010200500488,2478
4631.005048751831,2474
4632.002115249634,2538
4632.002115249634,2578
4633.9967250823975,2594
4634.994029998779,2586
4635.991334915161,2542
4636.988878250122,2582
4637.986183166504,2550
4637.986183166504,2570
4638.983726501465,2542
4640.009641647339,2608
4641.006708145142,2636
4642.003774642944,2602
4642.974853515625,2576
4643.998384475708,2558
4644.995450973511,2594
4645.993709564209,2594
4646.990537643433,2494
4647.987842559814,2502
4648.984909057617,2538
4649.98197555542,2526
4650.979518890381,2522
4651.977300643921,2520
4652.974367141724,2514
4654.944181442261,2510
4655.940532684326,2534
4656.937122344971,2580
4657.9344272613525,2574
4658.93030166626,2518
4658.93030166626,2502
4659.927606582642,2482
4660.924911499023,2506
4662.919521331787,2502
4663.916826248169,2494
4664.915561676025,2476
4665.911436080933,2494
4666.910409927368,2510
4667.906284332275,2510
4668.903589248657,2498
4669.900894165039,2550
4670.906066894531,2546
4671.895503997803,2550
4672.892808914185,2492
4673.890113830566,2474
4674.887657165527,2502
4675.885200500488,2518
4676.882028579712,2490
4677.879810333252,2486
4678.876876831055,2506
4679.8741817474365,2502
4680.898666381836,2506
4681.899547576904,2502
4682.898044586182,2526
4683.894872665405,2522
4684.889078140259,2476
4685.887575149536,2462
4685.887575149536,2538
4686.882972717285,2534
4688.878536224365,2486
4689.847707748413,2486
4690.845012664795,2494
4691.842079162598,2542
4692.839622497559,2540
4693.836688995361,2546
4694.833993911743,2574
4695.831775665283,2580
4696.828842163086,2542
4697.826147079468,2542
4698.82345199585,2558
4699.820756912231,2574
4700.847387313843,2586
4701.846361160278,2540
4702.840805053711,2534
4703.838348388672,2608
4704.835414886475,2590
4705.832242965698,2558
4706.832408905029,2582
4707.8282833099365,2586
4708.824396133423,2558
4709.825277328491,2542
4710.819244384766,2574
4711.8165493011475,2612
4712.8143310546875,2598
4713.81139755249,2534
4714.811563491821,2574
4715.805530548096,2640
4716.804981231689,2590
4717.803955078125,2570
4718.797922134399,2546
4719.794988632202,2586
4720.792531967163,2572
4721.789836883545,2550
4722.789764404297,2558
4723.784923553467,2614
4724.78175163269,2602
4725.78239440918,2542
4726.776599884033,2586
4727.773666381836,2610
4728.771448135376,2582
4729.768514633179,2574
4730.769395828247,2554
4731.7657470703125,2554
4732.735157012939,2506
4733.744382858276,2474
4734.729766845703,2518
4735.727310180664,2542
4736.724376678467,2526
4737.7214431762695,2534
4738.71922492981,2526
4739.7167682647705,2534
4740.713834762573,2508
4741.711139678955,2538
4742.708683013916,2604
4743.70551109314,2602
4744.7028160095215,2534
4745.7275390625,2514
4746.726989746094,2514
4747.722625732422,2534
4748.721122741699,2538
4749.7193813323975,2558
4750.7147789001465,2602
4751.710414886475,2610
4752.680063247681,2558
4753.676891326904,2574
4754.674673080444,2546
4755.671739578247,2546
4756.66880607605,2522
4757.666110992432,2520
4758.663654327393,2500
4759.660959243774,2450
4760.658502578735,2504
4761.655807495117,2502
4762.653112411499,2486
4763.650178909302,2502
4764.647722244263,2512
4765.6450271606445,2516
4766.642332077026,2532
4767.639636993408,2546
4768.637180328369,2534
4769.634485244751,2480
4770.631551742554,2470
4771.628856658936,2470
4772.6263999938965,2486
4773.623704910278,2546
4774.62100982666,2510
4775.618076324463,2482
4776.615619659424,2546
4777.613162994385,2546
4778.610944747925,2550
4779.6080112457275,2570
4780.60507774353,2582
4781.602144241333,2552
4782.599925994873,2502
4783.596992492676,2462
4784.594297409058,2518
4785.591602325439,2550
4786.5891456604,2510
4787.586450576782,2506
4788.583517074585,2470
4789.580821990967,2512
4790.578365325928,2514
4791.57567024231,2542
4792.5732135772705,2598
4793.570518493652,2540
4794.568061828613,2512
4795.565128326416,2472
4796.562671661377,2506
4797.55973815918,2510
4798.5570430755615,2510
4799.554109573364,2524
4800.551652908325,2538
4801.548957824707,2516
4802.546501159668,2522
4803.54380607605,2544
4804.541110992432,2570
4805.5384159088135,2504
4806.535482406616,2514
4807.533025741577,2514
4808.530330657959,2542
4810.313940048218,2558
4810.313940048218,2538
4811.318635940552,2514
4812.82114982605,2506
4813.323974609375,2492
4814.322710037231,2532
4815.320253372192,2520
4816.317558288574,2510
4817.314863204956,2522
4818.312168121338,2470
4819.30947303772,2492
4820.306777954102,2522
4821.303844451904,2522
4822.301387786865,2490
4823.298692703247,2520
4824.296236038208,2506
4825.293779373169,2518
4826.294898986816,2490
4827.2881507873535,2518
4828.285694122314,2506
4829.282760620117,2512
4830.280303955078,2526
4831.277370452881,2558
4832.274675369263,2482
4833.2719802856445,2504
4834.269285202026,2538
4835.266351699829,2578
4836.264133453369,2550
4837.261438369751,2550
4838.258504867554,2548
4839.256048202515,2520
4840.2533531188965,2538
4841.250658035278,2512
4842.247724533081,2502
4843.245267868042,2506
4844.242572784424,2490
4845.239877700806,2508
4846.2371826171875,2528
4847.234487533569,2548
4848.231792449951,2578
4849.229097366333,2514
4850.226640701294,2552
4851.236343383789,2578
4852.2210121154785,2544
4853.218793869019,2522
4854.215860366821,2506
4855.213403701782,2534
4856.210470199585,2534
4857.208013534546,2514
4858.205080032349,2574
4859.2023849487305,2586
4860.199928283691,2602
4861.197233200073,2594
4862.194538116455,2602
4863.191843032837,2638
4864.189386367798,2612
4865.186452865601,2590
4866.183757781982,2534
4867.181301116943,2546
4868.178606033325,2544
4869.175910949707,2550
4870.17297744751,2490
4871.17075920105,2526
4872.176170349121,2574
4873.165130615234,2550
4874.162673950195,2538
4875.159978866577,2510
4876.15704536438,2498
4877.154588699341,2490
4878.151893615723,2486
4879.1491985321045,2482
4880.146503448486,2480
4881.144046783447,2494
4882.14111328125,2478
4883.138418197632,2500
4884.135723114014,2542
4885.133266448975,2522
4886.130571365356,2508
4887.127876281738,2496
4888.125419616699,2582
4889.122724533081,2578
4890.119791030884,2494
4891.117095947266,2470
4892.114639282227,2490
4893.111705780029,2514
4894.109010696411,2522
4895.106554031372,2494
4896.103858947754,2486
4897.101163864136,2478
4898.098468780518,2510
4899.0960121154785,2506
4900.093078613281,2546
4901.090621948242,2558
4902.088165283203,2490
4903.085231781006,2486
4904.082536697388,2518
4905.0798416137695,2538
4906.077146530151,2538
4907.074451446533,2518
4908.071756362915,2510
4909.069299697876,2546
4910.066604614258,2518
4911.06390953064,2536
4912.060976028442,2518
4913.058757781982,2558
4914.055824279785,2552
4915.053129196167,2534
4916.050672531128,2536
4917.048215866089,2576
4918.046236038208,2576
4919.043302536011,2596
4920.040130615234,2578
4921.037197113037,2542
4922.034502029419,2538
4923.03204536438,2534
4924.029111862183,2514
4925.026416778564,2524
4926.023721694946,2506
4927.021265029907,2490
4928.018569946289,2506
4930.013418197632,2520
4930.013418197632,2556
4932.011604309082,2570
4932.011604309082,2538
4933.006048202515,2538
4934.003829956055,2554
4934.999942779541,2522
4936.994791030884,2534
4937.9918575286865,2534
4938.9894008636475,2514
4939.98646736145,2488
4940.984010696411,2546
4941.981315612793,2554
4942.978620529175,2572
4943.975925445557,2576
4944.9732303619385,2584
4945.97053527832,2596
4945.97053527832,2558
4946.968555450439,2546
4948.962688446045,2506
4948.962688446045,2524
4950.957536697388,2556
4951.95460319519,2518
4951.95460319519,2490
4952.951908111572,2518
4954.946756362915,2522
4955.944061279297,2558
4956.941366195679,2586
4957.938671112061,2560
4958.935976028442,2534
4959.933280944824,2506
4960.930585861206,2516
4961.928367614746,2574
4962.925434112549,2520
4963.922500610352,2422
4964.925289154053,2474
4965.917110443115,2534
4966.914653778076,2544
4967.926740646362,2512
4968.90926361084,2542
4969.923734664917,2570
4970.90482711792,2572
4971.905946731567,2550
4972.909927368164,2538
4973.895788192749,2552
4974.904537200928,2570
4975.90446472168,2528
4976.888179779053,2542
4977.904319763184,2570
4978.882551193237,2542
4979.879856109619,2494
4980.877161026001,2488
4981.874465942383,2534
4982.871770858765,2518
4983.8690757751465,2506
4984.866380691528,2536
4985.863924026489,2506
4986.861228942871,2490
4987.858533859253,2468
4988.855838775635,2478
4989.853382110596,2506
4990.850448608398,2542
4991.84775352478,2550
4992.848634719849,2538
4993.844032287598,2546
4994.84395980835,2526
4995.844841003418,2570
4996.835708618164,2526
4997.832536697388,2520
4998.830080032349,2544
4999.8273849487305,2554
5000.830411911011,2514
5001.828670501709,2486
5002.819299697876,2554
5003.816604614258,2536
5004.817247390747,2514
5005.824327468872,2544
5006.808757781982,2542
5007.806062698364,2462
5008.806467056274,2458
5009.800910949707,2494
5010.79797744751,2522
5011.7950439453125,2482
5012.792348861694,2510
5013.789892196655,2470
5014.787197113037,2534
5015.784025192261,2554
5016.781568527222,2534
5017.7788734436035,2534
5018.776178359985,2522
5019.773483276367,2586
5020.770788192749,2598
5021.768093109131,2554
5022.765398025513,2586
5023.763179779053,2542
5024.760007858276,2536
5025.757312774658,2536
5026.75461769104,2578
5027.752161026001,2590
5028.749465942383,2574
5029.746770858765,2558
5030.743837356567,2512
5031.741380691528,2534
5032.73868560791,2514
5033.735990524292,2542
5034.733533859253,2488
5035.730600357056,2442
5036.7279052734375,2442
5037.7256870269775,2490
5038.722991943359,2518
5039.720296859741,2550
5040.717363357544,2512
5041.714906692505,2502
5042.711973190308,2510
5043.709516525269,2582
5044.706583023071,2536
5045.704126358032,2540
5046.701192855835,2542
5047.698736190796,2486
5048.696041107178,2486
5049.69334602356,2538
5050.690650939941,2608
5051.688194274902,2536
5052.685499191284,2522
5053.682565689087,2526
5054.680109024048,2542
5055.677175521851,2546
5056.6747188568115,2536
5057.671785354614,2522
5058.669090270996,2514
5059.666633605957,2482
5060.663938522339,2478
5061.661005020142,2482
5062.6585483551025,2510
5063.6560916900635,2538
5064.653158187866,2542
5065.650463104248,2538
5066.648006439209,2570
5067.645072937012,2570
5068.642377853394,2524
5069.6399211883545,2546
5070.637464523315,2556
5071.634531021118,2538
5072.6318359375,2506
5073.629140853882,2536
5074.626445770264,2554
5075.6237506866455,2574
5076.621294021606,2552
5077.618598937988,2536
5078.61590385437,2542
5079.612970352173,2518
5080.610513687134,2540
5081.607818603516,2534
5082.6051235198975,2494
5083.602666854858,2516
5084.59997177124,2494
5085.5982303619385,2490
5086.595058441162,2486
5087.592363357544,2506
5088.589906692505,2526
5089.587450027466,2574
5090.584278106689,2570
5091.58182144165,2542
5092.578887939453,2514
5093.576669692993,2542
5094.573497772217,2540
5095.570802688599,2556
5096.56834602356,2574
5097.565650939941,2510
5098.563194274902,2542
5099.560499191284,2544
5100.558042526245,2582
5101.555824279785,2586
5102.55241394043,2538
5103.550434112549,2486
5104.5472621917725,2522
5105.544567108154,2542
5106.5428256988525,2570
5107.539653778076,2502
5108.537197113037,2502
5109.53426361084,2522
5110.531568527222,2506
5111.528635025024,2506
5112.525939941406,2570
5113.523244857788,2586
5114.52054977417,2574
5115.517854690552,2514
5116.515874862671,2474
5117.513179779053,2486
5118.510484695435,2516
5119.507551193237,2538
5120.504856109619,2534
5121.501922607422,2582
5122.499465942383,2534
5123.496532440186,2518
5124.4940757751465,2526
5125.491380691528,2538
5126.4894008636475,2542
5127.485990524292,2490
5128.484010696411,2504
5129.480838775635,2522
5130.4779052734375,2550
5131.475448608398,2526
5132.473945617676,2552
5133.47053527832,2556
5134.468078613281,2550
5135.465145111084,2548
5136.4641189575195,2558
5137.460947036743,2586
5138.458251953125,2574
5139.456033706665,2536
5140.452861785889,2516
5141.4501667022705,2486
5142.447710037231,2510
5143.444776535034,2498
5144.442319869995,2536
5145.439624786377,2518
5146.43669128418,2522
5147.43447303772,2526
5148.43225479126,2538
5149.429082870483,2552
5150.426149368286,2520
5151.423692703247,2514
5152.42075920105,2474
5153.418302536011,2460
5154.415845870972,2486
5155.412912368774,2510
5156.410217285156,2514
5157.407522201538,2518
5158.40482711792,2546
5159.402370452881,2596
5160.399675369263,2586
5161.3969802856445,2586
5162.3945236206055,2560
5163.390159606934,2570
5164.417743682861,2490
5165.415048599243,2486
5166.410207748413,2524
5167.407512664795,2528
5168.407678604126,2484
5169.402360916138,2478
5170.39942741394,2502
5171.39744758606,2520
5172.394275665283,2508
5173.394680023193,2518
5174.392938613892,2520
5175.38595199585,2494
5176.38635635376,2502
5177.381992340088,2474
5178.378105163574,2520
5179.375410079956,2506
5180.372953414917,2518
5181.373119354248,2498
5182.367324829102,2522
5183.3655834198,2570
5184.33403968811,2608
5185.331106185913,2598
5186.328411102295,2602
5187.325477600098,2542
5188.3227825164795,2522
5189.320087432861,2544
5190.317392349243,2576
5191.314458847046,2574
5192.312240600586,2538
5193.309307098389,2510
5194.30685043335,2518
5195.304155349731,2518
5196.301460266113,2538
5197.298765182495,2522
5198.295831680298,2474
5199.293613433838,2470
5200.290679931641,2474
5201.2879848480225,2512
5202.285528182983,2536
5203.282833099365,2510
5204.279899597168,2526
5205.277681350708,2510
5206.274747848511,2506
5207.272052764893,2554
5208.269357681274,2550
5209.266901016235,2550
5210.264444351196,2542
5211.26127243042,2510
5212.258815765381,2502
5213.256120681763,2508
5214.2534255981445,2558
5215.250492095947,2546
5216.248035430908,2546
5217.24534034729,2534
5218.242645263672,2550
5219.240188598633,2534
5220.237493515015,2510
5221.2347984313965,2492
5222.231864929199,2510
5223.229646682739,2502
5224.226713180542,2450
5225.227117538452,2420
5226.223707199097,2508
5227.221488952637,2494
5228.21831703186,2514
5229.215860366821,2530
5230.212926864624,2574
5231.210231781006,2594
5232.207775115967,2550
5233.2048416137695,2554
5234.202146530151,2554
5235.199689865112,2548
5236.196756362915,2546
5237.194061279297,2510
5238.191604614258,2510
5239.18890953064,2542
5240.18669128418,2522
5241.183519363403,2584
5242.181062698364,2578
5243.178367614746,2570
5244.175434112549,2544
5245.173215866089,2520
5246.170282363892,2510
5247.167348861694,2550
5248.1653690338135,2536
5249.162197113037,2520
5250.159502029419,2452
5251.156806945801,2470
5252.154350280762,2510
5253.151178359985,2526
5254.148483276367,2526
5255.145788192749,2524
5256.144285202026,2524
5257.14111328125,2556
5258.137941360474,2598
5259.135484695435,2578
5260.132789611816,2550
5261.130332946777,2490
5262.126922607422,2476
5263.124227523804,2526
5264.121532440186,2582
5265.1190757751465,2546
5266.116142272949,2514
5267.113447189331,2498
5268.111228942871,2550
5269.108772277832,2554
5270.105600357056,2550
5271.1029052734375,2514
5272.100448608398,2526
5273.096084594727,2520
5274.093151092529,2518
5275.090456008911,2522
5276.087999343872,2522
5277.085304260254,2526
5278.082370758057,2510
5279.079914093018,2542
5280.077219009399,2550
5281.074285507202,2536
5282.071590423584,2522
5283.069133758545,2534
5284.066438674927,2538
5285.063743591309,2534
5286.0612869262695,2506
5287.060976028442,2522
5288.057804107666,2544
5289.05463218689,2516
5290.051698684692,2522
5291.049003601074,2514
5292.046546936035,2534
5293.043851852417,2542
5294.041156768799,2522
5295.03870010376,2514
5296.0357666015625,2526
5297.033071517944,2518
5298.030376434326,2538
5299.027919769287,2522
5300.025224685669,2506
5302.710771560669,2534
5302.710771560669,2540
5303.017616271973,2522
5304.519414901733,2546
5305.023431777954,2526
5306.023120880127,2538
5307.0924282073975,2516
5308.0894947052,2498
5309.086799621582,2524
5310.084342956543,2534
5311.081647872925,2542
5312.078952789307,2542
5313.076019287109,2508
5314.073801040649,2542
5315.070867538452,2542
5316.068172454834,2494
5317.065715789795,2512
5318.063735961914,2546
5319.066524505615,2514
5320.05763053894,2482
5321.054935455322,2500
5322.052478790283,2524
5323.049306869507,2556
5324.047088623047,2510
5325.044393539429,2510
5326.041460037231,2524
5327.038764953613,2554
5328.036308288574,2532
5329.033613204956,2542
5330.030918121338,2586
5331.02822303772,2534
5332.025766372681,2490
5333.0237865448,2494
5334.020376205444,2518
5335.017681121826,2534
5336.014986038208,2484
5337.01229095459,2510
5338.009595870972,2550
5339.007139205933,2524
5340.004205703735,2522
5341.001510620117,2526
5342.996835708618,2508
5342.996835708618,2538
5344.990968704224,2550
5344.990968704224,2478
5345.9882736206055,2466
5346.985816955566,2506
5348.980665206909,2510
5349.977493286133,2502
5350.975036621094,2554
5350.975036621094,2534
5352.9698848724365,2550
5353.967189788818,2558
5354.964256286621,2590
5355.961799621582,2526
5356.959342956543,2544
5357.956409454346,2538
5358.953952789307,2526
5359.951019287109,2544
5360.94856262207,2528
5360.94856262207,2530
5361.945390701294,2514
5362.942934036255,2546
5364.937782287598,2544
5365.935325622559,2474
5366.93263053894,2534
5367.9304122924805,2590
5368.927478790283,2550
5369.924545288086,2518
5370.921850204468,2478
5371.91915512085,2472
5372.91693687439,2462
5373.914003372192,2542
5374.911308288574,2574
5375.908851623535,2546
5376.905918121338,2478
5377.907991409302,2544
5378.9026737213135,2578
5378.9026737213135,2546
5379.925966262817,2538
5380.924463272095,2542
5382.916688919067,2526
5382.916688919067,2546
5383.916139602661,2544
5384.911060333252,2548
5386.906623840332,2544
5387.875318527222,2478
5388.8726234436035,2502
5389.869689941406,2526
5390.866994857788,2510
5391.86429977417,2506
5392.861604690552,2522
5393.859148025513,2514
5394.856691360474,2502
5395.853757858276,2506
5396.851062774658,2486
5397.84836769104,2494
5398.845911026001,2546
5399.845361709595,2546
5400.842189788818,2522
5401.839256286621,2576
5402.83727645874,2522
5403.862237930298,2524
5404.861688613892,2536
5405.858993530273,2558
5406.85248374939,2522
5407.853364944458,2534
5408.851861953735,2558
5409.819841384888,2544
5410.81428527832,2540
5411.811828613281,2590
5412.809133529663,2574
5413.894176483154,2522
5414.832830429077,2512
5415.36545753479,2512
5416.395425796509,2520
5417.390584945679,2518
5418.359756469727,2504
5419.384479522705,2486
5420.382261276245,2480
5421.379327774048,2534
5422.37663269043,2550
5423.3763217926025,2542
5424.3714809417725,2542
5425.341367721558,2534
5426.344871520996,2558
5427.363872528076,2574
5428.360939025879,2554
5429.35848236084,2538
5430.327653884888,2490
5431.32472038269,2482
5432.322025299072,2546
5433.319330215454,2542
5434.316635131836,2570
5435.314178466797,2546
5436.311483383179,2526
5437.308549880981,2542
5438.326120376587,2550
5439.303636550903,2552
5440.300941467285,2508
5441.299200057983,2526
5442.296266555786,2500
5443.321704864502,2506
5444.319009780884,2488
5445.317268371582,2500
5446.314096450806,2534
5447.31330871582,2544
5448.310613632202,2570
5449.305534362793,2528
5450.30665397644,2536
5451.296329498291,2544
5452.297925949097,2536
5453.295469284058,2518
5454.292774200439,2502
5455.291986465454,2498
5456.287384033203,2518
5457.287549972534,2518
5458.285093307495,2554
5459.279298782349,2490
5460.249423980713,2544
5461.273908615112,2524
5462.271690368652,2598
5463.270902633667,2598
5464.266300201416,2602
5465.26312828064,2538
5466.264009475708,2510
5467.257976531982,2506
5468.25647354126,2506
5469.2254066467285,2518
5470.250368118286,2546
5471.221923828125,2518
5472.21827507019,2510
5473.21343421936,2526
5474.242687225342,2514
5475.235939025879,2534
5476.234674453735,2546
5477.235794067383,2550
5478.228330612183,2522
5479.199647903442,2518
5480.223894119263,2492
5481.220722198486,2494
5482.220888137817,2514
5483.215093612671,2534
5484.212160110474,2538
5485.210657119751,2526
5486.206769943237,2518
5487.1790409088135,2518
5488.175392150879,2542
5489.199161529541,2558
5490.200042724609,2520
5491.194248199463,2546
5492.1979904174805,2524
5493.1628704071045,2514
5494.1864013671875,2538
5495.185375213623,2542
5496.181488037109,2546
5497.178316116333,2516
5498.177051544189,2498
5499.175071716309,2534
5500.170707702637,2534
5501.167297363281,2486
5502.136945724487,2514
5503.134250640869,2534
5504.159927368164,2510
5505.129337310791,2498
5506.126403808594,2514
5507.122993469238,2554
5508.123159408569,2556
5509.121656417847,2488
5510.1189613342285,2510
5511.115312576294,2528
5512.117147445679,2542
5513.135671615601,2518
5514.1355991363525,2542
5515.130043029785,2558
5516.127347946167,2542
5517.096281051636,2548
5518.093109130859,2572
5519.09065246582,2578
5520.087718963623,2582
5521.085023880005,2558
5522.082090377808,2546
5523.080110549927,2546
5524.0771770477295,2506
5525.074243545532,2522
5526.071786880493,2514
5527.069091796875,2488
5528.066396713257,2490
5529.067754745483,2502
5530.064344406128,2574
5531.062126159668,2572
5532.05943107605,2538
5533.055067062378,2542
5534.052610397339,2518
5535.048961639404,2490
5536.045789718628,2462
5537.044048309326,2522
5538.04087638855,2546
5539.03865814209,2506
5541.032314300537,2474
5542.029857635498,2538
5543.027639389038,2544
5544.024705886841,2554
5545.021772384644,2538
5546.018600463867,2584
5547.016382217407,2572
5548.01344871521,2542
5549.014329910278,2474
5549.014329910278,2522
5550.010681152344,2538
5551.041126251221,2472
5552.033185958862,2458
5553.030252456665,2474
5554.030418395996,2508
5555.025339126587,2518
5556.022882461548,2582
5557.021141052246,2542
5558.017253875732,2552
5559.014081954956,2478
5560.014009475708,2518
5561.00869178772,2538
5562.00647354126,2538
5563.971281051636,2502
5563.971281051636,2470
5565.971851348877,2534
5566.973686218262,2554
5567.960262298584,2554
5568.959951400757,2542
5569.971084594727,2570
5570.954322814941,2598
5571.951150894165,2578
5572.949409484863,2602
5573.945999145508,2574
5574.943542480469,2502
5575.941324234009,2506
5575.941324234009,2522
5576.938629150391,2510
5578.934192657471,2508
5579.931020736694,2574
5580.928802490234,2538
5581.923723220825,2522
5581.923723220825,2490
5583.917617797852,2500
5584.91587638855,2534
5584.91587638855,2506
5586.910247802734,2482
5587.907791137695,2490
5588.90438079834,2534
5589.9012088775635,2522
5590.899229049683,2518
5591.895580291748,2514
5592.893123626709,2580
5593.893527984619,2526
5594.890356063843,2546
5595.887660980225,2526
5596.883296966553,2554
5597.8803634643555,2514
5598.880052566528,2548
5599.879026412964,2542
5600.87513923645,2558
5601.872444152832,2558
5602.87070274353,2550
5603.867769241333,2510
5604.864597320557,2554
5605.861186981201,2518
5606.858968734741,2494
5607.856035232544,2480
5608.851194381714,2488
5609.848499298096,2534
5610.848665237427,2506
5611.844778060913,2506
5612.842798233032,2506
5613.840103149414,2512
5614.837169647217,2518
5615.835189819336,2548
5616.832256317139,2550
5617.830514907837,2518
5618.826866149902,2508
5619.823694229126,2514
5620.821714401245,2506
5621.818542480469,2510
5622.8156089782715,2520
5623.8112449646,2526
5624.808311462402,2558
5625.805377960205,2574
5626.802921295166,2546
5627.799987792969,2586
5628.800392150879,2556
5629.796981811523,2558
5630.795001983643,2520
5631.791830062866,2510
5632.78865814209,2504
5633.786916732788,2454
5634.783983230591,2490
5635.781526565552,2544
5636.778116226196,2512
5637.775182723999,2518
5638.771057128906,2540
5639.76788520813,2534
5640.777111053467,2602
5641.762495040894,2570
5642.759561538696,2552
5643.757343292236,2514
5644.754409790039,2480
5645.751714706421,2484
5646.749019622803,2538
5647.746562957764,2578
5648.743629455566,2556
5649.741172790527,2528
5650.73823928833,2534
5651.735782623291,2556
5652.732849121094,2570
5653.730392456055,2594
5654.728412628174,2554
5655.7252407073975,2534
5656.722545623779,2498
5657.719612121582,2482
5658.717155456543,2514
5659.714221954346,2494
5660.7115268707275,2490
5661.709308624268,2510
5662.70637512207,2554
5663.703680038452,2558
5664.700984954834,2518
5665.698528289795,2538
5666.695594787598,2570
5667.6928997039795,2544
5668.6906814575195,2514
5669.688940048218,2472
5670.685768127441,2482
5671.685457229614,2520
5672.682285308838,2536
5673.679828643799,2534
5674.676895141602,2540
5675.673961639404,2538
5676.671743392944,2542
5677.669048309326,2504
5678.666591644287,2550
5679.664373397827,2542
5680.660963058472,2554
5681.658029556274,2542
5682.655811309814,2544
5683.653116226196,2572
5684.649467468262,2548
5685.646295547485,2538
5686.643123626709,2520
5687.639951705933,2570
5688.637018203735,2558
5689.634799957275,2518
5690.631628036499,2506
5691.62917137146,2518
5692.626476287842,2508
5693.624019622803,2492
5694.621324539185,2526
5695.618391036987,2548
5696.615934371948,2534
5697.61323928833,2544
5698.610305786133,2574
5699.608564376831,2574
5700.605154037476,2538
5701.6026973724365,2526
5702.599763870239,2522
5703.5973072052,2550
5704.594612121582,2534
5705.591917037964,2514
5706.588983535767,2518
5707.5865268707275,2522
5708.583831787109,2544
5709.581136703491,2570
5710.57915687561,2584
5711.575984954834,2586
5712.573528289795,2558
5713.570594787598,2534
5714.569091796875,2534
5715.56544303894,2494
5716.562986373901,2478
5717.560052871704,2490
5718.587636947632,2502
5719.585418701172,2510
5720.584869384766,2542
5721.580028533936,2578
5722.577333450317,2542
5723.57439994812,2524
5724.576473236084,2526
5725.568771362305,2546
5726.569414138794,2514
5727.5636196136475,2486
5728.5614013671875,2482
5729.530811309814,2526
5730.528354644775,2478
5731.550931930542,2476
5732.548475265503,2502
5733.548402786255,2576
5734.547138214111,2554
5735.513210296631,2542
5736.53769493103,2574
5737.539768218994,2552
5738.532304763794,2534
5739.529609680176,2512
5740.526914596558,2490
5741.524457931519,2486
5742.523670196533,2430
5743.519067764282,2510
5744.516849517822,2546
5745.517015457153,2542
5746.5150356292725,2522
5747.509717941284,2532
5748.499155044556,2540
5749.475002288818,2554
5750.472068786621,2542
5751.469612121582,2510
5752.466678619385,2522
5753.463983535767,2514
5754.461050033569,2534
5755.45859336853,2524
5756.456136703491,2550
5757.453441619873,2570
5758.450746536255,2570
5759.448051452637,2572
5760.445594787598,2570
5761.4426612854,2542
5762.439489364624,2578
5763.4687423706055,2552
5764.466285705566,2540
5765.46311378479,2472
5766.462087631226,2460
5767.457723617554,2526
5768.424987792969,2574
5769.45161819458,2554
5770.420789718628,2546
5771.44718170166,2522
5772.444486618042,2480
5773.441791534424,2506
5774.439573287964,2522
5775.4058837890625,2558
5776.405811309814,2514
5777.402877807617,2510
5778.399467468262,2514
5779.397487640381,2538
5780.3943157196045,2546
5781.392574310303,2534
5782.388925552368,2536
5783.386707305908,2544
5784.383773803711,2554
5785.381078720093,2544
5786.378622055054,2514
5787.375450134277,2546
5788.372993469238,2508
5789.370536804199,2490
5790.367841720581,2474
5791.3658618927,2558
5792.362689971924,2584
5793.359756469727,2580
5794.3572998046875,2520
5795.35436630249,2478
5796.351909637451,2502
5797.349214553833,2520
5798.347234725952,2554
5836.242914199829,2542
5836.242914199829,2486
5836.242914199829,2486
5836.242914199829,2498
5836.242914199829,2534
5836.242914199829,2554
5837.24045753479,2538
5837.24045753479,2504
5837.24045753479,2522
5837.24045753479,2552
5838.237524032593,2514
5838.237524032593,2526
5838.237524032593,2522
5838.237524032593,2514
5838.237524032593,2494
5838.237524032593,2502
5839.235067367554,2516
5839.235067367554,2534
5839.235067367554,2558
5839.235067367554,2580
5839.235067367554,2534
5839.235067367554,2514
5839.235067367554,2522
5840.232610702515,2520
5840.232610702515,2518
5840.232610702515,2498
5840.232610702515,2490
5840.232610702515,2474
5840.232610702515,2482
5840.232610702515,2480
5841.229438781738,2526
5841.229438781738,2546
5841.229438781738,2538
5841.229438781738,2502
5841.229438781738,2486
5841.229438781738,2534
5842.22674369812,2540
5842.22674369812,2510
5842.22674369812,2510
5842.22674369812,2510
5842.22674369812,2478
5842.22674369812,2490
5843.22452545166,2542
5843.22452545166,2580
5847.213506698608,2526
5847.213506698608,2526
5847.213506698608,2526
5847.213506698608,2558
5847.213506698608,2552
5848.214149475098,2538
5849.2112159729,2506
5850.208282470703,2486
5851.206064224243,2472
5852.202653884888,2490
5853.229284286499,2534
5854.195117950439,2554
5855.225563049316,2570
5856.189250946045,2514
5857.188940048218,2506
5859.1814041137695,2558
5859.1814041137695,2538
5860.179901123047,2498
5861.178159713745,2516
5862.173318862915,2510
5863.171100616455,2526
5864.168167114258,2506
5865.165710449219,2542
5866.1627769470215,2586
5867.1605587005615,2520
5869.157552719116,2502
5869.157552719116,2534
5870.152473449707,2552
5871.151685714722,2582
5872.1489906311035,2544
5873.146533966064,2514
5874.143362045288,2506
5875.141143798828,2540
5876.137971878052,2542
5877.135992050171,2536
5878.13138961792,2578
5879.128456115723,2518
5880.125284194946,2500
5881.122589111328,2518
5882.120132446289,2536
5883.120775222778,2536
5884.114980697632,2536
5885.112762451172,2526
5886.115074157715,2514
5887.109279632568,2504
5888.106822967529,2524
5889.105558395386,2574
5890.101432800293,2542
5891.099452972412,2542
5892.096757888794,2538
5903.064727783203,2538
5903.064727783203,2526
5903.064727783203,2546
5903.064727783203,2522
5903.064727783203,2522
5904.06346321106,2532
5904.06346321106,2536
5904.06346321106,2520
5904.06346321106,2522
5904.06346321106,2542
5904.06346321106,2594
5905.059576034546,2538
5905.059576034546,2510
5906.056642532349,2518
5907.053709030151,2550
5908.050775527954,2556
5909.048557281494,2490
5910.046100616455,2480
5911.043405532837,2488
5912.04047203064,2544
5913.0699634552,2570
5914.063930511475,2548
5915.060758590698,2550
5918.025255203247,2534
5918.025255203247,2512
5918.025255203247,2514
5919.021368026733,2536
5920.022010803223,2544
5921.0193157196045,2490
5922.016143798828,2502
5923.01344871521,2510
5924.008369445801,2526
5925.0054359436035,2502
5927.000522613525,2554
5927.000522613525,2578
5927.997827529907,2586
5928.994655609131,2550
5930.9892654418945,2514
5930.9892654418945,2522
5932.985544204712,2514
5932.985544204712,2526
5933.982133865356,2470
5934.97896194458,2442
5935.978889465332,2454
5936.975955963135,2490
5937.9730224609375,2518
5938.970565795898,2526
5939.96787071228,2542
5940.9661293029785,2484
5942.959547042847,2494
5942.959547042847,2506
5943.957328796387,2514
5944.95415687561,2512
5946.9499588012695,2450
5947.947263717651,2458
5948.944807052612,2484
5948.944807052612,2538
5950.936555862427,2510
5951.935052871704,2510
5952.93116569519,2550
5953.952074050903,2546
5954.959869384766,2534
5955.953598022461,2518
5956.9501876831055,2526
5957.9176902771,2550
5958.914995193481,2500
5959.912300109863,2478
5960.91103553772,2500
5961.937189102173,2498
5962.9065990448,2518
5963.902235031128,2534
5963.902235031128,2542
5964.928388595581,2558
5966.893672943115,2506
5967.890501022339,2546
5968.918085098267,2522
5969.8851108551025,2522
5970.881938934326,2514
5971.879243850708,2484
5972.876787185669,2510
5973.87433052063,2494
5974.904537200928,2514
5975.89898109436,2550
5976.896047592163,2582
5977.893829345703,2582
5978.863716125488,2538
5979.86102104187,2518
5980.856895446777,2554
5981.854200363159,2538
5982.850790023804,2520
5983.847618103027,2544
5984.845876693726,2522
5985.84246635437,2510
5986.84024810791,2526
5987.837553024292,2536
5988.884449005127,2578
5989.861249923706,2512
5990.859746932983,2506
5991.856336593628,2526
5992.853403091431,2526
5993.852376937866,2558
5994.849920272827,2518
5995.871782302856,2510
5996.843576431274,2462
5997.840881347656,2502
5998.838186264038,2550
5999.835252761841,2584
6000.833511352539,2558
6001.831293106079,2550
6002.829551696777,2546
6003.825664520264,2546
6004.822492599487,2538
6005.804061889648,2522
6006.788015365601,2570
6007.814884185791,2580
6008.784532546997,2548
6009.782075881958,2520
6010.7786655426025,2558
6011.774778366089,2574
6012.772798538208,2574
6013.77010345459,2550
6014.767408370972,2544
6015.764951705933,2510
6016.761541366577,2494
6017.759323120117,2516
6018.756866455078,2522
6019.754648208618,2486
6020.751237869263,2470
6021.748304367065,2490
6022.7460861206055,2578
6023.742914199829,2600
6024.739027023315,2554
6025.73561668396,2514
6026.732683181763,2506
6027.7299880981445,2546
6028.727293014526,2516
6029.724597930908,2486
6030.72190284729,2458
6031.719207763672,2514
6032.716751098633,2518
6033.714056015015,2526
6034.7113609313965,2546
6035.709381103516,2538
6036.706209182739,2542
6037.703514099121,2542
6038.701057434082,2538
6039.698362350464,2526
6040.695667266846,2478
6041.692733764648,2470
6042.690277099609,2518
6043.68782043457,2482
6044.684886932373,2474
6045.682430267334,2486
6046.679735183716,2522
6047.677040100098,2540
6048.6743450164795,2600
6049.67188835144,2534
6050.668954849243,2546
6051.666498184204,2534
6052.664041519165,2574
6053.661108016968,2502
6054.658651351929,2502
6055.685043334961,2502
6056.685924530029,2506
6057.679653167725,2510
6058.677196502686,2534
6059.646844863892,2526
6060.671806335449,2574
6061.671495437622,2602
6062.666893005371,2582
6063.663721084595,2554
6064.664125442505,2542
6065.658092498779,2550
6066.655874252319,2542
6067.653656005859,2506
6068.649768829346,2470
6069.650650024414,2504
6070.617437362671,2484
6071.643114089966,2582
6072.6423263549805,2578
6073.63748550415,2538
6074.633598327637,2502
6075.631618499756,2494
6076.628923416138,2554
6077.628135681152,2582
6078.622817993164,2516
6079.621315002441,2506
6080.621242523193,2522
6081.615209579468,2540
6082.5841426849365,2508
6083.58097076416,2524
6084.5787525177,2542
6085.575819015503,2542
6086.574077606201,2512
6087.570905685425,2512
6088.567733764648,2546
6089.56503868103,2518
6090.562343597412,2546
6091.559886932373,2524
6092.557191848755,2546
6093.554973602295,2538
6094.551801681519,2494
6095.5491065979,2506
6096.546411514282,2574
6097.543716430664,2554
6098.541498184204,2506
6099.538564682007,2492
6100.53563117981,2546
6101.5331745147705,2526
6102.533340454102,2488
6103.530645370483,2516
6104.527235031128,2558
6105.524778366089,2554
6106.52232170105,2510
6107.519626617432,2506
6108.517169952393,2520
6109.514474868774,2574
6110.511779785156,2552
6111.508846282959,2494
6112.50638961792,2474
6113.503932952881,2542
6114.5007610321045,2542
6115.4985427856445,2542
6116.495847702026,2504
6117.494583129883,2542
6118.490695953369,2580
6119.48823928833,2560
6120.485067367554,2586
6121.482610702515,2586
6122.479677200317,2544
6123.476982116699,2526
6124.474763870239,2536
6125.471591949463,2506
6126.468896865845,2484
6127.466917037964,2482
6128.464460372925,2472
6129.4615268707275,2508
6130.458354949951,2572
6131.455421447754,2526
6132.452011108398,2522
6133.448123931885,2520
6134.445428848267,2602
6135.4429721832275,2574
6136.44003868103,2506
6137.43782043457,2466
6138.434886932373,2506
6139.432668685913,2488
6140.429496765137,2526
6141.427040100098,2510
6142.4243450164795,2512
6143.4221267700195,2570
6144.418716430664,2558
6145.416736602783,2584
6146.413564682007,2582
6147.414207458496,2572
6148.4105587005615,2522
6149.407386779785,2514
6150.404691696167,2522
6151.403188705444,2508
6152.39953994751,2490
6153.3966064453125,2486
6154.393911361694,2514
6155.391216278076,2518
6156.389474868774,2490
6157.386302947998,2518
6158.384084701538,2536
6159.380674362183,2538
6160.377979278564,2494
6161.375284194946,2514
6162.3735427856445,2514
6163.370847702026,2506
6164.365768432617,2490
6165.36545753479,2466
6166.360139846802,2514
6167.356967926025,2542
6168.362140655518,2574
6169.352293014526,2550
6170.34912109375,2554
6171.34690284729,2542
6172.343969345093,2582
6173.341512680054,2558
6174.338817596436,2546
6175.336122512817,2524
6176.333665847778,2506
6177.33097076416,2522
6178.328990936279,2522
6179.326772689819,2488
6180.322885513306,2478
6181.320428848267,2488
6182.317495346069,2544
6183.314561843872,2518
6184.311866760254,2484
6185.309648513794,2482
6186.306953430176,2484
6187.304258346558,2514
6188.301801681519,2554
6189.298868179321,2546
6190.295934677124,2512
6191.293239593506,2506
6192.290782928467,2544
6193.288564682007,2578
6194.286108016968,2574
6195.2831745147705,2550
6196.280002593994,2494
6197.277545928955,2554
6198.274850845337,2510
6199.272155761719,2546
6200.269460678101,2574
6201.26748085022,2544
6202.2645473480225,2546
6203.261613845825,2510
6204.258680343628,2534
6205.25598526001,2540
6206.253528594971,2508
6207.251071929932,2474
6208.247661590576,2486
6209.245443344116,2494
6210.24227142334,2492
6211.239576339722,2478
6212.2368812561035,2482
6213.234424591064,2510
6214.231967926025,2542
6215.229034423828,2522
6216.226100921631,2548
6217.223644256592,2542
6218.2207107543945,2522
6219.218015670776,2502
6220.215797424316,2512
6221.213102340698,2536
6222.21040725708,2526
6223.207473754883,2502
6224.205732345581,2514
6225.203275680542,2550
6226.199626922607,2554
6227.197170257568,2510
6228.194236755371,2514
6229.191541671753,2546
6230.188846588135,2576
6231.186389923096,2544
6232.1836948394775,2514
6233.18076133728,2514
6234.178304672241,2486
6235.175609588623,2522
6236.172914505005,2522
6237.170219421387,2494
6238.167762756348,2494
6239.1650676727295,2514
6240.185499191284,2578
6241.159677505493,2574
6242.157220840454,2578
6243.154287338257,2536
6244.1511154174805,2506
6245.148658752441,2540
6246.145725250244,2546
6247.143030166626,2572
6248.140335083008,2552
6249.137878417969,2526
6250.135183334351,2512
6251.132488250732,2546
6252.1302700042725,2554
6253.127336502075,2558
6254.124641418457,2538
6255.12170791626,2556
6256.1194896698,2518
6257.1165561676025,2510
6258.113861083984,2518
6259.111404418945,2570
6260.108709335327,2546
6261.106014251709,2514
6262.103080749512,2512
6263.100624084473,2534
6264.0979290008545,2570
6265.094995498657,2522
6266.092777252197,2554
6267.090082168579,2524
6268.087387084961,2528
6269.0863609313965,2520
6270.110607147217,2494
6271.108388900757,2510
6272.110223770142,2510
6273.074626922607,2550
6274.07169342041,2482
6275.068759918213,2482
6276.067495346069,2514
6277.064323425293,2518
6278.0609130859375,2534
6279.058933258057,2522
6280.056476593018,2494
6281.053304672241,2502
6282.050371170044,2498
6283.048152923584,2514
6284.044981002808,2512
6285.042285919189,2538
6286.040306091309,2514
6287.037372589111,2510
6288.034200668335,2514
6289.031982421875,2542
6290.029764175415,2494
6291.026592254639,2470
6292.0238971710205,2498
6293.021678924561,2478
6294.018507003784,2470
6296.012878417969,2470
6296.012878417969,2506
6297.011137008667,2542
6298.0077266693115,2522
6300.0030517578125,2506
6301.000118255615,2540
6301.999092102051,2518
6302.995443344116,2544
6303.992033004761,2550
6304.988861083984,2540
6305.985927581787,2474
6306.983232498169,2494
6307.98077583313,2516
6308.978080749512,2538
6309.975385665894,2556
6310.9729290008545,2574
6311.970233917236,2510
6312.96706199646,2514
6313.964605331421,2546
6314.96262550354,2554
6315.959692001343,2524
6316.956520080566,2442
6317.954540252686,2468
6318.951368331909,2474
6319.948673248291,2522
6320.945978164673,2550
6321.943283081055,2594
6322.941064834595,2574
6322.941064834595,2606
6324.9359130859375,2582
6325.932741165161,2650
6326.930046081543,2674
6327.927112579346,2602
6328.924655914307,2514
6329.9219608306885,2480
6330.91926574707,2510
6331.916570663452,2520
6332.914113998413,2470
6333.911895751953,2450
6334.937810897827,2466
6334.937810897827,2450
6335.937976837158,2418
6337.929248809814,2428
6337.929248809814,2414
6339.924097061157,2390
6339.924097061157,2378
6341.923952102661,2414
6342.916488647461,2416
6343.917369842529,2414
6344.911336898804,2420
6345.909357070923,2450
6346.9061851501465,2478
6347.874641418457,2470
6348.87170791626,2442
6349.897623062134,2468
6350.895404815674,2526
6351.897478103638,2490
6352.891445159912,2482
6353.888750076294,2474
6354.8903465271,2526
6355.88526725769,2516
6381.784915924072,2534
6381.784915924072,2582
6381.784915924072,2602
6382.781982421875,2614
6382.781982421875,2578
6382.781982421875,2590
6383.779287338257,2606
6383.779287338257,2606
6383.779287338257,2576
6384.776830673218,2602
6384.776830673218,2570
6385.7741355896,2544
6385.7741355896,2574
6386.771678924561,2608
6386.771678924561,2610
6386.771678924561,2574
6386.771678924561,2542
6387.768983840942,2544
6387.768983840942,2556
6387.768983840942,2588
6387.768983840942,2554
6388.766050338745,2554
6388.766050338745,2570
6388.766050338745,2518
6389.764070510864,2522
6389.764070510864,2542
6389.764070510864,2556
6407.715320587158,2570
6408.71262550354,2606
6408.71262550354,2538
6409.71040725708,2550
6409.71040725708,2546
6409.71040725708,2538
6410.707235336304,2502
6410.707235336304,2502
6410.707235336304,2522
6410.707235336304,2510
6411.705255508423,2494
6411.705255508423,2514
6411.705255508423,2512
6412.702322006226,2514
6412.702322006226,2474
6412.702322006226,2454
6413.699626922607,2516
6413.699626922607,2538
6413.699626922607,2478
6414.696931838989,2488
6414.696931838989,2502
6414.696931838989,2486
6415.694236755371,2502
6415.694236755371,2490
6415.694236755371,2558
6416.691780090332,2534
6416.691780090332,2506
6416.691780090332,2518
6417.689323425293,2542
6417.689323425293,2534
6417.689323425293,2544
6418.686628341675,2484
6418.686628341675,2534
6418.686628341675,2502
6419.683933258057,2512
6419.683933258057,2522
6419.683933258057,2506
6420.680999755859,2514
6421.67854309082,2474
6422.676086425781,2504
6423.673391342163,2510
6424.670696258545,2504
6425.667524337769,2494
6426.66482925415,2506
6427.663087844849,2494
6428.660154342651,2506
6429.657220840454,2514
6430.654287338257,2570
6431.652545928955,2554
6432.6491355896,2576
6433.646440505981,2542
6434.643745422363,2542
6435.641050338745,2542
6436.638355255127,2520
6437.635660171509,2508
6438.63320350647,2458
6439.6302700042725,2500
6440.627813339233,2520
6441.624879837036,2538
6464.563608169556,2538
6464.563608169556,2552
6465.5609130859375,2490
6465.5609130859375,2514
6465.5609130859375,2538
6465.5609130859375,2542
6466.55797958374,2538
6466.55797958374,2504
6466.55797958374,2454
6467.555522918701,2454
6467.555522918701,2476
6467.555522918701,2510
6468.553066253662,2490
6468.553066253662,2512
6468.553066253662,2542
6469.550132751465,2486
6469.550132751465,2526
6469.550132751465,2556
6469.550132751465,2522
6470.547437667847,2470
6470.547437667847,2486
6470.547437667847,2482
6471.545457839966,2498
6471.545457839966,2478
6471.545457839966,2522
6472.542285919189,2518
6472.542285919189,2558
6472.542285919189,2506
6472.542285919189,2506
6473.53982925415,2514
6473.53982925415,2574
6473.53982925415,2540
6474.536895751953,2534
6475.533962249756,2510
6476.531267166138,2490
6477.528810501099,2502
6478.52635383606,2542
6479.523420333862,2574
6480.520963668823,2524
6481.518507003784,2506
6482.515573501587,2502
6483.51263999939,2526
6484.510183334351,2538
6485.507488250732,2558
6486.504793167114,2546
6487.502574920654,2556
6488.499164581299,2510
6489.497423171997,2518
6490.4937744140625,2538
6491.491794586182,2558
6492.4890995025635,2570
6493.486404418945,2518
6494.483709335327,2534
6495.480298995972,2538
6496.4776039123535,2512
6497.474908828735,2540
6504.455804824829,2578
6504.455804824829,2540
6504.455804824829,2546
6505.453109741211,2542
6505.453109741211,2602
6505.453109741211,2610
6505.453109741211,2546
6505.453109741211,2502
6506.450653076172,2550
6507.447719573975,2506
6508.445262908936,2532
6509.442329406738,2506
6510.440111160278,2478
6511.43741607666,2490
6512.434720993042,2500
6513.432264328003,2522
6514.429569244385,2534
6515.426874160767,2472
6516.42370223999,2514
6517.421722412109,2502
6518.419504165649,2518
6519.416809082031,2494
6520.413398742676,2486
6521.410703659058,2486
6522.408008575439,2506
6523.405313491821,2534
6524.402856826782,2534
6525.399923324585,2554
6526.397228240967,2542
6527.394771575928,2594
6528.391599655151,2610
6529.389381408691,2572
6530.386924743652,2544
6531.383991241455,2534
6532.381057739258,2526
6533.378601074219,2492
6534.37614440918,2474
6535.3734493255615,2478
6536.370754241943,2478
6537.367582321167,2534
6538.365125656128,2504
6539.36243057251,2540
6550.333023071289,2526
6550.333023071289,2534
6550.333023071289,2542
6551.330804824829,2538
6551.330804824829,2542
6551.330804824829,2512
6551.330804824829,2542
6551.330804824829,2494
6551.330804824829,2510
6551.330804824829,2510
6552.327632904053,2546
6552.327632904053,2546
6552.327632904053,2618
6553.324937820435,2586
6554.322242736816,2578
6555.319786071777,2526
6556.317090988159,2518
6557.314395904541,2524
6558.311939239502,2538
6559.309005737305,2502
6560.313940048218,2506
6561.303615570068,2506
6564.2969608306885,2518
6564.2969608306885,2520
6564.2969608306885,2490
6565.985918045044,2486
6566.2901401519775,2506
6567.288875579834,2506
6568.620204925537,2518
6569.620132446289,2558
6570.617437362671,2526
6571.614742279053,2510
6572.611570358276,2490
6573.609828948975,2538
6574.606895446777,2550
6575.603246688843,2538
6576.601505279541,2520
6577.598571777344,2520
6578.5956382751465,2506
6579.593658447266,2522
6580.590486526489,2534
6581.589698791504,2526
6582.586765289307,2522
6583.58359336853,2544
6584.5794677734375,2542
6585.576772689819,2540
6586.574554443359,2512
6587.573051452637,2488
6588.570356369019,2510
6589.567422866821,2478
6590.564489364624,2470
6591.562747955322,2486
6592.559814453125,2454
6593.555688858032,2478
6594.553709030151,2526
6595.550298690796,2526
6596.548080444336,2580
6597.545385360718,2558
6598.542213439941,2582
6599.542617797852,2602
6600.538730621338,2578
6601.534366607666,2574
6602.534055709839,2590
6603.529930114746,2580
6604.526996612549,2540
6605.523586273193,2518
6606.520175933838,2538
6607.51748085022,2642
6608.515024185181,2606
6609.512805938721,2548
6610.5101108551025,2524
6611.5076541900635,2570
6612.504959106445,2538
6613.502025604248,2518
6614.499807357788,2490
6615.496635437012,2482
6616.494655609131,2458
6617.4914836883545,2454
6618.488788604736,2460
6619.486093521118,2510
6620.4833984375,2516
6621.480941772461,2488
6622.478008270264,2482
6623.476505279541,2538
6624.48525428772,2546
6625.470161437988,2522
6626.481771469116,2528
6627.464771270752,2478
6628.462553024292,2468
6629.459619522095,2474
6630.456924438477,2526
6631.453990936279,2524
6632.451295852661,2542
6633.448839187622,2504
6634.446382522583,2494
6635.443925857544,2478
6636.440753936768,2542
6637.438535690308,2510
6638.435840606689,2506
6639.432907104492,2446
6640.430212020874,2422
6641.427040100098,2502
6642.4243450164795,2546
6643.422842025757,2552
6644.419431686401,2520
6645.416736602783,2524
6646.414041519165,2576
6647.411584854126,2586
6648.409128189087,2586
6649.406671524048,2586
6650.403261184692,2526
6651.400327682495,2540
6652.397394180298,2548
6653.394937515259,2574
6654.392242431641,2554
6655.3895473480225,2570
6656.386852264404,2586
6657.384157180786,2594
6658.381462097168,2546
6659.37876701355,2538
6660.376310348511,2542
6661.373615264893,2546
6662.370681762695,2546
6663.367986679077,2558
6664.365530014038,2522
6665.36283493042,2510
6666.360139846802,2482
6667.357683181763,2490
6668.3549880981445,2482
6669.352293014526,2458
6670.35174369812,2470
6671.348333358765,2474
6672.345399856567,2576
6673.342704772949,2554
6674.341201782227,2486
6675.3387451171875,2468
6676.33581161499,2510
6677.332878112793,2534
6678.330183029175,2550
6679.327964782715,2518
6680.325031280518,2542
6681.322336196899,2540
6682.319641113281,2538
6683.317184448242,2506
6684.314250946045,2552
6685.311794281006,2538
6686.309337615967,2510
6687.3064041137695,2502
6688.3039474487305,2522
6689.301013946533,2552
6690.298318862915,2550
6691.295862197876,2578
6692.293167114258,2578
6693.29047203064,2594
6694.2877769470215,2588
6695.285081863403,2570
6696.282863616943,2602
6697.279930114746,2596
6698.276996612549,2518
6699.274301528931,2422
6700.271844863892,2426
6701.27010345459,2480
6702.268123626709,2514
6703.264236450195,2506
6704.261302947998,2518
6705.258369445801,2522
6706.255674362183,2518
6707.253217697144,2550
6708.250284194946,2556
6709.248065948486,2552
6710.24489402771,2514
6711.242437362671,2458
6712.239742279053,2470
6713.237047195435,2476
6714.234352111816,2536
6715.231895446777,2536
6716.229677200317,2522
6717.226266860962,2550
6718.224048614502,2526
6719.221353530884,2514
6720.218181610107,2514
6721.215724945068,2494
6722.2113609313965,2470
6723.208427429199,2376
6724.205493927002,2332
6725.203037261963,2374
6726.200103759766,2398
6727.197647094727,2416
6728.194952011108,2470
6729.19225692749,2474
6730.189561843872,2484
6731.187105178833,2504
6732.184410095215,2538
6733.181476593018,2550
6734.1790199279785,2514
6735.17632484436,2518
6736.173391342163,2502
6737.171173095703,2542
6738.168239593506,2544
6739.165544509888,2550
6740.1628494262695,2550
6741.1603927612305,2602
6742.157459259033,2576
6743.154764175415,2576
6744.152307510376,2574
6745.149612426758,2590
6746.14691734314,2606
6747.143983840942,2570
6748.1420040130615,2518
6749.139070510864,2524
6750.136137008667,2554
6751.133680343628,2546
6752.130746841431,2526
6753.1280517578125,2542
6754.125356674194,2534
6755.122900009155,2554
6756.119966506958,2544
6757.11727142334,2574
6758.114814758301,2638
6759.112119674683,2552
6760.109424591064,2494
6761.106729507446,2470
6762.104272842407,2490
6763.101577758789,2492
6764.098644256592,2482
6765.096187591553,2472
6766.093492507935,2422
6767.090559005737,2422
6768.087863922119,2408
6769.085645675659,2414
6770.082712173462,2462
6771.080017089844,2478
6772.0770835876465,2414
6773.074626922607,2418
6774.071931838989,2446
6775.069236755371,2526
6776.066780090332,2534
6777.064085006714,2494
6778.061389923096,2492
6779.058456420898,2538
6780.055999755859,2522
6781.053304672241,2504
6782.054901123047,2522
6783.048152923584,2542
6784.045219421387,2542
6785.042524337769,2482
6786.045789718628,2514
6787.037372589111,2578
6788.041830062866,2578
6789.031982421875,2538
6790.029287338257,2586
6791.026592254639,2570
6793.025732040405,2540
6793.025732040405,2506
6794.018983840942,2526
6795.016050338745,2514
6796.013355255127,2490
6797.010898590088,2414
6798.007965087891,2478
6799.0052700042725,2474
6800.002813339233,2474
6801.997661590576,2452
6801.997661590576,2472
6802.994728088379,2460
6803.992033004761,2454
6805.986642837524,2450
6806.984186172485,2502
6807.981252670288,2486
6808.986663818359,2502
6808.986663818359,2500
6810.973644256592,2494
6811.9707107543945,2512
6812.968015670776,2542
6813.967704772949,2586
6814.962863922119,2586
6815.960168838501,2608
6816.960334777832,2558
6817.968845367432,2590
6818.952322006226,2578
6819.949388504028,2570
6820.946931838989,2526
6821.944236755371,2526
6822.941541671753,2490
6823.938846588135,2534
6823.938846588135,2542
6825.933933258057,2610
6826.930999755859,2590
6827.928304672241,2550
6828.925609588623,2514
6829.922914505005,2578
6830.920219421387,2590
6831.917524337769,2602
6832.9150676727295,2598
6833.912134170532,2546
6834.909677505493,2514
6835.906982421875,2526
6836.923360824585,2598
6837.904214859009,2596
6838.903903961182,2550
6839.912176132202,2478
6840.906143188477,2514
6841.910600662231,2542
6842.890977859497,2570
6843.905925750732,2502
6844.904184341431,2478
6845.881700515747,2450
6846.879005432129,2482
6847.87654876709,2486
6848.873853683472,2530
6849.870920181274,2518
6850.868463516235,2480
6851.865768432617,2462
6852.863073348999,2518
6853.860378265381,2514
6854.862451553345,2510
6855.855464935303,2470
6856.880187988281,2514
6857.877492904663,2528
6858.87598991394,2474
6859.886169433594,2480
6860.8808517456055,2490
6861.867666244507,2510
6862.873077392578,2510
6863.88373374939,2490
6864.863872528076,2470
6865.869045257568,2514
6866.874694824219,2508
6867.850780487061,2526
6868.849515914917,2546
6869.816780090332,2502
6870.813846588135,2506
6871.859073638916,2548
6872.840642929077,2602
6873.836517333984,2578
6874.831438064575,2514
6875.830173492432,2478
6876.827001571655,2538
6877.823829650879,2526
6878.823041915894,2526
6879.81915473938,2506
6880.816221237183,2554
6881.815195083618,2506
6882.810354232788,2518
6883.816242218018,2524
6884.811162948608,2534
6885.7741355896,2534
6886.801958084106,2536
6887.802600860596,2478
6888.802766799927,2538
6889.795780181885,2542
6890.799999237061,2526
6891.793727874756,2512
6892.796039581299,2502
6893.7811851501465,2506
6894.78063583374,2474
6895.775318145752,2518
6896.772861480713,2554
6897.7720737457275,2546
6898.771047592163,2486
6899.764776229858,2552
6900.762557983398,2538
6901.759386062622,2494
6902.759075164795,2478
6903.754472732544,2502
6904.752492904663,2534
6905.75098991394,2550
6906.747341156006,2504
6907.745361328125,2518
6908.7419509887695,2514
6909.7113609313965,2574
6910.737991333008,2572
6911.733627319336,2578
6912.735939025879,2602
6913.729667663574,2578
6914.72601890564,2544
6915.721893310547,2522
6916.691303253174,2578
6917.688369750977,2554
6918.685674667358,2498
6919.68297958374,2482
6920.680284500122,2510
6921.679735183716,2526
6922.676563262939,2556
6923.6741065979,2502
6924.671411514282,2506
6925.668716430664,2484
6926.6955852508545,2538
6927.689790725708,2536
6928.687572479248,2546
6929.687023162842,2494
6930.682182312012,2470
6931.687593460083,2468
6932.677745819092,2458
6933.674573898315,2550
6934.644937515259,2608
6935.6689453125,2598
6936.670303344727,2550
6937.668085098267,2544
6938.661098480225,2608
6939.658641815186,2542
6940.655708312988,2542
6941.652536392212,2526
6942.653179168701,2482
6943.64857673645,2514
6944.646835327148,2526
6945.644378662109,2524
6946.639537811279,2522
6947.608709335327,2488
6948.607683181763,2470
6949.63264465332,2506
6950.631618499756,2574
6951.6260623931885,2526
6952.594995498657,2494
6953.592538833618,2492
6954.58984375,2458
6955.615282058716,2490
6956.618547439575,2490
6957.6098918914795,2516
6958.609819412231,2542
6959.578275680542,2524
6960.602521896362,2520
6961.601495742798,2514
6962.596654891968,2554
6963.59395980835,2558
6964.591503143311,2582
6965.560436248779,2554
6966.5937423706055,2522
6967.555046081543,2510
6968.552350997925,2490
6969.549894332886,2538
6970.547199249268,2550
6971.544504165649,2542
6972.541809082031,2522
6973.538875579834,2466
6974.536418914795,2514
6975.533723831177,2504
6976.5307903289795,2518
6977.5285720825195,2514
6978.525876998901,2460
6979.523181915283,2478
6980.520486831665,2494
6981.517791748047,2522
6982.515096664429,2552
6983.512401580811,2546
6984.5099449157715,2506
6985.507249832153,2538
6986.504316329956,2534
6987.501382827759,2546
6988.499164581299,2514
6989.496469497681,2542
6990.494012832642,2514
6991.490840911865,2518
6992.488622665405,2550
6993.485927581787,2554
6994.48299407959,2546
6995.48077583313,2542
6996.477842330933,2518
6997.474908828735,2518
6998.472213745117,2546
6999.469757080078,2500
7000.466823577881,2526
7001.464128494263,2522
7002.461910247803,2510
7003.4589767456055,2458
7004.456281661987,2452
7005.45334815979,2544
7006.45112991333,2556
7007.448434829712,2522
7008.445739746094,2546
7009.443044662476,2506
7010.4405879974365,2526
7011.437654495239,2522
7012.4351978302,2534
7013.432502746582,2546
7014.429569244385,2554
7015.426874160767,2526
7016.427040100098,2552
7017.425060272217,2546
7018.421411514282,2598
7019.416809082031,2570
7020.413875579834,2554
7021.411180496216,2558
7022.408246994019,2510
7023.4057903289795,2514
7024.403095245361,2516
7025.402784347534,2504
7026.400089263916,2444
7027.395486831665,2450
7028.392553329468,2482
7029.3896198272705,2538
7030.387163162231,2546
7031.384468078613,2574
7032.381534576416,2554
7033.379316329956,2520
7034.376621246338,2506
7035.37392616272,2534
7036.3709926605225,2538
7037.368535995483,2522
7038.365602493286,2522
7039.363145828247,2518
7040.360689163208,2558
7041.35799407959,2534
7042.355537414551,2522
7043.352365493774,2554
7044.349670410156,2610
7045.347213745117,2586
7046.34428024292,2546
7047.34206199646,2502
7048.339366912842,2518
7049.339294433594,2514
7050.335884094238,2534
7051.33318901062,2502
7052.330732345581,2490
7053.327798843384,2466
7054.325342178345,2510
7055.3224086761475,2518
7056.3201904296875,2544
7057.31725692749,2518
7058.314561843872,2470
7059.312105178833,2522
7060.309410095215,2526
7061.306715011597,2520
7062.303781509399,2522
7063.30132484436,2502
7064.298868179321,2482
7065.295696258545,2486
7066.293478012085,2522
7067.290544509888,2552
7068.28761100769,2506
7069.285869598389,2538
7070.2805519104,2482
7071.277618408203,2512
7072.275161743164,2522
7073.272466659546,2532
7074.269533157349,2504
7075.2668380737305,2546
7076.264381408691,2522
7077.261447906494,2526
7078.258991241455,2522
7079.258918762207,2528
7080.25598526001,2506
7081.25376701355,2470
7082.250595092773,2486
7083.247900009155,2526
7084.245681762695,2518
7085.242509841919,2526
7086.24005317688,2538
7087.237596511841,2514
7088.234663009644,2550
7089.2322063446045,2534
7090.228796005249,2518
7091.22633934021,2512
7092.223882675171,2518
7093.221426010132,2508
7094.218730926514,2510
7095.215797424316,2538
7096.212863922119,2506
7097.210645675659,2506
7098.234176635742,2526
7099.231481552124,2546
7100.203514099121,2570
7101.197957992554,2526
7102.2303104400635,2586
7103.230953216553,2554
7104.218006134033,2510
7105.217695236206,2510
7106.212854385376,2520
7107.210159301758,2570
7108.20746421814,2504
7109.204530715942,2524
7110.173940658569,2502
7111.199855804443,2504
7112.196922302246,2526
7113.196134567261,2574
7114.192008972168,2580
7115.189075469971,2522
7116.186618804932,2482
7117.183446884155,2534
7118.183374404907,2512
7119.178295135498,2510
7120.175361633301,2478
7121.174573898315,2502
7122.171640396118,2512
7123.167037963867,2518
7124.165058135986,2510
7125.162363052368,2520
7126.17039680481,2574
7127.1562576293945,2570
7128.154754638672,2586
7129.153490066528,2576
7130.148649215698,2526
7131.14595413208,2522
7132.144212722778,2488
7133.141040802002,2534
7134.140491485596,2546
7135.1354122161865,2484
7136.132717132568,2492
7137.1331214904785,2494
7138.1285190582275,2546
7139.125347137451,2534
7140.121698379517,2542
7141.119956970215,2544
7142.1191692352295,2518
7143.113851547241,2514
7144.111394882202,2510
7145.110607147217,2512
7147.077798843384,2494
7147.077798843384,2502
7148.073673248291,2492
7149.0983963012695,2514
7150.097608566284,2534
7151.092767715454,2590
7152.090072631836,2614
7153.089761734009,2598
7154.088735580444,2554
7155.082702636719,2558
7156.079530715942,2576
7157.076597213745,2610
7158.076286315918,2578
7159.071445465088,2558
7160.072565078735,2536
7162.063360214233,2526
7163.061141967773,2526
7163.061141967773,2520
7164.057970046997,2540
7165.055274963379,2574
7166.055202484131,2488
7167.050361633301,2494
7168.020248413086,2522
7169.046640396118,2558
7170.042276382446,2502
7172.036647796631,2458
7172.036647796631,2494
7173.034191131592,2518
7174.034118652344,2490
7175.0288009643555,2512
7176.026821136475,2538
7177.995204925537,2538
7178.991079330444,2550
7178.991079330444,2494
7181.012868881226,2540
7182.012557983398,2524
7183.007717132568,2512
7184.009075164795,2514
7185.004234313965,2554
7185.999393463135,2574
7186.997175216675,2518
7187.9942417144775,2490
7188.991546630859,2518
7189.991235733032,2582
7190.990924835205,2538
7191.993713378906,2472
7192.953824996948,2442
7192.953824996948,2472
7194.976568222046,2490
7195.968389511108,2554
7196.9757080078125,2546
7197.963714599609,2510
7198.977470397949,2482
7199.959993362427,2534
7200.963020324707,2558
7201.959133148193,2602
7202.961206436157,2544
7203.953504562378,2510
7204.95080947876,2512
7205.957412719727,2536
7207.962989807129,2594
7207.962989807129,2582
7208.911895751953,2574
7209.414958953857,2580
7209.986209869385,2578
7211.419343948364,2590
7212.417840957642,2578
7213.415861129761,2546
7214.413166046143,2570
7215.410470962524,2546
7216.408014297485,2516
7217.405080795288,2482
7218.402624130249,2506
7219.399452209473,2518
7220.3967571258545,2486
7221.394062042236,2474
7222.391366958618,2518
7223.388910293579,2554
7224.386930465698,2518
7225.383996963501,2518
7226.380825042725,2502
7227.378368377686,2502
7228.375434875488,2458
7229.372978210449,2470
7230.370283126831,2510
7231.367588043213,2534
7232.364892959595,2488
7233.3619594573975,2478
7234.3597412109375,2510
7235.357046127319,2540
7236.354112625122,2508
7237.351655960083,2518
7238.348722457886,2508
7239.346027374268,2546
7240.343809127808,2502
7241.341114044189,2428
7242.338418960571,2472
7243.335485458374,2484
7244.332790374756,2490
7245.330095291138,2430
7246.3274002075195,2490
7247.324705123901,2538
7248.322248458862,2542
7249.319553375244,2492
7250.316619873047,2506
7251.314163208008,2526
7252.31146812439,2518
7253.3087730407715,2430
7254.306077957153,2478
7255.303859710693,2506
7256.300687789917,2514
7257.297992706299,2482
7258.29553604126,2478
7259.292840957642,2510
7260.290145874023,2546
7261.287450790405,2522
7262.284755706787,2582
7263.282060623169,2576
7264.279365539551,2518
7265.276908874512,2482
7266.274213790894,2458
7267.271280288696,2514
7268.268823623657,2558
7269.267797470093,2530
7270.297050476074,2506
7271.289587020874,2510
7272.287845611572,2494
7273.283958435059,2550
7274.281978607178,2514
7275.281190872192,2518
7276.24773979187,2482
7277.273178100586,2482
7278.273344039917,2526
7279.27303314209,2548
7280.266046524048,2510
7281.263828277588,2526
7282.259941101074,2506
7283.259630203247,2522
7284.254312515259,2542
7285.256862640381,2578
7286.221504211426,2558
7287.21809387207,2514
7288.215398788452,2484
7289.212703704834,2538
7290.210247039795,2546
7291.207313537598,2522
7292.2046184539795,2536
7293.20216178894,2542
7294.199466705322,2574
7295.196771621704,2570
7296.194076538086,2550
7297.191381454468,2538
7298.18868637085,2544
7299.185991287231,2510
7300.183534622192,2454
7301.181077957153,2454
7302.178144454956,2534
7303.175449371338,2524
7304.17275428772,2522
7305.170059204102,2516
7306.167364120483,2544
7307.164669036865,2510
7308.162212371826,2492
7309.159278869629,2486
7310.15682220459,2518
7311.154127120972,2490
7312.1514320373535,2424
7313.148498535156,2472
7314.146041870117,2450
7315.143346786499,2506
7316.170215606689,2488
7317.167043685913,2544
7318.166732788086,2586
7319.160938262939,2578
7320.158958435059,2584
7321.156024932861,2590
7322.153806686401,2546
7323.153972625732,2538
7324.147939682007,2550
7325.145244598389,2514
7326.145648956299,2520
7327.140092849731,2514
7328.137397766113,2494
7329.134464263916,2574
7330.132007598877,2550
7331.13169670105,2534
7332.127332687378,2506
7333.124399185181,2548
7334.125757217407,2550
7335.124254226685,2510
7336.118936538696,2518
7337.114334106445,2490
7338.111400604248,2490
7339.111089706421,2518
7340.105772018433,2546
7341.103792190552,2578
7342.1032428741455,2598
7343.097686767578,2550
7344.094753265381,2574
7345.092296600342,2544
7346.0893630981445,2546
7347.090005874634,2582
7348.084449768066,2584
7349.08127784729,2508
7350.0816822052,2490
7351.077079772949,2526
7352.073669433594,2570
7353.071451187134,2582
7354.067802429199,2514
7355.067253112793,2506
7356.062412261963,2538
7357.059955596924,2568
7358.060121536255,2534
7359.0545654296875,2542
7360.053300857544,2514
7361.0498905181885,2510
7362.046241760254,2472
7363.046169281006,2534
7364.041090011597,2544
7365.0407791137695,2488
7366.039037704468,2480
7367.033004760742,2534
7368.003606796265,2594
7369.028091430664,2538
7370.025634765625,2510
7371.02484703064,2502
7372.020721435547,2514
7373.017072677612,2540
7375.012159347534,2522
7375.012159347534,2510
7377.007007598877,2510
7377.007007598877,2536
7378.003835678101,2534
7379.998683929443,2520
7380.995750427246,2538
7381.997346878052,2482
7382.99036026001,2498
7383.988380432129,2484
7384.988069534302,2510
7385.993719100952,2506
7386.988162994385,2454
7387.978076934814,2472
7388.969421386719,2510
7389.967679977417,2516
7390.969276428223,2554
7391.9665813446045,2550
7392.969608306885,2502
7393.961429595947,2462
7394.961833953857,2498
7395.955801010132,2502
7396.955490112305,2514
7397.953987121582,2490
7398.948431015015,2486
7399.945259094238,2514
7400.943279266357,2542
7401.940107345581,2582
7402.940511703491,2518
7403.934717178345,2522
7404.932498931885,2490
7405.932188034058,2490
7406.928300857544,2502
7407.897233963013,2510
7408.921241760254,2486
7409.919261932373,2414
7410.918712615967,2446
7411.920547485352,2510
7412.92142868042,2538
7413.919687271118,2542
7414.905071258545,2550
7415.903329849243,2556
7416.900396347046,2574
7417.868852615356,2550
7418.896675109863,2570
7419.891834259033,2506
7420.891523361206,2470
7421.889781951904,2510
7422.884225845337,2544
7423.855781555176,2522
7424.8504638671875,2514
7425.851345062256,2510
7426.875352859497,2518
7427.870750427246,2570
7428.868532180786,2574
7429.868221282959,2554
7430.863618850708,2538
7431.860446929932,2504
7432.857036590576,2510
7433.857440948486,2478
7434.846878051758,2510
7435.852289199829,2490
7436.84720993042,2490
7437.846660614014,2538
7438.841819763184,2550
7439.81146812439,2540
7440.808057785034,2542
7441.833257675171,2574
7442.833662033081,2572
7443.82905960083,2512
7444.825649261475,2514
7445.825576782227,2542
7446.8255043029785,2512
7447.8185176849365,2470
7448.814392089844,2454
7449.78404045105,2514
7450.780630111694,2514
7451.777935028076,2534
7452.775239944458,2494
7453.772783279419,2498
7454.770088195801,2534
7455.767393112183,2520
7456.764459609985,2516
7457.762002944946,2542
7458.759307861328,2520
7459.75661277771,2498
7460.754156112671,2478
7461.751461029053,2542
7462.7485275268555,2552
7463.746070861816,2518
7464.743375778198,2470
7465.74068069458,2490
7466.737985610962,2526
7467.735290527344,2550
7468.732595443726,2544
7469.730377197266,2486
7470.727205276489,2498
7471.72474861145,2534
7472.722053527832,2526
7473.719358444214,2508
7474.716663360596,2526
7475.7139682769775,2494
7476.711273193359,2448
7477.708578109741,2486
7478.706121444702,2514
7479.703426361084,2514
7480.700492858887,2486
7481.698274612427,2502
7482.6953411102295,2518
7483.692646026611,2524
7484.689950942993,2506
7485.689878463745,2546
7486.687183380127,2538
7487.68424987793,2556
7488.681316375732,2538
7489.678621292114,2518
7490.6744956970215,2514
7491.671323776245,2510
7492.668628692627,2486
7493.665933609009,2512
7494.663238525391,2486
7495.660781860352,2490
7496.658086776733,2526
7497.655391693115,2518
7498.652458190918,2518
7499.650001525879,2526
7500.647306442261,2526
7501.644849777222,2518
7502.6421546936035,2502
7503.639221191406,2494
7504.636526107788,2540
7505.63383102417,2514
7506.631374359131,2486
7507.628679275513,2458
7508.6259841918945,2526
7509.6235275268555,2522
7510.620594024658,2574
7511.61789894104,2610
7512.615203857422,2616
7513.612747192383,2544
7514.610052108765,2514
7515.6073570251465,2580
7516.6051387786865,2576
7517.602205276489,2526
7518.599271774292,2458
7519.596576690674,2486
7520.594120025635,2536
7521.591424942017,2554
7522.588491439819,2512
7523.58603477478,2546
7524.583339691162,2578
7525.580644607544,2576
7526.577949523926,2486
7527.575254440308,2510
7528.572559356689,2530
7529.569864273071,2518
7530.567407608032,2482
7531.565427780151,2482
7532.562255859375,2500
7533.559322357178,2540
7534.556865692139,2538
7535.553932189941,2602
7536.551237106323,2630
7537.548780441284,2560
7538.546085357666,2512
7539.543390274048,2526
7540.540456771851,2558
7541.5380001068115,2554
7542.535305023193,2462
7543.532609939575,2446
7544.530153274536,2514
7545.527458190918,2518
7546.555757522583,2502
7547.551393508911,2510
7548.548460006714,2536
7549.548625946045,2534
7550.543546676636,2486
7551.539897918701,2506
7552.5383949279785,2526
7553.534746170044,2518
7554.534912109375,2498
7555.529594421387,2474
7556.526660919189,2494
7557.5270652771,2526
7558.52198600769,2538
7559.504270553589,2554
7560.516595840454,2546
7561.513900756836,2538
7562.514066696167,2532
7563.508987426758,2534
7564.505577087402,2550
7565.505504608154,2558
7566.5037631988525,2538
7567.497253417969,2518
7568.495035171509,2494
7569.492816925049,2504
7570.492506027222,2516
7571.486711502075,2510
7572.484016418457,2510
7573.484182357788,2490
7574.479341506958,2510
7575.476884841919,2492
7576.472997665405,2480
7577.442407608032,2502
7578.439712524414,2492
7579.4384479522705,2504
7580.462694168091,2490
7581.462621688843,2526
7582.457542419434,2554
7583.454608917236,2582
7584.451913833618,2542
7585.448741912842,2546
7586.449861526489,2526
7587.443828582764,2506
7588.441371917725,2540
7589.441537857056,2536
7590.435981750488,2538
7591.432809829712,2524
7592.431306838989,2524
7593.400001525879,2574
7594.397068023682,2590
7595.423460006714,2552
7596.421241760254,2528
7597.420930862427,2518
7598.4156131744385,2550
7599.412679672241,2516
7600.410461425781,2480
7601.407289505005,2482
7602.406978607178,2504
7603.4064292907715,2480
7604.3994426727295,2506
7605.399608612061,2546
7606.394290924072,2542
7607.391834259033,2546
7608.360052108765,2548
7609.359979629517,2542
7610.356330871582,2510
7611.354112625122,2522
7612.351179122925,2518
7613.348484039307,2538
7614.3457889556885,2546
7615.343332290649,2516
7616.340398788452,2484
7617.337703704834,2538
7618.333339691162,2544
7619.330167770386,2550
7620.327472686768,2518
7621.324777603149,2578
7622.322082519531,2546
7623.319387435913,2522
7624.316930770874,2500
7625.314235687256,2518
7626.311302185059,2524
7627.3088455200195,2514
7628.306150436401,2508
7629.303455352783,2508
7630.300521850586,2522
7631.298303604126,2526
7632.295370101929,2538
7633.292675018311,2538
7634.289979934692,2520
7635.287523269653,2490
7636.284589767456,2524
7637.282133102417,2526
7638.279676437378,2518
7639.307260513306,2522
7640.30385017395,2506
7641.300678253174,2514
7642.300128936768,2534
7643.299579620361,2538
7644.292831420898,2544
7645.29275894165,2546
7646.286964416504,2522
7647.284507751465,2514
7648.282289505005,2526
7649.2791175842285,2506
7650.278806686401,2510
7651.246786117554,2556
7652.271509170532,2550
7653.271436691284,2534
7654.265880584717,2514
7655.263900756836,2540
7656.263113021851,2546
7657.258749008179,2518
7658.258676528931,2538
7659.252643585205,2510
7660.222768783569,2490
7661.250114440918,2516
7662.247896194458,2516
7663.24782371521,2546
7664.239406585693,2546
7665.236949920654,2510
7666.237115859985,2522
7667.231559753418,2542
7668.20216178894,2584
7669.198513031006,2552
7670.222997665405,2520
7671.221494674683,2502
7672.218322753906,2506
7673.21515083313,2478
7674.216032028198,2556
7675.180912017822,2534
7676.199913024902,2538
7677.207469940186,2510
7678.201913833618,2546
7679.199457168579,2558
7680.196762084961,2548
7681.193828582764,2516
7682.193994522095,2490
7683.189392089844,2492
7684.186220169067,2506
7685.186147689819,2486
7686.180830001831,2462
7687.178373336792,2486
7688.175439834595,2524
7689.173460006714,2522
7690.171957015991,2504
7691.167116165161,2518
7692.164659500122,2526
7693.164825439453,2512
7694.159269332886,2456
7695.156812667847,2502
7696.154832839966,2486
7697.151184082031,2482
7698.151111602783,2458
7699.145793914795,2518
7700.143814086914,2582
7701.1120319366455,2538
7702.109098434448,2522
7703.105926513672,2542
7704.103231430054,2506
7705.100774765015,2516
7706.0980796813965,2518
7707.095384597778,2542
7708.092927932739,2512
7709.090232849121,2430
7710.087537765503,2482
7711.084604263306,2494
7712.082147598267,2514
7713.079452514648,2494
7714.076995849609,2522
7715.074300765991,2570
7716.071605682373,2570
7717.069149017334,2520
7719.063997268677,2526
7720.0610637664795,2552
7721.058368682861,2522
7722.055673599243,2448
7723.053216934204,2518
7724.050283432007,2526
7725.047588348389,2522
7726.04513168335,2502
7727.042436599731,2550
7728.039503097534,2602
7729.037284851074,2582
7730.034351348877,2550
7731.031656265259,2556
7732.033491134644,2578
7733.029842376709,2544
7734.027147293091,2504
7735.024213790894,2510
7736.0217571258545,2518
7737.019300460815,2518
7738.016366958618,2476
7739.013433456421,2478
7740.010976791382,2534
7741.008281707764,2520
7742.0055866241455,2510
7743.002653121948,2506
7744.000434875488,2534
7744.997501373291,2520
7745.994806289673,2510
7746.989965438843,2518
7747.986555099487,2482
7749.015808105469,2510
7750.016689300537,2510
7751.012563705444,2548
7752.009153366089,2538
7753.014326095581,2558
7754.0082931518555,2538
7755.000114440918,2538
7755.996227264404,2580
7757.002830505371,2558
7757.990121841431,2526
7758.988618850708,2520
7759.989500045776,2554
7760.983228683472,2578
7761.983394622803,2538
7762.949228286743,2542
7763.975620269775,2542
7764.975547790527,2528
7765.969753265381,2554
7766.9677734375,2576
7767.935991287231,2534
7768.9619064331055,2520
7769.961833953857,2534
7770.957231521606,2526
7771.954298019409,2518
7772.956609725952,2544
7773.949384689331,2554
7774.946212768555,2538
7775.943994522095,2534
7776.940822601318,2534
7777.9412269592285,2544
7778.935670852661,2534
7779.932737350464,2514
7780.933856964111,2510
7781.928539276123,2540
7782.927751541138,2506
7783.926248550415,2522
7784.926652908325,2534
7785.9251499176025,2554
7786.924839019775,2502
7787.925243377686,2460
7788.911581039429,2500
7789.906024932861,2522
7790.903329849243,2518
7791.900634765625,2456
7792.881965637207,2450
7793.864488601685,2454
7794.861555099487,2492
7795.895576477051,2480
7796.8902587890625,2516
7797.889709472656,2554
7798.882961273193,2540
7799.8833656311035,2472
7800.877094268799,2542
7801.876544952393,2554
7802.8717041015625,2486
7803.868770599365,2478
7804.868698120117,2480
7805.864572525024,2538
7806.861162185669,2522
7807.859182357788,2526
7808.824777603149,2534
7809.821844100952,2538
7810.818910598755,2536
7811.815977096558,2518
7812.813520431519,2506
7813.8110637664795,2514
7814.808368682861,2508
7815.805435180664,2486
7816.802740097046,2486
7817.800521850586,2506
7818.803071975708,2518
7819.799184799194,2488
7820.797443389893,2522
7821.794509887695,2536
7822.791337966919,2514
7823.787689208984,2538
7824.781894683838,2546
7825.77919960022,2522
7826.776504516602,2510
7827.7740478515625,2480
7828.770875930786,2502
7829.768180847168,2504
7830.76548576355,2512
7831.767320632935,2518
7832.764387130737,2538
7833.761215209961,2518
7834.75923538208,2546
7835.755825042725,2552
7836.753129959106,2558
7837.750196456909,2526
7838.74773979187,2522
7839.745759963989,2526
7840.739965438843,2548
7841.736793518066,2518
7842.733860015869,2494
7843.73140335083,2530
7844.7325229644775,2554
7845.729351043701,2570
7846.726655960083,2500
7847.723722457886,2518
7848.7207889556885,2530
7849.719524383545,2548
7850.716114044189,2526
7851.713180541992,2518
7852.710485458374,2514
7853.707551956177,2490
7854.705095291138,2486
7855.703592300415,2534
7856.6999435424805,2510
7857.697248458862,2502
7858.694553375244,2514
7859.691619873047,2538
7860.689640045166,2554
7861.68646812439,2510
7862.6837730407715,2470
7863.680839538574,2514
7864.678621292114,2552
7865.675687789917,2526
7866.673231124878,2514
7867.670297622681,2512
7868.668079376221,2534
7869.665622711182,2542
7870.664358139038,2544
7871.689796447754,2538
7872.681140899658,2526
7873.687267303467,2486
7874.682664871216,2544
7875.6725788116455,2526
7876.679420471191,2522
7877.674102783203,2494
7878.665924072266,2484
7879.668951034546,2514
7880.66554069519,2522
7881.666421890259,2544
7882.654905319214,2522
7883.658647537231,2476
7884.62495803833,2506
7885.646820068359,2510
7886.620998382568,2514
7887.618780136108,2514
7888.615608215332,2510
7889.6119594573975,2492
7890.609502792358,2490
7891.606330871582,2514
7892.603874206543,2522
7893.601179122925,2542
7894.598960876465,2526
7895.595550537109,2550
7896.593332290649,2518
7897.590637207031,2498
7898.587703704834,2548
7899.585485458374,2546
7900.582551956177,2474
7901.5796184539795,2450
7902.578830718994,2460
7903.575658798218,2548
7904.572010040283,2558
7905.568838119507,2534
7906.566619873047,2504
7907.563924789429,2520
7908.560991287231,2506
7909.55924987793,2504
7910.555839538574,2522
7911.552906036377,2512
7912.550687789917,2494
7913.54775428772,2454
7914.545059204102,2506
7915.542364120483,2538
7916.539907455444,2550
7917.560815811157,2526
7918.564319610596,2558
7919.555425643921,2582
7920.553684234619,2582
7921.555042266846,2552
7922.555685043335,2550
7923.545598983765,2522
7924.5429039001465,2502
7925.546407699585,2482
7926.5429973602295,2518
7927.542448043823,2502
7928.539276123047,2494
7929.529905319214,2514
7930.533409118652,2538
7931.530475616455,2486
7932.4939250946045,2478
7933.490753173828,2490
7934.48805809021,2550
7935.485363006592,2526
7936.482667922974,2522
7937.479734420776,2510
7938.477277755737,2506
7939.474582672119,2524
7940.471887588501,2574
7941.468954086304,2604
7942.466497421265,2598
7943.4638023376465,2602
7944.461107254028,2520
7945.458650588989,2526
7946.455717086792,2570
7947.453022003174,2610
7948.451042175293,2616
7949.448108673096,2576
7950.445175170898,2538
7951.44248008728,2510
7952.440023422241,2518
7953.437089920044,2534
7954.434394836426,2542
7955.431938171387,2514
7956.429243087769,2452
7957.42654800415,2472
7958.423614501953,2512
7959.421396255493,2508
7960.418701171875,2520
7961.415767669678,2490
7962.413311004639,2490
7963.4106159210205,2546
7964.408397674561,2574
7965.219020843506,2538
7966.284990310669,2510
7967.729806900024,2526
7968.234300613403,2526
7969.235897064209,2510
7970.23344039917,2494
7971.230268478394,2522
7972.228288650513,2534
7973.225116729736,2526
7974.222421646118,2518
7975.219964981079,2544
7976.21750831604,2538
7977.214336395264,2510
7978.212118148804,2518
7979.209899902344,2544
7980.206489562988,2546
7981.20379447937,2546
7982.200860977173,2488
7983.198404312134,2552
7984.195947647095,2598
7985.1930141448975,2602
7986.1907958984375,2604
7987.187623977661,2598
7988.184928894043,2644
7989.182233810425,2642
7990.179538726807,2634
7991.1768436431885,2632
7992.173910140991,2644
7993.171691894531,2600
7994.168996810913,2522
7995.166301727295,2502
7996.163368225098,2536
7997.160911560059,2522
7998.160839080811,2486
7999.157667160034,2470
8000.154733657837,2510
8001.152992248535,2502
8002.149343490601,2518
8003.175973892212,2470
8004.173040390015,2490
8005.168437957764,2484
8006.167650222778,2430
8007.163047790527,2458
8008.160591125488,2462
8009.158372879028,2450
8010.155439376831,2392
8011.154890060425,2418
8012.150526046753,2418
8013.149976730347,2450
8014.146327972412,2462
8015.141725540161,2526
8016.139030456543,2522
8017.136573791504,2526
8018.133878707886,2506
8019.1333293914795,2506
8020.1287269592285,2508
8021.126270294189,2526
8022.125244140625,2526
8023.120164871216,2478
8024.118185043335,2506
8025.115251541138,2518
8026.1125564575195,2574
8027.112007141113,2588
8028.107166290283,2574
8029.104471206665,2554
8030.10368347168,2524
8031.099557876587,2586
8032.096385955811,2582
8033.0939292907715,2578
8034.091472625732,2488
8035.090684890747,2448
8036.085844039917,2480
8037.08291053772,2486
8038.0823612213135,2550
8039.0777587890625,2514
8040.049314498901,2504
8041.045665740967,2522
8043.038845062256,2512
8043.038845062256,2556
8044.036149978638,2506
8045.03321647644,2492
8046.030759811401,2518
8047.027826309204,2538
8048.025369644165,2546
8049.022674560547,2504
8050.019979476929,2514
8051.017284393311,2518
8052.015066146851,2534
8053.012132644653,2542
8054.009437561035,2538
8055.006742477417,2554
8056.005239486694,2570
8057.02805519104,2570
8058.028936386108,2584
8059.0245723724365,2550
8060.019969940186,2534
8061.017274856567,2534
8062.016248703003,2542
8063.01474571228,2510
8064.008474349976,2512
8065.006256103516,2478
8066.0035610198975,2458
8067.97194480896,2506
8067.97194480896,2510
8068.995475769043,2516
8070.963144302368,2522
8071.959972381592,2536
8072.957277297974,2522
8073.9545822143555,2502
8074.952125549316,2478
8075.949192047119,2526
8076.946496963501,2538
8077.957630157471,2510
8078.941583633423,2482
8079.9384117126465,2474
8080.9361934661865,2494
8081.933498382568,2514
8082.930564880371,2522
8083.927869796753,2512
8084.933280944824,2518
8085.926055908203,2534
8086.922168731689,2526
8087.91971206665,2516
8088.942766189575,2526
8089.939117431641,2480
8090.9388065338135,2502
8091.9342041015625,2494
8092.904567718506,2494
8093.930721282959,2512
8093.930721282959,2522
8095.923185348511,2476
8096.920490264893,2474
8097.9180335998535,2542
8098.917245864868,2582
8099.912643432617,2522
8100.910186767578,2510
8101.901292800903,2546
8102.928876876831,2540
8103.908061981201,2490
8104.898929595947,2478
8105.8971881866455,2506
8106.896162033081,2516
8107.893466949463,2478
8108.888626098633,2486
8109.8878383636475,2538
8110.882997512817,2526
8111.8810176849365,2566
8112.878799438477,2540
8113.875865936279,2574
8114.874839782715,2554
8115.870237350464,2516
8116.869688034058,2486
8117.8600788116455,2516
8118.8623905181885,2554
8119.865894317627,2510
8120.829820632935,2470
8121.826648712158,2486
8122.824192047119,2502
8123.821258544922,2488
8124.818563461304,2490
8125.815868377686,2514
8126.8134117126465,2544
8127.810716629028,2430
8128.80802154541,2494
8129.805564880371,2476
8130.803108215332,2506
8131.799936294556,2498
8132.82585144043,2454
8133.825302124023,2478
8134.8206996917725,2516
8135.818243026733,2570
8136.815786361694,2546
8137.814044952393,2514
8138.817071914673,2486
8139.807462692261,2474
8140.804767608643,2490
8141.803979873657,2518
8142.799139022827,2550
8143.796920776367,2508
8144.79398727417,2474
8145.791292190552,2494
8146.790981292725,2508
8147.785902023315,2524
8148.782968521118,2484
8149.7838497161865,2494
8150.778770446777,2494
8151.77583694458,2504
8152.772665023804,2486
8153.769969940186,2476
8154.7698974609375,2486
8155.766010284424,2494
8156.7628383636475,2522
8157.761096954346,2536
8158.756732940674,2536
8159.754991531372,2558
8160.752773284912,2538
8161.749839782715,2522
8162.748575210571,2514
8163.743734359741,2510
8164.740800857544,2544
8165.740013122559,2526
8166.7351722717285,2550
8167.734146118164,2532
8168.7304973602295,2546
8169.727325439453,2542
8170.727014541626,2526
8171.727180480957,2522
8172.719478607178,2546
8173.718690872192,2522
8174.714088439941,2502
8175.711393356323,2458
8176.709175109863,2494
8177.706241607666,2478
8178.705453872681,2456
8179.675102233887,2506
8180.671691894531,2514
8181.668758392334,2540
8182.666063308716,2522
8183.663845062256,2524
8184.660911560059,2550
8185.65821647644,2518
8186.6559982299805,2474
8187.653064727783,2512
8188.650131225586,2510
8189.647674560547,2478
8190.644979476929,2506
8191.642284393311,2550
8192.639589309692,2528
8193.636894226074,2522
8194.634437561035,2506
8195.632219314575,2578
8196.62880897522,2526
8197.62635231018,2522
8198.623657226562,2490
8199.620962142944,2482
8200.618267059326,2488
8201.615571975708,2454
8202.613115310669,2512
8203.610181808472,2500
8204.607486724854,2500
8205.605030059814,2514
8206.602096557617,2522
8207.599401473999,2544
8208.59694480896,2526
8209.594249725342,2522
8210.592031478882,2534
8211.589097976685,2490
8212.586402893066,2480
8213.58346939087,2478
8214.58125114441,2510
8215.578317642212,2520
8216.575384140015,2538
8217.572689056396,2506
8218.570470809937,2538
8219.567775726318,2546
8220.564842224121,2536
8221.562147140503,2554
8222.559690475464,2542
8223.556756973267,2514
8224.554300308228,2536
8225.552082061768,2512
8226.548910140991,2512
8227.546215057373,2512
8228.543519973755,2518
8229.541063308716,2546
8230.538368225098,2510
8231.5354347229,2518
8232.532978057861,2508
8233.530282974243,2556
8234.527587890625,2540
8235.524654388428,2528
8236.522197723389,2538
8237.51950263977,2522
8238.516807556152,2510
8239.514350891113,2526
8240.511417388916,2586
8241.509199142456,2550
8242.506265640259,2524
8243.50380897522,2474
8244.500875473022,2532
8245.498180389404,2572
8246.495485305786,2586
8247.492790222168,2520
8248.490333557129,2538
8249.487400054932,2550
8250.485181808472,2554
8251.482248306274,2520
8252.479314804077,2554
8253.476858139038,2522
8254.47416305542,2520
8255.471467971802,2540
8256.468772888184,2554
8257.466793060303,2538
8258.461952209473,2526
8259.459018707275,2484
8260.456085205078,2522
8261.45339012146,2526
8262.450456619263,2542
8263.448238372803,2554
8264.445304870605,2520
8265.442609786987,2586
8266.440153121948,2522
8267.43745803833,2458
8268.434524536133,2482
8269.431829452515,2534
8270.429372787476,2542
8271.426439285278,2534
8272.42398262024,2494
8273.421287536621,2526
8274.418592453003,2538
8275.415897369385,2550
8276.422262191772,2538
8277.410745620728,2586
8278.40781211853,2544
8279.405117034912,2522
8280.402660369873,2528
8281.399965286255,2526
8282.397270202637,2542
8283.39433670044,2522
8284.3918800354,2458
8285.389184951782,2478
8286.386489868164,2526
8287.384033203125,2502
8288.381099700928,2526
8289.37840461731,2550
8290.375709533691,2534
8291.373252868652,2442
8292.370557785034,2494
8293.367862701416,2542
8294.365167617798,2550
8295.36247253418,2494
8296.359777450562,2456
8297.357082366943,2478
8298.354387283325,2510
8299.351930618286,2554
8300.348997116089,2542
8301.346778869629,2546
8302.361726760864,2524
8303.341150283813,2538
8304.338455200195,2546
8305.335998535156,2570
8306.333303451538,2554
8307.33036994934,2508
8308.327913284302,2490
8309.325218200684,2520
8310.322523117065,2506
8311.320066452026,2514
8312.317371368408,2490
8313.31467628479,2518
8314.311742782593,2526
8315.309286117554,2532
8316.306591033936,2506
8317.303657531738,2502
8318.30096244812,2526
8319.300651550293,2526
8320.324182510376,2534
8321.321249008179,2450
8322.325468063354,2458
8323.315858840942,2502
8324.311971664429,2522
8325.311422348022,2538
8326.281785964966,2514
8327.30770111084,2538
8328.303098678589,2554
8329.30064201355,2534
8330.297470092773,2598
8331.294775009155,2546
8332.292318344116,2570
8333.289623260498,2506
8334.261417388916,2474
8335.25800704956,2534
8336.281538009644,2534
8337.279796600342,2510
8338.275909423828,2482
8339.273452758789,2486
8340.270519256592,2534
8341.267824172974,2518
8342.265129089355,2512
8343.263387680054,2520
8344.260692596436,2514
8345.257759094238,2506
8346.254110336304,2482
8347.252130508423,2520
8348.249912261963,2514
8349.220752716064,2516
8350.244283676147,2494
8351.21750831604,2524
8352.237701416016,2522
8353.235006332397,2570
8354.234457015991,2526
8355.230331420898,2544
8356.227159500122,2542
8357.226371765137,2514
8358.222484588623,2526
8359.219074249268,2568
8360.190391540527,2520
8361.213207244873,2550
8362.213373184204,2510
8363.208055496216,2522
8364.205360412598,2540
8365.20528793335,2500
8366.20020866394,2532
8367.197513580322,2520
8368.197679519653,2488
8369.195222854614,2470
8370.191812515259,2490
8371.18673324585,2538
8372.186422348022,2546
8373.183727264404,2522
8374.17984008789,2570
8375.176429748535,2552
8376.173734664917,2554
8377.171277999878,2538
8378.17096710205,2540
8379.165649414062,2534
8381.13522529602,2526
8381.13522529602,2502
8382.160186767578,2514
8383.155584335327,2538
8384.15241241455,2566
8385.150909423828,2546
8386.120557785034,2508
8387.117147445679,2548
8388.11469078064,2540
8389.111995697021,2502
8390.109300613403,2548
8391.106367111206,2514
8392.103910446167,2452
8393.101215362549,2452
8394.09852027893,2452
8395.096063613892,2512
8396.093606948853,2510
8397.090673446655,2544
8398.087978363037,2554
8399.085521697998,2578
8400.0825881958,2542
8401.079893112183,2574
8402.077436447144,2548
8403.074741363525,2510
8404.072046279907,2506
8405.069351196289,2458
8406.06665611267,2514
8407.063961029053,2520
8408.061265945435,2520
8409.059047698975,2518
8412.010669708252,2540
8412.010669708252,2582
8412.010669708252,2586
8413.614511489868,2506
8414.146900177002,2504
8415.711164474487,2502
8416.74280166626,2542
8417.708396911621,2486
8418.705224990845,2504
8419.702529907227,2484
8420.69959640503,2492
8421.725988388062,2490
8422.72686958313,2546
8423.720598220825,2590
8424.720287322998,2574
8425.716161727905,2522
8426.68604850769,2492
8427.713632583618,2506
8428.707838058472,2530
8429.704666137695,2494
8430.702447891235,2478
8431.699514389038,2490
8432.700157165527,2522
8433.694124221802,2542
8434.664011001587,2534
8435.692310333252,2556
8436.686515808105,2526
8437.683582305908,2534
8438.68088722229,2482
8439.678430557251,2522
8440.680027008057,2546
8441.673040390015,2544
8442.669868469238,2470
8443.670988082886,2458
8444.665431976318,2522
8445.662260055542,2574
8446.659564971924,2574
8447.657108306885,2512
8448.656558990479,2492
8449.651956558228,2512
8450.64902305603,2522
8451.64942741394,2502
8452.643871307373,2512
8453.641414642334,2486
8454.638957977295,2504
8455.636024475098,2492
8456.636190414429,2574
8457.603931427002,2584
8458.59980583191,2520
8459.597826004028,2492
8460.622787475586,2490
8461.619853973389,2542
8462.61715888977,2518
8463.614702224731,2512
8464.613914489746,2504
8465.609788894653,2512
8466.606378555298,2512
8467.607498168945,2510
8468.600749969482,2550
8469.602108001709,2584
8470.595359802246,2576
8471.592903137207,2538
8472.59259223938,2518
8473.58751296997,2540
8474.589347839355,2514
8475.58617591858,2504
8476.579427719116,2494
8477.577447891235,2494
8478.574752807617,2512
8479.57181930542,2526
8480.571269989014,2538
8481.566667556763,2538
8482.56540298462,2544
8483.564853668213,2552
8484.533548355103,2538
8485.55588722229,2546
8486.553192138672,2478
8487.550497055054,2488
8488.54947090149,2474
8489.54463005066,2502
8490.541696548462,2526
8491.54281616211,2518
8492.536544799805,2554
8493.535041809082,2558
8494.531154632568,2598
8495.52869796753,2550
8496.528625488281,2586
8497.525215148926,2534
8498.52466583252,2506
8499.52244758606,2504
8500.515222549438,2514
8501.512289047241,2468
8502.51054763794,2486
8503.507614135742,2512
8504.507064819336,2534
8505.501985549927,2538
8506.49905204773,2570
8507.50207901001,2582
8508.493661880493,2558
8509.491443634033,2498
8510.488748550415,2480
8511.486530303955,2510
8512.48574256897,2502
8513.48066329956,2510
8514.44935798645,2510
8515.446186065674,2522
8516.443490982056,2502
8517.440557479858,2516
8518.438339233398,2556
8519.43564414978,2638
8520.432710647583,2606
8521.430253982544,2512
8522.427558898926,2498
8523.424863815308,2554
8524.42216873169,2576
8525.419473648071,2556
8526.416778564453,2514
8527.414083480835,2506
8528.411626815796,2534
8529.408931732178,2598
8530.40623664856,2558
8531.403541564941,2526
8532.400846481323,2482
8533.398389816284,2506
8534.395933151245,2514
8535.393476486206,2538
8536.39030456543,2514
8537.387609481812,2490
8538.385391235352,2488
8539.382696151733,2510
8540.379762649536,2554
8541.377067565918,2538
8542.374610900879,2550
8543.37191581726,2554
8544.369220733643,2580
8545.366525650024,2534
8546.363830566406,2546
8547.361135482788,2508
8548.35844039917,2514
8549.355745315552,2548
8550.357580184937,2602
8551.353931427002,2556
8552.381753921509,2538
8553.376913070679,2522
8554.37445640564,2590
8555.37462234497,2574
8556.368827819824,2522
8557.365655899048,2488
8558.36272239685,2450
8559.361934661865,2500
8560.360431671143,2502
8561.355113983154,2518
8562.352180480957,2542
8563.353538513184,2526
8564.3470287323,2510
8565.346479415894,2526
8566.311120986938,2594
8567.308187484741,2604
8568.338871002197,2574
8569.3359375,2458
8570.33109664917,2482
8571.331977844238,2538
8572.325706481934,2544
8573.323011398315,2516
8574.321031570435,2512
8575.3173828125,2510
8576.284408569336,2538
8577.314615249634,2550
8578.309774398804,2578
8579.310655593872,2550
8580.304384231567,2540
8581.304550170898,2522
8582.29923248291,2520
8583.26530456543,2494
8584.296703338623,2474
8585.291147232056,2474
8586.288452148438,2490
8587.290287017822,2526
8588.283777236938,2582
8589.280843734741,2542
8590.278625488281,2550
8591.281175613403,2546
8592.275857925415,2526
8593.26982498169,2542
8594.26760673523,2506
8595.268726348877,2514
8596.23122215271,2482
8597.228527069092,2518
8598.225831985474,2554
8599.223136901855,2534
8600.2197265625,2486
8601.217269897461,2512
8602.214336395264,2542
8603.211641311646,2570
8604.209184646606,2538
8605.206489562988,2550
8606.203556060791,2524
8607.201099395752,2494
8608.198642730713,2550
8609.195709228516,2544
8610.193014144897,2504
8611.19031906128,2504
8612.191677093506,2538
8613.188743591309,2502
8614.218950271606,2526
8615.211725234985,2534
8616.212129592896,2576
8617.20609664917,2528
8618.202924728394,2518
8619.204759597778,2522
8620.198488235474,2516
8621.196031570435,2508
8622.193098068237,2518
8623.190641403198,2502
8624.189853668213,2518
8625.185012817383,2520
8626.163482666016,2512
8627.150297164917,2518
8628.145694732666,2502
8629.142999649048,2522
8630.171060562134,2542
8631.168365478516,2534
8632.168292999268,2522
8633.16297531128,2518
8634.160995483398,2534
8635.161399841309,2550
8636.157989501953,2534
8637.152671813965,2510
8638.15426826477,2520
8639.14680480957,2544
8640.146970748901,2538
8641.141414642334,2518
8642.138957977295,2520
8643.140077590942,2526
8644.134283065796,2518
8645.13087272644,2546
8646.127939224243,2558
8647.126197814941,2554
8648.125171661377,2538
8649.124383926392,2490
8650.11739730835,2500
8651.118516921997,2526
8652.112245559692,2544
8653.109312057495,2522
8654.106855392456,2510
8655.104160308838,2486
8656.104326248169,2484
8657.102584838867,2506
8658.096313476562,2558
8659.09743309021,2576
8660.090923309326,2554
8661.088228225708,2524
8662.086248397827,2550
8663.082838058472,2576
8664.082527160645,2582
8665.077447891235,2512
8666.074991226196,2480
8668.040752410889,2478
8668.040752410889,2490
8669.074535369873,2506
8670.064449310303,2530
8671.061277389526,2582
8673.05612564087,2558
8674.023151397705,2510
8675.054788589478,2490
8676.048994064331,2542
8677.045345306396,2534
8678.042650222778,2534
8679.044008255005,2430
8680.040121078491,2506
8681.035041809082,2514
8682.03330039978,2498
8683.033227920532,2494
8684.026718139648,2526
8684.995412826538,2570
8686.02204322815,2610
8687.019348144531,2576
8688.020467758179,2542
8689.013481140137,2546
8689.983367919922,2546
8690.980911254883,2516
8691.978454589844,2514
8692.975997924805,2506
8693.972826004028,2502
8694.970607757568,2518
8695.968389511108,2502
8696.965217590332,2558
8697.962522506714,2546
8698.960781097412,2482
8699.958562850952,2510
8700.955867767334,2550
8701.953649520874,2526
8702.950954437256,2510
8703.948259353638,2482
8704.945087432861,2480
8705.979347229004,2458
8706.96473121643,2502
8707.93628692627,2512
8708.966255187988,2542
8709.970474243164,2536
8710.965871810913,2550
8711.960792541504,2554
8712.974071502686,2586
8713.977813720703,2606
8714.97631072998,2542
8715.958833694458,2510
8716.94016456604,2522
8717.944383621216,2546
8718.935251235962,2534
8719.939708709717,2542
8720.89958190918,2534
8721.895456314087,2486
8722.893238067627,2456
8723.89030456543,2514
8724.91979598999,2526
8725.919008255005,2558
8726.914882659912,2538
8727.911710739136,2458
8728.909492492676,2488
8729.90608215332,2506
8730.903625488281,2518
8731.9016456604,2512
8732.898235321045,2536
8733.896017074585,2494
8734.892845153809,2544
8735.898494720459,2514
8736.894369125366,2558
8737.891912460327,2578
8738.89183998108,2538
8739.880084991455,2490
8740.8766746521,2538
8741.87445640564,2598
8742.8719997406,2598
8743.870258331299,2518
8744.86780166626,2516
8745.864152908325,2528
8746.86074256897,2514
8747.859001159668,2500
8748.85606765747,2498
8749.852895736694,2518
8750.850677490234,2526
8751.821041107178,2486
8752.851009368896,2462
8753.8423538208,2484
8754.84013557434,2518
8755.855321884155,2510
8756.85167312622,2490
8757.848978042603,2542
8758.846044540405,2542
8759.845972061157,2550
8760.841608047485,2514
8761.839866638184,2574
8762.83884048462,2526
8763.833045959473,2502
8764.830350875854,2522
8765.828132629395,2550
8766.82448387146,2528
8767.773628234863,2538
8768.770217895508,2550
8769.76752281189,2544
8770.764350891113,2544
8771.762132644653,2540
8772.759199142456,2510
8773.756742477417,2532
8774.75357055664,2514
8775.751113891602,2510
8776.748418807983,2470
8777.745723724365,2466
8778.743267059326,2492
8779.740571975708,2486
8780.73787689209,2550
8781.734943389893,2554
8782.76515007019,2544
8783.761978149414,2510
8784.73162651062,2522
8785.756826400757,2526
8786.773681640625,2580
8787.768602371216,2526
8788.764953613281,2506
8789.761781692505,2502
8790.760278701782,2510
8791.709661483765,2542
8792.706727981567,2570
8793.703317642212,2558
8794.700384140015,2518
8795.697450637817,2540
8796.695470809937,2586
8797.693014144897,2550
8798.6900806427,2538
8799.687623977661,2506
8800.684452056885,2502
8801.681995391846,2510
8802.679061889648,2514
8803.67660522461,2510
8804.673671722412,2494
8805.670976638794,2482
8806.668519973755,2506
8807.665824890137,2502
8808.663129806519,2558
8809.66067314148,2576
8810.657978057861,2510
8811.655044555664,2490
8812.652587890625,2526
8813.650608062744,2546
8814.647197723389,2534
8815.644979476929,2512
8816.642045974731,2522
8817.639112472534,2512
8818.636655807495,2520
8819.633722305298,2494
8820.631265640259,2518
8821.62857055664,2520
8822.625875473022,2582
8823.622941970825,2528
8824.620723724365,2530
8825.617790222168,2540
8826.61509513855,2514
8827.61263847351,2540
8828.610181808472,2538
8829.607725143433,2538
8830.604791641235,2494
8831.602096557617,2506
8832.599401473999,2510
8833.596229553223,2506
8834.594011306763,2544
8835.591077804565,2516
8836.588621139526,2502
8837.58568763733,2526
8838.58346939087,2514
8839.580535888672,2538
8840.577840805054,2554
8841.575145721436,2528
8842.572450637817,2462
8843.5697555542,2472
8844.56729888916,2510
8845.597982406616,2556
8846.594095230103,2502
8847.591161727905,2510
8848.588705062866,2518
8849.586248397827,2514
8850.584268569946,2518
8851.581335067749,2546
8852.578163146973,2558
8853.57666015625,2570
8854.573488235474,2550
8855.579614639282,2502
8856.573820114136,2510
8857.576370239258,2512
8858.572006225586,2510
8859.538316726685,2514
8860.52918434143,2526
8861.523151397705,2502
8862.55145072937,2486
8863.548994064331,2510
8864.547491073608,2544
8865.543127059937,2572
8866.540670394897,2594
8867.5377368927,2518
8868.53551864624,2526
8869.533061981201,2508
8870.530366897583,2510
8871.526956558228,2546
8872.524738311768,2516
8873.522520065308,2482
8874.51958656311,2490
8875.516653060913,2546
8876.487970352173,2558
8877.480268478394,2606
8878.476619720459,2602
8879.47416305542,2538
8880.47170639038,2526
8881.468534469604,2526
8882.465839385986,2548
8883.463144302368,2542
8884.46068763733,2498
8885.457754135132,2482
8886.455535888672,2494
8887.452602386475,2514
8888.449907302856,2490
8889.447450637817,2554
8890.4447555542,2588
8891.44253730774,2542
8892.439126968384,2516
8893.436670303345,2490
8894.434213638306,2538
8895.43104171753,2546
8896.42858505249,2506
8898.424625396729,2478
8898.424625396729,2514
8899.420976638794,2490
8900.418043136597,2502
8901.4151096344,2546
8902.412414550781,2602
8903.409719467163,2544
8904.407262802124,2538
8905.404567718506,2550
8907.074451446533,2574
8907.62448310852,2528
8908.706188201904,2510
8909.885883331299,2474
8911.032676696777,2498
8912.180662155151,2484
8912.745237350464,2480
8913.87677192688,2494
8915.01522064209,2522
8916.08452796936,2506
8917.231321334839,2478
8917.935848236084,2492
8919.039011001587,2494
8920.040369033813,2526
8921.037673950195,2508
8922.034978866577,2522
8923.032522201538,2514
8924.029350280762,2512
8924.910068511963,2490
8925.91142654419,2542
8926.90896987915,2578
8927.906274795532,2556
8928.903579711914,2526
8929.900646209717,2574
8930.897951126099,2534
8931.89549446106,2574
8932.892799377441,2518
8933.890104293823,2582
8934.887409210205,2552
8935.884714126587,2520
8936.882019042969,2524
8937.87932395935,2514
8938.87710571289,2538
8939.874172210693,2510
8940.871477127075,2482
8941.869020462036,2494
8942.866086959839,2518
8943.862676620483,2482
8944.859981536865,2516
8945.857524871826,2522
8946.854829788208,2522
8947.85213470459,2502
8948.849439620972,2518
8949.846982955933,2534
8950.844049453735,2582
8951.841354370117,2542
8952.838659286499,2514
8953.835725784302,2470
8954.878807067871,2462
8955.862522125244,2502
8956.861734390259,2508
8957.856893539429,2522
8958.855152130127,2534
8959.855556488037,2526
8960.84976196289,2526
8961.846828460693,2502
8962.843894958496,2514
8963.841199874878,2522
8964.84088897705,2482
8965.835571289062,2510
8966.83406829834,2458
8967.833995819092,2494
8968.827486038208,2480
8969.796657562256,2498
8970.821857452393,2490
8971.821546554565,2494
8972.8262424469,2510
8973.818302154541,2552
8974.814653396606,2558
8975.811958312988,2540
8976.809024810791,2522
8977.803230285645,2514
8978.800058364868,2508
8979.800462722778,2506
8980.797290802002,2510
8981.794595718384,2512
8982.790231704712,2490
8983.790636062622,2500
8984.753847122192,2546
8985.750913619995,2538
8986.778736114502,2600
8987.776756286621,2554
8988.775968551636,2538
8989.771127700806,2522
8990.769386291504,2510
8991.769075393677,2528
8992.762804031372,2494
8993.759870529175,2510
8994.75884437561,2512
8995.75662612915,2502
8996.755838394165,2526
8997.751235961914,2522
8998.74758720398,2586
8999.74799156189,2534
9000.742197036743,2550
9001.739740371704,2538
9002.736330032349,2520
9003.734588623047,2514
9004.734754562378,2510
9005.728721618652,2558
9006.702661514282,2512
9007.735252380371,2524
9008.732080459595,2542
9009.699821472168,2546
9010.725975036621,2524
9011.723041534424,2590
9012.720823287964,2558
9013.718128204346,2550
9014.719009399414,2526
9015.714406967163,2540
9016.709804534912,2526
9017.71068572998,2514
9018.705606460571,2514
9019.702196121216,2534
9020.699501037598,2554
9021.697521209717,2502
9022.696018218994,2534
9023.690938949585,2534
9024.688482284546,2538
9025.689125061035,2526
9026.652574539185,2510
9027.649402618408,2514
9028.646469116211,2526
9029.644250869751,2538
9030.641317367554,2558
9031.642198562622,2536
9032.639265060425,2544
9033.636569976807,2506
9034.633874893188,2542
9035.63117980957,2570
9036.628007888794,2534
9037.625789642334,2470
9038.622856140137,2502
9039.620399475098,2534
9040.61770439148,2570
9041.614770889282,2558
9042.612314224243,2554
9043.610095977783,2510
9044.606924057007,2506
9045.604228973389,2534
9046.602964401245,2590
9047.59955406189,2584
9048.597812652588,2510
9049.59487915039,2480
9051.965475082397,2460
9051.965475082397,2510
9053.040266036987,2518
9053.977489471436,2544
9054.994344711304,2542
9055.997610092163,2556
9056.994199752808,2554
9057.991981506348,2542
9058.98904800415,2578
9059.986352920532,2542
9060.983657836914,2510
9061.982154846191,2458
9062.978506088257,2490
9063.97557258606,2526
9064.97311592102,2520
9065.970659255981,2518
9066.967725753784,2542
9067.964792251587,2522
9068.963289260864,2552
9069.95964050293,2584
9070.956945419312,2614
9071.954250335693,2578
9072.951793670654,2522
9073.949098587036,2490
9074.946880340576,2494
9075.944185256958,2506
9076.94125175476,2502
9077.938556671143,2492
9078.852415084839,2526
9079.85544204712,2512
9080.852508544922,2486
9081.850290298462,2514
9082.847356796265,2578
9083.844661712646,2534
9084.842443466187,2506
9085.83950996399,2514
9086.836576461792,2520
9087.833881378174,2462
9088.960409164429,2450
9090.032815933228,2514
9090.653657913208,2510
9091.808319091797,2522
9092.841386795044,2506
9093.942403793335,2574
9095.035076141357,2620
9095.677137374878,2620
9096.80986404419,2538
9097.942590713501,2518
9099.023818969727,2534
9099.650144577026,2526
9100.778341293335,2510
9101.905107498169,2536
9103.036880493164,2522
9103.597164154053,2502
9104.684114456177,2512
9105.686664581299,2522
9106.528282165527,2580
9107.035636901855,2578
9108.039379119873,2566
9109.035968780518,2506
9111.03081703186,2510
9111.574649810791,2542
9112.577438354492,2526
9113.575220108032,2510
9114.571332931519,2518
9115.574836730957,2514
9116.576671600342,2492
9117.573738098145,2518
9118.571043014526,2546
9119.569063186646,2546
9120.56589126587,2546
9121.563196182251,2542
9122.560739517212,2526
9123.557090759277,2544
9124.582767486572,2540
9125.578880310059,2506
9126.549243927002,2526
9127.57420539856,2546
9128.575325012207,2526
9129.568576812744,2482
9130.566120147705,2502
9131.562948226929,2550
9132.532835006714,2502
9133.529424667358,2482
9134.526252746582,2470
9135.526657104492,2478
9136.523962020874,2504
9137.520551681519,2518
9138.51809501648,2524
9139.51325416565,2504
9140.510320663452,2520
9141.507625579834,2518
9142.504930496216,2494
9143.502473831177,2534
9144.4993019104,2518
9145.496606826782,2510
9146.494150161743,2482
9147.491455078125,2466
9148.488521575928,2502
9149.486064910889,2502
9150.48336982727,2574
9151.480913162231,2580
9152.477979660034,2598
9153.475522994995,2514
9154.473066329956,2462
9155.472755432129,2516
9156.47006034851,2542
9157.464981079102,2520
9158.464670181274,2450
9159.461498260498,2466
9160.457134246826,2534
9161.45634651184,2534
9162.45150566101,2550
9163.45477104187,2546
9164.447546005249,2534
9165.472745895386,2526
9166.442155838013,2550
9167.467594146729,2602
9168.438911437988,2578
9169.43359375,2586
9170.458555221558,2486
9171.456813812256,2494
9172.455072402954,2554
9173.423767089844,2578
9174.422979354858,2580
9175.417423248291,2646
9176.414489746094,2618
9177.411794662476,2558
9178.409099578857,2520
9179.406642913818,2556
9180.4039478302,2542
9181.401252746582,2524
9182.398557662964,2474
9183.397054672241,2452
9184.42177772522,2460
9185.419082641602,2478
9186.416387557983,2546
9187.388181686401,2518
9188.4126663208,2526
9189.379930496216,2502
9190.377473831177,2534
9191.3743019104,2540
9192.371845245361,2534
9193.368911743164,2494
9194.366931915283,2474
9195.363759994507,2522
9196.361303329468,2520
9197.358846664429,2518
9198.35615158081,2550
9199.353218078613,2590
9200.352430343628,2576
9201.349258422852,2524
9202.373743057251,2546
9203.37176322937,2554
9204.36978340149,2546
9205.338478088379,2556
9206.33578300476,2554
9207.331895828247,2518
9208.329439163208,2488
9209.32650566101,2482
9210.323810577393,2574
9211.321115493774,2582
9212.348461151123,2526
9213.345766067505,2522
9214.34235572815,2486
9215.33989906311,2536
9216.336250305176,2510
9217.333316802979,2526
9218.303918838501,2534
9219.32864189148,2540
9220.326900482178,2526
9221.2975025177,2490
9222.294092178345,2532
9223.289012908936,2578
9224.288940429688,2558
9225.286722183228,2514
9226.28402709961,2510
9227.278709411621,2474
9228.27672958374,2502
9229.273557662964,2536
9230.270862579346,2586
9231.267929077148,2542
9232.26547241211,2508
9233.262538909912,2494
9234.259843826294,2510
9235.256910324097,2518
9236.254692077637,2570
9237.28060722351,2506
9238.277912139893,2504
9239.246368408203,2480
9240.244150161743,2502
9241.241216659546,2514
9242.238283157349,2526
9243.23582649231,2492
9244.23360824585,2508
9245.230436325073,2490
9246.227502822876,2546
9247.225284576416,2546
9248.222351074219,2550
9249.2196559906,2538
9250.216960906982,2488
9251.214265823364,2486
9252.211570739746,2502
9253.208637237549,2544
9254.206657409668,2522
9255.20372390747,2486
9256.200790405273,2492
9257.198572158813,2498
9258.195638656616,2534
9259.193181991577,2574
9260.19024848938,2534
9261.18779182434,2518
9262.185335159302,2538
9263.182640075684,2548
9264.179944992065,2520
9265.177011489868,2542
9266.17431640625,2504
9267.17209815979,2500
9268.169403076172,2526
9269.166469573975,2522
9270.163774490356,2536
9271.161079406738,2534
9272.15838432312,2534
9273.184537887573,2532
9274.181842803955,2550
9275.150299072266,2526
9276.181697845459,2518
9277.17399597168,2526
9278.171300888062,2534
9279.169082641602,2522
9280.165433883667,2486
9281.135082244873,2500
9282.131671905518,2524
9283.16044807434,2518
9284.156322479248,2524
9285.124063491821,2606
9286.12232208252,2594
9287.142276763916,2544
9288.13886642456,2538
9289.115190505981,2546
9290.141105651855,2546
9291.136741638184,2550
9292.133808135986,2510
9293.104887008667,2520
9294.128894805908,2510
9295.125961303711,2536
9296.123504638672,2508
9297.12176322937,2534
9298.117876052856,2534
9299.086570739746,2518
9300.084114074707,2550
9301.08118057251,2552
9302.07896232605,2534
9303.076267242432,2526
9304.073333740234,2454
9305.070638656616,2478
9306.067943572998,2486
9307.06524848938,2502
9309.062719345093,2518
9310.056924819946,2518
9311.054944992065,2512
9311.054944992065,2516
9312.052011489868,2558
9313.04955482483,2514
9314.046859741211,2574
9315.043926239014,2554
9316.041469573975,2548
9317.038536071777,2492
9318.03584098816,2472
9320.030927658081,2518
9321.028232574463,2534
9322.025299072266,2538
9323.022365570068,2506
9324.020147323608,2466
9325.017213821411,2486
9326.014518737793,2508
9327.012300491333,2510
9328.009366989136,2486
9328.009366989136,2502
9329.00619506836,2480
9330.00373840332,2466
9331.998825073242,2510
9332.995891571045,2522
9333.993434906006,2546
9334.990739822388,2512
9335.99042892456,2534
9335.99042892456,2538
9337.985277175903,2550
9337.985277175903,2546
9343.966960906982,2546
9343.966960906982,2534
9343.966960906982,2534
9343.966960906982,2502
9343.966960906982,2510
9344.964027404785,2556
9345.961332321167,2554
9346.95839881897,2538
9347.955703735352,2502
9348.953485488892,2512
9349.950551986694,2494
9350.948095321655,2532
9351.945400238037,2506
9352.942705154419,2462
9353.939771652222,2486
9354.937553405762,2510
9355.934619903564,2470
9356.931924819946,2514
9357.928991317749,2536
9358.926773071289,2538
9359.923839569092,2522
9360.921382904053,2536
9361.918687820435,2494
9362.915992736816,2510
9363.916635513306,2510
9364.938735961914,2510
9365.937232971191,2508
9366.907358169556,2502
9367.902278900146,2518
9368.900299072266,2514
9369.897365570068,2586
9370.894193649292,2602
9371.891736984253,2514
9372.889041900635,2506
9373.886346817017,2532
9374.883890151978,2588
9375.88119506836,2574
9376.878499984741,2484
9377.875566482544,2456
9378.873586654663,2454
9379.899978637695,2494
9380.89632987976,2530
9381.893634796143,2550
9382.862329483032,2586
9383.859395980835,2554
9384.856700897217,2506
9385.854005813599,2546
9386.85154914856,2554
9387.848615646362,2568
9388.845920562744,2522
9389.843225479126,2450
9390.840768814087,2502
9391.83783531189,2510
9392.835140228271,2470
9393.832683563232,2536
9394.829988479614,2586
9395.827293395996,2540
9396.824598312378,2522
9397.825956344604,2518
9398.849248886108,2578
9399.845838546753,2570
9400.843381881714,2502
9401.83973312378,2470
9402.838230133057,2476
9403.836011886597,2502
9404.831886291504,2510
9405.829668045044,2514
9406.827688217163,2522
9407.824277877808,2510
9408.82134437561,2524
9409.823656082153,2506
9410.78805923462,2574
9411.815166473389,2580
9412.782669067383,2534
9413.782358169556,2518
9414.777517318726,2498
9415.774822235107,2540
9416.771650314331,2516
9417.771816253662,2518
9418.795347213745,2538
9419.798612594604,2574
9420.790195465088,2550
9421.787023544312,2546
9422.785520553589,2554
9423.781871795654,2570
9424.779891967773,2542
9425.747632980347,2534
9426.744937896729,2502
9427.743673324585,2548
9428.7691116333,2578
9429.766654968262,2574
9430.763959884644,2546
9431.760787963867,2558
9432.758331298828,2526
9433.75563621521,2482
9434.724807739258,2514
9435.750722885132,2526
9436.748743057251,2554
9437.74390220642,2526
9438.74216079712,2538
9439.738273620605,2542
9440.735816955566,2572
9441.734075546265,2570
9442.732334136963,2598
9443.701028823853,2618
9444.725275039673,2558
9445.723533630371,2534
9446.720600128174,2488
9447.718381881714,2482
9448.718547821045,2502
9449.683904647827,2570
9450.68073272705,2536
9451.677799224854,2534
9452.675104141235,2574
9453.672647476196,2586
9454.669952392578,2598
9455.66701889038,2586
9456.66480064392,2572
9457.662105560303,2534
9458.659410476685,2490
9459.656953811646,2510
9460.654020309448,2536
9461.65132522583,2534
9462.648630142212,2502
9463.645935058594,2470
9464.643239974976,2492
9465.640544891357,2582
9466.638326644897,2596
9467.6353931427,2556
9468.632698059082,2522
9469.629764556885,2504
9470.627307891846,2472
9471.624612808228,2514
9472.62191772461,2534
9473.650217056274,2510
9474.646091461182,2470
9475.644588470459,2506
9476.640701293945,2578
9477.637767791748,2570
9478.636264801025,2582
9479.63285446167,2612
9480.63039779663,2618
9481.629610061646,2570
9482.625484466553,2514
9483.623266220093,2522
9484.591722488403,2512
9485.617399215698,2514
9486.61494255066,2520
9487.611293792725,2514
9488.581657409668,2528
9489.598751068115,2522
9490.576028823853,2526
9491.573095321655,2524
9492.570161819458,2540
9493.56746673584,2518
9494.564533233643,2488
9495.561599731445,2518
9496.559143066406,2512
9497.556447982788,2542
9498.553991317749,2538
9499.551057815552,2522
9500.548601150513,2512
9501.545906066895,2576
9502.542972564697,2558
9503.540515899658,2578
9504.539489746094,2598
9505.53584098816,2554
9506.532430648804,2538
9507.558822631836,2542
9508.577346801758,2522
9509.523630142212,2582
9510.557889938354,2546
9511.51990890503,2550
9512.518882751465,2518
9513.543844223022,2522
9514.540433883667,2540
9515.508890151978,2546
9516.535520553589,2536
9517.532110214233,2516
9518.501043319702,2482
9519.498109817505,2518
9520.494222640991,2522
9521.492719650269,2512
9522.489786148071,2514
9523.486852645874,2522
9524.484395980835,2586
9525.511026382446,2544
9526.508569717407,2590
9527.506589889526,2542
9528.502702713013,2518
9529.500722885132,2494
9530.468702316284,2550
9531.466484069824,2578
9532.492637634277,2554
9533.459663391113,2534
9534.456968307495,2554
9535.454034805298,2576
9536.469221115112,2548
9537.449836730957,2518
9538.44928741455,2586
9539.44444656372,2538
9540.441989898682,2518
9541.439294815063,2474
9542.436599731445,2478
9543.434381484985,2492
9544.431209564209,2458
9545.428276062012,2484
9546.426057815552,2506
9547.452449798584,2522
9548.420429229736,2518
9549.45421218872,2550
9550.44412612915,2574
9551.411390304565,2548
9552.410364151001,2542
9553.407192230225,2506
9554.404497146606,2520
9555.401802062988,2526
9556.39910697937,2546
9557.39688873291,2546
9558.393955230713,2544
9559.391260147095,2538
9560.388565063477,2554
9561.385869979858,2534
9562.382936477661,2540
9563.380479812622,2544
9564.378261566162,2526
9565.375566482544,2536
9566.38765335083,2488
9567.368745803833,2462
9568.396091461182,2486
9569.392919540405,2506
9570.362091064453,2510
9571.38705253601,2488
9572.388410568237,2510
9573.38285446167,2540
9574.379682540894,2550
9575.376987457275,2544
9576.359987258911,2568
9577.37135887146,2558
9578.33981513977,2478
9579.337358474731,2502
9580.334663391113,2510
9581.331491470337,2558
9582.33118057251,2538
9583.326578140259,2540
9584.325790405273,2506
9585.325956344604,2526
9586.318254470825,2524
9587.315320968628,2542
9588.312864303589,2574
9589.312076568604,2570
9590.317964553833,2518
9591.304779052734,2478
9592.309713363647,2454
9593.300819396973,2510
9594.29669380188,2510
9595.293998718262,2514
9596.291542053223,2510
9597.29027748108,2502
9598.300695419312,2474
9599.283695220947,2490
9600.283861160278,2554
9601.279973983765,2550
9602.277755737305,2522
9603.272914886475,2472
9604.270219802856,2514
9605.267524719238,2556
9606.2650680542,2578
9607.262372970581,2512
9608.259677886963,2502
9609.256982803345,2506
9610.255002975464,2534
9611.251831054688,2570
9612.24913597107,2550
9613.249063491821,2590
9614.246129989624,2518
9615.243196487427,2472
9616.24026298523,2512
9617.23780632019,2526
9618.235111236572,2520
9619.232416152954,2510
9620.229721069336,2516
9621.226787567139,2570
9622.2243309021,2554
9623.221635818481,2534
9624.218940734863,2514
9625.216484069824,2554
9626.213788986206,2522
9627.208948135376,2512
9628.206014633179,2534
9629.20331954956,2546
9630.200624465942,2520
9631.198167800903,2506
9632.195472717285,2554
9633.192539215088,2546
9634.190082550049,2546
9635.18738746643,2514
9636.184453964233,2522
9637.181997299194,2540
9638.179063796997,2538
9639.176607131958,2490
9640.17391204834,2508
9641.17169380188,2514
9642.16923713684,2586
9643.165826797485,2546
9644.162893295288,2536
9645.160436630249,2558
9646.158218383789,2550
9647.155046463013,2574
9648.152828216553,2558
9649.151802062988,2514
9650.149583816528,2474
9651.144742965698,2454
9652.143239974976,2494
9653.140783309937,2550
9654.136419296265,2574
9655.133724212646,2574
9656.131267547607,2532
9657.137393951416,2544
9658.125877380371,2508
9659.123420715332,2558
9660.120725631714,2534
9661.117792129517,2526
9662.11485862732,2482
9663.11240196228,2486
9664.122581481934,2468
9665.107250213623,2474
9666.104555130005,2534
9667.101860046387,2538
9668.099164962769,2546
9669.09646987915,2542
9670.09449005127,2558
9671.091079711914,2606
9672.088384628296,2538
9673.086643218994,2476
9674.08537864685,2478
9675.0807762146,2486
9676.079750061035,2494
9677.115201950073,2486
9678.07388305664,2538
9679.071426391602,2542
9680.067300796509,2518
9681.066036224365,2478
9682.092666625977,2510
9683.060884475708,2558
9684.064626693726,2546
9685.064554214478,2502
9686.053276062012,2494
9687.050104141235,2506
9688.0464553833,2486
9689.043521881104,2458
9690.042972564697,2518
9691.067218780518,2522
9692.047834396362,2550
9693.034648895264,2530
9694.031238555908,2578
9695.028305053711,2596
9697.023630142212,2548
9697.023630142212,2554
9699.016571044922,2542
9699.016571044922,2518
9700.014114379883,2502
9701.01284980774,2514
9702.010154724121,2550
9703.007459640503,2556
9705.000877380371,2478
9705.99913597107,2474
9706.99691772461,2450
9707.99446105957,2486
9708.991289138794,2514
9709.98740196228,2502
9710.984706878662,2490
9711.983442306519,2476
9712.993383407593,2484
9712.993383407593,2514
9714.996576309204,2502
9715.984582901001,2522
9716.970443725586,2542
9717.967748641968,2534
9718.963384628296,2572
9719.960451126099,2522
9720.97897529602,2514
9721.95553779602,2510
9722.952842712402,2542
9723.949909210205,2514
9724.948644638062,2522
9725.945711135864,2544
9726.94206237793,2554
9727.939367294312,2536
9728.936672210693,2510
9729.93516921997,2506
9730.932712554932,2510
9731.930255889893,2492
9732.9261302948,2490
9733.9448928833,2514
9734.920740127563,2494
9735.920429229736,2470
9736.915349960327,2458
9737.94150352478,2506
9738.910436630249,2528
9739.907503128052,2542
9740.906238555908,2518
9741.912364959717,2538
9742.899417877197,2526
9743.897914886475,2538
9744.893789291382,2486
9745.891571044922,2508
9746.889591217041,2526
9747.885942459106,2526
9748.883247375488,2488
9749.882936477661,2514
9750.879049301147,2510
9751.876831054688,2558
9752.872943878174,2550
9753.871202468872,2574
9754.867315292358,2554
9755.86462020874,2518
9756.862163543701,2536
9757.859468460083,2520
9758.85796546936,2522
9759.854078292847,2478
9760.852336883545,2470
9761.848449707031,2486
9762.845993041992,2526
9763.844728469849,2518
9764.841794967651,2534
9765.84005355835,2550
9766.837358474731,2586
9767.83275604248,2542
9768.830060958862,2574
9769.82855796814,2546
9770.8261013031,2528
9771.822929382324,2494
9772.81928062439,2506
9773.817777633667,2514
9774.814128875732,2490
9775.811433792114,2546
9776.808738708496,2544
9777.806043624878,2598
9778.804302215576,2600
9779.800653457642,2554
9780.79891204834,2540
9781.805515289307,2524
9782.792329788208,2558
9783.790588378906,2578
9784.78717803955,2510
9785.799026489258,2502
9786.781549453735,2490
9787.79911994934,2520
9788.776636123657,2554
9789.774656295776,2582
9790.771007537842,2538
9791.768550872803,2542
9792.765855789185,2574
9793.762922286987,2546
9794.760704040527,2506
9795.75777053833,2518
9796.75841331482,2542
9797.755241394043,2514
9798.752307891846,2502
9799.749612808228,2538
9800.74691772461,2582
9801.74469947815,2544
9802.742004394531,2490
9803.738832473755,2490
9804.736375808716,2584
9805.73320388794,2550
9806.734323501587,2546
9807.728052139282,2514
9808.725357055664,2506
9809.723377227783,2526
9810.720443725586,2510
9811.718225479126,2546
9812.71505355835,2578
9813.711643218994,2586
9814.709663391113,2514
9815.706729888916,2490
9816.722631454468,2518
9817.701578140259,2542
9818.698644638062,2486
9819.695711135864,2482
9820.693492889404,2534
9821.690320968628,2550
9822.687864303589,2516
9823.684692382812,2520
9824.68295097351,2506
9825.680017471313,2526
9826.67589187622,2546
9827.672958374023,2502
9828.700542449951,2510
9829.667568206787,2538
9830.665111541748,2514
9831.66217803955,2494
9832.659244537354,2514
9833.656787872314,2554
9834.65552330017,2538
9835.652828216553,2534
9836.649894714355,2554
9837.646961212158,2582
9838.64450454712,2586
9839.643001556396,2550
9840.641021728516,2490
9841.635465621948,2510
9842.63277053833,2524
9843.630075454712,2486
9844.627857208252,2490
9845.624923706055,2518
9846.623420715332,2506
9847.619771957397,2528
9848.6168384552,2510
9849.61462020874,2550
9850.669145584106,2546
9851.64475440979,2510
9852.635860443115,2518
9853.632688522339,2520
9854.629755020142,2554
9855.65972328186,2514
9856.634140014648,2536
9857.592821121216,2514
9858.59203338623,2542
9859.58743095398,2522
9860.61429977417,2542
9861.582040786743,2614
9862.579345703125,2606
9863.578081130981,2582
9864.574193954468,2578
9865.58198928833,2534
9866.575002670288,2552
9867.567539215088,2542
9868.565320968628,2526
9869.560718536377,2506
9870.559692382812,2512
9871.556997299194,2538
9872.555494308472,2534
9873.550415039062,2534
9874.547243118286,2506
9875.545024871826,2510
9876.542329788208,2554
9877.53939628601,2550
9878.536939620972,2538
9879.534006118774,2544
9880.531549453735,2486
9881.528854370117,2474
9882.526397705078,2514
9883.52370262146,2556
9884.520769119263,2586
9885.518550872803,2542
9901.475429534912,2582
9901.475429534912,2546
9901.475429534912,2546
9901.475429534912,2538
9902.473211288452,2540
9902.473211288452,2578
9902.473211288452,2582
9902.473211288452,2524
9902.473211288452,2524
9902.473211288452,2534
9902.473211288452,2522
9903.470039367676,2510
9903.470039367676,2518
9903.470039367676,2522
9903.470039367676,2506
9903.470039367676,2490
9903.470039367676,2488
9903.470039367676,2518
9904.467344284058,2498
9905.465126037598,2518
9912.44626045227,2514
9912.44626045227,2522
9912.44626045227,2518
9912.44626045227,2576
9913.443803787231,2540
9913.443803787231,2522
9913.443803787231,2526
9913.443803787231,2522
9914.440870285034,2522
9915.438413619995,2540
9916.435480117798,2542
9917.43278503418,2554
9918.429851531982,2534
9919.429540634155,2518
9920.426845550537,2506
9921.422243118286,2586
9922.419309616089,2584
9923.417091369629,2482
9924.41439628601,2446
9925.411224365234,2450
9926.408529281616,2480
9927.406072616577,2486
9928.403854370117,2538
9929.40092086792,2518
9930.39846420288,2502
9931.395530700684,2494
9932.392358779907,2550
9933.389902114868,2578
9934.38696861267,2574
9935.385465621948,2522
9936.382293701172,2508
9937.379360198975,2534
9938.377141952515,2514
9939.374446868896,2526
9943.363904953003,2542
9943.363904953003,2586
9944.360733032227,2576
9944.360733032227,2558
9944.360733032227,2610
9945.36018371582,2582
9946.357488632202,2586
9947.354793548584,2606
9948.352575302124,2594
9949.349164962769,2580
9950.345039367676,2530
9951.342582702637,2546
9952.33941078186,2554
9953.339099884033,2556
9954.335927963257,2522
9955.331563949585,2554
9956.331253051758,2598
9957.326173782349,2618
9958.32347869873,2578
9959.321022033691,2586
9960.318326950073,2602
9961.315393447876,2570
9962.312698364258,2524
9963.31000328064,2488
9964.307308197021,2538
9965.307235717773,2514
9966.304063796997,2544
9967.299461364746,2512
9968.29891204834,2550
9969.294309616089,2518
9970.293998718262,2550
9971.291065216064,2538
9972.285985946655,2558
9973.283290863037,2542
9974.280834197998,2506
9975.2779006958,2490
9976.275444030762,2498
9977.272510528564,2486
9978.270053863525,2478
9979.267120361328,2426
9980.264902114868,2490
9987.24627494812,2514
9987.24627494812,2522
9987.24627494812,2546
9987.24627494812,2520
9987.24627494812,2518
9987.24627494812,2462
9988.246202468872,2458
9988.246202468872,2502
9989.243268966675,2524
9990.240335464478,2534
9991.237878799438,2514
9992.23279953003,2538
9993.230104446411,2618
9994.229316711426,2630
9995.224475860596,2614
9996.222496032715,2616
9997.219562530518,2618
9998.217105865479,2618
9999.21441078186,2596
10000.211715698242,2574
10001.209497451782,2558
10002.206087112427,2554
10003.203392028809,2504
10004.20069694519,2518
10005.198240280151,2590
10006.195306777954,2606
10007.193088531494,2542
10008.190393447876,2484
10009.188652038574,2520
10010.188102722168,2526
10011.183261871338,2526
10012.180805206299,2494
10013.17834854126,2506
10014.173984527588,2552
10015.17128944397,2490
10016.168594360352,2486
10017.166376113892,2494
10018.16439628601,2532
10019.161939620972,2524
10020.181655883789,2522
10021.156549453735,2458
10022.152662277222,2494
10023.151159286499,2538
10024.147272109985,2490
10025.145769119263,2538
10026.142358779907,2550
10027.140378952026,2544
10028.139352798462,2546
10029.134035110474,2552
10030.131101608276,2610
10031.138896942139,2618
10032.12594985962,2534
10033.145904541016,2534
10034.121751785278,2522
10035.138845443726,2538
10036.116361618042,2526
10037.112474441528,2526
10038.132905960083,2570
10039.106845855713,2594
10040.123701095581,2582
10041.107416152954,2536
10042.100667953491,2574
10043.096780776978,2588
10044.09408569336,2554
10045.090913772583,2500
10047.0871925354,2484
10047.0871925354,2482
10048.107147216797,2486
10050.07815361023,2486
10050.07815361023,2498
10052.076578140259,2490
10053.069591522217,2512
10053.069591522217,2526
10054.067134857178,2538
10055.06420135498,2538
10057.059049606323,2544
10057.059049606323,2490
10058.056592941284,2486
10059.053659439087,2532
10060.051202774048,2546
10062.045574188232,2512
10063.0464553833,2598
10064.040422439575,2614
10064.040422439575,2584
10065.047025680542,2602
10066.035032272339,2634
10068.045377731323,2618
10069.027185440063,2614
10069.027185440063,2558
10070.024251937866,2538
10071.021795272827,2546
10072.019100189209,2558
10073.01640510559,2578
10074.01418685913,2596
10075.011014938354,2610
10076.008319854736,2606
10077.005624771118,2618
10078.00316810608,2630
10079.000473022461,2642
10079.997539520264,2606
10080.994844436646,2590
10081.992626190186,2552
10082.989692687988,2534
10083.98699760437,2546
10084.984540939331,2542
10085.981845855713,2502
10086.979150772095,2460
10088.973760604858,2444
10089.97130393982,2446
10090.968370437622,2450
10091.965913772583,2426
10092.962980270386,2418
10093.960523605347,2366
10094.95759010315,2342
10095.95513343811,2320
10096.952438354492,2380
10097.949504852295,2394
10098.947048187256,2394
10099.944353103638,2416
10100.94165802002,2422
10101.93920135498,2488
10102.936506271362,2450
10103.933572769165,2462
10104.931354522705,2488
10105.928421020508,2510
10106.925964355469,2524
10107.923030853271,2518
10108.920574188232,2494
10109.917879104614,2492
10110.914945602417,2548
10111.912250518799,2570
10112.90979385376,2600
10113.907098770142,2546
10114.904165267944,2504
10115.901947021484,2522
10116.899013519287,2554
10117.896556854248,2574
10118.89362335205,2534
10119.89140510559,2516
10120.888471603394,2560
10121.885538101196,2610
10122.882843017578,2602
10123.880386352539,2578
10124.87769126892,2584
10125.874996185303,2570
10126.872539520264,2546
10127.869606018066,2590
10128.866910934448,2574
10129.86421585083,2570
10130.861759185791,2526
10131.859064102173,2486
10132.856369018555,2512
10133.853912353516,2534
10134.850978851318,2580
10135.851860046387,2574
10136.84868812561,2554
10137.845754623413,2538
10138.843059539795,2490
10139.839887619019,2474
10140.8371925354,2494
10141.834735870361,2502
10142.832040786743,2458
10143.829345703125,2478
10144.826650619507,2510
10145.823955535889,2538
10146.82149887085,2548
10147.818803787231,2542
10148.816347122192,2536
10149.813413619995,2550
10150.810718536377,2546
10151.808738708496,2506
10152.805805206299,2506
10153.802871704102,2506
10154.799938201904,2470
10155.797481536865,2484
10156.795024871826,2516
10157.792091369629,2542
10158.78963470459,2548
10159.786701202393,2548
10160.784006118774,2554
10161.781311035156,2590
10162.778615951538,2552
10163.77592086792,2582
10164.77346420288,2554
10165.770530700684,2544
10166.768789291382,2534
10167.766094207764,2532
10168.762922286987,2506
10169.760465621948,2506
10170.757532119751,2542
10171.754598617554,2570
10172.751903533936,2544
10173.749446868896,2542
10174.7465133667,2520
10175.74405670166,2524
10176.741600036621,2514
10177.738904953003,2514
10178.735971450806,2510
10179.733276367188,2480
10180.73058128357,2486
10181.728601455688,2522
10182.725429534912,2542
10183.722972869873,2582
10184.720277786255,2538
10185.717105865479,2494
10186.71441078186,2500
10187.711954116821,2494
10188.709259033203,2498
10189.706802368164,2526
10190.703868865967,2546
10191.701412200928,2516
10192.69847869873,2482
10193.696022033691,2484
10194.693326950073,2550
10195.690631866455,2574
10196.688413619995,2538
10197.685718536377,2504
10198.68278503418,2458
10199.679851531982,2510
10200.677871704102,2508
10201.674938201904,2486
10202.672243118286,2486
10203.66907119751,2480
10204.66685295105,2474
10205.663919448853,2534
10206.661462783813,2586
10207.658290863037,2572
10208.655834197998,2534
10209.653615951538,2506
10210.65068244934,2570
10211.647987365723,2558
10212.645292282104,2518
10213.643312454224,2514
10214.640378952026,2554
10215.643167495728,2570
10216.63498878479,2528
10217.631816864014,2508
10218.629837036133,2572
10219.627141952515,2608
10220.623970031738,2594
10221.62127494812,2542
10222.618818283081,2522
10223.616123199463,2490
10224.613428115845,2480
10225.610971450806,2512
10226.608037948608,2550
10227.60534286499,2514
10228.602409362793,2430
10229.600429534912,2470
10230.597734451294,2542
10231.594562530518,2582
10232.592105865479,2536
10233.589172363281,2520
10234.586954116821,2510
10235.583782196045,2506
10236.581325531006,2482
10237.578630447388,2518
10238.576173782349,2534
10239.57347869873,2524
10240.570783615112,2514
10241.568088531494,2536
10242.565155029297,2538
10243.562698364258,2576
10244.559526443481,2558
10245.556592941284,2568
10246.583223342896,2554
10247.58005142212,2524
10248.57759475708,2526
10249.5756149292,2546
10250.579595565796,2542
10251.569986343384,2482
10252.566814422607,2478
10253.564834594727,2482
10254.56190109253,2514
10255.558729171753,2520
10256.558656692505,2546
10257.557392120361,2542
10258.554458618164,2516
10259.518146514893,2478
10260.514974594116,2518
10261.512279510498,2538
10262.5093460083,2518
10263.50712776184,2502
10264.504194259644,2486
10265.501499176025,2502
10266.499042510986,2480
10267.496347427368,2520
10268.49365234375,2534
10269.491195678711,2552
10270.488262176514,2558
10271.485567092896,2554
10272.482872009277,2554
10273.480415344238,2534
10274.477481842041,2518
10275.47812461853,2494
10276.474952697754,2512
10277.472496032715,2526
10278.469324111938,2494
10279.46662902832,2514
10280.463933944702,2510
10281.461477279663,2512
10282.458782196045,2502
10283.455848693848,2502
10284.45315361023,2544
10285.450458526611,2534
10286.447525024414,2514
10287.473440170288,2582
10288.471460342407,2542
10289.46828842163,2526
10290.436744689941,2542
10291.432857513428,2550
10292.42992401123,2546
10293.428897857666,2582
10294.42811012268,2586
10295.45259475708,2598
10296.450138092041,2574
10297.446727752686,2534
10298.444271087646,2606
10299.444437026978,2582
10300.410032272339,2582
10301.408290863037,2578
10302.404403686523,2506
10303.430795669556,2554
10304.428100585938,2558
10305.42540550232,2542
10306.394815444946,2518
10307.392358779907,2518
10308.41851234436,2526
10309.415817260742,2518
10310.411214828491,2520
10311.426162719727,2536
10312.40701675415,2522
10313.40479850769,2514
10314.402103424072,2508
10315.398693084717,2538
10316.396951675415,2586
10317.394495010376,2570
10318.398237228394,2498
10319.395065307617,2518
10320.385932922363,2522
10321.352481842041,2542
10322.350025177002,2552
10323.348760604858,2526
10324.37515258789,2526
10325.374841690063,2510
10326.340675354004,2522
10327.366828918457,2584
10328.335285186768,2542
10329.332828521729,2514
10330.345153808594,2524
10331.356287002563,2538
10332.353591918945,2510
10333.350658416748,2520
10334.352254867554,2514
10335.346221923828,2514
10336.344957351685,2504
10337.311267852783,2510
10338.311672210693,2478
10339.334726333618,2526
10340.33226966858,2572
10341.329336166382,2548
10342.328310012817,2570
10343.324661254883,2502
10344.316720962524,2518
10345.318794250488,2516
10346.287250518799,2536
10347.313642501831,2520
10348.315000534058,2514
10349.308490753174,2470
10350.305795669556,2514
10351.274013519287,2570
10352.30040550232,2576
10353.269815444946,2558
10354.265928268433,2538
10355.29351234436,2518
10356.274604797363,2502
10357.28645324707,2504
10358.25490951538,2570
10359.28201675415,2516
10360.278844833374,2490
10361.276388168335,2462
10362.273693084717,2458
10363.27075958252,2522
10364.268064498901,2526
10365.26608467102,2546
10366.234064102173,2526
10367.260456085205,2522
10368.228673934937,2490
10369.226217269897,2514
10370.261192321777,2522
10371.224403381348,2518
10372.217416763306,2494
10373.244524002075,2482
10374.270915985107,2546
10375.240564346313,2582
10376.207828521729,2546
10377.249717712402,2506
10378.23486328125,2526
10379.245042800903,2542
10380.225658416748,2538
10381.222486495972,2538
10382.190942764282,2546
10383.187532424927,2512
10384.18436050415,2502
10385.182857513428,2490
10386.20924949646,2502
10387.19654083252,2506
10388.203620910645,2510
10389.207124710083,2510
10390.16842842102,2534
10391.167402267456,2546
10392.193794250488,2504
10393.190860748291,2490
10394.191265106201,2510
10395.191669464111,2518
10396.154880523682,2574
10397.180795669556,2598
10398.1773853302,2582
10399.213552474976,2550
10400.15697479248,2522
10401.139736175537,2574
10402.17399597168,2576
10403.162717819214,2578
10404.162168502808,2514
10405.16448020935,2546
10406.186819076538,2552
10407.153606414795,2586
10408.14995765686,2554
10409.148216247559,2558
10410.145282745361,2558
10411.112785339355,2538
10412.111282348633,2578
10413.137912750244,2620
10414.134979248047,2586
10415.103673934937,2538
10417.09852218628,2520
10417.09852218628,2526
10418.123006820679,2550
10419.119358062744,2554
10420.116424560547,2602
10421.113967895508,2624
10422.11127281189,2624
10423.108577728271,2552
10424.105882644653,2544
10425.103187561035,2540
10426.123857498169,2586
10428.094863891602,2602
10428.094863891602,2542
10430.090188980103,2520
10431.087970733643,2526
10432.084560394287,2522
10433.081150054932,2582
10434.096574783325,2576
10434.096574783325,2550
10436.045408248901,2514
10437.042474746704,2544
10438.040018081665,2558
10439.040184020996,2572
10440.038681030273,2526
10441.036224365234,2494
10442.04068183899,2462
10443.029642105103,2486
10443.029642105103,2528
10444.023847579956,2518
10445.023536682129,2474
10446.02108001709,2482
10447.018146514893,2536
10448.015451431274,2514
10449.013471603394,2512
10450.010061264038,2510
10451.00736618042,2522
10453.002214431763,2502
10453.002214431763,2484
10454.996824264526,2504
10455.99389076233,2518
10456.99143409729,2518
10457.988739013672,2478
10458.986043930054,2478
10459.983587265015,2516
10460.98256111145,2578
10460.98256111145,2546
10462.97574043274,2538
10463.973045349121,2526
10464.970111846924,2550
10465.967655181885,2554
10466.965198516846,2556
10467.962265014648,2544
10468.960046768188,2544
10469.956636428833,2486
10470.954179763794,2510
10471.951246261597,2506
10472.948551177979,2492
10473.94609451294,2506
10474.9436378479,2540
10475.940704345703,2576
10476.93657875061,2554
10477.961301803589,2534
10478.959083557129,2488
10479.956865310669,2478
10480.955123901367,2514
10481.951475143433,2542
10482.948303222656,2524
10483.946800231934,2512
10484.916925430298,2502
10485.940217971802,2536
10486.937522888184,2524
10487.934827804565,2550
10488.933801651001,2546
10489.92943763733,2546
10490.926742553711,2548
10491.898775100708,2542
10492.894887924194,2526
10493.919134140015,2570
10494.915962219238,2542
10495.914697647095,2510
10496.912479400635,2502
10497.90906906128,2522
10498.905658721924,2542
10499.903917312622,2512
10500.900030136108,2482
10501.898050308228,2474
10502.894878387451,2466
10503.892421722412,2518
10504.89091873169,2550
10505.890130996704,2500
10506.879091262817,2526
10507.87901878357,2514
10508.878946304321,2542
10509.848833084106,2546
10510.873556137085,2606
10511.871814727783,2554
10512.869596481323,2554
10513.865947723389,2522
10514.863967895508,2538
10515.86103439331,2536
10516.858339309692,2526
10517.832517623901,2522
10518.85461807251,2554
10519.851446151733,2580
10520.849704742432,2582
10521.845579147339,2554
10522.843360900879,2586
10523.841142654419,2570
10524.83868598938,2546
10525.836706161499,2502
10526.832818984985,2486
10527.83226966858,2514
10528.841495513916,2486
10529.825448989868,2482
10530.827760696411,2514
10531.824111938477,2542
10532.8209400177,2570
10533.815622329712,2542
10534.811973571777,2522
10535.80927848816,2556
10536.809921264648,2518
10537.806034088135,2490
10538.803100585938,2534
10539.801120758057,2500
10540.802955627441,2488
10541.795015335083,2498
10542.794704437256,2558
10543.789625167847,2546
10544.788360595703,2544
10545.789241790771,2538
10546.784162521362,2578
10547.782182693481,2606
10548.778295516968,2590
10549.779653549194,2546
10550.774335861206,2500
10551.77116394043,2474
10552.769422531128,2534
10553.766012191772,2526
10554.732322692871,2546
10555.761098861694,2506
10556.758165359497,2534
10557.754755020142,2556
10558.751583099365,2582
10559.718608856201,2590
10560.748100280762,2542
10561.744689941406,2526
10562.708616256714,2532
10563.70496749878,2514
10564.702272415161,2506
10565.699577331543,2516
10566.696882247925,2534
10567.694187164307,2540
10568.696975708008,2518
10569.693088531494,2582
10570.690631866455,2580
10571.6872215271,2602
10572.68500328064,2546
10573.6825466156,2534
10574.679374694824,2506
10575.676441192627,2512
10576.673984527588,2510
10577.67105102539,2550
10578.668594360352,2518
10579.665899276733,2526
10580.663204193115,2518
10581.66241645813,2544
10582.659482955933,2586
10583.658456802368,2590
10584.655046463013,2536
10585.651874542236,2490
10586.64870262146,2526
10587.646007537842,2518
10588.643550872803,2526
10589.641332626343,2512
10590.638160705566,2510
10591.63522720337,2518
10592.632532119751,2492
10593.630075454712,2526
10594.627380371094,2542
10595.625400543213,2558
10596.624851226807,2536
10597.621440887451,2520
10598.618268966675,2510
10599.615812301636,2520
10600.611925125122,2534
10601.608991622925,2508
10602.606534957886,2518
10603.60336303711,2574
10604.600667953491,2570
10605.59868812561,2546
10606.595516204834,2502
10607.592582702637,2546
10608.590126037598,2546
10609.588146209717,2534
10610.584735870361,2522
10611.581802368164,2510
10612.579584121704,2558
10613.577127456665,2514
10614.57633972168,2570
10615.607261657715,2550
10616.607189178467,2546
10617.598056793213,2542
10618.595123291016,2518
10619.593620300293,2558
10620.590209960938,2584
10621.594190597534,2510
10622.584819793701,2474
10623.591661453247,2482
10624.58086013794,2522
10625.58650970459,2538
10626.574516296387,2544
10627.572298049927,2556
10628.578662872314,2602
10629.565954208374,2602
10630.563259124756,2554
10631.563663482666,2578
10632.559776306152,2554
10633.555173873901,2544
10634.529113769531,2538
10635.55097579956,2510
10636.547327041626,2520
10637.544870376587,2534
10638.552188873291,2550
10639.53948020935,2544
10640.538215637207,2554
10641.534328460693,2550
10642.531394958496,2522
10643.529653549194,2534
10644.530057907104,2546
10645.491123199463,2542
10646.520614624023,2488
10647.518157958984,2482
10648.51689338684,2506
10649.512529373169,2550
10650.510311126709,2534
10651.508331298828,2542
10652.504920959473,2574
10653.501749038696,2556
10654.500484466553,2556
10655.506372451782,2582
10656.495571136475,2546
10657.49216079712,2580
10658.489227294922,2536
10659.45029258728,2506
10660.45331954956,2506
10661.449432373047,2506
10662.44649887085,2538
10663.443565368652,2550
10664.441347122192,2518
10665.438175201416,2518
10666.435241699219,2510
10667.43278503418,2550
10668.429851531982,2512
10669.427156448364,2536
10670.424699783325,2574
10671.422004699707,2486
10672.419786453247,2516
10673.41685295105,2518
10674.413919448853,2554
10675.411224365234,2542
10676.409482955933,2544
10677.406311035156,2536
10678.403377532959,2570
10679.40092086792,2538
10680.397987365723,2552
10681.395530700684,2586
10682.392835617065,2606
10684.38744544983,2568
10684.38744544983,2514
10686.382055282593,2532
10686.382055282593,2588
10688.376426696777,2542
10688.376426696777,2470
10690.367460250854,2482
10691.364049911499,2488
10691.364049911499,2510
10692.36159324646,2528
10693.358659744263,2552
10694.355964660645,2510
10695.353507995605,2470
10697.34787940979,2458
10697.34787940979,2534
10699.342489242554,2576
10699.342489242554,2534
10701.337337493896,2542
10701.337337493896,2486
10702.334642410278,2534
10704.329013824463,2546
10704.329013824463,2542
10705.326557159424,2538
10706.323862075806,2578
10707.358837127686,2520
10708.355188369751,2526
10709.35320854187,2554
10710.350275039673,2580
10711.352825164795,2530
10712.34655380249,2534
10713.351964950562,2528
10714.3394947052,2514
10715.337753295898,2486
10716.334819793701,2470
10717.339515686035,2490
10718.328714370728,2480
10719.33627128601,2490
10720.334768295288,2518
10721.330642700195,2550
10722.318172454834,2538
10723.316431045532,2524
10724.313497543335,2520
10725.317478179932,2582
10726.275205612183,2526
10727.314472198486,2506
10728.3034324646,2514
10729.299545288086,2538
10730.297327041626,2570
10731.295108795166,2526
10732.297420501709,2494
10733.288764953613,2526
10734.287023544312,2538
10735.283374786377,2582
10736.282348632812,2538
10737.278461456299,2546
10738.244533538818,2546
10739.241600036621,2492
10740.238428115845,2506
10741.233587265015,2512
10742.265224456787,2520
10743.26205253601,2480
10744.271039962769,2478
10745.256662368774,2506
10746.254682540894,2544
10747.262239456177,2542
10748.258590698242,2550
10749.25446510315,2550
10751.2047290802,2582
10751.2047290802,2542
10752.249717712402,2534
10754.233121871948,2518
10755.033016204834,2534
10756.16478919983,2536
10757.123470306396,2538
10757.671356201172,2520
10758.218050003052,2558
10759.267568588257,2570
10760.262727737427,2526
10761.2624168396,2542
10762.25996017456,2540
10763.248920440674,2538
10764.244318008423,2538
10765.241622924805,2524
10766.243934631348,2542
10767.24648475647,2534
10768.23377609253,2502
10769.230127334595,2502
10770.227193832397,2492
10771.225929260254,2580
10772.221565246582,2548
10773.228645324707,2554
10775.22349357605,2526
10776.206731796265,2522
10777.218103408813,2512
10778.205633163452,2534
10778.205633163452,2542
10780.200004577637,2578
10781.198024749756,2534
10782.206296920776,2538
10782.206296920776,2514
10784.196138381958,2534
10785.187482833862,2574
10785.187482833862,2516
10787.18113899231,2510
10788.179397583008,2514
10789.17646408081,2514
10790.174961090088,2504
10790.174961090088,2522
10792.168617248535,2510
10793.165922164917,2536
10794.16298866272,2526
10795.161962509155,2526
10795.161962509155,2574
10797.156572341919,2596
10797.156572341919,2538
10799.149751663208,2514
10800.147294998169,2526
10800.147294998169,2514
10801.144361495972,2526
10803.140640258789,2516
10804.146528244019,2522
10805.134773254395,2546
10806.13374710083,2538
10807.138204574585,2534
10808.125734329224,2518
10809.133052825928,2526
10810.13011932373,2558
10811.119794845581,2504
10812.11543083191,2510
10813.112258911133,2514
10814.111471176147,2488
10815.108060836792,2484
10816.073656082153,2550
10817.071437835693,2546
10818.067073822021,2538
10819.065809249878,2522
10820.061922073364,2570
10821.059703826904,2574
10822.056770324707,2604
10823.054075241089,2574
10824.052095413208,2552
10825.048446655273,2538
10826.046466827393,2522
10827.04472541809,2502
10828.040599822998,2522
10829.038143157959,2534
10830.034971237183,2514
10831.034183502197,2492
10832.030296325684,2542
10833.028554916382,2542
10834.024906158447,2526
10835.02173423767,2582
10836.020469665527,2538
10837.016344070435,2546
10838.014364242554,2502
10839.011669158936,2490
10840.00849723816,2534
10841.0062789917,2542
10842.003345489502,2494
10843.000888824463,2534
10843.998193740845,2558
10844.995975494385,2578
10845.988750457764,2598
10846.985816955566,2582
10847.988605499268,2582
10848.985433578491,2542
10850.013732910156,2526
10851.01318359375,2556
10852.00834274292,2574
10853.005647659302,2552
10854.004859924316,2518
10855.000734329224,2484
10855.998039245605,2514
10856.995820999146,2536
10857.99264907837,2574
10858.996152877808,2526
10859.987735748291,2552
10860.984563827515,2540
10861.952066421509,2516
10862.947940826416,2504
10863.945960998535,2512
10864.943981170654,2488
10865.971803665161,2482
10866.970300674438,2514
10867.940425872803,2522
10868.975162506104,2550
10869.964361190796,2546
10870.965480804443,2554
10871.955871582031,2542
10872.952938079834,2550
10873.960733413696,2608
10874.948978424072,2574
10875.94485282898,2502
10876.91068649292,2502
10877.933502197266,2514
10878.937005996704,2554
10879.934310913086,2502
10880.932331085205,2502
10881.930112838745,2490
10882.930994033813,2494
10883.923053741455,2510
10884.920358657837,2506
10885.930061340332,2540
10886.91520690918,2568
10887.92634010315,2494
10888.910055160522,2486
10889.907598495483,2504
10890.90609550476,2534
10891.902208328247,2522
10892.863035202026,2540
10893.898010253906,2574
10894.894361495972,2542
10895.891904830933,2550
10896.888494491577,2550
10897.887468338013,2576
10898.885011672974,2550
10899.88088607788,2546
10900.878429412842,2554
10901.87692642212,2598
10902.872800827026,2578
10903.870820999146,2546
10904.867887496948,2506
10905.86543083191,2502
10906.863451004028,2526
10907.86099433899,2506
10908.857583999634,2470
10909.818172454834,2518
10910.8145236969,2512
10911.81206703186,2506
10912.812232971191,2534
10913.843154907227,2542
10914.841890335083,2586
10915.847539901733,2570
10916.835308074951,2604
10917.83332824707,2610
10918.845653533936,2602
10919.837474822998,2506
10920.825004577637,2522
10921.821594238281,2554
10922.820806503296,2578
10923.818826675415,2526
10924.78060722351,2522
10925.812482833862,2510
10926.80811882019,2518
10927.812814712524,2506
10928.767442703247,2512
10929.800748825073,2534
10930.799722671509,2538
10931.795597076416,2478
10932.7871799469,2480
10933.791399002075,2492
10934.753894805908,2490
10935.784816741943,2522
10936.782360076904,2478
10937.780141830444,2514
10938.778162002563,2494
10939.74232673645,2540
10940.739870071411,2578
10941.737413406372,2556
10942.734956741333,2574
10943.75729560852,2556
10944.761991500854,2526
10945.759296417236,2526
10946.757078170776,2510
10947.752475738525,2552
10948.749542236328,2558
10949.748277664185,2552
10950.741529464722,2518
10951.737403869629,2544
10952.735900878906,2556
10953.732013702393,2578
10954.731225967407,2558
10955.694675445557,2550
10956.69150352478,2512
10957.691669464111,2488
10958.719730377197,2532
10959.686756134033,2538
10960.714101791382,2522
10961.711406707764,2474
10962.709903717041,2424
10963.70530128479,2494
10964.702844619751,2522
10965.701341629028,2510
10966.698169708252,2556
10967.694997787476,2550
10968.69444847107,2526
10969.68936920166,2472
10970.658302307129,2490
10971.655368804932,2536
10972.651958465576,2554
10973.649740219116,2518
10974.647998809814,2494
10975.645065307617,2526
10976.641178131104,2518
10977.638721466064,2534
10978.636503219604,2542
10979.633569717407,2542
10980.63063621521,2522
10981.628894805908,2522
10982.625484466553,2570
10983.622789382935,2548
10984.619855880737,2538
10985.618591308594,2518
10986.615657806396,2534
10987.612962722778,2536
10988.611221313477,2548
10989.6080493927,2558
10990.604400634766,2538
10991.601467132568,2574
10992.59901046753,2546
10993.597507476807,2510
10994.593620300293,2494
10995.591640472412,2580
10996.588468551636,2586
10997.585535049438,2556
10998.58283996582,2506
10999.581098556519,2490
11000.577688217163,2512
11001.571416854858,2510
11002.568483352661,2552
11003.565788269043,2522
11004.563093185425,2484
11005.594491958618,2470
11006.59155845642,2510
11007.587909698486,2522
11008.585453033447,2520
11009.55319404602,2502
11010.581731796265,2534
11011.577367782593,2544
11012.575387954712,2552
11013.573169708252,2542
11014.569282531738,2558
11015.5668258667,2542
11016.56460762024,2502
11017.53306388855,2514
11018.53060722351,2534
11019.527912139893,2522
11020.524263381958,2502
11021.52132987976,2522
11022.5191116333,2540
11023.515939712524,2522
11024.513721466064,2478
11025.511026382446,2502
11026.50785446167,2514
11027.50539779663,2514
11028.502702713013,2414
11029.500007629395,2422
11030.498027801514,2494
11031.493663787842,2504
11032.49192237854,2478
11033.488750457764,2510
11034.486770629883,2582
11035.484075546265,2526
11036.48042678833,2492
11037.477731704712,2510
11038.475513458252,2538
11039.472341537476,2534
11040.4691696167,2534
11041.46671295166,2490
11042.463779449463,2490
11043.461084365845,2462
11044.458389282227,2506
11045.455694198608,2486
11046.45323753357,2506
11047.44839668274,2490
11048.445224761963,2458
11049.442768096924,2490
11050.439834594727,2532
11051.437139511108,2502
11052.43468284607,2446
11053.431987762451,2426
11054.429054260254,2450
11055.426359176636,2422
11056.423902511597,2462
11057.421207427979,2478
11058.418273925781,2476
11059.430360794067,2516
11060.413122177124,2518
11061.410665512085,2546
11062.407493591309,2522
11063.405513763428,2614
11064.40258026123,2608
11065.435886383057,2602
11066.432476043701,2570
11067.424297332764,2570
11068.421602249146,2596
11069.41843032837,2608
11070.415735244751,2622
11071.412563323975,2606
11072.410583496094,2582
11073.407649993896,2602
11074.409246444702,2602
11075.402736663818,2598
11076.372146606445,2586
11077.39782333374,2582
11078.366756439209,2584
11079.36429977417,2570
11080.360412597656,2550
11081.357479095459,2510
11082.35478401184,2516
11083.35256576538,2502
11084.349155426025,2506
11085.346460342407,2518
11086.343765258789,2518
11087.34130859375,2514
11088.338613510132,2522
11089.335918426514,2492
11090.333223342896,2510
11091.330766677856,2504
11092.328071594238,2502
11093.32537651062,2542
11094.323635101318,2538
11095.35026550293,2508
11096.346616744995,2502
11097.343444824219,2514
11098.342180252075,2510
11099.337816238403,2472
11100.335597991943,2474
11101.304769515991,2526
11102.329969406128,2532
11103.333711624146,2490
11104.324579238892,2518
11105.321884155273,2492
11106.320858001709,2538
11107.319831848145,2586
11108.314514160156,2510
11109.283208847046,2490
11110.281944274902,2506
11111.306190490723,2508
11112.304210662842,2534
11113.301992416382,2544
11114.302396774292,2522
11115.296602249146,2506
11116.294860839844,2518
11117.291688919067,2546
11118.288516998291,2572
11119.286060333252,2572
11120.283842086792,2522
11121.252059936523,2486
11122.251033782959,2494
11123.275518417358,2534
11124.272584915161,2550
11125.240087509155,2490
11126.237392425537,2422
11127.234697341919,2422
11128.262758255005,2506
11129.25934791565,2482
11130.256175994873,2486
11131.251811981201,2502
11132.2500705719,2502
11133.24761390686,2522
11134.243726730347,2554
11135.241270065308,2550
11136.23857498169,2546
11137.237548828125,2526
11138.234853744507,2534
11139.230251312256,2542
11140.229225158691,2514
11141.226291656494,2534
11142.22240447998,2534
11143.22018623352,2586
11144.217252731323,2584
11145.214557647705,2540
11146.218538284302,2518
11147.210121154785,2540
11148.206233978271,2520
11149.205207824707,2544
11150.201559066772,2514
11151.173114776611,2484
11152.196645736694,2478
11153.193473815918,2506
11154.197216033936,2514
11155.187845230103,2554
11156.187772750854,2514
11157.184839248657,2546
11158.181190490723,2542
11159.179210662842,2550
11160.147905349731,2528
11161.172866821289,2542
11162.1732711792,2542
11163.16843032837,2540
11164.165496826172,2526
11165.162324905396,2538
11166.160821914673,2574
11167.157888412476,2594
11168.126821517944,2532
11169.151782989502,2526
11170.149803161621,2538
11171.119451522827,2572
11172.143459320068,2612
11173.141479492188,2578
11174.13878440857,2576
11175.135612487793,2554
11176.137208938599,2510
11177.130699157715,2522
11178.128242492676,2554
11179.12483215332,2574
11180.123329162598,2536
11181.119680404663,2532
11182.117462158203,2506
11183.114051818848,2554
11184.112071990967,2554
11185.11414527893,2536
11186.10668182373,2558
11187.105178833008,2582
11188.10248374939,2606
11190.09518623352,2632
11191.093444824219,2610
11192.081451416016,2598
11193.059921264648,2578
11194.056034088135,2524
11195.053100585938,2510
11195.053100585938,2510
11197.04818725586,2534
11198.045492172241,2548
11199.042797088623,2556
11200.040102005005,2554
11201.037168502808,2598
11202.034711837769,2632
11203.03201675415,2634
11203.03201675415,2654
11205.026626586914,2712
11205.026626586914,2670
11207.021236419678,2652
11207.021236419678,2602
11209.0163230896,2610
11210.013151168823,2606
11211.010694503784,2510
11212.007761001587,2474
11213.005304336548,2430
11214.00260925293,2414
11214.999914169312,2422
11215.99793434143,2424
11216.995000839233,2386
11217.992067337036,2374
11218.989133834839,2386
11219.9866771698,2374
11220.983982086182,2360
11221.981287002563,2398
11222.978353500366,2366
11223.976135253906,2364
11224.973201751709,2360
11225.97050666809,2390
11226.968050003052,2406
11227.965354919434,2450
11228.962659835815,2458
11229.959964752197,2458
11230.957746505737,2478
11231.954574584961,2454
11232.954740524292,2482
11233.951330184937,2506
11234.949350357056,2538
11235.946416854858,2506
11236.943483352661,2484
11237.940788269043,2534
11238.938331604004,2546
11239.935398101807,2578
11240.932703018188,2574
11241.930484771729,2558
11242.927551269531,2598
11243.924856185913,2576
11244.921922683716,2596
11245.919942855835,2584
11246.917009353638,2602
11247.91431427002,2560
11248.937845230103,2584
11249.936819076538,2574
11250.932693481445,2584
11251.931190490723,2574
11252.928733825684,2584
11253.92460823059,2598
11254.92238998413,2610
11255.919456481934,2556
11256.916284561157,2598
11257.918119430542,2542
11258.915901184082,2544
11259.918212890625,2542
11260.915517807007,2534
11261.903047561646,2546
11262.900352478027,2586
11263.897895812988,2598
11264.89520072937,2550
11265.894174575806,2512
11266.889572143555,2518
11267.860412597656,2588
11268.885612487793,2602
11269.8814868927,2546
11270.87926864624,2512
11271.87728881836,2516
11272.873878479004,2490
11273.87285232544,2544
11274.868726730347,2510
11275.86579322815,2526
11276.864290237427,2534
11277.860164642334,2526
11278.857707977295,2494
11279.855728149414,2546
11280.852794647217,2526
11281.851530075073,2502
11282.84740447998,2508
11283.844709396362,2542
11284.813404083252,2542
11285.810470581055,2522
11286.808013916016,2522
11287.805080413818,2596
11288.8023853302,2602
11289.799928665161,2522
11290.797233581543,2516
11291.794538497925,2504
11292.791604995728,2554
11293.789148330688,2508
11294.816255569458,2482
11295.812845230103,2486
11296.809911727905,2474
11297.80888557434,2470
11298.80428314209,2538
11299.806356430054,2602
11300.800085067749,2580
11301.795482635498,2574
11302.79278755188,2518
11303.79033088684,2574
11304.787397384644,2572
11305.786848068237,2514
11306.782007217407,2516
11307.752132415771,2554
11308.749198913574,2576
11309.746265411377,2556
11310.744285583496,2570
11311.741352081299,2586
11312.738418579102,2602
11313.735961914062,2618
11314.733266830444,2544
11315.730333328247,2598
11316.727638244629,2558
11317.72518157959,2538
11318.722486495972,2522
11319.719791412354,2544
11320.717096328735,2490
11321.714639663696,2424
11322.711944580078,2454
11323.70924949646,2490
11324.706554412842,2574
11325.707197189331,2514
11326.70283317566,2480
11327.740669250488,2486
11328.696489334106,2514
11329.365491867065,2518
11330.39927482605,2570
11331.964492797852,2542
11332.497119903564,2544
11333.525896072388,2514
11334.49411392212,2542
11335.491180419922,2542
11336.488485336304,2606
11337.486505508423,2542
11338.483333587646,2506
11339.482545852661,2504
11340.47818183899,2486
11341.475009918213,2502
11342.500925064087,2502
11343.498229980469,2490
11344.467639923096,2458
11345.46446800232,2474
11346.461772918701,2494
11347.458839416504,2522
11348.456382751465,2526
11349.454164505005,2574
11350.450992584229,2494
11351.44853591919,2494
11352.44607925415,2504
11353.443145751953,2538
11354.440927505493,2490
11355.437994003296,2478
11356.43482208252,2534
11357.43236541748,2514
11358.429670333862,2542
11359.426975250244,2526
11360.42594909668,2526
11361.422061920166,2582
11362.419366836548,2554
11363.41667175293,2542
11364.413738250732,2534
11365.411281585693,2542
11366.408586502075,2502
11367.405414581299,2520
11368.403196334839,2538
11369.400262832642,2546
11370.398044586182,2524
11371.394872665405,2534
11372.392416000366,2602
11373.389720916748,2590
11374.38702583313,2542
11375.38456916809,2500
11376.381635665894,2516
11377.379179000854,2586
11378.376960754395,2586
11379.374027252197,2550
11380.37133216858,2542
11381.368398666382,2540
11382.365942001343,2532
11383.363008499146,2534
11384.360551834106,2578
11385.357856750488,2574
11386.35540008545,2544
11387.352228164673,2512
11388.349533081055,2522
11389.346837997437,2526
11390.344619750977,2526
11391.342878341675,2526
11392.367839813232,2522
11393.337965011597,2542
11394.36388015747,2518
11395.359516143799,2504
11396.35705947876,2510
11397.355079650879,2514
11398.351430892944,2510
11399.349212646484,2454
11400.346517562866,2446
11401.316404342651,2472
11402.312994003296,2474
11403.310060501099,2502
11404.335498809814,2498
11405.333995819092,2522
11406.331062316895,2514
11407.32741355896,2494
11408.32495689392,2526
11409.322023391724,2522
11410.32099723816,2516
11411.316871643066,2510
11412.314414978027,2538
11413.312673568726,2490
11414.30950164795,2536
11415.306091308594,2516
11416.304349899292,2578
11417.272806167603,2610
11418.270111083984,2586
11419.266939163208,2558
11420.26424407959,2594
11421.261548995972,2598
11422.258853912354,2582
11423.256158828735,2572
11424.253940582275,2538
11425.251245498657,2518
11426.248550415039,2506
11427.245616912842,2478
11428.243160247803,2514
11429.240465164185,2518
11430.237770080566,2474
11431.235074996948,2476
11432.23237991333,2480
11433.229684829712,2500
11434.227705001831,2518
11435.224533081055,2542
11436.221599578857,2482
11437.219381332397,2460
11438.2164478302,2458
11439.213752746582,2484
11440.211057662964,2490
11441.208362579346,2546
11442.205667495728,2526
11443.20297241211,2494
11444.200038909912,2494
11445.197343826294,2546
11446.194887161255,2576
11447.192430496216,2574
11448.192596435547,2536
11449.188470840454,2506
11450.214385986328,2518
11451.183557510376,2552
11452.207565307617,2586
11453.205823898315,2518
11454.20217514038,2518
11455.19995689392,2488
11456.197261810303,2474
11457.193851470947,2548
11458.193063735962,2548
11459.189176559448,2526
11460.186243057251,2482
11461.18450164795,2458
11462.161302566528,2518
11463.150024414062,2542
11464.147567749023,2526
11465.147495269775,2462
11466.141939163208,2466
11467.13924407959,2514
11468.136548995972,2546
11469.133853912354,2616
11470.133543014526,2582
11471.15707397461,2516
11472.154140472412,2476
11473.151683807373,2500
11474.15018081665,2546
11475.145816802979,2526
11476.145029067993,2538
11477.141857147217,2518
11478.138208389282,2510
11479.10737991333,2518
11480.133056640625,2538
11481.130361557007,2520
11482.128858566284,2462
11483.12497138977,2490
11484.122037887573,2482
11485.120296478271,2474
11486.119270324707,2488
11487.114429473877,2500
11488.114595413208,2482
11489.108800888062,2468
11490.107774734497,2514
11491.103410720825,2538
11492.100715637207,2534
11493.10326576233,2514
11494.09532546997,2502
11495.09310722351,2514
11497.087478637695,2522
11497.087478637695,2468
11498.086214065552,2478
11499.082326889038,2490
11500.084400177002,2528
11501.091241836548,2528
11503.072023391724,2520
11503.072023391724,2518
11505.06615638733,2506
11506.064891815186,2524
11506.064891815186,2522
11508.058071136475,2580
11508.058071136475,2504
11510.05220413208,2486
11510.05220413208,2494
11511.056184768677,2512
11513.045310974121,2514
11514.042139053345,2550
11515.042781829834,2552
11516.039848327637,2582
11517.033576965332,2580
11518.004417419434,2622
11519.034624099731,2596
11520.025253295898,2602
11521.01755142212,2538
11522.019386291504,2518
11523.015260696411,2546
11524.017095565796,2558
11524.98722076416,2576
11525.982141494751,2570
11527.009725570679,2572
11528.006315231323,2570
11529.006719589233,2554
11530.009746551514,2582
11531.009674072266,2546
11532.016515731812,2574
11533.0069065094,2574
11534.011125564575,2522
11535.014629364014,2502
11536.014795303345,2490
11536.990642547607,2522
11537.988662719727,2522
11538.991928100586,2538
11539.989471435547,2516
11540.988445281982,2544
11541.98956489563,2574
11542.937517166138,2550
11543.993949890137,2544
11544.989585876465,2546
11545.992136001587,2544
11546.95463180542,2526
11547.951698303223,2526
11548.95567893982,2550
11549.947738647461,2582
11550.944566726685,2546
11551.941633224487,2522
11552.93893814087,2524
11553.936243057251,2534
11554.933547973633,2526
11555.901765823364,2542
11556.935548782349,2504
11557.930946350098,2482
11558.93087387085,2448
11559.900760650635,2456
11560.931921005249,2502
11561.930418014526,2516
11562.933921813965,2510
11563.930988311768,2482
11564.936637878418,2516
11565.930366516113,2544
11566.905736923218,2538
11567.869663238525,2522
11568.867683410645,2522
11569.892406463623,2490
11570.889472961426,2468
11571.887016296387,2510
11572.88408279419,2514
11573.8844871521,2502
11574.878692626953,2506
11575.875997543335,2502
11576.873779296875,2538
11577.871084213257,2542
11578.86791229248,2508
11579.865455627441,2494
11580.86371421814,2542
11581.8612575531,2536
11582.858800888062,2506
11583.854913711548,2492
11584.852695465088,2510
11585.850477218628,2550
11586.84778213501,2558
11587.844848632812,2542
11588.842391967773,2526
11589.838027954102,2512
11590.835332870483,2574
11591.83382987976,2544
11592.807292938232,2534
11593.828439712524,2462
11594.82455253601,2410
11595.82257270813,2420
11596.82011604309,2492
11597.817420959473,2508
11598.813533782959,2476
11599.811553955078,2480
11600.809097290039,2486
11601.781606674194,2534
11602.778196334839,2570
11603.800535202026,2570
11604.799270629883,2514
11605.794906616211,2542
11606.792449951172,2514
11607.790231704712,2574
11608.787059783936,2554
11609.758138656616,2548
11610.755681991577,2572
11611.778974533081,2614
11612.777471542358,2628
11613.774538040161,2642
11614.771366119385,2608
11615.768194198608,2612
11616.765975952148,2590
11617.741107940674,2578
11618.735790252686,2584
11619.758129119873,2570
11620.75662612915,2582
11621.75464630127,2590
11622.750282287598,2616
11623.748779296875,2586
11624.74513053894,2550
11625.744342803955,2490
11626.741170883179,2506
11627.73871421814,2510
11628.73649597168,2490
11629.732131958008,2462
11630.72943687439,2408
11631.728410720825,2398
11632.697820663452,2396
11633.72254371643,2450
11634.691953659058,2514
11635.717868804932,2554
11636.718273162842,2576
11637.710571289062,2546
11638.707876205444,2512
11639.705419540405,2522
11640.702962875366,2558
11641.701221466064,2554
11642.697811126709,2520
11643.695592880249,2506
11644.693613052368,2494
11645.689964294434,2538
11646.687984466553,2518
11647.658824920654,2534
11648.655414581299,2544
11649.653434753418,2518
11650.650262832642,2536
11651.647567749023,2542
11652.644634246826,2546
11653.642177581787,2506
11654.639482498169,2510
11655.63678741455,2494
11656.634092330933,2526
11657.631635665894,2570
11658.628702163696,2586
11659.626483917236,2582
11660.623550415039,2576
11661.620616912842,2546
11662.645816802979,2594
11663.641452789307,2578
11664.641618728638,2622
11665.63630104065,2558
11666.633367538452,2546
11667.630434036255,2482
11668.627738952637,2470
11669.625520706177,2538
11670.621871948242,2488
11671.619415283203,2482
11672.617197036743,2478
11673.615455627441,2480
11674.611806869507,2502
11675.611972808838,2476
11676.607370376587,2472
11677.605628967285,2514
11678.600788116455,2480
11679.598808288574,2474
11680.596113204956,2478
11681.594848632812,2492
11682.590246200562,2514
11683.588743209839,2502
11684.58604812622,2502
11685.582399368286,2550
11686.579942703247,2550
11687.577486038208,2532
11688.57479095459,2556
11689.573287963867,2602
11690.570831298828,2578
11691.572189331055,2542
11692.564964294434,2586
11693.561553955078,2630
11694.55862045288,2614
11695.555925369263,2598
11696.552991867065,2602
11697.551965713501,2590
11698.5502243042,2552
11699.54514503479,2514
11700.543880462646,2556
11701.540231704712,2550
11702.537536621094,2512
11703.534364700317,2498
11704.531908035278,2462
11705.530881881714,2478
11706.531763076782,2518
11707.52477645874,2474
11708.522319793701,2504
11709.492921829224,2454
11710.516452789307,2458
11711.513042449951,2398
11712.510585784912,2448
11713.509321212769,2462
11714.47777748108,2426
11715.474605560303,2410
11716.471910476685,2454
11717.468976974487,2480
11718.466520309448,2494
11719.46382522583,2486
11720.461368560791,2538
11721.458673477173,2518
11722.455978393555,2484
11723.453283309937,2484
11724.451065063477,2506
11725.44813156128,2538
11726.445198059082,2520
11727.442741394043,2502
11728.440046310425,2510
11729.437351226807,2572
11730.434656143188,2576
11731.43196105957,2624
11732.429504394531,2610
11733.426809310913,2622
11734.423875808716,2590
11735.421657562256,2554
11736.418724060059,2544
11737.41602897644,2554
11738.413333892822,2550
11739.411354064941,2516
11740.408182144165,2526
11741.405248641968,2530
11742.402791976929,2536
11743.40009689331,2590
11744.397401809692,2610
11745.394945144653,2632
11746.392011642456,2570
11747.389316558838,2542
11748.38662147522,2514
11749.38416481018,2522
11750.381469726562,2510
11751.378536224365,2518
11752.375841140747,2494
11753.373384475708,2504
11754.37068939209,2526
11755.36823272705,2534
11756.36601448059,2550
11757.363080978394,2574
11758.360147476196,2586
11759.357690811157,2546
11760.354995727539,2514
11761.35230064392,2514
11762.349367141724,2510
11763.347148895264,2550
11764.344453811646,2514
11765.341520309448,2500
11766.33906364441,2482
11767.336368560791,2500
11768.333673477173,2544
11769.330978393555,2574
11770.328283309937,2526
11771.326303482056,2546
11772.32313156128,2554
11773.320436477661,2598
11774.317502975464,2576
11775.315046310425,2566
11776.312351226807,2542
11777.310132980347,2514
11778.30696105957,2516
11779.304504394531,2550
11780.301809310913,2598
11781.299114227295,2574
11782.296419143677,2554
11783.294200897217,2554
11784.29102897644,2606
11785.288572311401,2614
11786.286115646362,2610
11787.283420562744,2558
11788.280487060547,2576
11789.27755355835,2556
11790.274858474731,2558
11791.272401809692,2522
11792.269706726074,2506
11793.267011642456,2486
11794.264554977417,2422
11795.26162147522,2462
11796.258926391602,2430
11797.25694656372,2414
11798.253536224365,2418
11799.251079559326,2428
11800.248146057129,2480
11801.249980926514,2550
11802.24609375,2572
11803.242921829224,2542
11804.240465164185,2546
11805.237531661987,2574
11806.235074996948,2546
11807.23261833191,2514
11808.229923248291,2486
11809.227228164673,2516
11810.225009918213,2510
11811.222076416016,2514
11812.21866607666,2482
11813.2164478302,2498
11814.213037490845,2528
11815.210342407227,2526
11816.207647323608,2526
11817.233085632324,2534
11818.201065063477,2510
11819.226264953613,2510
11820.21689414978,2478
11821.221113204956,2474
11822.218418121338,2500
11823.215961456299,2502
11824.215650558472,2430
11825.211524963379,2478
11826.180696487427,2538
11827.204942703247,2546
11828.203201293945,2582
11829.199314117432,2582
11830.196619033813,2602
11831.194400787354,2554
11832.191944122314,2506
11833.161115646362,2546
11834.157943725586,2542
11835.155248641968,2510
11836.15231513977,2470
11837.149858474731,2414
11838.146924972534,2446
11839.144706726074,2538
11840.141534805298,2580
11841.139316558838,2558
11842.136144638062,2550
11843.133926391602,2598
11844.130992889404,2544
11845.128297805786,2534
11846.125364303589,2554
11847.123146057129,2556
11848.149299621582,2522
11849.117755889893,2542
11850.114583969116,2528
11851.112365722656,2574
11852.109670639038,2550
11853.10697555542,2618
11854.104280471802,2618
11855.101585388184,2546
11856.098651885986,2536
11857.096433639526,2550
11858.09350013733,2550
11859.09128189087,2558
11860.088348388672,2510
11861.085891723633,2450
11862.082719802856,2450
11863.109827041626,2512
11864.106893539429,2540
11865.105152130127,2502
11866.101026535034,2446
11867.09976196289,2430
11868.096351623535,2390
11869.09294128418,2426
11870.09048461914,2450
11871.088743209839,2454
11872.084856033325,2442
11873.088359832764,2410
11874.085187911987,2470
11875.07677078247,2466
11876.075506210327,2522
11877.07233428955,2510
11879.071712493896,2478
11879.071712493896,2430
11880.06567955017,2474
11881.062030792236,2454
11882.059097290039,2452
11883.056163787842,2450
11884.059429168701,2510
11885.055303573608,2502
11886.04760169983,2486
11887.045860290527,2522
11888.04292678833,2542
11889.04070854187,2542
11890.037536621094,2532
11891.040563583374,2502
11893.001317977905,2502
11894.028663635254,2520
11894.996404647827,2534
11895.992755889893,2578
11896.990299224854,2602
11897.986888885498,2614
11898.985147476196,2622
11899.98197555542,2674
11900.979042053223,2684
11901.977062225342,2662
11902.973890304565,2662
11903.970956802368,2650
11904.96826171875,2666
11905.965805053711,2638
11906.963109970093,2666
11907.960176467896,2686
11908.958435058594,2710
11909.95717048645,2710
11911.012411117554,2664
11912.00852394104,2646
11912.998914718628,2680
11914.000272750854,2702
11914.999961853027,2702
11916.005373001099,2674
11916.999578475952,2604
11917.935132980347,2578
11918.96104812622,2612
11919.960498809814,2586
11920.957088470459,2550
11921.952962875366,2480
11922.95503616333,2470
11923.948764801025,2474
11924.918413162231,2422
11925.914525985718,2382
11926.912307739258,2350
11927.908897399902,2314
11928.906917572021,2318
11929.903745651245,2286
11930.901527404785,2278
11931.901931762695,2294
11932.902812957764,2334
11933.902978897095,2354
11934.900760650635,2350
11935.902118682861,2382
11936.901807785034,2354
11937.8821849823,2418
11938.899040222168,2448
11939.876794815063,2466
11940.87290763855,2424
11941.869735717773,2410
11942.876100540161,2378
11943.864107131958,2442
11944.86141204834,2470
11945.8589553833,2478
11946.856260299683,2470
11947.853803634644,2524
11948.850870132446,2582
11949.848175048828,2598
11950.84547996521,2604
11951.84302330017,2558
11952.840089797974,2554
11953.837394714355,2596
11954.834461212158,2610
11955.832242965698,2622
11956.83240890503,2624
11957.829475402832,2598
11958.82773399353,2610
11959.825277328491,2654
11960.822820663452,2686
11961.820363998413,2652
11962.81623840332,2644
11963.813781738281,2698
11964.811325073242,2670
11965.80982208252,2650
11966.806888580322,2622
11967.803478240967,2610
11968.798875808716,2630
11969.79546546936,2608
11970.792770385742,2584
11971.79102897644,2546
11972.787380218506,2504
11973.784446716309,2490
11974.781513214111,2456
11975.778818130493,2462
11976.779460906982,2446
11977.775812149048,2422
11978.773355484009,2446
11979.771137237549,2506
11980.767726898193,2502
11981.765270233154,2478
11982.763767242432,2478
11983.760118484497,2526
11984.7571849823,2534
11985.751867294312,2542
11986.75274848938,2518
11987.749814987183,2550
11988.747119903564,2558
11989.744186401367,2546
11990.767240524292,2518
11991.765022277832,2502
11992.76328086853,2584
11993.760347366333,2574
11994.758367538452,2570
11995.754957199097,2554
11996.7520236969,2550
11997.748613357544,2574
11998.745679855347,2544
11999.743700027466,2516
12000.741958618164,2462
12001.73830986023,2446
12002.707481384277,2478
12003.705739974976,2502
12004.731893539429,2542
12005.72681427002,2542
12006.724834442139,2512
12007.723093032837,2490
12008.72015953064,2514
12009.716510772705,2544
12010.714769363403,2522
12011.712074279785,2472
12012.710094451904,2422
12013.71431350708,2490
12014.70422744751,2466
12015.700817108154,2430
12016.699314117432,2422
12017.695188522339,2488
12018.665075302124,2494
12019.662141799927,2502
12020.6880569458,2550
12021.68869972229,2552
12022.68671989441,2520
12023.680210113525,2474
12024.678468704224,2514
12025.67434310913,2532
12026.671648025513,2492
12027.669906616211,2446
12028.666019439697,2454
12029.663562774658,2502
12030.661344528198,2536
12031.65888786316,2514
12032.657384872437,2504
12033.627271652222,2542
12034.622192382812,2548
12035.648345947266,2522
12036.644697189331,2536
12037.64295578003,2520
12038.639307022095,2474
12039.636373519897,2468
12040.635347366333,2552
12041.631937026978,2606
12042.629480361938,2550
12043.627262115479,2520
12044.623136520386,2538
12045.620679855347,2548
12046.618223190308,2586
12047.61528968811,2570
12048.601627349854,2542
12049.61085319519,2536
12050.580263137817,2510
12051.605224609375,2526
12052.602767944336,2538
12053.600549697876,2558
12054.597854614258,2510
12055.59492111206,2494
12056.591510772705,2522
12057.588815689087,2550
12058.588981628418,2546
12059.55719947815,2526
12060.581922531128,2510
12061.582326889038,2520
12062.575817108154,2520
12063.573122024536,2558
12064.543008804321,2574
12065.539836883545,2558
12066.537618637085,2586
12067.534446716309,2524
12068.560123443604,2574
12069.557428359985,2576
12070.554971694946,2598
12071.552515029907,2570
12072.548866271973,2546
12073.546409606934,2518
12074.543714523315,2518
12075.541496276855,2488
12076.539039611816,2460
12077.536344528198,2510
12078.504085540771,2518
12079.530477523804,2486
12080.531358718872,2446
12081.52723312378,2426
12082.524061203003,2458
12083.521366119385,2482
12084.4886302948,2418
12085.516691207886,2400
12086.513996124268,2398
12087.510824203491,2446
12088.508605957031,2480
12089.505195617676,2514
12090.510129928589,2490
12091.500282287598,2520
12092.498779296875,2486
12093.494892120361,2526
12094.492673873901,2606
12095.489501953125,2598
12096.487283706665,2538
12097.484588623047,2514
12098.481178283691,2538
12099.479675292969,2574
12100.475788116455,2556
12101.473093032837,2602
12102.470874786377,2598
12103.468418121338,2646
12104.465961456299,2614
12105.469465255737,2544
12106.4612865448,2568
12107.464075088501,2604
12108.455419540405,2618
12109.445810317993,2538
12110.449075698853,2522
12111.44995689392,2546
12112.443685531616,2588
12113.441705703735,2552
12114.44091796875,2598
12115.435600280762,2522
12118.398666381836,2550
12118.398666381836,2470
12118.398666381836,2486
12119.959592819214,2508
12120.600938796997,2506
12122.076988220215,2410
12123.106479644775,2390
12124.104022979736,2446
12125.100135803223,2486
12126.072406768799,2472
12127.068519592285,2490
12128.066539764404,2540
12129.062175750732,2542
12130.060195922852,2488
12131.056785583496,2508
12132.069110870361,2546
12133.051633834839,2554
12134.04893875122,2486
12135.046482086182,2488
12136.050939559937,2536
12137.04538345337,2534
12138.052701950073,2586
12139.050483703613,2582
12140.03324508667,2620
12141.04437828064,2598
12142.028093338013,2548
12143.025636672974,2574
12144.023180007935,2576
12145.020008087158,2510
12146.017074584961,2494
12147.014856338501,2510
12148.011922836304,2542
12149.009227752686,2522
12150.006294250488,2542
12151.00383758545,2578
12152.00161933899,2586
12152.998685836792,2550
12153.996229171753,2554
12154.993057250977,2590
12155.990600585938,2554
12157.007217407227,2570
12158.006191253662,2550
12158.988237380981,2578
12159.980058670044,2544
12160.987854003906,2516
12161.98754310608,2526
12162.991762161255,2574
12163.987159729004,2554
12164.966344833374,2550
12165.963649749756,2518
12166.960954666138,2514
12167.962551116943,2512
12168.96104812622,2506
12169.961214065552,2514
12170.958995819092,2510
12171.947002410889,2494
12172.94430732727,2450
12173.940896987915,2482
12174.937963485718,2518
12175.935745239258,2532
12176.950931549072,2520
12177.932262420654,2482
12178.933143615723,2450
12179.926872253418,2470
12180.924654006958,2506
12181.92195892334,2528
12182.919025421143,2486
12183.916091918945,2478
12184.914350509644,2482
12185.910940170288,2538
12186.910390853882,2542
12187.904119491577,2582
12188.9009475708,2554
12189.898490905762,2518
12190.895318984985,2512
12191.896915435791,2538
12192.90018081665,2516
12193.894624710083,2538
12194.893598556519,2514
12195.894241333008,2512
12196.878910064697,2542
12197.876453399658,2546
12198.893547058105,2554
12199.871063232422,2570
12200.868606567383,2576
12201.866149902344,2540
12202.866315841675,2538
12203.860759735107,2522
12204.858303070068,2578
12205.883979797363,2550
12206.88271522522,2526
12207.879066467285,2502
12208.876132965088,2534
12209.844827651978,2538
12210.873365402222,2578
12211.839437484741,2572
12212.836742401123,2576
12213.862895965576,2558
12214.831829071045,2576
12215.828895568848,2550
12216.82620048523,2518
12217.824459075928,2502
12218.821287155151,2482
12219.818592071533,2502
12220.844984054565,2526
12221.845865249634,2534
12222.83935546875,2544
12223.835945129395,2550
12224.833488464355,2542
12225.830554962158,2552
12226.800441741943,2530
12227.825403213501,2550
12228.822469711304,2524
12229.824304580688,2538
12230.818271636963,2502
12231.815338134766,2478
12232.811689376831,2548
12233.781576156616,2584
12234.779357910156,2556
12235.806465148926,2538
12236.801624298096,2590
12237.798690795898,2604
12238.767147064209,2574
12239.76469039917,2554
12240.761756896973,2534
12241.759061813354,2512
12242.757081985474,2476
12243.754386901855,2486
12244.75121498108,2514
12245.74875831604,2478
12246.746063232422,2480
12247.743368148804,2490
12248.740673065186,2502
12249.738693237305,2506
12250.73504447937,2474
12251.732349395752,2480
12252.729892730713,2494
12253.727436065674,2490
12254.724740982056,2454
12255.722284317017,2458
12256.718873977661,2470
12257.716655731201,2478
12258.713960647583,2506
12259.713411331177,2508
12260.740756988525,2488
12261.737585067749,2470
12262.738227844238,2486
12263.732194900513,2572
12264.728546142578,2512
12265.695810317993,2508
12266.693592071533,2492
12267.690181732178,2522
12268.688201904297,2498
12269.68502998352,2494
12270.682334899902,2546
12271.679639816284,2538
12272.677659988403,2518
12273.674726486206,2482
12274.67155456543,2494
12275.668382644653,2522
12276.665925979614,2522
12277.663230895996,2510
12278.661251068115,2540
12279.658794403076,2534
12280.65800666809,2538
12281.655073165894,2550
12282.6509475708,2550
12283.653497695923,2534
12284.645795822144,2538
12285.670280456543,2522
12286.640167236328,2558
12287.63747215271,2582
12288.654327392578,2548
12289.651870727539,2534
12290.629863739014,2576
12291.64743423462,2574
12292.62399673462,2558
12293.621301651001,2582
12294.61932182312,2604
12295.615434646606,2550
12296.612739562988,2552
12297.611713409424,2518
12298.608541488647,2518
12299.628973007202,2506
12300.602674484253,2454
12301.600217819214,2486
12302.597999572754,2514
12303.593397140503,2492
12304.592370986938,2458
12305.58967590332,2474
12306.586742401123,2526
12307.584285736084,2574
12308.581352233887,2574
12309.578657150269,2510
12310.57596206665,2514
12311.592102050781,2542
12312.573671340942,2534
12313.567638397217,2578
12314.5751953125,2538
12315.561771392822,2526
12316.559791564941,2494
12317.557334899902,2548
12318.554401397705,2576
12319.551706314087,2574
12320.549011230469,2558
12321.546077728271,2508
12322.543382644653,2542
12323.541164398193,2532
12324.537992477417,2518
12325.535535812378,2526
12326.533794403076,2506
12327.5306224823,2486
12328.527688980103,2490
12329.525470733643,2474
12330.522060394287,2536
12331.51888847351,2542
12332.515954971313,2582
12333.513498306274,2544
12334.511756896973,2522
12335.539817810059,2534
12336.538791656494,2542
12337.503910064697,2518
12338.502168655396,2502
12339.499473571777,2542
12340.52586555481,2502
12341.508388519287,2516
12342.490673065186,2518
12343.487977981567,2554
12344.48504447937,2558
12345.481872558594,2548
12346.479415893555,2526
12347.476720809937,2522
12348.47378730774,2514
12349.471807479858,2596
12350.468397140503,2554
12351.466178894043,2544
12352.47278213501,2506
12353.460550308228,2502
12354.458093643188,2514
12355.45539855957,2546
12356.452703475952,2570
12357.450485229492,2534
12358.447551727295,2452
12359.445333480835,2478
12360.442161560059,2526
12361.440658569336,2538
12362.438201904297,2524
12363.461256027222,2480
12364.458799362183,2506
12365.456342697144,2514
12366.453647613525,2546
12367.450952529907,2546
12368.448734283447,2522
12369.418382644653,2490
12370.418071746826,2486
12371.415138244629,2482
12372.411966323853,2526
12373.410701751709,2522
12374.406814575195,2514
12375.433206558228,2510
12376.399755477905,2538
12377.398490905762,2522
12378.427743911743,2526
12379.421949386597,2518
12380.419969558716,2584
12381.41679763794,2550
12382.414102554321,2424
12383.411169052124,2406
12384.408473968506,2396
12385.405540466309,2462
12386.404275894165,2448
12387.370824813843,2522
12388.367652893066,2518
12389.364957809448,2510
12390.363216400146,2526
12391.38650894165,2526
12392.387628555298,2534
12393.355369567871,2552
12394.375324249268,2522
12395.369291305542,2516
12396.366119384766,2556
12397.375583648682,2548
12398.367881774902,2502
12399.365186691284,2538
12400.363445281982,2600
12401.333332061768,2570
12402.359962463379,2574
12403.357744216919,2550
12404.325008392334,2554
12405.341386795044,2544
12406.34799003601,2542
12407.344341278076,2502
12408.341884613037,2482
12409.319400787354,2460
12410.341739654541,2482
12411.336898803711,2502
12412.333488464355,2506
12413.331508636475,2488
12414.32809829712,2482
12415.323495864868,2522
12416.320085525513,2584
12417.317152023315,2546
12418.317556381226,2526
12419.287919998169,2502
12420.284032821655,2494
12421.30708694458,2482
12422.304630279541,2502
12423.301696777344,2534
12424.299240112305,2536
12425.296306610107,2508
12426.27215385437,2494
12427.290678024292,2550
12428.288698196411,2552
12429.285287857056,2590
12430.283069610596,2538
12431.283712387085,2538
12432.277917861938,2554
12433.274984359741,2506
12434.274911880493,2514
12435.24193763733,2526
12436.240673065186,2552
12437.26396560669,2546
12438.26174736023,2488
12439.258813858032,2522
12440.256357192993,2506
12441.253185272217,2542
12442.253351211548,2534
12443.251132965088,2522
12444.246768951416,2536
12445.242404937744,2490
12446.240663528442,2510
12447.237730026245,2518
12448.235750198364,2550
12449.232816696167,2538
12450.232028961182,2526
12451.201677322388,2510
12452.199459075928,2550
12453.195571899414,2578
12454.193592071533,2622
12455.190181732178,2552
12456.189155578613,2518
12457.185745239258,2514
12458.183288574219,2550
12459.180116653442,2554
12460.177183151245,2558
12461.174488067627,2546
12462.171792984009,2522
12463.168859481812,2486
12464.166641235352,2518
12465.163469314575,2546
12466.159582138062,2514
12467.156648635864,2458
12468.154191970825,2474
12469.151258468628,2530
12470.14832496643,2548
12471.145391464233,2512
12472.142934799194,2482
12473.140001296997,2526
12474.137544631958,2542
12476.142883300781,2574
12477.129697799683,2518
12477.129697799683,2554
12479.124307632446,2558
12479.124307632446,2526
12480.121850967407,2506
12481.119394302368,2550
12482.11646080017,2546
12483.113527297974,2536
12484.110832214355,2556
12485.108375549316,2582
12486.10544204712,2596
12487.10322380066,2554
12489.097833633423,2570
12490.094900131226,2606
12491.092443466187,2558
12492.08950996399,2548
12493.08729171753,2486
12494.084596633911,2498
12495.081901550293,2526
12496.078968048096,2494
12497.07841873169,2538
12497.07841873169,2542
12499.099969863892,2546
12500.09799003601,2548
12501.094818115234,2538
12502.091646194458,2546
12503.09133529663,2548
12504.087209701538,2522
12505.08427619934,2462
12506.084203720093,2484
12507.078886032104,2490
12508.076429367065,2490
12509.073257446289,2470
12510.071754455566,2546
12511.069536209106,2526
12512.068033218384,2502
12513.05890083313,2534
12514.06478881836,2526
12515.055418014526,2524
12516.050577163696,2512
12517.055988311768,2454
12518.049716949463,2474
12519.046783447266,2470
12520.044803619385,2506
12521.04139328003,2470
12522.043228149414,2476
12523.036241531372,2478
12524.033784866333,2502
12525.030851364136,2526
12526.028156280518,2556
12527.026176452637,2514
12527.997016906738,2454
12528.994083404541,2478
12530.021667480469,2470
12531.019926071167,2482
12532.013654708862,2478
12533.00929069519,2524
12534.006595611572,2542
12535.004138946533,2526
12536.00525856018,2490
12536.998987197876,2540
12538.000345230103,2510
12538.996696472168,2534
12539.993286132812,2522
12541.001796722412,2522
12541.992664337158,2510
12542.95563697815,2482
12543.981313705444,2506
12544.979095458984,2538
12545.973300933838,2550
12546.96774482727,2546
12547.968626022339,2516
12548.966646194458,2538
12549.967050552368,2574
12550.961256027222,2558
12551.959037780762,2528
12552.955865859985,2538
12553.956508636475,2494
12554.95023727417,2486
12555.94801902771,2542
12556.945085525513,2576
12557.948350906372,2558
12558.914184570312,2488
12559.911012649536,2502
12560.908794403076,2540
12561.90538406372,2538
12562.902688980103,2522
12563.899755477905,2490
12564.897060394287,2512
12565.894842147827,2484
12566.892385482788,2492
12567.888975143433,2544
12568.886518478394,2540
12569.884061813354,2538
12570.88041305542,2558
12571.905612945557,2550
12572.902202606201,2580
12573.899984359741,2514
12574.86891746521,2542
12575.865745544434,2538
12576.862573623657,2528
12577.859878540039,2526
12578.88650894165,2494
12579.883575439453,2514
12580.881118774414,2534
12581.878662109375,2540
12582.876443862915,2530
12583.873748779297,2538
12584.8708152771,2570
12585.870504379272,2502
12586.86637878418,2524
12587.862730026245,2520
12588.859796524048,2514
12589.831352233887,2482
12590.827941894531,2472
12591.85266494751,2486
12592.822074890137,2538
12593.849420547485,2582
12594.844579696655,2542
12595.841407775879,2558
12596.843242645264,2548
12597.836017608643,2522
12598.833560943604,2544
12599.830627441406,2546
12600.827932357788,2534
12601.829051971436,2474
12602.82301902771,2448
12603.821277618408,2490
12604.788780212402,2538
12605.785846710205,2534
12606.782913208008,2538
12607.77997970581,2536
12608.781099319458,2518
12609.775304794312,2526
12610.772132873535,2526
12611.769437789917,2510
12612.767219543457,2516
12613.76404762268,2510
12614.761352539062,2524
12615.758657455444,2520
12616.755962371826,2518
12617.753505706787,2490
12618.75057220459,2574
12619.747877120972,2544
12620.74875831604,2588
12621.745109558105,2536
12622.742652893066,2542
12623.73971939087,2524
12624.73726272583,2558
12625.734329223633,2540
12626.731872558594,2524
12627.730131149292,2518
12628.727197647095,2506
12629.724264144897,2506
12630.721092224121,2536
12631.718873977661,2536
12632.715702056885,2494
12633.713245391846,2502
12634.710311889648,2534
12635.70785522461,2526
12636.73186302185,2504
12637.729167938232,2516
12638.726711273193,2490
12639.72520828247,2526
12640.693187713623,2470
12641.690254211426,2542
12642.687797546387,2538
12643.68486404419,2542
12644.681930541992,2520
12645.678997039795,2518
12646.676301956177,2524
12647.67336845398,2576
12648.67091178894,2582
12649.668455123901,2518
12650.665283203125,2510
12651.663064956665,2570
12652.660369873047,2542
12653.65743637085,2542
12654.654741287231,2512
12655.652523040771,2486
12656.649351119995,2468
12657.646894454956,2486
12658.644199371338,2554
12659.64150428772,2500
12660.638809204102,2532
12661.635875701904,2540
12662.633419036865,2508
12663.630962371826,2502
12667.622089385986,2518
12668.619155883789,2522
12668.619155883789,2510
12668.619155883789,2526
12668.619155883789,2528
12669.618844985962,2544
12670.61471939087,2542
12671.611785888672,2546
12672.609090805054,2522
12673.606395721436,2558
12674.603700637817,2518
12675.601243972778,2542
12676.598310470581,2510
12677.59656906128,2528
12678.593158721924,2486
12679.590463638306,2522
12680.588006973267,2510
12681.58507347107,2486
12682.58261680603,2500
12683.579683303833,2510
12684.577226638794,2510
12685.574769973755,2506
12686.571598052979,2482
12687.56914138794,2474
12688.564777374268,2478
12689.562320709229,2584
12690.55962562561,2570
12691.556692123413,2506
12692.553281784058,2542
12693.550825119019,2544
12694.547891616821,2506
12695.545434951782,2526
12696.542501449585,2556
12697.540283203125,2524
12698.537349700928,2524
12699.53465461731,2514
12700.53219795227,2550
12701.529502868652,2538
12702.526569366455,2542
12703.523874282837,2544
12704.521179199219,2538
12705.5184841156,2578
12706.515789031982,2506
12707.513332366943,2484
12708.510637283325,2538
12709.507942199707,2516
12710.505247116089,2460
12711.50255203247,2424
12712.499856948853,2444
12713.499784469604,2494
12714.524030685425,2544
12715.524435043335,2582
12716.524124145508,2572
12717.517614364624,2530
12718.513488769531,2514
12719.511032104492,2542
12720.507860183716,2594
12721.508026123047,2558
12722.503423690796,2490
12723.499774932861,2474
12724.497318267822,2516
12725.494623184204,2550
12726.491689682007,2520
12727.489233016968,2574
12728.48653793335,2554
12729.45523262024,2574
12730.452299118042,2572
12731.478691101074,2570
12734.442234039307,2542
12734.442234039307,2534
12734.442234039307,2512
12735.439538955688,2482
12736.469030380249,2506
12737.465381622314,2526
12738.431215286255,2542
12739.428043365479,2514
12740.425109863281,2576
12741.422414779663,2550
12742.419958114624,2538
12743.417501449585,2546
12744.414806365967,2614
12745.41187286377,2550
12746.409893035889,2502
12747.406482696533,2502
12748.403787612915,2534
12749.401330947876,2538
12750.398635864258,2550
12751.39594078064,2546
12752.393245697021,2526
12753.390550613403,2518
12754.387855529785,2518
12755.385398864746,2546
12756.382703781128,2554
12757.38000869751,2558
12758.377075195312,2482
12759.37533378601,2502
12760.371923446655,2518
12761.369228363037,2474
12762.36629486084,2470
12763.36407661438,2510
12764.361381530762,2520
12765.358448028564,2474
12766.355752944946,2450
12767.353296279907,2494
12768.35036277771,2534
12769.34790611267,2478
12770.345211029053,2472
12771.342515945435,2470
12772.339820861816,2514
12773.337602615356,2534
12774.33466911316,2510
12775.335550308228,2474
12776.331663131714,2494
12777.329444885254,2506
12778.326511383057,2510
12779.323816299438,2486
12780.32112121582,2514
12781.318187713623,2514
12782.315731048584,2518
12783.313274383545,2534
12784.310340881348,2534
12785.30764579773,2542
12786.304473876953,2518
12787.301778793335,2526
12788.299083709717,2558
12789.296865463257,2574
12790.29393196106,2514
12791.289567947388,2474
12792.28663444519,2494
12793.283700942993,2548
12794.281005859375,2558
12795.278549194336,2538
12796.275615692139,2518
12797.27292060852,2518
12798.270463943481,2554
12799.267768859863,2554
12800.265073776245,2548
12801.262378692627,2582
12802.259683609009,2526
12803.25698852539,2482
12804.254293441772,2492
12805.251359939575,2512
12806.280612945557,2506
12807.273387908936,2502
12808.271169662476,2522
12809.271574020386,2554
12810.26554107666,2568
12811.262845993042,2546
12812.265157699585,2546
12813.258171081543,2608
12814.254999160767,2598
12815.253973007202,2490
12816.249370574951,2474
12817.249059677124,2522
12818.244934082031,2538
12819.241523742676,2518
12820.24359703064,2490
12821.209192276001,2520
12822.206258773804,2526
12823.203563690186,2522
12824.201107025146,2540
12825.19817352295,2550
12826.20096206665,2570
12827.193021774292,2490
12828.190326690674,2474
12829.187631607056,2494
12830.184936523438,2514
12831.18224143982,2506
12832.179546356201,2462
12833.177089691162,2498
12834.174156188965,2518
12835.171461105347,2546
12836.169004440308,2598
12837.166786193848,2618
12838.163614273071,2586
12839.160919189453,2538
12840.157985687256,2518
12841.155529022217,2514
12842.152833938599,2552
12843.15013885498,2538
12844.147682189941,2506
12845.144987106323,2534
12846.142053604126,2502
12847.139358520508,2512
12848.137140274048,2502
12849.13420677185,2502
12850.131511688232,2510
12851.129055023193,2480
12852.126121520996,2546
12853.153705596924,2534
12854.148387908936,2534
12855.145931243896,2494
12856.143236160278,2490
12857.142686843872,2518
12858.137369155884,2534
12859.135150909424,2514
12860.106229782104,2538
12861.12928390503,2522
12862.127304077148,2534
12863.124132156372,2502
12864.121437072754,2536
12865.12279510498,2534
12866.116285324097,2594
12868.083953857422,2574
12868.083953857422,2550
12869.081020355225,2544
12870.078325271606,2504
12871.07539176941,2532
12872.07293510437,2538
12873.070240020752,2526
12874.067544937134,2474
12875.065088272095,2466
12876.062393188477,2504
12877.059698104858,2520
12878.056764602661,2538
12879.054307937622,2538
12880.051612854004,2510
12881.048917770386,2518
12883.051633834839,2542
12884.040832519531,2570
12885.038137435913,2542
12886.035680770874,2522
12887.032985687256,2518
12888.030052185059,2494
12889.027833938599,2494
12890.024900436401,2528
12891.022205352783,2534
12892.019510269165,2548
12893.026113510132,2578
12894.014358520508,2576
12895.01142501831,2534
12896.008729934692,2558
12897.006273269653,2538
12898.003578186035,2538
12899.004220962524,2524
12900.00057220459,2526
12900.997161865234,2502
12901.994943618774,2472
12902.991771697998,2518
12903.989315032959,2538
12904.98685836792,2506
12905.983924865723,2522
12906.981229782104,2506
12907.978534698486,2574
12908.976316452026,2550
12909.97338294983,2584
12910.970687866211,2532
12911.968231201172,2486
12912.965059280396,2502
12913.962602615356,2462
12914.98851776123,2524
12915.982723236084,2550
12916.980504989624,2532
12917.951345443726,2510
12918.977499008179,2514
12919.974565505981,2546
12920.974731445312,2574
12921.96798324585,2558
12922.964811325073,2580
12923.961400985718,2546
12924.958944320679,2542
12925.95624923706,2494
12926.953315734863,2506
12927.951097488403,2510
12928.950786590576,2478
12929.9476146698,2460
12930.943727493286,2518
12931.940793991089,2546
12932.937860488892,2514
12933.935642242432,2538
12934.932470321655,2542
12935.929775238037,2514
12936.930179595947,2512
12937.924861907959,2486
12938.927412033081,2488
12939.918994903564,2514
12940.917491912842,2510
12941.914081573486,2482
12942.886352539062,2482
12943.90869140625,2478
12944.878816604614,2494
12945.903301239014,2554
12946.900844573975,2550
12947.897672653198,2558
12948.895454406738,2510
12949.893236160278,2482
12950.889825820923,2486
12951.887130737305,2522
12952.886819839478,2512
12953.881740570068,2462
12954.87928390503,2508
12955.876588821411,2526
12956.873655319214,2502
12957.871198654175,2504
12958.868980407715,2514
12959.86533164978,2506
12960.83688735962,2518
12961.862564086914,2520
12962.863445281982,2526
12963.855028152466,2516
12964.852571487427,2512
12965.850114822388,2510
12966.847658157349,2502
12967.81849861145,2558
12968.844175338745,2578
12969.84338760376,2538
12970.839738845825,2512
12971.837520599365,2546
12972.833395004272,2536
12973.830938339233,2518
12974.827289581299,2534
12975.826263427734,2546
12976.794242858887,2550
12977.790832519531,2578
12978.787899017334,2542
12979.785442352295,2546
12980.782508850098,2576
12981.780052185059,2558
12982.77759552002,2542
12983.774662017822,2508
12984.771966934204,2482
12985.771417617798,2476
12986.768245697021,2520
12987.765312194824,2514
12988.763332366943,2550
12989.760160446167,2522
12990.75722694397,2498
12991.755485534668,2512
12992.772579193115,2550
12993.776321411133,2514
12994.745254516602,2534
12995.742321014404,2514
12996.739625930786,2446
12997.737169265747,2454
12998.73423576355,2502
12999.73177909851,2502
13000.729084014893,2492
13001.726388931274,2536
13002.723455429077,2526
13003.720760345459,2534
13004.718542098999,2550
13005.71584701538,2546
13006.724119186401,2538
13007.710456848145,2504
13008.707761764526,2470
13009.705066680908,2484
13010.70237159729,2490
13011.699676513672,2490
13012.696981430054,2486
13013.694286346436,2502
13014.691352844238,2502
13015.689134597778,2502
13016.686201095581,2522
13017.683506011963,2548
13018.681049346924,2550
13019.678354263306,2506
13020.675420761108,2488
13021.67272567749,2474
13022.67050743103,2470
13023.667573928833,2474
13024.664878845215,2514
13025.662422180176,2538
13026.659727096558,2578
13027.65703201294,2546
13028.654336929321,2534
13029.651641845703,2522
13030.648946762085,2546
13031.646251678467,2578
13032.643795013428,2546
13033.64086151123,2486
13034.638166427612,2474
13035.635709762573,2524
13036.633014678955,2542
13037.630319595337,2526
13038.628339767456,2482
13039.62516784668,2470
13040.622472763062,2478
13041.619777679443,2526
13042.617082595825,2582
13043.614387512207,2518
13044.611692428589,2478
13045.60899734497,2478
13046.606540679932,2486
13047.603845596313,2532
13048.600912094116,2530
13049.598455429077,2534
13050.595760345459,2514
13051.59306526184,2574
13052.590370178223,2612
13053.617238998413,2584
13054.614305496216,2522
13055.61113357544,2554
13056.61129951477,2546
13057.605743408203,2538
13058.602809906006,2552
13059.573411941528,2554
13060.598611831665,2554
13061.59496307373,2546
13062.593221664429,2544
13063.589572906494,2522
13064.589262008667,2526
13065.584182739258,2480
13066.582202911377,2518
13067.578792572021,2510
13068.57681274414,2482
13069.573879241943,2462
13070.571422576904,2414
13071.568727493286,2480
13072.5679397583,2538
13073.565244674683,2518
13074.559926986694,2514
13075.556516647339,2478
13076.554536819458,2518
13077.55184173584,2506
13078.522682189941,2508
13079.546213150024,2538
13080.546140670776,2510
13081.541061401367,2478
13082.538366317749,2482
13083.537340164185,2514
13084.507703781128,2538
13085.504055023193,2554
13086.501359939575,2522
13087.498664855957,2552
13088.495969772339,2542
13089.49327468872,2550
13090.490579605103,2574
13091.487884521484,2526
13092.484951019287,2504
13093.482732772827,2460
13094.47979927063,2470
13095.477104187012,2522
13096.474170684814,2518
13097.471714019775,2534
13098.469018936157,2514
13099.466323852539,2544
13100.464820861816,2574
13101.46164894104,2574
13102.458715438843,2506
13103.455781936646,2504
13104.453325271606,2528
13105.45039176941,2476
13106.447696685791,2510
13107.445478439331,2526
13108.442544937134,2550
13109.440565109253,2506
13110.437154769897,2534
13111.43445968628,2554
13112.43200302124,2582
13113.428831100464,2528
13114.426136016846,2518
13115.42558670044,2502
13116.42050743103,2578
13117.417097091675,2514
13119.784593582153,2478
13119.784593582153,2502
13120.819091796875,2526
13121.848821640015,2526
13122.951745986938,2510
13123.951196670532,2554
13124.950647354126,2574
13125.94747543335,2542
13126.94525718689,2490
13127.942323684692,2490
13128.93795967102,2482
13129.94384765625,2478
13130.934238433838,2470
13131.931781768799,2502
13132.94005393982,2522
13133.926391601562,2574
13134.924173355103,2582
13135.920763015747,2610
13136.918783187866,2620
13137.91537284851,2610
13138.91339302063,2590
13139.910221099854,2642
13140.907049179077,2622
13141.903162002563,2588
13142.900705337524,2534
13143.911123275757,2510
13144.895315170288,2576
13145.894527435303,2606
13146.889686584473,2596
13147.886991500854,2550
13148.884057998657,2544
13149.881601333618,2546
13150.87890625,2542
13151.876449584961,2514
13152.888059616089,2526
13153.874158859253,2486
13154.878377914429,2506
13155.867338180542,2480
13156.86321258545,2502
13157.860517501831,2514
13158.857583999634,2518
13159.855127334595,2462
13160.854578018188,2462
13161.849975585938,2482
13162.84728050232,2442
13163.84482383728,2422
13164.841651916504,2458
13165.878772735596,2474
13166.836261749268,2474
13167.834043502808,2472
13168.859243392944,2486
13169.857740402222,2510
13170.854091644287,2540
13171.854257583618,2522
13172.849178314209,2490
13173.84672164917,2490
13174.842834472656,2478
13175.840854644775,2506
13176.811456680298,2480
13177.836179733276,2482
13178.83324623108,2478
13179.832458496094,2506
13180.827856063843,2578
13181.824922561646,2646
13182.82151222229,2646
13183.819055557251,2598
13184.818029403687,2602
13185.814142227173,2558
13186.811208724976,2506
13187.811613082886,2490
13188.806772232056,2470
13189.803123474121,2490
13190.805196762085,2450
13191.79916381836,2474
13192.767143249512,2506
13193.793058395386,2492
13194.790363311768,2574
13195.79005241394,2552
13196.79045677185,2544
13197.781801223755,2518
13198.778867721558,2494
13199.776887893677,2486
13200.774431228638,2492
13201.77149772644,2470
13202.768802642822,2426
13203.768491744995,2410
13204.764127731323,2484
13205.761671066284,2518
13206.757545471191,2534
13207.755327224731,2522
13208.752870559692,2514
13209.749937057495,2518
13210.747480392456,2538
13211.747884750366,2542
13212.742328643799,2494
13213.740825653076,2482
13214.741230010986,2482
13215.734004974365,2510
13216.731309890747,2484
13217.728853225708,2536
13218.729019165039,2578
13219.725847244263,2606
13220.720767974854,2620
13221.71926498413,2614
13222.719669342041,2576
13223.713874816895,2546
13224.710702896118,2514
13225.708723068237,2538
13226.70578956604,2542
13227.704524993896,2522
13228.699445724487,2512
13229.700565338135,2514
13230.698347091675,2522
13231.691598892212,2574
13232.688426971436,2574
13233.688354492188,2552
13234.683275222778,2546
13235.682964324951,2570
13236.678838729858,2552
13237.675428390503,2524
13238.672018051147,2510
13239.641904830933,2454
13240.638971328735,2446
13241.636276245117,2458
13242.63334274292,2514
13243.63088607788,2510
13244.628429412842,2470
13245.625495910645,2422
13246.622800827026,2486
13247.61986732483,2478
13248.61741065979,2494
13249.614715576172,2518
13250.612735748291,2536
13251.609563827515,2502
13252.606868743896,2482
13253.6039352417,2484
13254.601955413818,2524
13255.599021911621,2550
13256.596326828003,2506
13257.593393325806,2454
13258.590936660767,2454
13259.588241577148,2498
13260.585308074951,2488
13261.583089828491,2506
13262.580156326294,2526
13263.577461242676,2510
13264.574766159058,2482
13265.572309494019,2518
13266.5696144104,2542
13267.566919326782,2558
13268.564224243164,2514
13269.561767578125,2490
13270.559072494507,2518
13271.55613899231,2482
13272.55368232727,2482
13273.550987243652,2494
13274.548292160034,2514
13275.545597076416,2514
13276.542901992798,2536
13277.54020690918,2604
13278.537511825562,2554
13279.535055160522,2536
13280.532360076904,2518
13281.529426574707,2518
13282.526969909668,2534
13283.52427482605,2526
13284.521579742432,2534
13285.518884658813,2500
13286.550998687744,2478
13287.543296813965,2498
13288.540124893188,2538
13289.543151855469,2596
13290.534973144531,2582
13291.534423828125,2536
13292.530059814453,2578
13293.526887893677,2570
13294.528722763062,2518
13295.522212982178,2486
13296.519041061401,2514
13297.516584396362,2506
13298.513650894165,2536
13299.513578414917,2542
13300.50802230835,2538
13301.479578018188,2544
13302.476644515991,2546
13303.473711013794,2550
13304.470777511597,2536
13305.4678440094,2576
13306.465148925781,2550
13307.462692260742,2504
13308.459997177124,2506
13309.457540512085,2520
13310.454607009888,2520
13311.45167350769,2454
13312.449216842651,2472
13313.446521759033,2534
13314.443826675415,2532
13315.441370010376,2518
13316.439151763916,2490
13317.436218261719,2486
13318.43376159668,2490
13319.430828094482,2446
13320.427894592285,2478
13321.425199508667,2482
13322.422742843628,2506
13323.41980934143,2470
13324.417114257812,2456
13325.414896011353,2486
13326.412200927734,2522
13327.409267425537,2518
13328.406572341919,2514
13329.40411567688,2518
13330.401420593262,2534
13331.398963928223,2514
13332.393884658813,2506
13333.390951156616,2526
13334.388256072998,2526
13335.38556098938,2510
13336.382865905762,2514
13337.380170822144,2534
13338.377714157104,2556
13339.375019073486,2554
13340.372085571289,2556
13341.36939048767,2542
13342.366933822632,2546
13343.364238739014,2526
13344.361305236816,2546
13345.358848571777,2574
13346.356391906738,2552
13347.353458404541,2514
13348.35147857666,2510
13349.348545074463,2538
13350.345611572266,2546
13351.342916488647,2558
13352.34022140503,2548
13353.337526321411,2542
13354.334831237793,2570
13355.332136154175,2546
13356.329441070557,2544
13357.326984405518,2518
13358.3242893219,2526
13359.32183265686,2540
13360.318899154663,2502
13361.316204071045,2518
13362.313270568848,2488
13363.314151763916,2512
13364.310503005981,2506
13365.307569503784,2490
13366.304636001587,2446
13367.301940917969,2452
13368.299722671509,2478
13369.29702758789,2504
13370.294094085693,2538
13371.291160583496,2520
13372.288465499878,2528
13373.28577041626,2506
13374.283075332642,2510
13375.280618667603,2582
13376.277923583984,2544
13378.271102905273,2510
13378.271102905273,2462
13379.268169403076,2518
13380.2649974823,2514
13381.26277923584,2538
13382.259845733643,2546
13383.257150650024,2546
13384.254693984985,2526
13385.251998901367,2538
13386.249303817749,2582
13387.246370315552,2578
13388.243913650513,2526
13389.241218566895,2518
13390.238285064697,2490
13391.236066818237,2534
13392.23337173462,2534
13393.230438232422,2494
13394.228219985962,2518
13395.25318145752,2534
13396.250486373901,2534
13397.248029708862,2486
13398.246765136719,2516
13399.243593215942,2528
13400.239706039429,2494
13401.21054649353,2480
13402.23503112793,2514
13403.231859207153,2482
13404.230117797852,2454
13405.226469039917,2506
13406.224489212036,2554
13407.22107887268,2552
13408.219337463379,2502
13409.215927124023,2486
13410.186529159546,2538
13412.739515304565,2554
13412.739515304565,2556
13413.68317604065,2522
13414.684057235718,2522
13415.900468826294,2514
13416.929244995117,2488
13417.898654937744,2478
13418.895483016968,2506
13419.92163658142,2526
13420.933246612549,2506
13421.913385391235,2474
13422.911167144775,2450
13423.908472061157,2492
13424.880981445312,2514
13425.878524780273,2538
13426.875114440918,2538
13427.872657775879,2518
13428.87020111084,2488
13429.866790771484,2490
13430.864334106445,2518
13431.862115859985,2548
13432.859182357788,2498
13433.856725692749,2476
13434.853792190552,2514
13435.851097106934,2554
13436.848163604736,2576
13437.845945358276,2546
13438.843250274658,2544
13439.840316772461,2502
13440.837144851685,2522
13441.862344741821,2538
13442.833662033081,2526
13443.830728530884,2544
13444.828271865845,2508
13445.85108757019,2486
13446.848630905151,2502
13447.84665107727,2506
13448.845863342285,2538
13449.840545654297,2538
13450.8376121521,2544
13451.834678649902,2546
13452.8329372406,2518
13453.829288482666,2542
13454.826831817627,2558
13455.824613571167,2508
13456.823587417603,2478
13457.818984985352,2510
13458.81700515747,2514
13459.818363189697,2500
13460.811853408813,2526
13461.8079662323,2554
13462.805271148682,2522
13463.8032913208,2526
13464.802980422974,2554
13465.798139572144,2514
13466.794967651367,2542
13467.763900756836,2538
13468.78957748413,2526
13469.786882400513,2526
13470.784664154053,2526
13471.781492233276,2470
13472.781419754028,2470
13473.77610206604,2558
13474.774837493896,2534
13475.775718688965,2490
13476.768493652344,2454
13477.765798568726,2510
13478.763341903687,2526
13479.76040840149,2522
13480.761051177979,2538
13481.75573348999,2518
13482.752323150635,2508
13483.749628067017,2514
13484.74669456482,2528
13485.74423789978,2542
13486.7422580719,2514
13487.73980140686,2442
13488.738775253296,2488
13489.734888076782,2498
13490.731239318848,2520
13491.732835769653,2490
13492.727279663086,2512
13493.72410774231,2516
13494.720220565796,2510
13495.717287063599,2526
13496.71745300293,2544
13497.7126121521,2548
13498.709440231323,2558
13499.711513519287,2516
13500.704288482666,2502
13501.70350074768,2494
13502.69865989685,2494
13503.69668006897,2518
13504.696369171143,2494
13505.690813064575,2544
13506.659984588623,2534
13507.657051086426,2538
13508.654117584229,2574
13509.65166091919,2576
13510.648965835571,2518
13511.646270751953,2508
13512.643575668335,2482
13513.640880584717,2514
13514.638185501099,2516
13515.63549041748,2508
13516.6335105896,2514
13517.630338668823,2506
13518.627405166626,2490
13519.624948501587,2554
13520.622253417969,2510
13521.61955833435,2518
13522.616863250732,2546
13523.614168167114,2550
13524.611473083496,2502
13525.608777999878,2478
13526.606321334839,2514
13527.60362625122,2514
13528.600931167603,2514
13529.598236083984,2506
13530.595541000366,2510
13531.592845916748,2468
13532.590389251709,2500
13533.58769416809,2534
13534.584999084473,2542
13535.582304000854,2542
13536.579370498657,2482
13537.576913833618,2456
13538.57421875,2506
13539.571523666382,2550
13540.569067001343,2502
13541.566133499146,2482
13542.563438415527,2446
13543.56074333191,2540
13544.55828666687,2518
13545.555591583252,2534
13546.552658081055,2522
13547.550916671753,2550
13548.549175262451,2570
13549.57365989685,2500
13550.575733184814,2528
13551.568269729614,2526
13552.568197250366,2550
13553.567171096802,2520
13554.56018447876,2528
13555.557250976562,2546
13556.554794311523,2538
13557.552337646484,2506
13558.550357818604,2504
13559.51976776123,2526
13560.54711341858,2518
13561.541557312012,2470
13562.538862228394,2488
13563.536882400513,2518
13564.533472061157,2534
13565.533638000488,2490
13566.5283203125,2486
13567.525148391724,2502
13568.525314331055,2518
13569.521188735962,2508
13570.518255233765,2522
13571.520328521729,2522
13572.513103485107,2492
13573.51016998291,2454
13574.507713317871,2486
13575.50597190857,2504
13576.473712921143,2554
13577.499628067017,2570
13578.470706939697,2606
13579.465627670288,2522
13580.462455749512,2510
13581.459522247314,2550
13582.457065582275,2554
13583.454370498657,2522
13584.451675415039,2482
13585.44921875,2460
13586.446285247803,2502
13587.443590164185,2534
13588.440895080566,2554
13589.438438415527,2552
13590.43574333191,2510
13591.432809829712,2536
13592.430114746094,2534
13593.427658081055,2554
13594.425201416016,2518
13595.422267913818,2506
13596.41981124878,2482
13597.417116165161,2506
13598.414182662964,2502
13599.411487579346,2538
13600.409030914307,2524
13601.406335830688,2542
13602.40364074707,2558
13603.401184082031,2554
13604.398488998413,2554
13605.395555496216,2580
13606.392860412598,2538
13607.390403747559,2520
13608.387470245361,2470
13609.385251998901,2486
13610.382556915283,2486
13611.379623413086,2472
13612.376928329468,2534
13613.37423324585,2522
13614.372253417969,2450
13615.36955833435,2474
13616.366386413574,2480
13617.364168167114,2520
13618.360996246338,2526
13619.35830116272,2522
13620.355606079102,2462
13621.352910995483,2456
13622.350215911865,2490
13623.347520828247,2486
13624.377012252808,2502
13625.372648239136,2534
13626.369953155518,2546
13627.366781234741,2536
13628.364086151123,2546
13629.361391067505,2534
13630.358934402466,2534
13631.356000900269,2582
13632.35592842102,2526
13633.351564407349,2570
13634.348154067993,2558
13635.31756401062,2518
13636.343002319336,2526
13637.3450756073,2506
13638.337850570679,2498
13639.33515548706,2490
13640.303134918213,2470
13641.300439834595,2506
13642.300128936768,2512
13643.29719543457,2508
13644.294023513794,2522
13645.291566848755,2502
13646.288871765137,2482
13647.28593826294,2490
13648.283243179321,2552
13649.281024932861,2570
13650.278091430664,2550
13651.275157928467,2522
13652.272701263428,2522
13653.270244598389,2502
13654.26754951477,2534
13655.291318893433,2550
13656.291246414185,2596
13657.285928726196,2518
13658.287048339844,2522
13659.280776977539,2570
13660.250663757324,2546
13661.275625228882,2546
13662.272930145264,2558
13663.270235061646,2558
13664.270877838135,2516
13665.265560150146,2510
13666.263103485107,2492
13667.259454727173,2458
13668.261528015137,2496
13669.254541397095,2476
13670.251607894897,2474
13671.219825744629,2494
13672.250032424927,2526
13673.214673995972,2526
13674.240827560425,2514
13675.917387008667,2550
13676.990509033203,2546
13677.953720092773,2522
13679.023504257202,2502
13679.023504257202,2550
13680.053234100342,2512
13681.049585342407,2510
13682.058811187744,2526
13684.01288986206,2574
13685.009956359863,2558
13686.007261276245,2582
13687.004566192627,2552
13688.03095817566,2590
13689.028024673462,2540
13690.025568008423,2522
13691.024780273438,2494
13692.020416259766,2522
13692.988872528076,2546
13694.016456604004,2510
13695.012331008911,2486
13696.009635925293,2460
13697.007179260254,2536
13698.004961013794,2554
13699.003458023071,2578
13699.998617172241,2574
13700.996160507202,2586
13701.995134353638,2538
13702.991008758545,2540
13703.988790512085,2522
13704.988479614258,2536
13705.984115600586,2490
13706.982374191284,2458
13707.977533340454,2506
13708.975791931152,2552
13709.975719451904,2556
13710.970401763916,2550
13711.96722984314,2522
13712.964057922363,2538
13713.962316513062,2550
13714.933633804321,2550
13715.930223464966,2520
13716.927528381348,2514
13717.92459487915,2500
13718.921899795532,2476
13719.919204711914,2506
13720.916509628296,2490
13721.913814544678,2490
13722.91111946106,2486
13723.93536567688,2554
13724.93314743042,2550
13725.932121276855,2522
13726.927995681763,2512
13727.924823760986,2534
13728.921890258789,2522
13729.91943359375,2502
13730.887413024902,2502
13731.884241104126,2502
13732.881546020508,2460
13733.87885093689,2510
13734.87639427185,2522
13735.873699188232,2542
13736.870765686035,2486
13737.868070602417,2512
13738.865613937378,2538
13739.86268043518,2522
13740.859985351562,2554
13741.857528686523,2514
13742.854833602905,2510
13743.851900100708,2502
13744.84920501709,2458
13745.847225189209,2514
13746.844053268433,2570
13747.841358184814,2558
13748.838901519775,2506
13749.835968017578,2470
13750.83327293396,2508
13751.830577850342,2538
13752.827882766724,2522
13753.825426101685,2546
13754.822731018066,2510
13755.820274353027,2486
13756.81734085083,2502
13757.814645767212,2542
13758.811950683594,2534
13759.809494018555,2516
13760.806560516357,2490
13761.842250823975,2506
13762.80164718628,2538
13763.798713684082,2550
13764.795780181885,2506
13765.793085098267,2490
13766.790866851807,2488
13767.788171768188,2542
13768.78547668457,2532
13769.782781600952,2550
13770.780086517334,2542
13771.777153015137,2570
13772.774696350098,2542
13773.77200126648,2538
13774.769306182861,2582
13775.766372680664,2544
13776.763677597046,2522
13777.764320373535,2506
13778.760433197021,2510
13779.757738113403,2550
13780.755043029785,2546
13781.752109527588,2518
13782.749891281128,2518
13783.74695777893,2506
13784.744262695312,2536
13785.741567611694,2522
13786.739110946655,2494
13787.736415863037,2488
13788.73348236084,2534
13789.7310256958,2516
13790.728569030762,2504
13791.725635528564,2482
13792.746543884277,2490
13793.724536895752,2512
13794.745683670044,2542
13795.742511749268,2570
13796.738147735596,2608
13797.737121582031,2542
13798.733711242676,2506
13799.731254577637,2518
13800.728559494019,2538
13801.726341247559,2518
13802.72912979126,2482
13803.719758987427,2454
13804.718494415283,2478
13805.715560913086,2518
13806.711435317993,2518
13807.708978652954,2494
13808.680057525635,2490
13809.678316116333,2478
13810.673475265503,2510
13811.697959899902,2522
13812.695503234863,2518
13813.69423866272,2454
13814.689874649048,2482
13815.688371658325,2458
13816.68472290039,2514
13817.683935165405,2514
13818.681478500366,2518
13819.681644439697,2546
13820.674180984497,2570
13821.673154830933,2554
13822.66902923584,2570
13823.667526245117,2586
13824.663162231445,2558
13825.660705566406,2520
13826.66015625,2548
13827.65531539917,2554
13828.65285873413,2514
13829.651594161987,2514
13830.647230148315,2518
13831.644535064697,2542
13832.643985748291,2526
13833.639144897461,2520
13834.611892700195,2478
13835.638761520386,2490
13836.631298065186,2522
13837.630033493042,2482
13838.62590789795,2492
13839.598894119263,2506
13840.59476852417,2510
13841.61901473999,2502
13842.618465423584,2494
13843.613624572754,2558
13844.611883163452,2586
13845.61014175415,2554
13846.606969833374,2486
13847.60308265686,2510
13848.6008644104,2520
13849.597930908203,2540
13850.597620010376,2518
13851.566791534424,2550
13852.590560913086,2578
13853.588819503784,2500
13854.587316513062,2494
13855.58795928955,2516
13856.579780578613,2524
13857.576608657837,2490
13858.57605934143,2478
13859.544515609741,2462
13860.568523406982,2506
13861.567735671997,2474
13862.563371658325,2482
13863.561153411865,2482
13864.559412002563,2534
13865.555047988892,2526
13866.554498672485,2546
13867.549657821655,2554
13868.547201156616,2616
13869.547843933105,2574
13870.54181098938,2474
13871.540307998657,2490
13872.536659240723,2540
13873.534440994263,2518
13874.533414840698,2534
13875.528573989868,2578
13876.499652862549,2546
13877.524614334106,2524
13878.520727157593,2542
13879.518032073975,2574
13880.516767501831,2566
13881.517887115479,2540
13882.512092590332,2466
13883.507251739502,2478
13884.478092193604,2462
13885.50353050232,2486
13886.499404907227,2470
13887.496948242188,2486
13888.493776321411,2492
13889.491319656372,2520
13890.46049118042,2554
13891.457319259644,2598
13892.454862594604,2546
13893.451929092407,2512
13894.449234008789,2518
13895.44677734375,2542
13896.444082260132,2520
13897.441387176514,2526
13898.438692092896,2550
13899.436235427856,2516
13900.43330192566,2502
13901.43084526062,2502
13902.428150177002,2548
13903.425455093384,2538
13904.422760009766,2550
13905.420064926147,2522
13906.41736984253,2554
13907.414674758911,2570
13908.411979675293,2540
13909.409523010254,2558
13910.406827926636,2630
13911.403894424438,2602
13912.40119934082,2598
13913.398742675781,2552
13914.396047592163,2582
13915.393352508545,2586
13916.390895843506,2528
13917.388200759888,2510
13918.38526725769,2510
13919.382572174072,2510
13920.380115509033,2494
13921.377420425415,2512
13922.374725341797,2542
13923.372030258179,2600
13924.36933517456,2542
13925.366640090942,2556
13926.363945007324,2538
13927.361488342285,2586
13928.358793258667,2580
13929.356098175049,2602
13930.35340309143,2542
13931.350708007812,2494
13932.348251342773,2498
13933.345317840576,2518
13934.342861175537,2506
13935.33992767334,2466
13936.337232589722,2470
13937.334775924683,2490
13938.332080841064,2494
13939.329385757446,2510
13940.326690673828,2518
13941.32399559021,2514
13942.321300506592,2490
13943.318605422974,2484
13944.316148757935,2544
13945.313215255737,2522
13946.310758590698,2550
13947.30806350708,2522
13948.305606842041,2554
13949.302673339844,2554
13950.299978256226,2554
13951.297521591187,2518
13952.294826507568,2538
13953.29213142395,2542
13954.289197921753,2494
13955.286741256714,2482
13956.284046173096,2510
13957.281112670898,2492
13958.27865600586,2500
13959.27619934082,2492
13960.273265838623,2538
13961.270570755005,2546
13962.268590927124,2522
13963.265657424927,2510
13964.26272392273,2494
13965.260028839111,2502
13966.257333755493,2494
13967.254638671875,2482
13968.251943588257,2446
13969.249963760376,2470
13970.2467918396,2458
13971.243858337402,2490
13972.241401672363,2528
13973.238706588745,2524
13974.236011505127,2494
13975.233316421509,2502
13976.23085975647,2494
13977.22864151001,2470
13978.225708007812,2470
13979.252099990845,2412
13980.249643325806,2394
13981.247425079346,2422
13982.243537902832,2468
13983.244895935059,2472
13984.237909317017,2514
13985.235691070557,2522
13986.234664916992,2550
13987.230062484741,2574
13988.227128982544,2594
13989.22610282898,2602
13990.221738815308,2574
13991.21904373169,2542
13992.216348648071,2558
13993.18790435791,2526
13994.185209274292,2542
13995.182514190674,2542
13996.180057525635,2534
13997.177124023438,2514
13998.172521591187,2522
13999.16958808899,2554
14000.169277191162,2576
14001.166582107544,2556
14002.163887023926,2522
14003.161191940308,2522
14004.158973693848,2514
14005.15604019165,2526
14006.153106689453,2540
14007.149457931519,2546
14008.174896240234,2538
14009.143352508545,2546
14010.141611099243,2570
14011.166334152222,2598
14012.163400650024,2570
14013.16213607788,2572
14014.158487319946,2534
14015.15507698059,2522
14016.155004501343,2526
14018.11957359314,2470
14018.11957359314,2466
14019.116163253784,2516
14020.113229751587,2522
14021.110773086548,2514
14022.10807800293,2474
14023.105382919312,2472
14024.103164672852,2480
14025.100231170654,2482
14027.095079421997,2488
14027.095079421997,2422
14028.0921459198,2430
14029.089450836182,2422
14030.086755752563,2458
14031.084060668945,2470
14032.081365585327,2482
14034.07597541809,2458
14035.073518753052,2448
14036.070823669434,2450
14037.067890167236,2506
14038.065195083618,2542
14039.062976837158,2554
14040.060043334961,2542
14041.057109832764,2576
14042.054653167725,2602
14043.052196502686,2602
14044.049263000488,2590
14045.04656791687,2590
14046.044111251831,2550
14047.041416168213,2526
14048.038482666016,2514
14049.036264419556,2460
14050.033330917358,2494
14051.03063583374,2490
14052.027940750122,2462
14053.025484085083,2448
14054.022789001465,2470
14055.020093917847,2526
14056.017398834229,2548
14057.01470375061,2526
14058.012008666992,2542
14059.009313583374,2538
14060.006856918335,2574
14061.004161834717,2526
14062.00122833252,2534
14062.99877166748,2526
14063.996076583862,2516
14064.993143081665,2502
14065.990686416626,2536
14066.987991333008,2610
14067.98529624939,2650
14068.982601165771,2650
14069.979906082153,2634
14070.984601974487,2618
14071.974515914917,2608
14072.97158241272,2518
14073.96936416626,2488
14074.966430664062,2514
14075.963735580444,2498
14076.961278915405,2408
14077.958583831787,2366
14078.956127166748,2422
14079.952955245972,2462
14080.950498580933,2550
14081.947803497314,2538
14082.947731018066,2526
14083.950757980347,2526
14084.949016571045,2544
14085.9375,2546
14086.965799331665,2518
14087.95976638794,2510
14088.957071304321,2490
14089.954614639282,2466
14090.952157974243,2502
14091.949462890625,2512
14092.91958808899,2502
14093.945980072021,2518
14094.941139221191,2518
14095.938444137573,2522
14096.935987472534,2542
14097.933292388916,2538
14098.931074142456,2490
14099.92790222168,2468
14100.927591323853,2488
14101.922512054443,2470
14102.920293807983,2456
14103.917360305786,2470
14104.914665222168,2508
14105.916976928711,2524
14106.908798217773,2516
14107.90729522705,2526
14108.904838562012,2522
14109.901905059814,2528
14110.898733139038,2488
14111.89603805542,2484
14112.893104553223,2522
14113.892078399658,2478
14114.888668060303,2460
14115.885496139526,2454
14116.883993148804,2490
14117.853164672852,2508
14118.876457214355,2490
14119.874000549316,2498
14120.87082862854,2542
14121.870517730713,2524
14122.86639213562,2482
14123.863697052002,2508
14124.8619556427,2582
14125.858783721924,2550
14126.85513496399,2482
14127.85792350769,2548
14128.849506378174,2586
14129.848957061768,2640
14130.844116210938,2622
14131.842374801636,2604
14132.841348648071,2602
14133.841276168823,2586
14134.834051132202,2550
14135.832786560059,2590
14136.829137802124,2574
14137.82787322998,2526
14138.822793960571,2506
14139.820575714111,2534
14140.819072723389,2552
14141.815185546875,2540
14142.822265625,2476
14143.812417984009,2450
14144.812107086182,2510
14145.806789398193,2518
14146.801471710205,2506
14147.800922393799,2494
14148.797750473022,2502
14149.79338645935,2482
14150.79116821289,2476
14151.788234710693,2474
14152.786493301392,2514
14153.784990310669,2510
14154.781103134155,2490
14155.781269073486,2500
14156.785249710083,2506
14157.771825790405,2526
14158.769845962524,2538
14159.767150878906,2504
14160.76397895813,2462
14161.763429641724,2442
14162.732601165771,2450
14163.729667663574,2480
14164.726734161377,2490
14165.72380065918,2490
14166.721105575562,2482
14167.718648910522,2486
14168.715953826904,2506
14169.713258743286,2510
14170.710563659668,2514
14171.70786857605,2518
14172.70541191101,2510
14173.702716827393,2494
14174.700021743774,2480
14175.697326660156,2526
14176.694631576538,2514
14177.69193649292,2602
14178.718090057373,2552
14179.715394973755,2544
14180.715084075928,2538
14181.710481643677,2506
14182.708024978638,2522
14183.70532989502,2522
14184.675931930542,2520
14185.702085494995,2478
14186.697006225586,2478
14187.694549560547,2522
14188.693761825562,2538
14189.68939781189,2546
14190.68694114685,2534
14191.683769226074,2514
14192.686080932617,2524
14193.6514377594,2484
14194.647789001465,2502
14195.672750473022,2490
14196.671724319458,2486
14197.667360305786,2454
14198.664903640747,2486
14199.66173171997,2490
14200.65975189209,2526
14201.658725738525,2526
14202.654123306274,2606
14203.651905059814,2612
14204.650402069092,2554
14205.64603805542,2534
14206.650733947754,2526
14207.640409469604,2506
14208.638191223145,2514
14209.607124328613,2486
14210.604429244995,2534
14211.601257324219,2526
14212.599039077759,2520
14213.596105575562,2532
14214.593172073364,2546
14215.590476989746,2554
14216.588020324707,2534
14217.585325241089,2526
14218.58263015747,2510
14219.579935073853,2534
14220.577239990234,2512
14221.574544906616,2510
14222.572088241577,2494
14224.567651748657,2502
14224.567651748657,2510
14225.502014160156,2542
14226.539134979248,2580
14227.568864822388,2526
14228.708744049072,2478
14229.73918914795,2512
14230.708122253418,2542
14231.736898422241,2550
14232.730150222778,2526
14233.728647232056,2536
14234.726190567017,2538
14235.725164413452,2538
14236.722946166992,2554
14237.719297409058,2522
14238.717079162598,2526
14239.713191986084,2522
14240.711212158203,2490
14241.707801818848,2510
14242.710590362549,2494
14243.705749511719,2482
14244.702100753784,2494
14245.699405670166,2466
14246.69599533081,2520
14247.693300247192,2506
14248.690843582153,2518
14249.69220161438,2522
14250.686883926392,2526
14251.682996749878,2538
14252.68006324768,2502
14253.674745559692,2522
14254.672050476074,2524
14255.674600601196,2544
14256.672143936157,2518
14257.669448852539,2548
14258.660316467285,2558
14259.63282585144,2542
14260.654926300049,2534
14261.651992797852,2546
14262.660503387451,2522
14263.657331466675,2542
14264.654874801636,2506
14265.652656555176,2554
14266.650676727295,2518
14267.646789550781,2494
14268.644332885742,2452
14269.646406173706,2486
14270.641565322876,2494
14271.636009216309,2488
14272.63355255127,2528
14273.630857467651,2550
14274.629354476929,2540
14275.625467300415,2576
14276.623010635376,2534
14277.620553970337,2542
14278.61738204956,2526
14279.615879058838,2518
14280.612468719482,2570
14281.609296798706,2514
14282.608270645142,2510
14283.604145050049,2522
14284.604549407959,2582
14285.609245300293,2538
14286.596536636353,2534
14287.593364715576,2518
14288.60092163086,2542
14289.588451385498,2552
14290.587186813354,2510
14291.582822799683,2502
14292.580127716064,2546
14293.578386306763,2522
14294.575214385986,2482
14295.572280883789,2494
14296.56982421875,2550
14297.566652297974,2554
14298.565149307251,2536
14299.561500549316,2588
14300.559043884277,2550
14301.518440246582,2578
14302.517652511597,2508
14303.520917892456,2526
14304.51774597168,2526
14305.514812469482,2546
14306.51044845581,2514
14307.507753372192,2518
14308.50625038147,2514
14309.50379371643,2540
14310.503005981445,2606
14311.499118804932,2590
14312.527418136597,2558
14313.533782958984,2550
14314.522743225098,2516
14315.528631210327,2494
14316.526412963867,2502
14317.476511001587,2504
14318.473100662231,2492
14319.470405578613,2486
14320.467233657837,2482
14321.513414382935,2486
14322.511196136475,2530
14323.50778579712,2538
14324.50532913208,2482
14325.492858886719,2450
14326.489686965942,2460
14327.494859695435,2490
14328.49407196045,2474
14329.491138458252,2442
14330.48963546753,2458
14331.486463546753,2490
14332.436323165894,2466
14333.432912826538,2474
14334.468841552734,2534
14335.458993911743,2552
14336.472988128662,2526
14337.470054626465,2522
14338.45853805542,2518
14339.464664459229,2570
14341.416358947754,2502
14341.416358947754,2538
14342.457056045532,2568
14343.451261520386,2602
14344.451665878296,2550
14345.44825553894,2534
14346.446990966797,2558
14347.428321838379,2556
14348.424434661865,2574
14349.421501159668,2494
14350.419282913208,2474
14351.430177688599,2482
14352.432012557983,2526
14353.427171707153,2486
14355.421781539917,2486
14356.419324874878,2500
14357.417345046997,2478
14358.405113220215,2474
14359.395980834961,2522
14359.395980834961,2536
14360.36467552185,2524
14362.3948097229,2502
14362.3948097229,2502
14363.38496208191,2542
14364.382028579712,2526
14365.379571914673,2494
14367.387294769287,2508
14368.38698387146,2494
14369.384288787842,2488
14369.384288787842,2470
14370.36108970642,2458
14371.358156204224,2490
14372.355461120605,2490
14373.359680175781,2486
14374.351024627686,2450
14375.348329544067,2502
14376.321792602539,2466
14377.341985702515,2450
14378.35168838501,2486
14379.340171813965,2504
14380.337238311768,2512
14381.335735321045,2506
14382.33232498169,2506
14383.32986831665,2534
14384.326696395874,2522
14385.324716567993,2544
14386.322736740112,2520
14387.319803237915,2544
14388.314247131348,2526
14389.312505722046,2582
14390.30933380127,2614
14391.307353973389,2582
14392.303705215454,2554
14395.371198654175,2542
14395.371198654175,2570
14395.371198654175,2588
14396.292924880981,2606
14397.39727973938,2622
14398.424863815308,2550
14399.528741836548,2514
14400.527715682983,2534
14401.52359008789,2548
14402.492761611938,2582
14403.489828109741,2506
14404.487133026123,2518
14405.484437942505,2486
14406.481504440308,2542
14407.479286193848,2554
14408.47659111023,2538
14409.47413444519,2546
14410.470962524414,2546
14411.468505859375,2526
14412.465810775757,2522
14413.463115692139,2510
14414.4606590271,2538
14415.457725524902,2486
14416.455030441284,2502
14417.452335357666,2554
14418.449878692627,2538
14419.447183609009,2580
14420.44448852539,2546
14421.441793441772,2554
14422.439098358154,2542
14423.436403274536,2534
14424.434423446655,2524
14425.431251525879,2506
14426.42855644226,2506
14427.425622940063,2534
14428.423166275024,2538
14429.420471191406,2514
14430.417776107788,2512
14431.41508102417,2518
14432.412385940552,2522
14433.409690856934,2510
14434.406995773315,2482
14435.404539108276,2478
14436.40160560608,2480
14437.39914894104,2474
14438.396215438843,2490
14439.394235610962,2518
14440.391063690186,2534
14441.388368606567,2522
14442.385911941528,2518
14443.38321685791,2538
14444.380283355713,2600
14445.377588272095,2582
14446.375131607056,2502
14447.372436523438,2500
14448.36950302124,2546
14449.36728477478,2542
14450.364351272583,2548
14451.361656188965,2526
14452.358961105347,2582
14453.356504440308,2560
14454.35357093811,2538
14455.385208129883,2574
14456.37822151184,2608
14457.377672195435,2554
14458.37140083313,2502
14459.371089935303,2490
14460.36672592163,2514
14461.363554000854,2538
14462.360858917236,2520
14463.359355926514,2574
14464.357376098633,2558
14465.352773666382,2606
14466.350555419922,2544
14467.348575592041,2582
14468.345403671265,2540
14469.343423843384,2542
14470.33953666687,2538
14472.3060131073,2486
14472.3060131073,2474
14473.303318023682,2490
14474.300384521484,2518
14475.298166275024,2556
14476.29714012146,2524
14477.321863174438,2538
14478.318929672241,2538
14479.317903518677,2560
14480.31234741211,2548
14481.310367584229,2538
14482.306957244873,2488
14483.308792114258,2480
14484.302043914795,2498
14485.299348831177,2482
14486.268758773804,2500
14487.265586853027,2510
14488.263130187988,2518
14489.26043510437,2542
14490.257501602173,2570
14491.254806518555,2582
14492.252349853516,2586
14493.249654769897,2534
14494.24695968628,2528
14495.244264602661,2508
14496.241569519043,2482
14497.238874435425,2466
14498.236417770386,2502
14499.233722686768,2534
14500.23102760315,2538
14501.230001449585,2520
14502.256631851196,2514
14503.25059890747,2548
14504.249572753906,2570
14505.24640083313,2558
14506.242990493774,2536
14507.241010665894,2522
14508.23712348938,2502
14509.23466682434,2490
14510.231971740723,2514
14511.229276657104,2510
14512.22825050354,2518
14513.225078582764,2522
14514.22119140625,2510
14515.219688415527,2522
14516.191482543945,2538
14517.223834991455,2542
14518.218278884888,2518
14519.216060638428,2514
14520.206689834595,2502
14521.202325820923,2508
14522.200345993042,2534
14523.198366165161,2514
14524.194717407227,2538
14525.192022323608,2504
14526.171207427979,2494
14527.18710899353,2522
14528.185844421387,2538
14529.181241989136,2494
14530.1513671875,2506
14531.14914894104,2540
14532.18150138855,2522
14533.170223236084,2536
14534.168481826782,2574
14535.165071487427,2526
14536.164283752441,2578
14537.160634994507,2554
14538.158178329468,2572
14539.155960083008,2558
14540.152788162231,2486
14541.149854660034,2474
14542.146921157837,2478
14543.144702911377,2522
14544.143199920654,2522
14545.13955116272,2480
14546.136856079102,2510
14547.13487625122,2542
14548.131704330444,2586
14549.128532409668,2538
14550.126552581787,2506
14551.09691619873,2502
14552.122831344604,2482
14553.119659423828,2542
14554.117202758789,2544
14555.114030838013,2516
14556.110620498657,2482
14557.10768699646,2478
14558.11071395874,2510
14559.103012084961,2552
14560.10127067566,2550
14561.097383499146,2586
14562.094449996948,2556
14564.089298248291,2542
14564.089298248291,2558
14566.084384918213,2542
14567.081451416016,2506
14567.081451416016,2486
14569.076299667358,2450
14570.07384300232,2450
14571.073532104492,2502
14572.067975997925,2526
14573.065280914307,2582
14574.062585830688,2526
14575.063467025757,2504
14576.045513153076,2482
14577.028512954712,2538
14578.058242797852,2544
14579.050064086914,2494
14580.0461769104,2486
14581.052303314209,2454
14582.043886184692,2484
14583.038091659546,2478
14584.03730392456,2534
14585.033178329468,2548
14586.030721664429,2526
14587.03351020813,2522
14588.02604675293,2544
14589.022636413574,2598
14590.019941329956,2588
14591.01676940918,2490
14592.016220092773,2480
14592.986106872559,2512
14593.981981277466,2502
14595.00789642334,2490
14596.004009246826,2490
14597.001314163208,2490
14597.999095916748,2510
14598.99616241455,2504
14599.994659423828,2476
14600.99196434021,2510
14601.961135864258,2534
14602.995872497559,2518
14603.992700576782,2502
14605.00192642212,2536
14605.99160194397,2506
14606.994152069092,2482
14607.9740524292,2480
14608.970165252686,2536
14609.939575195312,2534
14610.963821411133,2546
14611.960887908936,2522
14612.958431243896,2546
14613.955736160278,2534
14614.95304107666,2538
14615.952253341675,2546
14616.953372955322,2542
14617.918252944946,2542
14618.943691253662,2510
14619.911670684814,2494
14620.937585830688,2574
14621.93512916565,2604
14622.903108596802,2556
14623.900413513184,2478
14624.898195266724,2476
14625.895500183105,2556
14626.894474029541,2578
14627.91895866394,2570
14628.916025161743,2534
14629.91714477539,2542
14630.91492652893,2486
14631.920337677002,2546
14632.917404174805,2558
14633.914709091187,2570
14634.90080833435,2494
14635.896921157837,2480
14636.895179748535,2522
14637.892007827759,2546
14638.88931274414,2534
14639.888048171997,2518
14640.883684158325,2534
14641.882181167603,2542
14642.850160598755,2574
14643.880367279053,2570
14644.873142242432,2526
14645.87116241455,2526
14646.867990493774,2534
14647.86672592163,2512
14648.862361907959,2520
14649.860382080078,2510
14650.858402252197,2558
14651.85523033142,2524
14652.852296829224,2506
14653.849601745605,2538
14654.847860336304,2536
14655.8518409729,2526
14656.841278076172,2526
14657.838582992554,2556
14658.836126327515,2570
14659.832954406738,2542
14660.829544067383,2508
14661.82804107666,2458
14662.824630737305,2526
14663.823127746582,2538
14664.819240570068,2494
14665.817022323608,2502
14666.81456565857,2540
14667.79351234436,2552
14668.80750656128,2514
14669.778108596802,2588
14670.802354812622,2588
14671.801090240479,2558
14672.796726226807,2534
14673.794269561768,2510
14674.792766571045,2540
14675.78935623169,2538
14676.787376403809,2510
14677.785158157349,2486
14678.781509399414,2486
14679.78024482727,2510
14680.776119232178,2556
14681.77342414856,2570
14682.771921157837,2550
14683.768033981323,2550
14684.739351272583,2534
14685.763359069824,2518
14686.761617660522,2582
14687.758922576904,2546
14688.75503540039,2518
14689.75305557251,2482
14690.75083732605,2516
14691.746711730957,2538
14692.734003067017,2572
14693.716764450073,2518
14694.740295410156,2558
14695.737600326538,2558
14696.735143661499,2558
14697.730779647827,2538
14698.729276657104,2550
14699.72562789917,2534
14700.6995677948,2546
14701.69448852539,2526
14702.691555023193,2506
14703.688859939575,2550
14704.685926437378,2514
14705.683708190918,2526
14706.68077468872,2550
14707.678318023682,2510
14708.675384521484,2512
14709.673166275024,2526
14710.669994354248,2524
14711.66729927063,2522
14712.66508102417,2510
14713.662385940552,2522
14714.659690856934,2522
14715.657472610474,2550
14716.655015945435,2506
14717.65160560608,2516
14718.648910522461,2538
14719.646453857422,2522
14720.643520355225,2508
14721.641302108765,2534
14722.638845443726,2522
14723.635911941528,2534
14724.63345527649,2534
14725.630521774292,2558
14726.628065109253,2538
14727.625608444214,2512
14728.622674942017,2526
14729.61974143982,2570
14730.61752319336,2578
14731.6153049469,2534
14732.612133026123,2504
14733.609437942505,2474
14734.606742858887,2506
14735.60380935669,2522
14736.601829528809,2534
14737.598657608032,2506
14738.595962524414,2538
14739.593982696533,2516
14740.590810775757,2538
14741.58787727356,2506
14742.585897445679,2514
14743.582487106323,2542
14744.580030441284,2506
14745.577335357666,2516
14746.574878692627,2474
14747.572183609009,2522
14748.56948852539,2526
14749.566793441772,2574
14750.564098358154,2538
14751.561403274536,2502
14752.558946609497,2556
14753.5560131073,2554
14754.55355644226,2554
14755.550622940063,2574
14756.547927856445,2502
14757.545471191406,2506
14758.542537689209,2478
14759.53984260559,2458
14760.537385940552,2462
14761.534929275513,2472
14762.532472610474,2468
14763.529539108276,2470
14764.527082443237,2504
14765.52414894104,2532
14766.521453857422,2502
14767.518520355225,2494
14768.516063690186,2526
14769.514560699463,2524
14770.510911941528,2502
14771.50821685791,2478
14772.505521774292,2514
14773.502588272095,2502
14774.499893188477,2494
14775.497674942017,2518
14776.49474143982,2520
14777.491807937622,2514
14778.49006652832,2550
14779.486894607544,2556
14780.484199523926,2618
14781.481266021729,2546
14782.47880935669,2490
14783.475875854492,2550
14784.473657608032,2542
14785.470485687256,2538
14786.466598510742,2526
14787.462949752808,2494
14788.460493087769,2514
14789.457559585571,2474
14790.454864501953,2488
14791.452407836914,2526
14792.449712753296,2518
14793.447256088257,2510
14794.44432258606,2474
14795.441627502441,2506
14796.438932418823,2526
14797.436237335205,2506
14798.433780670166,2486
14799.431085586548,2482
14800.42815208435,2466
14801.425457000732,2494
14802.423000335693,2518
14803.420305252075,2574
14804.417610168457,2542
14805.415153503418,2518
14806.41222000122,2510
14807.409524917603,2518
14808.407068252563,2518
14809.404611587524,2534
14810.401678085327,2538
14811.39874458313,2500
14812.39628791809,2508
14813.393592834473,2490
14814.390897750854,2494
14815.387964248657,2522
14816.385746002197,2510
14817.3828125,2500
14818.38083267212,2486
14819.377660751343,2534
14820.374727249146,2526
14821.372270584106,2506
14822.36933708191,2514
14823.36711883545,2506
14824.364185333252,2526
14825.361251831055,2506
14826.359033584595,2534
14827.356100082397,2550
14828.35340499878,2534
14829.350709915161,2500
14830.348253250122,2506
14831.345319747925,2514
14832.342624664307,2542
14833.339929580688,2584
14834.344863891602,2586
14835.334777832031,2558
14836.332082748413,2534
14837.329387664795,2534
14838.326930999756,2546
14839.323997497559,2558
14840.32130241394,2514
14841.318845748901,2498
14842.315912246704,2470
14843.313217163086,2494
14844.310760498047,2518
14845.308065414429,2546
14846.30537033081,2542
14847.302913665771,2522
14848.299980163574,2526
14849.297523498535,2520
14850.294589996338,2546
14851.292133331299,2538
14852.28943824768,2542
14854.963064193726,2480
14855.283498764038,2512
14855.283498764038,2502
14856.308698654175,2514
14857.393026351929,2524
14858.420848846436,2526
14859.399795532227,2502
14860.386848449707,2534
14861.384868621826,2558
14862.409114837646,2602
14863.406419754028,2554
14864.40396308899,2536
14865.401268005371,2514
14866.398572921753,2510
14867.395401000977,2482
14868.392944335938,2486
14869.390726089478,2484
14870.389699935913,2514
14871.386289596558,2510
14872.382640838623,2520
14873.379945755005,2586
14874.382495880127,2614
14875.374555587769,2610
14876.37186050415,2574
14877.369403839111,2590
14878.367185592651,2588
14879.364013671875,2558
14880.361318588257,2534
14881.35838508606,2546
14882.35592842102,2574
14883.35394859314,2578
14884.376287460327,2506
14885.322093963623,2514
14886.318922042847,2494
14887.342691421509,2518
14888.340473175049,2522
14889.337062835693,2574
14890.334844589233,2512
14891.331911087036,2462
14892.32873916626,2478
14893.326044082642,2510
14894.322633743286,2552
14895.320177078247,2514
14896.321058273315,2474
14897.315263748169,2492
14898.316621780396,2540
14899.309396743774,2536
14900.28190612793,2544
14901.278495788574,2502
14902.303457260132,2482
14903.299808502197,2490
14904.297590255737,2482
14905.294418334961,2514
14906.291484832764,2526
14907.289028167725,2492
14908.289432525635,2480
14909.284353256226,2494
14910.281658172607,2534
14911.27872467041,2518
14912.276268005371,2504
14913.274049758911,2570
14914.24298286438,2538
14915.239810943604,2510
14916.237115859985,2534
14917.234659194946,2502
14918.231725692749,2528
14919.22926902771,2478
14920.22681236267,2482
14921.224117279053,2506
14922.221183776855,2490
14923.218488693237,2522
14924.21579360962,2522
14925.21333694458,2522
14926.210403442383,2528
14927.207708358765,2524
14928.205251693726,2554
14929.202556610107,2550
14930.19986152649,2582
14931.19740486145,2570
14932.198286056519,2526
14933.221578598022,2528
14934.218406677246,2510
14935.221195220947,2544
14936.21277809143,2546
14937.210321426392,2546
14938.207626342773,2550
14939.204692840576,2552
14940.203189849854,2546
14941.200256347656,2522
14942.198753356934,2560
14943.195343017578,2538
14944.19240951538,2574
14945.188760757446,2520
14946.187257766724,2518
14947.185039520264,2552
14948.181867599487,2548
14949.180603027344,2506
14950.177192687988,2490
14951.146125793457,2504
14952.17227935791,2526
14953.169345855713,2518
14954.169750213623,2522
14955.165386199951,2542
14956.162691116333,2518
14957.160472869873,2510
14958.157539367676,2514
14959.154605865479,2550
14960.15191078186,2522
14962.115287780762,2522
14963.112831115723,2536
14964.113712310791,2548
14965.138673782349,2574
14966.140270233154,2482
14967.132806777954,2474
14968.130588531494,2552
14969.099998474121,2574
14970.096349716187,2576
14971.093893051147,2570
14972.119092941284,2550
14973.12068939209,2546
14974.116802215576,2594
14975.117921829224,2580
14976.096868515015,2538
14977.11443901062,2486
14978.105545043945,2482
14979.103088378906,2512
14980.100154876709,2534
14981.097936630249,2526
14982.09524154663,2500
14983.086109161377,2476
14984.089851379395,2514
14985.08071899414,2538
14986.08422279358,2570
14987.074851989746,2550
14988.078832626343,2480
14989.076614379883,2470
14990.06724357605,2482
14991.064548492432,2518
14992.061853408813,2554
14993.059396743774,2546
14994.067192077637,2518
14995.027542114258,2534
14996.026992797852,2578
14997.055053710938,2612
14998.046159744263,2610
14999.049425125122,2574
15000.046968460083,2554
15001.044273376465,2538
15002.012968063354,2536
15003.006935119629,2522
15004.024744033813,2522
15004.024744033813,2518
15006.019830703735,2470
15007.023811340332,2490
15008.021354675293,2556
15008.989572525024,2554
15009.986877441406,2554
15010.984182357788,2518
15011.98124885559,2526
15012.978553771973,2478
15013.975858688354,2500
15014.973402023315,2518
15015.970706939697,2492
15016.96801185608,2506
15017.96555519104,2504
15018.962621688843,2570
15019.959926605225,2590
15020.956993103027,2598
15021.954536437988,2524
15022.95184135437,2554
15023.949384689331,2588
15024.946689605713,2602
15025.943756103516,2522
15026.941299438477,2534
15027.93836593628,2558
15028.93614768982,2586
15029.933214187622,2526
15030.930519104004,2510
15031.928062438965,2518
15032.925128936768,2526
15033.92243385315,2522
15034.919738769531,2510
15035.917282104492,2482
15036.914587020874,2460
15037.911891937256,2416
15038.909673690796,2456
15039.906740188599,2510
15040.903806686401,2506
15042.11711883545,2492
15042.11711883545,2502
15043.11728477478,2526
15044.114112854004,2550
15045.111656188965,2524
15046.108722686768,2522
15047.106266021729,2536
15048.10357093811,2516
15049.100875854492,2514
15051.095724105835,2498
15051.095724105835,2582
15052.092790603638,2594
15054.08787727356,2604
15054.08787727356,2532
15056.082010269165,2514
15057.079553604126,2542
15058.076858520508,2584
15059.07416343689,2552
15060.071468353271,2470
15061.068773269653,2430
15062.066078186035,2472
15063.063383102417,2538
15064.060926437378,2546
15065.05823135376,2570
15066.055536270142,2506
15067.052841186523,2518
15067.052841186523,2534
15069.047689437866,2608
15070.044994354248,2574
15071.04229927063,2526
15072.039365768433,2466
15073.036670684814,2482
15074.033975601196,2550
15075.031518936157,2546
15076.028823852539,2548
15077.02612876892,2574
15078.023195266724,2582
15079.020977020264,2586
15080.018043518066,2524
15081.015348434448,2550
15082.01289176941,2580
15083.010196685791,2542
15084.007501602173,2502
15085.005044937134,2482
15086.002588272095,2506
15086.999654769897,2510
15087.9967212677,2532
15088.994264602661,2526
15089.991569519043,2552
15090.988874435425,2554
15091.986179351807,2544
15092.983722686768,2574
15093.98078918457,2570
15094.978094100952,2516
15095.975637435913,2522
15096.972703933716,2552
15097.970008850098,2518
15098.967552185059,2482
15099.96485710144,2522
15100.965023040771,2548
15101.961374282837,2580
15102.958917617798,2558
15103.955745697021,2518
15104.953289031982,2534
15105.950593948364,2546
15106.947898864746,2556
15107.945203781128,2580
15108.94250869751,2578
15109.939575195312,2486
15110.936880111694,2430
15111.934423446655,2502
15112.931728363037,2556
15113.929033279419,2550
15114.9263381958,2536
15115.931749343872,2502
15116.921424865723,2498
15117.918252944946,2514
15118.915557861328,2550
15119.913101196289,2578
15120.910167694092,2554
15121.907711029053,2494
15122.905015945435,2478
15123.905420303345,2510
15124.90439414978,2582
15125.896692276001,2576
15126.898527145386,2514
15127.898693084717,2480
15128.89838218689,2492
15129.898309707642,2506
15130.899667739868,2520
15131.882190704346,2540
15132.89737701416,2490
15133.875370025635,2454
15134.872436523438,2478
15135.869979858398,2534
15136.86752319336,2498
15137.864589691162,2510
15138.862133026123,2490
15139.859437942505,2502
15140.856504440308,2490
15141.854047775269,2488
15142.851114273071,2492
15143.848657608032,2520
15144.845962524414,2490
15145.843029022217,2494
15146.851301193237,2504
15147.83763885498,2538
15148.86212348938,2534
15149.85966682434,2542
15150.85744857788,2542
15151.854038238525,2538
15152.851343154907,2526
15153.849124908447,2494
15154.846906661987,2542
15155.843257904053,2544
15156.840801239014,2490
15157.839059829712,2478
15158.836126327515,2506
15159.83247756958,2502
15160.83025932312,2536
15161.801815032959,2550
15162.826538085938,2598
15163.82384300232,2582
15164.820671081543,2546
15165.818214416504,2522
15166.814804077148,2574
15167.8147315979,2572
15168.810367584229,2574
15169.80767250061,2584
15170.775890350342,2522
15171.772718429565,2526
15172.770261764526,2568
15173.767566680908,2578
15174.764633178711,2610
15175.762176513672,2600
15176.759481430054,2558
15177.759408950806,2510
15178.756475448608,2534
15179.75378036499,2574
15180.751323699951,2526
15181.748390197754,2454
15182.745695114136,2422
15183.742761611938,2422
15184.740543365479,2490
15185.737609863281,2554
15186.734914779663,2570
15187.732696533203,2482
15188.729524612427,2470
15189.727306365967,2478
15190.724611282349,2508
15191.721677780151,2522
15192.717790603638,2518
15193.714618682861,2506
15194.711685180664,2494
15195.708751678467,2520
15196.706295013428,2546
15197.70359992981,2550
15198.700666427612,2516
15199.697971343994,2486
15200.695514678955,2498
15201.692819595337,2534
15202.68988609314,2544
15203.687191009521,2506
15204.684734344482,2470
15205.682039260864,2484
15206.679344177246,2502
15207.679510116577,2504
15208.67657661438,2522
15209.673643112183,2544
15210.670948028564,2546
15211.668252944946,2554
15212.665796279907,2524
15213.663339614868,2518
15214.66040611267,2504
15215.657711029053,2514
15216.655015945435,2492
15217.652320861816,2536
15218.650102615356,2572
15219.647407531738,2510
15220.644474029541,2514
15221.641778945923,2514
15222.639083862305,2510
15223.637342453003,2478
15224.633932113647,2470
15225.630521774292,2468
15226.628065109253,2474
15227.625370025635,2430
15228.622436523438,2456
15229.61974143982,2500
15230.61728477478,2538
15231.614589691162,2518
15232.611894607544,2534
15233.609199523926,2582
15234.606504440308,2598
15235.60380935669,2582
15236.600875854492,2530
15237.598419189453,2532
15238.595485687256,2518
15239.5920753479,2504
15240.590810775757,2538
15241.58787727356,2602
15242.584943771362,2586
15243.607759475708,2546
15244.605779647827,2550
15245.602369308472,2574
15246.599912643433,2634
15247.596979141235,2586
15248.594760894775,2550
15249.592781066895,2512
15250.593662261963,2486
15251.559495925903,2510
15252.55799293518,2512
15253.574848175049,2544
15254.583835601807,2514
15255.577087402344,2490
15256.57343864441,2534
15257.571458816528,2614
15258.567810058594,2632
15259.552717208862,2604
15260.563135147095,2508
15261.559963226318,2494
15262.560606002808,2452
15263.558864593506,2506
15264.551877975464,2522
15265.550136566162,2486
15266.546487808228,2482
15267.544269561768,2494
15268.54157447815,2536
15269.511461257935,2554
15270.508766174316,2606
15271.506071090698,2556
15272.503137588501,2518
15273.500442504883,2502
15274.497985839844,2514
15275.495290756226,2522
15276.492357254028,2524
15277.48990058899,2482
15278.487205505371,2474
15279.484510421753,2512
15280.481815338135,2578
15281.479120254517,2554
15282.476663589478,2554
15283.47373008728,2550
15284.478902816772,2548
15285.470962524414,2538
15286.467790603638,2512
15287.46485710144,2552
15288.462162017822,2534
15289.459705352783,2538
15290.456771850586,2508
15291.454076766968,2542
15292.452096939087,2546
15293.44892501831,2522
15294.446229934692,2526
15295.443534851074,2614
15296.441078186035,2602
15297.438144683838,2538
15298.434257507324,2480
15299.431324005127,2502
15300.42839050293,2486
15301.42617225647,2512
15302.423238754272,2546
15303.420543670654,2534
15304.417610168457,2542
15305.415153503418,2510
15306.412696838379,2486
15307.409763336182,2524
15308.407068252563,2534
15309.404611587524,2490
15310.401916503906,2506
15311.399221420288,2490
15312.39652633667,2514
15313.39406967163,2526
15314.391136169434,2550
15315.388441085815,2546
15316.385984420776,2538
15317.383289337158,2506
15318.38059425354,2554
15319.377899169922,2558
15320.375204086304,2536
15321.372509002686,2494
15322.369575500488,2490
15323.36711883545,2482
15324.36466217041,2494
15325.361728668213,2536
15326.359272003174,2578
15327.356576919556,2536
15328.353881835938,2514
15329.351425170898,2510
15330.348491668701,2582
15331.345796585083,2578
15332.343339920044,2514
15333.340644836426,2476
15334.337949752808,2474
15335.33501625061,2510
15336.332321166992,2494
15337.330102920532,2546
15338.327169418335,2506
15339.324474334717,2538
15340.322017669678,2514
15341.31908416748,2550
15342.316389083862,2544
15343.313694000244,2518
15344.311237335205,2482
15345.308542251587,2494
15346.305847167969,2514
15347.333192825317,2526
15348.328590393066,2502
15349.32541847229,2514
15350.32320022583,2558
15351.320028305054,2544
15352.317571640015,2554
15353.315353393555,2554
15354.31170463562,2550
15355.30972480774,2548
15356.30750656128,2554
15357.303857803345,2550
15358.301877975464,2522
15359.298467636108,2536
15360.29601097107,2512
15361.294269561768,2524
15362.290620803833,2550
15363.289833068848,2514
15364.288330078125,2534
15365.286827087402,2520
15366.283893585205,2544
15367.2776222229,2554
15368.274927139282,2524
15369.272947311401,2510
15370.269775390625,2454
15371.267557144165,2490
15372.264862060547,2522
15373.26169013977,2528
15374.265193939209,2536
15375.256538391113,2526
15376.253604888916,2542
15377.251863479614,2546
15378.221035003662,2534
15379.219055175781,2610
15380.243062973022,2556
15381.239891052246,2542
15382.236957550049,2512
15383.235454559326,2486
15384.23204421997,2506
15385.23006439209,2520
15386.226892471313,2492
15387.224197387695,2512
15388.221979141235,2472
15389.219284057617,2512
15390.21635055542,2526
15391.213655471802,2506
15392.210721969604,2550
15393.18323135376,2526
15394.178867340088,2514
15395.204305648804,2514
15396.201372146606,2526
15397.19820022583,2538
15398.195266723633,2518
15399.19400215149,2482
15401.161193847656,2550
15401.161193847656,2528
15402.184963226318,2554
15403.182029724121,2554
15404.179811477661,2588
15405.177593231201,2602
15406.174898147583,2582
15407.172679901123,2536
15408.174753189087,2546
15409.13987159729,2534
15410.138845443726,2558
15411.93699836731,2546
15412.159442901611,2538
15413.692235946655,2526
15414.228200912476,2526
15415.79270362854,2536
15416.792631149292,2554
15417.792797088623,2522
15418.816566467285,2514
15419.814348220825,2518
15420.818328857422,2534
15421.812295913696,2538
15422.805786132812,2510
15423.803329467773,2542
15424.772262573242,2578
15425.768852233887,2518
15426.76591873169,2534
15427.762985229492,2526
15428.760290145874,2570
15429.757595062256,2578
15430.754661560059,2526
15431.75196647644,2578
15432.749509811401,2570
15433.746814727783,2536
15434.744119644165,2526
15435.741662979126,2576
15436.738967895508,2576
15437.73627281189,2526
15438.733339309692,2480
15439.730882644653,2534
15440.728425979614,2546
15441.725492477417,2518
15442.722797393799,2470
15443.72034072876,2430
15444.717407226562,2474
15445.714712142944,2514
15446.712017059326,2506
15447.709560394287,2558
15448.70662689209,2560
15449.70417022705,2510
15450.701475143433,2526
15451.698780059814,2546
15452.695846557617,2554
15453.693628311157,2550
15454.69069480896,2488
15455.688953399658,2514
15456.689357757568,2510
15457.712411880493,2544
15458.709716796875,2526
15459.707021713257,2570
15460.708379745483,2538
15461.7018699646,2526
15462.699174880981,2518
15463.696479797363,2546
15464.693784713745,2576
15465.691566467285,2520
15466.688394546509,2490
15467.68832206726,2470
15468.683004379272,2458
15469.680309295654,2482
15470.651865005493,2510
15471.648454666138,2558
15472.64552116394,2538
15473.642826080322,2514
15474.640130996704,2514
15475.637674331665,2550
15476.634740829468,2578
15477.63180732727,2512
15478.629350662231,2510
15479.626655578613,2504
15480.623960494995,2490
15481.621503829956,2504
15482.618808746338,2514
15483.616352081299,2534
15484.613180160522,2560
15485.610723495483,2552
15486.608505249023,2570
15487.605333328247,2554
15488.602876663208,2558
15489.60018157959,2510
15490.59772491455,2550
15491.594791412354,2542
15492.592096328735,2482
15493.589401245117,2510
15494.586706161499,2534
15495.583772659302,2550
15496.581554412842,2554
15497.578620910645,2538
15498.576164245605,2526
15499.573469161987,2518
15500.57077407837,2518
15501.567840576172,2586
15502.56633758545,2538
15503.562927246094,2454
15504.559993743896,2450
15505.557298660278,2478
15506.55484199524,2502
15507.5523853302,2522
15508.549213409424,2512
15509.546518325806,2526
15510.544061660767,2550
15511.541366577148,2550
15512.53867149353,2538
15513.535976409912,2550
15514.533281326294,2518
15515.530824661255,2514
15516.528129577637,2538
15517.552614212036,2546
15518.550872802734,2542
15519.5472240448,2542
15520.54476737976,2554
15521.541833877563,2602
15522.539138793945,2604
15523.536205291748,2542
15524.533748626709,2580
15525.53105354309,2546
15526.529312133789,2508
15527.525663375854,2494
15528.523206710815,2486
15529.524564743042,2542
15530.518054962158,2554
15531.515121459961,2558
15532.515048980713,2534
15533.509731292725,2554
15534.480094909668,2550
15535.475254058838,2538
15536.54146194458,2550
15537.499189376831,2554
15538.575649261475,2536
15539.573192596436,2502
15540.57240486145,2502
15541.604042053223,2526
15542.59467124939,2554
15543.591976165771,2582
15544.591665267944,2574
15545.586585998535,2594
15546.583414077759,2584
15547.584295272827,2586
15548.54941368103,2550
15549.575805664062,2534
15550.572872161865,2518
15551.570177078247,2478
15552.570343017578,2446
15553.56478691101,2524
15554.533243179321,2538
15555.530071258545,2522
15556.527614593506,2514
15557.524919509888,2518
15558.52222442627,2542
15559.519290924072,2542
15560.516834259033,2536
15561.514139175415,2502
15562.511205673218,2506
15563.5085105896,2486
15564.506530761719,2478
15565.503358840942,2492
15566.500663757324,2540
15567.497968673706,2534
15568.495512008667,2542
15569.492816925049,2542
15570.489883422852,2600
15571.487426757812,2606
15572.484731674194,2580
15573.481798171997,2522
15574.479341506958,2520
15575.476884841919,2514
15576.473951339722,2532
15577.471256256104,2510
15578.468799591064,2510
15579.469680786133,2554
15580.466032028198,2512
15581.463098526001,2492
15582.460641860962,2512
15583.458185195923,2534
15584.455490112305,2542
15585.452795028687,2512
15586.44986152649,2486
15587.447166442871,2490
15588.444471359253,2478
15589.441776275635,2490
15590.439081192017,2486
15591.436624526978,2518
15592.43369102478,2558
15593.431234359741,2546
15594.42925453186,2578
15595.426082611084,2602
15596.423149108887,2578
15597.420930862427,2546
15598.41799736023,2514
15599.41554069519,2574
15600.412607192993,2548
15601.409673690796,2510
15602.407217025757,2494
15603.404521942139,2558
15604.40182685852,2580
15605.399131774902,2548
15606.396675109863,2494
15607.394218444824,2506
15608.391284942627,2518
15609.388828277588,2538
15610.386610031128,2526
15611.38129234314,2518
15612.380981445312,2538
15613.378047943115,2502
15614.375352859497,2474
15615.3724193573,2552
15616.36996269226,2570
15617.367267608643,2586
15618.364572525024,2524
15619.361877441406,2570
15620.358943939209,2558
15621.356010437012,2544
15622.353315353394,2514
15623.350620269775,2552
15624.348163604736,2542
15625.345230102539,2522
15626.341342926025,2480
15627.338409423828,2542
15628.364086151123,2598
15629.361629486084,2574
15630.358695983887,2514
15631.356239318848,2494
15632.355451583862,2538
15633.350849151611,2538
15634.348392486572,2508
15635.348320007324,2504
15636.343240737915,2510
15637.340068817139,2468
15638.3376121521,2486
15639.334201812744,2558
15640.334367752075,2606
15641.303539276123,2588
15642.326354980469,2552
15643.326997756958,2520
15644.32168006897,2578
15645.318508148193,2550
15646.316289901733,2544
15647.313594818115,2490
15648.313045501709,2514
15649.3079662323,2538
15650.306701660156,2584
15651.305675506592,2558
15652.299642562866,2574
15653.297662734985,2558
15654.294490814209,2546
15655.292510986328,2526
15656.291961669922,2542
15657.286643981934,2576
15658.283948898315,2540
15659.284353256226,2500
15660.25161743164,2470
15661.275863647461,2506
15662.273168563843,2514
15663.270235061646,2510
15664.270162582397,2514
15665.265560150146,2546
15666.264533996582,2572
15667.263984680176,2560
15668.25819015503,2520
15669.255256652832,2558
15670.252799987793,2538
15671.249866485596,2492
15672.221422195435,2480
15673.2177734375,2514
15674.215078353882,2550
15675.212621688843,2536
15676.209688186646,2538
15677.207231521606,2550
15678.204536437988,2598
15679.201602935791,2554
15680.199146270752,2534
15681.196451187134,2538
15682.191848754883,2526
15683.188676834106,2510
15684.185981750488,2510
15685.18328666687,2526
15686.180591583252,2550
15687.178134918213,2482
15688.175678253174,2522
15689.172983169556,2550
15690.170049667358,2550
15691.16735458374,2554
15692.164421081543,2498
15693.161964416504,2534
15694.159269332886,2570
15695.156574249268,2526
15696.15387916565,2488
15697.15142250061,2502
15698.148727416992,2508
15699.146032333374,2514
15700.143337249756,2548
15701.140642166138,2560
15702.13794708252,2538
15703.13811302185,2506
15704.134941101074,2490
15705.132484436035,2546
15706.129789352417,2534
15707.12685585022,2546
15708.12463760376,2512
15709.121704101562,2514
15710.119009017944,2510
15711.116313934326,2510
15712.113618850708,2522
15713.11092376709,2576
15714.108228683472,2586
15716.103076934814,2544
15717.100381851196,2526
15717.100381851196,2486
15718.098640441895,2502
15720.09253501892,2518
15721.089601516724,2534
15722.087144851685,2526
15723.084449768066,2514
15724.08151626587,2504
15725.07929801941,2546
15726.076602935791,2534
15727.073669433594,2514
15728.070974349976,2474
15729.068517684937,2506
15730.066061019897,2510
15731.0631275177,2506
15732.060194015503,2510
15733.058452606201,2544
15734.055042266846,2544
15735.052347183228,2526
15736.04965209961,2526
15737.04719543457,2554
15738.044261932373,2546
15739.042520523071,2596
15740.039110183716,2570
15741.036415100098,2506
15742.03372001648,2474
15743.031024932861,2470
15744.028329849243,2518
15745.025873184204,2518
15746.022939682007,2510
15747.02000617981,2508
15748.018026351929,2512
15749.014616012573,2548
15750.012159347534,2598
15751.009464263916,2554
15752.006530761719,2508
15753.0038356781,2486
15754.001379013062,2506
15754.999160766602,2508
15755.995988845825,2514
15756.992816925049,2494
15757.99036026001,2514
15758.987665176392,2506
15759.984970092773,2544
15760.982513427734,2554
15761.979818344116,2610
15762.976884841919,2594
15763.975381851196,2590
15764.969825744629,2538
15765.966892242432,2504
15766.964435577393,2498
15767.961978912354,2518
15768.958806991577,2518
15769.956588745117,2488
15770.95365524292,2508
15771.950960159302,2506
15772.948265075684,2576
15773.945808410645,2578
15774.956226348877,2594
15775.95329284668,2546
15776.949167251587,2538
15777.935028076172,2498
15778.932332992554,2526
15779.930114746094,2504
15780.927181243896,2478
15781.924486160278,2482
15782.921552658081,2502
15783.919334411621,2542
15784.916400909424,2542
15785.913705825806,2554
15786.911010742188,2598
15787.908554077148,2590
15788.90585899353,2554
15789.902925491333,2526
15790.900468826294,2540
15791.897773742676,2522
15792.89722442627,2508
15793.89762878418,2534
15794.890403747559,2520
15795.897722244263,2536
15796.897172927856,2518
15797.897338867188,2522
15798.89726638794,2546
15799.87621307373,2556
15800.873517990112,2486
15801.871061325073,2506
15802.868127822876,2526
15803.865432739258,2526
15804.862976074219,2510
15805.8602809906,2518
15806.857585906982,2518
15807.854890823364,2552
15808.852434158325,2582
15809.849977493286,2556
15810.84680557251,2594
15811.84434890747,2574
15812.841653823853,2508
15813.838958740234,2470
15814.836263656616,2510
15815.833568572998,2538
15816.83087348938,2586
15817.838430404663,2554
15818.825721740723,2546
15819.823026657104,2546
15820.820331573486,2542
15821.817636489868,2536
15822.81494140625,2558
15823.812246322632,2556
15824.809551239014,2518
15825.807332992554,2478
15826.814651489258,2486
15827.80146598816,2502
15828.79900932312,2502
15829.796552658081,2510
15830.793619155884,2526
15831.790924072266,2550
15832.788467407227,2514
15833.78553390503,2542
15834.78307723999,2546
15835.780382156372,2560
15836.777687072754,2500
15837.774991989136,2454
15838.772296905518,2470
15839.7696018219,2518
15840.766906738281,2506
15841.7809009552,2524
15842.763900756836,2548
15843.76049041748,2578
15844.757795333862,2558
15845.755338668823,2550
15846.752405166626,2538
15847.749471664429,2548
15848.747253417969,2514
15849.74455833435,2510
15850.741624832153,2502
15851.738929748535,2490
15852.736473083496,2510
15853.733777999878,2538
15854.73084449768,2514
15855.728149414062,2514
15856.72640800476,2520
15857.722997665405,2524
15858.720302581787,2580
15859.717845916748,2606
15860.71491241455,2582
15861.712217330933,2526
15862.709760665894,2506
15863.707304000854,2506
15864.704370498657,2534
15865.701675415039,2542
15866.69898033142,2540
15867.701530456543,2518
15868.693590164185,2526
15869.691133499146,2526
15870.688438415527,2534
15871.686458587646,2550
15872.70975112915,2572
15873.706340789795,2590
15874.706983566284,2572
15875.701904296875,2502
15876.700162887573,2522
15877.695798873901,2520
15878.693103790283,2534
15879.693031311035,2540
15880.687952041626,2512
15881.685495376587,2518
15882.685899734497,2522
15883.679628372192,2542
15884.65142250061,2576
15885.674953460693,2546
15886.67368888855,2498
15887.67147064209,2486
15888.665914535522,2546
15889.663696289062,2586
15890.66457748413,2570
15891.658306121826,2526
15892.655849456787,2524
15893.635749816895,2542
15894.650220870972,2534
15895.620822906494,2544
15896.617650985718,2614
15897.6149559021,2542
15898.612260818481,2534
15899.609565734863,2574
15900.606870651245,2590
15901.604652404785,2570
15902.601957321167,2550
15903.59902381897,2538
15904.596328735352,2558
15905.593633651733,2602
15906.591176986694,2554
15907.588481903076,2534
15908.585548400879,2550
15909.58309173584,2520
15910.580396652222,2538
15911.577701568604,2502
15912.574768066406,2570
15913.572311401367,2550
15914.569616317749,2502
15915.56692123413,2546
15916.564464569092,2538
15917.564153671265,2554
15918.561458587646,2522
15919.558048248291,2538
15920.555114746094,2540
15921.552896499634,2554
15922.549962997437,2514
15923.547267913818,2506
15924.5445728302,2504
15925.54235458374,2532
15926.539182662964,2570
15927.536725997925,2584
15928.533792495728,2574
15929.531335830688,2542
15930.52864074707,2538
15931.525945663452,2528
15932.523488998413,2526
15933.521032333374,2490
15934.519290924072,2482
15935.51516532898,2450
15936.51270866394,2470
15937.510013580322,2526
15938.506126403809,2574
15939.502954483032,2554
15940.500259399414,2518
15941.497802734375,2506
15942.494869232178,2550
15943.492412567139,2542
15944.48971748352,2514
15945.487022399902,2498
15946.484327316284,2482
15947.481393814087,2486
15948.48108291626,2478
15949.504375457764,2518
15950.500965118408,2526
15951.507091522217,2526
15952.495813369751,2534
15953.492879867554,2574
15954.493522644043,2622
15955.488681793213,2586
15956.485271453857,2570
15957.482814788818,2554
15958.48035812378,2542
15959.451675415039,2542
15960.474491119385,2514
15961.471796035767,2546
15962.472438812256,2572
15963.441371917725,2552
15964.438199996948,2542
15965.43550491333,2522
15966.432571411133,2518
15967.430114746094,2558
15968.427181243896,2570
15969.424724578857,2538
15970.422267913818,2510
15971.419334411621,2484
15972.416639328003,2494
15973.413944244385,2478
15974.411487579346,2518
15975.408792495728,2520
15976.40609741211,2486
15977.40364074707,2480
15978.400707244873,2502
15979.398965835571,2526
15980.395317077637,2526
15981.393575668335,2506
15982.390642166138,2494
15983.388662338257,2460
15984.38572883606,2454
15985.382556915283,2476
15986.380100250244,2490
15987.377405166626,2490
15988.374710083008,2458
15989.37201499939,2470
15990.369319915771,2490
15991.366863250732,2514
15992.363929748535,2512
15993.361234664917,2514
15994.358777999878,2498
15995.382070541382,2552
15996.380090713501,2500
15997.377157211304,2502
15998.374223709106,2538
15999.37391281128,2576
16000.369310379028,2554
16001.367092132568,2538
16002.36701965332,2554
16003.361225128174,2576
16004.358530044556,2546
16005.35535812378,2598
16006.352663040161,2590
16007.35330581665,2582
16008.3487033844,2546
16009.33861732483,2590
16010.345697402954,2576
16011.33942604065,2576
16012.337446212769,2558
16013.334274291992,2538
16014.331817626953,2558
16015.331506729126,2574
16016.326189041138,2590
16017.32349395752,2546
16018.324375152588,2528
16019.318580627441,2526
16020.315885543823,2490
16021.313190460205,2526
16022.310495376587,2596
16023.30994606018,2586
16024.30510520935,2538
16025.302410125732,2536
16026.303768157959,2550
16027.298212051392,2518
16028.295755386353,2516
16029.293298721313,2538
16030.290603637695,2538
16031.290292739868,2522
16032.2847366333,2522
16033.28251838684,2574
16034.282445907593,2550
16035.277366638184,2570
16036.275386810303,2550
16037.272453308105,2558
16038.273334503174,2578
16039.269924163818,2542
16040.2672290802,2516
16041.261434555054,2518
16042.262077331543,2506
16043.256282806396,2482
16044.253587722778,2458
16045.252323150635,2490
16046.2486743927,2474
16047.248125076294,2494
16048.243045806885,2534
16049.241065979004,2526
16050.240993499756,2546
16051.206827163696,2538
16052.233457565308,2546
16053.231239318848,2556
16054.229497909546,2558
16055.227994918823,2518
16056.223630905151,2542
16057.18970298767,2486
16058.186531066895,2490
16059.215068817139,2520
16060.21237373352,2556
16061.209678649902,2526
16062.207221984863,2522
16063.207149505615,2494
16064.202785491943,2534
16066.165447235107,2498
16066.165447235107,2490
16067.162275314331,2416
16069.156646728516,2442
16069.156646728516,2472
16071.151494979858,2482
16071.151494979858,2490
16072.149276733398,2510
16073.146343231201,2536
16075.140714645386,2528
16076.138496398926,2572
16077.135562896729,2578
16078.13286781311,2548
16079.130172729492,2576
16080.127954483032,2596
16081.125020980835,2542
16082.122325897217,2538
16083.119869232178,2536
16084.11717414856,2550
16085.114240646362,2518
16086.111545562744,2538
16087.109327316284,2510
16088.106393814087,2514
16089.103698730469,2556
16090.10124206543,2574
16091.098546981812,2546
16092.095851898193,2546
16093.092918395996,2514
16094.090461730957,2510
16095.087766647339,2524
16096.084833145142,2546
16097.082138061523,2544
16098.079919815063,2506
16099.076986312866,2526
16100.074291229248,2536
16101.071834564209,2526
16102.06913948059,2536
16103.066682815552,2538
16104.063987731934,2500
16105.061292648315,2506
16106.058597564697,2556
16107.0556640625,2606
16108.053207397461,2570
16109.050750732422,2526
16110.047817230225,2542
16111.045122146606,2510
16112.042427062988,2526
16113.03973197937,2526
16114.037036895752,2518
16115.034341812134,2506
16116.031885147095,2542
16117.028951644897,2532
16118.026494979858,2522
16119.029760360718,2538
16120.025396347046,2536
16121.022939682007,2546
16122.053861618042,2548
16123.047828674316,2554
16124.046325683594,2540
16125.041961669922,2502
16126.04022026062,2514
16127.039432525635,2510
16128.034114837646,2510
16129.031896591187,2506
16130.032539367676,2494
16131.02650642395,2526
16132.024049758911,2576
16133.021354675293,2522
16134.018182754517,2518
16135.017395019531,2538
16136.012315750122,2594
16137.010335922241,2570
16138.01121711731,2534
16139.005184173584,2544
16140.004634857178,2522
16140.999794006348,2538
16141.997337341309,2502
16142.996788024902,2538
16143.991708755493,2582
16144.989252090454,2614
16145.989656448364,2618
16146.984100341797,2608
16147.981643676758,2556
16148.977518081665,2544
16149.974822998047,2550
16150.97427368164,2534
16151.96967124939,2552
16152.966976165771,2492
16153.96761894226,2474
16154.961585998535,2506
16155.959606170654,2508
16156.956672668457,2520
16157.95350074768,2540
16158.953428268433,2538
16159.91735458374,2544
16160.945653915405,2526
16161.946296691895,2508
16162.94002532959,2500
16163.937330245972,2506
16164.90125656128,2522
16165.898323059082,2486
16166.895866394043,2478
16167.892932891846,2534
16168.890237808228,2552
16169.88754272461,2570
16170.88532447815,2570
16171.882390975952,2538
16172.879695892334,2522
16173.876762390137,2554
16174.874305725098,2540
16175.87161064148,2516
16176.868677139282,2478
16177.866458892822,2508
16178.864002227783,2538
16179.861068725586,2522
16180.863857269287,2534
16181.859970092773,2514
16182.856798171997,2518
16183.854579925537,2546
16184.85164642334,2570
16185.84942817688,2586
16186.846256256104,2528
16187.843799591064,2486
16188.842058181763,2554
16189.838171005249,2538
16190.83571434021,2550
16191.83325767517,2506
16192.830085754395,2520
16193.827629089355,2558
16194.825172424316,2546
16195.852756500244,2542
16196.850299835205,2518
16197.84665107727,2522
16198.837757110596,2542
16199.836492538452,2538
16200.838804244995,2550
16201.839447021484,2554
16202.833652496338,2526
16203.824520111084,2534
16204.828023910522,2546
16205.82628250122,2558
16206.825971603394,2514
16207.820177078247,2494
16208.817720413208,2518
16209.781646728516,2538
16210.783958435059,2476
16211.469888687134,2506
16212.547063827515,2494
16214.057922363281,2494
16214.59674835205,2514
16215.63172340393,2538
16216.628551483154,2510
16217.626571655273,2538
16218.623161315918,2552
16219.628095626831,2506
16220.618486404419,2472
16221.61889076233,2482
16222.613334655762,2528
16223.610162734985,2502
16224.60675239563,2520
16225.606441497803,2490
16226.568937301636,2514
16227.56576538086,2542
16228.563070297241,2550
16229.593992233276,2540
16230.591773986816,2558
16231.589555740356,2540
16232.585906982422,2520
16233.585834503174,2502
16234.549760818481,2514
16235.577583312988,2518
16236.57512664795,2480
16237.57266998291,2470
16238.57045173645,2538
16239.567041397095,2586
16240.564346313477,2554
16241.561889648438,2586
16242.526292800903,2602
16243.522644042969,2540
16244.519710540771,2546
16245.517253875732,2548
16246.514797210693,2550
16247.511863708496,2584
16248.509168624878,2578
16249.506711959839,2554
16250.503778457642,2548
16251.501560211182,2582
16252.498626708984,2622
16253.495931625366,2612
16254.492998123169,2622
16255.490779876709,2610
16256.487846374512,2550
16257.51256942749,2506
16258.509874343872,2542
16259.483814239502,2548
16260.510921478271,2506
16261.508703231812,2458
16262.50672340393,2418
16263.503074645996,2478
16264.500856399536,2492
16265.497922897339,2506
16266.49522781372,2510
16267.492771148682,2506
16268.45932006836,2522
16269.486904144287,2546
16270.484924316406,2534
16271.48175239563,2522
16272.479057312012,2544
16273.447513580322,2494
16274.457931518555,2502
16275.470972061157,2558
16276.468992233276,2558
16277.4658203125,2538
16278.46384048462,2546
16279.461145401001,2574
16280.457258224487,2590
16281.455516815186,2546
16282.452583312988,2522
16283.44988822937,2510
16284.417629241943,2458
16285.444498062134,2502
16286.442279815674,2478
16287.43863105774,2480
16288.403034210205,2472
16289.399862289429,2504
16290.397644042969,2502
16291.394710540771,2512
16292.392015457153,2510
16293.389558792114,2470
16294.386625289917,2450
16295.383930206299,2510
16296.38123512268,2486
16297.378778457642,2508
16298.376083374023,2468
16299.373149871826,2474
16300.370454788208,2470
16301.367998123169,2502
16302.365064620972,2510
16303.362607955933,2514
16304.360389709473,2534
16305.357456207275,2500
16306.354522705078,2522
16307.35158920288,2510
16308.34937095642,2552
16309.346675872803,2542
16310.343742370605,2578
16311.341524124146,2550
16312.338590621948,2526
16313.33589553833,2574
16314.333438873291,2602
16315.330743789673,2556
16316.328048706055,2510
16317.325115203857,2500
16318.322658538818,2492
16319.325685501099,2522
16320.321321487427,2518
16321.319818496704,2538
16322.312593460083,2558
16323.309421539307,2546
16324.30648803711,2516
16325.30403137207,2554
16326.301336288452,2598
16327.298641204834,2598
16328.295707702637,2542
16329.293489456177,2550
16330.29055595398,2542
16331.287860870361,2558
16332.285165786743,2544
16333.282470703125,2614
16334.285736083984,2590
16335.282564163208,2578
16336.280107498169,2586
16337.275743484497,2616
16338.308095932007,2618
16339.300394058228,2598
16340.296030044556,2576
16341.288805007935,2526
16342.287302017212,2542
16343.283414840698,2484
16344.281196594238,2524
16345.284461975098,2546
16346.275329589844,2506
16347.277879714966,2498
16348.275184631348,2490
16350.264549255371,2538
16351.237773895264,2584
16352.259397506714,2550
16353.257417678833,2518
16353.257417678833,2482
16354.260444641113,2512
16355.25131225586,2538
16356.24885559082,2578
16357.246160507202,2578
16358.250379562378,2584
16359.240531921387,2558
16360.23759841919,2550
16361.242532730103,2598
16362.23292350769,2602
16363.230466842651,2590
16364.228010177612,2526
16365.224599838257,2522
16366.234064102173,2482
16367.225408554077,2454
16368.192434310913,2490
16369.213819503784,2506
16370.210886001587,2460
16371.208667755127,2410
16372.205972671509,2430
16373.203039169312,2478
16374.20105934143,2490
16376.170635223389,2524
16376.170635223389,2538
16377.192735671997,2582
16379.18734550476,2534
16380.184412002563,2570
16381.182432174683,2602
16382.179737091064,2618
16383.183002471924,2638
16384.17410850525,2630
16385.17165184021,2670
16386.16895675659,2654
16387.166023254395,2640
16388.169765472412,2606
16389.16063308716,2586
16390.164852142334,2552
16391.162157058716,2514
16392.153024673462,2502
16393.12767982483,2550
16394.124746322632,2536
16395.150899887085,2522
16396.14200592041,2514
16397.14550971985,2480
16398.143529891968,2454
16399.134635925293,2426
16400.137424468994,2482
16401.10445022583,2486
16402.132272720337,2430
16403.12957763672,2426
16404.128313064575,2478
16405.128002166748,2514
16406.116247177124,2526
16407.124757766724,2542
16408.116340637207,2522
16409.117937088013,2490
16410.112619400024,2514
16411.102056503296,2486
16412.07718849182,2458
16413.074731826782,2458
16414.071083068848,2502
16415.09747505188,2502
16416.064739227295,2538
16417.0925617218,2544
16418.090105056763,2578
16419.092893600464,2596
16420.084476470947,2642
16421.085119247437,2614
16422.07980155945,2610
16423.077821731567,2630
16424.073934555054,2678
16425.071239471436,2640
16426.055192947388,2544
16427.06847190857,2506
16428.06386947632,2474
16429.060220718384,2484
16430.05871772766,2522
16431.05936050415,2534
16432.053565979004,2486
16433.050870895386,2450
16434.04722213745,2426
16435.048818588257,2478
16436.042308807373,2474
16437.038898468018,2508
16438.03906440735,2490
16439.034700393677,2468
16440.03415107727,2474
16441.0343170166,2476
16442.026376724243,2472
16442.995071411133,2478
16444.020986557007,2486
16445.01781463623,2482
16446.01607322693,2478
16447.012424468994,2484
16448.018074035645,2510
16449.01704788208,2510
16450.010776519775,2454
16451.010942459106,2446
16452.008962631226,2454
16453.00555229187,2456
16454.002141952515,2504
16454.991340637207,2448
16455.98864555359,2452
16456.98595046997,2478
16457.98420906067,2494
16458.980560302734,2552
16459.977865219116,2572
16460.97493171692,2526
16461.973190307617,2548
16462.969541549683,2574
16463.967084884644,2542
16464.964389801025,2542
16465.961933135986,2576
16466.964960098267,2574
16467.925786972046,2570
16468.95408630371,2534
16469.95186805725,2558
16470.948457717896,2606
16471.945762634277,2578
16472.943544387817,2606
16473.94061088562,2598
16474.937915802002,2586
16475.929021835327,2542
16476.926565170288,2534
16477.930307388306,2606
16478.9297580719,2586
16479.925632476807,2542
16480.91983795166,2522
16481.919050216675,2574
16482.92064666748,2590
16483.914375305176,2558
16484.91382598877,2534
16485.91423034668,2542
16486.89913749695,2544
16487.902879714966,2522
16488.89398574829,2510
16489.898204803467,2544
16490.89503288269,2522
16491.89805984497,2538
16492.89035797119,2538
16493.887901306152,2550
16494.885206222534,2552
16495.88179588318,2556
16496.873378753662,2526
16497.870922088623,2514
16498.873710632324,2522
16499.865531921387,2490
16500.86236000061,2476
16501.859664916992,2472
16502.857208251953,2486
16503.854990005493,2558
16504.858016967773,2546
16505.854845046997,2538
16506.855010986328,2550
16507.84969329834,2510
16508.840560913086,2510
16509.839057922363,2506
16510.835647583008,2518
16511.84034347534,2534
16512.836456298828,2480
16513.827800750732,2486
16514.83106613159,2542
16515.821933746338,2526
16516.819953918457,2546
16517.823934555054,2512
16518.819570541382,2524
16519.784927368164,2516
16520.78151702881,2522
16521.77882194519,2534
16522.81355857849,2544
16523.80061149597,2494
16524.798154830933,2488
16525.795221328735,2512
16526.798725128174,2582
16527.796268463135,2576
16528.794050216675,2590
16529.79063987732,2558
16530.78818321228,2542
16531.78572654724,2534
16532.776594161987,2586
16533.77389907837,2578
16534.77191925049,2514
16535.742044448853,2506
16536.738872528076,2494
16537.736177444458,2550
16538.761854171753,2574
16539.759159088135,2580
16540.761709213257,2578
16541.752576828003,2578
16542.722940444946,2494
16543.753623962402,2526
16544.745922088623,2558
16545.742511749268,2582
16546.73957824707,2552
16547.73783683777,2502
16548.734426498413,2540
16549.732208251953,2600
16550.729036331177,2638
16551.703214645386,2610
16552.700996398926,2610
16553.69734764099,2606
16554.718255996704,2606
16555.71484565735,2608
16556.712865829468,2636
16557.71017074585,2556
16558.709144592285,2526
16559.704542160034,2522
16560.702323913574,2544
16561.705589294434,2550
16562.702655792236,2576
16563.69376182556,2546
16564.6915435791,2546
16565.691232681274,2512
16566.691875457764,2554
16567.69061088562,2546
16568.687200546265,2510
16569.67830657959,2490
16570.67584991455,2486
16571.672439575195,2480
16572.6797580719,2460
16573.667526245117,2482
16574.670791625977,2490
16575.66213607788,2522
16576.66563987732,2510
16577.66318321228,2542
16578.665256500244,2558
16579.657793045044,2554
16580.64866065979,2494
16581.619262695312,2490
16582.616567611694,2490
16583.613634109497,2550
16584.61356163025,2526
16585.6351852417,2484
16586.63249015808,2510
16587.63575553894,2514
16588.627099990845,2522
16589.63656425476,2498
16590.628147125244,2514
16591.61901473999,2518
16592.622995376587,2512
16593.620777130127,2480
16594.61736679077,2534
16595.608472824097,2514
16596.612691879272,2500
16597.610473632812,2480
16598.601579666138,2510
16599.60412979126,2522
16600.595951080322,2542
16601.598978042603,2554
16602.596044540405,2578
16603.58691215515,2552
16604.58469390869,2550
16605.581760406494,2550
16606.579303741455,2578
16607.57613182068,2578
16608.574390411377,2536
16609.54761505127,2534
16610.56876182556,2570
16611.566305160522,2558
16612.563610076904,2570
16613.536596298218,2518
16614.56561088562,2526
16615.562200546265,2540
16616.559982299805,2506
16617.55108833313,2546
16618.553400039673,2506
16619.55451965332,2480
16620.549201965332,2502
16621.54722213745,2518
16622.544765472412,2534
16623.5454082489,2552
16624.53866004944,2526
16625.5362033844,2526
16626.50203704834,2550
16627.49695777893,2550
16628.494262695312,2522
16629.491090774536,2522
16630.48815727234,2538
16631.51240348816,2522
16632.48324394226,2514
16634.32765007019,2536
16634.32765007019,2570
16635.361433029175,2578
16636.399269104004,2546
16637.51983642578,2542
16638.554096221924,2582
16639.519214630127,2578
16640.514850616455,2514
16641.512632369995,2524
16642.509698867798,2508
16643.507957458496,2482
16644.50454711914,2454
16645.501852035522,2442
16646.498918533325,2514
16647.523403167725,2538
16648.521423339844,2522
16649.518489837646,2510
16650.51579475403,2510
16651.516914367676,2526
16652.51111984253,2510
16653.507471084595,2546
16654.505252838135,2598
16655.502796173096,2594
16656.500816345215,2558
16657.4969291687,2542
16658.500909805298,2582
16659.468173980713,2646
16660.49838066101,2616
16661.492824554443,2600
16662.48369216919,2580
16663.48099708557,2554
16664.478540420532,2550
16665.476083755493,2550
16666.472911834717,2550
16667.470693588257,2558
16668.44367980957,2514
16669.46506500244,2474
16670.46284675598,2478
16671.459436416626,2542
16672.456741333008,2544
16673.45428466797,2482
16674.45182800293,2466
16675.455331802368,2492
16676.45788192749,2510
16677.449941635132,2482
16678.447723388672,2472
16679.438591003418,2516
16680.4358959198,2500
16681.432723999023,2460
16682.430028915405,2490
16683.427810668945,2518
16684.39793586731,2554
16685.422897338867,2514
16686.41948699951,2490
16687.41798400879,2474
16688.414335250854,2512
16689.417839050293,2534
16690.408945083618,2514
16691.413164138794,2544
16692.409992218018,2610
16693.376541137695,2550
16694.398403167725,2494
16695.395708084106,2504
16696.399450302124,2584
16697.39055633545,2578
16698.39119911194,2490
16699.39112663269,2446
16700.381994247437,2450
16701.35521888733,2494
16702.37708091736,2504
16703.37462425232,2518
16704.3719291687,2536
16705.344676971436,2546
16706.36796951294,2538
16707.337379455566,2514
16708.33420753479,2546
16709.33175086975,2622
16710.331678390503,2600
16711.36450767517,2502
16712.350130081177,2518
16713.347673416138,2542
16714.3452167511,2542
16715.348720550537,2546
16716.34602546692,2582
16717.336893081665,2536
16718.334436416626,2490
16719.331741333008,2558
16720.335006713867,2606
16721.332550048828,2630
16722.330331802368,2606
16723.3304977417,2526
16724.321603775024,2482
16725.316047668457,2486
16726.2864112854,2544
16727.316856384277,2514
16728.31392288208,2486
16729.305028915405,2472
16730.308771133423,2462
16731.29940032959,2506
16732.29718208313,2554
16733.29448699951,2542
16734.292030334473,2522
16735.264539718628,2534
16736.281394958496,2534
16737.280130386353,2550
16738.276481628418,2548
16739.28427696228,2534
16740.28754234314,2526
16741.273403167725,2526
16742.276668548584,2570
16743.274211883545,2598
16744.271755218506,2546
16745.270252227783,2554
16746.260404586792,2586
16747.257232666016,2614
16748.260259628296,2578
16749.257802963257,2502
16750.255346298218,2502
16752.217292785645,2482
16752.217292785645,2498
16753.241062164307,2472
16754.23812866211,2454
16755.241870880127,2490
16756.23345375061,2466
16757.230281829834,2486
16758.23426246643,2508
16759.224891662598,2526
16760.22243499756,2538
16761.22236251831,2470
16762.226819992065,2480
16763.214111328125,2544
16764.211893081665,2574
16765.214920043945,2516
16767.17734336853,2490
16768.173933029175,2518
16769.171714782715,2548
16769.171714782715,2546
16771.19517326355,2598
16771.19517326355,2610
16772.1905708313,2542
16773.1876373291,2538
16774.184942245483,2550
16775.182008743286,2544
16777.177572250366,2554
16778.180599212646,2522
16779.17170524597,2516
16780.17830848694,2538
16781.166076660156,2518
16782.170295715332,2514
16782.170295715332,2476
16783.1609249115,2478
16784.15870666504,2502
16786.15927696228,2490
16787.151336669922,2474
16788.153886795044,2478
16789.14499282837,2478
16790.14229774475,2482
16791.15104675293,2492
16792.137384414673,2506
16793.134450912476,2488
16794.132471084595,2534
16795.12882232666,2554
16796.126127243042,2578
16797.12963104248,2518
16798.129320144653,2514
16799.118995666504,2514
16799.118995666504,2544
16801.090002059937,2556
16802.120447158813,2554
16803.118228912354,2578
16804.115772247314,2546
16805.102109909058,2544
16806.10466003418,2538
16807.0969581604,2504
16808.101177215576,2538
16809.092044830322,2522
16810.094118118286,2492
16811.086416244507,2522
16812.093019485474,2514
16813.087463378906,2514
16814.051628112793,2506
16815.048933029175,2518
16816.045999526978,2554
16817.085027694702,2542
16818.074226379395,2538
16819.071054458618,2574
16820.06883621216,2542
16821.0711479187,2514
16822.06392288208,2542
16823.061227798462,2514
16824.058055877686,2538
16825.055837631226,2554
16826.04432106018,2578
16827.04997062683,2542
16828.05037498474,2534
16829.0114402771,2582
16830.00874519348,2558
16831.005573272705,2542
16832.002878189087,2550
16833.00018310547,2590
16833.99748802185,2526
16834.994792938232,2518
16835.992097854614,2546
16836.989641189575,2558
16837.986946105957,2550
16838.98425102234,2570
16839.98155593872,2578
16840.97909927368,2608
16841.976165771484,2614
16842.973470687866,2606
16843.971014022827,2596
16844.974756240845,2610
16845.97110748291,2554
16846.96865081787,2526
16847.965717315674,2546
16848.963737487793,2586
16849.961042404175,2582
16850.95739364624,2522
16851.95541381836,2482
16852.95271873474,2534
16853.950262069702,2542
16854.947328567505,2552
16855.944871902466,2524
16856.942653656006,2506
16857.940196990967,2468
16858.93678665161,2482
16859.934091567993,2470
16860.93306541443,2430
16861.928939819336,2430
16862.92600631714,2424
16863.9235496521,2458
16864.92085456848,2476
16865.91863632202,2506
16866.914987564087,2502
16867.91229248047,2482
16868.90935897827,2490
16869.906902313232,2514
16870.904445648193,2480
16871.901512145996,2482
16872.898817062378,2472
16873.89636039734,2482
16874.89342689514,2474
16875.922679901123,2458
16876.92403793335,2490
16877.918243408203,2526
16878.916025161743,2518
16879.913806915283,2512
16880.910396575928,2542
16881.908178329468,2540
16882.90548324585,2526
16883.903741836548,2522
16884.86957550049,2508
16885.89835166931,2526
16886.894941329956,2494
16887.892246246338,2520
16888.890027999878,2534
16889.886617660522,2538
16890.851497650146,2526
16891.84832572937,2526
16892.845630645752,2554
16893.843412399292,2574
16894.840478897095,2522
16895.837545394897,2542
16896.83485031128,2554
16897.83215522766,2582
16898.829460144043,2578
16899.827480316162,2554
16900.823831558228,2554
16901.821613311768,2550
16902.81867980957,2584
16903.815984725952,2640
16904.813289642334,2590
16905.810832977295,2518
16906.80432319641,2510
16907.800674438477,2570
16908.79797935486,2574
16909.79552268982,2542
16910.7928276062,2510
16911.789894104004,2538
16912.787199020386,2556
16913.784503936768,2518
16914.78180885315,2554
16915.77935218811,2602
16916.776657104492,2540
16917.774200439453,2486
16918.771266937256,2514
16919.768571853638,2514
16920.76587677002,2558
16921.76342010498,2554
16922.762155532837,2570
16923.75874519348,2538
16924.756288528442,2526
16925.753593444824,2526
16926.750659942627,2546
16927.74772644043,2558
16928.744554519653,2538
16929.741859436035,2490
16930.739402770996,2510
16931.736707687378,2536
16932.73377418518,2582
16933.73131752014,2526
16934.728622436523,2546
16935.725688934326,2584
16936.722993850708,2590
16937.721014022827,2612
16938.71784210205,2600
16939.71538543701,2610
16940.712690353394,2586
16941.709995269775,2556
16942.707538604736,2534
16943.70436668396,2516
16944.70167160034,2522
16945.699214935303,2536
16946.696519851685,2538
16947.694063186646,2502
16948.69112968445,2536
16949.68843460083,2502
16950.685739517212,2486
16951.683044433594,2508
16952.680826187134,2502
16953.67741584778,2502
16954.67472076416,2482
16955.67226409912,2442
16956.669330596924,2430
16957.666635513306,2472
16958.664178848267,2504
16959.66148376465,2528
16960.65878868103,2506
16961.655855178833,2510
16962.653636932373,2502
16963.650465011597,2502
16964.64776992798,2506
16965.64531326294,2502
16966.64261817932,2490
16967.640161514282,2446
16968.637466430664,2450
16969.635009765625,2518
16970.63183784485,2526
16971.62914276123,2490
16972.626209259033,2426
16973.623752593994,2480
16974.621057510376,2490
16975.618362426758,2486
16976.61566734314,2510
16977.6132106781,2500
16978.610277175903,2512
16979.607582092285,2486
16980.604887008667,2502
16981.60219192505,2510
16982.59949684143,2522
16983.596801757812,2494
16984.594583511353,2482
16985.591650009155,2538
16986.588954925537,2522
16987.58625984192,2514
16988.5835647583,2518
16989.580631256104,2532
16990.578174591064,2516
16991.575479507446,2526
16992.572784423828,2558
16993.57008934021,2610
16994.56739425659,2574
16995.564699172974,2574
16996.562004089355,2558
16997.559547424316,2540
16998.55661392212,2578
16999.55415725708,2558
17000.551223754883,2602
17001.548767089844,2550
17002.546072006226,2526
17003.54313850403,2542
17004.54044342041,2546
17005.53798675537,2578
17006.535291671753,2556
17007.532596588135,2550
17008.530139923096,2556
17009.5272064209,2534
17010.52451133728,2546
17011.521816253662,2568
17012.519359588623,2554
17013.516664505005,2510
17014.513969421387,2510
17015.51127433777,2518
17016.50857925415,2538
17017.505884170532,2506
17018.503427505493,2510
17019.500732421875,2522
17020.497798919678,2546
17021.49510383606,2502
17022.49264717102,2494
17023.489952087402,2518
17024.487018585205,2546
17025.484800338745,2506
17026.481866836548,2470
17027.47917175293,2510
17028.47647666931,2512
17029.474020004272,2550
17030.471563339233,2522
17031.468629837036,2602
17032.46569633484,2542
17033.4632396698,2550
17034.467220306396,2578
17035.457849502563,2586
17036.455154418945,2556
17037.452697753906,2506
17038.44976425171,2494
17039.44706916809,2478
17040.44461250305,2540
17041.441917419434,2538
17042.439222335815,2510
17043.436765670776,2526
17044.43383216858,2578
17047.426462173462,2536
17047.426462173462,2534
17047.426462173462,2546
17048.92659187317,2506
17049.43585395813,2510
17050.936937332153,2506
17051.93591117859,2482
17052.93321609497,2516
17053.930521011353,2502
17054.927825927734,2546
17055.925369262695,2522
17056.922674179077,2510
17057.91997909546,2534
17058.91728401184,2522
17059.914588928223,2546
17060.911893844604,2526
17061.910390853882,2526
17062.907218933105,2486
17063.90428543091,2518
17064.90182876587,2550
17065.89913368225,2586
17066.896677017212,2554
17067.895650863647,2558
17068.8955783844,2546
17069.895029067993,2572
17070.895671844482,2578
17071.895122528076,2582
17072.89958000183,2554
17073.89521598816,2580
17074.874877929688,2538
17075.87218284607,2542
17076.86948776245,2486
17077.866554260254,2490
17078.864097595215,2554
17079.861402511597,2574
17080.8584690094,2554
17081.85577392578,2514
17082.853317260742,2486
17083.850622177124,2514
17084.847688674927,2518
17085.845232009888,2518
17086.84253692627,2514
17087.83984184265,2472
17088.837146759033,2518
17089.834451675415,2542
17090.831756591797,2580
17091.829538345337,2544
17092.82660484314,2550
17093.82390975952,2522
17094.821214675903,2542
17095.818519592285,2546
17096.815824508667,2506
17097.81312942505,2504
17098.81043434143,2542
17099.80797767639,2480
17100.805282592773,2482
17101.802349090576,2522
17102.799654006958,2550
17103.79719734192,2570
17104.7945022583,2558
17105.791807174683,2510
17106.789350509644,2522
17107.786893844604,2514
17108.783721923828,2510
17109.781503677368,2526
17110.77857017517,2522
17111.775875091553,2506
17112.773180007935,2490
17113.770484924316,2522
17114.7677898407,2540
17115.76509475708,2544
17116.762399673462,2544
17117.759943008423,2578
17118.757247924805,2550
17119.754314422607,2542
17120.75185775757,2522
17121.74916267395,2538
17122.74670600891,2550
17123.743772506714,2534
17124.741315841675,2502
17125.738620758057,2518
17126.73568725586,2526
17127.73323059082,2598
17128.730535507202,2570
17129.727840423584,2570
17130.725145339966,2524
17131.722688674927,2490
17132.71975517273,2526
17133.71706008911,2554
17134.714603424072,2526
17135.711908340454,2486
17136.709213256836,2456
17137.70627975464,2454
17138.7038230896,2508
17139.70112800598,2510
17140.698432922363,2502
17141.695976257324,2514
17142.693281173706,2550
17143.69034767151,2518
17144.68765258789,2498
17145.68519592285,2522
17146.682262420654,2518
17147.679567337036,2492
17148.677110671997,2474
17149.67441558838,2514
17150.67172050476,2538
17151.668787002563,2534
17152.666330337524,2570
17153.663873672485,2594
17154.660940170288,2558
17155.65848350525,2572
17156.65578842163,2548
17157.652854919434,2578
17158.650159835815,2586
17159.647703170776,2512
17160.64500808716,2474
17161.64231300354,2506
17162.6398563385,2526
17163.636922836304,2542
17164.634227752686,2506
17165.631532669067,2538
17166.62907600403,2526
17167.635440826416,2488
17168.623685836792,2482
17169.621467590332,2532
17170.618534088135,2538
17171.615839004517,2504
17172.61290550232,2510
17173.61044883728,2486
17174.607753753662,2538
17175.605058670044,2534
17176.602602005005,2522
17177.599668502808,2540
17178.59697341919,2572
17179.59427833557,2536
17180.591821670532,2548
17181.589126586914,2582
17182.586193084717,2554
17183.583736419678,2506
17184.582233428955,2542
17185.57906150818,2550
17186.57636642456,2574
17187.573671340942,2550
17188.571214675903,2514
17189.568281173706,2498
17190.56534767151,2480
17191.56289100647,2506
17192.559957504272,2508
17193.55797767639,2462
17194.554805755615,2514
17195.552349090576,2526
17196.54941558838,2504
17197.54695892334,2504
17198.5445022583,2506
17199.54204559326,2550
17200.539112091064,2538
17201.536655426025,2542
17202.53324508667,2514
17203.53078842163,2514
17204.528093338013,2518
17205.525398254395,2514
17206.522941589355,2506
17207.520246505737,2522
17208.5177898407,2586
17209.53059196472,2584
17210.512161254883,2580
17211.509466171265,2586
17212.506771087646,2546
17213.50407600403,2546
17214.502096176147,2522
17215.49892425537,2538
17216.496467590332,2538
17217.493534088135,2488
17218.491554260254,2484
17219.4881439209,2510
17220.48592567444,2522
17221.48323059082,2514
17222.480297088623,2522
17223.477363586426,2550
17224.474668502808,2586
17225.472688674927,2576
17226.470470428467,2582
17227.46706008911,2546
17228.46484184265,2518
17229.461431503296,2514
17230.4584980011,2546
17231.45580291748,2534
17232.45334625244,2542
17233.450412750244,2526
17234.458684921265,2518
17235.445022583008,2554
17236.456632614136,2602
17237.43987083435,2584
17238.437175750732,2524
17239.434719085693,2538
17240.431785583496,2574
17241.429090499878,2510
17242.42639541626,2532
17243.42393875122,2484
17244.421005249023,2484
17245.420932769775,2444
17246.417999267578,2454
17247.41506576538,2534
17248.412370681763,2544
17249.409675598145,2582
17250.406980514526,2538
17251.40428543091,2526
17252.40182876587,2542
17253.39913368225,2572
17254.396200180054,2526
17255.393743515015,2538
17256.391048431396,2514
17257.38835334778,2474
17258.38565826416,2494
17259.402990341187,2526
17260.37883758545,2584
17261.375904083252,2570
17262.373208999634,2546
17263.370275497437,2544
17264.367818832397,2578
17265.36512374878,2576
17266.362190246582,2554
17267.359972000122,2492
17268.357038497925,2490
17269.354343414307,2506
17270.35164833069,2538
17271.34919166565,2514
17272.34649658203,2522
17273.343801498413,2554
17274.341344833374,2550
17275.341033935547,2518
17276.33810043335,2514
17277.335166931152,2532
17278.332233428955,2512
17279.329776763916,2514
17280.327081680298,2552
17281.3241481781,2554
17282.321453094482,2510
17283.318996429443,2522
17284.316778182983,2542
17285.313606262207,2582
17286.311149597168,2536
17287.30845451355,2574
17288.305521011353,2522
17289.303064346313,2552
17290.300369262695,2554
17291.298389434814,2526
17292.299032211304,2510
17293.292760849,2534
17294.289588928223,2518
17295.286893844604,2522
17296.284198760986,2538
17297.281742095947,2594
17298.27904701233,2578
17299.27635192871,2526
17300.273656845093,2490
17301.270961761475,2474
17302.268266677856,2504
17303.26557159424,2502
17304.2631149292,2554
17305.260181427002,2534
17306.25820159912,2570
17307.255744934082,2534
17308.252334594727,2558
17309.24963951111,2574
17310.24694442749,2518
17311.244249343872,2510
17312.241554260254,2486
17313.239097595215,2534
17314.236640930176,2542
17315.23370742798,2540
17316.23101234436,2502
17317.228317260742,2502
17318.225860595703,2538
17319.223165512085,2578
17320.220232009888,2582
17321.21777534485,2534
17322.21531867981,2526
17323.212385177612,2542
17324.209451675415,2520
17325.206995010376,2510
17326.215744018555,2474
17327.20184326172,2502
17328.1991481781,2522
17329.196453094482,2554
17330.193519592285,2514
17331.191062927246,2526
17332.188367843628,2552
17333.18567276001,2534
17334.18297767639,2506
17335.180282592773,2526
17336.177587509155,2522
17337.219953536987,2508
17338.19890022278,2482
17339.197635650635,2508
17340.193271636963,2526
17341.190814971924,2522
17342.188596725464,2518
17343.18518638611,2522
17344.18511390686,2586
17345.18003463745,2582
17346.17781639099,2584
17347.176790237427,2540
17348.172187805176,2558
17349.16925430298,2534
17350.16655921936,2488
17351.137161254883,2506
17352.13613510132,2594
17353.13320159912,2554
17354.156732559204,2506
17355.15570640564,2482
17356.15086555481,2544
17357.147932052612,2538
17358.145713806152,2520
17359.143495559692,2538
17360.14223098755,2526
17361.137628555298,2490
17362.1346950531,2478
17363.134145736694,2506
17364.129304885864,2538
17365.126848220825,2556
17366.124153137207,2526
17367.125034332275,2484
17368.091344833374,2504
17369.117736816406,2550
17370.112895965576,2578
17371.114015579224,2528
17372.10774421692,2522
17373.1050491333,2534
17374.102115631104,2518
17376.072883605957,2550
17376.072883605957,2544
17377.094745635986,2550
17378.096103668213,2522
17379.091024398804,2498
17380.08713722229,2510
17381.083726882935,2536
17382.081508636475,2550
17384.050130844116,2512
17385.04719734192,2518
17386.0445022583,2526
17387.04228401184,2514
17388.039112091064,2514
17389.036178588867,2506
17390.03348350525,2518
17391.03102684021,2534
17392.02833175659,2514
17393.025636672974,2538
17394.022941589355,2518
17395.020246505737,2538
17396.01755142212,2542
17397.01509475708,2542
17398.012399673462,2510
17399.03736114502,2550
17399.03736114502,2574
17401.024103164673,2598
17401.024103164673,2590
17402.02808380127,2582
17403.027534484863,2546
17405.020236968994,2518
17406.017303466797,2506
17407.01460838318,2542
17408.01453590393,2584
17409.009218215942,2500
17409.980535507202,2462
17411.00573539734,2478
17411.652088165283,2510
17412.77766227722,2506
17413.711547851562,2522
17414.725303649902,2570
17415.726900100708,2556
17416.723489761353,2526
17417.719841003418,2536
17418.747901916504,2540
17419.745445251465,2518
17420.73893547058,2508
17421.738147735596,2482
17422.739028930664,2492
17423.73275756836,2518
17424.729347229004,2558
17425.726890563965,2546
17426.72300338745,2576
17427.722930908203,2550
17428.71904373169,2542
17429.69059944153,2570
17430.68766593933,2570
17431.71501159668,2574
17432.708024978638,2550
17433.706521987915,2484
17434.70287322998,2510
17435.702562332153,2486
17436.697244644165,2506
17437.694787979126,2518
17438.692569732666,2522
17439.68939781189,2518
17440.68741798401,2542
17441.684246063232,2558
17442.681550979614,2536
17443.678617477417,2522
17444.676637649536,2514
17445.67346572876,2512
17446.67100906372,2462
17447.667837142944,2482
17448.66633415222,2522
17449.66459274292,2534
17450.660943984985,2494
17451.65777206421,2526
17452.65555381775,2516
17453.654527664185,2552
17454.65087890625,2554
17455.647706985474,2570
17456.645011901855,2554
17457.643508911133,2506
17458.643198013306,2506
17459.60760116577,2480
17460.608959197998,2520
17461.605310440063,2552
17462.6305103302,2552
17463.627576828003,2542
17464.625120162964,2550
17465.622186660767,2546
17466.61949157715,2578
17467.6194190979,2534
17468.61433982849,2538
17469.61545944214,2514
17470.609188079834,2544
17471.606492996216,2508
17472.60355949402,2514
17473.60062599182,2544
17474.568367004395,2554
17475.56495666504,2526
17476.5625,2482
17477.559804916382,2546
17478.557348251343,2574
17479.554653167725,2550
17480.55124282837,2546
17481.54878616333,2522
17482.54632949829,2494
17483.543634414673,2490
17484.540700912476,2538
17485.538244247437,2570
17486.53554916382,2558
17487.5328540802,2522
17488.530158996582,2526
17489.527463912964,2544
17490.524768829346,2538
17491.522550582886,2556
17492.51961708069,2502
17493.51692199707,2502
17494.514226913452,2514
17495.511770248413,2502
17496.509075164795,2520
17497.506380081177,2538
17498.50344657898,2518
17499.50122833252,2534
17500.498294830322,2558
17501.495599746704,2574
17502.493143081665,2520
17503.490209579468,2542
17504.48751449585,2578
17505.48505783081,2512
17506.48260116577,2480
17507.479667663574,2486
17508.476734161377,2526
17509.474515914917,2514
17510.47158241272,2546
17511.4688873291,2582
17512.46666908264,2582
17513.463735580444,2544
17514.461040496826,2504
17515.458345413208,2526
17516.45588874817,2546
17517.45295524597,2536
17518.450260162354,2482
17519.448041915894,2446
17520.445108413696,2502
17521.442413330078,2502
17522.444486618042,2550
17523.44036102295,2518
17524.437189102173,2584
17525.434255599976,2572
17526.431798934937,2518
17527.429580688477,2554
17528.42664718628,2546
17529.42395210266,2534
17530.421018600464,2472
17531.418323516846,2454
17532.415866851807,2508
17533.41317176819,2492
17534.440517425537,2510
17535.43186187744,2546
17536.43560409546,2542
17537.43314743042,2554
17538.40160369873,2546
17539.398193359375,2574
17540.395259857178,2524
17541.39280319214,2576
17542.38986968994,2518
17543.386936187744,2488
17544.384479522705,2540
17545.381784439087,2550
17546.37885093689,2522
17547.37615585327,2546
17548.373699188232,2586
17549.371480941772,2586
17550.368309020996,2574
17551.365852355957,2576
17552.36315727234,2570
17553.359746932983,2550
17554.386854171753,2552
17555.386781692505,2522
17556.381225585938,2526
17557.37853050232,2490
17558.37631225586,2524
17559.383153915405,2542
17560.370922088623,2522
17561.368227005005,2538
17562.366247177124,2522
17563.36259841919,2462
17564.36014175415,2502
17565.357208251953,2534
17566.354990005493,2514
17569.316864013672,2482
17569.316864013672,2446
17569.316864013672,2458
17570.3444480896,2542
17571.466207504272,2558
17572.49903678894,2514
17573.590755462646,2472
17574.58472251892,2502
17575.58035850525,2544
17576.576709747314,2542
17577.577114105225,2534
17578.57322692871,2522
17579.574823379517,2480
17580.56902885437,2534
17581.56418800354,2536
17582.56220817566,2518
17583.53018760681,2538
17584.527254104614,2558
17585.52384376526,2574
17586.52114868164,2550
17587.5186920166,2504
17588.51647377014,2506
17589.513540267944,2504
17590.510368347168,2578
17591.50791168213,2542
17592.50521659851,2516
17593.502521514893,2510
17594.500064849854,2554
17595.497369766235,2538
17596.494913101196,2558
17597.49174118042,2538
17598.48976135254,2486
17599.48706626892,2470
17600.484132766724,2484
17601.481437683105,2454
17602.47564315796,2430
17603.47270965576,2454
17604.470014572144,2466
17605.467319488525,2482
17606.464624404907,2524
17607.46169090271,2550
17608.45923423767,2522
17609.456539154053,2534
17610.453844070435,2520
17611.451387405396,2534
17612.4484539032,2502
17613.446474075317,2506
17614.44330215454,2490
17615.440607070923,2490
17616.437673568726,2480
17617.434978485107,2502
17618.43228340149,2574
17619.43006515503,2586
17620.427131652832,2548
17621.424674987793,2578
17622.421979904175,2558
17623.419284820557,2526
17624.41635131836,2486
17625.41365623474,2460
17626.411199569702,2490
17627.408504486084,2462
17628.406524658203,2458
17629.403591156006,2478
17630.40041923523,2514
17631.39772415161,2534
17632.395267486572,2554
17633.392572402954,2582
17634.389877319336,2608
17635.387182235718,2524
17636.38472557068,2526
17637.38179206848,2542
17638.379096984863,2524
17639.376640319824,2518
17640.374660491943,2474
17641.371488571167,2550
17642.36831665039,2614
17643.370866775513,2578
17644.397497177124,2610
17645.392417907715,2618
17646.39115333557,2598
17647.387504577637,2574
17648.38695526123,2556
17649.384260177612,2582
17650.38013458252,2554
17651.376724243164,2538
17652.37593650818,2510
17653.371810913086,2514
17654.370069503784,2518
17655.36594390869,2594
17656.36372566223,2570
17657.362937927246,2590
17658.358335494995,2546
17659.356594085693,2482
17660.354375839233,2510
17661.3507270813,2520
17662.347316741943,2520
17663.344621658325,2520
17664.342164993286,2508
17665.34161567688,2502
17666.33653640747,2486
17667.33407974243,2536
17668.333292007446,2570
17669.328451156616,2512
17670.326471328735,2492
17671.324253082275,2504
17672.3210811615,2558
17673.291444778442,2508
17674.31926727295,2540
17675.312519073486,2550
17676.278591156006,2512
17677.308320999146,2490
17678.30467224121,2544
17679.30245399475,2590
17680.30047416687,2558
17681.29873275757,2546
17682.29651451111,2506
17683.29119682312,2460
17684.290647506714,2510
17685.28652191162,2486
17686.290502548218,2508
17687.28017807007,2518
17688.246488571167,2514
17689.24355506897,2510
17690.240621566772,2546
17691.237688064575,2542
17692.235231399536,2546
17693.232536315918,2538
17694.2298412323,2506
17695.22738456726,2522
17696.224689483643,2502
17697.221755981445,2490
17698.219060897827,2510
17699.216842651367,2510
17700.21367073059,2530
17701.21121406555,2510
17702.208280563354,2518
17703.238248825073,2526
17704.235553741455,2522
17705.23500442505,2552
17706.22992515564,2534
17707.23271369934,2504
17708.226442337036,2474
17709.222555160522,2480
17710.187673568726,2530
17711.216926574707,2518
17712.214469909668,2510
17713.213682174683,2516
17714.208841323853,2518
17715.20709991455,2542
17716.20512008667,2526
17717.200756072998,2534
17718.19829940796,2510
17719.19536590576,2478
17720.20196914673,2486
17721.192359924316,2462
17722.187757492065,2486
17723.185062408447,2502
17724.183797836304,2490
17726.146936416626,2474
17726.146936416626,2534
17727.174282073975,2598
17729.17103767395,2608
17730.146169662476,2570
17731.131553649902,2576
17732.128381729126,2550
17733.125686645508,2526
17733.125686645508,2518
17734.12775993347,2522
17735.124111175537,2518
17737.11895942688,2524
17738.116025924683,2518
17739.113330841064,2510
17740.110397338867,2522
17741.107940673828,2514
17742.105722427368,2538
17743.102312088013,2542
17744.100093841553,2574
17745.097160339355,2534
17746.094465255737,2510
17747.09177017212,2494
17748.0890750885,2514
17749.115228652954,2512
17750.112533569336,2486
17751.081466674805,2522
17752.108097076416,2548
17753.111600875854,2610
17754.106521606445,2586
17755.104303359985,2578
17756.096124649048,2554
17757.100582122803,2516
17758.086442947388,2578
17759.08875465393,2550
17760.08629798889,2544
17761.085510253906,2526
17762.07995414734,2506
17763.07725906372,2510
17764.07217979431,2506
17765.07544517517,2518
17766.072988510132,2506
17767.070293426514,2490
17768.067359924316,2454
17769.0589427948,2478
17770.057201385498,2514
17771.053552627563,2510
17772.075414657593,2470
17773.07176589966,2478
17774.07217025757,2506
17775.046586990356,2490
17776.029348373413,2486
17777.06217765808,2504
17778.039932250977,2518
17779.035806655884,2482
17780.033588409424,2482
17781.038999557495,2474
17782.04083442688,2520
17783.02502632141,2502
17784.037351608276,2460
17785.019874572754,2466
17786.017417907715,2542
17787.01424598694,2502
17788.012266159058,2478
17789.00933265686,2488
17790.006160736084,2544
17791.003942489624,2544
17792.001724243164,2470
17792.999029159546,2442
17793.997287750244,2450
17794.994115829468,2486
17795.998573303223,2494
17796.99397087097,2508
17797.991514205933,2510
17798.988580703735,2502
17799.980878829956,2486
17800.97723007202,2540
17801.97501182556,2576
17802.972078323364,2570
17803.969860076904,2512
17804.967164993286,2430
17805.964946746826,2520
17806.96201324463,2574
17807.95907974243,2550
17808.956146240234,2518
17809.953927993774,2524
17810.950994491577,2544
17811.948776245117,2558
17812.91890144348,2574
17813.94600868225,2582
17814.95761871338,2522
17815.95516204834,2542
17816.954612731934,2512
17817.904233932495,2512
17818.94850730896,2524
17819.94581222534,2518
17820.94144821167,2490
17821.93613052368,2478
17822.936296463013,2522
17823.933601379395,2526
17824.93281364441,2534
17825.929164886475,2526
17826.88331604004,2550
17827.878952026367,2528
17828.877449035645,2500
17829.87356185913,2498
17830.870628356934,2472
17831.868410110474,2512
17832.865238189697,2536
17833.86278152466,2488
17834.86032485962,2488
17835.857391357422,2502
17836.854457855225,2554
17837.851762771606,2514
17838.84906768799,2518
17839.847087860107,2524
17840.843677520752,2502
17841.840982437134,2478
17842.83399581909,2458
17843.830823898315,2506
17844.828128814697,2504
17845.8251953125,2504
17846.822500228882,2488
17847.819566726685,2478
17848.817348480225,2520
17849.814414978027,2552
17850.81171989441,2522
17851.80950164795,2524
17852.80680656433,2482
17853.803634643555,2498
17854.800939559937,2482
17855.798482894897,2528
17856.79578781128,2546
17857.79333114624,2536
17858.840227127075,2488
17859.79199409485,2514
17860.83436012268,2514
17861.828327178955,2534
17862.828254699707,2518
17863.826274871826,2558
17864.82548713684,2576
17865.82040786743,2502
17866.816997528076,2490
17867.767333984375,2518
17868.812799453735,2544
17869.80652809143,2546
17870.80669403076,2522
17871.806144714355,2488
17872.804641723633,2502
17873.803853988647,2514
17874.75037574768,2542
17875.746965408325,2556
17876.74355506897,2512
17877.74109840393,2478
17878.738403320312,2484
17879.735708236694,2526
17880.738973617554,2558
17881.73532485962,2554
17882.732629776,2540
17883.73064994812,2486
17884.727001190186,2514
17885.724306106567,2524
17886.72161102295,2570
17887.718677520752,2546
17888.716220855713,2514
17889.714002609253,2484
17892.327547073364,2510
17892.327547073364,2518
17893.33748817444,2554
17894.341468811035,2574
17895.35665512085,2578
17896.35920524597,2534
17896.35920524597,2526
17897.363901138306,2538
17899.35851097107,2554
17899.35851097107,2542
17900.354862213135,2520
17902.34875679016,2480
17903.346061706543,2462
17904.343605041504,2518
17905.341386795044,2558
17906.3401222229,2548
17906.3401222229,2524
17907.33551979065,2534
17908.332586288452,2520
17909.33060646057,2552
17911.324501037598,2542
17912.32204437256,2582
17913.31934928894,2546
17914.316654205322,2510
17915.313959121704,2534
17916.311740875244,2538
17917.30833053589,2550
17918.30587387085,2542
17919.30389404297,2554
17920.300722122192,2510
17921.298027038574,2526
17922.330856323242,2546
17922.330856323242,2570
17923.326015472412,2538
17924.32427406311,2490
17926.328420639038,2482
17927.32286453247,2504
17928.3230304718,2508
17929.320096969604,2524
17930.3195476532,2494
17931.316375732422,2506
17932.31511116028,2452
17933.310508728027,2506
17934.312105178833,2526
17935.30297279358,2502
17936.30290031433,2468
17937.286138534546,2426
17937.286138534546,2512
17938.28821182251,2502
17940.282821655273,2486
17941.279888153076,2490
17942.270755767822,2502
17943.273305892944,2542
17944.270372390747,2550
17945.26767730713,2506
17946.26474380493,2574
17947.232723236084,2552
17948.264598846436,2522
17949.25832748413,2516
17950.254917144775,2602
17951.251745224,2534
17952.24952697754,2490
17953.256368637085,2490
17954.238176345825,2514
17955.235481262207,2582
17956.23254776001,2534
17957.237482070923,2488
17958.232879638672,2490
17959.224462509155,2548
17960.222005844116,2542
17961.225032806396,2558
17962.22496032715,2546
17963.220357894897,2536
17964.2117023468,2506
17965.208768844604,2532
17966.21346473694,2570
17967.209339141846,2574
17968.168020248413,2556
17969.20418739319,2514
17970.202922821045,2538
17971.192121505737,2576
17972.190141677856,2602
17973.19507598877,2552
17974.1849899292,2534
17975.182056427002,2520
17976.15385055542,2544
17977.176427841187,2550
17978.182077407837,2526
17979.177474975586,2542
17980.175256729126,2520
17981.173753738403,2524
17982.165098190308,2514
17983.17050933838,2480
17984.158039093018,2526
17985.161304473877,2510
17986.165761947632,2490
17987.1563911438,2502
17988.146781921387,2490
17989.15410041809,2490
17990.148305892944,2490
17991.150617599487,2502
17992.14243888855,2538
17993.13974380493,2506
17994.138956069946,2510
17995.134353637695,2456
17996.13332748413,2510
17997.130393981934,2522
17998.12650680542,2518
17999.1238117218,2482
18000.082969665527,2502
18001.079320907593,2550
18002.076864242554,2526
18003.073930740356,2546
18004.12154197693,2570
18005.11884689331,2574
18006.114721298218,2506
18007.109880447388,2460
18008.10956954956,2534
18009.106636047363,2574
18010.106086730957,2546
18011.101484298706,2424
18012.099266052246,2430
18013.097524642944,2524
18014.09387588501,2546
18015.04611968994,2570
18016.080617904663,2542
18017.076015472412,2554
18018.074989318848,2590
18019.070863723755,2554
18020.06769180298,2558
18021.066427230835,2558
18022.0627784729,2506
18023.059606552124,2474
18024.057149887085,2546
18025.05397796631,2574
18026.041507720947,2590
18027.050495147705,2554
18028.050422668457,2546
18029.04748916626,2582
18030.009031295776,2590
18031.005144119263,2550
18032.002210617065,2558
18032.999515533447,2506
18033.99705886841,2556
18034.99484062195,2514
18035.99190711975,2518
18036.990642547607,2526
18037.986278533936,2514
18038.984060287476,2536
18039.98064994812,2542
18040.979146957397,2526
18041.97597503662,2544
18042.973041534424,2542
18043.971061706543,2510
18044.967889785767,2518
18045.960664749146,2516
18046.956777572632,2538
18047.954082489014,2494
18048.951148986816,2498
18049.989938735962,2478
18050.99105834961,2534
18051.949739456177,2534
18052.945375442505,2522
18053.977489471436,2518
18054.974794387817,2546
18055.9720993042,2522
18056.96964263916,2526
18057.968378067017,2526
18058.964014053345,2536
18059.9308013916,2486
18060.960054397583,2480
18061.917543411255,2514
18062.91365623474,2550
18063.911199569702,2520
18064.908742904663,2542
18065.95230102539,2488
18066.942930221558,2468
18067.904710769653,2520
18068.938970565796,2486
18069.934844970703,2526
18070.932388305664,2544
18071.929693222046,2516
18072.926998138428,2478
18073.927402496338,2502
18074.926376342773,2542
18075.927019119263,2542
18076.88307762146,2536
18077.882528305054,2490
18078.876495361328,2510
18079.875230789185,2538
18080.87205886841,2528
18081.897497177124,2522
18082.89384841919,2538
18083.89449119568,2514
18084.893226623535,2474
18085.886001586914,2504
18086.883068084717,2574
18087.887048721313,2570
18088.8774394989,2516
18089.879035949707,2476
18090.87634086609,2506
18091.837644577026,2506
18092.83447265625,2490
18093.831777572632,2482
18094.828605651855,2502
18095.860481262207,2474
18096.856355667114,2470
18097.854614257812,2502
18098.857402801514,2518
18099.854230880737,2502
18100.853204727173,2486
18101.84907913208,2506
18102.8470993042,2526
18103.805541992188,2546
18104.841470718384,2528
18105.84020614624,2526
18106.836318969727,2526
18107.79857635498,2518
18108.831882476807,2486
18109.79461669922,2548
18110.825061798096,2582
18111.822843551636,2598
18112.81967163086,2546
18113.816738128662,2590
18114.77518081665,2586
18115.771770477295,2522
18116.76859855652,2542
18117.76638031006,2552
18118.76368522644,2546
18119.760751724243,2518
18120.758056640625,2506
18121.755599975586,2474
18122.75266647339,2512
18123.75044822693,2502
18124.74751472473,2554
18125.745058059692,2544
18126.742124557495,2518
18127.739429473877,2510
18128.736972808838,2534
18129.73427772522,2546
18130.731344223022,2528
18131.729125976562,2474
18132.726192474365,2470
18133.723497390747,2484
18134.72056388855,2526
18135.71834564209,2546
18136.715412139893,2554
18137.712717056274,2534
18138.710737228394,2502
18139.707803726196,2518
18140.704870224,2542
18141.70217514038,2502
18142.69971847534,2504
18143.696784973145,2486
18144.694089889526,2470
18145.691633224487,2474
18146.68893814087,2478
18147.68624305725,2514
18148.683309555054,2506
18149.681091308594,2486
18150.678157806396,2486
18151.675701141357,2482
18152.67324447632,2490
18153.6762714386,2506
18154.672622680664,2472
18155.669689178467,2494
18156.66627883911,2520
18157.663822174072,2534
18158.660888671875,2520
18159.658670425415,2522
18160.655736923218,2554
18161.6530418396,2538
18162.65082359314,2528
18163.64812850952,2526
18164.644956588745,2552
18165.642261505127,2526
18166.63956642151,2574
18167.63734817505,2558
18168.635606765747,2570
18169.66438293457,2570
18170.65954208374,2534
18171.66042327881,2518
18172.656059265137,2534
18173.653602600098,2552
18174.649000167847,2518
18175.64606666565,2474
18176.64623260498,2538
18177.642583847046,2550
18178.64203453064,2518
18179.635524749756,2514
18180.634260177612,2550
18181.6303730011,2604
18182.62791633606,2536
18183.627128601074,2514
18184.622287750244,2550
18185.621738433838,2580
18186.61665916443,2536
18187.614679336548,2518
18188.612699508667,2506
18189.608812332153,2492
18190.606594085693,2484
18191.603660583496,2514
18192.602157592773,2538
18193.567037582397,2526
18194.59557533264,2514
18195.59359550476,2502
18196.59161567688,2536
18197.587251663208,2544
18198.585033416748,2510
18199.58257675171,2494
18200.57988166809,2476
18201.54857635498,2518
18202.574253082275,2538
18203.571796417236,2534
18204.570531845093,2474
18205.56592941284,2474
18206.563472747803,2518
18207.560539245605,2568
18208.558320999146,2548
18209.524869918823,2502
18210.51859855652,2542
18211.549997329712,2558
18212.548971176147,2582
18213.544607162476,2490
18214.548110961914,2542
18215.505838394165,2558
18216.50242805481,2512
18217.50020980835,2508
18218.531370162964,2578
18219.528913497925,2576
18220.529556274414,2576
18221.52328491211,2594
18222.52106666565,2614
18223.519802093506,2618
18224.515438079834,2598
18225.51465034485,2604
18226.476192474365,2632
18227.51235961914,2586
18228.506326675415,2522
18229.5024394989,2526
18230.50093650818,2544
18231.49037361145,2590
18232.48815536499,2522
18233.485221862793,2484
18234.459161758423,2478
18235.486030578613,2424
18236.489057540894,2426
18237.486124038696,2478
18238.47794532776,2474
18239.47525024414,2446
18240.47303199768,2456
18241.471767425537,2398
18242.433786392212,2484
18243.430376052856,2502
18244.42768096924,2516
18245.42498588562,2502
18246.422052383423,2510
18247.420072555542,2510
18248.417139053345,2554
18249.414443969727,2540
18250.41174888611,2522
18251.40905380249,2546
18252.406120300293,2536
18253.403425216675,2522
18254.400968551636,2558
18255.398273468018,2578
18256.3955783844,2586
18257.39288330078,2570
18258.390188217163,2546
18259.387731552124,2546
18260.384559631348,2574
18261.382341384888,2550
18262.380123138428,2544
18263.37695121765,2522
18264.374256134033,2502
18265.371561050415,2510
18266.368627548218,2486
18267.36617088318,2470
18268.36371421814,2506
18269.360780715942,2534
18270.358085632324,2514
18271.355628967285,2486
18272.352695465088,2482
18273.35000038147,2488
18274.34754371643,2458
18276.342391967773,2494
18276.342391967773,2518
18277.368307113647,2526
18278.36537361145,2518
18279.362201690674,2514
18280.36618232727,2502
18281.370162963867,2538
18282.361030578613,2516
18283.358335494995,2482
18284.358739852905,2454
18285.32314300537,2458
18286.35048866272,2478
18287.347555160522,2470
18288.34581375122,2522
18289.34407234192,2526
18290.339708328247,2538
18291.33677482605,2500
18292.335748672485,2512
18293.297290802002,2524
18294.294118881226,2552
18295.291900634766,2522
18296.289205551147,2534
18297.28651046753,2492
18298.283338546753,2478
18299.280881881714,2506
18301.275491714478,2530
18301.275491714478,2546
18302.27255821228,2540
18303.27033996582,2554
18304.267406463623,2594
18305.264711380005,2572
18306.262254714966,2598
18307.259798049927,2538
18308.25662612915,2522
18309.25941467285,2508
18310.255765914917,2500
18311.2530708313,2546
18312.25061416626,2538
18313.24791908264,2582
18314.245223999023,2554
18315.242290496826,2550
18316.239595413208,2596
18317.237615585327,2598
18318.23420524597,2558
18319.23198699951,2574
18320.228815078735,2546
18321.226358413696,2544
18323.22096824646,2466
18323.22096824646,2502
18324.219942092896,2554
18325.215816497803,2546
18326.213598251343,2552
18327.211618423462,2582
18329.20479774475,2606
18330.202341079712,2614
18331.199645996094,2618
18332.196950912476,2598
18333.194732666016,2580
18334.19179916382,2534
18335.1891040802,2502
18336.186408996582,2526
18337.1844291687,2554
18338.181018829346,2550
18339.179039001465,2486
18340.176105499268,2468
18341.17317199707,2502
18342.170476913452,2516
18343.167543411255,2524
18344.165325164795,2514
18345.162391662598,2490
18346.160173416138,2470
18347.158193588257,2468
18348.154544830322,2486
18349.151611328125,2458
18350.148916244507,2458
18351.146936416626,2478
18352.14376449585,2524
18353.14154624939,2514
18354.13885116577,2504
18355.136394500732,2510
18356.133222579956,2542
18357.129335403442,2522
18358.126401901245,2554
18359.123945236206,2574
18360.12101173401,2546
18361.11831665039,2506
18362.11609840393,2490
18363.112926483154,2480
18364.110469818115,2482
18365.107536315918,2450
18366.104125976562,2470
18367.101907730103,2510
18368.098974227905,2492
18369.096517562866,2446
18370.091199874878,2430
18370.091199874878,2490
18371.08874320984,2538
18373.082876205444,2516
18374.080419540405,2508
18375.077486038208,2554
18376.07455253601,2544
18377.07233428955,2536
18378.069400787354,2526
18379.066705703735,2542
18380.064249038696,2546
18381.061553955078,2548
18382.05885887146,2518
18383.055925369263,2558
18384.053468704224,2586
18385.050773620605,2594
18386.048316955566,2596
18387.04514503479,2616
18388.04292678833,2586
18389.039993286133,2574
18390.037298202515,2574
18391.034841537476,2598
18392.032146453857,2586
18393.02921295166,2522
18394.026517868042,2454
18395.024061203003,2470
18396.021366119385,2514
18397.018671035767,2490
18398.01597595215,2510
18399.01328086853,2522
18400.010585784912,2558
18401.00860595703,2552
18402.005672454834,2522
18403.002500534058,2522
18403.99980545044,2506
18404.9973487854,2492
18405.994653701782,2470
18406.991958618164,2484
18407.989501953125,2510
18408.986806869507,2502
18409.98411178589,2486
18410.984754562378,2522
18411.98229789734,2522
18412.980556488037,2502
18413.983583450317,2470
18414.984941482544,2490
18415.980577468872,2522
18416.96810722351,2522
18417.96588897705,2462
18418.98822784424,2364
18419.9857711792,2422
18420.982837677002,2470
18421.980619430542,2474
18422.977685928345,2458
18423.974990844727,2478
18424.972772598267,2494
18425.973176956177,2502
18426.96714401245,2522
18427.964210510254,2532
18428.961277008057,2518
18429.958820343018,2490
18430.9561252594,2470
18431.95343017578,2502
18432.95192718506,2546
18433.948040008545,2542
18434.947967529297,2488
18435.943126678467,2506
18436.94019317627,2526
18437.93773651123,2542
18438.934564590454,2512
18439.93639945984,2582
18440.929412841797,2568
18441.927194595337,2518
18442.92449951172,2474
18443.92204284668,2462
18444.918632507324,2542
18445.915937423706,2548
18446.913719177246,2550
18447.89719581604,2510
18448.897123336792,2526
18449.896574020386,2558
18450.87456703186,2546
18451.871871948242,2486
18452.868938446045,2542
18453.866481781006,2542
18454.863786697388,2534
18455.86133003235,2474
18456.85839653015,2502
18457.855939865112,2546
18458.853244781494,2558
18459.85746383667,2510
18460.848093032837,2486
18461.84515953064,2526
18462.8427028656,2546
18463.839769363403,2522
18464.837074279785,2516
18465.834379196167,2534
18466.83168411255,2490
18467.841863632202,2458
18468.82653236389,2490
18469.823837280273,2574
18470.821142196655,2594
18471.818447113037,2526
18472.81575202942,2494
18473.8130569458,2494
18474.81060028076,2514
18475.807905197144,2526
18476.805210113525,2470
18477.802753448486,2460
18478.83105278015,2506
18479.824542999268,2498
18480.823755264282,2522
18481.820106506348,2510
18482.81693458557,2502
18483.815670013428,2524
18484.811067581177,2506
18485.808610916138,2514
18486.806392669678,2494
18487.80369758606,2502
18488.802671432495,2482
18489.798069000244,2474
18490.795373916626,2488
18491.79458618164,2510
18492.764472961426,2510
18493.789434432983,2516
18494.786024093628,2570
18495.784044265747,2608
18496.783018112183,2578
18497.778177261353,2506
18498.775959014893,2482
18499.77397918701,2514
18500.770330429077,2526
18501.76763534546,2538
18502.765417099,2508
18503.767013549805,2498
18504.761695861816,2512
18505.75876235962,2518
18506.754875183105,2546
18507.753372192383,2574
18508.74900817871,2554
18509.719133377075,2506
18510.743379592896,2512
18511.741399765015,2522
18512.739896774292,2544
18513.736486434937,2546
18514.732599258423,2478
18515.73133468628,2504
18516.72863960266,2526
18517.725229263306,2606
18518.72444152832,2606
18519.71960067749,2576
18520.723581314087,2586
18521.713972091675,2574
18522.711753845215,2546
18523.710012435913,2536
18524.678230285645,2554
18525.675296783447,2580
18526.700496673584,2514
18527.698040008545,2494
18528.69725227356,2542
18529.69264984131,2574
18530.68995475769,2534
18531.688928604126,2518
18532.684803009033,2522
18533.681869506836,2542
18534.679174423218,2534
18535.67671775818,2522
18536.675930023193,2510
18537.677526474,2520
18538.669109344482,2538
18539.668083190918,2520
18540.638208389282,2510
18541.63408279419,2510
18542.661666870117,2580
18543.65611076355,2578
18544.655323028564,2576
18545.653104782104,2526
18546.64897918701,2542
18547.648191452026,2510
18548.64478111267,2510
18549.641370773315,2534
18550.639867782593,2550
18551.63550376892,2534
18552.635192871094,2502
18553.630590438843,2510
18554.627895355225,2558
18555.62925338745,2558
18556.59317970276,2498
18557.59024620056,2446
18558.619022369385,2482
18559.585094451904,2514
18560.61553955078,2506
18561.611890792847,2510
18562.608003616333,2534
18563.60673904419,2514
18564.604997634888,2482
18565.602779388428,2490
18566.59960746765,2526
18567.596912384033,2538
18568.56393814087,2534
18569.591999053955,2542
18570.589303970337,2522
18571.588039398193,2490
18572.58439064026,2486
18573.581218719482,2486
18574.578762054443,2544
18575.575590133667,2606
18576.57480239868,2534
18577.57067680359,2522
18578.567504882812,2510
18579.566478729248,2542
18580.562114715576,2554
18581.559658050537,2494
18582.57031440735,2458
18583.56785774231,2450
18584.52320098877,2500
18585.562229156494,2520
18586.559295654297,2500
18587.55850791931,2492
18588.51432800293,2494
18589.51163291931,2510
18590.508222579956,2550
18591.54725074768,2554
18592.545747756958,2554
18593.541860580444,2544
18594.538688659668,2502
18595.536947250366,2478
18596.524000167847,2506
18597.52130508423,2548
18598.518133163452,2542
18599.524974822998,2502
18600.51202774048,2510
18601.50980949402,2558
18602.508068084717,2516
18603.468894958496,2536
18604.4659614563,2588
18605.464220046997,2570
18606.46653175354,2514
18607.46192932129,2468
18608.45947265625,2518
18609.45749282837,2526
18610.454559326172,2502
18611.451387405396,2460
18612.4484539032,2482
18613.44599723816,2510
18614.443063735962,2542
18615.440845489502,2536
18616.437673568726,2542
18617.435216903687,2522
18618.434190750122,2524
18619.43030357361,2506
18620.42784690857,2510
18621.42539024353,2502
18622.422218322754,2494
18623.419284820557,2490
18624.41658973694,2498
18626.407384872437,2500
18626.407384872437,2494
18627.40397453308,2502
18628.401041030884,2538
18629.398584365845,2576
18631.39319419861,2526
18632.39026069641,2520
18632.39026069641,2516
18633.38828086853,2518
18634.385347366333,2534
18635.382652282715,2514
18637.3770236969,2514
18638.37432861328,2522
18639.371633529663,2506
18640.368700027466,2570
18641.366481781006,2546
18642.36354827881,2514
18643.36085319519,2524
18644.35839653015,2514
18645.355701446533,2518
18645.355701446533,2506
18647.35174179077,2498
18647.35174179077,2508
18648.348331451416,2478
18649.345636367798,2510
18651.34048461914,2498
18652.337551116943,2514
18653.334617614746,2510
18654.332637786865,2510
18655.32922744751,2514
18656.326293945312,2506
18657.323598861694,2510
18658.321142196655,2502
18659.318685531616,2542
18660.31575202942,2544
18661.31281852722,2518
18662.31060028076,2522
18663.307666778564,2550
18663.307666778564,2542
18664.311408996582,2558
18665.308237075806,2536
18666.30458831787,2486
18668.299198150635,2486
18669.296741485596,2474
18670.294523239136,2502
18671.29135131836,2514
18672.28865623474,2524
18673.285722732544,2518
18674.283266067505,2514
18675.280570983887,2522
18676.27787590027,2522
18677.27494239807,2542
18678.27320098877,2532
18679.269790649414,2450
18679.269790649414,2490
18680.301189422607,2494
18681.296825408936,2514
18682.294607162476,2506
18683.29429626465,2570
18684.29923057556,2546
18685.293436050415,2526
18686.293363571167,2542
18687.29066848755,2574
18688.279628753662,2600
18689.27574157715,2518
18690.282821655273,2486
18691.271543502808,2500
18692.277431488037,2490
18693.265438079834,2460
18695.229053497314,2502
18696.2251663208,2514
18697.223901748657,2490
18698.256492614746,2482
18699.249982833862,2494
18700.24561882019,2534
18701.210260391235,2526
18702.240705490112,2482
18703.237771987915,2470
18704.23722267151,2478
18705.233573913574,2504
18706.22992515564,2488
18707.228660583496,2514
18708.226680755615,2514
18709.221839904785,2522
18710.18886566162,2482
18711.185216903687,2542
18712.18204498291,2570
18713.17982673645,2586
18714.176654815674,2574
18715.174436569214,2574
18716.171741485596,2522
18717.169046401978,2526
18718.16611289978,2550
18719.164609909058,2538
18720.16191482544,2526
18721.158742904663,2518
18722.155570983887,2504
18723.15287590027,2534
18724.15018081665,2542
18725.147247314453,2578
18726.144313812256,2576
18727.174282073975,2546
18728.17325592041,2534
18729.179620742798,2520
18730.175971984863,2546
18731.164693832397,2518
18732.171058654785,2518
18733.17265510559,2526
18734.16543006897,2526
18735.162258148193,2526
18736.161708831787,2554
18737.157821655273,2542
18738.154411315918,2570
18739.147663116455,2582
18740.139484405518,2570
18741.1367893219,2542
18742.13409423828,2532
18743.134021759033,2510
18744.1303730011,2546
18745.13602256775,2582
18746.12307548523,2548
18747.122049331665,2494
18748.12078475952,2426
18749.122381210327,2502
18750.113487243652,2550
18751.073598861694,2538
18752.070903778076,2470
18753.10444831848,2446
18754.10223007202,2474
18755.1007270813,2490
18756.096601486206,2522
18757.094383239746,2538
18758.092164993286,2526
18759.08899307251,2508
18760.087966918945,2498
18761.08431816101,2552
18762.090921401978,2570
18763.088941574097,2520
18764.076232910156,2482
18765.073537826538,2494
18766.079425811768,2522
18767.07696914673,2518
18768.076419830322,2526
18769.062757492065,2522
18770.068645477295,2546
18771.058320999146,2514
18772.054433822632,2494
18773.051738739014,2518
18774.049997329712,2510
18775.047302246094,2504
18776.045560836792,2482
18777.047872543335,2462
18778.046369552612,2470
18779.046058654785,2454
18780.049085617065,2502
18781.046390533447,2538
18782.040119171143,2538
18783.03575515747,2510
18784.031867980957,2520
18785.022258758545,2586
18786.016702651978,2574
18787.015676498413,2552
18787.981271743774,2492
18788.978576660156,2518
18789.974212646484,2490
18791.003465652466,2484
18792.0024394989,2506
18792.998552322388,2558
18793.99561882019,2552
18794.99387741089,2534
18795.989990234375,2546
18796.987533569336,2574
18797.985076904297,2544
18798.982620239258,2550
18799.981355667114,2492
18800.976753234863,2454
18801.974058151245,2480
18802.97350883484,2462
18803.935289382935,2498
18804.970741271973,2510
18805.963039398193,2488
18806.960821151733,2506
18807.960510253906,2566
18808.955192565918,2584
18809.953451156616,2534
18810.951471328735,2510
18811.94758415222,2552
18812.94584274292,2518
18813.942193984985,2508
18814.94116783142,2482
18815.938711166382,2554
18816.93410873413,2550
18817.93165206909,2518
18818.928718566895,2518
18819.928646087646,2572
18820.92809677124,2534
18821.92325592041,2522
18822.922945022583,2558
18823.923110961914,2546
18824.926137924194,2490
18825.923204421997,2456
18826.908588409424,2478
18827.90470123291,2522
18828.902006149292,2510
18829.899072647095,2502
18830.906867980957,2510
18831.89344406128,2522
18832.89074897766,2544
18833.858251571655,2544
18834.85436439514,2540
18835.851430892944,2546
18836.881399154663,2538
18837.88824081421,2510
18838.88053894043,2524
18839.874505996704,2554
18840.88087081909,2546
18841.877222061157,2542
18842.867136001587,2526
18843.87183189392,2550
18844.85960006714,2510
18845.85690498352,2534
18846.853733062744,2510
18847.850799560547,2540
18848.85883331299,2510
18849.814653396606,2478
18850.812196731567,2504
18851.80926322937,2510
18852.806568145752,2534
18853.835582733154,2518
18854.832887649536,2506
18855.82947731018,2538
18856.8274974823,2524
18857.824563980103,2510
18858.82329940796,2462
18859.819173812866,2482
18860.816717147827,2498
18861.81378364563,2470
18862.81156539917,2500
18863.810539245605,2508
18864.806175231934,2534
18865.766763687134,2518
18866.79434776306,2542
18867.761373519897,2526
18868.794918060303,2514
18869.792461395264,2504
18870.789766311646,2504
18871.78897857666,2486
18872.78461456299,2502
18873.78168106079,2478
18874.780654907227,2502
18875.77724456787,2514
18876.77502632141,2546
18877.771377563477,2578
18878.770112991333,2602
18879.767656326294,2588
18880.76424598694,2542
18881.760597229004,2532
18882.72476196289,2528
18883.756399154663,2514
18884.754419326782,2478
18885.750770568848,2450
18886.74783706665,2488
18887.74609565735,2510
18888.742685317993,2492
18889.750003814697,2550
18890.738010406494,2572
18891.73412322998,2552
18892.735958099365,2516
18893.72992515564,2534
18894.726276397705,2520
18895.730018615723,2494
18896.690368652344,2488
18897.717714309692,2514
18898.71644973755,2540
18899.713277816772,2514
18900.710105895996,2544
18901.70693397522,2574
18902.714252471924,2618
18903.71346473694,2634
18904.699325561523,2606
18905.70640563965,2574
18906.705141067505,2594
18907.700300216675,2550
18908.695697784424,2570
18909.685611724854,2522
18910.692930221558,2550
18911.68236732483,2520
18912.649631500244,2526
18913.676261901855,2514
18914.674043655396,2574
18915.669918060303,2546
18916.674375534058,2508
18917.66619682312,2534
18918.662071228027,2538
18919.670820236206,2506
18920.6702709198,2490
18921.654224395752,2510
18922.65248298645,2510
18923.6581325531,2486
18924.65329170227,2514
18925.64344406128,2586
18926.60427093506,2574
18927.639961242676,2582
18928.635120391846,2554
18929.632425308228,2516
18930.631399154663,2538
18931.62703514099,2546
18932.624578475952,2514
18933.622360229492,2488
18934.58890914917,2512
18935.633182525635,2490
18936.617136001587,2482
18937.61110305786,2518
18938.609838485718,2510
18939.606189727783,2522
18940.603971481323,2458
18941.60032272339,2490
18944.332361221313,2526
18944.332361221313,2502
18944.332361221313,2502
18945.409059524536,2488
18946.84863090515,2500
18947.353839874268,2518
18948.354959487915,2550
18949.352502822876,2518
18950.350284576416,2526
18951.34735107422,2526
18952.344179153442,2588
18953.341722488403,2514
18954.338788986206,2554
18955.336332321167,2550
18956.332445144653,2584
18957.329511642456,2514
18958.327531814575,2542
18959.324836730957,2550
18960.349798202515,2550
18961.347103118896,2570
18962.344884872437,2540
18963.342428207397,2506
18964.339017868042,2518
18965.336561203003,2502
18966.333627700806,2508
18967.331886291504,2494
18968.32847595215,2508
18969.298124313354,2490
18970.294952392578,2456
18971.29249572754,2522
18972.28956222534,2546
18973.315238952637,2538
18974.284887313843,2502
18975.28314590454,2554
18976.309537887573,2572
18977.309465408325,2576
18978.301525115967,2542
18979.299306869507,2522
18980.29637336731,2520
18981.29391670227,2506
18982.290983200073,2498
18983.289003372192,2526
18984.294891357422,2536
18985.256910324097,2544
18986.28067970276,2540
18987.27774620056,2522
18988.275051116943,2514
18989.272832870483,2510
18990.270137786865,2492
18991.267442703247,2490
18992.267370224,2514
18993.26252937317,2478
18994.25983428955,2474
18995.256423950195,2514
18996.253728866577,2518
18997.25103378296,2550
18998.249053955078,2546
18999.245643615723,2538
19000.24652481079,2600
19001.240491867065,2578
19002.237558364868,2554
19003.23486328125,2544
19004.23264503479,2534
19005.229949951172,2510
19006.22797012329,2468
19007.224559783936,2520
19008.224487304688,2538
19009.2191696167,2540
19010.189056396484,2502
19011.185884475708,2554
19012.18318939209,2578
19013.180255889893,2570
19014.178037643433,2550
19015.175104141235,2522
19016.172409057617,2538
19017.169713974,2518
19018.16725730896,2462
19019.164323806763,2484
19020.164012908936,2506
19021.16107940674,2536
19022.15838432312,2490
19023.15616607666,2490
19024.15370941162,2526
19025.150537490845,2514
19026.148080825806,2546
19027.145385742188,2526
19028.14269065857,2550
19029.13999557495,2552
19030.137300491333,2522
19031.134605407715,2494
19032.132148742676,2522
19033.129453659058,2554
19034.12652015686,2534
19035.123825073242,2510
19036.12208366394,2508
19037.119388580322,2502
19038.116216659546,2522
19039.113521575928,2514
19040.111303329468,2570
19041.10813140869,2550
19042.105436325073,2504
19043.102979660034,2508
19044.100046157837,2494
19045.097589492798,2598
19046.0946559906,2598
19047.09219932556,2514
19048.089265823364,2492
19049.086570739746,2476
19051.079511642456,2534
19052.077293395996,2554
19053.07412147522,2534
19054.071187973022,2514
19055.068492889404,2494
19056.066036224365,2534
19057.063102722168,2558
19058.06040763855,2606
19059.05771255493,2574
19060.055255889893,2478
19061.052560806274,2478
19062.049627304077,2494
19063.047170639038,2494
19064.044713974,2514
19065.0417804718,2514
19066.039323806763,2514
19067.036628723145,2542
19068.033695220947,2578
19069.03100013733,2598
19070.02854347229,2618
19071.025848388672,2600
19072.023153305054,2586
19073.020458221436,2580
19074.018001556396,2590
19075.01530647278,2542
19076.01237297058,2490
19077.009916305542,2486
19078.007221221924,2502
19079.004526138306,2502
19080.001831054688,2526
19080.99913597107,2538
19081.99977874756,2546
19082.996606826782,2526
19083.993434906006,2484
19084.991455078125,2490
19085.98828315735,2422
19086.98534965515,2446
19087.982654571533,2394
19088.980436325073,2422
19089.977502822876,2454
19090.97456932068,2444
19091.97187423706,2426
19092.96941757202,2470
19093.966722488403,2494
19094.963788986206,2538
19095.961570739746,2586
19096.95863723755,2574
19097.954273223877,2514
19098.9511013031,2478
19099.948406219482,2498
19100.945711135864,2512
19101.943254470825,2526
19102.940559387207,2486
19103.93762588501,2452
19104.93516921997,2456
19105.932474136353,2518
19106.929779052734,2518
19107.927083969116,2574
19108.924627304077,2542
19109.92169380188,2524
19110.91899871826,2520
19111.916542053223,2558
19112.91551589966,2586
19113.9395236969,2522
19114.910125732422,2482
19115.9348487854,2458
19116.931915283203,2510
19117.928743362427,2518
19118.929147720337,2538
19119.930267333984,2522
19120.92137336731,2602
19121.922254562378,2552
19122.915506362915,2542
19123.912572860718,2532
19124.91011619568,2522
19125.90765953064,2522
19126.912355422974,2542
19127.876043319702,2506
19128.873109817505,2544
19129.870414733887,2510
19130.86748123169,2526
19131.86502456665,2526
19132.862329483032,2538
19133.859634399414,2490
19134.857177734375,2478
19135.854482650757,2514
19136.85178756714,2546
19137.84885406494,2522
19138.846397399902,2526
19139.843702316284,2490
19140.840768814087,2494
19141.838550567627,2506
19142.83561706543,2526
19143.83316040039,2540
19144.83094215393,2542
19145.828008651733,2512
19146.825075149536,2498
19147.822380065918,2508
19148.81992340088,2492
19149.81722831726,2518
19150.814294815063,2512
19151.811838150024,2524
19152.808904647827,2518
19153.806447982788,2512
19154.80351448059,2522
19155.79915046692,2502
19156.7964553833,2486
19157.793760299683,2482
19158.791065216064,2514
19159.791469573975,2514
19160.7882976532,2450
19161.78584098816,2450
19162.782907485962,2492
19163.780212402344,2534
19164.777278900146,2514
19165.774822235107,2482
19166.769981384277,2542
19167.76728630066,2554
19168.76459121704,2526
19169.761657714844,2522
19170.758962631226,2480
19171.756505966187,2494
19172.75381088257,2490
19173.75111579895,2502
19174.77822303772,2540
19175.776958465576,2542
19176.772832870483,2518
19177.741050720215,2510
19178.73787879944,2546
19179.7354221344,2622
19180.732488632202,2574
19181.730031967163,2532
19182.727098464966,2524
19183.724403381348,2518
19184.72170829773,2474
19185.71925163269,2470
19186.716556549072,2500
19187.713623046875,2510
19188.711166381836,2488
19189.708709716797,2520
19190.7057762146,2538
19191.70308113098,2558
19192.700624465942,2550
19193.697929382324,2506
19194.694995880127,2524
19195.692539215088,2536
19196.68960571289,2520
19197.68714904785,2500
19198.684215545654,2486
19199.681997299194,2482
19200.679063796997,2518
19201.676607131958,2526
19202.67391204834,2594
19203.670978546143,2576
19204.668283462524,2550
19205.665588378906,2510
19206.662893295288,2492
19207.66019821167,2504
19208.65750312805,2480
19209.65528488159,2514
19210.652589797974,2522
19211.649656295776,2504
19212.64672279358,2498
19213.64426612854,2486
19214.641571044922,2512
19215.638875961304,2554
19216.636419296265,2574
19217.63586997986,2548
19218.63079071045,2488
19219.62809562683,2486
19220.625638961792,2526
19221.623182296753,2518
19222.620487213135,2486
19223.617792129517,2514
19224.6150970459,2520
19225.61264038086,2514
19226.609468460083,2524
19227.607250213623,2546
19228.604316711426,2542
19229.601860046387,2554
19230.59916496277,2518
19231.59646987915,2520
19232.59401321411,2534
19233.591079711914,2552
19234.588623046875,2526
19235.585689544678,2500
19236.58299446106,2538
19237.58053779602,2534
19238.577604293823,2508
19239.574909210205,2518
19240.572214126587,2554
19241.569757461548,2542
19242.56682395935,2456
19243.564128875732,2472
19244.561433792114,2518
19245.558977127075,2526
19246.556282043457,2502
19247.55334854126,2494
19248.55089187622,2542
19249.548196792603,2494
19250.545501708984,2460
19251.54399871826,2470
19252.56896018982,2554
19253.566026687622,2574
19254.562854766846,2502
19255.561113357544,2454
19256.558179855347,2522
19257.55548477173,2554
19258.55302810669,2526
19259.549617767334,2494
19260.547161102295,2542
19261.54923439026,2576
19262.542247772217,2512
19263.53931427002,2520
19264.53685760498,2550
19265.53440093994,2538
19266.50309562683,2502
19267.500400543213,2478
19268.497467041016,2510
19269.495010375977,2526
19270.49231529236,2502
19271.48962020874,2522
19272.486686706543,2570
19273.484230041504,2546
19274.481534957886,2522
19275.47860145569,2512
19276.47638320923,2522
19277.47344970703,2544
19278.470754623413,2546
19279.468059539795,2502
19280.465602874756,2542
19281.462907791138,2534
19282.46021270752,2576
19283.45775604248,2574
19284.455060958862,2586
19285.452365875244,2586
19286.449909210205,2582
19287.446975708008,2538
19288.44428062439,2502
19289.44158554077,2510
19290.439128875732,2514
19291.436195373535,2458
19292.433738708496,2398
19293.431282043457,2394
19294.42858695984,2420
19295.42565345764,2430
19296.422958374023,2458
19297.420263290405,2426
19298.417568206787,2418
19299.41487312317,2442
19300.41265487671,2428
19301.40972137451,2474
19302.407026290894,2486
19303.404092788696,2460
19304.401636123657,2394
19305.39894104004,2418
19306.396484375,2518
19307.39402770996,2578
19308.390855789185,2518
19309.388399124146,2514
19310.385704040527,2522
19311.38300895691,2586
19312.38031387329,2584
19313.379287719727,2578
19314.37611579895,2520
19315.399885177612,2534
19316.397190093994,2516
19317.394495010376,2480
19318.391799926758,2502
19319.393157958984,2524
19320.3866481781,2522
19321.3849067688,2502
19322.381258010864,2514
19323.378562927246,2534
19324.37562942505,2514
19325.37531852722,2486
19326.37095451355,2518
19327.370405197144,2522
19328.364849090576,2486
19329.36406135559,2454
19330.35945892334,2502
19331.357717514038,2546
19332.354307174683,2510
19333.351850509644,2486
19334.32173728943,2506
19335.3488445282,2576
19336.34376525879,2582
19337.34154701233,2558
19338.338613510132,2538
19339.335918426514,2544
19340.333461761475,2510
19341.330528259277,2502
19342.328548431396,2522
19343.331575393677,2526
19346.261501312256,2552
19346.261501312256,2550
19346.261501312256,2550
19347.789764404297,2576
19348.38080406189,2522
19349.793672561646,2516
19350.792407989502,2550
19351.789474487305,2582
19352.814197540283,2570
19353.816747665405,2540
19354.812383651733,2576
19355.77893257141,2602
19356.776237487793,2586
19357.773542404175,2574
19358.771324157715,2576
19359.768390655518,2550
19360.76593399048,2582
19361.76300048828,2598
19362.76125907898,2538
19363.757848739624,2522
19364.755153656006,2514
19365.752458572388,2534
19366.74952507019,2582
19367.74706840515,2572
19368.744373321533,2542
19369.741678237915,2510
19370.738983154297,2534
19371.73628807068,2502
19372.73359298706,2450
19373.730897903442,2478
19374.728441238403,2462
19375.725746154785,2442
19376.723289489746,2416
19377.72035598755,2398
19378.71766090393,2462
19379.714965820312,2450
19380.712270736694,2502
19381.709337234497,2540
19382.707118988037,2542
19383.70418548584,2514
19384.70149040222,2506
19385.699033737183,2518
19386.696338653564,2518
19387.693643569946,2506
19388.69071006775,2474
19389.68849182129,2490
19390.68555831909,2490
19391.682863235474,2548
19392.680644989014,2550
19393.677711486816,2546
19394.6750164032,2494
19395.67232131958,2494
19396.669626235962,2498
19397.666931152344,2526
19398.664236068726,2520
19399.661540985107,2508
19400.65884590149,2472
19401.65638923645,2456
19402.653694152832,2454
19403.650999069214,2470
19404.648303985596,2492
19405.645608901978,2534
19406.64315223694,2520
19407.64021873474,2542
19408.63800048828,2534
19409.637212753296,2534
19410.664558410645,2558
19411.65828704834,2542
19412.65559196472,2516
19413.652658462524,2472
19414.650678634644,2504
19415.64989089966,2504
19416.645526885986,2554
19417.64235496521,2526
19418.6429977417,2482
19419.636964797974,2482
19420.634508132935,2526
19421.63133621216,2538
19422.62864112854,2520
19423.598527908325,2526
19424.595594406128,2546
19425.594091415405,2514
19426.591396331787,2506
19427.61540412903,2486
19428.614854812622,2550
19429.611206054688,2542
19430.607795715332,2516
19431.607007980347,2508
19432.601928710938,2546
19433.599948883057,2578
19434.600591659546,2512
19435.5947971344,2546
19436.591863632202,2550
19437.588691711426,2582
19438.586235046387,2522
19439.58592414856,2542
19440.58132171631,2574
19441.577911376953,2586
19442.5790309906,2538
19443.57681274414,2510
19444.570064544678,2540
19445.56736946106,2542
19446.56467437744,2548
19447.564840316772,2550
19448.564291000366,2550
19449.556827545166,2512
19450.557947158813,2510
19451.55143737793,2514
19452.556371688843,2522
19453.546047210693,2544
19454.517602920532,2556
19455.543518066406,2542
19456.53796195984,2554
19457.53526687622,2514
19458.536624908447,2514
19459.503173828125,2542
19460.527420043945,2524
19461.524724960327,2482
19462.522268295288,2486
19463.523387908936,2512
19464.517831802368,2522
19465.514183044434,2534
19466.515064239502,2544
19467.509269714355,2578
19468.506813049316,2526
19469.50364112854,2474
19470.47448158264,2518
19471.500635147095,2546
19472.495555877686,2520
19473.49715232849,2486
19474.493741989136,2468
19475.48747062683,2490
19476.485013961792,2494
19477.481842041016,2558
19478.479385375977,2586
19479.479789733887,2572
19480.474710464478,2526
19481.472730636597,2526
19482.47265815735,2526
19483.466863632202,2540
19484.43841934204,2490
19485.432863235474,2450
19486.461639404297,2470
19487.457990646362,2474
19488.457441329956,2494
19489.449977874756,2506
19490.451097488403,2506
19491.44458770752,2504
19492.4418926239,2518
19493.439435958862,2542
19494.441270828247,2524
19495.436191558838,2490
19496.432065963745,2486
19497.429132461548,2456
19498.429775238037,2474
19499.42374229431,2494
19500.420808792114,2490
19501.418352127075,2518
19502.41732597351,2554
19503.41486930847,2576
19504.414081573486,2560
19505.407571792603,2574
19506.40869140625,2550
19507.401943206787,2486
19508.399724960327,2494
19509.371280670166,2514
19510.39409637451,2536
19511.392831802368,2520
19512.388229370117,2470
19513.385772705078,2490
19514.386415481567,2510
19515.38038253784,2502
19516.3791179657,2526
19517.37952232361,2530
19518.37158203125,2554
19519.371509552002,2556
19520.366191864014,2522
19521.363019943237,2514
19522.33386039734,2486
19523.33092689514,2510
19524.327993392944,2500
19525.325536727905,2558
19526.322841644287,2602
19527.31990814209,2570
19528.31768989563,2538
19529.314756393433,2556
19530.312061309814,2558
19531.309366226196,2554
19532.307147979736,2536
19533.30397605896,2554
19534.313440322876,2582
19535.298585891724,2534
19536.296129226685,2518
19537.293434143066,2544
19538.29073905945,2536
19539.28828239441,2518
19540.28558731079,2502
19541.282653808594,2510
19542.279958724976,2506
19543.277502059937,2486
19544.27480697632,2526
19545.27187347412,2526
19546.269416809082,2478
19547.266960144043,2502
19548.264026641846,2502
19549.261569976807,2534
19550.25887489319,2582
19551.25594139099,2550
19552.253246307373,2480
19553.250789642334,2476
19554.248094558716,2510
19555.245399475098,2574
19556.2424659729,2546
19557.24000930786,2576
19558.237314224243,2538
19559.234619140625,2526
19560.232162475586,2536
19563.058614730835,2580
19563.058614730835,2522
19564.063549041748,2512
19565.062284469604,2510
19566.067695617676,2486
19567.066192626953,2472
19568.063974380493,2462
19569.061040878296,2478
19570.058345794678,2486
19571.05541229248,2468
19572.05295562744,2478
19573.050260543823,2502
19574.047565460205,2522
19575.044631958008,2542
19576.042413711548,2558
19577.03971862793,2582
19578.03750038147,2502
19579.034328460693,2522
19580.031633377075,2526
19581.028699874878,2526
19582.026481628418,2534
19583.0237865448,2526
19584.02109146118,2526
19585.018157958984,2522
19586.015701293945,2540
19587.012767791748,2554
19588.01031112671,2570
19589.00785446167,2560
19590.00515937805,2556
19591.002225875854,2516
19591.999530792236,2462
19592.997074127197,2514
19594.008207321167,2526
19594.993591308594,2476
19595.991134643555,2424
19596.988201141357,2444
19597.98574447632,2494
19598.98328781128,2510
19599.980115890503,2558
19600.980043411255,2546
19601.974725723267,2526
19602.97203063965,2488
19603.96933555603,2550
19604.96687889099,2578
19605.964183807373,2554
19606.961250305176,2542
19607.958555221558,2506
19608.956813812256,2550
19609.95388031006,2518
19610.950708389282,2546
19611.948251724243,2570
19612.945795059204,2578
19613.942861557007,2574
19614.940404891968,2546
19615.93770980835,2538
19616.93501472473,2546
19617.932319641113,2486
19618.930101394653,2510
19619.926929473877,2518
19620.92423439026,2510
19621.92177772522,2476
19622.918844223022,2514
19623.917818069458,2520
19624.922513961792,2556
19625.911474227905,2498
19626.908540725708,2502
19627.92444229126,2518
19628.92246246338,2534
19629.900455474854,2542
19630.897521972656,2526
19631.895065307617,2546
19632.892370224,2532
19633.88991355896,2510
19634.886741638184,2522
19635.884284973145,2546
19636.881589889526,2558
19637.879133224487,2542
19638.87643814087,2482
19639.87398147583,2544
19640.870809555054,2572
19641.868114471436,2548
19642.865657806396,2558
19643.863201141357,2574
19644.86026763916,2510
19645.857334136963,2522
19646.854877471924,2546
19647.852182388306,2598
19648.849487304688,2542
19649.84703063965,2518
19650.842428207397,2482
19651.83973312378,2518
19652.83703804016,2554
19653.839588165283,2512
19654.831647872925,2514
19655.829191207886,2520
19656.826496124268,2522
19657.82356262207,2514
19658.82110595703,2550
19659.818410873413,2542
19660.815477371216,2522
19661.812782287598,2494
19662.81008720398,2506
19663.80739212036,2518
19664.804697036743,2534
19665.802240371704,2510
19666.799545288086,2514
19667.796850204468,2554
19668.79415512085,2586
19669.79169845581,2570
19670.78924179077,2582
19671.81444168091,2554
19672.812461853027,2546
19673.81000518799,2548
19674.806356430054,2516
19675.803422927856,2500
19676.801204681396,2510
19677.7982711792,2528
19678.79557609558,2486
19679.7935962677,2522
19680.789947509766,2526
19681.787252426147,2508
19682.786226272583,2498
19683.781623840332,2538
19684.751749038696,2570
19685.750722885132,2528
19686.748027801514,2462
19687.745094299316,2446
19688.742637634277,2474
19689.74018096924,2452
19690.73748588562,2450
19691.734552383423,2480
19692.732334136963,2456
19693.729400634766,2502
19694.726943969727,2534
19695.72424888611,2542
19696.72131538391,2578
19697.718620300293,2574
19698.716163635254,2554
19699.713706970215,2510
19700.710773468018,2534
19701.709032058716,2572
19702.73184776306,2540
19703.730821609497,2490
19704.729557037354,2502
19705.724477767944,2518
19706.72345161438,2514
19707.720279693604,2538
19708.71663093567,2554
19709.68532562256,2574
19710.71195602417,2512
19711.714267730713,2502
19712.706327438354,2506
19713.703393936157,2498
19714.70284461975,2518
19715.69776535034,2506
19716.69626235962,2468
19717.665672302246,2518
19718.689680099487,2536
19719.68722343445,2512
19720.68476676941,2534
19721.686601638794,2598
19722.681522369385,2576
19723.676919937134,2514
19724.674224853516,2492
19725.672960281372,2518
19726.63974761963,2490
19727.66613960266,2494
19728.663206100464,2512
19729.660511016846,2510
19730.66020011902,2506
19731.655836105347,2514
19732.65266418457,2534
19733.651161193848,2542
19734.620571136475,2540
19735.644102096558,2516
19736.64164543152,2486
19737.643241882324,2506
19738.638162612915,2570
19739.633560180664,2554
19740.631103515625,2538
19741.629600524902,2510
19742.62571334839,2526
19743.594646453857,2538
19744.61269378662,2550
19745.617389678955,2554
19746.61660194397,2542
19747.61199951172,2468
19748.6093044281,2490
19749.608516693115,2508
19750.60796737671,2486
19751.601457595825,2500
19752.599000930786,2550
19753.596305847168,2508
19754.59575653076,2482
19755.59115409851,2486
19756.588220596313,2484
19757.58719444275,2490
19758.583068847656,2506
19759.580850601196,2474
19760.582208633423,2442
19761.5749835968,2430
19762.65811920166,2488
19763.16213607788,2518
19764.161825180054,2502
19765.187740325928,2522
19766.18480682373,2518
19767.182111740112,2554
19768.179655075073,2546
19769.177198410034,2576
19770.174264907837,2554
19771.17156982422,2506
19772.17125892639,2526
19773.16641807556,2524
19774.163484573364,2570
19775.160789489746,2618
19776.159048080444,2614
19778.124570846558,2598
19778.124570846558,2608
19779.150009155273,2614
19780.150175094604,2586
19781.145572662354,2558
19782.142877578735,2558
19783.139944076538,2550
19784.137725830078,2538
19785.13479232788,2502
19786.1328125,2526
19787.129163742065,2534
19788.12885284424,2554
19789.124727249146,2544
19790.12107849121,2572
19791.123867034912,2582
19792.115926742554,2576
19793.113231658936,2542
19794.110774993896,2522
19795.10736465454,2502
19796.107053756714,2446
19797.10292816162,2424
19798.099517822266,2446
19799.097061157227,2462
19801.064491271973,2466
19801.064491271973,2470
19802.088737487793,2456
19803.086042404175,2478
19804.086208343506,2430
19805.08065223694,2444
19806.07843399048,2452
19807.07550048828,2458
19808.073043823242,2448
19809.070587158203,2430
19811.036586761475,2500
19812.033653259277,2554
19813.03095817566,2542
19814.02826309204,2486
19815.025568008423,2516
19816.022872924805,2582
19817.020416259766,2588
19818.017721176147,2572
19819.01502609253,2570
19820.012092590332,2578
19821.009635925293,2614
19822.006940841675,2554
19823.004245758057,2606
19824.001789093018,2638
19824.9990940094,2590
19825.99949836731,2518
19826.996326446533,2526
19827.993154525757,2510
19828.990697860718,2490
19829.98776435852,2474
19830.98530769348,2478
19831.982851028442,2502
19832.980155944824,2578
19833.977460861206,2494
19834.974765777588,2490
19835.97207069397,2512
19836.96937561035,2526
19837.966680526733,2462
19838.964462280273,2482
19839.961767196655,2534
19840.959310531616,2538
19841.95637702942,2556
19842.95415878296,2546
19843.950986862183,2546
19844.948291778564,2558
19845.945835113525,2550
19846.942901611328,2538
19847.94044494629,2576
19848.93822669983,2614
19849.935054779053,2634
19850.932359695435,2542
19851.929664611816,2520
19852.927446365356,2514
19853.92427444458,2526
19854.921340942383,2502
19855.918884277344,2456
19856.917142868042,2380
19857.648372650146,2392
19858.70885848999,2430
19859.657526016235,2472
19860.671043395996,2534
19861.67287826538,2556
19862.670183181763,2576
19863.667488098145,2638
19864.665031433105,2698
19865.66209793091,2702
19866.65940284729,2666
19867.65718460083,2596
19868.654251098633,2584
19869.651556015015,2522
19870.648860931396,2506
19871.646404266357,2474
19872.641563415527,2518
19873.63862991333,2462
19874.635696411133,2430
19875.633239746094,2406
19876.630306243896,2422
19877.627849578857,2488
19878.62515449524,2510
19879.622220993042,2522
19880.619764328003,2510
19881.617307662964,2522
19882.614374160767,2510
19883.61167907715,2570
19884.60922241211,2580
19885.606288909912,2614
19886.603593826294,2606
19887.604475021362,2606
19888.601064682007,2638
19889.59813117981,2602
19890.59543609619,2584
19891.592741012573,2534
19892.590284347534,2482
19893.587589263916,2426
19894.585132598877,2418
19895.58219909668,2454
19896.57950401306,2430
19897.576808929443,2478
19898.573875427246,2454
19899.571657180786,2454
19900.568962097168,2482
19901.56602859497,2482
19902.56428718567,2518
19903.561115264893,2484
19904.558420181274,2474
19905.55500984192,2414
19906.550645828247,2450
19907.54771232605,2506
19908.54501724243,2542
19909.542322158813,2502
19910.539627075195,2526
19911.536693572998,2522
19912.53423690796,2544
19913.53178024292,2522
19914.528846740723,2538
19915.526390075684,2536
19916.523456573486,2534
19917.556047439575,2536
19918.545722961426,2518
19919.543981552124,2548
19920.54057121277,2582
19921.53787612915,2584
19922.53565788269,2574
19923.532485961914,2576
19924.529790878296,2594
19925.527095794678,2638
19926.524877548218,2610
19927.522659301758,2598
19928.519248962402,2570
19929.516792297363,2586
19930.514574050903,2554
19931.511402130127,2578
19932.5110912323,2622
19933.50625038147,2650
19934.476852416992,2640
19935.501098632812,2634
19936.497688293457,2614
19937.495708465576,2614
19938.493013381958,2590
19939.49055671692,2558
19940.4878616333,2546
19941.484928131104,2510
19942.481994628906,2450
19943.480014801025,2442
19944.47684288025,2478
19945.47414779663,2474
19946.471452713013,2450
19947.468519210815,2376
19948.47059249878,2362
19949.43594932556,2350
19950.433015823364,2358
19951.430320739746,2406
19952.427625656128,2450
19953.42469215393,2480
19954.42223548889,2474
19955.419540405273,2558
19956.416606903076,2662
19957.414388656616,2654
19958.41145515442,2608
19959.4247341156,2548
19960.406064987183,2522
19961.403608322144,2514
19962.400913238525,2512
19963.398218154907,2522
19964.396238327026,2512
19965.39306640625,2514
19966.390132904053,2534
19967.387437820435,2512
19968.384981155396,2552
19969.382286071777,2602
19970.37959098816,2610
19971.37689590454,2608
19972.374439239502,2572
19973.371505737305,2554
19974.368810653687,2554
19975.366353988647,2570
19976.36342048645,2526
19977.360725402832,2432
19978.358268737793,2398
19979.356050491333,2486
19980.352878570557,2542
19981.35018348694,2544
19982.3477268219,2598
19983.34503173828,2576
19984.34591293335,2578
19985.339641571045,2578
19986.336946487427,2510
19987.33425140381,2458
19988.33131790161,2386
19989.328861236572,2296
19990.326166152954,2286
19991.323471069336,2258
19992.321014404297,2302
19993.31831932068,2350
19994.330406188965,2358
19995.312929153442,2354
19996.310234069824,2342
19997.307538986206,2378
19998.304843902588,2462
19999.30238723755,2590
20000.29969215393,2666
20001.296758651733,2670
20002.294063568115,2686
20003.291606903076,2682
20004.288911819458,2702
20005.28621673584,2706
20006.28352165222,2698
20007.280826568604,2584
20008.278131484985,2590
20009.300470352173,2600
20010.27536392212,2556
20011.272430419922,2512
20012.269496917725,2502
20013.266801834106,2490
20014.26386833191,2418
20015.26141166687,2446
20016.258716583252,2452
20017.256021499634,2518
20018.253564834595,2530
20019.250869750977,2518
20020.24793624878,2492
20021.24547958374,2522
20022.242784500122,2502
20023.240089416504,2504
20024.237155914307,2532
20025.235176086426,2578
20026.25823020935,2508
20027.255535125732,2494
20028.253078460693,2506
20029.250144958496,2578
20030.2472114563,2544
20031.245470046997,2504
20032.24205970764,2508
20033.23984146118,2502
20034.23833847046,2518
20035.233974456787,2454
20036.23127937317,2546
20037.229299545288,2550
20038.22636604309,2542
20039.22390937805,2524
20040.220975875854,2526
20041.21994972229,2554
20042.215585708618,2586
20043.213605880737,2594
20044.214010238647,2538
20045.207738876343,2556
20046.205043792725,2538
20047.203063964844,2568
20048.199892044067,2544
20049.19695854187,2578
20050.19450187683,2576
20051.165103912354,2542
20052.189111709595,2532
20053.186178207397,2518
20054.183959960938,2552
20055.181980133057,2574
20056.179523468018,2526
20057.181119918823,2488
20058.173179626465,2490
20059.17000770569,2542
20060.16731262207,2502
20061.164617538452,2526
20062.161922454834,2582
20063.159942626953,2550
20064.1610622406,2546
20065.15383720398,2576
20066.15161895752,2598
20067.14916229248,2526
20068.1471824646,2506
20069.143772125244,2518
20070.141315460205,2502
20072.108268737793,2500
20072.108268737793,2502
20073.105335235596,2494
20074.13077354431,2506
20076.099157333374,2516
20076.099157333374,2558
20077.123165130615,2570
20078.09352874756,2604
20080.11531829834,2608
20081.11262321472,2574
20081.11262321472,2550
20083.107709884644,2522
20084.104776382446,2518
20085.073232650757,2526
20086.10486984253,2506
20087.06831932068,2460
20088.06538581848,2444
20089.09249305725,2430
20090.092182159424,2486
20091.087579727173,2490
20092.087984085083,2484
20093.08362007141,2486
20094.08187866211,2494
20095.078229904175,2488
20096.0750579834,2534
20097.075700759888,2518
20098.07014465332,2522
20099.066972732544,2510
20100.064754486084,2538
20101.033210754395,2540
20102.059602737427,2554
20103.057384490967,2548
20104.05445098877,2600
20105.05175590515,2576
20106.048822402954,2538
20107.046365737915,2548
20108.046770095825,2558
20109.0407371521,2580
20110.040426254272,2532
20111.03653907776,2514
20112.035036087036,2488
20113.0313873291,2474
20114.03799057007,2462
20115.03314971924,2504
20116.035223007202,2506
20116.9912815094,2482
20117.989778518677,2466
20118.985891342163,2490
20120.012760162354,2504
20121.00386619568,2482
20122.002840042114,2482
20123.00395965576,2524
20124.000310897827,2514
20124.998092651367,2522
20125.99539756775,2466
20126.99294090271,2550
20127.99048423767,2602
20128.987312316895,2516
20129.984617233276,2450
20130.9814453125,2480
20131.97922706604,2538
20132.976293563843,2550
20133.975982666016,2572
20134.971857070923,2540
20135.97297668457,2538
20136.96575164795,2518
20137.96377182007,2524
20138.96083831787,2518
20139.957904815674,2522
20140.955686569214,2494
20141.957759857178,2462
20142.921209335327,2466
20143.94783973694,2494
20144.94562149048,2472
20145.942449569702,2502
20146.944761276245,2470
20147.90916442871,2510
20148.90694618225,2510
20149.94239807129,2544
20150.935649871826,2522
20151.925802230835,2534
20152.923107147217,2514
20153.920650482178,2462
20154.91771697998,2426
20155.91549873352,2446
20156.912326812744,2500
20157.909631729126,2478
20158.907413482666,2506
20159.905195236206,2518
20160.90178489685,2542
20161.899089813232,2550
20162.86563873291,2542
20163.862705230713,2516
20164.859771728516,2528
20165.857076644897,2514
20166.85461997986,2490
20167.85168647766,2524
20168.849229812622,2502
20169.846773147583,2498
20170.843839645386,2494
20171.841144561768,2454
20172.83844947815,2526
20173.83575439453,2542
20174.833297729492,2608
20175.830364227295,2590
20176.827907562256,2610
20177.825450897217,2584
20178.82251739502,2578
20179.8198223114,2538
20180.817365646362,2534
20181.814670562744,2538
20182.811737060547,2546
20183.809280395508,2542
20184.80658531189,2514
20185.80389022827,2542
20186.801195144653,2594
20187.798738479614,2594
20188.795804977417,2526
20189.7931098938,2550
20190.79065322876,2534
20191.787719726562,2510
20192.785263061523,2480
20193.78685951233,2508
20194.783210754395,2506
20195.780277252197,2482
20196.77758216858,2462
20197.77488708496,2492
20198.772430419922,2522
20199.769973754883,2542
20200.767278671265,2572
20201.764583587646,2526
20202.76165008545,2514
20203.75895500183,2488
20204.756021499634,2502
20205.753564834595,2510
20206.750869750977,2544
20207.74817466736,2506
20208.7459564209,2506
20209.74111557007,2522
20210.737943649292,2576
20211.76528930664,2552
20212.764263153076,2582
20213.76085281372,2578
20214.75911140442,2546
20215.755224227905,2506
20216.753244400024,2526
20217.721223831177,2554
20218.748807907104,2534
20219.7482585907,2522
20220.743656158447,2518
20221.739768981934,2534
20222.737789154053,2522
20223.73604774475,2578
20224.700450897217,2582
20225.69727897644,2534
20226.6948223114,2494
20227.692127227783,2450
20228.689193725586,2450
20229.686737060547,2492
20230.68404197693,2528
20231.68110847473,2500
20232.678651809692,2506
20233.675956726074,2506
20234.673261642456,2458
20235.670566558838,2490
20236.6681098938,2534
20237.6651763916,2508
20238.662481307983,2446
20239.69078063965,2462
20240.68832397461,2478
20241.68586730957,2480
20242.652654647827,2522
20243.683099746704,2546
20244.683265686035,2542
20245.67484855652,2522
20246.672868728638,2518
20247.66969680786,2514
20248.667001724243,2534
20249.664306640625,2526
20250.661849975586,2510
20251.661777496338,2490
20252.65645980835,2470
20253.655910491943,2488
20254.65178489685,2558
20255.64932823181,2558
20256.645679473877,2538
20257.643222808838,2526
20258.6407661438,2540
20259.637594223022,2602
20260.635137557983,2610
20261.632919311523,2586
20262.630224227905,2538
20263.62681388855,2546
20264.62483406067,2486
20265.62190055847,2502
20266.618967056274,2512
20267.616748809814,2586
20268.613815307617,2570
20269.611120224,2542
20270.609140396118,2536
20271.605730056763,2578
20272.603034973145,2554
20273.600578308105,2534
20274.598598480225,2510
20275.59518814087,2506
20276.592254638672,2502
20277.589797973633,2478
20278.587579727173,2490
20279.584169387817,2542
20280.58171272278,2556
20281.57925605774,2526
20282.57656097412,2506
20283.573865890503,2520
20284.570932388306,2560
20285.568475723267,2526
20286.535024642944,2550
20287.532329559326,2526
20288.559913635254,2538
20289.559364318848,2486
20290.52448272705,2514
20291.521310806274,2526
20292.518854141235,2526
20293.51568222046,2514
20294.51322555542,2522
20295.51076889038,2550
20296.507835388184,2580
20297.505140304565,2574
20298.502445220947,2526
20299.49998855591,2506
20302.181720733643,2478
20302.496433258057,2498
20302.496433258057,2510
20304.004430770874,2510
20304.58354949951,2482
20306.028366088867,2468
20307.032346725464,2502
20308.029651641846,2534
20309.02671813965,2532
20310.02378463745,2558
20311.02180480957,2536
20312.018632888794,2514
20313.015699386597,2538
20314.013242721558,2558
20315.01054763794,2550
20316.0080909729,2512
20317.037105560303,2514
20318.03250312805,2482
20319.029331207275,2558
20320.039749145508,2538
20321.038961410522,2534
20322.02410697937,2550
20323.025941848755,2580
20324.03016090393,2554
20325.015783309937,2542
20326.02095603943,2558
20327.0161151886,2602
20328.006267547607,2608
20329.005479812622,2574
20330.007791519165,2518
20330.997228622437,2538
20331.99453353882,2522
20332.99446105957,2506
20333.989143371582,2518
20334.986925125122,2518
20335.983991622925,2514
20336.981058120728,2502
20337.98098564148,2494
20338.979482650757,2510
20339.974641799927,2522
20340.973377227783,2548
20341.941595077515,2576
20342.93484687805,2578
20343.93548965454,2554
20344.9604511261,2538
20345.96014022827,2538
20346.954584121704,2538
20347.92399406433,2514
20348.952054977417,2488
20349.947452545166,2538
20350.94380378723,2572
20351.945161819458,2574
20352.941036224365,2578
20353.941917419434,2550
20354.94041442871,2516
20355.94654083252,2490
20356.94408416748,2518
20357.924699783325,2526
20358.922481536865,2506
20359.919786453247,2478
20360.917329788208,2430
20361.91749572754,2446
20362.884044647217,2482
20363.880157470703,2570
20364.877223968506,2648
20365.874528884888,2582
20366.87183380127,2554
20367.86937713623,2546
20368.86739730835,2588
20369.863748550415,2606
20370.861291885376,2600
20371.858596801758,2534
20372.85590171814,2542
20373.85320663452,2510
20374.850749969482,2534
20375.847816467285,2606
20376.845121383667,2606
20377.842664718628,2542
20378.840684890747,2516
20379.83798980713,2596
20380.834341049194,2590
20381.832122802734,2542
20382.829189300537,2542
20383.82649421692,2512
20384.8237991333,2478
20385.82134246826,2482
20386.818408966064,2482
20387.816429138184,2526
20388.813257217407,2520
20389.81056213379,2514
20390.80762863159,2502
20391.805171966553,2506
20392.802953720093,2510
20393.800020217896,2512
20394.794464111328,2518
20395.79129219055,2526
20396.788597106934,2488
20397.818326950073,2482
20398.816108703613,2486
20399.813413619995,2544
20400.810480117798,2544
20401.81064605713,2510
20402.80532836914,2506
20403.8028717041,2514
20404.802560806274,2538
20405.798196792603,2532
20406.794548034668,2552
20407.79161453247,2546
20408.793210983276,2546
20409.789085388184,2520
20410.753965377808,2494
20411.781311035156,2518
20412.78123855591,2534
20413.77592086792,2546
20414.772987365723,2520
20415.770769119263,2492
20416.76926612854,2550
20417.73533821106,2538
20418.731212615967,2526
20419.727325439453,2554
20420.724630355835,2538
20421.721935272217,2514
20422.719478607178,2514
20423.71654510498,2522
20424.713850021362,2538
20425.71210861206,2538
20426.708936691284,2502
20427.706003189087,2522
20428.70330810547,2490
20429.70037460327,2512
20430.697917938232,2486
20431.695222854614,2550
20432.692289352417,2506
20433.689832687378,2490
20434.68713760376,2512
20435.68444252014,2502
20436.681509017944,2520
20437.679290771484,2578
20438.676357269287,2578
20439.674139022827,2522
20440.672159194946,2512
20441.66874885559,2520
20442.666053771973,2520
20443.663835525513,2508
20444.660425186157,2514
20445.65773010254,2512
20446.65503501892,2482
20447.652578353882,2520
20448.649883270264,2570
20449.647426605225,2502
20450.64425468445,2506
20451.64179801941,2486
20452.63910293579,2516
20453.636407852173,2572
20454.633951187134,2538
20455.631256103516,2506
20456.635236740112,2490
20457.631587982178,2490
20458.628177642822,2520
20459.62357521057,2494
20460.65616607666,2522
20461.650848388672,2542
20462.647914886475,2574
20463.645696640015,2550
20464.64705467224,2514
20465.64269065857,2526
20466.638565063477,2526
20467.6353931427,2522
20468.636751174927,2494
20469.629287719727,2542
20470.62659263611,2572
20471.628189086914,2550
20472.62144088745,2514
20473.621129989624,2574
20474.623680114746,2552
20475.613832473755,2556
20476.613759994507,2584
20477.60796546936,2594
20478.6057472229,2582
20479.602813720703,2590
20480.60369491577,2550
20481.599807739258,2550
20482.59472846985,2556
20483.593702316284,2534
20484.56048965454,2542
20485.555410385132,2588
20486.584901809692,2590
20487.546920776367,2614
20488.54351043701,2582
20489.541053771973,2582
20490.57674407959,2556
20491.570711135864,2510
20492.570400238037,2554
20493.565797805786,2538
20494.564056396484,2514
20495.561122894287,2478
20496.55771255493,2526
20497.557401657104,2518
20498.552560806274,2534
20499.549388885498,2490
20500.54931640625,2498
20501.544952392578,2512
20502.506732940674,2538
20503.503561019897,2512
20504.50038909912,2510
20505.497694015503,2534
20506.494998931885,2534
20507.492542266846,2510
20508.490085601807,2542
20509.48739051819,2538
20510.48445701599,2574
20511.482000350952,2546
20512.479305267334,2522
20513.476610183716,2576
20514.47367668152,2534
20515.47122001648,2554
20516.46852493286,2502
20517.465829849243,2522
20518.49889755249,2534
20519.49644088745,2510
20520.49446105957,2514
20521.493911743164,2502
20522.489547729492,2506
20523.48756790161,2448
20524.486780166626,2424
20525.481939315796,2486
20526.478052139282,2502
20527.478218078613,2492
20528.47695350647,2506
20529.472827911377,2476
20530.47275543213,2484
20531.46529197693,2502
20532.46521949768,2506
20533.424377441406,2526
20534.42072868347,2558
20535.418033599854,2492
20536.415576934814,2504
20537.412643432617,2528
20538.409948349,2526
20539.4070148468,2514
20540.404558181763,2510
20541.402101516724,2518
20542.399406433105,2572
20543.39647293091,2550
20544.39377784729,2570
20546.388864517212,2548
20546.388864517212,2550
20547.385931015015,2544
20548.383951187134,2534
20549.380779266357,2512
20550.37832260132,2502
20551.37538909912,2478
20552.372932434082,2512
20553.370237350464,2514
20554.367303848267,2518
20555.36460876465,2506
20556.36191368103,2550
20557.35945701599,2594
20558.356523513794,2578
20559.354066848755,2606
20560.351610183716,2574
20561.34843826294,2544
20562.3459815979,2522
20563.34352493286,2582
20565.338134765625,2542
20566.335439682007,2542
20567.33274459839,2510
20568.32981109619,2550
20568.32981109619,2554
20570.324420928955,2596
20571.321964263916,2620
20572.31903076172,2584
20573.31657409668,2568
20573.31657409668,2574
20575.311183929443,2536
20575.311183929443,2552
20577.306032180786,2544
20578.303337097168,2510
20578.303337097168,2478
20579.336404800415,2484
20580.336332321167,2554
20581.33101463318,2590
20582.329988479614,2584
20583.32633972168,2580
20584.323406219482,2574
20585.329294204712,2542
20586.318731307983,2544
20587.319135665894,2520
20588.315725326538,2490
20589.314460754395,2506
20590.30795097351,2486
20591.305017471313,2510
20592.305183410645,2500
20593.302488327026,2534
20594.26212310791,2514
20595.257997512817,2534
20596.2553024292,2540
20597.28956222534,2546
20598.286628723145,2502
20599.283933639526,2482
20600.28123855591,2494
20601.24635696411,2486
20602.27608680725,2490
20603.273391723633,2510
20604.273557662964,2514
20605.268716812134,2506
20606.26530647278,2574
20607.26261138916,2582
20608.2603931427,2518
20610.2192401886,2488
20611.21654510498,2512
20612.213850021362,2558
20612.213850021362,2540
20614.20726776123,2546
20615.20481109619,2536
20616.201877593994,2548
20617.199182510376,2582
20618.196725845337,2546
20619.194269180298,2578
20620.19109725952,2578
20621.188402175903,2548
20622.185945510864,2490
20623.183250427246,2522
20624.18031692505,2514
20625.17809867859,2542
20626.17588043213,2546
20627.172470092773,2520
20628.169775009155,2522
20629.167318344116,2516
20630.164623260498,2524
20631.16192817688,2574
20632.15947151184,2598
20633.156538009644,2510
20634.153842926025,2472
20635.150909423828,2422
20636.148691177368,2456
20637.14599609375,2514
20638.143062591553,2582
20639.140605926514,2520
20640.137910842896,2510
20641.141653060913,2518
20642.13800430298,2550
20643.134593963623,2538
20644.131898880005,2534
20645.12872695923,2522
20646.12650871277,2482
20647.12357521057,2442
20648.121118545532,2424
20649.118423461914,2470
20650.115966796875,2528
20651.113271713257,2554
20652.11057662964,2494
20653.1081199646,2542
20654.105186462402,2600
20655.102491378784,2582
20656.0959815979,2558
20657.093048095703,2524
20658.089876174927,2510
20659.08718109131,2506
20660.08472442627,2474
20661.081790924072,2542
20662.079334259033,2560
20663.11264038086,2550
20664.11066055298,2514
20665.108919143677,2506
20666.103839874268,2546
20667.101621627808,2598
20668.070077896118,2554
20669.095993041992,2514
20670.101404190063,2518
20671.090602874756,2570
20672.088861465454,2474
20673.088550567627,2470
20674.08323287964,2556
20675.079822540283,2536
20676.042556762695,2522
20677.074670791626,2538
20678.071975708008,2550
20679.069757461548,2574
20680.066347122192,2554
20681.066274642944,2584
20682.06548690796,2554
20683.058500289917,2548
20684.0603351593,2494
20685.056924819946,2522
20686.066150665283,2544
20687.052488327026,2526
20688.011169433594,2482
20689.045667648315,2490
20690.03963470459,2572
20691.041231155396,2510
20692.037343978882,2462
20693.031787872314,2514
20694.03028488159,2518
20695.027112960815,2502
20696.024179458618,2476
20697.02386856079,2504
20698.018789291382,2514
20699.0168094635,2524
20700.015783309937,2508
20701.011180877686,2490
20702.00777053833,2458
20702.97074317932,2526
20703.967571258545,2506
20704.964637756348,2552
20705.997943878174,2574
20706.995248794556,2518
20707.995176315308,2482
20708.9900970459,2494
20709.95569229126,2550
20710.984230041504,2588
20711.98296546936,2542
20712.981939315796,2534
20713.97638320923,2542
20714.97416496277,2510
20715.97385406494,2524
20716.968297958374,2522
20717.96727180481,2490
20718.959093093872,2506
20719.96021270752,2474
20720.96014022827,2486
20721.95601463318,2542
20722.95331954956,2540
20723.955869674683,2518
20724.950551986694,2514
20725.944995880127,2552
20726.947784423828,2596
20727.946281433105,2582
20728.94597053528,2550
20729.94589805603,2514
20730.9308052063,2502
20731.93049430847,2512
20732.9261302948,2526
20733.922719955444,2538
20734.920501708984,2542
20735.917568206787,2586
20736.91749572754,2582
20737.91217803955,2542
20738.909482955933,2546
20739.909172058105,2554
20740.904331207275,2546
20741.902112960815,2526
20742.89894104004,2490
20743.89600753784,2450
20744.895935058594,2490
20745.890617370605,2462
20746.888160705566,2506
20747.856378555298,2518
20748.85320663452,2518
20749.849557876587,2540
20750.877857208252,2558
20751.875400543213,2554
20752.874851226807,2538
20753.871202468872,2534
20754.86660003662,2512
20755.867958068848,2510
20756.861209869385,2458
20757.858514785767,2512
20758.857011795044,2550
20759.854078292847,2554
20760.854244232178,2574
20761.849403381348,2546
20762.845993041992,2574
20763.814210891724,2558
20764.809370040894,2554
20765.806913375854,2574
20766.83473587036,2520
20767.8325176239,2488
20768.832445144653,2454
20769.826889038086,2474
20770.82586288452,2484
20771.825075149536,2508
20772.81951904297,2504
20773.822784423828,2526
20774.81460571289,2582
20775.811433792114,2574
20776.81040763855,2542
20777.806997299194,2526
20778.802633285522,2538
20779.765605926514,2506
20780.797481536865,2506
20781.794786453247,2506
20782.79209136963,2574
20783.791065216064,2514
20784.789085388184,2522
20785.784482955933,2524
20786.781549453735,2558
20787.78123855591,2536
20788.776636123657,2550
20789.774894714355,2570
20790.772199630737,2576
20791.768312454224,2524
20792.760610580444,2470
20793.763399124146,2460
20794.760704040527,2502
20795.759677886963,2522
20796.754837036133,2508
20797.752380371094,2506
20798.75135421753,2536
20799.74675178528,2574
20800.74715614319,2516
20801.74231529236,2554
20802.704095840454,2508
20803.70044708252,2534
20804.6977519989,2534
20805.695056915283,2534
20806.692123413086,2478
20807.689666748047,2506
20808.68697166443,2488
20809.685230255127,2522
20810.68181991577,2534
20811.679363250732,2526
20812.676668167114,2554
20813.673973083496,2570
20814.6710395813,2522
20815.66858291626,2534
20816.665649414062,2478
20817.663431167603,2494
20818.660497665405,2506
20819.657564163208,2544
20820.65510749817,2574
20821.65241241455,2546
20822.649717330933,2542
20823.647022247314,2518
20824.645280838013,2542
20825.64377784729,2522
20826.640367507935,2526
20827.63719558716,2542
20828.63426208496,2526
20829.679489135742,2542
20830.677270889282,2526
20831.67815208435,2478
20832.674264907837,2514
20833.66894721985,2556
20834.66649055481,2574
20835.66641807556,2518
20836.661338806152,2542
20837.657928466797,2550
20838.655710220337,2546
20839.656829833984,2516
20840.65294265747,2514
20841.63236618042,2534
20842.629432678223,2538
20843.626737594604,2602
20844.624280929565,2598
20845.638036727905,2576
20846.635341644287,2572
20847.632884979248,2556
20848.631858825684,2554
20849.627017974854,2586
20850.62527656555,2526
20851.62353515625,2470
20852.620124816895,2430
20853.615045547485,2490
20854.61473464966,2522
20855.611562728882,2526
20856.611967086792,2538
20857.563972473145,2546
20858.55984687805,2578
20859.557151794434,2542
20860.554933547974,2550
20861.59610748291,2508
20862.593173980713,2482
20863.590478897095,2514
20864.595890045166,2478
20865.58485031128,2462
20866.581916809082,2512
20867.582321166992,2546
20868.576765060425,2594
20869.572639465332,2582
20870.57137489319,2608
20871.56867980957,2602
20872.56932258606,2538
20873.515129089355,2536
20874.51171875,2554
20875.50950050354,2516
20876.506567001343,2486
20877.551317214966,2474
20878.550052642822,2510
20879.54807281494,2538
20880.548238754272,2542
20881.541967391968,2554
20882.539987564087,2538
20883.53967666626,2546
20884.49001312256,2548
20885.531187057495,2534
20886.529207229614,2534
20887.526273727417,2522
20888.47517967224,2490
20889.471769332886,2486
20890.46883583069,2490
20891.46637916565,2586
20892.463445663452,2598
20893.460512161255,2570
20894.458293914795,2586
20895.455360412598,2578
20896.45266532898,2578
20897.44997024536,2582
20898.4477519989,2538
20899.444818496704,2542
20900.441884994507,2526
20901.439428329468,2508
20902.43673324585,2510
20903.441190719604,2534
20904.43730354309,2582
20905.434370040894,2526
20906.432390213013,2488
20907.429218292236,2502
20908.42580795288,2550
20909.42430496216,2534
20910.420894622803,2482
20911.417961120605,2498
20912.415742874146,2518
20913.41280937195,2480
20914.410829544067,2494
20915.40765762329,2524
20916.404724121094,2554
20917.402029037476,2538
20918.399810791016,2526
20919.39640045166,2550
20921.41819000244,2574
20921.41819000244,2550
20922.417879104614,2506
20923.431396484375,2550
20924.426078796387,2570
20925.421476364136,2574
20926.382780075073,2538
20927.41823196411,2550
20928.417921066284,2538
20929.412841796875,2550
20930.410385131836,2518
20931.41007423401,2554
20932.40976333618,2526
20933.400869369507,2506
20935.349941253662,2466
20936.396837234497,2510
20937.39128112793,2522
20938.38930130005,2484
20939.388751983643,2544
20940.383911132812,2572
20940.383911132812,2538
20941.381216049194,2548
20942.378044128418,2574
20944.37551498413,2538
20944.37551498413,2510
20945.370197296143,2526
20946.35796546936,2534
20947.367191314697,2514
20948.362350463867,2540
20950.35672187805,2546
20951.310873031616,2574
20952.354669570923,2526
20953.348398208618,2586
20954.346418380737,2598
20955.34610748291,2600
20956.34388923645,2534
20957.338094711304,2506
20958.335399627686,2494
20959.317445755005,2524
20960.333347320557,2510
20961.32755279541,2458
20962.324857711792,2462
20963.324546813965,2550
20964.320182800293,2542
20965.317249298096,2514
20966.267585754395,2574
20967.26393699646,2572
20968.261003494263,2514
20969.258546829224,2502
20970.255613327026,2578
20971.25291824341,2538
20972.25022315979,2510
20973.247528076172,2486
20974.244832992554,2550
20975.242376327515,2528
20976.239442825317,2570
20977.23698616028,2538
20978.23429107666,2570
20979.231357574463,2574
20980.228662490845,2574
20981.233596801758,2506
20982.229471206665,2514
20983.227252960205,2546
20984.22408103943,2572
20985.222339630127,2512
20986.218452453613,2506
20987.215518951416,2482
20988.212823867798,2514
20989.21036720276,2550
20990.20743370056,2582
20991.204738616943,2546
20992.202043533325,2494
20993.200063705444,2516
20994.196891784668,2546
20995.19419670105,2582
20996.19174003601,2554
20997.18403816223,2532
20998.181104660034,2490
20999.178409576416,2526
21000.17547607422,2546
21001.1727809906,2576
21002.170085906982,2526
21003.167629241943,2506
21004.164934158325,2506
21005.162239074707,2538
21006.159782409668,2544
21007.15684890747,2550
21008.15439224243,2514
21009.151935577393,2544
21010.149002075195,2526
21011.146068572998,2534
21012.176036834717,2536
21013.173818588257,2574
21014.170169830322,2550
21015.170335769653,2518
21016.18456840515,2490
21017.179250717163,2518
21018.176794052124,2550
21019.176959991455,2534
21020.172119140625,2542
21021.16894721985,2502
21022.16625213623,2546
21023.163557052612,2510
21024.163722991943,2526
21025.157928466797,2534
21026.116847991943,2568
21027.11057662964,2522
21028.132915496826,2506
21029.130458831787,2510
21030.12776374817,2494
21031.141996383667,2482
21032.142400741577,2478
21033.140420913696,2510
21034.13462638855,2546
21035.134077072144,2544
21036.128759384155,2526
21037.126302719116,2520
21038.124322891235,2526
21039.121627807617,2602
21040.12632369995,2526
21041.115760803223,2510
21042.118072509766,2502
21043.06173324585,2536
21044.058322906494,2506
21045.055627822876,2486
21046.05269432068,2486
21047.04976081848,2496
21048.04754257202,2502
21049.044847488403,2554
21050.041913986206,2572
21051.039695739746,2584
21052.03676223755,2538
21053.03406715393,2486
21054.03161048889,2516
21055.028915405273,2534
21056.025981903076,2538
21057.023286819458,2494
21058.02083015442,2512
21059.025287628174,2534
21060.023069381714,2526
21061.020135879517,2518
21062.016248703003,2590
21063.039779663086,2606
21064.03660774231,2608
21065.03415107727,2558
21066.031455993652,2534
21067.028522491455,2518
21068.026781082153,2510
21069.023370742798,2512
21070.021152496338,2526
21071.01845741272,2502
21072.01647758484,2506
21073.01425933838,2526
21074.010133743286,2512
21075.007438659668,2542
21076.01237297058,2544
21077.003002166748,2518
21078.00030708313,2502
21078.96852493286,2510
21079.994201660156,2538
21080.99365234375,2518
21081.989765167236,2506
21082.98683166504,2490
21083.98461341858,2490
21084.981203079224,2510
21085.978984832764,2526
21086.975812911987,2586
21087.97836303711,2602
21088.945150375366,2554
21089.940547943115,2510
21090.964794158936,2514
21091.962575912476,2522
21092.960357666016,2534
21093.95956993103,2514
21094.960689544678,2518
21095.958948135376,2540
21096.957683563232,2512
21097.959518432617,2536
21098.95896911621,2526
21099.958658218384,2550
21100.93879699707,2542
21101.96304321289,2502
21102.95867919922,2538
21103.966236114502,2558
21104.899883270264,2510
21105.926036834717,2506
21106.922149658203,2478
21107.920169830322,2520
21108.932733535767,2486
21109.92980003357,2554
21110.92734336853,2582
21111.92750930786,2538
21112.921953201294,2522
21113.919973373413,2514
21114.919424057007,2522
21115.914344787598,2534
21116.91117286682,2550
21117.909908294678,2540
21118.906021118164,2554
21119.905710220337,2526
21120.884895324707,2522
21121.882438659668,2570
21122.880458831787,2574
21123.87752532959,2508
21124.890089035034,2494
21125.887393951416,2482
21126.884698867798,2536
21127.88462638855,2512
21128.87954711914,2518
21129.8770904541,2514
21130.876541137695,2506
21131.87289237976,2510
21132.86852836609,2518
21133.866548538208,2576
21134.862899780273,2594
21135.844469070435,2538
21136.842727661133,2456
21137.839794158936,2518
21138.837099075317,2514
21139.8503780365,2534
21140.8474445343,2536
21141.844987869263,2554
21142.794609069824,2538
21143.80145072937,2522
21144.83666419983,2574
21145.83444595337,2610
21146.834135055542,2554
21147.828817367554,2554
21148.826360702515,2522
21149.824380874634,2538
21150.774240493774,2542
21151.77035331726,2520
21152.767658233643,2514
21153.765201568604,2522
21154.812812805176,2534
21155.81226348877,2518
21156.789541244507,2546
21157.80258178711,2606
21158.80036354065,2588
21159.798622131348,2550
21160.794019699097,2552
21161.79132461548,2514
21162.79101371765,2490
21163.78688812256,2510
21164.783477783203,2542
21165.780782699585,2544
21166.73707962036,2510
21167.733192443848,2472
21168.73073577881,2550
21169.72804069519,2544
21170.72582244873,2550
21171.722888946533,2546
21172.720670700073,2542
21173.717975616455,2524
21174.715757369995,2502
21175.711393356323,2538
21176.71012878418,2528
21177.706480026245,2544
21178.703784942627,2530
21179.70085144043,2486
21180.69887161255,2486
21181.69593811035,2538
21182.68871307373,2582
21183.685541152954,2558
21184.682846069336,2552
21185.67991256714,2546
21186.67721748352,2510
21187.674045562744,2520
21188.671588897705,2516
21189.668655395508,2552
21190.66596031189,2514
21191.663026809692,2502
21192.660570144653,2512
21193.658351898193,2534
21194.655179977417,2558
21195.652723312378,2578
21196.699380874634,2542
21197.6535320282,2570
21198.67730140686,2534
21199.674367904663,2534
21200.671434402466,2518
21201.684951782227,2522
21202.6846408844,2522
21203.67980003357,2544
21204.67710494995,2510
21205.674648284912,2514
21206.671714782715,2544
21207.67116546631,2520
21208.6660861969,2534
21209.619522094727,2486
21210.61682701111,2466
21211.658239364624,2490
21212.655544281006,2550
21213.637351989746,2542
21214.63394165039,2524
21215.631008148193,2518
21216.644525527954,2534
21217.62704849243,2524
21218.641996383667,2526
21219.63667869568,2534
21220.63398361206,2526
21221.631288528442,2526
21222.628831863403,2510
21223.628282546997,2546
21224.624156951904,2498
21225.62050819397,2500
21226.576328277588,2514
21227.56791114807,2598
21228.596448898315,2598
21229.595184326172,2544
21230.59129714966,2576
21231.58884048462,2556
21232.60736465454,2526
21233.599424362183,2506
21234.553337097168,2450
21235.593795776367,2474
21236.591339111328,2470
21237.58888244629,2532
21238.58618736267,2542
21239.586114883423,2526
21240.581512451172,2534
21241.577863693237,2534
21242.578268051147,2542
21243.57271194458,2518
21244.52304840088,2510
21245.519399642944,2490
21246.517181396484,2524
21247.514247894287,2470
21248.563766479492,2488
21249.556303024292,2514
21250.556468963623,2558
21251.551389694214,2578
21252.548933029175,2590
21253.5457611084,2586
21254.543781280518,2586
21255.54323196411,2538
21256.537914276123,2538
21257.535457611084,2506
21258.535623550415,2518
21259.49001312256,2512
21260.483980178833,2462
21261.50894165039,2516
21262.50648498535,2514
21263.503789901733,2512
21264.517068862915,2480
21265.514135360718,2536
21266.51382446289,2538
21267.508506774902,2538
21268.5124874115,2526
21269.504070281982,2534
21270.504474639893,2482
21271.500825881958,2490
21272.49550819397,2510
21273.49352836609,2538
21274.492740631104,2538
21275.471210479736,2522
21276.46827697754,2514
21277.466535568237,2542
21278.46336364746,2538
21279.479265213013,2550
21280.473947525024,2574
21281.471967697144,2538
21282.471656799316,2504
21283.46586227417,2512
21284.454822540283,2522
21285.462379455566,2536
21286.458730697632,2586
21287.457704544067,2532
21288.452863693237,2478
21289.451122283936,2476
21290.400743484497,2536
21291.397094726562,2538
21292.394399642944,2506
21293.391704559326,2502
21294.437408447266,2494
21295.436143875122,2510
21296.436548233032,2548
21297.428607940674,2524
21298.428773880005,2520
21299.423694610596,2522
21300.4207611084,2512
21301.41830444336,2510
21302.41584777832,2534
21303.415775299072,2554
21304.410219192505,2534
21305.407285690308,2534
21306.357383728027,2538
21307.38592147827,2540
21308.383226394653,2514
21309.349536895752,2522
21310.394287109375,2546
21311.39373779297,2554
21312.38889694214,2534
21313.3864402771,2506
21314.386129379272,2494
21315.380573272705,2486
21316.377878189087,2522
21317.375659942627,2510
21318.37272644043,2494
21319.37265396118,2478
21320.367574691772,2474
21321.364402770996,2518
21322.315454483032,2526
21323.31156730652,2528
21324.30863380432,2550
21326.303482055664,2510
21327.300786972046,2502
21328.29785346985,2526
21329.29515838623,2570
21330.29294013977,2536
21331.290006637573,2520
21332.287311553955,2522
21333.284378051758,2510
21334.282159805298,2510
21335.27946472168,2550
21336.276531219482,2554
21337.2745513916,2610
21338.271617889404,2544
21339.269161224365,2520
21340.26575088501,2528
21341.26329421997,2550
21342.260599136353,2570
21343.258142471313,2510
21343.258142471313,2510
21344.255447387695,2506
21346.24981880188,2478
21347.24760055542,2482
21348.244428634644,2534
21349.241971969604,2522
21350.239276885986,2558
21351.236820220947,2514
21352.234601974487,2526
21353.23143005371,2558
21354.228973388672,2550
21355.226278305054,2490
21356.223344802856,2516
21357.22064971924,2536
21358.21795463562,2518
21359.215021133423,2506
21360.212326049805,2550
21361.209630966187,2542
21362.207412719727,2538
21363.20471763611,2534
21364.20178413391,2542
21365.199089050293,2522
21366.196632385254,2538
21367.193698883057,2506
21368.19887161255,2506
21369.19593811035,2542
21370.19157409668,2506
21371.18887901306,2498
21372.186183929443,2472
21373.183488845825,2534
21374.180793762207,2536
21375.178575515747,2514
21376.17540359497,2542
21377.172708511353,2546
21378.170251846313,2526
21379.167318344116,2526
21380.164861679077,2522
21381.162405014038,2546
21382.15970993042,2526
21383.15773010254,2520
21384.15575027466,2542
21385.151624679565,2526
21386.148929595947,2526
21387.14623451233,2526
21388.14425468445,2524
21389.140844345093,2570
21390.138864517212,2550
21391.135931015015,2536
21392.133712768555,2550
21393.130779266357,2526
21394.12808418274,2538
21395.12538909912,2526
21396.122694015503,2556
21397.119998931885,2528
21398.117542266846,2524
21399.14059638977,2534
21400.144577026367,2554
21401.10421180725,2534
21402.132987976074,2518
21403.130769729614,2538
21404.128789901733,2522
21405.126571655273,2506
21406.12268447876,2526
21407.119512557983,2550
21408.116817474365,2526
21409.114360809326,2538
21410.08472442627,2490
21411.11183166504,2516
21413.05112838745,2526
21413.05112838745,2538
21414.06202316284,2520
21415.06814956665,2554
21415.993452072144,2550
21416.996717453003,2534
21417.994499206543,2532
21418.991565704346,2542
21419.991970062256,2516
21420.98617553711,2532
21422.024488449097,2526
21423.012018203735,2570
21424.015760421753,2514
21425.012826919556,2504
21426.0036945343,2524
21427.00982093811,2526
21428.005695343018,2512
21428.96580696106,2518
21429.961919784546,2510
21430.95898628235,2542
21431.95676803589,2538
21432.95383453369,2550
21433.95161628723,2558
21434.948682785034,2532
21435.946464538574,2510
21436.94281578064,2494
21437.94083595276,2574
21438.93790245056,2550
21439.93592262268,2526
21440.932750701904,2502
21444.92268562317,2538
21445.919275283813,2506
21445.919275283813,2556
21446.91753387451,2572
21446.91753387451,2596
21447.914123535156,2544
21447.914123535156,2518
21448.911428451538,2526
21449.909210205078,2550
21450.906991958618,2554
21451.903343200684,2502
21452.90970802307,2470
21453.8996219635,2490
21454.941987991333,2542
21455.940008163452,2522
21456.931352615356,2538
21457.924604415894,2546
21458.934783935547,2540
21459.88154411316,2480
21460.882425308228,2510
21461.87686920166,2526
21462.905406951904,2526
21463.919401168823,2514
21464.919805526733,2470
21465.91329574585,2486
21466.912984848022,2554
21467.86379814148,2554
21468.904733657837,2542
21469.905853271484,2586
21470.89958190918,2596
21471.8976020813,2568
21472.89800643921,2524
21473.892211914062,2534
21474.891185760498,2546
21475.839853286743,2534
21476.868391036987,2506
21477.866172790527,2514
21478.862047195435,2510
21479.87675666809,2542
21480.873584747314,2542
21481.824159622192,2520
21482.871532440186,2538
21483.86549949646,2514
21484.862089157104,2510
21485.844373703003,2550
21486.841201782227,2542
21487.840175628662,2514
21488.852739334106,2486
21489.848613739014,2502
21490.79966545105,2510
21491.795778274536,2554
21492.793321609497,2582
21493.7903881073,2540
21494.83561515808,2550
21495.832920074463,2546
21496.835231781006,2558
21497.827529907227,2574
21498.82698059082,2566
21499.82213973999,2538
21500.81992149353,2574
21501.774072647095,2542
21502.771854400635,2516
21503.811836242676,2522
21504.761695861816,2506
21505.78999519348,2526
21506.787538528442,2518
21507.78603553772,2490
21508.7833404541,2502
21509.755849838257,2502
21510.79249382019,2538
21511.790990829468,2520
21512.789487838745,2534
21513.786792755127,2522
21514.78600502014,2498
21515.780448913574,2506
21516.761779785156,2522
21517.728567123413,2558
21518.75638961792,2550
21519.755601882935,2522
21520.74670791626,2540
21521.72088623047,2546
21522.716760635376,2598
21523.7135887146,2618
21524.74093437195,2610
21525.740146636963,2590
21526.738166809082,2598
21527.73094177246,2590
21528.728485107422,2540
21529.725551605225,2544
21530.72452545166,2516
21531.718730926514,2518
21532.716751098633,2534
21533.717393875122,2474
21534.709692001343,2486
21535.706758499146,2510
21536.704063415527,2498
21537.70136833191,2488
21538.70129585266,2534
21539.695978164673,2558
21540.693044662476,2552
21541.694402694702,2544
21542.688131332397,2582
21543.684244155884,2522
21544.681310653687,2510
21545.679092407227,2510
21546.685218811035,2534
21547.67346382141,2550
21548.670768737793,2582
21549.67188835144,2542
21550.665378570557,2574
21551.662921905518,2596
21552.634239196777,2614
21553.63130569458,2582
21554.62884902954,2554
21555.626153945923,2524
21556.623220443726,2514
21557.650566101074,2462
21558.64429473877,2476
21559.64422225952,2484
21560.639142990112,2446
21561.635971069336,2410
21562.63566017151,2422
21563.63081932068,2482
21564.62836265564,2512
21565.62900543213,2552
21566.622495651245,2554
21567.59214401245,2542
21568.618059158325,2506
21569.61488723755,2522
21570.584058761597,2582
21571.5811252594,2524
21572.57843017578,2490
21573.575735092163,2448
21574.573040008545,2490
21575.570344924927,2578
21576.56764984131,2602
21577.56471633911,2542
21578.562259674072,2538
21579.559564590454,2550
21580.556869506836,2610
21581.554412841797,2582
21582.55171775818,2554
21583.55188369751,2522
21584.548950195312,2474
21585.545778274536,2478
21586.543560028076,2510
21587.5403881073,2536
21588.53769302368,2550
21589.534759521484,2534
21590.532541275024,2522
21591.529607772827,2510
21592.52691268921,2540
21593.524932861328,2554
21594.51985359192,2534
21595.5171585083,2512
21596.514225006104,2510
21597.511529922485,2534
21598.509311676025,2494
21599.506616592407,2494
21600.50392150879,2480
21601.50098800659,2522
21602.498292922974,2524
21603.495597839355,2528
21604.493141174316,2526
21605.48996925354,2556
21606.48775100708,2516
21607.484817504883,2506
21608.482599258423,2510
21609.479665756226,2542
21610.477209091187,2542
21611.47427558899,2538
21612.47158050537,2546
21613.469123840332,2570
21614.466667175293,2578
21615.463495254517,2534
21616.461038589478,2520
21617.45834350586,2554
21618.45564842224,2550
21619.452953338623,2518
21620.450258255005,2552
21621.447563171387,2580
21622.44486808777,2544
21623.44241142273,2522
21624.43971633911,2548
21625.437021255493,2586
21626.434087753296,2550
21627.431631088257,2516
21628.42893600464,2490
21629.42624092102,2502
21630.42378425598,2470
21631.421089172363,2458
21632.418155670166,2502
21633.415460586548,2526
21634.41300392151,2510
21635.41007041931,2526
21636.407613754272,2550
21637.404918670654,2548
21638.402223587036,2570
21639.399528503418,2548
21640.3968334198,2540
21641.39413833618,2554
21642.391681671143,2506
21643.388748168945,2500
21644.386291503906,2482
21645.384073257446,2542
21646.38090133667,2550
21647.37820625305,2518
21648.375749588013,2542
21649.373054504395,2576
21650.370359420776,2582
21651.36766433716,2578
21652.36496925354,2544
21653.362035751343,2546
21654.359340667725,2534
21655.357122421265,2546
21656.354188919067,2584
21657.35149383545,2544
21658.34903717041,2494
21659.346342086792,2510
21662.1253490448,2556
21662.1253490448,2582
21663.13338279724,2598
21663.13338279724,2550
21664.64066505432,2570
21665.14539718628,2550
21666.146278381348,2546
21667.144060134888,2576
21668.14088821411,2582
21669.137954711914,2574
21670.15051841736,2534
21671.131372451782,2522
21672.128438949585,2550
21673.125982284546,2550
21674.12543296814,2524
21676.120281219482,2550
21677.116870880127,2588
21677.116870880127,2506
21678.11369895935,2450
21679.11124229431,2476
21680.108547210693,2478
21681.105852127075,2510
21682.103157043457,2502
21683.10046195984,2510
21684.09776687622,2510
21685.09531021118,2578
21687.089443206787,2590
21688.086986541748,2606
21689.088106155396,2546
21690.08445739746,2510
21690.08445739746,2506
21692.089557647705,2526
21693.073511123657,2502
21694.07629966736,2480
21695.08194923401,2462
21696.06590270996,2446
21697.062969207764,2446
21698.05884361267,2454
21699.056386947632,2478
21700.05702972412,2450
21701.050758361816,2458
21702.051639556885,2452
21703.054666519165,2486
21704.05149459839,2494
21705.039978027344,2478
21706.051111221313,2470
21707.035303115845,2534
21708.03213119507,2510
21709.02967453003,2486
21710.02697944641,2510
21711.024284362793,2582
21712.021350860596,2542
21713.018655776978,2500
21714.01619911194,2490
21715.01350402832,2558
21716.01104736328,2550
21717.008352279663,2556
21718.005418777466,2578
21719.008207321167,2606
21720.00813484192,2610
21721.002340316772,2586
21721.994876861572,2534
21723.004579544067,2540
21724.00212287903,2550
21724.986791610718,2526
21725.98433494568,2518
21726.981163024902,2482
21727.978944778442,2490
21728.976011276245,2484
21729.976415634155,2504
21730.976343154907,2558
21731.9815158844,2582
21732.965230941772,2574
21733.962774276733,2582
21734.976768493652,2556
21735.959768295288,2576
21736.95468902588,2582
21737.95223236084,2554
21738.94953727722,2514
21739.946842193604,2478
21740.944385528564,2522
21741.941452026367,2526
21742.939233779907,2536
21743.93606185913,2544
21744.93384361267,2554
21745.930910110474,2538
21746.928215026855,2550
21747.92528152466,2554
21748.92282485962,2588
21749.92036819458,2538
21750.917434692383,2514
21751.92093849182,2544
21752.94303894043,2554
21753.93795967102,2568
21754.935026168823,2596
21755.933046340942,2604
21756.930112838745,2618
21757.927894592285,2594
21758.92472267151,2594
21759.923934936523,2558
21760.924577713013,2514
21761.916399002075,2474
21762.913465499878,2450
21763.91100883484,2470
21764.90807533264,2502
21765.905618667603,2518
21766.902923583984,2506
21767.87781715393,2544
21768.897771835327,2550
21769.895553588867,2574
21770.89285850525,2572
21771.895170211792,2526
21772.886991500854,2474
21773.884534835815,2458
21774.881839752197,2470
21775.851488113403,2450
21776.848554611206,2494
21777.84538269043,2550
21778.84292602539,2542
21779.84046936035,2502
21780.837535858154,2520
21781.835079193115,2590
21782.832622528076,2602
21783.82968902588,2522
21784.82675552368,2504
21785.824298858643,2502
21786.821603775024,2510
21787.818908691406,2458
21788.816213607788,2502
21789.81375694275,2520
21790.81130027771,2544
21791.808366775513,2558
21792.805671691895,2546
21793.802976608276,2590
21794.80028152466,2574
21795.79734802246,2520
21796.79536819458,2568
21797.792434692383,2590
21798.789739608765,2608
21799.786806106567,2576
21800.78434944153,2526
21801.78165435791,2576
21802.778720855713,2554
21803.776025772095,2518
21804.773569107056,2510
21805.770874023438,2518
21806.76817893982,2506
21807.76572227478,2514
21808.762788772583,2478
21809.760332107544,2476
21810.757398605347,2470
21811.755180358887,2486
21812.75224685669,2518
21813.74955177307,2542
21814.74733352661,2546
21815.744161605835,2546
21816.741466522217,2534
21817.739009857178,2570
21818.73631477356,2534
21819.761514663696,2574
21820.7585811615,2586
21821.757316589355,2578
21822.726011276245,2550
21823.72283935547,2508
21824.72038269043,2506
21825.71768760681,2514
21826.715230941772,2574
21827.712297439575,2554
21828.709840774536,2550
21829.707384109497,2572
21830.732583999634,2574
21831.73394203186,2586
21832.73196220398,2574
21833.72926712036,2526
21834.72228050232,2510
21835.71982383728,2454
21836.716413497925,2482
21837.71538734436,2480
21838.711261749268,2490
21839.70856666565,2480
21840.709924697876,2486
21841.702699661255,2506
21842.673778533936,2518
21843.697786331177,2546
21844.667434692383,2526
21845.69263458252,2506
21846.689462661743,2486
21847.69320487976,2500
21848.685264587402,2456
21849.681615829468,2480
21850.679636001587,2510
21851.677656173706,2558
21852.673768997192,2534
21853.671312332153,2534
21854.669094085693,2540
21855.66544532776,2598
21856.6632270813,2554
21857.66077041626,2558
21858.65807533264,2522
21859.655618667603,2538
21860.656023025513,2548
21861.649751663208,2514
21862.64681816101,2504
21863.64436149597,2510
21864.641666412354,2542
21865.638971328735,2518
21866.636991500854,2550
21867.606163024902,2538
21868.631601333618,2522
21869.62866783142,2502
21870.625734329224,2488
21871.622800827026,2454
21872.620582580566,2486
21873.61788749695,2478
21874.61566925049,2502
21875.612258911133,2554
21876.584768295288,2570
21877.580404281616,2558
21878.605127334595,2642
21879.602670669556,2636
21880.600214004517,2674
21881.59728050232,2598
21882.60006904602,2580
21883.591651916504,2574
21884.588956832886,2516
21885.586738586426,2526
21886.587619781494,2546
21887.58420944214,2538
21888.578414916992,2484
21889.575719833374,2506
21890.573740005493,2510
21891.541957855225,2502
21892.539024353027,2492
21893.53632926941,2522
21894.53387260437,2514
21895.530939102173,2480
21896.528244018555,2514
21897.525548934937,2578
21898.52285385132,2582
21899.52039718628,2610
21900.517463684082,2622
21901.515007019043,2608
21902.512311935425,2638
21903.509616851807,2630
21904.50668334961,2594
21905.50446510315,2590
21906.50224685669,2658
21907.5288772583,2608
21908.525228500366,2594
21909.522771835327,2548
21910.51959991455,2528
21911.516904830933,2474
21912.514209747314,2462
21913.511753082275,2422
21914.509773254395,2430
21915.506601333618,2394
21916.50438308716,2430
21917.501211166382,2446
21918.498277664185,2458
21919.495344161987,2450
21920.493125915527,2410
21921.492338180542,2426
21922.489166259766,2478
21923.486948013306,2518
21924.48401451111,2570
21925.480842590332,2538
21926.478147506714,2510
21927.478313446045,2482
21928.4725189209,2522
21929.46982383728,2606
21930.469274520874,2574
21931.46586418152,2518
21932.46340751648,2512
21933.46095085144,2554
21934.42964553833,2570
21935.455322265625,2616
21936.453104019165,2574
21937.44993209839,2544
21938.417196273804,2510
21939.414501190186,2490
21940.41132926941,2522
21941.40887260437,2542
21942.405939102173,2482
21943.403482437134,2422
21944.400548934937,2442
21945.398092269897,2522
21946.3951587677,2514
21947.39270210266,2550
21948.390245437622,2586
21949.387550354004,2538
21950.385332107544,2558
21951.382398605347,2578
21952.37946510315,2618
21953.38201522827,2588
21954.379081726074,2506
21955.37567138672,2490
21956.3729763031,2512
21957.370281219482,2518
21958.3683013916,2544
21959.3665599823,2570
21960.362434387207,2610
21961.35973930359,2558
21962.35728263855,2518
21963.35458755493,2526
21964.351892471313,2558
21965.349674224854,2582
21966.346263885498,2538
21968.338012695312,2506
21969.335079193115,2470
21970.33190727234,2524
21971.357583999634,2538
21971.357583999634,2586
21973.358392715454,2550
21973.358392715454,2546
21974.34973716736,2542
21976.343870162964,2546
21977.341651916504,2582
21978.338718414307,2586
21978.338718414307,2518
21979.336500167847,2512
21980.334043502808,2522
21981.330633163452,2554
21982.327938079834,2544
21984.295129776,2558
21984.295129776,2550
21985.32009124756,2550
21986.31739616394,2534
21987.3206615448,2536
21988.311767578125,2574
21989.31574821472,2578
21990.313053131104,2576
21991.313219070435,2516
21993.274211883545,2526
21994.317293167114,2540
21995.304584503174,2502
21996.301651000977,2548
21997.308254241943,2550
21998.30675125122,2514
21999.308347702026,2478
22000.284671783447,2494
22001.25503540039,2542
22002.27928161621,2510
22003.28230857849,2518
22004.289388656616,2518
22005.289554595947,2510
22006.28423690796,2526
22007.27868080139,2508
22008.284091949463,2550
22009.265899658203,2540
22010.274171829224,2528
22011.270999908447,2506
22012.26854324341,2506
22013.26560974121,2494
22014.26339149475,2546
22015.244960784912,2506
22015.244960784912,2526
22016.241550445557,2550
22017.23861694336,2526
22019.25277709961,2554
22020.236015319824,2602
22021.230459213257,2586
22022.226095199585,2542
22023.22244644165,2526
22024.22523498535,2534
22025.217056274414,2518
22026.232957839966,2502
22027.21333503723,2510
22028.210163116455,2522
22029.2067527771,2534
22030.20405769348,2536
22031.201362609863,2542
22032.198905944824,2512
22033.196210861206,2518
22034.193992614746,2538
22035.19082069397,2526
22036.18884086609,2514
22037.185668945312,2522
22038.183212280273,2510
22039.180755615234,2514
22040.177822113037,2542
22041.17512702942,2546
22042.176723480225,2502
22043.169736862183,2526
22044.16823387146,2550
22045.164346694946,2574
22046.1368560791,2576
22047.133207321167,2584
22048.13051223755,2534
22049.15976524353,2506
22050.15206336975,2522
22051.154613494873,2546
22052.145957946777,2514
22053.143978118896,2512
22054.1410446167,2502
22055.137634277344,2506
22056.135416030884,2526
22057.132482528687,2538
22058.135271072388,2510
22059.127807617188,2524
22060.127019882202,2534
22061.122179031372,2506
22062.12091445923,2514
22063.11583518982,2534
22064.11385536194,2558
22065.110683441162,2576
22066.121101379395,2484
22067.121982574463,2510
22068.12810897827,2546
22069.117307662964,2538
22070.123434066772,2576
22071.120262145996,2586
22072.124004364014,2528
22073.10652732849,2550
22074.08881187439,2550
22075.08611679077,2578
22076.082944869995,2576
22077.047109603882,2542
22078.043937683105,2540
22079.04601097107,2526
22080.076694488525,2534
22081.07328414917,2538
22082.07106590271,2510
22083.068132400513,2502
22084.065437316895,2516
22085.05892753601,2522
22086.055994033813,2512
22087.058305740356,2510
22088.053941726685,2522
22089.057683944702,2522
22090.060710906982,2526
22091.062307357788,2504
22092.03553199768,2502
22093.032836914062,2514
22094.04993057251,2554
22095.040321350098,2546
22096.024990081787,2546
22097.020387649536,2526
22098.02007675171,2522
22099.01714324951,2546
22100.013732910156,2554
22100.98361968994,2570
22102.007389068604,2582
22103.004455566406,2554
22104.002475738525,2520
22104.999542236328,2574
22105.997562408447,2546
22106.99462890625,2530
22107.991456985474,2494
22108.991622924805,2520
22109.987497329712,2538
22110.984563827515,2502
22111.981868743896,2522
22112.979412078857,2540
22113.97647857666,2518
22114.978075027466,2490
22115.975618362427,2478
22116.97554588318,2518
22117.976903915405,2522
22118.975400924683,2544
22119.975805282593,2522
22120.975494384766,2518
22121.975421905518,2490
22122.97487258911,2502
22123.92258644104,2490
22124.918699264526,2556
22125.93984603882,2554
22126.93953514099,2522
22127.93779373169,2526
22128.936052322388,2582
22129.932403564453,2552
22130.929231643677,2542
22131.927013397217,2542
22132.927894592285,2516
22133.92162322998,2536
22134.91916656494,2536
22135.916233062744,2518
22136.919498443604,2508
22137.910842895508,2502
22138.88669013977,2506
22139.90592956543,2534
22140.902757644653,2538
22141.904592514038,2586
22142.897844314575,2554
22143.895864486694,2538
22144.89245414734,2502
22145.88975906372,2514
22146.88754081726,2520
22147.884607315063,2526
22148.881196975708,2526
22149.87874031067,2520
22150.87628364563,2480
22151.87358856201,2526
22152.870893478394,2576
22153.87010574341,2578
22154.865741729736,2538
22155.863761901855,2522
22156.86058998108,2542
22157.85789489746,2536
22158.854961395264,2546
22159.852266311646,2546
22160.850763320923,2514
22161.84711456299,2490
22162.84465789795,2470
22163.841485977173,2486
22164.840698242188,2542
22165.83776473999,2558
22166.833639144897,2522
22167.831420898438,2526
22168.82872581482,2526
22169.826984405518,2536
22170.823574066162,2508
22171.820163726807,2518
22172.81746864319,2526
22173.814058303833,2538
22174.8149394989,2514
22175.809144973755,2542
22176.788806915283,2558
22177.77729034424,2572
22178.800582885742,2510
22179.802179336548,2540
22180.795431137085,2582
22181.792974472046,2574
22182.793378829956,2538
22183.78782272339,2536
22184.75890159607,2540
22185.784578323364,2548
22186.78116798401,2550
22187.777280807495,2558
22188.775062561035,2534
22189.773559570312,2554
22190.76895713806,2502
22191.76697731018,2526
22192.737579345703,2526
22193.76230239868,2514
22194.759845733643,2498
22195.757627487183,2490
22196.754455566406,2512
22197.750568389893,2574
22198.74858856201,2538
22199.745416641235,2498
22200.71768760681,2538
22201.714754104614,2522
22202.71325111389,2542
22203.710317611694,2534
22204.707384109497,2542
22205.70397377014,2518
22206.70199394226,2494
22207.699060440063,2486
22208.697080612183,2542
22209.694623947144,2550
22210.692167282104,2588
22211.689710617065,2570
22212.68630027771,2550
22213.68360519409,2546
22214.680671691895,2578
22215.678930282593,2574
22216.705083847046,2510
22217.66996383667,2482
22218.697547912598,2512
22219.69509124756,2518
22220.693111419678,2534
22221.689701080322,2584
22222.68772125244,2534
22223.684549331665,2510
22224.685192108154,2520
22225.679874420166,2594
22226.648092269897,2586
22227.675199508667,2590
22228.673219680786,2518
22229.67028617859,2458
22230.66735267639,2514
22231.63366317749,2574
22232.630252838135,2570
22233.660221099854,2518
22234.657049179077,2570
22235.65435409546,2582
22236.648082733154,2558
22237.645149230957,2598
22238.642930984497,2598
22239.63975906372,2578
22240.63754081726,2516
22241.634845733643,2490
22242.616415023804,2534
22243.629455566406,2534
22244.630575180054,2534
22245.634078979492,2480
22246.60015106201,2506
22247.597455978394,2534
22248.594045639038,2502
22249.591588974,2526
22250.62108039856,2542
22251.6188621521,2492
22252.615928649902,2522
22253.612995147705,2514
22254.61745262146,2510
22255.610942840576,2512
22256.615161895752,2514
22257.60793685913,2520
22258.599519729614,2522
22259.563446044922,2500
22260.594606399536,2538
22261.591911315918,2586
22262.555360794067,2570
22263.55004310608,2558
22264.584064483643,2574
22265.596389770508,2554
22266.590356826782,2520
22267.58050918579,2494
22268.583059310913,2516
22269.579887390137,2570
22270.575284957886,2526
22271.564960479736,2494
22272.57204055786,2534
22273.5698223114,2518
22274.567365646362,2508
22275.563955307007,2504
22276.561498641968,2542
22277.518033981323,2554
22278.516054153442,2490
22279.512643814087,2508
22280.508756637573,2520
22281.506299972534,2526
22282.50217437744,2514
22283.50067138672,2506
22284.498929977417,2542
22285.497188568115,2508
22286.531925201416,2552
22287.535667419434,2558
22288.52939605713,2554
22289.52717781067,2544
22290.52782058716,2546
22291.52226448059,2536
22292.502880096436,2538
22293.501377105713,2504
22294.49772834778,2522
22295.49503326416,2578
22296.50831222534,2538
22297.505855560303,2516
22298.502445220947,2520
22299.500226974487,2518
22300.487995147705,2492
22301.494359970093,2526
22302.48975753784,2506
22303.489208221436,2486
22304.486751556396,2504
22305.484771728516,2522
22306.48422241211,2542
22307.462453842163,2540
22308.460474014282,2526
22309.431552886963,2550
22310.454845428467,2582
22311.46764755249,2540
22312.45708465576,2538
22313.46344947815,2534
22314.460039138794,2512
22315.457582473755,2544
22316.455125808716,2554
22317.452669143677,2542
22318.44687461853,2538
22319.446325302124,2534
22320.444583892822,2554
22321.442127227783,2580
22323.38833808899,2544
22324.43404197693,2538
22325.430631637573,2538
22326.426029205322,2538
22327.425479888916,2480
22328.422784805298,2510
22328.422784805298,2510
22329.421043395996,2514
22330.41763305664,2538
22331.414461135864,2542
22332.412242889404,2552
22333.409070968628,2554
22334.397315979004,2554
22335.40439605713,2576
22336.401224136353,2576
22337.39924430847,2502
22339.346170425415,2510
22339.346170425415,2552
22340.37470817566,2526
22341.37201309204,2526
22342.34118461609,2546
22343.382596969604,2572
22344.380140304565,2546
22345.377922058105,2542
22346.37475013733,2538
22347.37253189087,2512
22349.366903305054,2526
22350.367307662964,2478
22351.317405700684,2450
22352.312564849854,2454
22353.309631347656,2466
22354.312896728516,2518
22355.308771133423,2506
22356.306076049805,2538
22357.30528831482,2554
22358.34550857544,2588
22359.32421684265,2642
22360.34059524536,2638
22361.335277557373,2640
22362.332105636597,2614
22363.32941055298,2604
22364.32671546936,2570
22365.32425880432,2554
22366.318702697754,2534
22367.318391799927,2510
22368.316411972046,2482
22369.304418563843,2414
22370.29457092285,2452
22371.29855155945,2468
22372.289419174194,2422
22373.302459716797,2458
22374.297380447388,2470
22375.298023223877,2508
22376.25241279602,2470
22377.29263305664,2486
22378.289461135864,2580
22379.287719726562,2610
22379.287719726562,2644
22380.263090133667,2614
22382.25817680359,2614
22382.25817680359,2638
22383.257627487183,2598
22385.223150253296,2518
22386.21973991394,2502
22386.21973991394,2450
22388.214111328125,2456
22389.211893081665,2418
22390.208959579468,2482
22391.20626449585,2526
22392.203330993652,2536
22393.200874328613,2538
22394.198179244995,2552
22395.195484161377,2576
22396.19255065918,2518
22397.19033241272,2462
22398.187398910522,2514
22399.184703826904,2510
22400.182247161865,2504
22400.182247161865,2502
22402.177333831787,2554
22403.17463874817,2552
22404.199361801147,2544
22405.202627182007,2518
22406.19969367981,2536
22407.198190689087,2534
22408.188104629517,2480
22409.19256210327,2494
22410.15934944153,2474
22411.174058914185,2518
22411.174058914185,2482
22413.151025772095,2450
22414.145708084106,2502
22414.145708084106,2554
22416.144847869873,2570
22417.142868041992,2542
22418.137311935425,2526
22419.16537284851,2518
22420.16291618347,2486
22421.16355895996,2500
22422.157764434814,2538
22423.162698745728,2518
22424.145698547363,2442
22425.148010253906,2454
22426.1155128479,2470
22427.144050598145,2484
22428.142070770264,2580
22429.13842201233,2518
22430.13572692871,2518
22431.126832962036,2486
22432.13152885437,2534
22433.128595352173,2512
22434.129238128662,2474
22435.094833374023,2460
22436.089992523193,2472
22437.117099761963,2502
22438.114166259766,2502
22439.112663269043,2506
22440.109729766846,2538
22441.107273101807,2544
22442.098379135132,2502
22443.06778907776,2510
22444.099187850952,2522
22445.08957862854,2554
22446.062564849854,2526
22446.062564849854,2510
22448.051691055298,2462
22449.065685272217,2470
22450.100660324097,2456
22450.100660324097,2502
22452.243089675903,2546
22453.23872566223,2610
22454.23984527588,2582
22455.23476600647,2558
22455.23476600647,2606
22457.221508026123,2602
22458.219051361084,2518
22459.22303199768,2550
22460.1891040802,2610
22461.186170578003,2582
22462.202310562134,2512
22463.213443756104,2518
22464.20931816101,2558
22465.206384658813,2578
22466.19701385498,2554
22467.167854309082,2534
22468.164682388306,2576
22469.162225723267,2586
22470.15929222107,2576
22471.15683555603,2546
22472.153902053833,2580
22473.151445388794,2518
22474.148750305176,2522
22475.146293640137,2494
22476.14359855652,2588
22477.1409034729,2582
22478.137969970703,2534
22479.13646697998,2514
22480.133295059204,2578
22481.130361557007,2540
22482.161045074463,2558
22483.15191268921,2610
22484.15780067444,2638
22485.14723777771,2624
22486.15050315857,2552
22487.149477005005,2556
22488.14606666565,2588
22489.142417907715,2574
22490.13376235962,2526
22491.137742996216,2494
22492.128372192383,2488
22493.125677108765,2526
22494.122982025146,2542
22495.09334564209,2546
22496.09327316284,2508
22497.092485427856,2506
22498.090028762817,2494
22499.11594390869,2506
22500.115156173706,2542
22501.08003616333,2560
22502.108335494995,2522
22503.10707092285,2482
22504.103660583496,2502
22505.1007270813,2500
22506.0977935791,2476
22507.094621658325,2432
22508.09407234192,2482
22509.08923149109,2488
22510.058641433716,2510
22511.054515838623,2522
22512.051820755005,2526
22513.078927993774,2536
22514.075994491577,2518
22515.07592201233,2510
22516.07918739319,2520
22517.075777053833,2518
22518.0344581604,2522
22519.072771072388,2494
22520.07222175598,2512
22521.06761932373,2488
22522.077560424805,2476
22523.046493530273,2502
22524.017095565796,2542
22525.018215179443,2568
22526.015996932983,2554
22527.042865753174,2544
22528.03897857666,2518
22529.00528907776,2546
22530.033588409424,2542
22531.03017807007,2524
22532.02986717224,2502
22533.026695251465,2520
22534.022569656372,2554
22535.02130508423,2578
22536.017179489136,2526
22537.014722824097,2570
22538.01202774048,2558
22538.975954055786,2578
22540.013790130615,2554
22541.003942489624,2544
22542.001962661743,2538
22542.999982833862,2542
22543.996334075928,2502
22544.99316215515,2478
22545.99142074585,2482
22546.962022781372,2514
22547.98722267151,2518
22548.951625823975,2554
22549.980401992798,2550
22550.978899002075,2518
22551.946878433228,2486
22552.972316741943,2514
22553.969860076904,2546
22554.96907234192,2516
22555.9663772583,2502
22556.966543197632,2518
22557.965517044067,2526
22558.971166610718,2544
22559.96584892273,2538
22560.950994491577,2526
22561.94806098938,2590
22562.944650650024,2582
22563.944578170776,2558
22564.94092941284,2534
22565.941095352173,2586
22566.936016082764,2536
22567.93189048767,2522
22568.928956985474,2508
22569.926500320435,2550
22570.924282073975,2538
22571.892261505127,2542
22572.88908958435,2554
22573.886156082153,2558
22574.883222579956,2512
22575.881004333496,2478
22576.878309249878,2510
22577.8751373291,2538
22578.8733959198,2538
22579.869985580444,2490
22580.867290496826,2498
22581.864595413208,2516
22582.86166191101,2558
22583.85944366455,2516
22584.85698699951,2544
22585.853815078735,2558
22586.848497390747,2586
22587.84556388855,2538
22588.842630386353,2514
22589.840173721313,2574
22590.84153175354,2552
22591.838598251343,2514
22592.835426330566,2514
22593.83273124695,2548
22594.826698303223,2558
22595.823526382446,2538
22596.820831298828,2598
22597.81789779663,2634
22598.81544113159,2602
22599.812984466553,2540
22600.810050964355,2470
22601.807355880737,2490
22602.805137634277,2542
22603.8019657135,2578
22604.799270629883,2518
22605.796575546265,2510
22606.793880462646,2520
22607.791423797607,2518
22608.78896713257,2534
22609.78603363037,2568
22610.783338546753,2572
22611.780643463135,2506
22612.777948379517,2486
22613.7752532959,2506
22614.77255821228,2526
22615.77010154724,2484
22616.767406463623,2512
22617.764711380005,2506
22618.762969970703,2518
22619.759798049927,2550
22620.75686454773,2570
22621.753931045532,2596
22622.750997543335,2598
22623.748540878296,2546
22624.745845794678,2538
22625.74315071106,2522
22626.74069404602,2536
22627.737998962402,2522
22628.735303878784,2526
22629.732847213745,2490
22630.730152130127,2502
22631.72721862793,2544
22632.72452354431,2520
22633.727312088013,2542
22634.723663330078,2542
22635.72120666504,2546
22636.718034744263,2486
22637.715339660645,2494
22638.712406158447,2500
22639.710187911987,2546
22640.70725440979,2522
22641.704559326172,2480
22642.701864242554,2478
22643.699169158936,2546
22644.696712493896,2578
22645.6937789917,2586
22646.690845489502,2550
22647.68886566162,2578
22648.682832717896,2544
22649.680376052856,2522
22650.67768096924,2554
22651.674509048462,2580
22652.676343917847,2578
22653.67293357849,2510
22654.670000076294,2522
22655.667543411255,2554
22656.665086746216,2534
22657.66191482544,2482
22658.65921974182,2510
22659.655570983887,2506
22660.65263748169,2512
22661.64994239807,2494
22662.647485733032,2502
22663.672924041748,2494
22664.671421051025,2494
22665.66753387451,2478
22666.665077209473,2504
22667.63186454773,2606
22668.659687042236,2594
22669.656991958618,2542
22670.655965805054,2576
22671.651363372803,2646
22672.649145126343,2594
22673.645973205566,2502
22674.643516540527,2526
22675.642728805542,2526
22676.63812637329,2538
22677.605152130127,2536
22678.604125976562,2518
22679.630279541016,2510
22680.627584457397,2490
22681.625366210938,2526
22682.62243270874,2514
22683.621406555176,2510
22684.617042541504,2502
22685.614585876465,2470
22686.612844467163,2466
22687.60871887207,2482
22688.60626220703,2482
22689.603567123413,2478
22690.601348876953,2482
22691.60032272339,2484
22692.59548187256,2514
22693.56393814087,2550
22694.591522216797,2560
22695.587873458862,2554
22696.584939956665,2546
22697.582006454468,2538
22698.57954978943,2520
22699.578762054443,2510
22700.57439804077,2590
22701.571464538574,2598
22702.57067680359,2604
22703.566551208496,2558
22704.5636177063,2538
22705.5606842041,2596
22706.562519073486,2590
22707.557439804077,2546
22708.555936813354,2538
22709.519863128662,2542
22710.549116134644,2522
22711.54522895813,2514
22712.542295455933,2488
22713.540077209473,2506
22714.536905288696,2510
22715.53635597229,2522
22716.53127670288,2538
22717.52905845642,2514
22718.527793884277,2520
22719.524383544922,2506
22720.521688461304,2478
22721.51827812195,2488
22722.484827041626,2490
22723.48189353943,2488
22724.47943687439,2538
22725.476503372192,2550
22726.473569869995,2542
22727.470874786377,2538
22728.468418121338,2526
22729.46572303772,2570
22730.4630279541,2572
22731.460332870483,2576
22732.457399368286,2552
22733.454942703247,2522
22734.45224761963,2520
22735.44955253601,2478
22736.446857452393,2504
22737.444162368774,2552
22738.441705703735,2538
22739.439010620117,2586
22740.436792373657,2542
22741.43385887146,2550
22742.43116378784,2558
22743.428230285645,2546
22744.425535202026,2578
22745.423078536987,2510
22746.42038345337,2518
22747.41768836975,2484
22748.414754867554,2538
22749.412536621094,2538
22750.409603118896,2538
22751.40690803528,2514
22752.40445137024,2550
22753.401517868042,2550
22754.398822784424,2574
22755.397081375122,2546
22756.393909454346,2526
22757.42244720459,2524
22758.421182632446,2526
22759.38606262207,2514
22760.414600372314,2522
22761.411428451538,2502
22762.409448623657,2538
22763.408184051514,2542
22764.403581619263,2558
22765.400886535645,2576
22766.39986038208,2554
22767.395734786987,2576
22768.364191055298,2576
22769.392728805542,2586
22770.387649536133,2524
22771.357774734497,2506
22772.35436439514,2502
22773.380756378174,2482
22774.37949180603,2526
22775.3746509552,2578
22776.373386383057,2554
22777.37021446228,2510
22778.3682346344,2574
22779.36625480652,2554
22780.362129211426,2544
22781.360626220703,2556
22782.357931137085,2526
22783.35428237915,2494
22784.322023391724,2472
22785.349369049072,2454
22786.31567955017,2490
22787.312030792236,2472
22788.30885887146,2486
22789.30687904358,2484
22790.30442237854,2498
22791.301488876343,2514
22792.298793792725,2506
22793.295860290527,2474
22794.29340362549,2484
22795.29047012329,2470
22796.287775039673,2538
22797.285795211792,2538
22798.282861709595,2518
22799.280643463135,2490
22801.275491714478,2482
22801.275491714478,2550
22802.272081375122,2558
22803.269624710083,2550
22804.266452789307,2490
22805.264234542847,2490
22806.26153945923,2512
22807.25908279419,2550
22808.25638771057,2490
22809.253931045532,2494
22810.251712799072,2512
22811.248302459717,2582
22812.245845794678,2574
22813.24291229248,2578
22820.224285125732,2554
22820.224285125732,2536
22820.224285125732,2570
22821.221828460693,2544
22821.221828460693,2518
22821.221828460693,2534
22821.221828460693,2526
22821.221828460693,2542
22822.218894958496,2518
22823.216438293457,2554
22824.21374320984,2586
22825.2112865448,2524
22826.208353042603,2526
22828.202724456787,2510
22829.200267791748,2522
22830.198049545288,2490
22831.19511604309,2444
22832.192420959473,2492
22833.189487457275,2510
22834.189414978027,2490
22835.184335708618,2494
22836.18211746216,2522
22837.17918395996,2538
22838.176488876343,2536
22839.173793792725,2550
22840.17038345337,2534
22841.16768836975,2518
22852.138996124268,2482
22852.138996124268,2460
22852.138996124268,2500
22852.138996124268,2550
22853.13606262207,2554
22853.13606262207,2518
22853.13606262207,2524
22853.13606262207,2526
22854.133367538452,2578
22854.133367538452,2584
22854.133367538452,2582
22854.133367538452,2522
22854.133367538452,2474
22855.130434036255,2490
22856.128692626953,2518
22857.125759124756,2478
22858.123064041138,2508
22859.12036895752,2482
22860.11791229248,2522
22861.11545562744,2542
22862.112045288086,2554
22863.109827041626,2558
22864.10689353943,2518
22866.0671710968,2556
22866.0671710968,2538
22867.074489593506,2536
22868.075609207153,2542
22869.086265563965,2518
22870.087385177612,2574
22871.084690093994,2538
22872.081518173218,2498
22873.079776763916,2510
22874.07660484314,2490
22875.0741481781,2550
22876.070976257324,2546
22877.068758010864,2546
22878.066301345825,2546
22879.063606262207,2512
22880.061388015747,2506
22881.05821609497,2514
22882.055521011353,2526
22883.052587509155,2538
22884.050130844116,2554
22900.007009506226,2556
22900.007009506226,2578
22901.004314422607,2510
22901.004314422607,2554
22901.004314422607,2540
22901.004314422607,2552
22901.004314422607,2520
22902.002334594727,2542
22902.002334594727,2574
22902.002334594727,2582
22902.002334594727,2534
22902.99916267395,2526
22902.99916267395,2518
22902.99916267395,2520
22902.99916267395,2522
22902.99916267395,2492
22903.99718284607,2502
22903.99718284607,2514
22903.99718284607,2502
22903.99718284607,2472
22904.994010925293,2490
22905.991554260254,2546
22906.988620758057,2522
22907.98568725586,2518
22908.9834690094,2588
22909.980535507202,2518
22910.978078842163,2486
22911.975383758545,2474
22912.972688674927,2534
22913.96975517273,2538
22914.96753692627,2508
22915.964365005493,2452
22916.961908340454,2458
22917.959213256836,2474
22918.956756591797,2556
22919.95334625244,2542
22920.950889587402,2534
22921.947956085205,2534
22922.945737838745,2502
22923.942804336548,2510
22924.94010925293,2486
22925.93765258789,2506
22926.93543434143,2510
22927.932262420654,2456
22928.929328918457,2482
22929.926872253418,2576
22930.92393875122,2586
22931.92148208618,2578
22932.918787002563,2574
22933.916091918945,2612
22934.913396835327,2588
22935.91046333313,2612
22936.90800666809,2574
22937.90602684021,2542
22938.918352127075,2524
22939.899682998657,2516
22940.897464752197,2542
22941.89453125,2514
22942.89231300354,2542
22943.889617919922,2522
22944.886922836304,2584
22945.884227752686,2606
22946.881771087646,2610
22947.879314422607,2546
22948.87614250183,2500
22949.873685836792,2534
22950.87170600891,2544
22951.868534088135,2492
22952.86536216736,2502
22953.86290550232,2482
22954.859972000122,2502
22955.857515335083,2514
22956.854581832886,2550
22957.852125167847,2554
22958.84943008423,2528
22959.84673500061,2538
22960.84451675415,2546
22961.841821670532,2522
22964.871168136597,2518
22964.871168136597,2520
22964.871168136597,2510
22965.83080291748,2466
22966.82858467102,2502
22967.825651168823,2552
22968.823194503784,2522
22969.81978416443,2504
22970.81732749939,2504
22971.81463241577,2538
22988.76976966858,2546
22988.76976966858,2546
22988.76976966858,2516
22988.76976966858,2532
22988.76976966858,2512
22989.76707458496,2478
22989.76707458496,2536
22989.76707458496,2586
22989.76707458496,2522
22989.76707458496,2482
22989.76707458496,2490
22990.764379501343,2598
22990.764379501343,2554
22991.761445999146,2482
22991.761445999146,2478
22991.761445999146,2486
22991.761445999146,2584
22992.759704589844,2526
22992.759704589844,2532
22992.759704589844,2488
22992.759704589844,2510
22993.862867355347,2498
22996.052026748657,2554
22996.052026748657,2550
22996.748208999634,2518
22997.809886932373,2500
22998.74258041382,2520
22999.7398853302,2538
23000.765562057495,2542
23001.763105392456,2516
23002.733945846558,2552
23003.729343414307,2576
23004.72664833069,2602
23005.72371482849,2558
23006.721258163452,2538
23007.718801498413,2512
23008.715867996216,2510
23009.71531867981,2528
23010.711193084717,2504
23011.709928512573,2492
23012.733697891235,2482
23013.702869415283,2506
23014.700174331665,2510
23015.69700241089,2518
23016.69430732727,2532
23017.69185066223,2534
23018.689155578613,2504
23019.689321517944,2520
23020.684003829956,2538
23021.68107032776,2518
23022.6788520813,2502
23023.67615699768,2502
23024.673461914062,2474
23025.673627853394,2526
23026.670694351196,2550
23027.667760849,2580
23028.66506576538,2580
23029.65998649597,2574
23030.657052993774,2582
23031.656742095947,2552
23032.65404701233,2540
23033.651113510132,2550
23034.648895263672,2510
23035.64429283142,2502
23036.641120910645,2510
23037.638425827026,2494
23038.635969161987,2478
23039.63303565979,2514
23040.630340576172,2526
23041.630744934082,2544
23042.625188827515,2542
23043.622732162476,2526
23044.61979866028,2492
23045.61734199524,2486
23046.616554260254,2510
23047.613859176636,2514
23048.611640930176,2486
23049.638271331787,2476
23050.63509941101,2522
23051.629543304443,2578
23052.626609802246,2586
23053.623914718628,2586
23054.62098121643,2550
23055.590629577637,2566
23056.58721923828,2586
23057.584762573242,2556
23058.581829071045,2544
23059.579372406006,2514
23060.576677322388,2474
23061.57422065735,2516
23062.571048736572,2518
23063.568830490112,2544
23064.565896987915,2534
23065.563201904297,2534
23066.561698913574,2494
23067.558765411377,2486
23068.55607032776,2518
23069.55337524414,2532
23070.550441741943,2510
23071.547746658325,2486
23072.545051574707,2494
23073.542833328247,2482
23074.54013824463,2510
23075.53791999817,2570
23076.534748077393,2550
23077.531814575195,2568
23078.529596328735,2602
23079.526901245117,2538
23080.52396774292,2538
23081.52151107788,2522
23082.51953125,2528
23083.516597747803,2540
23084.513425827026,2554
23085.511445999146,2526
23086.50851249695,2526
23087.505340576172,2546
23088.502645492554,2558
23089.499950408936,2550
23090.497255325317,2536
23091.4945602417,2510
23092.491626739502,2474
23093.488931655884,2482
23094.486474990845,2482
23095.483779907227,2522
23096.48108482361,2512
23097.47886657715,2494
23098.47617149353,2506
23099.502325057983,2550
23100.470781326294,2574
23101.468086242676,2586
23102.46515274048,2570
23103.46269607544,2518
23104.46000099182,2510
23105.457305908203,2510
23106.454849243164,2522
23107.451677322388,2510
23108.449697494507,2510
23109.44700241089,2546
23110.44454574585,2522
23111.441612243652,2518
23112.441301345825,2548
23113.436460494995,2578
23114.433526992798,2520
23115.43083190918,2510
23116.42837524414,2522
23117.425441741943,2458
23118.423223495483,2494
23119.420289993286,2522
23120.41735649109,2546
23121.41489982605,2478
23122.411727905273,2482
23123.409509658813,2512
23124.406337738037,2558
23125.404119491577,2542
23126.40142440796,2538
23127.3992061615,2526
23128.39674949646,2514
23129.39405441284,2518
23130.391120910645,2494
23131.388187408447,2522
23132.38573074341,2530
23133.38303565979,2518
23134.38129425049,2514
23135.379314422607,2514
23136.37638092041,2594
23137.373208999634,2618
23138.370990753174,2518
23139.36686515808,2522
23140.36464691162,2526
23141.361236572266,2500
23142.358779907227,2510
23143.356800079346,2514
23144.35338973999,2490
23145.350456237793,2512
23146.347761154175,2510
23147.345304489136,2572
23148.342609405518,2558
23149.33967590332,2556
23150.336980819702,2554
23151.334524154663,2524
23152.331829071045,2542
23153.328895568848,2520
23154.32620048523,2534
23155.32350540161,2522
23156.320810317993,2510
23157.318353652954,2514
23158.318519592285,2526
23159.31272506714,2526
23160.30979156494,2538
23161.307334899902,2578
23162.335872650146,2574
23163.33055496216,2578
23164.32785987854,2584
23165.324926376343,2520
23166.327714920044,2518
23167.319774627686,2506
23168.317079544067,2510
23169.31462287903,2548
23170.314073562622,2538
23171.30970954895,2546
23172.306537628174,2528
23173.303842544556,2586
23174.275636672974,2588
23175.273180007935,2546
23176.26953125,2502
23177.29353904724,2474
23178.293704986572,2518
23179.288387298584,2546
23180.285215377808,2504
23181.28252029419,2538
23182.28030204773,2506
23183.284759521484,2512
23184.248447418213,2506
23185.272216796875,2554
23186.27142906189,2570
23187.26658821106,2526
23188.26413154602,2514
23189.23306465149,2490
23190.25945663452,2514
23191.256046295166,2510
23192.25311279297,2522
23194.250345230103,2508
23194.250345230103,2534
23195.24645805359,2574
23196.242809295654,2554
23197.239637374878,2542
23198.23718070984,2586
23199.23448562622,2546
23200.231790542603,2470
23201.203107833862,2462
23202.228784561157,2510
23203.223705291748,2506
23204.193115234375,2534
23205.1899433136,2506
23207.18479156494,2522
23208.181858062744,2510
23208.181858062744,2522
23209.179162979126,2554
23210.176706314087,2536
23211.17377281189,2538
23212.17107772827,2510
23213.16885948181,2510
23214.165925979614,2474
23216.18914604187,2486
23217.18692779541,2524
23217.18692779541,2546
23218.186855316162,2518
23219.18535232544,2516
23220.15333175659,2546
23221.14896774292,2612
23222.175359725952,2578
23223.17099571228,2546
23224.167823791504,2518
23225.165367126465,2542
23226.13573074341,2494
23227.160453796387,2474
23228.15775871277,2538
23229.159593582153,2546
23230.154991149902,2486
23231.149435043335,2482
23232.146739959717,2554
23234.12036895752,2550
23234.12036895752,2526
23236.10758781433,2520
23237.104892730713,2522
23238.101959228516,2482
23239.099264144897,2500
23240.09656906128,2510
23241.09411239624,2514
23242.091178894043,2508
23243.088722229004,2536
23244.086265563965,2500
23245.083332061768,2536
23246.08063697815,2590
23247.07794189453,2606
23248.075485229492,2550
23249.072790145874,2554
23250.070095062256,2554
23251.067638397217,2518
23252.06470489502,2514
23253.06224822998,2570
23254.059314727783,2586
23255.057096481323,2538
23256.054162979126,2510
23257.051467895508,2498
23258.04901123047,2538
23259.04631614685,2538
23260.043382644653,2526
23261.040687561035,2506
23262.038469314575,2506
23263.035774230957,2514
23264.03284072876,2526
23265.03038406372,2546
23266.02840423584,2580
23267.025470733643,2574
23268.022298812866,2518
23269.019842147827,2522
23270.01714706421,2574
23271.01421356201,2598
23272.011756896973,2570
23273.009300231934,2554
23274.006366729736,2560
23275.00343322754,2550
23276.0009765625,2582
23276.998281478882,2558
23277.995586395264,2524
23278.993368148804,2536
23279.990673065186,2518
23280.98773956299,2486
23281.99005126953,2502
23282.98592567444,2538
23283.9834690094,2538
23284.834623336792,2534
23285.911798477173,2488
23286.848306655884,2494
23287.86563873291,2494
23288.869857788086,2546
23289.86692428589,2542
23290.86446762085,2526
23291.861534118652,2540
23292.858839035034,2518
23293.856143951416,2512
23294.853448867798,2520
23295.851230621338,2552
23296.84805870056,2546
23297.876834869385,2538
23298.874616622925,2492
23299.86882209778,2534
23300.883531570435,2522
23301.868200302124,2578
23302.861213684082,2552
23303.858041763306,2556
23304.856538772583,2526
23305.853605270386,2472
23306.8528175354,2494
23307.847499847412,2552
23308.84599685669,2550
23309.845447540283,2490
23310.839653015137,2456
23311.83695793152,2476
23312.803268432617,2490
23313.80009651184,2526
23314.831972122192,2534
23315.826416015625,2522
23316.823720932007,2558
23317.824363708496,2514
23318.81880760193,2550
23319.815635681152,2582
23320.812702178955,2558
23321.809768676758,2510
23322.776317596436,2490
23323.8046169281,2522
23324.80216026306,2538
23325.80280303955,2570
23326.796531677246,2570
23327.76665687561,2586
23328.763246536255,2534
23329.78844642639,2520
23330.788135528564,2574
23331.783294677734,2578
23332.781314849854,2554
23333.781480789185,2538
23334.7749710083,2486
23335.77299118042,2454
23336.769580841064,2490
23337.76831626892,2558
23338.767766952515,2542
23339.762687683105,2538
23340.75951576233,2518
23341.76015853882,2524
23342.753887176514,2598
23343.722105026245,2558
23344.749450683594,2526
23345.747232437134,2514
23346.746683120728,2468
23347.74112701416,2512
23348.738193511963,2536
23349.738836288452,2554
23350.732803344727,2518
23351.731061935425,2520
23352.730989456177,2518
23353.724241256714,2576
23354.723930358887,2570
23355.719089508057,2552
23356.717109680176,2534
23357.717275619507,2510
23358.711004257202,2488
23359.70902442932,2470
23360.70680618286,2486
23361.703634262085,2550
23362.704038619995,2576
23363.698482513428,2550
23364.69602584839,2508
23365.696907043457,2490
23366.690397262573,2534
23367.6598072052,2526
23368.685245513916,2554
23369.682550430298,2550
23370.683193206787,2506
23371.678352355957,2506
23372.67541885376,2514
23373.67558479309,2548
23374.637365341187,2514
23375.63467025757,2502
23376.63173675537,2492
23377.628803253174,2522
23378.626108169556,2546
23379.624128341675,2538
23380.621194839478,2506
23381.61849975586,2512
23382.61580467224,2546
23383.613109588623,2542
23384.610652923584,2514
23385.607481002808,2542
23386.60502433777,2546
23387.60232925415,2532
23388.59987258911,2550
23389.63770866394,2550
23390.632152557373,2536
23391.628980636597,2526
23392.601013183594,2512
23393.634796142578,2534
23394.59180831909,2522
23395.62940597534,2522
23396.62790298462,2518
23397.619485855103,2510
23398.614645004272,2498
23399.61075782776,2522
23400.607585906982,2518
23401.607751846313,2534
23402.603149414062,2542
23403.600215911865,2488
23404.558420181274,2478
23405.55500984192,2510
23406.5523147583,2542
23407.549619674683,2538
23408.546924591064,2522
23409.544706344604,2538
23410.541534423828,2548
23411.53907775879,2540
23412.53662109375,2602
23413.533926010132,2598
23414.531230926514,2516
23415.528535842896,2490
23416.5256023407,2542
23417.52314567566,2526
23418.52045059204,2480
23419.52610015869,2462
23422.013521194458,2506
23422.013521194458,2526
23423.161506652832,2542
23424.276113510132,2578
23425.182580947876,2536
23425.698280334473,2526
23426.706075668335,2510
23427.703857421875,2520
23428.699731826782,2506
23429.697513580322,2514
23430.695056915283,2480
23431.691646575928,2456
23432.690143585205,2506
23433.68625640869,2516
23434.68427658081,2510
23435.714960098267,2538
23436.71154975891,2556
23437.70980834961,2552
23438.706636428833,2558
23439.71347808838,2526
23440.70839881897,2490
23441.709518432617,2528
23442.69609451294,2524
23443.70436668396,2488
23444.703578948975,2510
23445.688486099243,2524
23446.686267852783,2586
23447.69287109375,2576
23448.68779182434,2570
23449.639320373535,2560
23450.6676197052,2588
23451.666116714478,2558
23452.665328979492,2528
23453.628540039062,2544
23454.67448234558,2546
23455.662727355957,2538
23456.666469573975,2518
23457.65995979309,2526
23458.653211593628,2534
23459.660530090332,2516
23460.65878868103,2490
23461.655616760254,2494
23462.64410018921,2510
23463.6549949646,2534
23464.638233184814,2516
23465.627670288086,2540
23466.625213623047,2540
23467.616081237793,2542
23468.61982345581,2522
23469.634294509888,2528
23470.63136100769,2554
23471.627473831177,2606
23472.628355026245,2550
23473.62208366394,2542
23474.61986541748,2546
23475.61764717102,2578
23476.57608985901,2526
23477.57124900818,2504
23478.56307029724,2522
23479.564666748047,2526
23481.55689239502,2526
23481.55689239502,2474
23482.598304748535,2462
23483.596324920654,2454
23484.551668167114,2446
23485.54825782776,2414
23486.5882396698,2418
23487.584829330444,2390
23488.579988479614,2398
23489.579677581787,2446
23490.57674407959,2502
23491.57977104187,2522
23492.558002471924,2582
23493.57032775879,2588
23494.566679000854,2646
23495.564460754395,2666
23496.514797210693,2630
23497.51091003418,2612
23498.50821495056,2598
23499.505519866943,2558
23500.550508499146,2534
23501.548290252686,2556
23502.545833587646,2542
23503.541946411133,2506
23504.54568862915,2494
23505.536556243896,2514
23506.534337997437,2582
23507.532119750977,2574
23508.52870941162,2512
23509.527444839478,2510
23510.524034500122,2506
23511.480569839478,2512
23512.476205825806,2486
23513.473510742188,2448
23514.471292495728,2474
23515.51127433777,2518
23516.507625579834,2456
23517.504930496216,2500
23518.502712249756,2544
23519.4993019104,2528
23520.500421524048,2522
23521.494150161743,2554
23522.48215675354,2554
23523.489713668823,2534
23524.486303329468,2494
23525.48384666443,2504
23526.48138999939,2510
23527.437925338745,2518
23528.433322906494,2518
23529.430866241455,2486
23530.429124832153,2554
23531.468152999878,2614
23532.4649810791,2676
23533.462524414062,2672
23534.448862075806,2632
23535.447120666504,2608
23536.451816558838,2596
23537.45198249817,2602
23538.44904899597,2602
23539.44683074951,2606
23540.443181991577,2522
23542.439222335815,2488
23543.43557357788,2510
23544.43049430847,2542
23545.430183410645,2558
23546.427726745605,2544
23547.425746917725,2472
23547.425746917725,2478
23548.423051834106,2502
23549.42035675049,2518
23550.417184829712,2516
23551.41592025757,2494
23552.409410476685,2482
23553.40886116028,2474
23554.406881332397,2490
23555.40418624878,2538
23557.358026504517,2494
23558.35485458374,2426
23558.35485458374,2422
23559.351205825806,2448
23560.34803390503,2478
23561.38777732849,2490
23562.38627433777,2490
23563.382863998413,2486
23564.379692077637,2504
23565.377712249756,2460
23567.371368408203,2446
23567.371368408203,2408
23569.365978240967,2414
23570.363759994507,2392
23571.361780166626,2394
23572.35836982727,2392
23573.314666748047,2474
23574.310541152954,2490
23575.307846069336,2514
23576.305627822876,2522
23577.34489440918,2570
23578.34219932556,2554
23579.34045791626,2542
23580.33776283264,2554
23581.334114074707,2574
23582.332611083984,2538
23583.329677581787,2510
23584.316968917847,2490
23585.325241088867,2472
23586.321115493774,2484
23587.323904037476,2502
23588.315725326538,2526
23589.269161224365,2570
23590.29483795166,2606
23591.292142868042,2578
23592.291116714478,2574
23593.286275863647,2586
23594.28381919861,2554
23595.288038253784,2542
23596.27890586853,2542
23597.276210784912,2574
23598.273515701294,2546
23599.27725791931,2518
23600.2676486969,2546
23601.234674453735,2538
23602.262496948242,2552
23603.259325027466,2582
23604.256868362427,2610
23605.258464813232,2574
23606.25171661377,2582
23607.249975204468,2542
23608.251333236694,2534
23609.25030708313,2514
23610.250234603882,2480
23611.245155334473,2494
23612.242221832275,2426
23613.248825073242,2418
23614.234685897827,2454
23615.2286529541,2514
23616.227865219116,2550
23617.22207069397,2542
23618.21985244751,2558
23619.193077087402,2514
23620.187997817993,2534
23621.18625640869,2522
23622.182607650757,2454
23623.20637702942,2500
23624.2036819458,2534
23625.20146369934,2510
23626.171350479126,2492
23627.196311950684,2536
23628.193616867065,2570
23629.19020652771,2556
23630.189418792725,2584
23631.185293197632,2554
23632.18355178833,2550
23633.180379867554,2536
23634.177446365356,2486
23635.143756866455,2516
23636.13986968994,2534
23637.13765144348,2504
23638.134717941284,2446
23639.163970947266,2418
23640.161514282227,2482
23641.15858078003,2548
23642.15636253357,2550
23643.154621124268,2526
23644.150733947754,2558
23645.147800445557,2590
23646.146297454834,2542
23647.1426486969,2602
23648.13995361328,2622
23649.13821220398,2616
23650.1407623291,2558
23651.10492706299,2544
23652.136087417603,2598
23653.135538101196,2618
23654.12425994873,2554
23655.121326446533,2582
23656.123638153076,2522
23657.12285041809,2506
23658.123254776,2524
23659.12175178528,2518
23660.123586654663,2486
23661.12971305847,2486
23662.12511062622,2474
23663.123607635498,2468
23664.122819900513,2492
23665.06338119507,2506
23666.059970855713,2486
23667.057275772095,2454
23668.05410385132,2478
23669.052124023438,2482
23670.04919052124,2484
23671.046257019043,2478
23672.043561935425,2482
23673.041105270386,2534
23674.03817176819,2506
23675.03571510315,2502
23676.03302001953,2538
23677.030324935913,2526
23678.027629852295,2584
23679.025411605835,2576
23680.022478103638,2558
23681.05149269104,2522
23682.04951286316,2534
23683.046102523804,2522
23684.013605117798,2518
23685.016632080078,2544
23686.012506484985,2558
23687.010526657104,2558
23688.00687789917,2542
23689.005613327026,2566
23690.001249313354,2532
23690.998554229736,2514
23691.996097564697,2484
23692.9931640625,2478
23693.99094581604,2482
23694.98872756958,2430
23695.985555648804,2448
23696.985006332397,2466
23698.013067245483,2510
23699.010848999023,2478
23700.008392333984,2482
23700.97517967224,2506
23701.996326446533,2522
23702.993631362915,2454
23703.994750976562,2398
23704.988956451416,2394
23705.98530769348,2466
23706.984519958496,2460
23707.983255386353,2446
23708.983659744263,2510
23709.950923919678,2570
23710.986137390137,2574
23711.93814277649,2590
23712.934732437134,2616
23713.931798934937,2580
23714.929819107056,2558
23715.974807739258,2574
23716.97163581848,2534
23717.97013282776,2526
23718.966960906982,2524
23719.960689544678,2506
23720.96061706543,2490
23721.959590911865,2500
23722.96118736267,2490
23723.953008651733,2476
23724.95126724243,2502
23725.91519355774,2540
23726.90224647522,2510
23727.9269695282,2480
23728.923559188843,2474
23729.920625686646,2510
23730.935096740723,2502
23731.931447982788,2538
23732.92899131775,2570
23733.92677307129,2550
23734.923601150513,2526
23735.918283462524,2514
23736.918210983276,2574
23737.916231155396,2586
23738.91854286194,2598
23739.91084098816,2544
23740.90838432312,2542
23741.905212402344,2548
23742.855310440063,2498
23743.854522705078,2532
23744.881629943848,2546
23745.87869644165,2558
23746.89245223999,2554
23747.88999557495,2546
23748.886346817017,2590
23749.883890151978,2578
23750.887155532837,2574
23751.834392547607,2568
23752.875804901123,2540
23753.873586654663,2542
23754.870891571045,2502
23755.868673324585,2520
23756.86550140381,2534
23757.863521575928,2552
23758.851051330566,2542
23759.81068611145,2526
23760.807275772095,2504
23793.71976852417,2546
23794.71731185913,2550
23794.71731185913,2578
23795.714139938354,2542
23795.714139938354,2478
23796.711206436157,2470
23796.711206436157,2490
23796.711206436157,2502
23797.708988189697,2526
23797.708988189697,2492
23798.7060546875,2472
23798.7060546875,2510
23798.7060546875,2478
23799.70359802246,2490
23799.70359802246,2490
23800.700187683105,2534
23800.700187683105,2526
23801.698446273804,2528
23801.698446273804,2578
23801.698446273804,2586
23802.695274353027,2586
23802.695274353027,2602
23803.693532943726,2596
23803.693532943726,2618
23804.69059944153,2554
23804.69059944153,2574
23805.68766593933,2582
23805.68766593933,2552
23806.684494018555,2478
23806.684494018555,2456
23806.684494018555,2480
23807.682752609253,2504
23807.682752609253,2502
23808.679819107056,2470
23808.679819107056,2494
23808.679819107056,2490
23809.67688560486,2494
23809.67688560486,2484
23810.67395210266,2478
23810.67395210266,2430
23811.6717338562,2454
23811.6717338562,2430
23811.6717338562,2494
23812.668800354004,2510
23812.668800354004,2518
23813.666343688965,2522
23813.666343688965,2570
23813.666343688965,2552
23814.663887023926,2570
23814.663887023926,2550
23815.66071510315,2546
23815.66071510315,2578
23816.65802001953,2534
23816.65802001953,2512
23817.65651702881,2506
23817.65651702881,2554
23832.6153755188,2556
23833.613395690918,2576
23833.613395690918,2544
23834.609746932983,2554
23835.60824394226,2590
23835.60824394226,2578
23835.60824394226,2534
23836.604595184326,2524
23836.604595184326,2502
23837.602853775024,2478
23837.602853775024,2458
23838.599920272827,2490
23838.599920272827,2502
23839.597463607788,2450
23839.597463607788,2420
23839.597463607788,2426
23840.59453010559,2446
23840.59453010559,2478
23844.583988189697,2468
23845.58129310608,2466
23845.58129310608,2478
23845.58129310608,2482
23846.578121185303,2478
23846.578121185303,2478
23847.576141357422,2538
23847.576141357422,2550
23847.576141357422,2542
23848.572969436646,2552
23856.55164718628,2622
23856.55164718628,2610
23857.54919052124,2588
23857.54919052124,2550
23857.54919052124,2582
23858.546018600464,2600
23858.546018600464,2550
23859.544038772583,2526
23859.544038772583,2550
23859.544038772583,2558
23860.541105270386,2526
23860.541105270386,2510
23861.538648605347,2482
23861.538648605347,2482
23862.536191940308,2458
23862.536191940308,2482
23863.53349685669,2478
23863.53349685669,2494
23863.53349685669,2480
23865.527868270874,2526
23866.525173187256,2534
23867.523431777954,2578
23868.51954460144,2582
23869.518280029297,2602
23870.514631271362,2608
23871.511936187744,2638
23872.509002685547,2606
23873.506546020508,2600
23874.50361251831,2582
23875.50115585327,2578
23876.497983932495,2578
23877.496004104614,2590
23878.492832183838,2582
23879.49013710022,2584
23880.48768043518,2514
23881.48522377014,2514
23882.48300552368,2546
23883.48078727722,2526
23884.477138519287,2506
23885.47420501709,2512
23886.471033096313,2510
23886.471033096313,2490
23888.466119766235,2510
23889.463901519775,2510
23913.914680480957,2524
23913.914680480957,2478
23913.914680480957,2490
23913.914680480957,2494
23914.916038513184,2534
23914.916038513184,2512
23914.916038513184,2470
23914.916038513184,2446
23914.916038513184,2514
23914.916038513184,2506
23915.91715812683,2454
23915.91715812683,2484
23915.91715812683,2518
23915.91715812683,2494
23915.91715812683,2470
23916.914463043213,2510
23916.914463043213,2508
23916.914463043213,2470
23916.914463043213,2490
23917.912244796753,2518
23917.912244796753,2518
23917.912244796753,2476
23917.912244796753,2450
23917.912244796753,2482
23918.909311294556,2526
23918.909311294556,2602
23918.909311294556,2574
23918.909311294556,2546
23918.909311294556,2558
23918.909311294556,2582
23919.90637779236,2538
23920.90392112732,2534
23921.900987625122,2534
23922.898530960083,2504
23923.895597457886,2504
23924.893140792847,2490
23925.89020729065,2538
23926.88751220703,2504
23927.884578704834,2534
23928.882360458374,2578
23928.882360458374,2552
23930.389881134033,2546
23931.389570236206,2514
23932.389736175537,2504
23933.387517929077,2522
23934.38482284546,2528
23935.38188934326,2554
23936.378955841064,2518
23937.376499176025,2586
23938.373804092407,2634
23939.37087059021,2622
23940.36841392517,2610
23941.365718841553,2630
23942.363262176514,2648
23943.360567092896,2602
23944.357872009277,2522
23945.35517692566,2526
23946.86198234558,2550
23949.859619140625,2466
23949.859619140625,2418
23949.859619140625,2462
23950.856685638428,2502
23951.85399055481,2550
23952.85129547119,2570
23953.848361968994,2546
23954.846143722534,2558
23955.843210220337,2534
23956.84051513672,2526
23957.83805847168,2550
23958.835124969482,2614
23959.832668304443,2574
23960.830211639404,2482
23961.827754974365,2494
23961.827754974365,2526
23963.335037231445,2534
23964.335441589355,2490
23965.333223342896,2462
23966.3302898407,2408
23967.32759475708,2430
23968.324661254883,2382
23969.322443008423,2382
23970.319509506226,2354
23971.317291259766,2386
23972.31435775757,2414
23973.31142425537,2430
23974.308967590332,2490
23975.30698776245,2514
23976.303815841675,2546
23977.301120758057,2542
23978.29818725586,2610
23979.2959690094,2612
23980.292797088623,2614
23981.290340423584,2590
23982.287645339966,2570
23983.284950256348,2586
23984.28225517273,2554
23991.264581680298,2544
23991.264581680298,2558
23991.264581680298,2606
23991.264581680298,2590
23991.264581680298,2558
23992.26188659668,2534
23992.26188659668,2490
23993.67070198059,2492
23993.67070198059,2480
23994.76146697998,2494
23995.762586593628,2476
23996.769428253174,2422
23997.768878936768,2474
23998.766660690308,2494
23999.76396560669,2490
24000.761032104492,2458
24001.758337020874,2478
24002.756595611572,2510
24003.753900527954,2510
24004.752159118652,2506
24005.74779510498,2494
24006.74557685852,2486
24007.742881774902,2512
24008.739948272705,2502
24009.737253189087,2514
24010.73455810547,2578
24011.73162460327,2614
24012.728929519653,2610
24013.726234436035,2602
24014.72783088684,2578
24015.721082687378,2558
24016.71814918518,2558
24017.71569252014,2586
24018.712997436523,2538
24019.710063934326,2504
24020.707607269287,2510
24021.70491218567,2540
24022.703170776367,2578
24023.69976043701,2584
24024.697065353394,2594
24025.694608688354,2578
24026.691913604736,2556
24027.689218521118,2538
24028.6865234375,2546
24029.71577644348,2550
24030.71117401123,2480
24031.678438186646,2398
24032.675743103027,2410
24033.67280960083,2392
24034.670114517212,2426
24035.667657852173,2426
24036.664962768555,2502
24037.662506103516,2474
24038.659811019897,2486
24039.65711593628,2506
24040.654182434082,2518
24041.651487350464,2516
24042.648553848267,2544
24043.647289276123,2524
24044.671058654785,2550
24045.671224594116,2558
24046.66829109192,2546
24047.6655960083,2586
24048.662900924683,2602
24049.66115951538,2586
24050.657510757446,2544
24051.654815673828,2534
24052.65212059021,2542
24053.619384765625,2546
24054.616451263428,2508
24055.61375617981,2510
24056.61129951477,2502
24057.608604431152,2510
24058.605670928955,2542
24059.603691101074,2586
24060.600519180298,2586
24061.59782409668,2544
24062.59512901306,2484
24063.592672348022,2542
24064.589977264404,2568
24065.587043762207,2518
24066.58434867859,2496
24067.591667175293,2522
24068.57991218567,2542
24069.606065750122,2512
24070.60217857361,2522
24071.598768234253,2548
24072.596073150635,2544
24073.593378067017,2584
24074.59306716919,2518
24075.59561729431,2480
24076.587438583374,2502
24077.584743499756,2458
24078.582048416138,2472
24079.577445983887,2456
24080.57475090027,2490
24081.57229423523,2490
24082.571744918823,2448
24083.54139328003,2522
24084.537982940674,2590
24085.535526275635,2574
24086.532831192017,2522
24087.52989768982,2546
24088.5272026062,2582
24089.524507522583,2588
24090.522289276123,2540
24091.519355773926,2578
24092.517375946045,2604
24093.51420402527,2590
24094.51150894165,2502
24095.535039901733,2506
24096.532344818115,2506
24097.529649734497,2462
24098.52933883667,2366
24099.525213241577,2314
24100.522994995117,2286
24101.521730422974,2322
24102.5173664093,2334
24103.514194488525,2398
24104.511976242065,2398
24105.509042739868,2418
24106.5092086792,2478
24107.50412940979,2544
24108.501195907593,2596
24109.500885009766,2550
24110.499620437622,2482
24111.493349075317,2478
24112.49041557312,2548
24113.48795890808,2618
24114.487886428833,2602
24115.4568195343,2552
24116.453409194946,2580
24117.450714111328,2582
24118.44825744629,2586
24119.44532394409,2630
24120.442390441895,2598
24121.440172195435,2572
24122.437238693237,2582
24123.43454360962,2558
24124.43208694458,2534
24125.429391860962,2534
24126.426696777344,2580
24127.424716949463,2526
24128.421306610107,2490
24129.41861152649,2504
24130.41400909424,2508
24131.41107559204,2508
24132.408380508423,2558
24133.405923843384,2610
24134.402990341187,2616
24135.400533676147,2538
24136.39760017395,2546
24137.39514350891,2594
24138.392448425293,2570
24139.389753341675,2558
24140.387296676636,2534
24141.384601593018,2538
24142.38166809082,2542
24143.37944984436,2514
24144.376516342163,2504
24145.37787437439,2554
24146.374464035034,2558
24147.371292114258,2462
24148.369073867798,2422
24149.36661720276,2478
24150.363445281982,2504
24151.360988616943,2534
24152.358293533325,2510
24153.355360031128,2490
24154.353141784668,2504
24155.35020828247,2490
24156.347513198853,2536
24157.344579696655,2586
24158.342361450195,2514
24159.339904785156,2462
24160.33697128296,2446
24161.334991455078,2506
24162.331581115723,2526
24163.328647613525,2510
24164.326190948486,2482
24165.323972702026,2466
24166.32080078125,2558
24167.318105697632,2518
24168.315649032593,2522
24169.313192367554,2560
24170.310497283936,2522
24171.30732536316,2504
24172.3051071167,2510
24173.302173614502,2522
24174.299478530884,2526
24175.297021865845,2546
24176.294326782227,2550
24177.289247512817,2576
24178.28631401062,2550
24179.283618927002,2514
24180.280447006226,2536
24181.277751922607,2514
24182.27529525757,2518
24183.27260017395,2516
24184.269905090332,2478
24185.267686843872,2502
24186.264514923096,2518
24187.262058258057,2574
24189.2569065094,2568
24189.2569065094,2578
24191.251039505005,2546
24191.251039505005,2534
24192.27957725525,2534
24193.27735900879,2570
24194.276809692383,2558
24195.27244567871,2538
24196.269750595093,2474
24197.268962860107,2462
24198.2638835907,2490
24199.26142692566,2450
24200.25897026062,2414
24201.256036758423,2386
24202.255725860596,2494
24203.250646591187,2582
24204.24795150757,2606
24205.247402191162,2574
24206.24279975891,2590
24207.239627838135,2542
24208.236932754517,2476
24209.217309951782,2414
24210.233449935913,2406
24211.228609085083,2450
24212.226390838623,2472
24213.22536468506,2514
24214.220762252808,2546
24215.21759033203,2618
24216.221809387207,2646
24217.21315383911,2638
24218.213319778442,2622
24219.211101531982,2632
24220.20697593689,2550
24221.206665039062,2550
24222.204208374023,2526
24223.196506500244,2578
24224.197149276733,2578
24226.19128227234,2544
24226.19128227234,2538
24227.186679840088,2574
24228.18350791931,2558
24229.182958602905,2554
24231.175661087036,2554
24232.172966003418,2572
24233.17289352417,2550
24234.171867370605,2522
24235.134840011597,2520
24236.13214492798,2574
24237.128734588623,2582
24238.126039505005,2506
24239.124536514282,2458
24240.154027938843,2500
24240.154027938843,2514
24242.117881774902,2474
24243.14856529236,2490
24244.145393371582,2458
24245.145082473755,2462
24246.140003204346,2460
24247.137784957886,2478
24248.13461303711,2542
24249.13239479065,2550
24250.131368637085,2542
24251.09577178955,2526
24252.12287902832,2518
24253.119468688965,2558
24254.085779190063,2578
24255.08189201355,2502
24256.07967376709,2538
24257.07721710205,2518
24258.10694694519,2506
24259.103775024414,2502
24260.105848312378,2532
24261.102437973022,2546
24262.104034423828,2558
24263.103485107422,2546
24264.106273651123,2546
24265.106201171875,2544
24266.1075592041,2544
24267.108917236328,2498
24268.079042434692,2518
24269.076347351074,2534
24270.04313468933,2526
24271.039485931396,2506
24272.03679084778,2546
24273.03409576416,2570
24274.06334877014,2576
24275.060415267944,2558
24276.06463432312,2538
24277.05478668213,2546
24278.058290481567,2542
24279.05583381653,2558
24280.046939849854,2544
24281.050205230713,2524
24282.050371170044,2492
24283.045291900635,2502
24284.03639793396,2502
24285.009145736694,2558
24286.00549697876,2550
24287.003993988037,2538
24288.000106811523,2488
24289.023399353027,2468
24290.029525756836,2514
24291.017770767212,2510
24292.021989822388,2480
24293.012857437134,2432
24294.010877609253,2424
24295.01461982727,2490
24296.011209487915,2546
24297.00756072998,2512
24298.00772666931,2510
24299.01075363159,2510
24300.00066757202,2510
24300.959825515747,2514
24301.995038986206,2554
24302.992820739746,2570
24304.010152816772,2512
24305.00817298889,2490
24305.999517440796,2486
24306.981325149536,2542
24307.98840522766,2586
24308.987855911255,2546
24309.982776641846,2542
24310.978412628174,2546
24311.978340148926,2554
24312.97492980957,2546
24313.974618911743,2536
24314.97073173523,2524
24315.945625305176,2542
24316.948175430298,2474
24317.946434020996,2482
24318.946599960327,2494
24319.9565410614,2518
24320.953369140625,2518
24321.941375732422,2522
24322.948694229126,2510
24323.944568634033,2546
24324.92208480835,2574
24325.910806655884,2584
24326.916217803955,2606
24327.919960021973,2598
24328.917026519775,2558
24329.916954040527,2512
24330.911874771118,2524
24331.90965652466,2544
24332.92293548584,2570
24333.901166915894,2574
24334.898471832275,2552
24335.896015167236,2536
24336.89308166504,2552
24337.892770767212,2526
24338.88816833496,2510
24339.885234832764,2538
24340.884685516357,2534
24341.88985824585,2494
24342.881202697754,2482
24343.873977661133,2494
24344.870805740356,2514
24345.87001800537,2490
24346.864938735962,2470
24347.862243652344,2488
24348.830461502075,2492
24349.8272895813,2522
24350.8243560791,2474
24351.821660995483,2514
24352.818727493286,2538
24353.816270828247,2522
24354.81357574463,2478
24355.81088066101,2466
24356.80842399597,2502
24357.805728912354,2482
24358.803033828735,2518
24359.800100326538,2524
24360.7976436615,2554
24361.79780960083,2482
24362.794637680054,2486
24363.791704177856,2514
24364.789485931396,2584
24365.7865524292,2534
24366.78385734558,2514
24367.781162261963,2510
24368.779182434082,2534
24369.776487350464,2522
24370.77307701111,2552
24371.77062034607,2542
24372.76792526245,2554
24373.765230178833,2488
24374.762296676636,2504
24375.759840011597,2554
24376.7569065094,2550
24377.75468826294,2480
24378.7522315979,2442
24379.749536514282,2486
24380.746841430664,2546
24381.743669509888,2544
24382.74121284485,2512
24383.73827934265,2534
24384.735822677612,2526
24385.733366012573,2554
24386.728763580322,2542
24387.725591659546,2534
24388.723134994507,2510
24389.72043991089,2508
24390.71750640869,2458
24391.715049743652,2514
24394.372940063477,2512
24394.372940063477,2550
24394.372940063477,2570
24395.4918384552,2598
24396.437644958496,2576
24397.53818511963,2534
24398.566961288452,2538
24399.563312530518,2548
24400.56037902832,2524
24401.55816078186,2494
24402.554988861084,2486
24403.55396270752,2446
24404.550552368164,2482
24405.547857284546,2494
24406.545639038086,2516
24407.546520233154,2494
24408.539533615112,2528
24409.536361694336,2542
24410.533666610718,2554
24411.532640457153,2518
24412.52899169922,2526
24413.525819778442,2510
24414.525270462036,2462
24415.521383285522,2486
24416.518449783325,2494
24417.52529144287,2534
24418.513298034668,2554
24419.512271881104,2610
24420.50814628601,2598
24421.505451202393,2544
24422.50370979309,2558
24423.474311828613,2558
24424.471616744995,2554
24425.498485565186,2570
24426.492929458618,2514
24427.49071121216,2516
24428.486585617065,2482
24429.483652114868,2510
24430.482625961304,2538
24431.47873878479,2542
24432.476043701172,2510
24433.473348617554,2518
24434.470891952515,2538
24435.474395751953,2574
24436.46502494812,2542
24437.46280670166,2478
24438.46106529236,2502
24439.457654953003,2502
24440.454483032227,2494
24441.45369529724,2502
24442.449808120728,2502
24443.448305130005,2510
24444.443941116333,2482
24445.441484451294,2494
24446.439743041992,2518
24447.4356174469,2510
24448.43363761902,2506
24449.43118095398,2490
24450.428009033203,2546
24451.42698287964,2542
24452.422857284546,2510
24453.41968536377,2534
24454.418659210205,2574
24455.38854598999,2586
24456.385374069214,2526
24457.382440567017,2518
24458.379983901978,2552
24459.37752723694,2554
24460.37483215332,2534
24461.37261390686,2546
24462.369680404663,2540
24463.366746902466,2534
24464.364290237427,2502
24465.36159515381,2516
24466.35890007019,2560
24467.355966567993,2550
24468.35422515869,2550
24469.351768493652,2554
24470.378637313843,2526
24471.37451171875,2544
24472.376346588135,2508
24473.369121551514,2522
24474.366903305054,2542
24475.36540031433,2554
24476.33457183838,2538
24477.360725402832,2542
24478.35946083069,2582
24479.35652732849,2580
24480.353116989136,2510
24481.351137161255,2460
24482.348203659058,2482
24483.346462249756,2538
24484.347105026245,2538
24485.339879989624,2476
24486.338138580322,2488
24487.33425140381,2462
24488.338470458984,2482
24489.328861236572,2546
24490.325927734375,2546
24491.32513999939,2554
24492.321014404297,2542
24493.318557739258,2482
24494.317054748535,2542
24495.312690734863,2544
24496.31094932556,2534
24497.307777404785,2488
24498.307704925537,2482
24499.303817749023,2518
24501.266717910767,2602
24502.2611618042,2538
24503.26108932495,2522
24504.260063171387,2574
24505.25689125061,2582
24506.253480911255,2550
24507.27152824402,2520
24508.267164230347,2550
24509.24277305603,2554
24510.274171829224,2510
24510.274171829224,2474
24512.26782798767,2450
24513.267755508423,2482
24514.250993728638,2510
24514.250993728638,2512
24515.26165008545,2570
24516.258001327515,2554
24517.25435256958,2502
24519.24228668213,2454
24520.245790481567,2502
24521.243810653687,2542
24522.24111557007,2498
24523.239850997925,2458
24524.23596382141,2450
24525.232791900635,2526
24526.201963424683,2514
24527.227878570557,2514
24528.22518348694,2494
24529.22296524048,2544
24530.213594436646,2538
24531.21852874756,2516
24532.215356826782,2542
24533.211708068848,2574
24534.210681915283,2574
24535.20631790161,2514
24536.203622817993,2502
24537.201404571533,2514
24538.19179534912,2538
24539.196968078613,2554
24540.186166763306,2546
24541.19110107422,2544
24542.193174362183,2526
24543.187379837036,2494
24544.17634010315,2506
24545.179843902588,2514
24546.172857284546,2542
24547.14345932007,2482
24548.174619674683,2482
24549.172163009644,2534
24550.16326904297,2534
24551.16367340088,2524
24552.16097831726,2538
24553.158283233643,2518
24554.156064987183,2574
24555.15456199646,2522
24556.150436401367,2510
24557.14201927185,2518
24558.143377304077,2586
24559.13996696472,2568
24560.14060974121,2526
24561.136722564697,2510
24562.13641166687,2526
24563.130140304565,2574
24564.12625312805,2574
24565.123558044434,2544
24566.121816635132,2540
24567.116498947144,2502
24568.113565444946,2458
24569.111108779907,2478
24570.10841369629,2482
24571.107149124146,2536
24572.103023529053,2488
24573.100566864014,2482
24574.09954071045,2486
24575.095415115356,2518
24576.088905334473,2548
24577.06046104431,2550
24578.057289123535,2546
24579.054832458496,2510
24580.0518989563,2502
24581.04944229126,2510
24582.046270370483,2556
24583.044052124023,2598
24584.041118621826,2570
24585.038423538208,2540
24586.03596687317,2538
24587.03327178955,2590
24588.030338287354,2578
24589.027881622314,2582
24590.025186538696,2542
24591.022491455078,2518
24592.01979637146,2506
24593.01996231079,2470
24594.016790390015,2494
24595.014333724976,2502
24596.01140022278,2470
24597.00846672058,2494
24598.00624847412,2538
24599.00403022766,2542
24600.000858306885,2538
24600.997924804688,2502
24601.995706558228,2522
24602.99277305603,2522
24603.99055480957,2490
24604.987859725952,2478
24605.984926223755,2488
24606.982231140137,2520
24607.979774475098,2514
24608.975410461426,2470
24609.97462272644,2488
24610.971450805664,2526
24611.968994140625,2540
24612.966060638428,2554
24613.96336555481,2546
24614.96067047119,2522
24615.957975387573,2514
24616.955518722534,2486
24617.952585220337,2494
24618.950128555298,2514
24619.94743347168,2510
24620.944499969482,2458
24621.942043304443,2470
24622.939348220825,2522
24623.937368392944,2518
24624.934196472168,2490
24625.93173980713,2486
24626.92880630493,2486
24627.926111221313,2504
24628.923892974854,2490
24629.920721054077,2478
24630.91802597046,2510
24631.91533088684,2502
24632.9128742218,2480
24633.910179138184,2488
24634.907484054565,2520
24635.904550552368,2568
24636.90209388733,2558
24637.89939880371,2586
24638.89765739441,2540
24640.864849090576,2508
24640.864849090576,2510
24641.93034172058,2550
24642.871618270874,2538
24643.877744674683,2546
24644.876718521118,2526
24645.8740234375,2490
24646.871328353882,2520
24647.868871688843,2550
24648.866176605225,2570
24649.863481521606,2578
24650.861024856567,2526
24651.85809135437,2534
24652.855396270752,2542
24653.852462768555,2574
24654.850482940674,2550
24655.847549438477,2488
24656.845092773438,2526
24657.84215927124,2526
24658.839464187622,2538
24659.836769104004,2526
24660.833835601807,2526
24661.831378936768,2550
24662.82868385315,2544
24663.82598876953,2510
24664.823532104492,2546
24665.820837020874,2544
24666.818141937256,2542
24667.81520843506,2508
24668.8129901886,2522
24669.81029510498,2544
24670.807361602783,2522
24671.804666519165,2490
24672.802209854126,2534
24673.79927635193,2544
24674.79658126831,2510
24675.793886184692,2478
24676.791191101074,2474
24677.788496017456,2502
24678.786039352417,2506
24679.7833442688,2514
24680.78064918518,2526
24681.777954101562,2520
24682.775259017944,2474
24683.772563934326,2482
24684.770345687866,2542
24685.76741218567,2558
24686.76471710205,2510
24687.762022018433,2478
24688.771963119507,2502
24689.756870269775,2478
24690.753936767578,2512
24691.75124168396,2550
24692.74878501892,2576
24693.745851516724,2536
24694.743156433105,2514
24695.740461349487,2542
24696.73800468445,2574
24697.73507118225,2518
24698.732376098633,2486
24699.729919433594,2490
24700.727462768555,2494
24701.724529266357,2488
24702.72159576416,2490
24703.71913909912,2502
24704.716444015503,2544
24705.713748931885,2520
24706.711292266846,2500
24707.708597183228,2548
24708.70590209961,2546
24709.702968597412,2546
24710.700511932373,2522
24711.697816848755,2546
24712.695121765137,2512
24713.692665100098,2506
24714.6897315979,2478
24715.6879901886,2542
24716.684579849243,2550
24717.71740913391,2542
24718.7077999115,2494
24719.704627990723,2556
24720.706462860107,2542
24721.698999404907,2574
24722.699403762817,2558
24723.69384765625,2568
24724.69186782837,2504
24725.68941116333,2486
24726.686716079712,2486
24727.683544158936,2526
24728.680849075317,2520
24729.681253433228,2460
24730.649948120117,2458
24731.672286987305,2488
24732.669353485107,2510
24733.66928100586,2516
24734.66396331787,2510
24735.66174507141,2466
24736.659049987793,2518
24737.655878067017,2494
24738.657236099243,2514
24739.651679992676,2522
24740.650177001953,2526
24741.649627685547,2502
24742.618083953857,2504
24743.641138076782,2522
24744.638681411743,2586
24745.635747909546,2584
24746.63543701172,2522
24747.630834579468,2546
24748.62766265869,2570
24749.62830543518,2538
24750.622749328613,2554
24751.619815826416,2534
24752.617120742798,2554
24753.61442565918,2554
24754.614114761353,2510
24755.611181259155,2526
24756.607055664062,2522
24757.607460021973,2542
24758.602142333984,2498
24759.599447250366,2510
24760.597944259644,2526
24761.59429550171,2522
24762.5629901886,2522
24763.561725616455,2546
24764.586210250854,2550
24765.586376190186,2592
24766.58058166504,2526
24767.558336257935,2538
24768.5763835907,2540
24769.572734832764,2524
24770.541429519653,2534
24771.538257598877,2502
24772.53532409668,2492
24773.53286743164,2478
24774.530172348022,2512
24775.527477264404,2516
24776.524782180786,2544
24777.522325515747,2546
24778.51963043213,2550
24779.51717376709,2526
24780.514240264893,2554
24781.511545181274,2550
24782.508611679077,2526
24783.506155014038,2450
24784.503698349,2410
24785.5007648468,2462
24786.498069763184,2544
24787.495374679565,2534
24788.492679595947,2536
24789.49022293091,2538
24790.48752784729,2534
24791.484832763672,2550
24792.482376098633,2538
24793.479681015015,2542
24794.476747512817,2526
24795.4740524292,2506
24796.47135734558,2498
24797.468900680542,2506
24798.466205596924,2470
24799.463510513306,2482
24800.46057701111,2476
24801.45812034607,2534
24802.45542526245,2538
24803.452730178833,2552
24804.450273513794,2526
24805.447340011597,2518
24806.44464492798,2482
24807.44194984436,2480
24808.44283103943,2478
24809.438705444336,2482
24810.466051101685,2488
24811.463117599487,2482
24812.458992004395,2482
24813.45820426941,2520
24814.453125,2518
24815.450191497803,2476
24816.4484500885,2546
24817.444801330566,2544
24818.44449043274,2574
24819.43941116333,2514
24820.436477661133,2554
24821.436882019043,2502
24822.432279586792,2482
24823.402881622314,2522
24824.398517608643,2618
24825.42371749878,2582
24826.42412185669,2550
24827.418327331543,2534
24828.415393829346,2586
24829.415559768677,2550
24830.410480499268,2576
24831.408262252808,2536
24832.40580558777,2502
24833.402156829834,2488
24834.37204360962,2514
24835.397720336914,2534
24836.3938331604,2510
24837.395668029785,2478
24838.359832763672,2494
24839.357137680054,2486
24840.354204177856,2502
24841.35150909424,2486
24842.3490524292,2478
24843.34635734558,2490
24844.343423843384,2518
24845.340728759766,2510
24846.338272094727,2462
24847.33557701111,2522
24848.33288192749,2518
24849.33042526245,2534
24850.327491760254,2510
24851.325035095215,2522
24852.322101593018,2544
24853.31964492798,2524
24854.31742668152,2548
24855.31449317932,2542
24856.312036514282,2522
24857.309103012085,2534
24858.306169509888,2526
24859.30347442627,2536
24860.30101776123,2542
24861.298084259033,2594
24862.295627593994,2586
24863.292694091797,2538
24864.290237426758,2546
24865.28754234314,2544
24866.28484725952,2522
24867.282152175903,2510
24869.27843093872,2518
24870.275020599365,2490
24870.275020599365,2490
24871.272325515747,2502
24872.272491455078,2510
24873.2693195343,2534
24874.266147613525,2542
24875.263690948486,2526
24876.260995864868,2522
24877.25853919983,2546
24878.25584411621,2550
24879.253387451172,2494
24880.250215530396,2502
24881.247520446777,2522
24882.24506378174,2510
24883.24236869812,2522
24884.240865707397,2526
24885.237455368042,2546
24886.234521865845,2522
24887.231826782227,2576
24888.22889328003,2542
24889.22643661499,2506
24890.223503112793,2518
24891.220808029175,2510
24892.218351364136,2502
24893.215656280518,2452
24894.2129611969,2450
24895.21026611328,2482
24896.207809448242,2472
24898.200035095215,2508
24899.197101593018,2542
24899.197101593018,2546
24900.224447250366,2544
24901.224851608276,2524
24902.21905708313,2510
24903.21660041809,2540
24904.213905334473,2554
24905.211210250854,2490
24906.210899353027,2486
24907.205820083618,2522
24908.205032348633,2578
24909.200429916382,2540
24910.197734832764,2522
24911.195039749146,2578
24912.192344665527,2550
24913.194179534912,2530
24914.18981552124,2544
24916.152238845825,2550
24916.152238845825,2540
24917.763710021973,2490
24918.79916191101,2512
24919.830322265625,2474
24920.949459075928,2490
24921.979904174805,2534
24922.950744628906,2518
24923.978567123413,2520
24924.97181892395,2502
24925.941228866577,2486
24926.96714401245,2518
24927.963972091675,2526
24928.961992263794,2518
24929.958820343018,2524
24930.925369262695,2504
24931.92219734192,2522
24932.91974067688,2506
24933.91704559326,2522
24934.914350509644,2526
24935.911893844604,2534
24936.909198760986,2538
24937.90626525879,2552
24938.90380859375,2552
24939.901113510132,2522
24940.898418426514,2576
24941.895723342896,2594
24942.893028259277,2522
24943.89033317566,2482
24944.88763809204,2482
24945.88565826416,2578
24946.882486343384,2542
24947.879791259766,2526
24948.87685775757,2508
24949.87440109253,2486
24950.87170600891,2458
24951.869010925293,2478
24952.866554260254,2590
24953.863620758057,2544
24954.86092567444,2518
24955.8584690094,2518
24956.85577392578,2534
24957.853078842163,2546
24958.850383758545,2534
24959.847927093506,2514
24960.84499359131,2502
24961.872816085815,2534
24962.87226676941,2506
24963.867902755737,2522
24964.864492416382,2538
24965.864658355713,2520
24966.859102249146,2494
24967.85616874695,2494
24968.854427337646,2554
24969.82169151306,2504
24970.85165977478,2512
24971.84705734253,2538
24972.843647003174,2534
24973.843574523926,2502
24974.83801841736,2510
24975.846767425537,2480
24976.832628250122,2494
24977.8311252594,2534
24978.830575942993,2510
24979.824542999268,2502
24980.822563171387,2494
24981.82201385498,2486
24982.81764984131,2534
24983.814239501953,2528
24984.81249809265,2538
24985.809087753296,2502
24986.80877685547,2486
24987.8032207489,2510
24988.800764083862,2558
24989.800691604614,2522
24990.795135498047,2510
24991.793394088745,2510
24992.76375770569,2510
24993.78728866577,2526
24994.786977767944,2552
24995.782613754272,2546
24996.779203414917,2546
24997.779607772827,2526
24998.774528503418,2520
24999.77445602417,2522
25000.771045684814,2542
25001.739263534546,2492
25002.77280807495,2450
25003.762006759644,2450
25004.759788513184,2490
25005.759716033936,2486
25006.755113601685,2494
25007.75146484375,2540
25008.751153945923,2544
25009.718894958496,2510
25010.7159614563,2490
25011.71040534973,2526
25012.707471847534,2522
25013.741493225098,2490
25014.735221862793,2470
25015.73348045349,2468
25016.73173904419,2506
25017.696619033813,2522
25018.72754096985,2516
25019.722938537598,2526
25020.719051361084,2554
25021.719217300415,2526
25022.71342277527,2542
25023.712158203125,2542
25024.709224700928,2538
25025.705814361572,2516
25026.705503463745,2470
25027.700424194336,2490
25028.698205947876,2518
25029.69789505005,2504
25030.69257736206,2500
25031.6960811615,2470
25032.686948776245,2512
25033.684730529785,2526
25034.689903259277,2518
25035.680055618286,2506
25036.67640686035,2526
25037.676572799683,2512
25038.671016693115,2490
25039.639949798584,2510
25040.63653945923,2506
25041.63360595703,2508
25042.633533477783,2542
25043.651819229126,2582
25044.64888572693,2578
25045.64642906189,2578
25046.64373397827,2558
25047.641277313232,2542
25048.638105392456,2546
25049.643516540527,2544
25050.633192062378,2524
25051.6300201416,2558
25052.636861801147,2546
25053.63392829895,2516
25054.628610610962,2538
25055.625915527344,2542
25056.623220443726,2552
25057.624578475952,2522
25058.61234664917,2520
25059.609174728394,2540
25060.606241226196,2518
25061.612367630005,2526
25062.607049942017,2520
25063.6043548584,2514
25064.60189819336,2512
25065.59944152832,2538
25066.599369049072,2544
25067.5630569458,2554
25068.58468055725,2594
25069.591283798218,2576
25070.586919784546,2550
25071.552515029907,2536
25072.574377059937,2538
25073.577880859375,2590
25074.57733154297,2616
25075.57225227356,2602
25076.57027244568,2570
25077.56996154785,2512
25078.531980514526,2514
25079.562425613403,2516
25080.561637878418,2542
25081.55655860901,2546
25082.55624771118,2520
25083.55140686035,2484
25084.548473358154,2422
25085.540056228638,2478
25086.53688430786,2510
25087.540864944458,2472
25088.53244781494,2472
25089.534997940063,2512
25090.534448623657,2572
25091.529607772827,2602
25092.527389526367,2602
25093.52707862854,2604
25094.52199935913,2558
25095.519065856934,2514
25096.516132354736,2526
25097.514152526855,2556
25098.514556884766,2554
25099.50828552246,2484
25100.506067276,2428
25101.47476196289,2474
25102.470874786377,2450
25103.46817970276,2446
25104.496240615845,2478
25105.49283027649,2486
25106.491804122925,2474
25107.48839378357,2426
25108.484268188477,2394
25109.484910964966,2422
25110.479593276978,2450
25111.4764213562,2416
25112.47420310974,2406
25113.471031188965,2454
25114.471912384033,2534
25115.465879440308,2546
25116.46342277527,2546
25117.4635887146,2578
25118.459224700928,2582
25119.455575942993,2578
25120.453119277954,2570
25121.449947357178,2570
25122.44987487793,2598
25123.44479560852,2554
25124.44233894348,2512
25125.442266464233,2578
25126.436471939087,2558
25127.43377685547,2574
25128.43132019043,2542
25129.42862510681,2630
25130.434274673462,2602
25131.41703605652,2558
25132.413864135742,2538
25133.420705795288,2520
25134.384632110596,2486
25135.41269302368,2502
25136.409521102905,2478
25137.407302856445,2514
25138.40675354004,2524
25139.40167427063,2538
25140.403032302856,2526
25141.399145126343,2522
25142.393589019775,2504
25143.399000167847,2474
25144.388437271118,2466
25145.38621902466,2470
25146.38638496399,2478
25148.372411727905,2472
25149.377822875977,2474
25150.372743606567,2462
25150.372743606567,2448
25151.36981010437,2428
25152.36759185791,2514
25154.32906150818,2536
25154.32906150818,2546
25155.325651168823,2466
25156.322717666626,2520
25157.320022583008,2518
25158.31756591797,2546
25159.31487083435,2546
25160.311937332153,2546
25161.309242248535,2546
25162.306785583496,2552
25163.304328918457,2614
25164.30115699768,2596
25165.298461914062,2570
25166.296005249023,2500
25167.293310165405,2454
25168.290853500366,2450
25169.288158416748,2490
25170.28522491455,2482
25171.282529830933,2486
25172.279834747314,2458
25173.277378082275,2520
25174.274682998657,2484
25175.272226333618,2514
25177.266597747803,2546
25178.263902664185,2570
25178.263902664185,2542
25179.262161254883,2506
25180.258750915527,2514
25182.25336074829,2506
25183.250904083252,2502
25184.247970581055,2458
25185.245513916016,2470
25186.242818832397,2478
25187.24012374878,2494
25188.23766708374,2526
25189.234733581543,2526
25190.232276916504,2518
25191.229581832886,2520
25192.22664833069,2488
25193.22419166565,2518
25194.22149658203,2510
25195.219039916992,2526
25195.219039916992,2518
25196.216106414795,2578
25198.21071624756,2590
25199.20802116394,2548
25200.2055644989,2586
25201.202630996704,2610
25202.199935913086,2614
25203.197240829468,2654
25204.19478416443,2590
25205.19208908081,2538
25206.189393997192,2498
25207.186937332153,2544
25208.184003829956,2612
25209.181308746338,2612
25210.179805755615,2550
25211.17663383484,2526
25212.17370033264,2590
25213.170766830444,2586
25214.167833328247,2578
25215.165376663208,2524
25216.16268157959,2480
25217.15998649597,2478
25218.157529830933,2446
25219.154596328735,2474
25220.151901245117,2472
25221.1492061615,2424
25222.14674949646,2446
25223.14405441284,2458
25224.141359329224,2506
25225.139617919922,2510
25226.136207580566,2526
25227.133989334106,2542
25228.13081741333,2482
25229.12859916687,2478
25230.125427246094,2458
25231.122732162476,2498
25232.120275497437,2526
25233.11758041382,2514
25234.11464691162,2490
25235.11242866516,2482
25236.109495162964,2514
25237.106800079346,2582
25238.104104995728,2574
25239.10164833069,2550
25240.09871482849,2542
25241.09721183777,2558
25242.09427833557,2582
25243.184328079224,2586
25244.088649749756,2556
25245.09906768799,2548
25246.099710464478,2526
25246.6037273407,2520
25247.60413169861,2554
25248.60143661499,2550
25249.598741531372,2526
25250.596046447754,2512
25251.593112945557,2502
25252.59041786194,2502
25253.58748435974,2518
25254.58526611328,2546
25255.582332611084,2526
25256.611108779907,2534
25257.60817527771,2544
25258.60548019409,2542
25259.603023529053,2554
25260.60199737549,2546
25261.59977912903,2538
25262.596130371094,2558
25263.593673706055,2558
25264.59002494812,2546
25265.587091445923,2550
25266.583919525146,2526
25267.55166053772,2542
25268.550395965576,2554
25269.57607269287,2540
25270.57385444641,2518
25271.572589874268,2516
25272.568464279175,2522
25273.565769195557,2502
25274.563550949097,2492
25275.5606174469,2458
25276.559591293335,2426
25277.557134628296,2450
25278.55348587036,2462
25279.550790786743,2498
25280.54714202881,2490
25281.54444694519,2488
25282.54199028015,2510
25283.540964126587,2528
25284.53826904297,2554
25285.53342819214,2538
25286.499977111816,2522
25287.49704360962,2522
25288.49458694458,2506
25289.493799209595,2576
25290.520429611206,2574
25291.51725769043,2534
25292.516946792603,2494
25293.51234436035,2536
25294.513702392578,2534
25295.50838470459,2554
25296.504020690918,2574
25297.5013256073,2552
25298.499584197998,2522
25299.49641227722,2538
25300.495386123657,2538
25301.46026611328,2518
25302.488565444946,2490
25303.486824035645,2510
25304.48293685913,2486
25305.480241775513,2538
25306.477546691895,2514
25307.475328445435,2510
25308.47430229187,2548
25309.46946144104,2578
25310.46724319458,2538
25311.46550178528,2534
25312.462329864502,2570
25313.459157943726,2526
25314.456462860107,2520
25315.45329093933,2482
25316.423654556274,2506
25317.42024421692,2482
25318.418264389038,2486
25319.414615631104,2468
25320.412158966064,2480
25321.409702301025,2478
25322.407245635986,2488
25323.40407371521,2482
25324.40161705017,2510
25325.398683547974,2482
25326.395988464355,2486
25327.393531799316,2510
25328.3908367157,2550
25329.38838005066,2546
25330.38592338562,2494
25331.382751464844,2484
25332.377672195435,2574
25333.37426185608,2610
25334.37204360962,2558
25335.369110107422,2550
25336.366415023804,2506
25337.363481521606,2476
25338.361024856567,2478
25339.35832977295,2518
25340.35563468933,2520
25341.353178024292,2516
25342.350244522095,2486
25343.347787857056,2470
25344.345331192017,2482
25345.34239768982,2514
25346.3397026062,2516
25347.337007522583,2486
25348.33550453186,2474
25349.332332611084,2502
25350.329637527466,2526
25351.330280303955,2550
25352.32710838318,2538
25353.32417488098,2550
25354.321479797363,2542
25355.318784713745,2538
25356.316089630127,2586
25357.313871383667,2574
25358.31069946289,2546
25359.30895805359,2532
25360.305547714233,2514
25361.302614212036,2482
25362.300157546997,2504
25363.325595855713,2502
25364.324808120728,2534
25365.325450897217,2518
25367.284297943115,2510
25367.284297943115,2500
25368.28112602234,2512
25369.27843093872,2482
25370.275735855103,2526
25371.273040771484,2542
25372.270107269287,2522
25373.267650604248,2470
25374.26495552063,2482
25375.26226043701,2510
25376.26004219055,2556
25378.254890441895,2622
25379.252195358276,2582
25379.252195358276,2586
25380.253076553345,2526
25381.277561187744,2526
25382.278442382812,2534
25383.273601531982,2516
25384.24801826477,2510
25385.271549224854,2482
25386.26527786255,2480
25387.261629104614,2486
25388.26084136963,2498
25389.256238937378,2484
25390.25354385376,2534
25391.252279281616,2526
25392.248153686523,2518
25393.246173858643,2466
25394.214391708374,2454
25395.24006843567,2470
25396.239519119263,2486
25397.23491668701,2506
25398.237943649292,2514
25399.232149124146,2518
25400.227069854736,2526
25401.22413635254,2554
25403.218507766724,2602
25403.218507766724,2630
25404.218196868896,2582
25406.210899353027,2580
25407.209634780884,2580
25408.20598602295,2578
25409.203052520752,2584
25410.170793533325,2542
25411.16976737976,2526
25412.238359451294,2516
25413.16294670105,2530
25414.172649383545,2554
25414.225101470947,2572
25415.676593780518,2550
25416.67628288269,2534
25417.673349380493,2510
25418.670654296875,2518
25419.668197631836,2526
25420.665502548218,2522
25421.6628074646,2516
25422.659873962402,2462
25423.657417297363,2514
25424.654722213745,2522
25425.652265548706,2550
25426.649570465088,2578
25427.64663696289,2546
25428.643941879272,2522
25429.641246795654,2568
25430.639028549194,2576
25431.636095046997,2570
25432.63339996338,2538
25433.63070487976,2548
25434.628009796143,2566
25435.625314712524,2538
25436.622619628906,2526
25437.619924545288,2526
25438.61722946167,2546
25439.61453437805,2480
25440.612077713013,2472
25441.61033630371,2462
25442.606925964355,2468
25443.608045578003,2472
25444.604635238647,2502
25445.60217857361,2454
25446.59924507141,2450
25447.596311569214,2490
25448.593616485596,2506
25449.591636657715,2538
25450.588703155518,2518
25451.58576965332,2512
25452.583074569702,2502
25453.580379486084,2522
25454.577445983887,2510
25455.574989318848,2546
25456.600427627563,2550
25457.59892463684,2534
25458.595037460327,2548
25459.592580795288,2540
25460.591077804565,2534
25461.586713790894,2554
25462.58592605591,2534
25463.581562042236,2524
25464.579582214355,2508
25465.577602386475,2490
25466.57395362854,2490
25467.55075454712,2484
25468.568086624146,2490
25469.566345214844,2500
25470.56484222412,2492
25471.532344818115,2470
25472.55825996399,2502
25473.55604171753,2540
25474.552392959595,2534
25475.549936294556,2514
25476.54700279236,2522
25477.5447845459,2518
25478.543281555176,2502
25479.53963279724,2472
25480.536460876465,2494
25481.534957885742,2470
25482.531309127808,2490
25483.499765396118,2486
25484.498023986816,2488
25485.493659973145,2514
25486.513137817383,2538
25487.48755455017,2510
25488.484382629395,2536
25489.481925964355,2506
25490.482568740845,2492
25491.47915840149,2496
25492.47646331787,2526
25493.47448348999,2498
25494.471073150635,2458
25495.468139648438,2424
25496.46544456482,2462
25497.46322631836,2502
25498.460054397583,2544
25499.457836151123,2574
25500.455141067505,2538
25501.452207565308,2558
25502.447605133057,2526
25503.44491004944,2576
25504.44197654724,2552
25505.44238090515,2540
25506.439208984375,2526
25507.436513900757,2546
25508.434057235718,2552
25509.43160057068,2538
25510.428190231323,2486
25511.425733566284,2538
25512.423038482666,2536
25513.42010498047,2534
25514.41764831543,2534
25515.41495323181,2510
25516.412496566772,2526
25517.438173294067,2510
25518.436670303345,2510
25519.434452056885,2470
25520.43080329895,2470
25521.42882347107,2494
25522.425413131714,2518
25523.422241210938,2536
25524.420499801636,2534
25525.417804718018,2502
25526.416063308716,2488
25527.412176132202,2506
25528.409957885742,2550
25529.407739639282,2522
25530.404090881348,2542
25531.40139579773,2482
25532.398462295532,2516
25533.3993434906,2494
25534.363746643066,2502
25535.390377044678,2558
25536.391496658325,2508
25538.35153579712,2522
25538.35153579712,2528
25539.348125457764,2546
25540.345191955566,2550
25541.34249687195,2598
25542.34004020691,2606
25543.33734512329,2586
25544.334411621094,2514
25545.331954956055,2530
25546.329259872437,2598
25547.32656478882,2598
25548.32649230957,2522
25549.354314804077,2502
25550.352334976196,2490
25551.347494125366,2514
25552.347421646118,2526
25553.343534469604,2568
25554.33988571167,2546
25555.33742904663,2538
25556.33497238159,2500
25557.332515716553,2512
25558.33077430725,2578
25559.29732322693,2526
25560.32395362854,2522
25561.322450637817,2462
25562.319040298462,2474
25563.31491470337,2486
25564.31293487549,2492
25565.31023979187,2502
25566.309452056885,2544
25567.30580329895,2538
25568.302631378174,2516
25569.300889968872,2546
25570.29700279236,2554
25571.29454612732,2578
25572.29208946228,2588
25573.2901096344,2538
25574.288368225098,2512
25575.283765792847,2484
25576.281309127808,2520
25577.279567718506,2502
25579.243659973145,2506
25580.269813537598,2502
25581.26974105835,2528
25581.26974105835,2526
25582.266330718994,2540
25583.261728286743,2554
25584.259033203125,2526
25585.257530212402,2554
25586.254358291626,2514
25587.251901626587,2490
25588.250875473022,2514
25589.245557785034,2534
25590.24453163147,2504
25591.240406036377,2542
25592.237949371338,2486
25593.236446380615,2590
25594.23303604126,2556
25595.229625701904,2598
25596.227884292603,2574
25597.224235534668,2584
25598.223209381104,2524
25599.223852157593,2502
25601.21488571167,2532
25602.211475372314,2522
25603.209018707275,2514
25604.207277297974,2454
25605.2029132843,2458
25606.202363967896,2490
25607.197761535645,2542
25608.195304870605,2488
25609.196424484253,2534
25610.159397125244,2574
25611.186981201172,2590
25612.186670303345,2514
25613.182306289673,2534
25614.18080329895,2518
25615.176677703857,2516
25616.175413131714,2494
25617.1715259552,2470
25618.173360824585,2542
25619.165658950806,2582
25620.163679122925,2522
25621.164798736572,2506
25622.165203094482,2526
25623.162031173706,2526
25624.14789199829,2522
25625.153303146362,2510
25626.14893913269,2526
25627.143383026123,2576
25628.14211845398,2518
25629.139184951782,2482
25630.13792037964,2522
25631.136417388916,2520
25632.132291793823,2518
25633.129358291626,2482
25634.12594795227,2522
25635.09511947632,2502
25636.121034622192,2490
25637.118101119995,2526
25638.11683654785,2550
25639.11724090576,2542
25640.11025428772,2540
25641.076803207397,2538
25642.104625701904,2542
25643.07427406311,2538
25644.100427627563,2558
25645.097017288208,2558
25646.095752716064,2538
25647.091388702393,2518
25648.08940887451,2502
25649.089336395264,2534
25650.086641311646,2542
25651.051998138428,2578
25652.084350585938,2582
25653.082847595215,2584
25654.08682823181,2510
25655.083894729614,2482
25656.084537506104,2534
25657.065868377686,2570
25658.061981201172,2510
25659.05523300171,2442
25660.053968429565,2410
25661.053895950317,2454
25662.052631378174,2486
25663.04874420166,2542
25664.046049118042,2552
25665.04716873169,2548
25666.041374206543,2526
25667.038679122925,2558
25668.035745620728,2610
25669.03281211853,2586
25670.031309127808,2542
25671.027183532715,2500
25672.024726867676,2474
25673.022747039795,2470
25674.02172088623,2518
25675.0168800354,2536
25676.015853881836,2602
25677.011966705322,2570
25678.01022529602,2550
25679.006814956665,2554
25680.00364303589,2622
25681.001663208008,2606
25682.000160217285,2590
25682.995319366455,2526
25683.99477005005,2526
25684.993267059326,2482
25685.990810394287,2506
25686.989307403564,2506
25687.989711761475,2522
25688.98916244507,2514
25689.946174621582,2506
25690.97375869751,2518
25691.97154045105,2550
25692.96884536743,2570
25693.96734237671,2518
25694.962978363037,2526
25695.960521697998,2458
25696.958780288696,2524
25697.954893112183,2506
25698.952436447144,2506
25699.949979782104,2506
25700.916290283203,2532
25701.915979385376,2514
25702.94165611267,2544
25703.93967628479,2506
25704.93745803833,2526
25705.934047698975,2546
25706.9308757782,2546
25707.92841911316,2534
25708.92572402954,2502
25709.89418029785,2510
25710.920333862305,2546
25711.92216873169,2546
25712.918519973755,2502
25713.91272544861,2480
25714.909553527832,2494
25715.90757369995,2518
25716.904640197754,2522
25717.90313720703,2578
25718.868732452393,2552
25719.865798950195,2546
25720.894813537598,2522
25721.891164779663,2570
25722.888231277466,2582
25723.886489868164,2554
25724.883317947388,2544
25725.87776184082,2516
25726.87792778015,2558
25727.875471115112,2502
25728.873252868652,2506
25729.870557785034,2502
25730.867385864258,2546
25731.865406036377,2546
25732.861757278442,2538
25733.82878303528,2554
25734.825372695923,2584
25735.854387283325,2574
25736.852169036865,2578
25737.84875869751,2590
25738.84606361389,2536
25739.842653274536,2506
25740.841388702393,2554
25741.839170455933,2516
25742.807626724243,2506
25743.83306503296,2488
25744.8308467865,2458
25745.827198028564,2490
25746.824264526367,2534
25747.822046279907,2520
25748.820066452026,2526
25749.50337409973,2514
25750.574588775635,2456
25752.025365829468,2482
25752.532720565796,2448
25753.535747528076,2492
25754.533052444458,2482
25755.53059577942,2480
25756.527423858643,2470
25757.524967193604,2478
25758.522033691406,2490
25759.519815444946,2536
25760.517358779907,2606
25761.51442527771,2632
25762.511253356934,2550
25763.508796691895,2514
25764.503717422485,2558
25765.50054550171,2604
25766.49761199951,2578
25767.495155334473,2570
25768.492698669434,2546
25769.489765167236,2570
25770.487070083618,2578
25771.484375,2590
25772.481679916382,2598
25773.478984832764,2554
25774.476528167725,2546
25775.473833084106,2542
25776.47113800049,2586
25777.46820449829,2542
25778.465747833252,2514
25779.467582702637,2484
25780.463695526123,2470
25781.460762023926,2502
25782.458305358887,2536
25783.455848693848,2570
25784.45291519165,2554
25785.45045852661,2576
25786.447525024414,2538
25787.444829940796,2536
25788.4418964386,2586
25789.43943977356,2550
25790.43674468994,2550
25791.434288024902,2532
25792.431592941284,2510
25793.428897857666,2490
25794.427394866943,2466
25795.424222946167,2516
25796.42105102539,2506
25797.418117523193,2518
25798.415422439575,2528
25799.413204193115,2490
25800.41003227234,2492
25801.40733718872,2506
25802.404642105103,2484
25803.402185440063,2480
25804.399490356445,2488
25805.396795272827,2482
25806.394338607788,2480
25807.39188194275,2486
25808.388710021973,2490
25809.38673019409,2502
25810.380935668945,2510
25811.378002166748,2542
25812.37506866455,2558
25813.372373580933,2542
25814.369678497314,2538
25815.367221832275,2534
25816.364526748657,2542
25817.36183166504,2502
25818.35913658142,2470
25819.356441497803,2526
25820.353746414185,2558
25821.351051330566,2534
25822.34835624695,2470
25823.34589958191,2468
25824.34320449829,2522
25825.344800949097,2518
25826.369047164917,2490
25827.367305755615,2534
25828.366994857788,2546
25829.360961914062,2510
25830.358743667603,2470
25831.358909606934,2516
25832.353115081787,2526
25833.350658416748,2550
25834.31887626648,2522
25835.34550666809,2544
25836.344957351685,2516
25837.340593338013,2516
25838.336944580078,2490
25839.33734893799,2546
25840.33250808716,2558
25841.329336166382,2522
25842.327117919922,2510
25843.323469161987,2520
25844.32339668274,2538
25845.31855583191,2542
25846.315383911133,2510
25847.316026687622,2510
25848.310947418213,2516
25849.308490753174,2498
25850.30460357666,2542
25851.3023853302,2538
25852.302312850952,2516
25853.296995162964,2470
25854.29620742798,2460
25855.294942855835,2486
25856.289386749268,2510
25857.28621482849,2538
25858.283758163452,2538
25859.25030708313,2522
25860.25047302246,2524
25861.27519607544,2522
25862.27297782898,2542
25863.27338218689,2542
25864.267587661743,2534
25865.265130996704,2504
25866.262912750244,2518
25867.25926399231,2518
25868.260860443115,2554
25869.25435066223,2554
25870.251655578613,2522
25871.252059936523,2482
25872.246742248535,2480
25873.25096130371,2518
25874.2413520813,2520
25875.239372253418,2512
25876.237630844116,2490
25877.233505249023,2500
25878.231287002563,2488
25879.230976104736,2494
25880.225658416748,2494
25881.22248649597,2542
25882.220029830933,2546
25883.216857910156,2542
25885.21146774292,2510
25885.21146774292,2544
25887.20941543579,2546
25888.206481933594,2514
25889.201402664185,2518
25890.198469161987,2504
25891.19601249695,2534
25892.195463180542,2546
25893.190383911133,2538
25894.188404083252,2532
25895.190000534058,2542
25896.18229866028,2556
25897.18532562256,2546
25898.17714691162,2518
25899.176597595215,2538
25900.176286697388,2520
25901.17049217224,2518
25902.140378952026,2518
25903.136491775513,2514
25904.134273529053,2490
25905.130863189697,2500
25906.12840652466,2542
25907.12594985962,2586
25908.124923706055,2538
25909.122943878174,2522
25910.11929512024,2482
25911.11660003662,2486
25912.114143371582,2510
25913.111209869385,2456
25914.108753204346,2450
25915.106773376465,2484
25916.10336303711,2486
25917.128562927246,2482
25918.12539100647,2494
25919.12317276001,2502
25920.121431350708,2518
25921.141147613525,2514
25922.123193740845,2534
25923.13003540039,2542
25924.129486083984,2558
25925.124406814575,2518
25926.076412200928,2534
25927.122116088867,2510
25928.11679840088,2510
25929.113388061523,2540
25930.111408233643,2582
25931.108474731445,2574
25932.05738067627,2554
25933.053731918335,2522
25934.051036834717,2538
25935.048580169678,2522
25936.07807159424,2542
25937.074661254883,2514
25938.07315826416,2474
25939.069747924805,2470
25940.067052841187,2484
25941.064596176147,2506
25942.06213951111,2534
25943.058490753174,2512
25944.056272506714,2494
25945.053577423096,2518
25946.051120758057,2570
25947.04818725586,2544
25948.05407524109,2548
25949.049711227417,2534
25950.04630088806,2552
25951.01022720337,2558
25952.034950256348,2552
25953.033685684204,2550
25954.02979850769,2540
25955.026626586914,2552
25956.024646759033,2592
25957.022428512573,2570
25958.019495010376,2522
25959.0163230896,2498
25960.01410484314,2544
25961.01188659668,2526
25962.00919151306,2510
25963.01245689392,2506
25964.011669158936,2474
25965.00873565674,2502
25966.00389480591,2548
25967.004537582397,2514
25968.00971031189,2518
25969.00749206543,2482
25969.98691558838,2490
25970.98398208618,2480
25971.99010848999,2518
25972.95045852661,2570
25973.982334136963,2510
25974.982738494873,2508
25975.94118118286,2526
25976.974487304688,2526
25977.97179222107,2546
25978.931665420532,2570
25979.931592941284,2586
25980.925798416138,2582
25981.92286491394,2514
25982.97095298767,2480
25983.967304229736,2538
25984.962701797485,2598
25985.959768295288,2526
25986.957550048828,2470
25987.958431243896,2470
25988.951921463013,2542
25989.949464797974,2520
25990.9508228302,2532
25991.944074630737,2522
25992.94114112854,2514
25993.9227104187,2526
25994.920015335083,2512
25995.918035507202,2508
25996.914625167847,2486
25997.928380966187,2474
25998.928546905518,2454
25999.922513961792,2542
26000.904083251953,2520
26001.921892166138,2534
26002.914905548096,2492
26003.915071487427,2572
26004.90927696228,2614
26005.90705871582,2578
26006.906986236572,2534
26007.901668548584,2512
26008.898973464966,2538
26009.849309921265,2538
26010.846614837646,2508
26011.84344291687,2506
26012.840747833252,2514
26013.838052749634,2490
26014.835596084595,2510
26015.838861465454,2534
26016.83497428894,2506
26017.832279205322,2518
26018.831253051758,2542
26019.827365875244,2544
26020.824193954468,2502
26021.82149887085,2478
26022.81904220581,2526
26023.816108703613,2488
26024.808645248413,2526
26025.805473327637,2526
26026.803016662598,2558
26027.79984474182,2570
26028.797388076782,2556
26029.794454574585,2546
26030.791759490967,2578
26031.789541244507,2558
26032.78660774231,2584
26033.78415107727,2578
26034.781217575073,2576
26035.778522491455,2538
26036.776065826416,2512
26037.77313232422,2542
26038.77067565918,2554
26039.80040550232,2518
26040.79794883728,2502
26041.795015335083,2534
26042.76418685913,2536
26043.807983398438,2514
26044.80266571045,2480
26045.80068588257,2506
26046.80061340332,2510
26047.797203063965,2526
26048.793077468872,2510
26049.789667129517,2526
26050.7869720459,2486
26051.743745803833,2474
26052.781343460083,2500
26053.779363632202,2502
26054.779291152954,2538
26055.726289749146,2510
26056.72264099121,2526
26057.719945907593,2542
26058.71820449829,2558
26059.714794158936,2508
26060.71186065674,2514
26061.70916557312,2522
26062.706470489502,2538
26063.704013824463,2530
26064.701080322266,2522
26065.698623657227,2494
26066.696166992188,2498
26067.69347190857,2486
26068.690538406372,2506
26069.687604904175,2458
26070.685386657715,2478
26071.682929992676,2478
26072.6797580719,2492
26073.67730140686,2536
26074.674606323242,2534
26075.671911239624,2534
26076.669692993164,2520
26077.666521072388,2548
26078.66382598877,2536
26079.66136932373,2488
26080.658674240112,2490
26081.655740737915,2514
26082.653045654297,2510
26083.650588989258,2536
26084.64813232422,2542
26085.64519882202,2558
26086.642265319824,2556
26087.672233581543,2558
26088.669300079346,2558
26089.666843414307,2550
26090.66390991211,2502
26091.681718826294,2506
26092.62752532959,2522
26093.673706054688,2516
26094.674110412598,2458
26095.667600631714,2444
26096.665859222412,2458
26097.662925720215,2510
26098.65951538086,2548
26099.65968132019,2550
26100.65507888794,2578
26101.651906967163,2582
26102.651357650757,2546
26103.64532470703,2478
26104.642629623413,2524
26105.644702911377,2534
26106.637477874756,2506
26107.63692855835,2486
26108.633041381836,2554
26109.633207321167,2578
26110.63003540039,2540
26111.624002456665,2552
26112.621784210205,2610
26113.619327545166,2606
26114.61591720581,2572
26115.615367889404,2544
26116.610527038574,2522
26117.565155029297,2526
26118.589401245117,2508
26119.58646774292,2486
26120.58401107788,2492
26121.597290039062,2550
26122.594356536865,2542
26123.594999313354,2554
26124.589443206787,2586
26125.58627128601,2554
26126.5869140625,2502
26127.581119537354,2504
26128.578901290894,2550
26129.576921463013,2576
26130.573272705078,2520
26131.57320022583,2534
26132.568359375,2522
26133.522987365723,2538
26134.546756744385,2534
26135.544061660767,2554
26136.542320251465,2598
26137.55440711975,2582
26138.551712036133,2546
26139.552116394043,2554
26140.546798706055,2536
26141.543865203857,2550
26142.525911331177,2550
26143.538236618042,2506
26144.5369720459,2502
26145.533323287964,2522
26146.530866622925,2556
26147.530794143677,2550
26148.52523803711,2546
26149.476051330566,2518
26150.472402572632,2498
26151.469707489014,2454
26152.467489242554,2446
26153.512954711914,2478
26154.50954437256,2514
26155.508995056152,2502
26156.503915786743,2484
26157.48643875122,2474
26158.501863479614,2510
26159.451961517334,2536
26160.500526428223,2534
26161.49067878723,2514
26162.487983703613,2474
26163.487434387207,2478
26164.466619491577,2494
26165.464162826538,2506
26166.46146774292,2508
26167.460441589355,2518
26168.472290039062,2502
26169.469594955444,2580
26170.472383499146,2602
26171.46635055542,2620
26172.465324401855,2570
26173.458576202393,2546
26174.459218978882,2542
26175.453424453735,2546
26176.450729370117,2522
26178.39813232422,2502
26178.39813232422,2478
26179.394960403442,2518
26180.391788482666,2538
26181.389570236206,2514
26183.38394165039,2544
26184.381246566772,2554
26185.378074645996,2570
26186.375856399536,2544
26187.373161315918,2570
26188.37022781372,2572
26189.36800956726,2534
26190.365314483643,2506
26191.362380981445,2558
26192.360162734985,2546
26193.357229232788,2542
26194.35453414917,2542
26194.35453414917,2630
26195.38402557373,2634
26196.38156890869,2624
26197.378873825073,2598
26198.376655578613,2574
26199.38898086548,2554
26200.38652420044,2514
26201.385259628296,2502
26202.381372451782,2502
26203.380823135376,2542
26204.376459121704,2474
26205.374240875244,2488
26206.373691558838,2502
26207.370281219482,2546
26209.319591522217,2554
26209.319591522217,2556
26211.313247680664,2558
26211.313247680664,2516
26212.339162826538,2470
26213.33646774292,2502
26214.333534240723,2520
26215.346097946167,2486
26216.344118118286,2470
26217.341661453247,2486
26218.33872795105,2522
26219.339609146118,2578
26220.33429145813,2574
26221.330642700195,2542
26222.333431243896,2550
26223.32501411438,2574
26224.3230342865,2522
26225.32057762146,2516
26227.274179458618,2518
26227.274179458618,2510
26228.27100753784,2470
26229.268074035645,2486
26230.26394844055,2488
26232.258796691895,2514
26233.256101608276,2554
26234.254121780396,2502
26235.2511882782,2502
26236.248254776,2470
26237.245321273804,2476
26238.242626190186,2514
26239.240646362305,2538
26240.23723602295,2544
26241.23454093933,2550
26242.231607437134,2514
26243.22462081909,2490
26244.221210479736,2542
26245.218992233276,2582
26246.21605873108,2554
26247.21336364746,2486
26248.210668563843,2488
26249.207973480225,2522
26250.205278396606,2554
26251.203060150146,2576
26252.20012664795,2578
26253.197193145752,2558
26254.194736480713,2540
26255.192041397095,2586
26256.189346313477,2586
26257.18665122986,2558
26258.189916610718,2550
26259.199142456055,2486
26260.212898254395,2470
26261.208057403564,2482
26262.224674224854,2524
26263.218879699707,2510
26264.216899871826,2514
26265.216827392578,2548
26266.21150970459,2566
26267.210721969604,2590
26268.205404281616,2546
26269.202947616577,2552
26270.203590393066,2538
26271.19731903076,2518
26272.1951007843,2472
26273.15068244934,2486
26274.147033691406,2482
26275.144577026367,2502
26276.14116668701,2502
26277.139902114868,2550
26278.136491775513,2550
26279.133796691895,2570
26280.130863189697,2518
26281.128644943237,2506
26282.12547302246,2550
26283.122301101685,2538
26284.120559692383,2502
26285.117626190186,2486
26286.114931106567,2468
26287.11199760437,2484
26288.109302520752,2510
26289.10231590271,2574
26290.098667144775,2606
26291.095972061157,2550
26292.09303855896,2558
26293.09058189392,2582
26294.087886810303,2588
26295.085191726685,2522
26296.082496643066,2490
26297.07980155945,2430
26298.07710647583,2446
26299.07488822937,2474
26300.071716308594,2494
26301.069259643555,2514
26302.066564559937,2534
26303.06386947632,2514
26304.06141281128,2548
26305.0594329834,2548
26306.0564994812,2526
26307.054042816162,2518
26308.051586151123,2538
26309.048891067505,2502
26310.046434402466,2482
26311.04350090027,2470
26312.04104423523,2486
26313.038110733032,2556
26314.035654067993,2528
26315.032958984375,2520
26316.030979156494,2506
26317.028045654297,2518
26318.0251121521,2546
26319.02289390564,2570
26320.02592086792,2526
26321.022272109985,2490
26322.01910018921,2470
26323.017120361328,2518
26324.01466369629,2534
26325.01220703125,2550
26326.009511947632,2502
26327.007293701172,2488
26328.004121780396,2526
26329.00094985962,2494
26329.997539520264,2470
26330.994606018066,2470
26331.992626190186,2510
26332.990169525146,2502
26333.98723602295,2548
26335.017442703247,2524
26336.01450920105,2538
26337.01181411743,2546
26338.008880615234,2602
26339.009761810303,2582
26340.006351470947,2584
26341.009378433228,2554
26342.007875442505,2526
26342.9594039917,2526
26344.00725364685,2542
26345.012664794922,2546
26346.007585525513,2510
26347.010135650635,2524
26347.991943359375,2574
26348.989486694336,2598
26349.989891052246,2576
26350.942373275757,2560
26351.972579956055,2510
26352.93221473694,2522
26353.960752487183,2522
26354.957342147827,2538
26355.971097946167,2490
26356.96792602539,2538
26357.9683303833,2490
26358.922719955444,2550
26359.960794448853,2578
26360.957860946655,2610
26361.95659637451,2578
26362.95437812805,2568
26363.949298858643,2522
26364.946603775024,2486
26365.947246551514,2550
26366.92523956299,2522
26367.896556854248,2494
26368.93606185913,2454
26369.933128356934,2454
26370.934009552002,2506
26371.928453445435,2570
26372.925519943237,2542
26373.9275932312,2518
26374.92084503174,2478
26375.903367996216,2550
26376.86824798584,2536
26377.86555290222,2514
26378.91173362732,2490
26379.90641593933,2442
26380.903482437134,2410
26381.85715675354,2454
26382.882595062256,2518
26383.879899978638,2518
26384.87696647644,2502
26385.89072227478,2534
26386.890411376953,2590
26387.885570526123,2576
26388.882637023926,2538
26389.883041381836,2550
26390.87748527527,2526
26391.875505447388,2542
26392.87233352661,2526
26393.871068954468,2514
26394.869565963745,2522
26395.864486694336,2534
26396.820783615112,2542
26397.81618118286,2534
26398.814916610718,2554
26399.811029434204,2514
26400.83932876587,2490
26401.849031448364,2518
26402.848482131958,2550
26403.84292602539,2514
26404.839754104614,2474
26405.840158462524,2450
26406.834602355957,2478
26407.832384109497,2486
26408.830642700195,2512
26409.82675552368,2520
26410.78233718872,2518
26411.778688430786,2504
26412.772178649902,2510
26413.769006729126,2522
26414.80278968811,2534
26415.794610977173,2558
26416.791915893555,2538
26417.806148529053,2518
26418.806076049805,2502
26419.80004310608,2538
26420.796871185303,2544
26421.79775238037,2538
26422.792434692383,2514
26423.790216445923,2502
26424.78656768799,2470
26425.78434944153,2498
26426.784992218018,2484
26427.77991294861,2536
26428.72953414917,2538
26429.726123809814,2526
26430.723428726196,2538
26431.720495224,2542
26432.71803855896,2578
26433.71534347534,2608
26434.713125228882,2608
26435.70899963379,2570
26436.70654296875,2582
26437.70408630371,2526
26438.701152801514,2570
26439.698457717896,2586
26440.695762634277,2600
26441.69306755066,2518
26442.69037246704,2518
26443.68815422058,2542
26444.685697555542,2634
26445.682764053345,2590
26446.67959213257,2586
26447.677612304688,2554
26448.67444038391,2578
26449.671506881714,2482
26450.669288635254,2506
26451.666355133057,2514
26452.66366004944,2538
26453.66096496582,2482
26454.65850830078,2460
26455.655813217163,2506
26456.653118133545,2574
26457.650661468506,2526
26458.647966384888,2522
26459.64503288269,2550
26460.643768310547,2542
26461.64059638977,2542
26462.637901306152,2538
26463.634967803955,2538
26464.632749557495,2502
26465.629816055298,2458
26466.626405715942,2418
26467.624187469482,2506
26468.621253967285,2514
26469.618558883667,2488
26470.61586380005,2454
26471.61340713501,2522
26472.610473632812,2516
26473.607778549194,2502
26474.604845046997,2466
26475.603580474854,2468
26476.600170135498,2468
26477.5972366333,2474
26478.59477996826,2454
26479.592084884644,2426
26480.589151382446,2466
26481.586456298828,2478
26482.58376121521,2550
26483.58106613159,2550
26484.578609466553,2588
26485.575675964355,2542
26486.572980880737,2540
26487.57028579712,2532
26488.5675907135,2546
26489.565134048462,2550
26490.562915802002,2490
26491.559743881226,2490
26492.557287216187,2528
26493.55459213257,2554
26494.55165863037,2534
26495.548963546753,2558
26496.546506881714,2586
26497.543573379517,2534
26498.5408782959,2550
26499.539136886597,2518
26500.53572654724,2540
26501.533031463623,2534
26502.530097961426,2506
26503.528118133545,2518
26504.525184631348,2512
26505.52225112915,2542
26506.52766227722,2522
26507.524490356445,2514
26508.519887924194,2546
26509.517431259155,2546
26510.514974594116,2510
26511.509895324707,2526
26512.50696182251,2514
26513.50450515747,2506
26514.501810073853,2502
26515.499114990234,2518
26516.496181488037,2518
26517.494201660156,2522
26518.491744995117,2554
26519.48833465576,2550
26520.484447479248,2526
26521.479606628418,2512
26522.47667312622,2518
26523.473739624023,2538
26524.470567703247,2542
26525.468111038208,2502
26526.46565437317,2522
26527.46272087097,2534
26528.46097946167,2504
26529.457569122314,2542
26530.454635620117,2522
26531.4519405365,2546
26532.44948387146,2506
26533.44678878784,2482
26534.443855285645,2514
26535.441398620605,2484
26536.438703536987,2506
26537.465810775757,2492
26538.464069366455,2514
26539.432525634766,2504
26540.456295013428,2518
26541.456937789917,2540
26542.45138168335,2526
26543.448448181152,2550
26544.445514678955,2542
26545.443534851074,2526
26546.443223953247,2550
26547.43790626526,2526
26548.436641693115,2492
26549.43585395813,2526
26550.429821014404,2534
26551.400423049927,2574
26552.424430847168,2552
26553.42173576355,2540
26554.42237854004,2558
26555.416345596313,2606
26556.413650512695,2608
26557.414293289185,2546
26558.408498764038,2474
26559.377431869507,2458
26560.40334701538,2484
26561.40089035034,2514
26562.401056289673,2512
26563.395261764526,2542
26564.39256668091,2532
26565.39297103882,2554
26566.387176513672,2542
26567.384958267212,2554
26568.35627555847,2546
26569.379329681396,2512
26570.379495620728,2516
26571.37393951416,2510
26572.371006011963,2542
26573.37188720703,2526
26574.366331100464,2502
26575.363159179688,2454
26576.360940933228,2538
26577.357530593872,2550
26578.357458114624,2570
26579.352617263794,2598
26580.349922180176,2610
26581.350326538086,2590
26582.345247268677,2504
26583.341598510742,2482
26584.312200546265,2534
26585.336446762085,2546
26586.336374282837,2534
26587.33105659485,2486
26588.32859992981,2480
26589.32900428772,2546
26590.32392501831,2550
26591.320276260376,2526
26592.318058013916,2558
26593.31512451172,2546
26594.31481361389,2512
26595.30997276306,2538
26596.307277679443,2546
26597.307682037354,2512
26598.301887512207,2510
26599.299430847168,2486
26600.2995967865,2584
26601.29404067993,2570
26602.29444503784,2542
26603.288412094116,2544
26604.285955429077,2558
26605.286359786987,2522
26606.28056526184,2534
26607.277631759644,2510
26608.275175094604,2490
26609.245777130127,2482
26610.27240753174,2510
26611.26685142517,2490
26612.26487159729,2514
26613.26503753662,2488
26614.259004592896,2474
26615.256309509277,2490
26616.25385284424,2522
26617.2513961792,2494
26618.251085281372,2482
26619.246006011963,2492
26620.242595672607,2510
26621.243000030518,2512
26622.23768234253,2514
26623.234510421753,2540
26624.231815338135,2546
26625.22864341736,2518
26626.22880935669,2532
26627.22897529602,2578
26628.225088119507,2546
26630.203247070312,2526
26630.203247070312,2514
26631.21247291565,2550
26632.20977783203,2520
26634.177446365356,2574
26634.177446365356,2546
26635.17451286316,2552
26636.17181777954,2534
26637.169361114502,2514
26638.166666030884,2554
26639.163732528687,2550
26640.161275863647,2514
26641.15858078003,2476
26642.155647277832,2458
26643.153190612793,2492
26644.150495529175,2490
26645.147800445557,2506
26647.143125534058,2546
26648.13995361328,2526
26649.137496948242,2522
26650.134563446045,2510
26651.132106781006,2554
26652.12917327881,2526
26653.12647819519,2514
26654.12402153015,2538
26655.121326446533,2550
26656.118631362915,2526
26657.115936279297,2526
26658.11324119568,2522
26659.11078453064,2520
26660.107851028442,2542
26660.107851028442,2546
26662.102699279785,2574
26663.099765777588,2554
26664.09707069397,2536
26665.09461402893,2520
26666.091680526733,2526
26667.089223861694,2526
26668.086767196655,2490
26669.084548950195,2494
26670.08137702942,2500
26671.0786819458,2524
26672.075986862183,2536
26673.073291778564,2540
26674.070596694946,2516
26675.067901611328,2538
26676.06544494629,2582
26677.06274986267,2542
26678.059816360474,2554
26679.057359695435,2534
26680.054664611816,2522
26681.05173110962,2514
26682.04927444458,2550
26683.046579360962,2548
26684.043884277344,2538
26685.041666030884,2546
26686.038732528687,2556
26687.03603744507,2550
26688.03310394287,2582
26689.030647277832,2570
26690.027952194214,2556
26691.025495529175,2570
26692.022562026978,2532
26693.02010536194,2478
26694.01717185974,2518
26695.014715194702,2526
26696.012020111084,2526
26697.010040283203,2474
26698.007106781006,2482
26699.00393486023,2556
26700.00123977661,2578
26700.998783111572,2558
26701.995849609375,2522
26702.993392944336,2502
26703.990697860718,2482
26704.98776435852,2486
26705.985069274902,2514
26706.982851028442,2558
26707.980155944824,2534
26708.977222442627,2458
26709.974765777588,2482
26710.97183227539,2522
26711.969137191772,2546
26712.966442108154,2516
26713.963985443115,2502
26714.961290359497,2498
26715.95859527588,2534
26716.95613861084,2514
26717.953205108643,2508
26718.950748443604,2506
26719.947814941406,2504
26720.945358276367,2490
26721.94242477417,2522
26722.96905517578,2558
26723.965883255005,2550
26724.966526031494,2494
26725.93402862549,2494
26726.95803642273,2482
26727.955102920532,2506
26728.952407836914,2526
26729.95400428772,2578
26730.947017669678,2534
26731.945037841797,2502
26732.94496536255,2522
26733.94250869751,2518
26734.909534454346,2568
26735.92710494995,2538
26736.931562423706,2538
26737.931966781616,2522
26738.89994621277,2518
26739.923000335693,2506
26740.92388153076,2542
26741.922855377197,2538
26742.915153503418,2510
26743.912935256958,2506
26744.91000175476,2582
26745.91016769409,2552
26746.904373168945,2552
26747.902631759644,2534
26748.902559280396,2550
26749.89676475525,2574
26750.867128372192,2514
26751.89161300659,2486
26752.888917922974,2526
26753.859043121338,2570
26754.85610961914,2550
26755.88083267212,2552
26756.88123703003,2552
26757.879734039307,2542
26758.879899978638,2494
26759.87148284912,2548
26760.86735725403,2570
26761.8670463562,2534
26762.86244392395,2490
26763.859748840332,2490
26764.860153198242,2526
26765.854597091675,2506
26766.8514251709,2528
26767.848253250122,2558
26768.84627342224,2582
26769.81472969055,2522
26770.812034606934,2522
26771.809101104736,2574
26772.806644439697,2558
26773.8037109375,2514
26774.801015853882,2480
26775.798559188843,2494
26776.796102523804,2506
26777.793169021606,2520
26778.79047393799,2582
26779.78777885437,2538
26780.78532218933,2494
26781.782627105713,2458
26782.779693603516,2482
26783.777236938477,2546
26784.80315208435,2552
26785.802602767944,2510
26786.798238754272,2502
26787.798404693604,2510
26788.795471191406,2514
26789.79182243347,2538
26790.78722000122,2552
26791.785717010498,2532
26792.782068252563,2506
26793.782472610474,2480
26794.77620124817,2542
26795.77374458313,2538
26796.77438735962,2502
26797.768592834473,2534
26798.766136169434,2554
26799.76487159729,2522
26800.760984420776,2508
26801.76043510437,2518
26802.754878997803,2556
26803.752422332764,2574
26804.753065109253,2520
26805.747032165527,2524
26806.744813919067,2508
26807.74164199829,2510
26808.73990058899,2504
26809.738636016846,2508
26810.73546409607,2512
26811.732530593872,2486
26812.731742858887,2522
26813.726663589478,2504
26814.725160598755,2550
26815.693378448486,2536
26816.71929359436,2514
26817.68846511841,2508
26818.684339523315,2506
26819.681406021118,2546
26820.67847251892,2542
26821.676015853882,2510
26822.673082351685,2546
26823.670387268066,2578
26824.66769218445,2568
26825.66523551941,2550
26826.66254043579,2582
26827.659845352173,2586
26828.657388687134,2582
26829.654693603516,2526
26830.65176010132,2518
26831.649780273438,2546
26832.64660835266,2524
26833.644151687622,2574
26834.641218185425,2498
26835.638523101807,2520
26836.63582801819,2556
26837.63313293457,2514
26838.630437850952,2532
26839.627981185913,2602
26840.625286102295,2552
26841.622591018677,2554
26842.61989593506,2534
26843.61720085144,2546
26844.614505767822,2518
26845.611810684204,2514
26846.609592437744,2518
26847.606658935547,2518
26848.60396385193,2522
26849.60126876831,2526
26850.59881210327,2544
26851.595878601074,2538
26852.593183517456,2550
26853.590488433838,2522
26854.5880317688,2526
26855.5850982666,2522
26856.582641601562,2510
26857.579946517944,2506
26858.577251434326,2494
26859.574556350708,2470
26860.57186126709,2486
26861.56940460205,2504
26862.566471099854,2536
26863.564014434814,2518
26864.561319351196,2570
26865.558624267578,2550
26866.55592918396,2506
26867.55323410034,2520
26868.550539016724,2526
26869.547843933105,2508
26870.545387268066,2524
26871.54269218445,2502
26872.53975868225,2506
26873.537063598633,2512
26874.534606933594,2522
26875.531911849976,2526
26876.529216766357,2536
26877.530097961426,2616
26878.52644920349,2554
26879.523992538452,2570
26880.521059036255,2546
26881.518125534058,2556
26882.516145706177,2544
26883.5129737854,2518
26884.510278701782,2522
26885.507822036743,2526
26886.505126953125,2538
26887.502193450928,2514
26888.49949836731,2578
26889.49704170227,2550
26890.49458503723,2526
26891.491413116455,2510
26892.489194869995,2526
26893.486976623535,2544
26894.48380470276,2512
26895.48110961914,2490
26896.478414535522,2510
26897.475481033325,2526
26898.472785949707,2518
26899.470567703247,2506
26900.46763420105,2542
26901.46493911743,2526
26902.46319770813,2550
26903.459787368774,2502
26904.457092285156,2550
26905.45415878296,2540
26906.45170211792,2558
26907.448768615723,2550
26908.475637435913,2558
26909.456729888916,2542
26910.474061965942,2534
26911.46421432495,2514
26912.46199607849,2546
26913.461685180664,2552
26914.457082748413,2518
26915.453910827637,2476
26916.454553604126,2510
26917.4485206604,2534
26918.44868659973,2550
26919.443368911743,2550
26920.440435409546,2522
26921.440362930298,2518
26922.435522079468,2506
26923.43282699585,2542
26924.402475357056,2510
26925.426721572876,2522
26926.424026489258,2516
26927.42109298706,2506
26928.42388153076,2534
26929.418087005615,2516
26930.413246154785,2526
26931.410789489746,2552
26932.411193847656,2582
26933.40563774109,2554
26934.376001358032,2554
26935.400247573853,2550
26936.39850616455,2546
26937.397241592407,2536
26938.392162322998,2546
26939.361572265625,2514
26940.360069274902,2516
26941.383838653564,2538
26942.381381988525,2554
26943.379878997803,2520
26944.376468658447,2498
26945.3763961792,2494
26946.342945098877,2542
26947.3397731781,2534
26948.337078094482,2526
26949.334383010864,2502
26950.331687927246,2510
26951.329231262207,2524
26952.32629776001,2510
26953.32360267639,2518
26954.321146011353,2516
26955.318689346313,2518
26956.315755844116,2526
26957.313537597656,2582
26958.31060409546,2538
26959.30767059326,2524
26960.304975509644,2522
26961.302518844604,2610
26962.299823760986,2598
26963.297128677368,2614
26964.29443359375,2546
26965.291738510132,2512
26966.289043426514,2544
26967.286348342896,2528
26968.283891677856,2546
26969.28119659424,2542
26970.279216766357,2502
26971.304416656494,2490
26972.304821014404,2502
26973.283529281616,2538
26974.296808242798,2550
26975.294828414917,2540
26976.291179656982,2514
26977.29206085205,2484
26978.286266326904,2514
26979.283094406128,2534
26980.283975601196,2538
26981.27818107605,2526
26982.27548599243,2488
26983.272552490234,2478
26984.257698059082,2526
26985.26954650879,2550
26986.26446723938,2614
26987.261295318604,2596
26988.26313018799,2554
26989.257097244263,2522
26990.253925323486,2554
26991.251945495605,2550
26992.24901199341,2558
26993.218898773193,2534
26994.243383407593,2520
26995.241403579712,2526
26996.241331100464,2538
26997.23720550537,2558
26998.23522567749,2538
26999.23086166382,2518
27000.22840499878,2490
27001.1990070343,2510
27002.217292785645,2522
27004.20880317688,2538
27004.20880317688,2490
27005.20610809326,2478
27006.21008872986,2482
27007.20763206482,2490
27009.174585342407,2502
27009.174585342407,2518
27010.200023651123,2550
27011.197090148926,2548
27012.197256088257,2546
27014.18924331665,2538
27014.18924331665,2546
27016.157865524292,2542
27016.157865524292,2542
27018.178462982178,2542
27019.17552947998,2554
27020.1735496521,2538
27021.17085456848,2534
27022.167921066284,2502
27023.164749145508,2506
27024.163484573364,2522
27025.15983581543,2502
27026.171684265137,2522
27027.16040611267,2506
27028.157949447632,2486
27029.15859222412,2508
27030.15422821045,2510
27031.16250038147,2502
27032.15742111206,2514
27033.162593841553,2514
27034.14011001587,2524
27035.154104232788,2518
27036.15641593933,2550
27037.129402160645,2550
27038.126707077026,2510
27039.124727249146,2502
27040.122032165527,2512
27041.118383407593,2538
27042.115926742554,2574
27043.113708496094,2522
27044.11268234253,2538
27045.108318328857,2546
27046.10514640808,2546
27047.109842300415,2550
27048.120975494385,2544
27049.1042137146,2550
27050.105571746826,2542
27051.064252853394,2526
27052.09994316101,2526
27053.086757659912,2488
27054.091453552246,2478
27055.087089538574,2478
27056.090593338013,2510
27057.084560394287,2526
27058.089017868042,2552
27059.042930603027,2538
27060.067653656006,2518
27061.06162071228,2554
27062.05940246582,2534
27063.059329986572,2510
27064.056396484375,2518
27065.056324005127,2550
27066.051483154297,2566
27067.04878807068,2542
27068.04919242859,2494
27069.04363632202,2526
27070.040464401245,2570
27071.037769317627,2546
27072.035789489746,2546
27073.03524017334,2584
27074.032306671143,2554
27075.027227401733,2538
27076.027870178223,2512
27077.021598815918,2518
27077.990770339966,2538
27078.98783683777,2480
27079.98538017273,2470
27080.982446670532,2510
27081.979751586914,2544
27082.977056503296,2546
27083.974599838257,2546
27084.97190475464,2578
27085.96920967102,2550
27086.966514587402,2502
27087.963819503784,2542
27088.961124420166,2536
27089.958429336548,2526
27090.95573425293,2514
27091.95327758789,2500
27092.950344085693,2542
27093.95122528076,2522
27094.947576522827,2556
27095.945119857788,2542
27096.94218635559,2548
27097.93996810913,2582
27098.937273025513,2566
27099.934339523315,2518
27100.931644439697,2542
27101.92918777466,2526
27102.92649269104,2514
27103.923559188843,2482
27104.921340942383,2514
27105.918407440186,2518
27106.915712356567,2572
27107.91301727295,2570
27108.91032218933,2542
27109.90810394287,2526
27110.904932022095,2526
27111.902236938477,2506
27112.899780273438,2518
27113.89708518982,2516
27114.89462852478,2510
27115.891933441162,2498
27116.888999938965,2512
27117.886543273926,2552
27118.88360977173,2550
27119.88115310669,2544
27120.87845802307,2490
27121.875524520874,2536
27122.873544692993,2538
27123.870372772217,2558
27124.897956848145,2538
27125.51975250244,2508
27126.632928848267,2508
27127.5851726532,2526
27128.71766090393,2546
27129.749536514282,2546
27130.746841430664,2554
27131.745100021362,2558
27132.74073600769,2552
27133.737325668335,2526
27134.737968444824,2504
27135.732412338257,2508
27136.73710823059,2506
27137.72702217102,2544
27138.724088668823,2538
27139.694213867188,2506
27140.69104194641,2538
27141.688346862793,2498
27142.685651779175,2578
27143.682956695557,2586
27144.68002319336,2546
27145.6778049469,2502
27146.674871444702,2510
27147.671937942505,2522
27148.669481277466,2526
27149.666786193848,2486
27150.66409111023,2514
27151.66139602661,2522
27152.658939361572,2572
27153.656482696533,2554
27154.653549194336,2584
27155.680656433105,2576
27156.676054000854,2574
27157.674312591553,2554
27158.6697101593,2514
27159.66796875,2480
27160.66551208496,2506
27161.662340164185,2550
27162.659883499146,2586
27163.660287857056,2538
27164.655208587646,2486
27165.65203666687,2476
27166.648149490356,2530
27167.6185131073,2598
27168.643712997437,2550
27169.64101791382,2538
27170.63879966736,2468
27171.606302261353,2502
27172.603607177734,2498
27173.603534698486,2544
27174.60060119629,2550
27175.597429275513,2548
27176.594972610474,2534
27177.592277526855,2542
27178.589582443237,2586
27179.58688735962,2588
27180.58443069458,2576
27181.581497192383,2548
27182.578802108765,2548
27183.575868606567,2506
27184.573888778687,2534
27185.57071685791,2552
27186.569213867188,2524
27187.565803527832,2542
27188.563108444214,2508
27189.560651779175,2506
27190.5574798584,2578
27191.55502319336,2538
27192.55232810974,2526
27193.549394607544,2538
27194.546937942505,2526
27195.544242858887,2514
27196.54154777527,2486
27197.53885269165,2512
27198.536157608032,2492
27199.533462524414,2550
27200.530767440796,2524
27201.526165008545,2550
27202.523231506348,2542
27203.55248451233,2578
27204.54740524292,2550
27205.544471740723,2586
27206.54606819153,2546
27207.539081573486,2518
27208.536386489868,2506
27209.506511688232,2558
27210.53123474121,2558
27211.530923843384,2586
27212.525606155396,2574
27213.525533676147,2568
27214.524745941162,2514
27215.51823616028,2504
27216.51530265808,2534
27217.486143112183,2578
27218.509912490845,2506
27219.50936317444,2510
27220.50452232361,2478
27221.50158882141,2514
27222.503423690796,2514
27223.496675491333,2540
27224.49779510498,2536
27225.491046905518,2558
27226.48811340332,2598
27227.490425109863,2576
27228.48391532898,2544
27229.480504989624,2526
27230.48186302185,2534
27231.475830078125,2430
27232.472896575928,2492
27233.46972465515,2538
27234.46822166443,2546
27235.467672348022,2514
27236.461877822876,2546
27237.459182739258,2538
27238.460540771484,2576
27239.453554153442,2526
27240.45181274414,2538
27241.448640823364,2546
27242.445945739746,2540
27243.44539642334,2506
27244.44055557251,2444
27245.43786048889,2446
27246.439218521118,2490
27247.432947158813,2574
27248.430490493774,2550
27249.398231506348,2554
27250.4243850708,2510
27251.424074172974,2554
27252.41994857788,2554
27253.419160842896,2552
27254.41813468933,2536
27255.41114807129,2490
27256.40916824341,2482
27257.405996322632,2526
27258.403539657593,2546
27259.373426437378,2570
27260.372638702393,2554
27261.39545440674,2518
27262.396574020386,2528
27264.025449752808,2584
27264.395236968994,2582
27265.920400619507,2514
27266.453504562378,2526
27267.483711242676,2542
27268.6824798584,2494
27269.70863342285,2454
27270.70426940918,2506
27271.70205116272,2522
27272.69983291626,2546
27273.698806762695,2524
27274.693727493286,2526
27275.69079399109,2552
27276.660442352295,2570
27277.69184112549,2544
27278.65719795227,2540
27279.654026031494,2518
27280.67922592163,2502
27281.679153442383,2478
27282.67502784729,2522
27283.671379089355,2546
27284.636735916138,2522
27285.635471343994,2522
27286.66591644287,2522
27287.6615524292,2554
27288.65957260132,2510
27289.658308029175,2546
27290.652751922607,2578
27291.64981842041,2534
27292.61875152588,2506
27293.644666671753,2486
27294.641971588135,2522
27295.639038085938,2522
27296.637773513794,2536
27297.63650894165,2534
27298.630952835083,2550
27299.628496170044,2542
27300.629138946533,2526
27301.624536514282,2518
27302.620887756348,2552
27303.61795425415,2522
27304.61573600769,2482
27305.615186691284,2470
27306.613206863403,2514
27307.6069355011,2546
27308.607578277588,2546
27309.606552124023,2518
27310.59956550598,2526
27311.596870422363,2522
27312.594652175903,2522
27313.59338760376,2502
27314.589500427246,2522
27315.58585166931,2494
27316.5864944458,2502
27317.548990249634,2506
27318.548440933228,2534
27319.578170776367,2518
27320.5726146698,2542
27321.572303771973,2544
27322.567224502563,2546
27323.564767837524,2534
27324.565172195435,2538
27325.559616088867,2540
27326.525688171387,2510
27327.553749084473,2506
27328.551292419434,2506
27329.551935195923,2514
27330.514669418335,2494
27331.51125907898,2552
27332.508325576782,2576
27333.505630493164,2578
27334.502935409546,2554
27335.500478744507,2536
27336.49754524231,2490
27337.49508857727,2512
27338.492393493652,2538
27339.489698410034,2514
27340.487480163574,2490
27341.485023498535,2478
27342.48185157776,2526
27343.47915649414,2548
27344.476222991943,2602
27345.473766326904,2596
27346.471309661865,2582
27347.468614578247,2568
27348.46591949463,2544
27349.46346282959,2578
27350.460529327393,2570
27351.458072662354,2514
27352.455139160156,2474
27353.45220565796,2482
27354.44974899292,2552
27355.480670928955,2560
27356.47964477539,2548
27357.473611831665,2534
27358.471632003784,2526
27359.468698501587,2544
27360.46600341797,2546
27361.46569252014,2550
27362.46085166931,2510
27363.457918167114,2494
27364.458322525024,2450
27365.452766418457,2474
27366.450309753418,2490
27367.44713783264,2542
27368.44491958618,2518
27369.44556236267,2556
27370.407581329346,2604
27371.40440940857,2602
27372.40171432495,2602
27373.399019241333,2574
27374.396562576294,2506
27375.393867492676,2514
27376.391410827637,2518
27377.38847732544,2514
27378.38578224182,2538
27379.383087158203,2542
27380.380630493164,2498
27381.377935409546,2538
27382.37500190735,2546
27383.37278366089,2528
27384.37008857727,2526
27385.367155075073,2542
27386.36565208435,2512
27387.362241744995,2518
27388.359308242798,2522
27389.35661315918,2474
27390.35415649414,2474
27391.351222991943,2490
27392.348527908325,2546
27393.346071243286,2558
27394.34313774109,2514
27395.34068107605,2514
27396.33798599243,2586
27397.335290908813,2584
27398.332595825195,2582
27399.329900741577,2526
27401.33047103882,2514
27401.33047103882,2556
27402.326583862305,2540
27403.323650360107,2570
27404.32095527649,2556
27405.318021774292,2516
27406.315565109253,2478
27408.310174942017,2494
27409.308671951294,2538
27409.308671951294,2534
27411.088705062866,2478
27412.16516494751,2494
27413.105249404907,2474
27414.126873016357,2506
27415.13204574585,2478
27416.126251220703,2522
27417.123317718506,2518
27418.12014579773,2558
27419.11745071411,2542
27420.114278793335,2524
27421.117782592773,2528
27422.11365699768,2518
27423.110961914062,2544
27424.108028411865,2582
27425.105333328247,2574
27426.12624168396,2510
27427.125453948975,2544
27428.122758865356,2580
27429.12244796753,2574
27430.12499809265,2554
27431.119680404663,2526
27432.08599090576,2490
27433.115005493164,2506
27434.11135673523,2506
27435.12487411499,2520
27436.105966567993,2502
27437.103509902954,2474
27438.102960586548,2478
27439.096689224243,2518
27440.088748931885,2536
27441.086053848267,2542
27442.083835601807,2542
27443.081378936768,2582
27444.077968597412,2550
27445.07646560669,2514
27446.073055267334,2534
27447.070121765137,2538
27448.067903518677,2522
27449.065446853638,2526
27450.06251335144,2534
27451.034784317017,2522
27452.057123184204,2570
27453.054904937744,2546
27454.051733016968,2554
27455.04927635193,2578
27456.047773361206,2586
27457.04936981201,2538
27458.041429519653,2510
27459.038972854614,2518
27460.013151168823,2486
27461.0333442688,2466
27462.03088760376,2518
27463.027715682983,2490
27464.025020599365,2480
27465.022563934326,2514
27466.019868850708,2598
27467.01741218567,2590
27468.015670776367,2552
27469.01512145996,2506
27470.01600265503,2494
27471.014976501465,2508
27472.015857696533,2550
27473.018646240234,2542
27474.0149974823,2514
27475.017786026,2502
27475.9681224823,2518
27476.996421813965,2518
27477.996826171875,2522
27478.991270065308,2600
27479.98857498169,2586
27480.98635673523,2554
27481.98437690735,2506
27482.982873916626,2538
27483.977794647217,2550
27484.941244125366,2512
27485.975742340088,2494
27486.970901489258,2486
27487.967491149902,2550
27488.964796066284,2550
27489.961862564087,2534
27490.96155166626,2534
27491.95647239685,2532
27492.926120758057,2544
27493.92080307007,2510
27494.94242668152,2544
27495.946407318115,2586
27496.947526931763,2526
27497.94054031372,2482
27498.939990997314,2508
27499.935626983643,2534
27500.898361206055,2514
27501.899003982544,2546
27502.92730331421,2544
27503.92460823059,2550
27504.92215156555,2546
27505.919456481934,2548
27506.919145584106,2544
27507.914304733276,2512
27508.91089439392,2570
27509.87958908081,2578
27510.875701904297,2526
27511.873483657837,2548
27512.900590896606,2522
27513.89789581299,2538
27514.89019393921,2542
27515.89322090149,2546
27516.890048980713,2514
27517.85945892334,2474
27518.853187561035,2506
27519.887685775757,2518
27520.87378501892,2526
27521.870851516724,2546
27522.867918014526,2534
27523.86498451233,2522
27524.840593338013,2494
27525.832414627075,2538
27526.829957962036,2526
27527.82702445984,2540
27528.85937690735,2510
27529.8490524292,2524
27530.847549438477,2486
27531.851053237915,2518
27532.842874526978,2538
27533.848524093628,2590
27534.841775894165,2534
27535.839319229126,2570
27536.838054656982,2586
27537.82844543457,2598
27538.835525512695,2550
27539.79468345642,2576
27540.791511535645,2542
27541.788816452026,2526
27542.78588294983,2490
27543.78366470337,2514
27544.780731201172,2514
27545.778036117554,2534
27546.775341033936,2512
27547.772645950317,2534
27548.7699508667,2542
27549.76749420166,2546
27550.764799118042,2542
27551.762104034424,2526
27552.759408950806,2534
27553.756713867188,2510
27555.75704574585,2490
27555.75704574585,2506
27556.753396987915,2538
27557.750463485718,2550
27558.7477684021,2526
27559.744834899902,2514
27560.74285507202,2586
27561.739921569824,2582
27562.736988067627,2598
27563.73405456543,2572
27564.73183631897,2578
27565.72914123535,2538
27566.725969314575,2520
27567.723512649536,2516
27568.721294403076,2550
27569.7181224823,2522
27570.71542739868,2518
27571.74301147461,2490
27572.742223739624,2494
27573.70376586914,2490
27574.738264083862,2512
27575.73413848877,2582
27576.731204986572,2538
27577.731132507324,2522
27578.7193775177,2486
27579.72288131714,2538
27580.721616744995,2554
27581.72035217285,2546
27582.715272903442,2512
27583.71353149414,2506
27584.70845222473,2554
27585.707187652588,2572
27586.697101593018,2578
27587.6944065094,2610
27588.694095611572,2574
27589.69807624817,2488
27590.69299697876,2510
27591.684341430664,2570
27592.655658721924,2574
27593.684434890747,2558
27594.6843624115,2540
27595.67928314209,2526
27596.67682647705,2506
27597.676992416382,2510
27598.671197891235,2536
27599.66254234314,2522
27600.666284561157,2516
27601.63450241089,2508
27602.630853652954,2478
27603.626489639282,2522
27604.656219482422,2556
27605.655431747437,2546
27606.64939880371,2510
27607.64741897583,2506
27608.644247055054,2544
27609.64298248291,2542
27610.641479492188,2558
27611.63640022278,2570
27612.63418197632,2586
27613.63410949707,2518
27614.630222320557,2486
27615.62705039978,2512
27616.623401641846,2518
27617.589712142944,2558
27618.611574172974,2594
27619.609117507935,2570
27620.612859725952,2554
27621.61350250244,2514
27622.607707977295,2538
27623.604774475098,2550
27624.6018409729,2550
27625.603199005127,2486
27626.59978866577,2454
27627.594232559204,2474
27628.591299057007,2514
27629.591464996338,2526
27630.58590888977,2554
27631.582975387573,2534
27632.580518722534,2542
27633.54468345642,2526
27634.577751159668,2558
27635.57243347168,2554
27636.584043502808,2550
27637.58397102356,2526
27638.578414916992,2508
27639.575958251953,2514
27640.573024749756,2522
27641.570806503296,2542
27642.547130584717,2552
27643.565893173218,2586
27644.562482833862,2542
27645.562410354614,2502
27646.557331085205,2528
27647.55415916443,2550
27648.508310317993,2550
27649.540662765503,2578
27650.53963661194,2486
27651.51047706604,2482
27652.541160583496,2488
27653.541326522827,2512
27654.536485671997,2518
27655.5335521698,2524
27656.53085708618,2522
27657.530784606934,2526
27658.527851104736,2546
27659.523487091064,2548
27660.51959991455,2590
27661.519765853882,2590
27662.514686584473,2526
27663.464546203613,2478
27664.461374282837,2502
27665.49062728882,2578
27666.48840904236,2554
27667.489767074585,2542
27668.498754501343,2510
27669.498682022095,2542
27670.493364334106,2546
27671.49019241333,2590
27672.492027282715,2586
27673.484802246094,2532
27674.484968185425,2526
27675.479888916016,2510
27676.429986953735,2506
27677.431106567383,2558
27678.47180366516,2554
27679.423093795776,2486
27680.450916290283,2490
27681.447744369507,2526
27682.453870773315,2554
27683.459043502808,2514
27684.412002563477,2554
27685.455799102783,2552
27686.450242996216,2520
27687.447786331177,2502
27688.44509124756,2514
27689.44239616394,2538
27690.44280052185,2526
27691.437244415283,2506
27692.434549331665,2514
27693.434715270996,2514
27694.42915916443,2502
27696.37632369995,2526
27697.373628616333,2538
27698.370933532715,2578
27699.42021369934,2536
27700.413465499878,2538
27700.413465499878,2550
27702.40807533264,2534
27702.40807533264,2526
27703.35841178894,2538
27704.360485076904,2554
27705.38377761841,2550
27706.38108253479,2532
27707.37862586975,2526
27709.379196166992,2512
27710.339784622192,2526
27711.336135864258,2502
27712.333917617798,2510
27713.33074569702,2514
27714.380502700806,2542
27715.3263092041,2542
27716.322660446167,2550
27717.31948852539,2572
27718.31727027893,2518
27719.314336776733,2510
27720.311641693115,2526
27721.309185028076,2550
27722.30625152588,2536
27723.30403327942,2534
27724.30109977722,2510
27725.29911994934,2522
27726.295948028564,2522
27727.293252944946,2560
27728.290796279907,2554
27729.28786277771,2582
27730.28516769409,2538
27731.282472610474,2548
27732.279777526855,2558
27733.277082443237,2574
27734.2746257782,2558
27735.27193069458,2514
27736.269235610962,2482
27737.266540527344,2514
27738.263607025146,2518
27739.261150360107,2510
27740.25869369507,2554
27741.256952285767,2578
27742.252826690674,2544
27743.250608444214,2504
27744.247674942017,2514
27745.2449798584,2548
27746.243000030518,2576
27747.23982810974,2486
27748.237133026123,2520
27749.234199523926,2518
27750.231981277466,2478
27751.229286193848,2486
27752.22659111023,2552
27753.22413444519,2574
27754.220962524414,2574
27755.218505859375,2546
27756.215810775757,2574
27757.214784622192,2550
27758.21828842163,2544
27759.241342544556,2542
27760.23769378662,2502
27761.234521865845,2502
27762.232303619385,2486
27763.22913169861,2510
27764.22667503357,2504
27765.22397994995,2500
27766.22176170349,2502
27767.218589782715,2486
27768.216371536255,2510
27769.2129611969,2584
27770.211219787598,2514
27771.213054656982,2518
27772.178173065186,2494
27773.202657699585,2516
27774.200201034546,2488
27775.197505950928,2502
27776.220083236694,2508
27777.164697647095,2538
27778.19848060608,2490
27779.19340133667,2552
27780.190229415894,2586
27781.190633773804,2522
27782.184839248657,2570
27783.185243606567,2542
27784.180641174316,2572
27785.138845443726,2552
27786.136627197266,2518
27787.142753601074,2516
27788.13648223877,2522
27789.135456085205,2510
27790.131092071533,2506
27791.173934936523,2482
27792.166709899902,2554
27793.169021606445,2554
27794.17133331299,2510
27795.172452926636,2496
27796.173334121704,2512
27797.168970108032,2546
27798.13575744629,2518
27799.13282394409,2514
27800.130367279053,2538
27801.102876663208,2522
27802.125453948975,2516
27803.09295654297,2578
27804.121017456055,2570
27805.118083953857,2568
27806.087017059326,2542
27807.111501693726,2538
27808.109283447266,2522
27809.107065200806,2542
27810.10365486145,2542
27811.102867126465,2542
27812.098741531372,2512
27813.096046447754,2550
27814.094305038452,2534
27815.090656280518,2536
27816.088914871216,2534
27817.08526611328,2538
27818.05157661438,2524
27819.048166275024,2508
27820.045232772827,2494
27821.042776107788,2494
27822.03960418701,2500
27823.037147521973,2540
27824.034452438354,2536
27825.031757354736,2538
27826.029539108276,2570
27827.02660560608,2542
27828.023672103882,2550
27829.021215438843,2526
27830.018281936646,2512
27831.015586853027,2500
27832.01289176941,2518
27833.0180644989,2510
27834.015369415283,2546
27835.01148223877,2570
27836.00878715515,2572
27837.00704574585,2536
27838.003396987915,2586
27839.03193473816,2602
27840.03186225891,2570
27841.033458709717,2542
27842.03338623047,2586
27843.037366867065,2546
27844.031810760498,2506
27845.029592514038,2470
27846.032857894897,2480
27847.0356464386,2504
27848.031997680664,2534
27848.973751068115,2580
27849.9972820282,2586
27850.97026824951,2582
27851.991653442383,2534
27853.010654449463,2502
27854.002475738525,2524
27855.000019073486,2542
27855.99708557129,2538
27856.99439048767,2478
27857.99503326416,2482
27858.989715576172,2506
27859.986543655396,2550
27860.986709594727,2574
27861.98115348816,2588
27862.97845840454,2540
27863.976001739502,2518
27864.9263381958,2522
27865.922927856445,2526
27866.919994354248,2512
27867.91753768921,2514
27868.96514892578,2458
27869.959592819214,2450
27870.956897735596,2502
27871.958255767822,2526
27872.95174598694,2558
27873.95167350769,2526
27874.946355819702,2514
27875.928163528442,2510
27876.944065093994,2514
27877.93803215027,2506
27878.94105911255,2502
27879.917860031128,2506
27880.909204483032,2520
27881.906747817993,2498
27882.909536361694,2474
27883.901596069336,2534
27884.907722473145,2570
27885.90121269226,2512
27886.893272399902,2514
27887.90798187256,2522
27888.891458511353,2546
27889.891147613525,2506
27890.886306762695,2504
27891.88313484192,2478
27892.88353919983,2546
27893.87798309326,2538
27894.875288009644,2492
27895.8420753479,2522
27896.873474121094,2554
27897.867918014526,2554
27898.862838745117,2516
27899.860382080078,2494
27900.8629322052,2492
27901.85546875,2530
27902.852773666382,2502
27903.850555419922,2470
27904.847145080566,2494
27905.84659576416,2516
27906.84223175049,2514
27907.83977508545,2548
27908.838987350464,2552
27909.833908081055,2558
27910.801887512207,2518
27911.79895401001,2524
27912.82558441162,2542
27913.82622718811,2524
27914.820671081543,2534
27915.817260742188,2522
27916.817665100098,2506
27917.813062667847,2586
27918.80965232849,2582
27919.806957244873,2510
27920.804023742676,2582
27921.80371284485,2588
27922.79863357544,2560
27923.796892166138,2524
27924.79658126831,2502
27925.795316696167,2508
27926.78928375244,2510
27927.785634994507,2490
27928.78293991089,2462
27929.78310585022,2488
27930.77802658081,2508
27931.775331497192,2546
27932.775020599365,2542
27933.76898765564,2514
27934.76700782776,2520
27935.7647895813,2490
27936.76233291626,2478
27937.761306762695,2482
27938.75741958618,2534
27939.754486083984,2536
27940.753698349,2482
27941.74838066101,2502
27942.71731376648,2542
27943.713903427124,2542
27944.74196434021,2554
27945.740699768066,2558
27946.736097335815,2574
27947.733402252197,2598
27948.732614517212,2514
27949.726819992065,2478
27950.724840164185,2506
27951.722860336304,2522
27952.720642089844,2470
27953.7193775177,2474
27954.71501350403,2508
27955.710649490356,2574
27956.711053848267,2522
27957.7054977417,2522
27958.70351791382,2522
27959.700345993042,2522
27960.69884300232,2510
27961.697578430176,2498
27962.69202232361,2550
27963.68932723999,2518
27964.6897315979,2488
27965.684413909912,2506
27966.681480407715,2544
27967.65112876892,2504
27968.676328659058,2522
27969.64406967163,2550
27970.641374588013,2610
27971.638679504395,2598
27972.636222839355,2586
27973.634958267212,2546
27974.660396575928,2548
27975.656986236572,2518
27976.65500640869,2548
27977.654457092285,2574
27978.650331497192,2546
27979.647874832153,2512
27980.647325515747,2506
27981.64176940918,2512
27982.638835906982,2580
27983.6368560791,2518
27984.633445739746,2474
27985.633373260498,2514
27986.62805557251,2578
27987.62559890747,2554
27988.625526428223,2544
27989.620685577393,2558
27990.617513656616,2516
27991.614818572998,2544
27992.616176605225,2522
27993.61228942871,2558
27994.606733322144,2550
27995.604038238525,2518
27996.60563468933,2510
27997.598886489868,2570
27998.59619140625,2526
27999.593257904053,2538
28000.590562820435,2550
28001.590728759766,2610
28002.585411071777,2538
28003.584384918213,2538
28004.58312034607,2506
28005.548238754272,2518
28006.574630737305,2534
28007.572174072266,2494
28008.56924057007,2482
28009.56916809082,2486
28010.56432723999,2478
28011.561155319214,2478
28012.56251335144,2552
28013.555765151978,2536
28014.554262161255,2542
28015.55037498474,2534
28016.54839515686,2590
28017.51947402954,2552
28018.54372024536,2514
28019.511222839355,2506
28020.50828933716,2514
28020.50828933716,2522
28022.820711135864,2526
28024.07741546631,2494
28025.10714530945,2518
28026.14736557007,2554
28027.17661857605,2600
28028.14745903015,2586
28029.17170524597,2542
28030.14087677002,2546
28030.14087677002,2574
28031.166076660156,2570
28033.16617012024,2526
28034.159421920776,2518
28035.128831863403,2480
28035.128831863403,2506
28037.1515750885,2514
28038.148164749146,2574
28039.140224456787,2526
28040.14253616333,2494
28041.144371032715,2536
28042.13571548462,2598
28043.13373565674,2594
28044.126749038696,2542
28045.127630233765,2500
28046.125173568726,2522
28047.122478485107,2542
28048.119068145752,2490
28049.11971092224,2504
28050.114631652832,2542
28051.113843917847,2572
28052.114009857178,2514
28053.106546401978,2558
28054.108142852783,2574
28055.1016330719,2582
28056.06985092163,2546
28057.066679000854,2558
28058.063983917236,2524
28059.061288833618,2538
28060.05883216858,2526
28061.05613708496,2602
28062.053203582764,2536
28063.050746917725,2502
28064.048051834106,2542
28065.04535675049,2536
28066.04266166687,2542
28067.04020500183,2538
28068.037271499634,2556
28069.034814834595,2554
28070.032119750977,2526
28071.02942466736,2474
28072.02672958374,2518
28073.023796081543,2542
28074.021577835083,2518
28075.018882751465,2508
28076.015949249268,2570
28077.01349258423,2546
28078.01079750061,2516
28079.007863998413,2482
28080.005168914795,2570
28081.002712249756,2554
28082.000255584717,2526
28082.99732208252,2506
28083.99486541748,2538
28084.991931915283,2522
28085.989236831665,2522
28086.986541748047,2488
28087.984085083008,2546
28088.98138999939,2602
28089.97869491577,2570
28090.975999832153,2544
28091.973304748535,2574
28092.970609664917,2598
28093.9679145813,2542
28094.96545791626,2486
28095.962524414062,2540
28096.960306167603,2594
28097.957372665405,2586
28098.954916000366,2550
28099.95198249817,2520
28100.94928741455,2538
28101.94683074951,2514
28102.943897247314,2550
28103.941202163696,2550
28104.938983917236,2554
28105.93605041504,2486
28106.93335533142,2508
28107.930660247803,2534
28108.928203582764,2536
28109.925270080566,2520
28110.92257499695,2474
28111.92011833191,2516
28112.91766166687,2538
28113.914728164673,2528
28114.911794662476,2520
28115.909337997437,2490
28116.90664291382,2478
28117.9039478302,2468
28118.90149116516,2458
28119.898796081543,2490
28120.896100997925,2480
28121.893167495728,2518
28122.89071083069,2520
28123.88801574707,2486
28124.885320663452,2510
28125.882863998413,2546
28126.879930496216,2552
28127.877473831177,2534
28128.87454032898,2522
28129.87208366394,2522
28130.869388580322,2534
28131.866455078125,2510
28132.863998413086,2534
28133.861303329468,2538
28134.85860824585,2550
28135.855674743652,2514
28136.853456497192,2538
28137.850761413574,2576
28138.847827911377,2594
28139.845371246338,2556
28140.84267616272,2538
28141.839742660522,2570
28142.865657806396,2552
28143.8627243042,2506
28144.86265182495,2516
28145.85828781128,2574
28146.854877471924,2552
28147.85599708557,2506
28148.849487304688,2488
28149.84703063965,2534
28150.816440582275,2608
28151.84235572815,2574
28152.84252166748,2542
28153.836250305176,2542
28154.83331680298,2526
28155.834674835205,2518
28156.8284034729,2546
28158.796310424805,2524
28158.796310424805,2522
28159.820795059204,2514
28160.81953048706,2512
28161.81492805481,2550
28162.813186645508,2570
28163.81335258484,2548
28164.806604385376,2500
28165.804147720337,2554
28166.80121421814,2580
28167.7987575531,2542
28168.798446655273,2526
28169.793367385864,2532
28170.790910720825,2546
28171.792030334473,2522
28172.78528213501,2508
28173.783779144287,2486
28174.780130386353,2494
28175.784587860107,2546
28176.77903175354,2586
28177.772521972656,2550
28178.77507209778,2494
28179.771184921265,2510
28180.76491355896,2518
28181.761980056763,2514
28182.759284973145,2534
28183.728456497192,2528
28184.725284576416,2522
28185.722827911377,2494
28186.720371246338,2542
28187.71743774414,2574
28188.7149810791,2558
28189.712285995483,2590
28190.709352493286,2524
28191.706657409668,2510
28192.70420074463,2546
28193.70126724243,2572
28194.698572158813,2544
28195.696115493774,2518
28196.693420410156,2506
28197.690725326538,2536
28198.68803024292,2510
28199.6853351593,2544
28200.682878494263,2542
28201.680183410645,2522
28202.677488327026,2504
28203.67479324341,2490
28204.67233657837,2494
28205.669403076172,2506
28206.666946411133,2520
28207.664251327515,2510
28208.661317825317,2550
28209.65886116028,2578
28210.65592765808,2536
28211.653232574463,2538
28212.650537490845,2510
28213.648319244385,2570
28214.645385742188,2556
28215.64269065857,2518
28216.64023399353,2538
28217.637538909912,2538
28218.634843826294,2582
28219.632387161255,2552
28220.629453659058,2538
28221.62675857544,2542
28222.62406349182,2518
28223.621368408203,2538
28224.618673324585,2552
28225.616216659546,2538
28226.614236831665,2486
28227.61082649231,2498
28228.60813140869,2502
28229.605197906494,2486
28230.602979660034,2502
28231.600046157837,2544
28232.59735107422,2572
28233.5946559906,2584
28234.59219932556,2578
28235.622882843018,2542
28236.616134643555,2550
28237.613677978516,2582
28238.610982894897,2538
28239.60852622986,2526
28240.60869216919,2518
28241.603136062622,2542
28242.572784423828,2538
28243.60179901123,2536
28244.595527648926,2528
28245.592832565308,2542
28246.593713760376,2546
28247.58744239807,2546
28248.587608337402,2520
28249.581813812256,2502
28250.579833984375,2478
28251.54948234558,2514
28252.546548843384,2514
28253.543853759766,2490
28254.541158676147,2482
28255.538940429688,2514
28256.53600692749,2522
28257.533311843872,2558
28258.530616760254,2574
28259.528160095215,2570
28260.525226593018,2550
28261.5225315094,2546
28262.51983642578,2598
28263.517379760742,2542
28264.514446258545,2522
28265.511989593506,2510
28266.510009765625,2536
28267.507076263428,2548
28268.503665924072,2582
28269.50168609619,2548
28270.498514175415,2534
28271.496057510376,2550
28272.49312400818,2612
28273.49066734314,2584
28274.48797225952,2534
28275.485038757324,2516
28276.482343673706,2512
28277.479648590088,2518
28278.47719192505,2522
28279.47473526001,2498
28280.471801757812,2468
28281.46743774414,2482
28282.466173171997,2446
28283.49471092224,2518
28284.46078300476,2492
28285.45880317688,2490
28286.486625671387,2486
28287.480115890503,2502
28288.479566574097,2478
28289.474725723267,2510
28290.47203063965,2542
28291.473388671875,2512
28292.4702167511,2506
28293.463945388794,2488
28294.461250305176,2526
28295.458555221558,2554
28296.45872116089,2584
28297.458171844482,2558
28298.4516620636,2550
28299.45182800293,2526
28300.445795059204,2550
28301.443576812744,2570
28302.43992805481,2538
28303.43770980835,2582
28304.444313049316,2582
28305.431842803955,2538
28306.429147720337,2554
28307.430744171143,2552
28308.42399597168,2510
28309.42392349243,2514
28310.422897338867,2546
28311.416387557983,2510
28312.415838241577,2512
28313.41242790222,2522
28314.40806388855,2538
28315.409898757935,2574
28316.404581069946,2534
28317.40093231201,2506
28318.397760391235,2490
28319.395065307617,2544
28320.396184921265,2538
28321.391582489014,2514
28322.388648986816,2506
28323.389768600464,2462
28324.38325881958,2502
28325.380563735962,2526
28326.377868652344,2534
28327.375173568726,2582
28328.34219932556,2606
28329.339504241943,2598
28330.36780357361,2590
28331.369161605835,2576
28332.363605499268,2570
28333.361387252808,2598
28334.328174591064,2552
28335.354566574097,2510
28336.35449409485,2520
28337.349891662598,2540
28338.34981918335,2538
28339.35022354126,2538
28340.34538269043,2554
28341.341018676758,2542
28343.329668045044,2530
28344.326972961426,2548
28345.324277877808,2516
28346.327543258667,2462
28347.32222557068,2450
28348.33550453186,2460
28349.31778907776,2414
28350.330352783203,2488
28351.327657699585,2478
28352.327346801758,2486
28353.32679748535,2516
28354.310989379883,2574
28355.310916900635,2550
28356.314182281494,2536
28357.307195663452,2526
28358.30020904541,2518
28359.26079750061,2490
28360.257148742676,2482
28361.254453659058,2458
28362.25175857544,2446
28363.2493019104,2422
28364.246606826782,2482
28365.243673324585,2490
28366.240978240967,2504
28367.238521575928,2522
28368.23558807373,2502
28369.23336982727,2526
28370.230436325073,2538
28371.227741241455,2508
28372.224807739258,2518
28373.222589492798,2506
28374.2196559906,2490
28375.219106674194,2478
28376.25241279602,2522
28377.244234085083,2582
28378.251314163208,2550
28379.24885749817,2534
28380.244970321655,2536
28381.240129470825,2578
28382.237434387207,2586
28383.23450088501,2556
28384.207010269165,2534
28385.19263267517,2546
28386.189937591553,2542
28387.221813201904,2538
28388.22054862976,2550
28389.219760894775,2574
28390.18225669861,2538
28391.212940216064,2474
28392.213106155396,2474
28393.207788467407,2514
28394.208431243896,2518
28395.206212997437,2522
28396.199703216553,2510
28397.197484970093,2554
28398.194551467896,2526
28399.191856384277,2514
28400.198221206665,2526
28401.18670463562,2552
28402.184009552002,2574
28403.18512916565,2556
28404.178380966187,2492
28405.137538909912,2524
28406.172275543213,2542
28407.16552734375,2518
28408.162117004395,2520
28409.159660339355,2518
28410.179138183594,2530
28411.171913146973,2542
28412.171125411987,2578
28413.17105293274,2534
28414.17121887207,2526
28415.1713848114,2518
28416.147232055664,2490
28417.155027389526,2486
28418.142795562744,2472
28419.142723083496,2486
28420.12882232666,2474
28421.095609664917,2446
28422.09267616272,2482
28423.09331893921,2506
28424.091339111328,2558
28425.119876861572,2546
28426.08594894409,2542
28427.085876464844,2598
28428.10821533203,2542
28429.105758666992,2510
28430.102586746216,2494
28431.100130081177,2544
28432.097673416138,2570
28433.09497833252,2518
28434.09276008606,2482
28435.089826583862,2506
28436.086654663086,2550
28437.090158462524,2538
28438.087463378906,2532
28439.084768295288,2526
28440.0851726532,2534
28441.073179244995,2518
28442.07453727722,2482
28443.068265914917,2534
28444.066762924194,2504
28445.06287574768,2470
28446.061372756958,2430
28447.062015533447,2474
28448.055744171143,2526
28449.052333831787,2526
28450.049877166748,2542
28451.019048690796,2554
28452.0161151886,2548
28453.048706054688,2542
28454.04553413391,2558
28455.042839050293,2576
28456.03370666504,2538
28457.03148841858,2544
28458.035707473755,2526
28459.031581878662,2526
28460.034370422363,2530
28461.032390594482,2526
28462.037324905396,2520
28463.031768798828,2522
28464.03169631958,2572
28465.03520011902,2550
28466.031789779663,2520
28467.004776000977,2506
28468.00184249878,2500
28469.000577926636,2518
28469.99716758728,2488
28471.009254455566,2484
28472.009658813477,2480
28473.00434112549,2476
28474.00164604187,2490
28475.00228881836,2510
28475.955486297607,2504
28476.951122283936,2522
28477.99038887024,2512
28478.988885879517,2536
28479.987382888794,2558
28480.982780456543,2622
28481.980085372925,2630
28481.980085372925,2548
28483.932495117188,2546
28484.93194580078,2554
28486.01269721985,2606
28487.062692642212,2602
28488.22331428528,2576
28489.213466644287,2552
28490.211725234985,2526
28491.2109375,2572
28492.206573486328,2584
28493.163108825684,2526
28494.202613830566,2524
28495.19920349121,2550
28496.193408966064,2558
28497.19262123108,2554
28498.143434524536,2610
28499.139308929443,2598
28500.136375427246,2518
28501.134157180786,2514
28502.13122367859,2538
28503.12900543213,2602
28504.125833511353,2590
28505.122900009155,2634
28506.119966506958,2614
28507.117748260498,2608
28508.11505317688,2574
28509.11283493042,2590
28510.109901428223,2574
28511.106967926025,2552
28512.104272842407,2458
28513.10133934021,2406
28514.106512069702,2416
28515.103101730347,2480
28516.099452972412,2462
28517.096757888794,2450
28518.094062805176,2446
28519.092321395874,2466
28520.08891105652,2478
28521.08645439148,2522
28522.08375930786,2542
28523.080587387085,2538
28524.078369140625,2494
28525.076389312744,2458
28526.07250213623,2490
28527.07028388977,2472
28528.067350387573,2446
28529.064893722534,2430
28530.062437057495,2474
28531.060934066772,2486
28532.05704689026,2482
28533.05411338806,2490
28534.0518951416,2522
28535.048961639404,2524
28536.046266555786,2546
28537.044048309326,2558
28538.04111480713,2550
28539.03841972351,2506
28540.035724639893,2490
28541.032791137695,2538
28542.030811309814,2518
28543.027877807617,2518
28544.02494430542,2580
28545.055627822876,2618
28546.0524559021,2576
28547.051906585693,2582
28548.047065734863,2582
28549.04055595398,2620
28550.03571510315,2586
28551.032781600952,2506
28552.037477493286,2514
28553.03192138672,2544
28554.03995513916,2554
28555.031538009644,2514
28556.034326553345,2482
28557.032346725464,2510
28558.031797409058,2526
28559.03196334839,2510
28560.00852584839,2554
28561.007738113403,2550
28562.00385093689,2474
28563.00115585327,2446
28564.014196395874,2510
28565.01078605652,2528
28566.01047515869,2506
28567.00563430786,2462
28568.000555038452,2454
28569.00143623352,2542
28569.998025894165,2582
28570.997714996338,2574
28571.99239730835,2584
28572.98994064331,2574
28573.989152908325,2582
28574.984788894653,2538
28575.934410095215,2586
28576.979637145996,2572
28577.97646522522,2606
28578.97639274597,2514
28579.972743988037,2508
28580.96933364868,2542
28581.968307495117,2550
28582.96298980713,2546
28583.96053314209,2490
28584.957599639893,2474
28585.955381393433,2478
28586.954832077026,2512
28587.949991226196,2486
28588.947057724,2480
28589.946269989014,2486
28590.941429138184,2494
28591.922760009766,2466
28592.920541763306,2520
28593.917846679688,2578
28594.91467475891,2594
28595.928192138672,2582
28596.925258636475,2550
28597.928524017334,2528
28598.923206329346,2542
28599.916219711304,2540
28600.89945793152,2538
28601.91249847412,2570
28602.911949157715,2578
28603.912353515625,2518
28604.904651641846,2458
28605.905532836914,2470
28606.852293014526,2510
28607.84959793091,2506
28608.845949172974,2462
28609.843254089355,2452
28610.840559005737,2474
28611.83786392212,2482
28612.8351688385,2486
28613.831996917725,2534
28614.829540252686,2544
28615.827083587646,2518
28616.82438850403,2506
28617.82193183899,2536
28618.818998336792,2598
28619.816064834595,2550
28620.813369750977,2514
28621.811866760254,2490
28622.8084564209,2480
28623.8055229187,2514
28624.803066253662,2572
28625.800132751465,2586
28626.797914505005,2602
28627.79450416565,2554
28628.79252433777,2578
28629.78959083557,2552
28630.786895751953,2574
28631.783962249756,2568
28632.781505584717,2560
28633.7788105011,2522
28634.77611541748,2500
28635.77365875244,2488
28636.770963668823,2494
28637.775897979736,2502
28638.771295547485,2528
28639.768362045288,2534
28640.766382217407,2534
28641.76321029663,2542
28642.760515213013,2522
28643.757820129395,2534
28644.755125045776,2524
28645.75242996216,2534
28646.74949645996,2506
28647.747039794922,2490
28648.744821548462,2518
28649.741411209106,2558
28650.739192962646,2546
28651.73602104187,2510
28652.73356437683,2508
28653.732299804688,2546
28654.728412628174,2582
28655.72714805603,2554
28656.723022460938,2518
28657.71985054016,2510
28658.7176322937,2504
28659.715175628662,2466
28660.712003707886,2502
28661.710262298584,2514
28662.707090377808,2518
28663.70391845703,2516
28664.70193862915,2488
28665.699005126953,2542
28666.696071624756,2546
28667.693376541138,2520
28668.68758201599,2502
28669.716119766235,2550
28670.7124710083,2582
28671.71335220337,2518
28672.723054885864,2526
28673.720359802246,2526
28674.72004890442,2546
28675.71520805359,2542
28676.668405532837,2526
28677.711725234985,2536
28678.707599639893,2522
28679.701566696167,2522
28680.70149421692,2518
28681.700706481934,2518
28682.69920349121,2486
28683.64691734314,2486
28684.643507003784,2486
28685.640573501587,2486
28686.638116836548,2522
28687.680959701538,2504
28688.685417175293,2474
28689.677476882935,2478
28690.67692756653,2462
28691.674947738647,2470
28692.62647628784,2490
28693.669080734253,2506
28694.669485092163,2514
28695.661544799805,2486
28696.659326553345,2522
28697.65615463257,2582
28698.655605316162,2570
28699.606895446777,2602
28700.632095336914,2548
28701.630115509033,2526
28702.62837409973,2490
28703.63998413086,2542
28704.638242721558,2528
28705.634593963623,2504
28706.634998321533,2500
28707.629442214966,2502
28708.626985549927,2526
28709.62619781494,2578
28710.57438850403,2610
28711.572885513306,2602
28712.568521499634,2604
28713.565587997437,2618
28714.56265449524,2584
28715.561389923096,2602
28716.55797958374,2586
28717.555284500122,2552
28718.55354309082,2526
28719.594955444336,2510
28720.600366592407,2548
28721.59218788147,2542
28722.5923538208,2570
28723.58727455139,2542
28724.584579467773,2570
28725.58355331421,2542
28726.53841972351,2522
28727.57387161255,2506
28728.577852249146,2482
28729.572534561157,2486
28730.552196502686,2474
28731.553077697754,2484
28732.547283172607,2450
28733.54434967041,2446
28734.55762863159,2470
28735.560655593872,2554
28736.552000045776,2572
28738.500118255615,2610
28738.500118255615,2554
28739.49694633484,2556
28740.493535995483,2546
28741.490840911865,2542
28742.488145828247,2522
28743.485689163208,2528
28744.48275566101,2534
28745.487451553345,2494
28746.48356437683,2492
28747.480392456055,2574
28748.477935791016,2542
28749.47500228882,2542
28750.47206878662,2522
28751.46985054016,2552
28752.466917037964,2546
28753.464221954346,2486
28754.461526870728,2508
28755.45907020569,2534
28756.45613670349,2518
28757.453441619873,2506
28758.450746536255,2510
28759.449243545532,2518
28760.446071624756,2550
28761.46960258484,2554
28762.46738433838,2594
28763.463973999023,2570
28764.461994171143,2546
28765.476942062378,2542
28766.472339630127,2554
28767.463445663452,2534
28768.46718788147,2538
28769.46473121643,2506
28770.463943481445,2486
28771.458625793457,2494
28772.456645965576,2482
28773.45585823059,2458
28774.45125579834,2458
28775.44641494751,2482
28776.398420333862,2462
28777.427196502686,2506
28779.390335083008,2502
28780.388355255127,2482
28781.38494491577,2470
28782.381534576416,2490
28783.37860107422,2508
28784.37638282776,2542
28784.37638282776,2554
28786.370754241943,2522
28787.368059158325,2534
28788.365364074707,2522
28789.362907409668,2518
28790.35997390747,2550
28791.35751724243,2542
28791.35751724243,2548
28792.359828948975,2542
28793.384075164795,2542
28794.381618499756,2534
28795.379877090454,2538
28796.3924407959,2520
28797.39212989807,2488
28798.389673233032,2500
28799.381971359253,2516
28800.381660461426,2478
28801.379442214966,2450
28802.37889289856,2484
28803.373336791992,2478
28804.37183380127,2478
28805.370569229126,2518
28807.321786880493,2534
28808.31789970398,2554
28809.3159198761,2556
28810.312509536743,2598
28811.309814453125,2574
28812.307119369507,2586
28813.30418586731,2602
28814.301252365112,2590
28815.29951095581,2580
28816.296339035034,2578
28817.293405532837,2538
28818.291902542114,2542
28819.28825378418,2554
28820.28555870056,2598
28821.283102035522,2542
28822.280168533325,2542
28823.27389717102,2522
28824.26953315735,2478
28825.268030166626,2488
28826.26438140869,2520
28827.261924743652,2516
28828.258991241455,2482
28829.256296157837,2478
28830.25336265564,2516
28831.25114440918,2550
28832.248210906982,2554
28833.245515823364,2582
28834.243297576904,2558
28835.240602493286,2576
28836.237907409668,2542
28837.23473548889,2570
28838.23251724243,2502
28839.230060577393,2446
28840.226888656616,2398
28841.224431991577,2426
28842.22149848938,2498
28843.21880340576,2514
28844.216346740723,2506
28845.213651657104,2498
28846.210718154907,2536
28847.208499908447,2574
28848.20580482483,2542
28849.202871322632,2526
28850.200414657593,2506
28851.197481155396,2494
28852.195024490356,2510
28853.19232940674,2542
28854.19774055481,2534
28855.194330215454,2508
28856.19020462036,2526
28857.187509536743,2518
28858.185291290283,2526
28859.181880950928,2558
28860.179662704468,2574
28861.17672920227,2522
28862.174034118652,2498
28863.171577453613,2502
28864.168643951416,2554
28865.166425704956,2520
28866.16325378418,2490
28867.16103553772,2502
28868.1583404541,2546
28869.15683746338,2590
28870.152473449707,2538
28871.14977836609,2506
28872.14732170105,2518
28873.144149780273,2522
28874.14240837097,2526
28875.138759613037,2516
28876.136541366577,2514
28877.1333694458,2502
28878.129243850708,2506
28879.127740859985,2542
28880.12385368347,2610
28881.121397018433,2610
28882.118701934814,2526
28883.116006851196,2538
28884.114027023315,2582
28885.111808776855,2606
28886.107683181763,2548
28887.10379600525,2536
28888.10157775879,2540
28889.09864425659,2546
28890.095949172974,2550
28891.093730926514,2510
28892.090559005737,2538
28893.08786392212,2496
28894.084930419922,2458
28895.082473754883,2446
28896.079301834106,2458
28897.07636833191,2414
28898.07367324829,2446
28899.07193183899,2484
28900.068521499634,2502
28901.065587997437,2502
28902.063131332397,2486
28903.06043624878,2520
28904.05797958374,2586
28905.054569244385,2570
28906.050205230713,2584
28907.047271728516,2554
28908.045530319214,2554
28909.04188156128,2550
28910.03918647766,2556
28911.036252975464,2556
28912.033557891846,2540
28913.031101226807,2486
28914.02816772461,2514
28915.02571105957,2550
28916.023015975952,2574
28917.020082473755,2558
28918.017625808716,2510
28919.015169143677,2510
28920.013904571533,2490
28921.00954055786,2484
28922.006845474243,2472
28923.004388809204,2508
28924.001693725586,2526
28924.998998641968,2516
28925.99606513977,2482
28926.99360847473,2518
28927.990674972534,2526
28928.987979888916,2570
28929.986000061035,2576
28930.994033813477,2520
28931.99348449707,2482
28932.9936504364,2490
28933.993577957153,2504
28934.972047805786,2536
28935.969352722168,2510
28936.96689605713,2490
28937.96396255493,2516
28938.961505889893,2538
28939.958810806274,2576
28940.956115722656,2604
28941.953420639038,2578
28942.95072555542,2518
28943.9480304718,2522
28944.945335388184,2522
28945.943117141724,2548
28946.940183639526,2526
28947.93725013733,2512
28948.93479347229,2494
28949.932098388672,2500
28950.929403305054,2514
28951.926708221436,2556
28952.924013137817,2550
28953.9213180542,2558
28954.91886138916,2598
28955.916166305542,2542
28956.913232803345,2512
28957.910776138306,2526
28958.908081054688,2518
28959.90538597107,2538
28960.90316772461,2518
28961.900234222412,2554
28962.897300720215,2536
28963.894605636597,2518
28964.892148971558,2534
28965.88945388794,2526
28966.88675880432,2542
28967.884063720703,2554
28968.881368637085,2506
28969.879150390625,2514
28970.87597846985,2536
28971.87352180481,2548
28972.87082672119,2528
28973.867893218994,2492
28974.865198135376,2512
28975.878477096558,2526
28976.888418197632,2552
28977.885484695435,2600
28978.883504867554,2600
28979.881048202515,2542
28980.87787628174,2502
28981.87494277954,2522
28982.872486114502,2526
28983.870029449463,2546
28984.871864318848,2550
28985.864400863647,2518
28986.86146736145,2510
28987.85901069641,2494
28988.856554031372,2534
28989.853620529175,2542
28990.82326889038,2546
28991.849184036255,2502
28992.81907081604,2458
28993.84307861328,2490
28994.81225013733,2506
28995.809316635132,2526
28996.806859970093,2502
28997.804403305054,2486
28998.801469802856,2502
28999.79877471924,2522
29000.799894332886,2510
29001.809120178223,2538
29002.790689468384,2550
29003.788232803345,2502
29004.785537719727,2478
29005.799531936646,2458
29006.78038597107,2470
29007.777452468872,2520
29008.774995803833,2550
29009.772062301636,2522
29010.769605636597,2540
29011.7666721344,2526
29012.76397705078,2554
29013.76175880432,2550
29014.759063720703,2536
29015.756130218506,2518
29016.753435134888,2550
29017.75097846985,2518
29018.74828338623,2482
29019.74582672119,2486
29020.743131637573,2526
29021.740436553955,2508
29022.737503051758,2494
29023.73480796814,2506
29024.7323513031,2558
29025.729656219482,2570
29026.726961135864,2594
29027.724266052246,2536
29028.721570968628,2486
29029.71911430359,2462
29030.71641921997,2458
29031.71420097351,2482
29032.711029052734,2542
29033.708095550537,2522
29034.705877304077,2470
29035.703420639038,2542
29036.70024871826,2550
29037.697792053223,2522
29038.695096969604,2534
29039.692163467407,2554
29040.68946838379,2506
29041.68725013733,2506
29042.684316635132,2510
29043.681621551514,2550
29044.679164886475,2526
29045.676231384277,2504
29046.67353630066,2486
29047.67084121704,2534
29048.668384552002,2526
29049.665689468384,2556
29050.662994384766,2554
29051.66006088257,2544
29052.65760421753,2526
29053.654670715332,2482
29054.652214050293,2506
29055.649518966675,2502
29056.646823883057,2526
29057.64412879944,2506
29058.64143371582,2534
29059.638738632202,2588
29060.636043548584,2550
29061.633348464966,2528
29062.630891799927,2518
29063.62819671631,2576
29064.62550163269,2610
29065.622806549072,2570
29066.622257232666,2512
29067.617416381836,2510
29068.614721298218,2548
29069.61226463318,2602
29070.60933113098,2538
29071.606636047363,2514
29072.603940963745,2510
29073.601484298706,2520
29074.598789215088,2486
29075.59609413147,2542
29076.59339904785,2540
29077.590703964233,2494
29078.588247299194,2458
29079.585790634155,2522
29080.582857131958,2546
29081.58016204834,2518
29082.57746696472,2526
29083.574771881104,2518
29084.572076797485,2510
29085.569381713867,2506
29086.56668663025,2534
29087.56422996521,2518
29088.561296463013,2570
29089.558601379395,2534
29090.556144714355,2498
29091.553449630737,2494
29092.55075454712,2546
29093.5480594635,2578
29094.545364379883,2558
29095.542669296265,2510
29096.539974212646,2542
29097.537517547607,2556
29098.53482246399,2554
29099.53212738037,2538
29100.529193878174,2474
29101.526737213135,2470
29102.524042129517,2506
29103.52110862732,2484
29104.51889038086,2506
29105.515956878662,2526
29106.513261795044,2518
29107.510566711426,2508
29108.508110046387,2472
29109.50541496277,2526
29110.50271987915,2514
29111.500024795532,2474
29112.502574920654,2486
29113.494634628296,2526
29114.491939544678,2522
29115.48948287964,2486
29116.48678779602,2482
29117.484092712402,2506
29118.481397628784,2538
29119.478702545166,2542
29120.476007461548,2506
29121.47307395935,2542
29122.47085571289,2546
29123.467922210693,2524
29124.465227127075,2514
29125.462770462036,2510
29126.460075378418,2540
29127.45714187622,2494
29128.456354141235,2514
29129.45294380188,2536
29130.449533462524,2488
29131.446838378906,2506
29132.444381713867,2514
29133.44168663025,2554
29134.439706802368,2558
29135.43677330017,2506
29136.433601379395,2488
29137.431144714355,2506
29138.428926467896,2538
29139.426231384277,2478
29140.4230594635,2478
29141.420602798462,2502
29142.43459701538,2528
29143.415451049805,2514
29144.412994384766,2532
29145.410299301147,2522
29146.40712738037,2538
29147.404670715332,2538
29148.401498794556,2546
29149.399518966675,2536
29150.3963470459,2546
29151.39412879944,2508
29152.390956878662,2540
29153.388738632202,2528
29154.385566711426,2488
29155.382871627808,2506
29156.38041496277,2482
29157.37795829773,2524
29158.375024795532,2546
29159.373998641968,2538
29160.370349884033,2510
29161.367416381836,2502
29162.364721298218,2538
29163.36226463318,2538
29164.35956954956,2504
29165.356636047363,2534
29166.354179382324,2534
29167.351484298706,2518
29168.348789215088,2550
29169.34633255005,2542
29170.34363746643,2542
29171.340703964233,2546
29172.338008880615,2588
29173.336505889893,2570
29174.33452606201,2546
29175.330877304077,2546
29176.328420639038,2552
29177.32548713684,2518
29178.3230304718,2540
29179.320573806763,2534
29180.317640304565,2550
29181.314945220947,2522
29182.31225013733,2514
29183.30955505371,2514
29184.307098388672,2486
29185.304164886475,2486
29186.302185058594,2526
29187.299013137817,2544
29188.2963180542,2510
29189.293384552002,2486
29190.303325653076,2540
29191.28656387329,2574
29192.284107208252,2536
29193.281412124634,2490
29194.278717041016,2508
29195.276021957397,2544
29196.27332687378,2542
29197.27063179016,2490
29198.267936706543,2474
29199.265480041504,2510
29200.262784957886,2508
29201.260089874268,2550
29202.25739479065,2538
29203.25469970703,2560
29204.252004623413,2538
29205.249309539795,2510
29206.247091293335,2552
29207.244157791138,2552
29209.23900604248,2518
29209.23900604248,2482
29210.236072540283,2480
29211.233377456665,2486
29212.230682373047,2478
29213.228225708008,2458
29214.22529220581,2534
29215.222597122192,2570
29216.220140457153,2538
29217.217206954956,2542
29218.214750289917,2578
29219.21181678772,2550
29220.20936012268,2502
29221.208572387695,2488
29222.2318649292,2474
29223.228216171265,2506
29224.225759506226,2532
29225.225925445557,2508
29226.22013092041,2476
29227.21815109253,2514
29228.217601776123,2542
29229.212999343872,2522
29230.209589004517,2538
29231.207609176636,2522
29232.20443725586,2546
29234.174013137817,2526
29234.174013137817,2520
29235.196828842163,2524
29236.196279525757,2484
29237.191200256348,2458
29238.19351196289,2486
29239.18604850769,2540
29240.183353424072,2550
29241.183042526245,2514
29242.177724838257,2526
29243.17502975464,2558
29244.17471885681,2570
29245.16987800598,2546
29246.174812316895,2494
29247.164726257324,2502
29248.162031173706,2546
29249.16172027588,2574
29250.15616416931,2542
29252.12597846985,2538
29253.151655197144,2534
29254.135608673096,2506
29255.14531135559,2576
29256.138801574707,2602
29257.139921188354,2570
29258.13937187195,2546
29259.135484695435,2550
29260.13708114624,2534
29261.12961769104,2526
29262.12763786316,2522
29263.123750686646,2526
29264.121294021606,2506
29265.119314193726,2490
29266.11614227295,2486
29267.114877700806,2502
29268.136739730835,2494
29269.11759376526,2538
29270.122051239014,2534
29271.119594573975,2504
29272.119760513306,2494
29273.118495941162,2516
29274.114847183228,2550
29275.096654891968,2534
29276.06201171875,2544
29277.09412574768,2522
29278.08403968811,2542
29279.07705307007,2542
29280.075550079346,2584
29281.076431274414,2554
29282.074213027954,2550
29283.069849014282,2520
29284.069538116455,2522
29285.064220428467,2542
29286.062479019165,2576
29287.059783935547,2550
29288.05708885193,2572
29289.055824279785,2554
29290.051221847534,2552
29291.048765182495,2516
29292.048931121826,2526
29293.044090270996,2550
29294.041633605957,2516
29295.04156112671,2486
29296.039819717407,2480
29297.037363052368,2522
29298.031330108643,2540
29299.035787582397,2574
29300.038814544678,2526
29300.994157791138,2538
29302.040815353394,2508
29303.01833152771,2554
29304.015398025513,2534
29305.015087127686,2524
29306.010484695435,2506
29307.007551193237,2482
29308.01033973694,2428
29309.00287628174,2504
29310.001373291016,2512
29310.999155044556,2538
29311.99598312378,2470
29312.994956970215,2534
29313.990354537964,2542
29314.987659454346,2522
29315.98734855652,2488
29316.985368728638,2490
29317.97957420349,2486
29318.976879119873,2450
29319.974184036255,2416
29320.97363471985,2420
29321.96879386902,2454
29322.9660987854,2478
29323.966026306152,2502
29324.960708618164,2510
29325.958251953125,2558
29326.956748962402,2542
29327.9550075531,2542
29328.954458236694,2566
29329.919576644897,2618
29330.946922302246,2596
29331.94661140442,2502
29332.94177055359,2526
29333.93907546997,2546
29334.936380386353,2596
29335.938930511475,2560
29336.933612823486,2522
29337.929725646973,2462
29338.92560005188,2410
29339.925050735474,2454
29340.9206867218,2506
29341.917991638184,2512
29342.91911125183,2514
29343.915939331055,2480
29344.911813735962,2488
29345.911264419556,2574
29346.904754638672,2594
29347.903966903687,2526
29348.899364471436,2518
29349.89643096924,2508
29350.861310958862,2542
29351.89175605774,2550
29352.890729904175,2554
29353.885650634766,2570
29354.883193969727,2514
29355.88240623474,2510
29356.87804222107,2508
29357.87558555603,2546
29358.872652053833,2558
29359.837770462036,2602
29360.83436012268,2552
29361.833810806274,2574
29362.865686416626,2550
29363.861322402954,2574
29364.856481552124,2574
29365.854263305664,2598
29366.851806640625,2586
29367.84863471985,2570
29368.84832382202,2576
29369.842767715454,2544
29370.840311050415,2550
29371.840000152588,2584
29372.835159301758,2578
29373.832941055298,2538
29374.8300075531,2510
29375.818490982056,2510
29376.826763153076,2512
29377.821922302246,2494
29378.78680229187,2542
29379.783630371094,2518
29380.780696868896,2462
29381.77800178528,2430
29382.77506828308,2482
29383.772611618042,2506
29384.769916534424,2502
29385.767221450806,2480
29386.764764785767,2470
29387.76206970215,2506
29388.75937461853,2490
29389.756441116333,2502
29390.754222869873,2576
29391.78466796875,2550
29392.752408981323,2490
29393.778800964355,2526
29394.777536392212,2582
29395.77579498291,2550
29396.77095413208,2546
29397.769689559937,2550
29398.766040802002,2550
29399.76406097412,2504
29400.763034820557,2518
29401.758670806885,2546
29402.75549888611,2546
29403.754472732544,2494
29404.75058555603,2502
29405.746936798096,2478
29406.7120552063,2514
29407.70959854126,2526
29408.706665039062,2510
29409.703969955444,2526
29410.701274871826,2538
29411.752700805664,2518
29413.200855255127,2478
29413.75708580017,2472
29415.210723876953,2526
29416.211128234863,2512
29417.208433151245,2494
29418.205976486206,2488
29419.203519821167,2510
29420.20058631897,2494
29421.197652816772,2546
29422.200679779053,2570
29423.225164413452,2512
29424.190044403076,2482
29425.22120475769,2466
29426.189661026,2484
29427.210330963135,2520
29428.21168899536,2502
29429.208993911743,2478
29430.20796775818,2462
29431.204557418823,2518
29432.201147079468,2510
29433.199405670166,2526
29434.19575691223,2570
29435.194730758667,2586
29436.190366744995,2544
29437.187671661377,2494
29438.15302848816,2542
29439.149618148804,2554
29440.147161483765,2570
29441.176652908325,2510
29442.174434661865,2506
29443.13955307007,2518
29444.141387939453,2518
29445.16944885254,2502
29446.165323257446,2558
29447.128534317017,2544
29448.158264160156,2522
29449.155569076538,2504
29450.153350830078,2508
29451.152324676514,2510
29452.1484375,2512
29453.118085861206,2518
29454.113483428955,2522
29455.109357833862,2558
29456.137895584106,2582
29457.139253616333,2574
29458.131790161133,2616
29459.14888381958,2576
29460.130214691162,2536
29461.123943328857,2544
29462.122678756714,2538
29463.11855316162,2502
29464.120864868164,2458
29465.112686157227,2430
29466.110706329346,2446
29467.109441757202,2420
29468.10507774353,2424
29469.101905822754,2462
29470.11709213257,2510
29471.096992492676,2524
29472.094297409058,2518
29473.09136390686,2546
29474.08890724182,2544
29475.088119506836,2518
29476.053476333618,2494
29477.080821990967,2518
29478.079795837402,2538
29479.07543182373,2538
29480.07321357727,2514
29481.07123374939,2568
29482.067823410034,2598
29483.06679725647,2534
29484.06219482422,2520
29485.029697418213,2554
29486.058950424194,2526
29487.0548248291,2536
29488.051891326904,2554
29489.054918289185,2538
29490.046501159668,2526
29491.045713424683,2494
29492.04421043396,2526
29493.04175376892,2554
29494.039297103882,2548
29495.041370391846,2526
29496.039390563965,2518
29497.037887573242,2494
29498.037338256836,2478
29499.024152755737,2502
29500.019550323486,2524
29500.98752975464,2550
29501.98197364807,2512
29503.01241874695,2534
29504.008769989014,2574
29505.006313323975,2550
29506.003618240356,2542
29506.96897506714,2534
29507.965564727783,2542
29508.962631225586,2546
29509.959936141968,2540
29510.95747947693,2572
29511.95454597473,2520
29512.95280456543,2526
29513.949394226074,2512
29514.946460723877,2514
29515.94376564026,2548
29516.94130897522,2576
29517.9386138916,2538
29518.935918807983,2488
29519.932985305786,2510
29520.930528640747,2526
29521.92783355713,2474
29522.92513847351,2470
29523.92268180847,2522
29524.919986724854,2560
29525.917053222656,2524
29526.914358139038,2520
29527.945280075073,2546
29528.942108154297,2574
29529.939651489258,2606
29530.938863754272,2584
29531.93497657776,2584
29532.933473587036,2538
29533.93054008484,2486
29534.89351272583,2504
29535.924434661865,2506
29536.92102432251,2514
29537.91832923889,2522
29538.917541503906,2506
29539.912700653076,2518
29540.910482406616,2520
29541.909217834473,2526
29542.8729057312,2516
29543.90573501587,2534
29544.902563095093,2528
29545.900344848633,2462
29546.89908027649,2450
29547.894716262817,2486
29548.89178276062,2490
29549.890756607056,2450
29550.856828689575,2482
29551.883935928345,2470
29552.881479263306,2514
29553.878784179688,2596
29554.877519607544,2606
29555.87339401245,2580
29556.870222091675,2546
29557.835578918457,2546
29558.865785598755,2604
29559.862852096558,2548
29560.861110687256,2574
29561.8577003479,2554
29562.856435775757,2514
29563.852071762085,2486
29564.849376678467,2500
29565.847873687744,2514
29566.84422492981,2492
29567.84224510193,2466
29568.838596343994,2468
29569.835662841797,2428
29570.83511352539,2458
29571.830987930298,2466
29572.82829284668,2460
29573.827028274536,2486
29574.823141098022,2502
29575.820922851562,2472
29576.817989349365,2458
29577.816486358643,2508
29578.813791275024,2502
29579.808950424194,2492
29580.806255340576,2506
29581.80546760559,2534
29582.80086517334,2538
29583.79864692688,2540
29584.795713424683,2548
29585.793495178223,2582
29586.79223060608,2552
29587.75305747986,2536
29588.749885559082,2502
29589.747667312622,2538
29590.780019760132,2534
29591.776847839355,2500
29592.774629592896,2500
29593.775510787964,2510
29594.775915145874,2546
29595.768213272095,2514
29596.76456451416,2538
29597.7623462677,2556
29598.759412765503,2574
29599.75528717041,2534
29600.757360458374,2542
29601.75132751465,2574
29602.750062942505,2584
29603.710651397705,2554
29604.70700263977,2514
29605.70454597473,2538
29606.704711914062,2542
29607.738733291626,2582
29608.7327003479,2582
29609.697103500366,2588
29610.72850227356,2536
29611.72366142273,2510
29612.72096633911,2518
29613.723516464233,2514
29614.716053009033,2522
29615.712881088257,2522
29616.70732498169,2474
29617.672443389893,2478
29618.674516677856,2490
29619.67158317566,2474
29620.696544647217,2488
29621.694803237915,2480
29622.6909160614,2430
29623.687982559204,2454
29624.685525894165,2506
29625.680685043335,2542
29626.67965888977,2492
29627.676010131836,2446
29628.67259979248,2448
29629.671335220337,2452
29630.667209625244,2446
29631.664276123047,2454
29632.662057876587,2516
29633.62956047058,2558
29634.626388549805,2584
29635.652780532837,2588
29636.64960861206,2618
29637.648582458496,2598
29638.644695281982,2620
29639.641523361206,2554
29640.639543533325,2546
29641.63589477539,2502
29642.635583877563,2422
29643.630504608154,2446
29644.627332687378,2416
29645.626306533813,2446
29646.62456512451,2428
29647.619485855103,2380
29648.622512817383,2402
29649.592638015747,2478
29650.583505630493,2502
29651.60870552063,2514
29652.605772018433,2470
29653.60713005066,2486
29654.601097106934,2490
29655.597448349,2514
29656.595706939697,2534
29657.591581344604,2538
29658.596515655518,2544
29659.58857536316,2542
29660.58588027954,2558
29661.583423614502,2568
29662.564992904663,2638
29663.58184814453,2672
29664.574146270752,2676
29665.546655654907,2642
29666.57066345215,2604
29667.540073394775,2630
29668.5631275177,2602
29671.147108078003,2548
29671.147108078003,2494
29672.184467315674,2514
29673.123836517334,2518
29673.659086227417,2518
29674.18909072876,2554
29675.215482711792,2574
29676.214694976807,2524
29677.21199989319,2506
29678.207397460938,2502
29679.208755493164,2546
29680.201768875122,2550
29681.20241165161,2502
29682.170867919922,2510
29684.16452407837,2516
29684.16452407837,2514
29685.19115447998,2478
29686.191082000732,2522
29687.185049057007,2526
29688.182592391968,2512
29689.180612564087,2506
29690.1752948761,2522
29691.17259979248,2558
29692.169904708862,2546
29694.165229797363,2546
29694.165229797363,2542
29696.159839630127,2550
29697.160005569458,2524
29698.160409927368,2516
29699.15461540222,2548
29700.150966644287,2542
29701.143503189087,2502
29702.138662338257,2494
29703.142642974854,2492
29704.13565635681,2522
29705.137729644775,2522
29706.134557724,2536
29707.13233947754,2522
29708.13226699829,2538
29709.126710891724,2538
29710.124254226685,2514
29711.121320724487,2506
29712.133169174194,2538
29713.115692138672,2514
29714.116096496582,2478
29715.11721611023,2458
29716.115713119507,2478
29717.08393096924,2534
29718.0757522583,2544
29719.114065170288,2558
29720.068216323853,2578
29721.065282821655,2586
29722.062826156616,2618
29723.05989265442,2594
29724.0571975708,2578
29725.054502487183,2550
29726.052045822144,2524
29727.07962989807,2502
29728.075981140137,2522
29729.074239730835,2534
29730.069398880005,2526
29731.066465377808,2572
29732.06377029419,2542
29733.06131362915,2578
29734.058380126953,2550
29735.055685043335,2540
29736.052989959717,2538
29737.053155899048,2538
29738.048553466797,2512
29739.044904708862,2462
29740.042448043823,2460
29741.039514541626,2490
29742.037296295166,2522
29743.020057678223,2558
29744.004011154175,2554
29745.001077651978,2538
29745.99838256836,2578
29746.99592590332,2580
29747.993230819702,2596
29748.990535736084,2530
29749.988079071045,2554
29750.985383987427,2486
29751.98245048523,2486
29752.97975540161,2506
29753.97753715515,2522
29754.974603652954,2518
29755.971908569336,2486
29756.969451904297,2478
29757.96675682068,2502
29758.96406173706,2518
29759.961366653442,2518
29760.958671569824,2510
29762.204885482788,2518
29762.204885482788,2514
29763.20481300354,2494
29764.201879501343,2498
29766.196727752686,2506
29767.194032669067,2538
29767.194032669067,2550
29769.188404083252,2542
29770.185947418213,2538
29771.183252334595,2534
29772.180557250977,2554
29773.17762374878,2518
29773.17762374878,2542
29775.1727104187,2512
29776.169776916504,2486
29777.167320251465,2492
29778.164625167847,2498
29779.16193008423,2518
29780.15923500061,2518
29781.15677833557,2510
29782.153844833374,2510
29783.151149749756,2484
29784.15060043335,2522
29785.1459980011,2536
29786.1430644989,2546
29787.140607833862,2534
29788.137912750244,2482
29789.135217666626,2510
29790.135383605957,2576
29791.1319732666,2542
29792.129278182983,2544
29793.126821517944,2546
29794.124126434326,2522
29795.121431350708,2526
29796.11897468567,2498
29797.11604118347,2510
29798.113346099854,2510
29799.111127853394,2506
29800.108194351196,2478
29801.105260849,2538
29802.10256576538,2538
29803.10010910034,2546
29804.097175598145,2526
29805.09328842163,2550
29806.090354919434,2574
29807.120084762573,2502
29808.11357498169,2514
29809.110641479492,2536
29810.112476348877,2526
29811.10644340515,2518
29812.10947036743,2474
29813.106775283813,2494
29814.112424850464,2486
29815.10639190674,2526
29816.095113754272,2570
29817.089080810547,2554
29818.084955215454,2534
29819.08416748047,2490
29820.083141326904,2486
29821.078062057495,2524
29822.076320648193,2518
29823.07720184326,2500
29824.0704536438,2490
29825.0675201416,2482
29826.065063476562,2522
29827.064514160156,2546
29828.062057495117,2570
29829.05673980713,2610
29830.054998397827,2556
29831.051111221313,2504
29832.050561904907,2536
29833.04715156555,2512
29834.046363830566,2540
29835.041761398315,2494
29836.042165756226,2450
29837.038040161133,2458
29838.03915977478,2458
29839.036464691162,2518
29840.035676956177,2542
29841.03751182556,2522
29842.036962509155,2512
29843.021154403687,2492
29844.02084350586,2532
29845.016717910767,2550
29846.018075942993,2546
29847.015142440796,2534
29848.008155822754,2502
29849.005460739136,2506
29850.005865097046,2510
29850.99983215332,2558
29850.99983215332,2554
29852.99515724182,2546
29853.99556159973,2554
29855.116844177246,2558
29856.146812438965,2538
29857.14364051819,2540
29858.14595222473,2574
29859.121561050415,2572
29860.136032104492,2522
29861.132621765137,2476
29862.13183403015,2472
29863.127946853638,2542
29864.126205444336,2558
29865.12279510498,2532
29866.122484207153,2518
29867.090463638306,2504
29868.08753013611,2554
29869.11177635193,2538
29870.11671066284,2570
29871.11210823059,2582
29872.113943099976,2546
29873.114109039307,2542
29874.102115631104,2554
29875.097274780273,2574
29876.105070114136,2542
29877.089977264404,2494
29878.087997436523,2418
29879.085302352905,2450
29880.082845687866,2510
29881.07991218567,2534
29882.079362869263,2490
29883.07523727417,2526
29884.072065353394,2550
29885.068893432617,2598
29886.066675186157,2622
29887.064218521118,2622
29888.06128501892,2606
29889.058589935303,2590
29890.058040618896,2554
29891.023874282837,2552
29892.02046394348,2558
29893.018007278442,2556
29894.015073776245,2534
29895.012855529785,2506
29896.009922027588,2526
29897.00722694397,2498
29898.00477027893,2510
29899.00231361389,2504
29899.999141693115,2478
29900.996446609497,2482
29901.99375152588,2494
29902.99129486084,2450
29903.988361358643,2442
29904.985904693604,2446
29905.983209609985,2470
29906.980514526367,2446
29907.97781944275,2478
29908.97536277771,2482
29909.97266769409,2478
29910.969972610474,2492
29911.967039108276,2544
29912.964582443237,2574
29913.96188735962,2554
29914.959192276,2546
29915.956735610962,2554
29916.954040527344,2546
29917.951345443726,2546
29918.948650360107,2534
29919.94595527649,2506
29920.94326019287,2520
29921.940565109253,2514
29922.938108444214,2510
29923.935174942017,2534
29924.9324798584,2574
29925.92978477478,2546
29926.927089691162,2518
29927.924394607544,2458
29928.92551422119,2520
29929.922342300415,2518
29930.919408798218,2482
29931.9167137146,2482
29932.913780212402,2470
29933.911323547363,2462
29934.908628463745,2458
29935.905933380127,2508
29936.90299987793,2578
29937.90054321289,2558
29938.897848129272,2522
29939.894914627075,2524
29940.892457962036,2546
29941.890239715576,2558
29942.8870677948,2546
29943.88508796692,2518
29944.88263130188,2516
29945.879220962524,2526
29946.876525878906,2514
29947.874307632446,2526
29948.87137413025,2526
29949.86867904663,2526
29950.865745544434,2506
29951.863288879395,2486
29952.860355377197,2490
29953.85766029358,2486
29954.85496520996,2494
29955.8527469635,2470
29956.849813461304,2488
29957.847118377686,2482
29958.844661712646,2450
29959.869146347046,2482
29960.866689682007,2534
29961.86637878418,2518
29962.862968444824,2510
29963.858604431152,2504
29964.860200881958,2474
29965.852975845337,2506
29966.850519180298,2538
29967.848777770996,2546
29968.84560585022,2526
29969.844818115234,2514
29970.839738845825,2534
29971.837043762207,2534
29972.83887863159,2534
29973.83213043213,2546
29974.82991218567,2502
29975.797176361084,2484
29976.824522018433,2542
29977.82325744629,2578
29978.81841659546,2584
29979.81572151184,2590
29980.817556381226,2610
29981.810808181763,2618
29982.807636260986,2640
29983.805179595947,2672
29984.774589538574,2638
29985.80241203308,2638
29986.80019378662,2554
29987.795114517212,2518
29988.7912273407,2466
29989.789247512817,2506
29990.7865524292,2472
29991.783618927002,2450
29992.753267288208,2458
29993.780851364136,2510
29994.775772094727,2512
29995.77307701111,2490
29996.774911880493,2472
29997.76840209961,2510
29998.76618385315,2522
29999.762058258057,2490
30000.760793685913,2484
