Time (ms),Mic Value
0.0,2536
0.9992122650146484,2582
1.9962787628173828,2550
3.0040740966796875,2570
3.991365432739258,2522
4.988431930541992,2570
5.985736846923828,2578
6.983280181884766,2554
7.9803466796875,2554
8.977651596069336,2550
9.975194931030273,2538
10.97249984741211,2526
11.969566345214844,2490
12.96687126159668,2510
13.977766036987305,2494
14.963150024414062,2486
15.974760055541992,2538
16.95990562438965,2558
17.98558235168457,2542
18.981456756591797,2588
19.97852325439453,2572
20.975828170776367,2580
21.973133087158203,2526
22.94158935546875,2506
23.939132690429688,2522
24.939537048339844,2546
25.934457778930664,2526
26.931047439575195,2542
27.957439422607422,2532
28.954267501831055,2548
29.922962188720703,2538
30.948877334594727,2540
31.94594383239746,2526
32.9282283782959,2536
33.91313552856445,2522
34.90924835205078,2476
35.916805267333984,2534
36.93389892578125,2504
37.93525695800781,2474
38.89870643615723,2482
39.897918701171875,2506
40.91215133666992,2506
41.892051696777344,2506
43.90692710876465,2514
43.90692710876465,2574
44.882774353027344,2552
45.880794525146484,2574
46.87786102294922,2542
47.875165939331055,2552
48.871755599975586,2526
49.87001419067383,2482
50.86684226989746,2470
51.8643856048584,2508
52.861690521240234,2504
53.872108459472656,2510
54.8558235168457,2542
55.85479736328125,2520
57.86442756652832,2510
57.86442756652832,2576
58.869123458862305,2522
59.8444938659668,2534
60.842037200927734,2484
61.838388442993164,2510
63.83323669433594,2534
63.83323669433594,2480
64.83030319213867,2508
65.8271312713623,2538
66.82491302490234,2542
67.82364845275879,2576
68.81880760192871,2580
70.81389427185059,2546
70.81389427185059,2542
71.81119918823242,2550
72.80850410461426,2578
74.80502128601074,2550
75.80208778381348,2554
75.80208778381348,2514
76.80034637451172,2512
77.79574394226074,2558
78.79209518432617,2586
79.78963851928711,2538
80.78670501708984,2494
81.78377151489258,2502
82.78179168701172,2518
83.77861976623535,2574
84.77663993835449,2578
86.77244186401367,2546
86.77244186401367,2494
87.7685546875,2498
89.76292610168457,2518
89.76292610168457,2536
90.76070785522461,2538
91.75968170166016,2522
92.75555610656738,2514
93.75262260437012,2552
94.74992752075195,2526
95.74675559997559,2542
96.74453735351562,2534
97.74184226989746,2526
98.7386703491211,2516
99.73549842834473,2510
100.73280334472656,2518
101.7296314239502,2542
103.72543334960938,2542
104.72273826599121,2526
105.72004318237305,2526
106.71830177307129,2524
108.9022159576416,2486
108.9022159576416,2510
108.9022159576416,2516
110.24284362792969,2510
111.27138137817383,2506
112.35427856445312,2522
113.35563659667969,2558
114.35198783874512,2542
115.3562068939209,2576
116.34993553161621,2558
117.37322807312012,2574
118.34383010864258,2602
119.36831474304199,2574
120.36585807800293,2522
121.36244773864746,2504
122.3602294921875,2510
123.32844734191895,2522
124.32575225830078,2546
125.32305717468262,2522
126.32012367248535,2534
127.31766700744629,2584
128.31449508666992,2602
129.31227684020996,2558
130.3093433380127,2560
131.30688667297363,2460
132.3106288909912,2538
133.30340385437012,2498
134.29975509643555,2490
135.29634475708008,2514
136.29412651062012,2480
137.29166984558105,2504
138.28778266906738,2554
139.28484916687012,2578
140.28215408325195,2586
141.2806510925293,2522
142.27724075317383,2570
143.27478408813477,2582
144.2720890045166,2518
145.27177810668945,2506
146.26574516296387,2486
147.26543426513672,2502
148.26107025146484,2518
149.25837516784668,2508
150.25782585144043,2536
151.25703811645508,2542
152.24981307983398,2544
153.24759483337402,2570
154.24489974975586,2574
155.2419662475586,2526
156.24046325683594,2534
157.23752975463867,2494
158.2345962524414,2514
159.23213958740234,2502
160.22896766662598,2460
161.2265110015869,2502
162.22453117370605,2520
163.2242202758789,2534
164.21866416931152,2538
165.21596908569336,2578
166.2135124206543,2590
167.21105575561523,2576
168.20740699768066,2572
169.2047119140625,2538
170.20201683044434,2502
171.19956016540527,2482
172.196626663208,2516
173.19440841674805,2534
174.19147491455078,2508
175.18925666809082,2510
176.18632316589355,2514
177.1843433380127,2546
178.18093299865723,2558
179.17847633361816,2508
180.17578125,2470
181.17356300354004,2510
182.17062950134277,2542
183.1679344177246,2524
184.16523933410645,2526
185.16254425048828,2522
186.16127967834473,2502
187.15763092041016,2546
188.1542205810547,2580
189.15152549743652,2594
190.14906883239746,2510
191.15757942199707,2512
192.17920303344727,2502
193.16935539245605,2546
194.1666603088379,2570
195.13750076293945,2534
196.16150856018066,2506
197.13139533996582,2522
198.12822341918945,2578
199.1255283355713,2558
200.12283325195312,2578
201.12037658691406,2544
202.1174430847168,2526
203.11474800109863,2502
204.11229133605957,2506
205.1093578338623,2538
206.10737800598145,2504
207.10396766662598,2478
208.1015110015869,2506
209.09881591796875,2570
210.0961208343506,2570
211.09366416931152,2578
212.11767196655273,2578
213.11473846435547,2548
214.1120433807373,2538
215.11054039001465,2514
216.10736846923828,2524
217.10848808288574,2502
218.10102462768555,2516
219.09832954406738,2484
220.09611129760742,2486
221.09317779541016,2534
222.0926284790039,2558
223.08826446533203,2584
224.08533096313477,2582
225.0823974609375,2546
226.05395317077637,2526
227.07748413085938,2522
228.04665565490723,2510
229.04372215270996,2504
230.0410270690918,2478
231.03857040405273,2486
232.03563690185547,2514
233.0331802368164,2546
234.03072357177734,2554
235.02779006958008,2540
236.0250949859619,2602
237.02239990234375,2606
238.0197048187256,2576
239.01724815368652,2578
240.01431465148926,2522
241.0118579864502,2450
242.00916290283203,2506
243.00885200500488,2514
244.0321445465088,2512
245.02921104431152,2490
246.02913856506348,2486
247.0254898071289,2538
248.02207946777344,2556
249.01866912841797,2574
250.0159740447998,2554
251.01447105407715,2518
252.0120143890381,2476
253.01051139831543,2482
254.00495529174805,2488
255.0027370452881,2500
256.00218772888184,2482
256.99687004089355,2488
257.97295570373535,2502
258.96549224853516,2522
259.9630355834961,2558
260.96034049987793,2550
261.95764541625977,2508
262.9547119140625,2546
263.95225524902344,2538
264.9493217468262,2482
265.9473419189453,2508
266.94416999816895,2522
267.9414749145508,2510
268.9387798309326,2486
269.93608474731445,2504
270.9336280822754,2536
271.9306945800781,2542
272.92799949645996,2548
273.9520072937012,2554
274.9490737915039,2546
275.94709396362305,2506
276.9162654876709,2522
277.9412269592285,2538
278.93900871276855,2544
279.9360752105713,2538
280.9333801269531,2634
281.93092346191406,2582
282.90510177612305,2554
283.92601013183594,2588
284.92164611816406,2602
285.89439392089844,2542
286.91864013671875,2518
287.9149913787842,2542
288.9125347137451,2518
289.89553451538086,2510
290.8806800842285,2534
291.87631607055664,2546
292.90246963500977,2544
293.8995361328125,2572
294.89827156066895,2542
295.8683967590332,2526
296.8921661376953,2506
297.88994789123535,2502
298.886775970459,2522
299.85690116882324,2486
300.8534908294678,2482
301.8794059753418,2500
302.87647247314453,2502
303.87330055236816,2518
304.8427104949951,2544
305.83882331848145,2574
306.8363666534424,2550
307.8482151031494,2544
308.83145332336426,2584
309.8294734954834,2538
310.8549118041992,2506
311.85197830200195,2492
312.8502368927002,2510
313.8465881347656,2512
314.84413146972656,2514
315.8419132232666,2538
316.83850288391113,2534
317.83604621887207,2546
318.8331127166748,2582
319.83184814453125,2598
320.8353519439697,2554
321.83098793029785,2570
322.82209396362305,2494
323.8213062286377,2482
324.8171806335449,2458
325.81448554992676,2492
326.8120288848877,2506
327.80909538269043,2502
328.8075923919678,2490
329.8039436340332,2558
330.80101013183594,2574
331.7983150482178,2570
332.7956199645996,2522
333.79387855529785,2526
334.7902297973633,2538
335.7889652252197,2510
336.78603172302246,2522
337.7842903137207,2512
338.78016471862793,2480
339.77794647216797,2498
340.7742977142334,2546
341.77184104919434,2586
342.7693843841553,2582
343.7669277191162,2570
344.76375579833984,2554
345.7610607147217,2578
346.7583656311035,2586
347.75638580322266,2574
348.7532138824463,2544
349.75576400756836,2512
351.7179489135742,2514
351.7179489135742,2586
352.71501541137695,2576
354.7098636627197,2574
355.70621490478516,2544
356.7054271697998,2546
357.70153999328613,2526
358.69884490966797,2590
359.6959114074707,2596
360.69321632385254,2582
361.6905212402344,2538
362.6868724822998,2502
363.68465423583984,2510
364.6819591522217,2526
365.6797409057617,2542
366.67656898498535,2536
367.673397064209,2522
368.671178817749,2526
369.66848373413086,2480
370.6653118133545,2520
371.66690826416016,2514
372.6646900177002,2462
373.66509437561035,2504
374.67074394226074,2484
375.6518363952637,2478
376.6651153564453,2510
377.66432762145996,2542
378.6437511444092,2534
379.641056060791,2506
380.63979148864746,2514
381.6642761230469,2542
382.6611042022705,2514
383.65721702575684,2522
384.6569061279297,2520
385.62774658203125,2484
386.65008544921875,2474
387.6485824584961,2550
388.6451721191406,2542
389.64343070983887,2526
390.6402587890625,2446
391.63804054260254,2518
392.63439178466797,2570
393.6319351196289,2558
394.62924003601074,2526
395.6003189086914,2514
396.59762382507324,2516
397.62115478515625,2574
398.6186981201172,2574
399.59001541137695,2518
400.61450004577637,2494
401.6108512878418,2542
402.60815620422363,2618
403.60546112060547,2606
404.6027660369873,2606
405.60102462768555,2538
406.597375869751,2506
407.5949192047119,2538
408.59317779541016,2534
409.5621109008789,2510
410.55965423583984,2448
411.58413887023926,2456
412.581205368042,2466
413.55252265930176,2484
414.5491123199463,2502
415.546178817749,2510
416.54396057128906,2534
417.5412654876709,2526
418.53857040405273,2534
419.53563690185547,2534
420.5334186553955,2570
421.53048515319824,2574
422.527551651001,2580
423.5246181488037,2610
424.52144622802734,2640
425.5197048187256,2662
426.5172481536865,2714
427.51431465148926,2712
428.511381149292,2686
429.50892448425293,2646
430.50646781921387,2668
431.5037727355957,2622
432.50083923339844,2556
433.4986209869385,2502
434.4956874847412,2490
435.49323081970215,2506
436.490535736084,2454
437.4878406524658,2448
438.48490715026855,2446
439.4824504852295,2422
440.47999382019043,2450
441.47753715515137,2474
442.474365234375,2524
443.47167015075684,2510
444.46873664855957,2526
445.4655647277832,2518
446.46382331848145,2546
447.4611282348633,2570
448.4577178955078,2494
449.45454597473145,2512
450.4528045654297,2550
451.4501094818115,2538
452.44717597961426,2578
453.4447193145752,2542
454.4692039489746,2492
455.46674728393555,2544
456.4645290374756,2574
457.4613571166992,2582
458.4307670593262,2514
459.4278335571289,2538
460.4361057281494,2542
461.4226818084717,2554
462.4199867248535,2546
463.41729164123535,2536
464.4145965576172,2482
465.4121398925781,2418
466.42112731933594,2426
467.4067497253418,2450
468.40381622314453,2462
469.40112113952637,2454
470.3984260559082,2470
471.39596939086914,2470
472.393274307251,2488
473.4208583831787,2526
474.42150115966797,2556
475.4142761230469,2554
476.38535499572754,2522
477.40960121154785,2546
478.4212112426758,2534
479.4037342071533,2522
480.40103912353516,2546
481.3988208770752,2528
482.3956489562988,2502
483.3972454071045,2522
484.39955711364746,2548
485.4011535644531,2582
486.3851070404053,2542
487.38694190979004,2558
488.37995529174805,2554
489.3770217895508,2538
490.3876781463623,2534
491.3442134857178,2598
492.3875331878662,2570
493.3667182922363,2512
494.36450004577637,2518
495.3627586364746,2554
496.3819980621338,2590
497.3564147949219,2618
498.3539581298828,2606
499.35054779052734,2618
500.3490447998047,2556
501.345157623291,2576
502.34341621398926,2590
503.3402442932129,2540
504.33850288391113,2512
505.33556938171387,2504
506.3340663909912,2500
507.33113288879395,2502
508.32676887512207,2486
509.3250274658203,2470
510.32137870788574,2512
511.3186836242676,2538
512.3159885406494,2570
513.3132934570312,2558
514.3101215362549,2518
515.312910079956,2506
516.2763595581055,2490
517.3022747039795,2502
518.2998180389404,2526
519.2973613739014,2482
520.2937126159668,2502
521.2914943695068,2546
522.2897529602051,2554
523.2863426208496,2598
524.2831707000732,2578
525.2799987792969,2554
526.2784957885742,2550
527.2753238677979,2518
528.2738208770752,2536
529.2692184448242,2538
530.2674770355225,2516
531.235933303833,2474
532.2329998016357,2470
533.2305431365967,2542
534.2280864715576,2574
535.2256298065186,2542
536.2229347229004,2550
537.2200012207031,2546
538.217306137085,2502
539.2146110534668,2482
540.2116775512695,2486
541.2092208862305,2510
542.2065258026123,2476
543.203592300415,2454
544.2008972167969,2484
545.1986789703369,2486
546.1983680725098,2510
547.1932888031006,2538
548.1905937194824,2522
549.1881370544434,2554
550.1856803894043,2576
551.189661026001,2546
552.1810054779053,2546
553.2052516937256,2536
554.2087554931641,2542
555.1722049713135,2514
556.1707019805908,2510
557.1959018707275,2544
558.1645965576172,2554
559.1614246368408,2558
560.1582527160645,2526
561.1555576324463,2524
562.1538162231445,2542
563.1513595581055,2546
564.1484260559082,2546
565.1473999023438,2574
566.1454200744629,2572
567.141056060791,2518
568.145751953125,2556
569.1347122192383,2608
570.131778717041,2546
571.1290836334229,2556
572.1266269683838,2544
573.1236934661865,2580
574.1209983825684,2538
575.1211643218994,2570
576.1194229125977,2538
577.1441459655762,2482
578.1407356262207,2506
579.1082382202148,2544
580.1358222961426,2534
582.7243328094482,2524
582.7243328094482,2518
583.1010341644287,2504
584.1243267059326,2550
585.247278213501,2582
586.2472057342529,2538
587.2738361358643,2534
588.2771015167236,2510
589.2782211303711,2542
590.2683734893799,2554
591.2353992462158,2536
592.2596454620361,2538
593.2567119598389,2552
594.2540168762207,2558
595.2236652374268,2554
596.2212085723877,2546
597.2213745117188,2582
598.2155799865723,2558
599.2124080657959,2510
600.2428531646729,2510
601.2382507324219,2510
602.236270904541,2514
603.2304763793945,2494
604.2282581329346,2502
605.2103042602539,2542
606.2259674072266,2550
607.2196960449219,2552
608.2251071929932,2558
609.2143058776855,2584
610.2118492126465,2552
611.2086772918701,2524
612.2066974639893,2542
613.1761074066162,2514
614.173173904419,2478
615.1714324951172,2506
616.1696910858154,2510
617.16628074646,2482
618.1626319885254,2486
619.159460067749,2502
620.15700340271,2534
621.1535930633545,2502
622.1513748168945,2462
623.1489181518555,2534
624.1466999053955,2546
625.1430511474609,2456
626.1403560638428,2418
627.1371841430664,2430
628.1349658966064,2486
629.1332244873047,2464
630.1300525665283,2482
631.126880645752,2482
632.1263313293457,2510
633.1534385681152,2532
634.1478824615479,2538
635.1170539855957,2574
636.1184120178223,2542
637.141227722168,2482
638.1378173828125,2414
639.1355991363525,2522
640.1329040527344,2526
641.1306858062744,2490
642.0974731445312,2486
643.1252956390381,2514
644.1223621368408,2546
645.0903415679932,2542
646.0886001586914,2554
647.1140384674072,2554
648.1125354766846,2522
649.0800380706787,2486
650.0790119171143,2500
651.0746479034424,2484
652.071475982666,2484
653.069019317627,2502
654.066801071167,2502
655.0631523132324,2514
656.0614109039307,2526
657.0582389831543,2602
658.055305480957,2582
659.0533256530762,2598
660.050630569458,2552
661.0476970672607,2548
662.0452404022217,2558
663.0423069000244,2550
664.0398502349854,2598
665.0385856628418,2572
666.034460067749,2554
667.0339107513428,2544
668.02978515625,2538
669.0263748168945,2542
670.0239181518555,2522
671.0207462310791,2506
672.01828956604,2572
673.0153560638428,2474
674.0131378173828,2470
675.011396408081,2514
676.0082244873047,2534
677.0050525665283,2524
678.0025959014893,2518
679.0003776550293,2538
679.9972057342529,2506
680.9942722320557,2546
681.9918155670166,2514
682.990312576294,2516
683.9866638183594,2470
684.9844455718994,2482
685.9817504882812,2524
686.9785785675049,2532
687.9756450653076,2516
688.9739036560059,2554
689.9704933166504,2578
690.9677982330322,2580
691.9658184051514,2550
692.9633617401123,2550
693.960428237915,2576
694.9582099914551,2526
695.9562301635742,2506
696.953535079956,2526
697.9506015777588,2510
699.9444961547852,2526
699.9444961547852,2518
700.9708881378174,2518
701.9670009613037,2524
702.9643058776855,2550
703.9608955383301,2578
704.9336433410645,2586
705.9268951416016,2546
706.9237232208252,2506
707.9215049743652,2484
708.918571472168,2512
709.9158763885498,2508
710.9131813049316,2474
711.9107246398926,2462
712.9077911376953,2458
713.9050960540771,2542
714.9217128753662,2538
716.8984413146973,2576
716.8984413146973,2542
717.8947925567627,2534
718.8918590545654,2524
719.9187278747559,2474
720.9160327911377,2500
721.9116687774658,2458
722.9092121124268,2442
723.9067554473877,2482
724.876880645752,2494
725.8737087249756,2502
726.8705368041992,2534
727.8673648834229,2552
728.8656234741211,2570
729.8629283905029,2574
730.8602333068848,2586
731.8587303161621,2554
732.9163551330566,2550
734.8499298095703,2506
734.8499298095703,2486
736.8438243865967,2506
736.8438243865967,2514
737.8411293029785,2538
738.8386726379395,2518
739.8357391357422,2554
740.833044052124,2536
741.8408393859863,2586
742.8278923034668,2556
743.8251972198486,2520
744.8234558105469,2518
745.821475982666,2538
746.8178272247314,2514
747.814416885376,2538
748.8117218017578,2542
750.8130073547363,2506
750.8130073547363,2534
751.8055438995361,2578
752.802848815918,2538
753.7999153137207,2526
754.7979354858398,2534
755.7957172393799,2524
756.7927837371826,2544
757.7903270721436,2526
758.7876319885254,2528
759.784460067749,2542
760.7817649841309,2516
761.7793083190918,2536
762.7768516540527,2550
764.7807598114014,2550
765.7723426818848,2582
766.7655944824219,2546
766.7655944824219,2514
767.7950859069824,2510
768.7885761260986,2542
769.7849273681641,2522
770.7829475402832,2516
771.7795372009277,2510
772.7775573730469,2540
774.7454643249512,2542
775.7408618927002,2574
776.7376899719238,2550
776.7376899719238,2518
778.7346839904785,2490
779.7582149505615,2486
780.756950378418,2506
780.756950378418,2502
782.7422618865967,2478
783.7624549865723,2472
784.7187519073486,2506
785.7151031494141,2578
786.7131233215332,2606
787.7342700958252,2604
788.7353897094727,2606
789.740800857544,2582
790.729284286499,2546
791.7349338531494,2558
792.7260398864746,2510
793.7216758728027,2486
794.6898937225342,2452
795.7184314727783,2506
796.7157363891602,2506
797.6834774017334,2508
798.7072467803955,2550
799.6764183044434,2602
800.6744384765625,2582
801.6989231109619,2570
802.6959896087646,2550
803.7109375,2540
804.6631813049316,2526
805.6604862213135,2502
806.6589832305908,2502
807.6558113098145,2502
808.6533546447754,2482
809.6506595611572,2542
810.6472492218018,2578
811.6445541381836,2578
812.650203704834,2596
813.6396408081055,2570
814.63623046875,2570
815.6368732452393,2570
816.6337013244629,2554
817.6286220550537,2524
818.6535835266113,2516
819.6506500244141,2482
820.648193359375,2522
821.6457366943359,2494
822.6425647735596,2552
823.6398696899414,2544
824.6097564697266,2534
825.6068229675293,2522
826.6036510467529,2546
827.6116847991943,2550
828.6187648773193,2534
829.6148777008057,2492
830.610990524292,2514
831.6106796264648,2472
832.5884342193604,2480
833.5871696472168,2488
834.5863819122314,2494
835.5817794799805,2502
836.5793228149414,2518
837.5751972198486,2534
838.5741710662842,2494
839.5712375640869,2482
840.5683040618896,2482
841.5658473968506,2518
842.5908088684082,2510
843.5885906219482,2518
844.5577621459961,2486
845.5824851989746,2504
846.5526103973389,2522
847.5496768951416,2534
848.5748767852783,2570
849.5602607727051,2554
850.5411148071289,2550
851.5653610229492,2538
852.5631427764893,2534
853.5599708557129,2538
854.5308113098145,2538
855.5285930633545,2522
856.5826416015625,2518
857.5215339660645,2510
858.5188388824463,2524
859.515905380249,2526
860.51344871521,2488
861.5117073059082,2470
862.5359535217285,2482
863.5387420654297,2482
864.504337310791,2486
865.5006885528564,2494
866.5006160736084,2468
867.497444152832,2510
868.5216903686523,2546
869.5173263549805,2616
870.5146312713623,2624
871.5171813964844,2598
872.509241104126,2590
873.5065460205078,2598
874.4785785675049,2602
875.4739761352539,2570
876.5010833740234,2526
877.4971961975098,2500
878.4942626953125,2500
879.4641494750977,2526
880.4905414581299,2536
881.4868927001953,2522
882.4875354766846,2532
883.4865093231201,2502
884.4523429870605,2518
885.4484558105469,2514
886.4471912384033,2518
887.4425888061523,2488
888.4687423706055,2478
889.4655704498291,2486
890.4621601104736,2478
891.4322853088379,2490
892.4579620361328,2486
893.4552669525146,2482
894.423246383667,2538
895.421028137207,2570
896.4529037475586,2582
897.4456787109375,2546
898.4379768371582,2546
899.4450569152832,2526
900.4395008087158,2502
901.4341831207275,2510
902.4302959442139,2494
903.4304618835449,2490
904.3962955474854,2450
905.4226875305176,2500
906.4233303070068,2518
907.4170589447021,2558
908.4157943725586,2544
909.4130992889404,2574
910.4099273681641,2546
911.4077091217041,2554
912.4054908752441,2510
913.4023189544678,2494
914.3717288970947,2486
915.367841720581,2518
916.3656234741211,2542
917.4160957336426,2502
918.3881282806396,2526
919.3856716156006,2582
920.3603267669678,2550
921.3504791259766,2546
922.3477840423584,2574
923.3448505401611,2542
924.3426322937012,2582
925.3401756286621,2518
926.3372421264648,2510
927.3390769958496,2484
928.3316135406494,2480
929.3291568756104,2498
930.3262233734131,2518
931.323766708374,2534
932.3210716247559,2526
933.3198070526123,2514
934.316873550415,2538
935.3139400482178,2544
936.3136291503906,2518
937.309741973877,2490
938.3065700531006,2540
939.3036365509033,2516
940.3014183044434,2534
941.2996768951416,2582
942.2969818115234,2538
943.2942867279053,2578
944.2920684814453,2608
945.2903270721436,2598
946.286678314209,2594
947.2842216491699,2558
949.6572017669678,2522
949.6572017669678,2542
950.7789611816406,2554
950.8447647094727,2504
952.2805213928223,2506
952.7833461761475,2508
953.7825584411621,2518
954.780101776123,2502
956.7747116088867,2518
956.7747116088867,2508
957.7715396881104,2490
958.7688446044922,2510
959.766149520874,2500
960.7634544372559,2470
961.7640972137451,2490
963.7563228607178,2502
964.7536277770996,2514
964.7536277770996,2512
966.7494297027588,2546
966.7494297027588,2546
967.7455425262451,2554
968.7421321868896,2544
969.7396755218506,2516
970.7367420196533,2480
971.7340469360352,2492
973.7288951873779,2510
974.7262001037598,2514
975.7237434387207,2510
976.7210483551025,2498
977.7181148529053,2534
978.7154197692871,2542
979.712724685669,2582
980.7102680206299,2576
981.7075729370117,2538
982.7218055725098,2508
983.708381652832,2500
984.7025871276855,2510
985.6998920440674,2514
986.7093563079834,2490
987.7126216888428,2462
988.7092113494873,2510
989.6876811981201,2546
990.684986114502,2554
991.6837215423584,2572
992.680549621582,2542
993.6785697937012,2526
994.6753978729248,2550
995.6731796264648,2534
996.6702461242676,2514
997.6670742034912,2478
998.664140701294,2458
999.6693134307861,2490
1000.6825923919678,2542
1001.6562938690186,2536
1002.6528835296631,2538
1003.6494731903076,2526
1004.6505928039551,2542
1005.6459903717041,2606
1006.6432952880859,2638
1007.6406002044678,2582
1008.6386203765869,2542
1009.6356868743896,2518
1010.6332302093506,2526
1011.6281509399414,2510
1012.624979019165,2522
1013.6358737945557,2518
1014.622688293457,2534
1015.648365020752,2586
1016.615629196167,2578
1017.6448822021484,2582
1018.6102390289307,2534
1019.6380615234375,2542
1020.6315517425537,2526
1021.6290950775146,2484
1022.6271152496338,2488
1023.597002029419,2486
1024.6038436889648,2478
1025.5906581878662,2482
1026.587963104248,2486
1027.5847911834717,2482
1028.5844802856445,2506
1029.5820236206055,2538
1030.578374862671,2514
1031.5790176391602,2506
1032.5732231140137,2510
1033.5731506347656,2482
1034.5838069915771,2518
1035.5663299560547,2542
1036.5629196166992,2542
1037.5604629516602,2538
1038.5570526123047,2524
1039.5541191101074,2606
1040.5514240264893,2598
1041.5489673614502,2542
1042.546272277832,2538
1043.5426235198975,2542
1044.5396900177002,2574
1045.539140701294,2554
1046.534776687622,2538
1047.5623607635498,2544
1048.583745956421,2546
1049.5600700378418,2550
1050.5249500274658,2582
1051.5501499176025,2594
1052.5474548339844,2526
1053.5285472869873,2514
1054.546594619751,2550
1055.5408000946045,2508
1056.5595626831055,2534
1057.5058460235596,2486
1058.5088729858398,2446
1059.4995021820068,2518
1060.4963302612305,2554
1061.4938735961914,2550
1062.4918937683105,2542
1063.4899139404297,2558
1064.4874572753906,2514
1065.4840469360352,2510
1066.5149688720703,2550
1067.4810409545898,2542
1068.5029029846191,2462
1069.5044994354248,2448
1070.4972743988037,2468
1071.4950561523438,2506
1072.4925994873047,2534
1073.472261428833,2542
1074.4919776916504,2522
1075.4880905151367,2536
1076.4837265014648,2614
1077.4807929992676,2578
1078.4780979156494,2526
1079.4782638549805,2490
1080.4729461669922,2518
1081.451416015625,2510
1082.4692249298096,2538
1083.437204360962,2536
1084.4335556030273,2508
1085.43062210083,2526
1086.4274501800537,2576
1087.4252319335938,2550
1088.4220600128174,2538
1089.4343852996826,2554
1090.416669845581,2518
1091.413974761963,2482
1092.411756515503,2454
1093.4090614318848,2414
1094.4063663482666,2450
1095.4036712646484,2486
1096.4009761810303,2482
1097.3985195159912,2470
1098.3953475952148,2506
1099.3926525115967,2522
1100.3921031951904,2554
1101.3875007629395,2586
1102.3850440979004,2542
1103.3823490142822,2534
1104.379653930664,2510
1105.3767204284668,2544
1106.3745021820068,2554
1107.3715686798096,2490
1108.3686351776123,2494
1109.3661785125732,2538
1110.363483428955,2550
1111.3605499267578,2570
1112.3578548431396,2520
1113.3558750152588,2490
1114.3531799316406,2500
1115.3502464294434,2524
1116.3485050201416,2534
1117.3453330993652,2526
1118.3583736419678,2454
1119.339942932129,2422
1120.3367710113525,2480
1121.3340759277344,2494
1122.3313808441162,2526
1123.3289241790771,2510
1124.326467514038,2518
1125.32377243042,2522
1126.3208389282227,2538
1127.3181438446045,2574
1128.3154487609863,2534
1129.3129920959473,2490
1130.3107738494873,2502
1131.3073635101318,2524
1132.3049068450928,2542
1133.3034038543701,2598
1134.3035697937012,2510
1135.2996826171875,2510
1136.3248825073242,2572
1137.3217105865479,2578
1138.319730758667,2576
1139.3165588378906,2538
1140.312671661377,2510
1141.282558441162,2488
1142.3087120056152,2518
1143.2774066925049,2546
1144.3054676055908,2558
1145.2720165252686,2538
1146.2981700897217,2518
1147.2980976104736,2510
1148.2625007629395,2552
1149.2919921875,2578
1150.3198146820068,2538
1151.2835025787354,2520
1152.280569076538,2522
1153.2492637634277,2506
1154.2754173278809,2504
1155.2724838256836,2550
1156.2433242797852,2578
1157.2394371032715,2526
1158.2672595977783,2542
1159.280776977539,2558
1160.2606773376465,2598
1161.2579822540283,2554
1162.255048751831,2534
1163.2251739501953,2502
1164.2208099365234,2518
1165.2462482452393,2542
1166.2187576293945,2538
1167.2465801239014,2502
1168.2384014129639,2506
1169.2352294921875,2522
1170.2332496643066,2578
1171.2009906768799,2578
1172.1980571746826,2602
1173.1956005096436,2546
1174.1926670074463,2526
1175.1906871795654,2518
1176.1877536773682,2514
1177.184820175171,2518
1178.1821250915527,2482
1179.1794300079346,2484
1180.1772117614746,2528
1181.1740398406982,2534
1182.17134475708,2582
1183.1698417663574,2634
1184.166431427002,2550
1185.1632595062256,2526
1186.1610412597656,2538
1187.1581077575684,2526
1188.155174255371,2534
1189.1531944274902,2478
1190.1500225067139,2490
1191.1473274230957,2506
1192.1446323394775,2490
1193.1426525115967,2518
1194.1394805908203,2556
1195.1663494110107,2550
1196.138620376587,2558
1197.1690654754639,2572
1198.1585025787354,2578
1199.1586685180664,2568
1200.1571655273438,2534
1201.1222839355469,2514
1202.1474838256836,2490
1203.1161785125732,2502
1204.1420936584473,2490
1205.141544342041,2526
1206.1364650726318,2546
1207.1340084075928,2578
1208.1036567687988,2536
1209.1302871704102,2570
1210.0989818572998,2586
1211.1234664916992,2606
1212.0990753173828,2554
1213.0913734436035,2558
1214.0886783599854,2494
1215.0871753692627,2510
1216.0825729370117,2510
1217.0805931091309,2526
1218.076467514038,2520
1219.07377243042,2534
1220.0713157653809,2542
1221.0683822631836,2582
1222.0656871795654,2550
1223.0627536773682,2550
1224.0607738494873,2518
1225.0583171844482,2524
1226.0682582855225,2502
1227.0526885986328,2506
1228.0499935150146,2510
1229.0494441986084,2494
1230.046033859253,2486
1231.0431003570557,2504
1232.0711612701416,2546
1233.0584526062012,2536
1234.0342998504639,2506
1235.0318431854248,2520
1236.0584735870361,2506
1237.0543479919434,2494
1238.051414489746,2504
1239.05611038208,2510
1240.0460243225098,2502
1241.0433292388916,2502
1242.0134544372559,2490
1243.011236190796,2510
1244.0078258514404,2510
1245.0051307678223,2554
1246.0029125213623,2534
1247.0009326934814,2506
1247.9970455169678,2510
1248.9945888519287,2514
1249.9921321868896,2488
1250.9889602661133,2518
1251.9862651824951,2534
1252.9840469360352,2542
1253.9808750152588,2576
1254.979133605957,2546
1255.9764385223389,2596
1256.9739818572998,2558
1257.9765319824219,2506
1258.9683532714844,2510
1259.965181350708,2518
1260.962963104248,2502
1261.9597911834717,2486
1262.9563808441162,2522
1263.956069946289,2526
1264.9521827697754,2534
1265.9499645233154,2534
1266.94917678833,2602
1267.9436206817627,2582
1268.9411640167236,2550
1269.9382305145264,2538
1270.935297012329,2482
1273.4999656677246,2486
1273.4999656677246,2506
1274.4934558868408,2480
1275.4433155059814,2506
1276.733636856079,2492
1277.794599533081,2488
1278.7330150604248,2526
1279.7293663024902,2582
1280.7564735412598,2594
1281.752347946167,2532
1282.7215194702148,2538
1283.719778060913,2508
1284.7163677215576,2478
1285.7146263122559,2474
1286.7109775543213,2492
1287.7182960510254,2478
1288.7048721313477,2450
1289.7026538848877,2500
1290.6994819641113,2502
1291.696548461914,2590
1292.6936149597168,2606
1293.6904430389404,2574
1294.6875095367432,2542
1295.6862449645996,2518
1296.6833114624023,2510
1297.680377960205,2494
1298.7117767333984,2494
1299.675464630127,2472
1300.6765842437744,2478
1301.6998767852783,2512
1302.6671409606934,2554
1303.6932945251465,2574
1304.6905994415283,2526
1305.6931495666504,2526
1306.6580295562744,2572
1307.6817989349365,2542
1308.6507320404053,2584
1309.6473217010498,2552
1310.6448650360107,2512
1311.6421699523926,2490
1312.6411437988281,2518
1313.63844871521,2526
1314.6352767944336,2570
1315.6335353851318,2546
1316.6298866271973,2558
1317.659854888916,2544
1318.652629852295,2526
1319.6542263031006,2536
1320.6474781036377,2506
1321.6450214385986,2454
1322.61323928833,2470
1323.6443996429443,2514
1324.6080875396729,2478
1325.6056308746338,2512
1326.6024589538574,2514
1327.5995254516602,2502
1328.5975456237793,2522
1329.5950889587402,2508
1330.5926322937012,2534
1331.589937210083,2498
1332.589864730835,2504
1333.5866928100586,2506
1334.583044052124,2542
1335.5801105499268,2546
1336.606502532959,2546
1337.6035690307617,2570
1338.6034965515137,2546
1339.5981788635254,2518
1340.5959606170654,2550
1341.5632247924805,2602
1342.559814453125,2546
1343.5566425323486,2502
1344.5546627044678,2504
1345.5538749694824,2506
1346.5502262115479,2510
1347.5477695465088,2538
1348.5453128814697,2542
1349.548101425171,2554
1350.5749702453613,2506
1351.564884185791,2576
1352.562427520752,2518
1353.5592555999756,2550
1354.5575141906738,2534
1355.5541038513184,2510
1356.5564155578613,2470
1357.5491905212402,2510
1358.5176467895508,2510
1359.5142364501953,2482
1360.511302947998,2490
1361.508846282959,2546
1362.5073432922363,2546
1363.50417137146,2550
1364.501953125,2526
1365.5335903167725,2590
1366.5297031402588,2574
1367.5222396850586,2482
1368.5197830200195,2478
1369.5173263549805,2454
1370.5153465270996,2526
1371.511459350586,2486
1372.5166320800781,2504
1373.5058307647705,2518
1374.5183944702148,2502
1375.472068786621,2586
1376.4986991882324,2594
1377.497673034668,2578
1378.4937858581543,2550
1379.4629573822021,2518
1380.492925643921,2476
1381.4854621887207,2486
1382.4827671051025,2506
1383.4517002105713,2474
1384.476900100708,2454
1385.474443435669,2514
1386.4731788635254,2550
1387.4759674072266,2518
1388.4384632110596,2518
1389.4636631011963,2522
1390.4612064361572,2534
1391.4580345153809,2518
1392.455816268921,2538
1393.4528827667236,2480
1394.4509029388428,2458
1395.418405532837,2486
1396.4154720306396,2534
1397.4130153656006,2522
1398.4100818634033,2514
1399.4076251983643,2506
1400.404691696167,2522
1401.402235031128,2550
1402.3995399475098,2610
1403.3966064453125,2586
1404.3941497802734,2526
1405.3914546966553,2502
1406.388759613037,2514
1407.386064529419,2544
1408.3836078643799,2554
1409.3809127807617,2524
1410.3939533233643,2526
1411.377191543579,2544
1412.374496459961,2574
1413.3720397949219,2526
1414.3691062927246,2486
1415.3664112091064,2494
1416.3641929626465,2510
1417.3612594604492,2492
1418.358564376831,2514
1419.3556308746338,2490
1420.3534126281738,2486
1421.3504791259766,2502
1422.3477840423584,2526
1423.3450889587402,2552
1424.3426322937012,2514
1425.3408908843994,2522
1426.3420104980469,2512
1427.333116531372,2502
1428.3299446105957,2508
1429.330587387085,2516
1430.3247928619385,2510
1431.3220977783203,2490
1432.3194026947021,2536
1433.316707611084,2510
1434.3140125274658,2518
1435.3115558624268,2584
1436.3210201263428,2546
1437.3061656951904,2526
1438.3034706115723,2526
1439.3010139465332,2550
1440.298080444336,2538
1441.2956237792969,2494
1442.2926902770996,2480
1443.2902336120605,2514
1444.2875385284424,2558
1445.2848434448242,2546
1446.282148361206,2540
1447.279691696167,2578
1448.2767581939697,2552
1449.2740631103516,2510
1450.2716064453125,2522
1451.2689113616943,2524
1452.265977859497,2466
1453.263521194458,2502
1454.2608261108398,2544
1455.2581310272217,2510
1456.2554359436035,2504
1457.2529792785645,2518
1458.2500457763672,2586
1459.247350692749,2538
1460.24489402771,2558
1461.2421989440918,2546
1462.2392654418945,2518
1463.2368087768555,2506
1464.2341136932373,2514
1465.2314186096191,2490
1466.22896194458,2478
1467.226266860962,2482
1468.2235717773438,2494
1469.2206382751465,2514
1470.2179431915283,2514
1471.2154865264893,2586
1472.212791442871,2586
1473.210096359253,2584
1474.2076396942139,2542
1475.2049446105957,2574
1476.2022495269775,2554
1477.1993160247803,2502
1478.1968593597412,2494
1479.194164276123,2492
1480.1914691925049,2490
1481.1887741088867,2482
1482.1860790252686,2542
1483.1833839416504,2584
1484.1806888580322,2578
1485.1782321929932,2522
1486.175537109375,2538
1487.20121383667,2542
1488.1987571716309,2534
1489.1960620880127,2490
1490.1936054229736,2522
1491.1913871765137,2472
1492.1882152557373,2472
1493.1869506835938,2492
1494.18306350708,2526
1495.1810836791992,2570
1496.1771965026855,2528
1497.1742630004883,2512
1498.1720447540283,2502
1499.1693496704102,2546
1500.166416168213,2494
1501.1684894561768,2484
1502.1615028381348,2466
1503.1592845916748,2448
1504.1563510894775,2510
1505.1534175872803,2506
1506.1516761779785,2534
1507.1477890014648,2514
1508.1441402435303,2522
1509.1431140899658,2522
1510.1394653320312,2558
1511.1396312713623,2576
1512.134313583374,2554
1513.1375789642334,2518
1514.1289234161377,2532
1515.1264667510986,2474
1516.1256790161133,2534
1517.103910446167,2558
1518.1183815002441,2558
1519.1168785095215,2544
1520.1129913330078,2522
1521.1105346679688,2546
1522.1076011657715,2544
1523.1049060821533,2522
1524.1036415100098,2518
1525.101900100708,2514
1526.0999202728271,2526
1527.0962715148926,2518
1528.0935764312744,2546
1529.090404510498,2542
1530.088186264038,2550
1531.0852527618408,2534
1532.0820808410645,2526
1533.050775527954,2526
1534.0771675109863,2554
1535.0830554962158,2546
1536.072015762329,2506
1537.0707511901855,2514
1538.0663871765137,2490
1539.0634536743164,2506
1540.0617122650146,2554
1541.0583019256592,2538
1542.0558452606201,2550
1543.0564880371094,2534
1544.0502166748047,2580
1545.0477600097656,2578
1546.018123626709,2522
1547.041893005371,2528
1548.0396747589111,2478
1549.037218093872,2514
1550.0342845916748,2538
1551.0315895080566,2534
1552.0286560058594,2480
1553.0264377593994,2538
1554.0242195129395,2578
1554.9917221069336,2578
1555.9890270233154,2582
1556.9860935211182,2550
1557.983636856079,2522
1558.9807033538818,2506
1559.9780082702637,2538
1560.9753131866455,2542
1561.9728565216064,2488
1562.9701614379883,2474
1563.9674663543701,2508
1564.964771270752,2544
1565.9620761871338,2594
1566.9596195220947,2550
1567.9566860198975,2546
1568.9542293548584,2550
1569.9515342712402,2526
1570.948600769043,2538
1571.946144104004,2524
1572.9434490203857,2514
1573.9407539367676,2502
1574.9380588531494,2514
1575.9356021881104,2526
1576.932668685913,2506
1577.929973602295,2540
1578.927993774414,2570
1579.9248218536377,2574
1580.9221267700195,2550
1581.9194316864014,2554
1582.9293727874756,2554
1583.914041519165,2494
1584.9113464355469,2486
1585.9088897705078,2494
1586.9061946868896,2474
1587.9034996032715,2486
1588.9005661010742,2508
1589.8981094360352,2486
1590.895414352417,2510
1591.8927192687988,2522
1592.8902626037598,2546
1593.9042568206787,2544
1594.9130058288574,2534
1595.8843231201172,2522
1596.9080924987793,2522
1597.904920578003,2518
1598.9022254943848,2514
1599.8737812042236,2534
1600.898265838623,2538
1601.8943786621094,2510
1602.8919219970703,2522
1603.8892269134521,2576
1604.886531829834,2550
1605.8850288391113,2534
1606.8811416625977,2526
1607.858419418335,2514
1608.8757514953613,2510
1609.8451614379883,2522
1610.842227935791,2542
1611.8395328521729,2490
1612.8368377685547,2490
1613.8341426849365,2488
1614.8314476013184,2504
1615.8287525177002,2534
1616.826057434082,2506
1617.823600769043,2540
1618.8206672668457,2490
1619.8179721832275,2506
1620.8155155181885,2534
1621.8128204345703,2514
1622.8101253509521,2512
1623.8071918487549,2534
1624.8068809509277,2540
1625.8039474487305,2504
1626.8012523651123,2522
1627.7985572814941,2526
1628.7956237792969,2554
1629.793405532837,2550
1630.7904720306396,2554
1631.7877769470215,2516
1632.796049118042,2494
1633.7826251983643,2506
1634.779691696167,2546
1635.777235031128,2548
1636.7745399475098,2538
1637.7718448638916,2554
1638.7689113616943,2586
1639.7650241851807,2554
1640.7620906829834,2486
1641.7596340179443,2508
1642.756700515747,2486
1643.754005432129,2506
1644.7513103485107,2512
1645.7488536834717,2506
1646.7461585998535,2494
1647.7432250976562,2518
1649.738073348999,2552
1649.738073348999,2554
1650.7353782653809,2540
1651.7324447631836,2590
1652.7302265167236,2550
1653.7272930145264,2518
1654.7245979309082,2490
1655.7223796844482,2482
1656.719446182251,2510
1657.7165126800537,2462
1658.7140560150146,2506
1660.7086658477783,2512
1661.7059707641602,2504
1662.703514099121,2490
1663.7005805969238,2522
1664.6981239318848,2556
1665.6954288482666,2542
1666.6927337646484,2524
1667.6900386810303,2490
1668.687343597412,2504
1669.684648513794,2514
1670.6821918487549,2486
1671.7088222503662,2510
1672.706127166748,2506
1673.7031936645508,2490
1674.6728420257568,2542
1675.6982803344727,2596
1676.6681671142578,2576
1677.6955127716064,2550
1678.694486618042,2522
1679.687261581421,2538
1680.6848049163818,2550
1681.6825866699219,2528
1682.6798915863037,2478
1683.6767196655273,2454
1684.6742630004883,2490
1685.6715679168701,2518
1686.671495437622,2544
1687.6649856567383,2518
1688.6622905731201,2546
1689.6600723266602,2520
1690.657138824463,2550
1691.654920578003,2550
1692.6522254943848,2514
1693.6500072479248,2470
1694.6473121643066,2482
1695.6160068511963,2490
1696.6407299041748,2470
1697.6385116577148,2474
1698.6360549926758,2490
1699.60618019104,2506
1702.2345066070557,2518
1702.2345066070557,2554
1702.6050090789795,2518
1703.6082744598389,2518
1704.6175003051758,2526
1705.617904663086,2526
1706.1235904693604,2514
1707.1235179901123,2506
1708.1215381622314,2502
1709.1188430786133,2544
1710.1161479949951,2574
1711.1132144927979,2542
1712.1107578277588,2550
1713.1078243255615,2546
1714.1051292419434,2542
1715.1024341583252,2506
1716.1195278167725,2486
1717.1025276184082,2558
1718.0945873260498,2526
1719.0916538238525,2518
1720.0891971588135,2506
1721.0862636566162,2546
1722.083568572998,2546
1723.0808734893799,2538
1724.07865524292,2546
1725.0757217407227,2544
1726.0735034942627,2518
1727.0703315734863,2486
1728.0678749084473,2514
1729.06494140625,2500
1730.062484741211,2490
1731.0597896575928,2502
1732.0573329925537,2554
1733.0541610717773,2534
1734.0517044067383,2544
1735.0490093231201,2576
1736.0467910766602,2544
1737.044334411621,2506
1738.0411624908447,2518
1739.0382289886475,2522
1740.0355339050293,2510
1741.0330772399902,2498
1742.030382156372,2502
1743.027925491333,2510
1744.0252304077148,2500
1745.0222969055176,2570
1746.0200786590576,2558
1747.0173835754395,2550
1748.0144500732422,2580
1749.011754989624,2542
1750.009298324585,2516
1751.0066032409668,2510
1752.0039081573486,2486
1753.0009746551514,2456
1753.998041152954,2472
1754.9958229064941,2480
1755.9928894042969,2478
1756.9904327392578,2510
1757.9882144927979,2526
1758.9850425720215,2554
1759.9821090698242,2554
1760.9796524047852,2574
1761.976957321167,2538
1762.974739074707,2516
1763.9715671539307,2526
1764.9691104888916,2482
1765.9661769866943,2490
1766.9637203216553,2500
1767.9615020751953,2526
1768.958330154419,2526
1769.9558734893799,2526
1770.9529399871826,2516
1771.9504833221436,2554
1772.9480266571045,2582
1773.9448547363281,2558
1774.94215965271,2554
1775.939702987671,2546
1776.9370079040527,2506
1777.93288230896,2520
1778.9301872253418,2506
1779.9272537231445,2518
1780.9247970581055,2518
1781.9218635559082,2526
1782.9194068908691,2522
1783.91695022583,2544
1784.9140167236328,2574
1785.9113216400146,2576
1786.9086265563965,2554
1787.9061698913574,2522
1788.9034748077393,2486
1789.900541305542,2482
1790.898084640503,2522
1791.8953895568848,2518
1792.8929328918457,2506
1793.8902378082275,2478
1794.8877811431885,2522
1795.8850860595703,2542
1796.8823909759521,2538
1797.879934310913,2546
1798.8770008087158,2494
1799.8743057250977,2518
1800.8713722229004,2502
1801.8691539764404,2522
1802.8662204742432,2502
1803.863525390625,2474
1804.861068725586,2482
1805.8581352233887,2494
1806.8554401397705,2514
1807.8527450561523,2522
1808.851718902588,2510
1809.8764419555664,2518
1810.844898223877,2528
1811.8422031402588,2532
1812.8395080566406,2532
1813.8365745544434,2538
1814.8338794708252,2514
1815.8314228057861,2518
1816.828727722168,2518
1817.8260326385498,2534
1818.8235759735107,2568
1819.8206424713135,2534
1820.8179473876953,2514
1821.8152523040771,2522
1822.812795639038,2534
1823.81010055542,2542
1824.8074054718018,2542
1825.8049488067627,2490
1826.8020153045654,2488
1827.7993202209473,2526
1828.796625137329,2554
1829.79416847229,2550
1830.7914733886719,2558
1831.7885398864746,2518
1832.7863216400146,2502
1833.7833881378174,2544
1834.7806930541992,2524
1835.777997970581,2508
1836.775541305542,2488
1837.7726078033447,2478
1838.7699127197266,2522
1839.7674560546875,2524
1840.7647609710693,2542
1841.7620658874512,2548
1842.759370803833,2570
1843.7566757202148,2578
1844.7539806365967,2534
1845.7512855529785,2570
1846.7488288879395,2546
1847.7461338043213,2534
1848.7434387207031,2552
1849.740743637085,2490
1850.7380485534668,2480
1851.7353534698486,2524
1852.7326583862305,2582
1853.7302017211914,2574
1855.724811553955,2594
1856.722116470337,2550
1856.722116470337,2552
1858.7467670440674,2598
1858.7467670440674,2582
1859.7421646118164,2514
1860.7397079467773,2450
1861.7408275604248,2458
1863.7311458587646,2522
1864.7286891937256,2524
1865.7262325286865,2518
1866.7247295379639,2538
1867.7210807800293,2550
1868.7191009521484,2550
1869.7173595428467,2630
1870.7118034362793,2578
1871.7098236083984,2522
1872.706651687622,2502
1873.704433441162,2538
1874.701976776123,2546
1875.7009506225586,2478
1876.697063446045,2510
1877.6943683624268,2494
1878.6916732788086,2522
1879.6885013580322,2576
1880.685806274414,2582
1881.6838264465332,2542
1882.681131362915,2574
1883.6772441864014,2524
1884.6745491027832,2508
1885.6744766235352,2510
1886.6701126098633,2518
1887.6667022705078,2480
1888.6654376983643,2470
1889.6617889404297,2482
1890.6590938568115,2490
1891.660451889038,2488
1892.6541805267334,2534
1893.6514854431152,2550
1894.648790359497,2574
1895.6472873687744,2540
1896.6457843780518,2526
1897.6404666900635,2524
1898.6377716064453,2504
1899.6086120605469,2510
1900.6328582763672,2506
1901.630163192749,2538
1902.6272296905518,2502
1903.6250114440918,2552
1904.6227931976318,2546
1905.6212902069092,2534
1906.6166877746582,2522
1907.6142311096191,2572
1908.61177444458,2526
1909.6088409423828,2526
1910.6109142303467,2524
1911.6089344024658,2472
1912.6057624816895,2514
1913.5706424713135,2558
1914.56937789917,2538
1915.5666828155518,2508
1916.5904521942139,2526
1917.560338973999,2546
1918.588638305664,2526
1919.5823669433594,2540
1920.5796718597412,2530
1921.576738357544,2508
1922.576665878296,2488
1923.5725402832031,2508
1924.5729446411133,2576
1925.5402088165283,2518
1926.5632629394531,2548
1927.5610446929932,2544
1928.5578727722168,2538
1929.5554161071777,2516
1930.5529594421387,2510
1931.5497875213623,2518
1932.5196743011475,2506
1933.5172176361084,2492
1934.5145225524902,2502
1935.511827468872,2516
1936.509132385254,2478
1937.535047531128,2576
1938.5318756103516,2586
1939.5008087158203,2552
1940.497875213623,2534
1941.495418548584,2542
1942.4924850463867,2526
1943.4897899627686,2500
1944.4873332977295,2508
1945.4848766326904,2514
1946.4819431304932,2470
1947.479248046875,2482
1948.4772682189941,2542
1949.4805335998535,2534
1950.4711627960205,2544
1951.4687061309814,2582
1952.4660110473633,2570
1953.4633159637451,2558
1954.4603824615479,2556
1955.458164215088,2504
1956.4554691314697,2502
1957.4525356292725,2502
1958.4500789642334,2526
1959.4473838806152,2528
1960.444688796997,2482
1961.441993713379,2498
1962.4392986297607,2546
1963.4368419647217,2550
1964.4339084625244,2556
1965.4314517974854,2514
1966.4289951324463,2578
1967.42582321167,2580
1968.4264659881592,2514
1969.4206714630127,2504
1970.4179763793945,2514
1971.4152812957764,2428
1972.4128246307373,2464
1973.40989112854,2542
1974.4071960449219,2536
1975.4045009613037,2520
1976.4022827148438,2546
1977.3993492126465,2556
1978.3992767333984,2546
1979.4068336486816,2518
1980.3929328918457,2524
1981.3904762268066,2510
1982.3877811431885,2484
1983.3848476409912,2486
1984.382152557373,2526
1985.3801727294922,2532
1986.3767623901367,2534
1987.3743057250977,2790
1988.3718490600586,2552
1989.3689155578613,2342
1990.3662204742432,2442
1991.363525390625,2428
1992.361068725586,2500
1993.3581352233887,2482
1994.3697452545166,2548
1995.3529834747314,2550
1996.3507652282715,2510
1997.3478317260742,2492
1998.344898223877,2584
1999.342441558838,2446
2000.3397464752197,2522
2001.3368129730225,2546
2002.3343563079834,2526
2003.3316612243652,2552
2004.328966140747,2510
2005.326747894287,2602
2006.3235759735107,2536
2007.3211193084717,2502
2008.3184242248535,2514
2009.3157291412354,2486
2010.3139877319336,2558
2011.3120079040527,2602
2012.3114585876465,2534
2013.305425643921,2514
2014.3022537231445,2514
2015.2995586395264,2588
2016.2978172302246,2482
2017.2955989837646,2526
2018.3196067810059,2476
2019.3183422088623,2482
2020.3146934509277,2546
2021.3112831115723,2550
2022.3147869110107,2510
2023.306131362915,2504
2024.3046283721924,2522
2025.2995491027832,2482
2026.2978076934814,2460
2027.2941589355469,2504
2028.291940689087,2516
2029.2887687683105,2450
2030.2858352661133,2514
2031.282901763916,2514
2032.2833061218262,2482
2033.2527160644531,2514
2034.278392791748,2546
2035.245418548584,2588
2036.2701416015625,2534
2037.2700691223145,2522
2038.2640361785889,2546
2039.2615795135498,2502
2040.2605533599854,2500
2041.2306785583496,2518
2042.2558784484863,2540
2043.2517528533936,2542
2044.2490577697754,2554
2045.2470779418945,2548
2046.2446212768555,2546
2047.250509262085,2616
2048.238754272461,2602
2049.236297607422,2546
2050.232410430908,2526
2051.2325763702393,2498
2052.2310733795166,2516
2053.224563598633,2486
2054.2218685150146,2454
2055.220603942871,2514
2056.1890602111816,2514
2057.1861267089844,2522
2058.1836700439453,2546
2059.180736541748,2606
2060.17804145813,2550
2061.1753463745117,2586
2062.1726512908936,2522
2063.1699562072754,2474
2064.167261123657,2478
2065.164566040039,2456
2066.162347793579,2486
2067.159414291382,2504
2068.1567192077637,2494
2069.1537857055664,2554
2070.1515674591064,2570
2071.1562633514404,2582
2072.148561477661,2570
2073.1451511383057,2514
2074.1422176361084,2604
2075.1395225524902,2554
2076.137065887451,2510
2077.134609222412,2494
2078.131675720215,2490
2079.1289806365967,2482
2080.1262855529785,2502
2081.1235904693604,2514
2082.120656967163,2542
2083.118677139282,2510
2084.115505218506,2506
2085.113048553467,2566
2086.111068725586,2548
2087.1355533599854,2478
2088.132858276367,2522
2089.12992477417,2492
2090.1272296905518,2502
2091.1247730255127,2534
2092.122793197632,2526
2093.120336532593,2518
2094.120502471924,2526
2095.11399269104,2522
2096.111297607422,2544
2097.1086025238037,2534
2098.1063842773438,2542
2099.1034507751465,2514
2100.1012325286865,2486
2101.09806060791,2510
2102.067470550537,2520
2103.093147277832,2522
2104.0902137756348,2506
2105.087995529175,2522
2106.058120727539,2510
2107.0897579193115,2540
2108.0846786499023,2542
2109.076976776123,2490
2110.074758529663,2502
2111.0713481903076,2526
2112.0686531066895,2484
2113.0661964416504,2456
2114.063262939453,2470
2115.060806274414,2514
2116.058588027954,2518
2117.055892944336,2578
2118.053674697876,2572
2119.0500259399414,2506
2120.0473308563232,2526
2121.044635772705,2538
2122.0431327819824,2514
2123.046875,2492
2124.0363121032715,2490
2125.0338554382324,2502
2126.0313987731934,2510
2127.0365715026855,2538
2128.0322074890137,2534
2129.0247440338135,2538
2130.0208568573,2534
2131.025552749634,2570
2131.9894790649414,2574
2132.985830307007,2546
2133.9826583862305,2502
2134.9799633026123,2504
2135.9775066375732,2502
2136.975049972534,2504
2137.972116470337,2502
2138.9694213867188,2504
2139.9667263031006,2536
2140.9640312194824,2514
2141.9615745544434,2550
2142.958641052246,2590
2143.955707550049,2516
2144.9532508850098,2538
2145.9503173828125,2546
2146.9478607177734,2526
2147.9716300964355,2522
2148.9689350128174,2474
2149.9392986297607,2470
2150.9687900543213,2510
2151.961088180542,2526
2152.958869934082,2542
2153.9556980133057,2538
2154.9530029296875,2522
2155.9500694274902,2558
2156.951427459717,2576
2157.918691635132,2556
2158.945322036743,2542
2159.912347793579,2542
2160.909652709961,2500
2161.9067192077637,2478
2162.9040241241455,2482
2163.902759552002,2518
2164.8995876312256,2528
2165.8966541290283,2506
2166.8941974639893,2554
2167.891502380371,2546
2168.888807296753,2542
2169.886350631714,2558
2170.8836555480957,2538
2171.8807220458984,2538
2172.8780269622803,2490
2173.875570297241,2490
2174.872875213623,2514
2175.870656967163,2522
2176.867723464966,2548
2177.8650283813477,2526
2178.889513015747,2506
2179.8858642578125,2526
2180.8836460113525,2546
2181.882619857788,2556
2182.8503608703613,2526
2183.875322341919,2534
2184.873342514038,2516
2185.8725547790527,2512
2186.8417263031006,2522
2187.8652572631836,2516
2188.8628005981445,2540
2189.8601055145264,2526
2190.857410430908,2552
2191.85471534729,2554
2192.851781845093,2514
2194.8182582855225,2494
2194.8182582855225,2502
2195.8155632019043,2518
2196.812629699707,2520
2197.809934616089,2522
2198.8072395324707,2538
2199.8047828674316,2510
2200.8018493652344,2522
2201.799154281616,2526
2202.796697616577,2576
2203.794002532959,2524
2204.791307449341,2554
2205.7883739471436,2534
2206.7859172821045,2522
2207.7834606170654,2536
2208.780527114868,2500
2209.778308868408,2482
2210.775375366211,2534
2211.7724418640137,2570
2212.7697467803955,2534
2213.7672901153564,2550
2214.7645950317383,2576
2215.76189994812,2538
2216.759204864502,2538
2217.756509780884,2546
2218.7538146972656,2506
2219.7511196136475,2506
2220.7486629486084,2490
2221.7459678649902,2490
2222.743272781372,2486
2223.740577697754,2550
2224.7378826141357,2556
2225.7351875305176,2582
2226.7324924468994,2574
2227.7300357818604,2598
2228.727102279663,2550
2229.724407196045,2526
2230.721950531006,2540
2231.7192554473877,2518
2232.7165603637695,2504
2233.7138652801514,2510
2235.708713531494,2514
2236.706495285034,2510
2237.703561782837,2542
2238.7006282806396,2544
2239.6979331970215,2548
2240.694999694824,2558
2241.692543029785,2576
2242.6905632019043,2538
2243.71600151062,2520
2244.7149753570557,2510
2245.7101345062256,2460
2246.6812133789062,2490
2247.7047443389893,2512
2248.701810836792,2512
2249.67360496521,2544
2250.6961822509766,2572
2251.694917678833,2522
2252.6912689208984,2550
2253.6888122558594,2610
2254.685640335083,2580
2255.6583881378174,2542
2256.6819190979004,2506
2257.6777935028076,2502
2258.676767349243,2510
2259.6724033355713,2518
2260.6725692749023,2510
2261.6684436798096,2520
2262.664318084717,2542
2263.6637687683105,2538
2264.659881591797,2570
2265.657901763916,2544
2266.6544914245605,2538
2267.6525115966797,2510
2268.6493396759033,2478
2269.646644592285,2482
2270.6172466278076,2504
2271.615505218506,2486
2272.611618041992,2458
2273.6105918884277,2492
2274.609088897705,2538
2275.6035327911377,2506
2276.611089706421,2544
2277.6105403900146,2540
2278.6107063293457,2520
2279.6106338500977,2534
2280.589818954468,2550
2281.5873622894287,2524
2282.5846672058105,2462
2283.5819721221924,2510
2284.579277038574,2506
2285.576105117798,2542
2286.5729331970215,2514
2287.569999694824,2508
2288.567304611206,2554
2289.564371109009,2550
2290.5619144439697,2504
2291.5589809417725,2506
2292.5562858581543,2482
2293.5538291931152,2490
2294.551134109497,2518
2295.548439025879,2526
2296.5457439422607,2502
2297.5430488586426,2486
2298.5403537750244,2512
2299.5378971099854,2544
2300.5354404449463,2546
2301.5615940093994,2502
2302.558660507202,2520
2303.555488586426,2494
2304.5527935028076,2502
2305.5498600006104,2526
2306.52117729187,2522
2307.544946670532,2542
2308.5436820983887,2558
2309.5407485961914,2550
2310.5363845825195,2598
2311.5389347076416,2580
2312.5319480895996,2546
2313.5287761688232,2542
2314.525842666626,2526
2315.5272006988525,2522
2316.5273666381836,2512
2317.4917697906494,2510
2318.488597869873,2502
2319.485664367676,2522
2320.483446121216,2506
2321.4805126190186,2522
2322.4778175354004,2574
2323.4739303588867,2584
2324.475049972534,2590
2325.4685401916504,2568
2326.465845108032,2522
2327.463150024414,2540
2328.460454940796,2514
2329.457998275757,2534
2330.4550647735596,2486
2331.4523696899414,2494
2332.4499130249023,2518
2333.467721939087,2544
2334.444522857666,2594
2335.442066192627,2576
2336.439609527588,2542
2337.4364376068115,2542
2338.4337425231934,2596
2339.4312858581543,2540
2340.428590774536,2522
2341.425895690918,2506
2342.4232006073,2500
2343.4205055236816,2504
2344.4178104400635,2542
2345.4155921936035,2542
2346.4126586914062,2526
2347.409963607788,2504
2348.435401916504,2586
2349.432945251465,2582
2350.4302501678467,2546
2351.430892944336,2544
2352.426052093506,2522
2353.422164916992,2486
2354.419708251953,2488
2355.417251586914,2486
2356.4140796661377,2502
2357.412576675415,2510
2358.4086894989014,2546
2359.405994415283,2570
2360.403537750244,2534
2361.4015579223633,2522
2362.3993396759033,2544
2363.369941711426,2554
2366.2428855895996,2542
2366.3620948791504,2508
2366.3620948791504,2486
2367.386817932129,2526
2368.7267303466797,2522
2368.7267303466797,2512
2369.75359916687,2534
2370.7525730133057,2516
2371.7479705810547,2542
2372.7457523345947,2574
2373.7430572509766,2518
2375.739336013794,2492
2376.708507537842,2518
2377.7055740356445,2544
2378.7035942077637,2538
2379.7013759613037,2554
2380.699872970581,2516
2381.695508956909,2466
2382.693290710449,2538
2383.690118789673,2574
2384.6874237060547,2570
2385.6844902038574,2536
2386.6822719573975,2488
2387.6793384552,2472
2388.6873722076416,2544
2389.686346054077,2534
2390.6712532043457,2502
2391.669273376465,2482
2392.674207687378,2546
2393.669605255127,2554
2394.6621417999268,2574
2395.6587314605713,2558
2396.656036376953,2546
2397.653341293335,2536
2398.650646209717,2558
2399.6479511260986,2550
2400.6454944610596,2502
2401.6427993774414,2510
2402.639865875244,2514
2403.6364555358887,2534
2404.6339988708496,2522
2405.6310653686523,2546
2406.6290855407715,2526
2407.626152038574,2526
2408.623218536377,2586
2409.620761871338,2586
2410.6459617614746,2506
2411.6427898406982,2504
2412.6434326171875,2518
2413.637638092041,2518
2414.6392345428467,2490
2415.632486343384,2512
2416.630268096924,2526
2417.6297187805176,2542
2418.6246395111084,2518
2419.621706008911,2558
2420.619010925293,2578
2421.6160774230957,2554
2422.614336013794,2546
2423.6109256744385,2514
2424.595355987549,2480
2425.611734390259,2508
2426.6035556793213,2518
2427.600145339966,2514
2428.597927093506,2514
2429.5952320098877,2506
2430.5925369262695,2534
2431.5896034240723,2554
2432.587146759033,2608
2433.584690093994,2586
2434.581518173218,2522
2435.5521202087402,2478
2436.577081680298,2480
2437.5734329223633,2478
2438.570976257324,2506
2439.568281173706,2490
2440.565824508667,2450
2441.5650367736816,2478
2442.5599575042725,2552
2443.5579776763916,2550
2444.5548057556152,2588
2445.526599884033,2606
2446.521759033203,2534
2447.5467205047607,2538
2448.544502258301,2544
2449.514389038086,2536
2450.540065765381,2486
2451.536178588867,2492
2452.533721923828,2514
2453.530788421631,2502
2454.5280933380127,2522
2455.5258750915527,2582
2456.5231800079346,2578
2457.5207233428955,2524
2458.540201187134,2544
2459.514856338501,2522
2460.513114929199,2532
2461.514711380005,2506
2462.5070095062256,2512
2463.503837585449,2510
2464.5016193389893,2478
2465.501546859741,2510
2466.496467590332,2548
2467.493772506714,2554
2468.4927463531494,2542
2469.4881439208984,2526
2470.4854488372803,2542
2471.4834690093994,2538
2472.486734390259,2542
2473.477840423584,2512
2474.4460582733154,2494
2475.473165512085,2498
2476.4697551727295,2534
2477.4672985076904,2526
2478.4646034240723,2534
2479.461669921875,2538
2480.458974838257,2538
2481.46390914917,2558
2482.4533462524414,2558
2483.42227935791,2520
2484.419584274292,2486
2485.457420349121,2470
2486.4161014556885,2508
2487.4141216278076,2538
2488.410234451294,2506
2489.407539367676,2546
2490.4046058654785,2534
2491.4016723632812,2522
2492.399215698242,2542
2493.396520614624,2570
2494.393825531006,2514
2495.392084121704,2492
2496.389150619507,2482
2497.3862171173096,2502
2498.383045196533,2526
2499.380588531494,2522
2500.377893447876,2546
2501.3866424560547,2502
2502.371072769165,2552
2503.368139266968,2518
2504.3654441833496,2524
2505.3629875183105,2526
2506.3602924346924,2578
2507.3578357696533,2526
2508.354902267456,2486
2509.352207183838,2478
2510.3495121002197,2508
2511.3468170166016,2514
2512.3441219329834,2518
2513.3414268493652,2550
2514.338970184326,2512
2515.336275100708,2570
2516.33358001709,2574
2517.3308849334717,2584
2518.3305740356445,2558
2519.327402114868,2494
2520.32470703125,2494
2521.3217735290527,2502
2522.3193168640137,2502
2523.3166217803955,2478
2524.3139266967773,2488
2525.3243446350098,2514
2526.3092517852783,2550
2527.306318283081,2582
2528.303384780884,2546
2529.3004512786865,2538
2530.2979946136475,2542
2531.2952995300293,2524
2532.292604446411,2526
2533.289670944214,2478
2534.316062927246,2482
2535.3143215179443,2510
2536.3106727600098,2490
2537.307024002075,2514
2538.304328918457,2546
2539.301633834839,2526
2540.299654006958,2550
2541.2960052490234,2574
2542.2942638397217,2570
2543.2910919189453,2512
2544.2888736724854,2504
2545.28546333313,2480
2546.2827682495117,2452
2547.2798347473145,2430
2548.2773780822754,2462
2549.274206161499,2488
2550.2724647521973,2518
2551.2685775756836,2528
2552.2658824920654,2542
2553.2631874084473,2554
2554.260492324829,2542
2555.2642345428467,2574
2556.2548637390137,2586
2557.2526454925537,2570
2558.2497119903564,2506
2559.251308441162,2526
2560.2455139160156,2546
2561.2425804138184,2598
2562.239646911621,2598
2563.20858001709,2586
2564.2054080963135,2614
2565.2027130126953,2630
2566.2126541137695,2620
2567.197561264038,2606
2568.19486618042,2602
2569.1921710968018,2536
2570.223808288574,2574
2571.216344833374,2554
2572.214126586914,2574
2573.211431503296,2598
2574.2084980010986,2546
2575.209617614746,2542
2576.2033462524414,2538
2577.200412750244,2538
2578.169107437134,2506
2579.1656970977783,2482
2580.195426940918,2446
2581.190824508667,2430
2582.186698913574,2476
2583.193302154541,2426
2584.182024002075,2450
2585.178852081299,2474
2586.1475467681885,2486
2587.1458053588867,2494
2588.1776809692383,2474
2589.168071746826,2490
2590.1660919189453,2518
2591.1343097686768,2488
2592.160224914551,2482
2593.158006668091,2478
2594.1555500030518,2470
2595.1521396636963,2502
2596.1508750915527,2514
2597.146987915039,2536
2598.145008087158,2506
2599.1430282592773,2522
2600.1100540161133,2524
2601.1085510253906,2526
2602.105140686035,2570
2603.102445602417,2542
2604.100227355957,2450
2605.0972938537598,2522
2606.0948371887207,2576
2607.0923805236816,2584
2608.1035137176514,2630
2609.0869903564453,2608
2610.084295272827,2614
2611.081600189209,2588
2612.0786666870117,2646
2613.0757331848145,2608
2614.0737533569336,2534
2615.070581436157,2474
2616.067409515381,2490
2617.065668106079,2494
2618.062734603882,2482
2619.060277938843,2474
2620.0573444366455,2458
2621.0544109344482,2486
2622.051954269409,2538
2623.049259185791,2650
2624.046564102173,2550
2625.0452995300293,2520
2626.056432723999,2500
2627.0391941070557,2518
2628.0357837677,2506
2629.0335655212402,2478
2630.030632019043,2486
2631.0276985168457,2448
2632.0252418518066,2498
2633.023977279663,2550
2634.0200901031494,2586
2635.0176334381104,2586
2636.014223098755,2596
2637.012243270874,2582
2638.0090713500977,2534
2639.0068531036377,2542
2640.0046348571777,2526
2641.0012245178223,2510
2641.9992446899414,2494
2642.996311187744,2484
2643.993377685547,2502
2644.990921020508,2518
2645.9872722625732,2522
2646.9857692718506,2572
2647.9830741882324,2524
2648.979902267456,2482
2649.977684020996,2512
2650.9745121002197,2526
2651.9718170166016,2502
2652.9693603515625,2490
2653.9664268493652,2506
2654.9642086029053,2462
2655.9605598449707,2474
2656.959056854248,2510
2657.956123352051,2552
2658.9531898498535,2544
2659.9504947662354,2538
2660.9480381011963,2518
2661.945104598999,2574
2662.942409515381,2618
2663.939952850342,2584
2664.9374961853027,2514
2665.93599319458,2478
2666.9323444366455,2494
2667.9296493530273,2518
2668.926477432251,2576
2669.924259185791,2534
2670.9213256835938,2522
2671.9179153442383,2468
2672.914743423462,2506
2673.9120483398438,2514
2674.9095916748047,2502
2675.9073734283447,2478
2676.9042015075684,2454
2677.9019832611084,2450
2678.899049758911,2518
2679.896354675293,2520
2680.893659591675,2490
2681.8909645080566,2494
2682.8882694244385,2518
2683.885335922241,2506
2684.882640838623,2534
2685.880422592163,2522
2686.877727508545,2470
2687.8747940063477,2468
2688.8723373413086,2482
2689.8696422576904,2488
2690.866708755493,2522
2691.864490509033,2514
2692.861795425415,2534
2693.858861923218,2578
2694.8561668395996,2558
2695.8537101745605,2536
2696.8510150909424,2534
2697.848081588745,2534
2698.845386505127,2458
2699.842929840088,2470
2700.8402347564697,2480
2701.8375396728516,2458
2702.8348445892334,2480
2703.8321495056152,2518
2704.829454421997,2546
2705.826759338379,2582
2706.824541091919,2554
2707.8254222869873,2510
2708.8186740875244,2526
2709.8164558410645,2490
2710.813522338867,2480
2711.810827255249,2478
2712.808132171631,2502
2713.805675506592,2446
2714.8027420043945,2482
2715.8002853393555,2506
2716.7975902557373,2542
2717.7953720092773,2558
2718.792200088501,2542
2719.789505004883,2546
2720.787286758423,2514
2721.7841148376465,2526
2722.7814197540283,2520
2723.7789630889893,2518
2724.776268005371,2458
2725.773572921753,2490
2726.7708778381348,2494
2727.7681827545166,2518
2728.7654876708984,2574
2729.7627925872803,2600
2730.760335922241,2584
2731.757402420044,2572
2733.752727508545,2546
2733.752727508545,2546
2734.7495555877686,2558
2735.7468605041504,2542
2736.744165420532,2470
2737.741470336914,2470
2738.738775253296,2462
2739.736318588257,2508
2740.7333850860596,2546
2741.7309284210205,2534
2742.7282333374023,2502
2743.725299835205,2514
2744.722843170166,2534
2745.720148086548,2554
2746.7174530029297,2542
2747.7147579193115,2542
2749.7096061706543,2490
2750.706672668457,2488
2751.704216003418,2522
2752.7015209198,2522
2753.6988258361816,2546
2754.6961307525635,2542
2755.6934356689453,2526
2756.690740585327,2534
2757.688045501709,2576
2758.68558883667,2514
2759.6828937530518,2492
2760.6801986694336,2494
2761.6772651672363,2486
2762.6748085021973,2492
2763.702154159546,2518
2764.699697494507,2510
2765.6962871551514,2490
2766.664743423462,2518
2767.691135406494,2550
2768.688201904297,2542
2769.6938514709473,2510
2770.683526992798,2518
2771.6805934906006,2538
2772.677421569824,2526
2773.6799716949463,2526
2774.6729850769043,2520
2775.669574737549,2490
2776.6668796539307,2544
2777.6644229888916,2538
2778.6614894866943,2552
2779.6590328216553,2558
2780.663251876831,2550
2781.6543579101562,2538
2782.656669616699,2522
2783.649444580078,2518
2784.6527099609375,2490
2785.6428623199463,2494
2786.640167236328,2508
2787.63747215271,2544
2788.6393070220947,2534
2789.6320819854736,2578
2790.630340576172,2574
2791.6343212127686,2550
2792.623996734619,2522
2793.6222553253174,2538
2794.618606567383,2538
2795.5899238586426,2506
2796.6012954711914,2510
2797.581911087036,2518
2798.6087799072266,2516
2799.588441848755,2550
2800.602912902832,2606
2801.600933074951,2598
2802.597761154175,2570
2803.5993576049805,2590
2804.5921325683594,2614
2805.5951595306396,2542
2806.5881729125977,2574
2807.590961456299,2548
2808.59637260437,2506
2809.579610824585,2474
2810.547351837158,2500
2811.5525245666504,2522
2812.541723251343,2502
2813.5392665863037,2506
2814.5368099212646,2518
2815.5338764190674,2532
2816.531181335449,2554
2817.52872467041,2536
2818.525791168213,2526
2819.523334503174,2442
2820.5201625823975,2474
2821.5177059173584,2490
2822.514772415161,2472
2823.5414028167725,2500
2824.5134353637695,2492
2825.5391120910645,2508
2826.507568359375,2492
2827.5043964385986,2550
2828.500747680664,2594
2829.4990062713623,2578
2830.496072769165,2558
2831.4926624298096,2542
2832.5181007385254,2510
2833.51469039917,2502
2834.517478942871,2494
2835.513114929199,2490
2836.5068435668945,2486
2837.5041484832764,2492
2838.5016918182373,2506
2839.500904083252,2526
2840.4970169067383,2542
2841.501235961914,2522
2842.4620628356934,2526
2843.4603214263916,2474
2844.4578647613525,2522
2845.454216003418,2504
2846.452474594116,2506
2847.449541091919,2518
2848.446846008301,2502
2849.4436740875244,2506
2850.442409515381,2518
2852.644920349121,2554
2852.644920349121,2542
2853.433132171631,2524
2853.9371490478516,2512
2854.969024658203,2526
2856.1840057373047,2556
2857.2306632995605,2522
2858.1812381744385,2502
2859.208822250366,2510
2860.175848007202,2502
2861.173391342163,2486
2862.173080444336,2502
2863.170385360718,2488
2864.19415473938,2494
2865.1628494262695,2510
2866.1599159240723,2526
2867.1772480010986,2524
2868.1838512420654,2478
2869.1530227661133,2472
2870.1834678649902,2512
2871.1469173431396,2538
2872.1437454223633,2518
2873.1436729431152,2540
2874.1397857666016,2518
2875.1368522644043,2512
2876.133441925049,2554
2877.1305084228516,2578
2878.1275749206543,2520
2879.1251182556152,2506
2880.122423171997,2536
2881.1194896698,2492
2882.11727142334,2510
2883.1164836883545,2570
2884.1421604156494,2546
2885.1099014282227,2498
2886.139392852783,2570
2887.138605117798,2558
2888.103485107422,2546
2889.1003131866455,2522
2890.0973796844482,2542
2891.094923019409,2538
2892.091989517212,2506
2893.0892944335938,2538
2894.0863609313965,2534
2895.0884342193604,2510
2896.080255508423,2526
2897.0773220062256,2586
2898.076057434082,2598
2899.071455001831,2576
2900.0983238220215,2586
2901.066303253174,2590
2902.0636081695557,2608
2903.0628204345703,2546
2904.088020324707,2546
2905.057191848755,2506
2906.0537815093994,2516
2907.0522785186768,2486
2908.0498218536377,2524
2909.046411514282,2554
2910.0427627563477,2578
2911.0400676727295,2554
2912.0373725891113,2586
2913.034439086914,2572
2914.0334129333496,2514
2915.0302410125732,2554
2916.0280227661133,2532
2917.0241355895996,2482
2918.0212020874023,2480
2919.0213680267334,2502
2920.0165271759033,2502
2921.015977859497,2526
2922.011613845825,2546
2923.0101108551025,2542
2924.0071773529053,2542
2925.00376701355,2554
2926.001787185669,2582
2927.035331726074,2528
2928.025245666504,2522
2929.020881652832,2472
2930.022954940796,2486
2931.0154914855957,2478
2932.0151805877686,2486
2932.9826831817627,2522
2934.0145587921143,2482
2934.978723526001,2478
2936.002016067505,2526
2936.999797821045,2582
2937.9971027374268,2544
2938.999652862549,2520
2939.9917125701904,2492
2940.9890174865723,2482
2941.986322402954,2478
2942.983388900757,2514
2943.9549446105957,2514
2945.94669342041,2490
2945.94669342041,2502
2946.943998336792,2538
2947.9408264160156,2578
2948.9686489105225,2550
2949.9356746673584,2546
2950.9360790252686,2512
2951.932191848755,2538
2952.9459476470947,2492
2953.925371170044,2514
2954.9248218536377,2480
2955.921173095703,2478
2956.918239593506,2520
2957.9169750213623,2508
2958.914279937744,2518
2959.911584854126,2548
2960.9086513519287,2486
2961.9038105010986,2514
2962.9013538360596,2510
2963.8984203338623,2506
2964.895725250244,2484
2965.8937454223633,2542
2966.890335083008,2512
2967.8876399993896,2522
2968.89066696167,2514
2969.9132442474365,2542
2970.9091186523438,2540
2971.9059467315674,2582
2972.9037284851074,2554
2973.90079498291,2520
2974.898338317871,2520
2975.869655609131,2526
2976.8948554992676,2520
2977.8900146484375,2472
2978.895664215088,2482
2979.8927307128906,2510
2980.8826446533203,2526
2981.8801879882812,2522
2982.85174369812,2578
2983.8452339172363,2524
2984.842538833618,2508
2985.870599746704,2502
2986.8671894073486,2504
2987.8649711608887,2480
2988.8315200805664,2482
2989.8409843444824,2512
2990.8571243286133,2494
2991.82391166687,2526
2992.820978164673,2580
2993.8199520111084,2574
2994.8160648345947,2542
2995.814800262451,2590
2996.8104362487793,2550
2997.8082180023193,2548
2998.807191848755,2494
2999.8040199279785,2504
3000.819206237793,2494
3001.798391342163,2486
3002.795934677124,2522
3003.793239593506,2528
3004.7903060913086,2542
3005.786657333374,2546
3006.7834854125977,2542
3007.7829360961914,2542
3008.779764175415,2538
3009.7763538360596,2542
3011.7714405059814,2522
3011.7714405059814,2488
3012.7711296081543,2462
3013.7674808502197,2474
3014.7647857666016,2488
3015.7623291015625,2502
3016.7596340179443,2518
3017.756462097168,2534
3018.754243850708,2512
3019.7513103485107,2546
3020.7464694976807,2546
3021.773099899292,2514
3023.7388610839844,2544
3024.7390270233154,2506
3025.7620811462402,2486
3026.759624481201,2514
3027.757167816162,2520
3028.754234313965,2486
3029.7539234161377,2502
3030.7486057281494,2538
3031.7463874816895,2550
3032.7441692352295,2546
3033.7119102478027,2544
3034.715414047241,2570
3035.7067584991455,2546
3036.7422103881836,2532
3037.701368331909,2518
3038.698434829712,2526
3039.726495742798,2490
3040.6949520111084,2506
3041.7206287384033,2522
3042.7191257476807,2540
3043.6878204345703,2524
3044.6839332580566,2522
3045.682191848755,2534
3046.677589416504,2522
3047.6744174957275,2558
3048.6719608306885,2550
3049.6692657470703,2514
3050.6954193115234,2478
3051.6929626464844,2544
3052.6609420776367,2512
3053.6587238311768,2522
3054.6557903289795,2542
3055.6530952453613,2524
3056.6508769989014,2508
3057.6493740081787,2546
3058.676242828369,2586
3059.6725940704346,2542
3060.6696605682373,2526
3061.6679191589355,2502
3062.6649856567383,2514
3063.664197921753,2554
3064.6588802337646,2512
3065.6280517578125,2518
3066.62654876709,2512
3067.650318145752,2524
3068.647623062134,2522
3069.6449279785156,2542
3070.6422328948975,2538
3071.6395378112793,2494
3072.6077556610107,2478
3073.6072063446045,2494
3074.604272842407,2502
3075.6020545959473,2508
3076.6096115112305,2528
3077.59690284729,2524
3078.594446182251,2542
3079.5912742614746,2538
3080.5957317352295,2546
3081.585645675659,2550
3082.5812816619873,2520
3083.57834815979,2506
3084.575653076172,2546
3085.5729579925537,2522
3086.5702629089355,2502
3087.5673294067383,2502
3088.564872741699,2488
3089.562177658081,2534
3090.559244155884,2570
3091.557264328003,2550
3092.5543308258057,2558
3093.5513973236084,2552
3094.5487022399902,2526
3095.546245574951,2544
3096.543312072754,2478
3097.5406169891357,2450
3098.5379219055176,2480
3099.5354652404785,2542
3100.5327701568604,2506
3101.530075073242,2534
3102.527379989624,2574
3103.524684906006,2582
3104.5217514038086,2586
3105.5192947387695,2576
3106.5165996551514,2550
3107.513904571533,2494
3108.511209487915,2534
3109.508752822876,2514
3110.506057739258,2510
3111.5031242370605,2542
3112.5004291534424,2474
3113.4979724884033,2492
3114.495277404785,2546
3115.492582321167,2582
3116.490125656128,2574
3117.4874305725098,2550
3118.4844970703125,2550
3119.4818019866943,2518
3120.4795837402344,2542
3121.476650238037,2526
3122.473955154419,2494
3123.471260070801,2422
3124.4735717773438,2514
3125.4661083221436,2518
3126.4631748199463,2550
3127.460718154907,2554
3128.458023071289,2578
3129.455327987671,2542
3130.4526329040527,2548
3131.4499378204346,2542
3132.4472427368164,2558
3133.4445476531982,2526
3134.442090988159,2492
3135.43963432312,2520
3136.4364624023438,2522
3137.434244155884,2526
3138.4313106536865,2534
3139.4286155700684,2550
3140.42592048645,2526
3141.423225402832,2522
3142.420530319214,2518
3143.4178352355957,2526
3144.4153785705566,2514
3145.4126834869385,2538
3146.4099884033203,2502
3147.4075317382812,2498
3148.404598236084,2522
3149.401903152466,2510
3150.3992080688477,2504
3151.397466659546,2542
3152.424097061157,2550
3153.427839279175,2528
3154.4177532196045,2550
3155.41672706604,2538
3156.383991241455,2514
3157.409906387329,2516
3158.407688140869,2542
3159.4231128692627,2522
3160.4018211364746,2536
3161.3993644714355,2518
3162.3966693878174,2538
3163.39373588562,2576
3164.3991470336914,2542
3165.3618812561035,2526
3166.3942337036133,2532
3167.3834323883057,2510
3168.3809757232666,2500
3169.3778038024902,2502
3170.375108718872,2526
3171.372890472412,2470
3172.3709106445312,2534
3173.3694076538086,2598
3174.3650436401367,2558
3175.3764152526855,2576
3176.332950592041,2526
3177.370071411133,2534
3178.3549785614014,2546
3179.3532371520996,2514
3180.3486347198486,2476
3181.3175678253174,2474
3182.3434829711914,2490
3183.3419799804688,2544
3184.36336517334,2510
3185.3089332580566,2542
3186.333656311035,2554
3187.3302459716797,2586
3188.3277893066406,2574
3189.3248558044434,2574
3190.3295516967773,2570
3191.291332244873,2490
3192.3182010650635,2502
3193.31431388855,2482
3194.312572479248,2502
3195.3089237213135,2514
3196.277618408203,2502
3197.2756385803223,2522
3198.2719898223877,2524
3199.2695331573486,2554
3200.2670764923096,2568
3201.265573501587,2510
3202.260971069336,2538
3203.291416168213,2488
3204.2558193206787,2494
3205.2531242370605,2514
3206.2501907348633,2486
3207.2768211364746,2494
3208.2455158233643,2478
3209.2435359954834,2520
3210.268974304199,2550
3211.2722396850586,2596
3212.2642993927,2610
3213.268041610718,2570
3214.2579555511475,2546
3215.2554988861084,2544
3216.228246688843,2550
3217.256546020508,2518
3218.247652053833,2526
3219.2156314849854,2486
3220.212459564209,2510
3221.21000289917,2546
3222.2070693969727,2554
3223.2046127319336,2534
3224.2019176483154,2576
3225.1994609832764,2542
3226.196527481079,2586
3227.19407081604,2578
3228.191375732422,2584
3229.1886806488037,2546
3230.1859855651855,2522
3231.1830520629883,2506
3232.180595397949,2494
3233.177900314331,2518
3234.175205230713,2522
3235.172748565674,2522
3236.1700534820557,2490
3237.1671199798584,2502
3238.1644248962402,2498
3239.161968231201,2534
3240.159273147583,2534
3241.156816482544,2490
3242.154121398926,2486
3243.1511878967285,2510
3244.1484928131104,2482
3245.145797729492,2548
3246.143579483032,2538
3247.140645980835,2534
3248.1377124786377,2506
3249.1352558135986,2514
3250.1325607299805,2514
3251.1298656463623,2518
3252.127170562744,2494
3253.124713897705,2474
3254.122018814087,2470
3255.1190853118896,2522
3256.1168670654297,2506
3257.1144104003906,2520
3258.1114768981934,2522
3259.108543395996,2488
3260.106086730957,2516
3261.1031532287598,2538
3262.1004581451416,2540
3263.0980014801025,2482
3264.0953063964844,2462
3265.092611312866,2482
3266.098737716675,2534
3267.087459564209,2538
3268.0845260620117,2550
3269.0818309783936,2546
3270.0791358947754,2544
3271.0766792297363,2552
3272.073745727539,2578
3273.071527481079,2544
3274.068593978882,2540
3275.0658988952637,2518
3276.0634422302246,2516
3277.0607471466064,2526
3278.057813644409,2514
3279.055118560791,2510
3280.052423477173,2510
3281.049966812134,2554
3282.0470333099365,2554
3283.0445766448975,2574
3284.0421199798584,2524
3285.039186477661,2546
3286.036729812622,2556
3287.034273147583,2516
3288.0594730377197,2476
3289.0570163726807,2510
3290.0538444519043,2518
3291.051149368286,2506
3292.0491695404053,2490
3293.045997619629,2544
3294.044017791748,2536
3295.0406074523926,2546
3296.0381507873535,2570
3297.0359325408936,2558
3298.0051040649414,2538
3299.002170562744,2526
3299.999475479126,2554
3300.9965419769287,2502
3301.9957542419434,2482
3302.9937744140625,2482
3304.0194511413574,2470
3305.0153255462646,2514
3305.986166000366,2540
3307.0099353790283,2512
3307.9795837402344,2534
3309.0057373046875,2520
3310.002326965332,2582
3310.9993934631348,2526
3311.9966983795166,2526
3312.9942417144775,2474
3313.995838165283,2492
3314.988613128662,2522
3315.995693206787,2542
3316.9546127319336,2486
3317.981004714966,2546
3318.9780712127686,2546
3319.9751377105713,2534
3320.9733963012695,2594
3321.969747543335,2558
3322.967529296875,2542
3323.965072631836,2526
3324.964761734009,2518
3325.9592056274414,2488
3326.9565105438232,2508
3327.9545307159424,2538
3328.951835632324,2538
3329.948902130127,2546
3330.946207046509,2548
3331.9432735443115,2582
3332.9126834869385,2550
3333.9381217956543,2582
3334.935426712036,2574
3335.932970046997,2550
3336.9297981262207,2502
3337.9275798797607,2518
3338.9248847961426,2546
3339.9224281311035,2538
3340.919256210327,2542
3341.916799545288,2520
3342.921257019043,2518
3343.9114093780518,2504
3344.9089527130127,2526
3345.906972885132,2526
3346.874237060547,2510
3347.8713035583496,2482
3348.8686084747314,2486
3349.8661518096924,2546
3350.863218307495,2518
3351.860523223877,2526
3352.857828140259,2502
3353.8553714752197,2542
3354.8526763916016,2550
3355.8499813079834,2526
3356.847047805786,2478
3357.844591140747,2500
3358.841896057129,2486
3359.8392009735107,2478
3360.8367443084717,2526
3361.8338108062744,2518
3362.8311157226562,2538
3363.828420639038,2498
3364.825963973999,2534
3365.82350730896,2576
3366.8205738067627,2586
3367.8178787231445,2542
3368.8151836395264,2512
3369.812488555908,2506
3370.80979347229,2514
3371.807336807251,2486
3372.8044033050537,2450
3373.8019466400146,2456
3374.7992515563965,2474
3375.7965564727783,2514
3376.79386138916,2506
3377.791166305542,2548
3378.788471221924,2556
3379.7860145568848,2550
3380.7835578918457,2518
3381.7806243896484,2540
3382.7779293060303,2494
3383.775234222412,2510
3384.772777557373,2518
3385.769844055176,2502
3386.7673873901367,2534
3387.7644538879395,2546
3388.7619972229004,2546
3389.759302139282,2554
3390.756368637085,2554
3391.754150390625,2542
3392.7512168884277,2522
3393.7485218048096,2544
3395.745038986206,2538
3396.7700004577637,2478
3397.7675437927246,2474
3397.7675437927246,2462
3398.7650871276855,2490
3399.7621536254883,2492
3400.75945854187,2502
3401.7562866210938,2502
3402.7538299560547,2514
3403.7513732910156,2554
3404.7489166259766,2570
3405.7459831237793,2534
3406.7447185516357,2514
3407.7401161193848,2506
3408.738374710083,2526
3409.7352027893066,2480
3411.7300510406494,2490
3412.727117538452,2514
3413.7251377105713,2514
3414.722204208374,2554
3415.720224380493,2550
3416.7168140411377,2540
3417.7138805389404,2520
3418.7114238739014,2538
3419.708490371704,2558
3420.706033706665,2512
3421.705961227417,2502
3422.7049350738525,2486
3423.70343208313,2458
3424.6950149536133,2512
3425.6937503814697,2514
3426.6889095306396,2536
3427.661418914795,2486
3428.657054901123,2502
3429.654359817505,2520
3430.6514263153076,2552
3431.6489696502686,2540
3432.6462745666504,2538
3433.643579483032,2542
3434.640884399414,2534
3435.637950897217,2544
3436.635732650757,2550
3437.6327991485596,2588
3438.6301040649414,2550
3439.6276473999023,2584
3440.624952316284,2574
3441.622257232666,2536
3442.620038986206,2540
3443.6168670654297,2518
3444.6141719818115,2522
3445.6114768981934,2534
3446.6090202331543,2506
3447.606086730957,2510
3448.603391647339,2504
3449.601173400879,2522
3450.5982398986816,2542
3451.5955448150635,2526
3452.592611312866,2488
3453.590154647827,2490
3454.587459564209,2522
3455.584764480591,2512
3456.5823078155518,2480
3457.578182220459,2500
3458.5752487182617,2510
3459.5725536346436,2526
3460.5698585510254,2536
3461.5674018859863,2548
3462.564468383789,2554
3463.561773300171,2526
3464.5590782165527,2570
3465.5566215515137,2534
3466.5539264678955,2538
3467.5512313842773,2506
3468.5487747192383,2480
3469.545841217041,2524
3470.543146133423,2490
3471.5404510498047,2506
3472.5382328033447,2546
3473.5350608825684,2542
3474.5326042175293,2576
3475.5301475524902,2546
3476.527214050293,2590
3477.524518966675,2558
3478.5218238830566,2514
3479.5193672180176,2516
3480.5164337158203,2506
3481.513738632202,2514
3482.511043548584,2488
3483.508586883545,2486
3484.5058917999268,2504
3485.5031967163086,2542
3486.5007400512695,2588
3487.4978065490723,2594
3488.4982109069824,2602
3489.4943237304688,2586
3490.4913902282715,2546
3491.4891719818115,2518
3492.4862384796143,2538
3493.483543395996,2490
3494.480848312378,2474
3495.478391647339,2490
3496.4756965637207,2524
3497.4730014801025,2546
3498.4703063964844,2542
3499.4683265686035,2534
3500.464677810669,2554
3501.461982727051,2554
3502.4595260620117,2554
3503.4568309783936,2554
3504.452705383301,2508
3505.4497718811035,2478
3506.4470767974854,2480
3507.4446201324463,2520
3508.441925048828,2534
3509.438991546631,2550
3510.436773300171,2526
3511.4338397979736,2546
3512.4311447143555,2552
3513.4284496307373,2548
3514.425754547119,2552
3515.42329788208,2542
3516.420602798462,2510
3517.4176692962646,2490
3518.4152126312256,2490
3519.4406509399414,2512
3520.439386367798,2498
3521.4362144470215,2512
3522.432804107666,2514
3523.4298706054688,2518
3524.4550704956055,2538
3525.425672531128,2578
3526.4217853546143,2538
3527.4202823638916,2510
3528.4206867218018,2536
3529.414653778076,2550
3530.412197113037,2534
3531.4090251922607,2546
3532.4063301086426,2570
3533.405065536499,2498
3534.3945026397705,2548
3535.3994369506836,2552
3536.3974571228027,2588
3537.393093109131,2520
3538.3903980255127,2542
3539.3879413604736,2550
3540.3847694396973,2570
3541.3818359375,2554
3542.379379272461,2524
3543.376922607422,2522
3544.3739891052246,2538
3545.3712940216064,2522
3546.3712215423584,2538
3547.3673343658447,2586
3548.3641624450684,2572
3549.360513687134,2522
3550.3299236297607,2506
3551.3272285461426,2518
3552.3242950439453,2532
3553.3218383789062,2510
3554.319143295288,2482
3555.31644821167,2514
3556.3137531280518,2548
3557.3110580444336,2574
3558.3083629608154,2554
3559.3056678771973,2538
3560.303211212158,2550
3561.30051612854,2518
3562.297821044922,2490
3563.295364379883,2518
3564.2926692962646,2492
3565.2897357940674,2478
3566.2877559661865,2502
3567.28458404541,2516
3568.281888961792,2534
3569.2789554595947,2546
3570.2764987945557,2538
3571.2738037109375,2552
3572.2711086273193,2554
3573.2686519622803,2550
3574.265956878662,2502
3575.263261795044,2510
3576.260566711426,2506
3577.2578716278076,2510
3578.2551765441895,2510
3579.2524814605713,2490
3580.250024795532,2516
3581.249237060547,2542
3582.2463035583496,2552
3583.2436084747314,2558
3584.2409133911133,2558
3585.238218307495,2542
3586.235523223877,2512
3587.233066558838,2502
3588.2301330566406,2502
3589.2271995544434,2478
3590.2249813079834,2458
3591.222047805786,2480
3592.219352722168,2514
3593.216896057129,2510
3594.2142009735107,2508
3595.2115058898926,2554
3596.21000289917,2574
3597.2073078155518,2546
3598.2038974761963,2554
3599.20072555542,2528
3600.198268890381,2506
3601.1955738067627,2514
3602.1928787231445,2542
3603.1887531280518,2510
3604.1858196258545,2502
3605.1831245422363,2510
3606.1806678771973,2570
3607.177734375,2590
3608.175039291382,2596
3609.172582626343,2542
3610.1696491241455,2538
3611.1669540405273,2526
3612.1647357940674,2570
3613.16180229187,2546
3614.159107208252,2514
3615.156650543213,2516
3616.162061691284,2496
3617.1512603759766,2502
3618.1483268737793,2538
3619.1458702087402,2590
3620.143175125122,2536
3621.140480041504,2522
3622.138023376465,2542
3623.1353282928467,2526
3624.1326332092285,2552
3625.1296997070312,2526
3626.1274814605713,2544
3627.124547958374,2522
3628.122568130493,2518
3629.119396209717,2558
3630.1164627075195,2546
3631.1137676239014,2540
3632.111072540283,2538
3633.108615875244,2534
3634.105920791626,2534
3635.103225708008,2546
3636.1007690429688,2504
3637.0978355407715,2510
3638.0951404571533,2534
3639.092445373535,2542
3640.089988708496,2518
3641.0906314849854,2556
3642.0843601226807,2536
3643.0821418762207,2538
3644.0792083740234,2538
3645.0765132904053,2542
3646.074056625366,2506
3647.071361541748,2482
3648.068428039551,2504
3649.0657329559326,2506
3650.0630378723145,2534
3651.0605812072754,2538
3652.057886123657,2544
3653.05495262146,2542
3654.052495956421,2544
3655.0498008728027,2550
3656.0471057891846,2542
3657.0446491241455,2514
3658.0710411071777,2510
3659.0707302093506,2514
3660.064935684204,2490
3661.062479019165,2504
3662.059783935547,2506
3663.057565689087,2520
3664.0541553497314,2514
3665.052652359009,2534
3666.048526763916,2542
3667.017698287964,2590
3668.015241622925,2550
3669.0123081207275,2550
3670.0096130371094,2540
3671.006917953491,2506
3672.004461288452,2510
3673.001766204834,2518
3673.999071121216,2502
3674.9966144561768,2514
3675.9939193725586,2526
3676.9909858703613,2510
3677.9887676239014,2538
3678.985834121704,2596
3679.983139038086,2586
3680.980443954468,2534
3681.9779872894287,2500
3682.9750537872314,2522
3683.9723587036133,2518
3684.969663619995,2504
3685.967206954956,2486
3686.964511871338,2486
3687.990665435791,2514
3688.9874935150146,2574
3689.9850368499756,2556
3690.983533859253,2550
3691.9796466827393,2520
3692.9774284362793,2544
3693.974256515503,2554
3694.9715614318848,2558
3695.9686279296875,2542
3696.967363357544,2508
3697.9634761810303,2458
3698.9612579345703,2510
3699.958324432373,2596
3700.955867767334,2600
3701.953172683716,2538
3702.9521465301514,2542
3703.947067260742,2574
3704.944849014282,2582
3705.9435844421387,2570
3706.939935684204,2554
3707.9389095306396,2542
3708.9333534240723,2518
3709.935426712036,2512
3710.927963256836,2544
3711.927890777588,2542
3712.923526763916,2534
3713.921546936035,2538
3714.9195671081543,2558
3715.916633605957,2574
3716.914176940918,2542
3717.9112434387207,2550
3718.9085483551025,2544
3719.904899597168,2526
3720.90220451355,2502
3721.8997478485107,2512
3722.898483276367,2500
3723.8941192626953,2516
3724.8919010162354,2538
3725.8903980255127,2502
3726.88627243042,2490
3727.8835773468018,2502
3728.8808822631836,2522
3729.8786640167236,2502
3730.8473587036133,2494
3732.8433990478516,2460
3732.8433990478516,2466
3733.839273452759,2522
3734.8365783691406,2546
3735.8338832855225,2516
3736.830949783325,2534
3737.8287315368652,2542
3738.825798034668,2558
3739.82310295105,2552
3740.8206462860107,2574
3741.8177127838135,2542
3742.8152561187744,2478
3743.812322616577,2504
3744.809865951538,2526
3745.80717086792,2510
3746.8044757843018,2512
3747.8015422821045,2522
3748.7990856170654,2542
3749.7966289520264,2572
3750.793695449829,2554
3751.79123878479,2524
3752.788305282593,2510
3753.7856101989746,2494
3754.7829151153564,2502
3755.7804584503174,2460
3756.7780017852783,2486
3757.7877044677734,2484
3758.772373199463,2490
3759.769916534424,2558
3760.7669830322266,2550
3761.7642879486084,2542
3762.7618312835693,2600
3763.759136199951,2602
3765.754222869873,2516
3765.754222869873,2518
3766.7510509490967,2514
3767.7483558654785,2500
3768.7458992004395,2472
3769.7432041168213,2502
3770.740270614624,2544
3771.737575531006,2544
3773.7324237823486,2534
3774.7297286987305,2546
3775.7272720336914,2576
3776.7245769500732,2554
3777.721643447876,2538
3778.718948364258,2518
3779.7164916992188,2534
3780.7137966156006,2480
3781.7111015319824,2426
3782.7086448669434,2486
3783.705949783325,2526
3784.703016281128,2522
3785.7003211975098,2502
3786.6978645324707,2526
3787.6951694488525,2556
3788.6922359466553,2580
3789.689540863037,2598
3790.687084197998,2550
3791.68438911438,2522
3792.6816940307617,2490
3793.6792373657227,2526
3794.6765422821045,2528
3795.6738471984863,2550
3796.708583831787,2512
3797.6977825164795,2526
3798.696279525757,2584
3799.6928691864014,2606
3800.6906509399414,2546
3801.687240600586,2510
3802.684545516968,2502
3803.6820888519287,2510
3804.6822547912598,2524
3805.647611618042,2502
3806.674003601074,2512
3807.671308517456,2494
3808.669328689575,2506
3809.6659183502197,2514
3810.6637001037598,2554
3811.6614818573,2510
3812.6585483551025,2542
3813.655376434326,2542
3814.6533966064453,2526
3815.6497478485107,2502
3816.647529602051,2522
3817.6448345184326,2534
3818.6423778533936,2518
3819.6394443511963,2528
3820.6381797790527,2526
3821.633815765381,2542
3822.633743286133,2534
3823.6289024353027,2582
3824.5980739593506,2550
3825.594425201416,2506
3826.6217708587646,2510
3827.5890350341797,2528
3828.5861015319824,2544
3829.5836448669434,2538
3830.580711364746,2502
3831.578254699707,2506
3832.575559616089,2486
3833.5726261138916,2526
3834.5706462860107,2634
3835.5677127838135,2536
3836.564779281616,2502
3837.562084197998,2478
3838.55938911438,2504
3839.5564556121826,2522
3840.583562850952,2502
3841.581344604492,2504
3842.5822257995605,2478
3843.5473442077637,2504
3844.5448875427246,2542
3845.5429077148438,2574
3846.539258956909,2582
3847.536325454712,2596
3848.534107208252,2550
3849.531412124634,2516
3850.5287170410156,2506
3851.5262603759766,2526
3852.5235652923584,2534
3853.520631790161,2522
3854.518175125122,2526
3855.515480041504,2522
3856.5127849578857,2526
3857.508897781372,2584
3858.505964279175,2630
3859.503984451294,2550
3860.5010509490967,2550
3861.4978790283203,2572
3862.494945526123,2550
3863.492488861084,2514
3864.489793777466,2488
3865.4870986938477,2494
3866.5125370025635,2458
3867.51127243042,2522
3868.509292602539,2554
3869.5061206817627,2548
3870.508909225464,2538
3871.500253677368,2570
3872.49755859375,2578
3873.4960556030273,2552
3874.4635581970215,2522
3875.460624694824,2534
3876.460075378418,2510
3877.488136291504,2470
3878.481864929199,2490
3879.47940826416,2512
3880.476474761963,2474
3881.4735412597656,2534
3882.4715614318848,2578
3883.4762573242188,2526
3884.467840194702,2574
3885.462760925293,2554
3886.4316940307617,2544
3887.457847595215,2536
3888.4263038635254,2518
3889.4526958465576,2508
3890.423059463501,2492
3891.4196491241455,2522
3892.4171924591064,2538
3893.41402053833,2542
3894.411325454712,2560
3895.409107208252,2522
3896.4056968688965,2542
3897.4034786224365,2574
3898.4007835388184,2594
3899.397850036621,2524
3900.4087448120117,2518
3901.392698287964,2512
3902.4035930633545,2520
3903.3875465393066,2554
3904.3846130371094,2538
3905.3823947906494,2526
3906.3801765441895,2546
3907.376766204834,2538
3908.374309539795,2582
3909.3713760375977,2550
3910.3689193725586,2514
3911.3659858703613,2524
3912.363290786743,2510
3913.360595703125,2538
3914.358139038086,2506
3915.355920791626,2536
3916.3527488708496,2502
3917.358636856079,2504
3918.3475971221924,2526
3919.344663619995,2546
3920.341968536377,2512
3921.337842941284,2502
3922.335147857666,2522
3923.332452774048,2502
3924.3297576904297,2522
3925.3270626068115,2506
3926.3248443603516,2526
3927.3219108581543,2520
3928.318977355957,2512
3929.316520690918,2518
3930.3138256073,2518
3931.3111305236816,2554
3932.3081970214844,2554
3933.3057403564453,2544
3934.303045272827,2512
3935.300350189209,2534
3936.29789352417,2510
3937.2951984405518,2518
3938.2922649383545,2522
3939.2895698547363,2586
3940.2871131896973,2538
3941.284418106079,2550
3942.281723022461,2554
3943.279266357422,2558
3944.2763328552246,2538
3945.2736377716064,2526
3946.2711811065674,2514
3947.268486022949,2490
3948.265790939331,2512
3949.263095855713,2518
3950.2601623535156,2524
3951.2577056884766,2522
3952.2552490234375,2542
3953.2523155212402,2586
3954.249858856201,2546
3955.246925354004,2550
3956.244468688965,2582
3957.2415351867676,2582
3958.2390785217285,2534
3959.2363834381104,2500
3960.233688354492,2486
3961.231231689453,2502
3962.228298187256,2506
3963.2256031036377,2514
3964.2231464385986,2576
3965.2204513549805,2540
3966.2177562713623,2518
3968.0702686309814,2550
3968.2140350341797,2606
3969.717264175415,2550
3970.222234725952,2532
3971.7280864715576,2510
3972.728490829468,2488
3973.7255573272705,2482
3974.7231006622314,2490
3975.7211208343506,2466
3976.717710494995,2490
3977.714776992798,2558
3978.712320327759,2518
3979.7093868255615,2542
3980.7069301605225,2554
3981.7042350769043,2598
3982.7001094818115,2542
3983.6971759796143,2522
3984.694480895996,2518
3985.692262649536,2536
3986.689329147339,2510
3987.6863956451416,2500
3988.6839389801025,2574
3989.6812438964844,2552
3990.678548812866,2540
3991.675853729248,2542
3992.67315864563,2554
3993.6704635620117,2578
3994.6677684783936,2572
3995.6655502319336,2540
3996.6626167297363,2528
3997.659921646118,2514
3998.657703399658,2526
3999.654769897461,2550
4000.6518363952637,2506
4001.6491413116455,2534
4002.6466846466064,2602
4003.6439895629883,2534
4004.641056060791,2518
4005.638599395752,2574
4006.635904312134,2552
4007.6334476470947,2510
4008.6309909820557,2530
4009.6280574798584,2546
4010.6256008148193,2522
4011.622905731201,2490
4012.619733810425,2506
4013.617753982544,2486
4014.617919921875,2522
4015.6548023223877,2538
4016.6406631469727,2504
4017.637014389038,2514
4018.641948699951,2578
4019.6335315704346,2558
4020.6284523010254,2478
4021.627187728882,2500
4022.6314067840576,2550
4023.62060546875,2534
4024.5893001556396,2502
4025.6145000457764,2570
4026.585102081299,2568
4027.6095867156982,2538
4028.606414794922,2544
4029.576539993286,2572
4030.5728912353516,2498
4031.569480895996,2474
4032.5686931610107,2482
4033.5655212402344,2510
4034.562587738037,2534
4035.5608463287354,2578
4036.55743598938,2578
4037.5547409057617,2538
4038.5522842407227,2538
4039.5495891571045,2550
4040.5468940734863,2602
4041.543960571289,2526
4042.54150390625,2540
4043.538808822632,2518
4044.562578201294,2488
4045.562982559204,2510
4046.5569496154785,2506
4047.5547313690186,2540
4048.553228378296,2542
4049.5223999023438,2554
4050.546884536743,2558
4051.544427871704,2598
4052.541732788086,2554
4053.5387992858887,2578
4054.5413494110107,2578
4055.5341243743896,2522
4056.5314292907715,2518
4057.527780532837,2506
4058.525323867798,2506
4059.5226287841797,2534
4060.5201721191406,2538
4061.5179538726807,2522
4062.5159740448,2536
4063.512086868286,2602
4064.509391784668,2554
4065.5083656311035,2552
4066.5040016174316,2518
4067.5010681152344,2498
4068.4988498687744,2510
4069.4961547851562,2514
4070.493459701538,2506
4071.490526199341,2494
4072.4925994873047,2506
4073.486089706421,2526
4074.4547843933105,2550
4075.4549503326416,2542
4076.451539993286,2556
4077.4478912353516,2526
4078.4451961517334,2542
4079.4425010681152,2552
4080.439567565918,2506
4081.46333694458,2470
4082.460880279541,2476
4083.458185195923,2468
4084.458112716675,2492
4085.4556560516357,2502
4086.451768875122,2518
4087.44740486145,2522
4088.451147079468,2538
4089.4501209259033,2574
4090.4438495635986,2556
4091.4103984832764,2544
4092.4417972564697,2522
4093.4362411499023,2506
4094.4294929504395,2502
4095.4277515411377,2534
4096.424102783203,2474
4097.421884536743,2506
4098.4203815460205,2538
4099.416255950928,2538
4100.413799285889,2538
4101.4111042022705,2550
4102.407932281494,2554
4103.407621383667,2522
4104.4042110443115,2584
4105.39984703064,2526
4106.371641159058,2538
4107.368230819702,2550
4108.366250991821,2534
4109.363555908203,2534
4110.360860824585,2520
4111.358404159546,2526
4112.355709075928,2534
4113.356590270996,2534
4114.349842071533,2546
4115.347623825073,2522
4116.344690322876,2522
4117.352485656738,2526
4118.33930015564,2534
4119.336843490601,2538
4120.334148406982,2558
4121.360540390015,2574
4122.358560562134,2558
4123.355388641357,2558
4124.351501464844,2578
4125.321865081787,2554
4126.347541809082,2546
4127.345561981201,2538
4128.342628479004,2534
4129.33874130249,2512
4130.3369998931885,2538
4131.333112716675,2548
4132.33208656311,2550
4133.328199386597,2512
4134.3255043029785,2554
4135.321617126465,2518
4136.291980743408,2534
4137.288570404053,2550
4138.313293457031,2524
4139.310598373413,2486
4140.307426452637,2488
4141.278982162476,2486
4142.303466796875,2502
4143.301010131836,2514
4144.297361373901,2520
4145.294666290283,2526
4146.291971206665,2516
4147.289037704468,2538
4148.286581039429,2570
4149.283647537231,2538
4150.281190872192,2520
4151.278972625732,2468
4152.276515960693,2506
4153.273105621338,2510
4154.27041053772,2480
4155.267953872681,2482
4156.267166137695,2504
4157.262563705444,2528
4158.233165740967,2550
4159.229755401611,2550
4160.226821899414,2550
4161.223649978638,2550
4162.221193313599,2524
4163.2184982299805,2544
4164.252042770386,2522
4165.241003036499,2470
4166.211128234863,2486
4167.236089706421,2514
4168.234586715698,2522
4169.230699539185,2514
4170.2282428741455,2546
4171.225070953369,2546
4172.222375869751,2570
4173.22039604187,2594
4174.222469329834,2598
4175.214529037476,2526
4176.21922492981,2522
4177.209138870239,2546
4178.206205368042,2514
4179.203748703003,2490
4180.201768875122,2514
4181.198596954346,2554
4182.196378707886,2570
4183.196067810059,2554
4184.190273284912,2590
4185.188293457031,2550
4186.188697814941,2558
4187.182664871216,2598
4188.185691833496,2540
4189.1770362854,2510
4190.174341201782,2474
4191.1444664001465,2480
4192.169666290283,2538
4193.167209625244,2522
4194.164514541626,2534
4195.160627365112,2506
4196.159839630127,2542
4197.127103805542,2550
4198.125839233398,2554
4199.1517543792725,2550
4200.148344039917,2514
4201.149463653564,2486
4202.142238616943,2504
4203.144788742065,2534
4204.137086868286,2522
4205.134630203247,2534
4206.13169670105,2506
4207.12947845459,2522
4208.126544952393,2550
4209.124326705933,2538
4210.121154785156,2528
4211.122035980225,2576
4212.116479873657,2522
4213.112115859985,2510
4214.109182357788,2486
4215.106248855591,2526
4216.081142425537,2556
4217.101573944092,2510
4218.0986404418945,2524
4219.096899032593,2558
4220.093250274658,2542
4221.090793609619,2502
4222.092151641846,2518
4223.090171813965,2532
4224.082231521606,2428
4225.0800132751465,2486
4226.078510284424,2506
4227.074861526489,2542
4228.072166442871,2512
4229.069948196411,2550
4230.066776275635,2586
4231.0638427734375,2586
4232.061862945557,2582
4233.062505722046,2550
4234.056234359741,2524
4235.053539276123,2538
4236.02294921875,2552
4237.047910690308,2514
4238.045692443848,2490
4239.04275894165,2486
4240.041017532349,2534
4241.037368774414,2552
4242.034912109375,2586
4243.032455444336,2558
4244.029521942139,2554
4245.027303695679,2524
4245.9962368011475,2540
4247.021913528442,2548
4248.018980026245,2490
4249.016284942627,2486
4250.013828277588,2458
4251.013994216919,2526
4251.993179321289,2546
4253.0059814453125,2582
4254.002809524536,2550
4255.000352859497,2558
4255.998373031616,2598
4256.99520111084,2630
4257.991790771484,2578
4258.991718292236,2510
4259.987115859985,2526
4260.984420776367,2518
4261.981248855591,2528
4262.979030609131,2524
4263.976335525513,2534
4264.974117279053,2552
4265.972137451172,2536
4266.9677734375,2542
4267.966032028198,2590
4268.96333694458,2548
4269.960165023804,2524
4270.962476730347,2526
4271.9550132751465,2486
4272.952079772949,2482
4273.951530456543,2470
4274.951457977295,2474
4275.945663452148,2490
4276.941299438477,2510
4277.939081192017,2486
4278.936147689819,2534
4279.935598373413,2542
4280.931234359741,2536
4281.928777694702,2610
4282.898426055908,2518
4283.9226722717285,2506
4284.91997718811,2514
4285.919189453125,2582
4286.914825439453,2578
4287.931680679321,2534
4288.909435272217,2546
4289.880037307739,2570
4290.877342224121,2578
4291.874408721924,2602
4292.871713638306,2590
4293.869733810425,2510
4294.8668003082275,2526
4295.864582061768,2514
4296.86164855957,2512
4297.858953475952,2494
4298.856258392334,2494
4299.855947494507,2454
4300.850629806519,2474
4301.848411560059,2512
4302.845478057861,2538
4303.842782974243,2502
4304.866790771484,2486
4305.866241455078,2502
4306.86092376709,2494
4307.832956314087,2502
4308.8555335998535,2490
4309.853315353394,2482
4310.851335525513,2470
4311.847925186157,2506
4312.848329544067,2458
4313.8427734375,2486
4314.8393630981445,2490
4315.838813781738,2482
4316.834449768066,2480
4317.83127784729,2506
4318.835258483887,2538
4319.833993911743,2482
4321.821212768555,2482
4322.818756103516,2460
4322.818756103516,2508
4323.819160461426,2506
4324.785947799683,2558
4325.792074203491,2558
4327.814340591431,2534
4327.814340591431,2508
4328.805208206177,2526
4329.801082611084,2526
4330.798387527466,2486
4331.796884536743,2474
4332.767486572266,2482
4333.79054069519,2486
4334.78856086731,2534
4336.78412437439,2542
4336.78412437439,2548
4337.779760360718,2526
4338.783979415894,2522
4339.774370193481,2554
4341.741323471069,2576
4341.741323471069,2526
4342.7698612213135,2472
4343.763828277588,2482
4344.760894775391,2482
4346.756219863892,2508
4347.753047943115,2522
4348.750352859497,2510
4349.748373031616,2488
4350.745677947998,2558
4351.713418960571,2590
4352.710485458374,2590
4353.707790374756,2558
4354.705095291138,2622
4355.702638626099,2542
4356.699705123901,2514
4357.697010040283,2516
4358.694553375244,2538
4359.691858291626,2522
4360.689163208008,2510
4361.68646812439,2534
4362.6837730407715,2578
4363.681077957153,2610
4364.678382873535,2558
4365.675926208496,2598
4366.673231124878,2542
4367.67053604126,2534
4368.6676025390625,2518
4369.665145874023,2506
4370.662450790405,2486
4371.660232543945,2494
4372.657537460327,2570
4373.654365539551,2542
4374.651670455933,2542
4375.649213790894,2574
4376.646518707275,2574
4377.643823623657,2534
4378.64089012146,2540
4379.638433456421,2578
4380.635738372803,2538
4381.633043289185,2500
4382.659912109375,2490
4383.656740188599,2476
4384.6540451049805,2474
4385.652542114258,2502
4386.648893356323,2524
4387.646675109863,2518
4388.643980026245,2506
4389.641284942627,2534
4390.638113021851,2546
4391.6425704956055,2514
4392.6331996917725,2526
4393.630743026733,2518
4394.628047943115,2478
4395.62726020813,2490
4396.6224193573,2550
4397.620439529419,2574
4398.6170291900635,2506
4399.5866775512695,2502
4400.618314743042,2542
4401.60870552063,2558
4402.607202529907,2538
4403.604030609131,2548
4404.607057571411,2486
4405.598878860474,2474
4406.597137451172,2538
4407.593011856079,2578
4408.590078353882,2538
4409.587860107422,2556
4410.585165023804,2520
4411.582469940186,2518
4412.580251693726,2548
4413.57684135437,2554
4414.574146270752,2534
4415.544033050537,2488
4416.541337966919,2482
4417.566299438477,2502
4418.563604354858,2548
4419.561386108398,2576
4420.558214187622,2550
4421.555519104004,2538
4422.55425453186,2542
4423.550367355347,2558
4424.520015716553,2574
4425.550222396851,2554
4426.550626754761,2534
4429.17275428772,2510
4429.17275428772,2522
4429.534673690796,2510
4430.531740188599,2522
4431.651830673218,2506
4432.679891586304,2514
4433.680295944214,2558
4434.6747398376465,2588
4435.672044754028,2598
4436.640739440918,2550
4437.673807144165,2536
4438.664197921753,2504
4439.662218093872,2500
4440.659046173096,2470
4441.6563510894775,2470
4442.653656005859,2490
4443.650722503662,2522
4444.650650024414,2552
4445.645570755005,2538
4446.644306182861,2578
4447.639942169189,2598
4448.6377239227295,2554
4449.606895446777,2586
4450.632333755493,2558
4451.630115509033,2514
4452.627182006836,2538
4453.625202178955,2514
4454.6215534210205,2490
4455.618858337402,2482
4456.616163253784,2502
4457.617282867432,2542
4458.611249923706,2526
4459.608316421509,2542
4460.6053829193115,2538
4461.602449417114,2584
4462.605953216553,2582
4463.5984897613525,2522
4464.594841003418,2514
4465.596675872803,2460
4466.589689254761,2482
4467.586517333984,2486
4468.584775924683,2546
4469.581842422485,2538
4470.578670501709,2490
4471.579790115356,2534
4472.573518753052,2526
4473.571538925171,2542
4474.568605422974,2542
4475.536584854126,2510
4476.534843444824,2482
4477.562427520752,2478
4478.557825088501,2490
4479.555130004883,2506
4480.552196502686,2502
4481.549263000488,2510
4482.546806335449,2520
4483.54434967041,2514
4484.541416168213,2538
4485.509872436523,2546
4486.536026000977,2526
4487.533807754517,2508
4488.538980484009,2526
4489.517688751221,2508
4490.525245666504,2518
4491.522789001465,2510
4492.520093917847,2534
4493.517637252808,2506
4494.522571563721,2486
4495.4833984375,2534
4496.509313583374,2536
4497.507095336914,2558
4498.504161834717,2522
4499.472618103027,2542
4500.469446182251,2532
4501.466751098633,2504
4502.464056015015,2538
4503.4613609313965,2550
4504.458904266357,2538
4505.486726760864,2536
4506.488561630249,2584
4507.479667663574,2582
4508.477687835693,2538
4509.475231170654,2540
4510.472297668457,2538
4511.469841003418,2494
4512.467622756958,2524
4513.464689254761,2550
4514.461517333984,2502
4515.458822250366,2518
4516.429424285889,2598
4517.45343208313,2576
4518.450736999512,2578
4519.447803497314,2582
4520.452260971069,2508
4521.443605422974,2534
4522.440195083618,2534
4523.438215255737,2518
4524.407863616943,2462
4525.405645370483,2478
4526.4294147491455,2482
4527.446269989014,2518
4528.424263000488,2578
4529.421806335449,2584
4530.418634414673,2574
4531.416654586792,2584
4532.413482666016,2602
4533.411026000977,2550
4534.412622451782,2574
4535.40563583374,2502
4536.403179168701,2482
4537.400484085083,2522
4538.397312164307,2550
4539.3946170806885,2522
4540.392160415649,2522
4541.3618087768555,2532
4542.391300201416,2558
4543.384313583374,2554
4544.381141662598,2582
4545.378923416138,2570
4546.376705169678,2542
4547.386646270752,2506
4548.371076583862,2482
4549.3879318237305,2470
4550.387144088745,2500
4551.363229751587,2510
4552.361249923706,2534
4553.3857345581055,2534
4554.354429244995,2578
4555.35364151001,2514
4556.322813034058,2586
4557.347059249878,2610
4558.344841003418,2574
4559.342384338379,2542
4560.340166091919,2492
4561.336994171143,2518
4562.333583831787,2538
4563.331604003906,2516
4564.330101013184,2486
4565.299510955811,2522
4566.294431686401,2542
4567.2924518585205,2582
4568.317890167236,2554
4569.287061691284,2532
4570.311784744263,2524
4571.309566497803,2502
4572.307825088501,2500
4573.304176330566,2500
4574.301719665527,2478
4575.29878616333,2474
4576.298475265503,2480
4577.29434967041,2498
4578.292369842529,2540
4579.287767410278,2518
4580.2857875823975,2570
4581.283092498779,2550
4582.252740859985,2544
4583.250045776367,2538
4584.24711227417,2548
4585.244417190552,2526
4586.242198944092,2526
4587.2392654418945,2574
4588.236331939697,2546
4589.233875274658,2572
4590.23118019104,2570
4591.228485107422,2582
4592.225790023804,2570
4593.223333358765,2550
4594.220399856567,2540
4595.217943191528,2486
4596.2159633636475,2502
4597.212553024292,2526
4598.225355148315,2526
4599.207401275635,2532
4600.204944610596,2538
4601.202011108398,2570
4602.19931602478,2574
4603.196382522583,2550
4604.193925857544,2538
4605.190992355347,2546
4606.1882972717285,2526
4607.186079025269,2542
4608.183145523071,2514
4609.180450439453,2510
4610.177755355835,2510
4611.175060272217,2532
4612.172365188599,2550
4613.1696701049805,2578
4614.166259765625,2554
4615.164995193481,2568
4616.1627769470215,2542
4617.159366607666,2518
4618.156671524048,2502
4619.15397644043,2462
4620.151042938232,2482
4621.148586273193,2500
4622.145891189575,2502
4623.142957687378,2484
4624.14026260376,2482
4625.1380443573,2540
4626.134872436523,2578
4627.131223678589,2578
4628.128290176392,2578
4629.153251647949,2518
4630.1515102386475,2474
4631.148338317871,2492
4632.148265838623,2514
4633.145809173584,2508
4634.140491485596,2446
4635.139226913452,2510
4636.1353397369385,2546
4637.1331214904785,2546
4638.129949569702,2606
4639.129638671875,2642
4640.124797821045,2574
4641.111850738525,2502
4642.11893081665,2542
4643.116235733032,2538
4644.086122512817,2526
4645.110845565796,2494
4646.082401275635,2516
4647.105932235718,2514
4648.103475570679,2514
4649.100780487061,2554
4650.09880065918,2578
4651.095867156982,2574
4652.095079421997,2538
4653.08952331543,2518
4654.087066650391,2534
4655.084609985352,2544
4656.082630157471,2514
4657.078742980957,2506
4658.076524734497,2460
4659.073829650879,2458
4660.070896148682,2542
4661.068916320801,2542
4662.0659828186035,2554
4663.063764572144,2536
4664.060354232788,2550
4665.063142776489,2526
4666.057586669922,2584
4667.0520305633545,2534
4668.054103851318,2518
4669.048070907593,2502
4670.044898986816,2506
4671.04172706604,2546
4672.039985656738,2546
4673.036813735962,2534
4674.033403396606,2542
4675.0311851501465,2532
4676.015138626099,2552
4677.028179168701,2598
4678.023815155029,2556
4679.025173187256,2514
4680.0196170806885,2522
4681.017637252808,2574
4682.013511657715,2450
4682.983875274658,2546
4684.0105056762695,2538
4685.004949569702,2522
4686.0032081604,2528
4686.998605728149,2538
4687.996625900269,2546
4688.995599746704,2494
4689.990520477295,2492
4690.987825393677,2498
4691.988706588745,2506
4692.983388900757,2510
4693.983554840088,2542
4694.978713989258,2538
4695.97864151001,2538
4696.972370147705,2572
4697.969436645508,2546
4698.96674156189,2546
4699.965000152588,2522
4700.96492767334,2534
4701.9593715667725,2522
4702.956676483154,2514
4703.954696655273,2508
4704.951047897339,2518
4705.920457839966,2500
4706.945896148682,2546
4707.915782928467,2556
4708.940744400024,2558
4709.937572479248,2570
4710.935115814209,2542
4711.932182312012,2554
4712.929010391235,2534
4713.92822265625,2506
4714.925050735474,2478
4715.895652770996,2498
4717.890024185181,2490
4717.890024185181,2492
4718.886852264404,2482
4719.884157180786,2518
4720.881700515747,2546
4721.906423568726,2552
4722.902536392212,2578
4723.900556564331,2542
4724.897623062134,2588
4725.89635848999,2550
4726.891994476318,2526
4727.889537811279,2506
4728.886842727661,2498
4729.884147644043,2542
4730.881929397583,2550
4731.879234313965,2542
4732.865571975708,2580
4733.847618103027,2582
4734.843969345093,2586
4735.841274261475,2608
4736.839056015015,2586
4737.836122512817,2556
4738.832712173462,2510
4739.830255508423,2518
4740.827560424805,2538
4741.826057434082,2534
4742.821931838989,2470
4743.81947517395,2472
4744.81725692749,2546
4745.814323425293,2552
4746.811866760254,2596
4747.809410095215,2570
4748.805999755859,2558
4749.8040199279785,2534
4750.800609588623,2510
4751.798391342163,2518
4752.795934677124,2484
4754.789352416992,2480
4755.791664123535,2502
4756.783962249756,2546
4757.785081863403,2570
4758.7785720825195,2552
4759.781122207642,2552
4760.781049728394,2546
4760.781049728394,2570
4761.770725250244,2572
4762.768268585205,2514
4763.765335083008,2520
4764.76263999939,2510
4765.7599449157715,2514
4766.757488250732,2486
4767.755031585693,2476
4768.752098083496,2494
4769.749402999878,2522
4770.74670791626,2542
4771.744012832642,2484
4772.741317749023,2482
4774.736166000366,2478
4775.733232498169,2480
4776.73077583313,2534
4777.728080749512,2504
4778.725385665894,2514
4779.722690582275,2510
4780.720233917236,2540
4781.717300415039,2588
4782.7348709106445,2558
4783.740520477295,2622
4784.737825393677,2570
4785.735130310059,2556
4786.704540252686,2574
4787.729740142822,2572
4788.726568222046,2510
4789.724111557007,2478
4790.721893310547,2496
4791.719198226929,2510
4792.718887329102,2536
4793.71976852417,2544
4794.717311859131,2514
4795.710325241089,2538
4796.705961227417,2578
4797.70302772522,2550
4798.70080947876,2504
4799.6978759765625,2490
4800.695180892944,2510
4801.692485809326,2524
4802.689790725708,2542
4803.687334060669,2546
4804.684638977051,2580
4805.683135986328,2556
4806.679248809814,2582
4807.676315307617,2598
4808.674573898315,2580
4809.671401977539,2534
4810.6689453125,2538
4811.666011810303,2538
4812.663316726685,2510
4813.660383224487,2522
4814.632177352905,2514
4815.628528594971,2540
4816.635608673096,2546
4817.636251449585,2558
4818.636417388916,2550
4819.636106491089,2568
4820.61505317688,2556
4821.612119674683,2570
4822.609424591064,2516
4823.606491088867,2470
4824.604034423828,2482
4825.601577758789,2472
4826.598644256592,2488
4827.596187591553,2478
4828.5932540893555,2482
4829.589605331421,2508
4830.586671829224,2518
4831.5839767456055,2574
4832.581281661987,2556
4833.578586578369,2522
4834.575891494751,2458
4835.573673248291,2486
4836.570739746094,2506
4837.568044662476,2462
4838.565111160278,2478
4839.562892913818,2482
4840.559959411621,2478
4841.557264328003,2514
4842.554569244385,2528
4843.552112579346,2522
4844.549179077148,2542
4845.547199249268,2540
4846.54426574707,2510
4847.541570663452,2506
4848.538875579834,2458
4849.540710449219,2478
4850.533962249756,2502
4851.531028747559,2502
4852.52833366394,2510
4853.525638580322,2510
4854.522943496704,2546
4855.520248413086,2574
4856.517791748047,2578
4857.515335083008,2578
4858.51263999939,2536
4859.509468078613,2538
4860.507011413574,2534
4861.506938934326,2544
4862.503528594971,2524
4863.500356674194,2558
4864.497661590576,2534
4865.495681762695,2552
4866.492509841919,2554
4867.489814758301,2586
4868.487119674683,2588
4869.484424591064,2598
4870.481729507446,2586
4871.478796005249,2554
4872.476577758789,2516
4873.473644256592,2554
4874.471426010132,2574
4875.468969345093,2550
4876.465559005737,2554
4877.463340759277,2554
4878.460168838501,2534
4879.457473754883,2538
4880.455017089844,2578
4881.452322006226,2566
4882.449626922607,2494
4883.445501327515,2514
4884.442567825317,2526
4885.440111160278,2538
4886.43741607666,2538
4887.434482574463,2538
4888.432264328003,2554
4889.429330825806,2572
4890.4266357421875,2602
4891.423940658569,2544
4892.42148399353,2526
4893.418788909912,2492
4894.415855407715,2488
4895.413398742676,2518
4896.410703659058,2502
4897.408008575439,2474
4898.405075073242,2510
4899.402856826782,2550
4900.400161743164,2558
4901.397228240967,2518
4902.394771575928,2550
4903.39207649231,2538
4904.389142990112,2522
4905.386447906494,2514
4906.383991241455,2516
4907.381534576416,2466
4908.378601074219,2450
4909.37614440918,2526
4910.3734493255615,2482
4911.370515823364,2466
4912.367820739746,2554
4913.365364074707,2526
4914.362668991089,2514
4915.359973907471,2594
4916.357755661011,2526
4917.366027832031,2488
4918.356418609619,2490
4919.349193572998,2510
4920.346736907959,2514
4921.344041824341,2518
4922.37114906311,2544
4923.367738723755,2544
4924.365282058716,2546
4925.362110137939,2590
4926.331281661987,2646
4927.356004714966,2622
4928.355693817139,2618
4929.350852966309,2632
4930.348634719849,2606
4931.346416473389,2570
4932.344913482666,2522
4933.34174156189,2542
4934.337854385376,2582
4935.307025909424,2484
4936.332225799561,2514
4937.331199645996,2544
4938.328266143799,2574
4939.325332641602,2512
4940.321683883667,2506
4941.291809082031,2514
4942.321538925171,2518
4943.314790725708,2494
4944.313287734985,2518
4945.311546325684,2486
4946.306943893433,2490
4947.304248809814,2518
4948.301553726196,2518
4949.29838180542,2490
4950.296401977539,2574
4951.293468475342,2584
4952.291488647461,2518
4953.2880783081055,2518
4954.285383224487,2586
4955.289125442505,2572
4956.280469894409,2546
4957.277536392212,2546
4958.248138427734,2534
4959.277868270874,2522
4960.269927978516,2538
4961.26651763916,2538
4962.263822555542,2582
4963.261127471924,2580
4964.258670806885,2602
4965.2557373046875,2582
4966.224431991577,2550
4967.2229290008545,2554
4968.249082565308,2610
4969.245672225952,2550
4970.242977142334,2544
4971.240043640137,2570
4972.241163253784,2550
4973.235368728638,2554
4974.232196807861,2526
4975.229978561401,2526
4976.2282371521,2524
4977.223873138428,2506
4978.221654891968,2512
4979.21895980835,2526
4980.215549468994,2512
4981.213569641113,2506
4982.210874557495,2486
4983.207941055298,2550
4984.205722808838,2522
4985.20302772522,2538
4986.202001571655,2556
4987.197399139404,2514
4988.194942474365,2544
4989.192724227905,2556
4990.196228027344,2502
4991.171360015869,2502
4992.184638977051,2492
4993.18528175354,2538
4994.178533554077,2518
4995.1794147491455,2534
4996.17338180542,2542
4997.170925140381,2574
4998.1677532196045,2598
4999.166011810303,2590
5000.1630783081055,2578
5001.159906387329,2514
5002.15744972229,2460
5003.154516220093,2508
5004.151821136475,2492
5005.149841308594,2518
5006.119966506958,2458
5007.144212722778,2478
5008.1493854522705,2516
5009.139060974121,2542
5010.136365890503,2574
5011.104345321655,2570
5012.101411819458,2554
5013.098478317261,2504
5014.096260070801,2510
5016.671657562256,2504
5016.671657562256,2482
5017.64988899231,2450
5018.594980239868,2470
5019.601821899414,2486
5020.6005573272705,2510
5021.597862243652,2550
5022.595167160034,2552
5023.592472076416,2552
5024.589776992798,2552
5025.587320327759,2542
5026.584625244141,2494
5027.581691741943,2510
5028.579235076904,2518
5029.576539993286,2482
5030.575275421143,2478
5031.601905822754,2494
5032.597541809082,2546
5033.594131469727,2546
5034.59095954895,2542
5035.588264465332,2538
5036.5869998931885,2548
5037.566423416138,2550
5038.55299949646,2586
5039.550065994263,2544
5040.547132492065,2494
5041.544437408447,2478
5042.541980743408,2486
5043.539047241211,2502
5044.536352157593,2534
5045.533657073975,2522
5046.531438827515,2512
5047.528266906738,2518
5048.52557182312,2544
5049.52335357666,2554
5050.520420074463,2524
5051.517724990845,2502
5052.5147914886475,2522
5053.512334823608,2506
5054.50963973999,2526
5055.507183074951,2522
5056.504487991333,2490
5057.501792907715,2520
5058.498859405518,2534
5059.496164321899,2600
5060.49370765686,2602
5061.491012573242,2534
5062.488317489624,2504
5063.485860824585,2492
5064.482927322388,2544
5065.4802322387695,2524
5066.477537155151,2486
5067.475080490112,2500
5068.472385406494,2510
5069.469690322876,2502
5070.466756820679,2526
5071.46430015564,2558
5072.4616050720215,2514
5073.458909988403,2454
5074.456691741943,2474
5075.453758239746,2476
5076.450824737549,2516
5077.477216720581,2518
5078.474521636963,2538
5079.474210739136,2486
5080.469131469727,2526
5081.46595954895,2536
5082.435607910156,2542
5083.4643840789795,2586
5084.458827972412,2544
5085.456132888794,2510
5086.425065994263,2510
5087.423086166382,2538
5088.447332382202,2552
5089.444637298584,2524
5090.4412269592285,2506
5091.411590576172,2518
5092.4365520477295,2536
5093.439340591431,2586
5094.431638717651,2582
5095.402479171753,2534
5096.430540084839,2506
5097.423553466797,2490
5098.421573638916,2508
5099.416732788086,2506
5100.414991378784,2510
5101.413726806641,2478
5102.413654327393,2518
5103.407621383667,2510
5104.40731048584,2526
5105.4017543792725,2578
5106.401443481445,2576
5107.396602630615,2578
5108.365774154663,2526
5109.363794326782,2554
5110.361099243164,2522
5111.358165740967,2518
5112.355709075928,2518
5113.35301399231,2482
5114.3505573272705,2510
5115.348100662231,2546
5116.345643997192,2534
5117.342710494995,2552
5118.339538574219,2582
5119.337320327759,2578
5120.3343868255615,2542
5121.331691741943,2558
5122.356414794922,2574
5123.353719711304,2506
5124.377965927124,2480
5125.320672988892,2480
5126.347303390503,2534
5127.344369888306,2506
5128.3416748046875,2518
5129.338264465332,2550
5130.335330963135,2554
5131.333589553833,2544
5132.33208656311,2556
5133.328437805176,2584
5134.326696395874,2550
5135.328531265259,2526
5136.293649673462,2494
5137.319564819336,2518
5138.316869735718,2510
5139.314413070679,2522
5140.309572219849,2534
5141.279220581055,2522
5142.308950424194,2512
5143.304347991943,2510
5144.3047523498535,2550
5145.296335220337,2550
5146.294116973877,2510
5147.291898727417,2490
5148.288726806641,2508
5149.2860317230225,2518
5150.290250778198,2526
5151.280641555786,2510
5152.27746963501,2494
5153.275012969971,2534
5154.244661331177,2538
5155.2698612213135,2610
5156.267404556274,2546
5157.264471054077,2570
5158.262491226196,2514
5159.260272979736,2498
5160.256862640381,2526
5161.2536907196045,2546
5162.251234054565,2550
5163.248062133789,2490
5164.24560546875,2526
5165.243148803711,2538
5166.213750839233,2542
5167.240142822266,2538
5168.235063552856,2536
5169.232368469238,2504
5170.201063156128,2538
5171.226978302002,2512
5172.224521636963,2488
5173.221826553345,2506
5174.219131469727,2518
5175.216436386108,2520
5176.214933395386,2536
5177.211046218872,2588
5178.216457366943,2550
5179.205894470215,2538
5180.203199386597,2538
5181.200265884399,2542
5182.198524475098,2478
5183.194875717163,2494
5184.192657470703,2516
5185.189962387085,2528
5186.187028884888,2510
5187.1843338012695,2526
5188.1818771362305,2558
5189.181804656982,2526
5190.176725387573,2546
5191.147089004517,2546
5192.171096801758,2514
5193.16840171814,2468
5194.165468215942,2470
5195.163011550903,2526
5196.16174697876,2492
5197.157859802246,2494
5198.155403137207,2488
5199.152231216431,2490
5200.149774551392,2558
5201.118230819702,2594
5202.145576477051,2570
5203.141927719116,2542
5204.139471054077,2522
5205.13653755188,2526
5206.135034561157,2534
5207.130908966064,2510
5208.131551742554,2510
5209.128141403198,2476
5210.123777389526,2478
5211.120128631592,2542
5212.118148803711,2604
5213.114976882935,2550
5214.112758636475,2574
5215.11173248291,2542
5216.078042984009,2534
5217.110157012939,2580
5218.102693557739,2548
5219.099044799805,2524
5220.096588134766,2522
5221.093416213989,2502
5222.09095954895,2504
5223.08874130249,2534
5224.085807800293,2554
5225.056409835815,2546
5226.080656051636,2526
5227.077960968018,2542
5228.074789047241,2570
5229.072093963623,2572
5230.069398880005,2570
5231.066942214966,2546
5232.064247131348,2510
5233.06131362915,2474
5234.0593338012695,2494
5235.056638717651,2506
5236.027002334595,2514
5237.051248550415,2524
5238.048553466797,2536
5239.046096801758,2532
5240.043163299561,2534
5241.040468215942,2586
5242.0384883880615,2554
5243.034839630127,2494
5244.033098220825,2506
5245.029926300049,2510
5246.028184890747,2502
5247.025489807129,2540
5248.027801513672,2526
5249.018907546997,2546
5250.016450881958,2518
5251.01375579834,2534
5252.0177364349365,2594
5253.00931930542,2554
5254.006147384644,2506
5255.007028579712,2528
5256.0014724731445,2544
5256.998300552368,2554
5257.996559143066,2546
5258.9921951293945,2550
5259.993553161621,2524
5260.987043380737,2558
5261.991739273071,2542
5262.98189163208,2526
5263.97967338562,2614
5264.976263046265,2546
5265.974760055542,2528
5266.9713497161865,2522
5267.969131469727,2522
5268.966436386108,2538
5269.970655441284,2524
5270.960330963135,2538
5271.957635879517,2570
5272.954940795898,2546
5273.952007293701,2554
5274.9505043029785,2574
5275.947332382202,2528
5276.944637298584,2502
5277.942419052124,2512
5278.939008712769,2510
5279.936075210571,2518
5280.933380126953,2510
5281.938552856445,2484
5282.90057182312,2598
5283.929347991943,2570
5284.9225997924805,2514
5285.921096801758,2538
5286.917924880981,2540
5287.91618347168,2490
5288.912296295166,2506
5289.909601211548,2518
5290.907144546509,2534
5291.9042110443115,2470
5292.9017543792725,2494
5293.899297714233,2512
5294.896125793457,2534
5295.893907546997,2556
5296.892166137695,2546
5297.860622406006,2538
5298.8855838775635,2554
5299.8833656311035,2550
5300.880908966064,2574
5301.877498626709,2546
5302.875757217407,2494
5303.873538970947,2502
5304.869890213013,2506
5305.839061737061,2506
5306.8366050720215,2502
5307.834148406982,2522
5308.830976486206,2538
5309.831380844116,2534
5310.825347900391,2550
5311.822175979614,2582
5312.820672988892,2518
5313.847541809082,2516
5314.844131469727,2570
5315.813779830933,2506
5316.811084747314,2480
5317.836046218872,2506
5318.835020065308,2514
5319.830656051636,2508
5320.829153060913,2518
5322.793006896973,2584
5322.793006896973,2546
5323.820352554321,2570
5324.788808822632,2578
5325.786113739014,2558
5326.783657073975,2534
5327.780723571777,2508
5328.778028488159,2502
5329.775094985962,2534
5330.772638320923,2542
5332.767724990845,2518
5332.767724990845,2518
5334.763526916504,2522
5334.763526916504,2556
5335.759878158569,2554
5336.756944656372,2526
5337.754011154175,2526
5338.751316070557,2534
5339.748859405518,2506
5340.74592590332,2534
5341.743230819702,2540
5342.740774154663,2490
5343.737840652466,2454
5345.732688903809,2510
5346.72999382019,2598
5347.727060317993,2514
5348.724603652954,2506
5349.722146987915,2518
5350.719451904297,2554
5351.716756820679,2542
5352.714061737061,2554
5353.711128234863,2504
5354.708433151245,2476
5355.732440948486,2470
5356.729745864868,2518
5357.727289199829,2554
5358.725070953369,2514
5359.721899032593,2536
5360.719919204712,2544
5361.716270446777,2554
5362.714529037476,2552
5363.710880279541,2510
5364.709377288818,2478
5365.705966949463,2540
5366.704702377319,2534
5367.701053619385,2528
5368.697643280029,2534
5369.694948196411,2554
5370.697259902954,2518
5371.689319610596,2576
5372.687578201294,2574
5373.6841678619385,2514
5374.681711196899,2506
5375.680446624756,2518
5376.677751541138,2526
5377.673864364624,2510
5378.673553466797,2514
5379.668235778809,2506
5380.66554069519,2534
5381.66356086731,2586
5382.660150527954,2550
5383.657217025757,2538
5384.655714035034,2536
5385.653972625732,2538
5386.651039123535,2536
5387.633562088013,2528
5388.638734817505,2510
5389.615297317505,2506
5390.612840652466,2494
5391.610383987427,2490
5392.608165740967,2526
5393.60499382019,2568
5394.601821899414,2550
5395.599603652954,2578
5396.596431732178,2604
5397.593975067139,2524
5398.591041564941,2494
5399.588584899902,2490
5400.586128234863,2492
5401.583194732666,2508
5402.580976486206,2478
5403.57780456543,2522
5404.5751094818115,2518
5405.572891235352,2512
5406.569719314575,2558
5407.567501068115,2602
5408.564567565918,2546
5409.5618724823,2526
5410.559177398682,2518
5411.5564823150635,2544
5412.553787231445,2506
5413.551092147827,2482
5414.54815864563,2494
5415.546178817749,2490
5416.543245315552,2490
5417.568922042847,2544
5418.5662269592285,2598
5419.562816619873,2534
5420.568466186523,2552
5421.557903289795,2536
5422.556400299072,2574
5423.552989959717,2516
5424.521684646606,2518
5425.547122955322,2486
5426.5172481536865,2458
5427.545547485352,2490
5428.539752960205,2522
5429.537057876587,2516
5430.53412437439,2522
5431.530952453613,2526
5432.528495788574,2548
5433.525800704956,2542
5434.522867202759,2574
5435.5268478393555,2550
5436.517715454102,2534
5437.514781951904,2472
5438.512086868286,2486
5439.5105838775635,2524
5440.50669670105,2526
5441.504001617432,2514
5442.501544952393,2542
5443.499326705933,2524
5444.496870040894,2542
5445.466995239258,2542
5446.491003036499,2542
5447.48854637146,2518
5448.485612869263,2510
5449.453830718994,2526
5450.45280456543,2512
5451.449632644653,2510
5452.446699142456,2510
5453.444004058838,2554
5454.441547393799,2546
5455.439567565918,2538
5456.435918807983,2534
5457.433700561523,2536
5458.430528640747,2512
5459.428071975708,2510
5460.42537689209,2538
5461.422681808472,2522
5462.4199867248535,2550
5463.417291641235,2522
5464.414834976196,2546
5465.411901473999,2538
5466.409683227539,2542
5467.4072265625,2542
5468.4038162231445,2536
5469.401121139526,2536
5470.398664474487,2576
5471.395969390869,2526
5472.393274307251,2518
5473.390579223633,2502
5474.388599395752,2514
5475.385665893555,2542
5476.383209228516,2546
5477.3805141448975,2578
5478.377342224121,2534
5479.375123977661,2546
5480.371713638306,2546
5481.369256973267,2512
5482.366561889648,2502
5483.36386680603,2490
5484.361410140991,2486
5485.358715057373,2482
5486.356496810913,2526
5487.353801727295,2514
5488.353729248047,2520
5489.3479347229,2538
5490.345239639282,2548
5491.342782974243,2586
5492.3529624938965,2550
5493.337631225586,2504
5494.362831115723,2506
5495.385408401489,2494
5496.358394622803,2494
5497.354507446289,2502
5498.353004455566,2514
5499.350070953369,2494
5500.3485679626465,2518
5501.3439655303955,2542
5502.342224121094,2556
5503.3392906188965,2598
5504.337549209595,2550
5505.335092544556,2536
5506.330728530884,2546
5507.329702377319,2546
5508.326053619385,2520
5509.323358535767,2476
5510.321855545044,2484
5511.317491531372,2518
5512.315273284912,2534
5513.319492340088,2554
5514.309644699097,2534
5515.307664871216,2546
5516.310691833496,2546
5517.301797866821,2590
5518.29981803894,2556
5519.296407699585,2502
5520.294189453125,2508
5521.291017532349,2538
5522.288084030151,2526
5523.256540298462,2538
5524.253606796265,2570
5525.2509117126465,2490
5526.2486934661865,2542
5527.24552154541,2582
5528.242826461792,2574
5529.240131378174,2540
5530.237436294556,2538
5531.234979629517,2540
5532.232284545898,2512
5533.22958946228,2502
5534.226655960083,2510
5535.224199295044,2490
5536.221742630005,2510
5537.218809127808,2542
5538.216352462769,2520
5539.21365737915,2554
5540.210723876953,2538
5541.208267211914,2534
5542.205572128296,2542
5543.202877044678,2538
5544.20018196106,2534
5545.1977252960205,2486
5546.195030212402,2546
5547.192096710205,2518
5548.189401626587,2546
5549.186944961548,2538
5550.18424987793,2502
5551.1815547943115,2538
5552.178859710693,2576
5553.176164627075,2538
5554.173469543457,2510
5555.170774459839,2494
5556.168556213379,2492
5557.165622711182,2534
5558.162689208984,2546
5559.160470962524,2550
5560.157537460327,2524
5561.154842376709,2514
5562.152147293091,2490
5563.149690628052,2526
5564.1467571258545,2544
5565.144062042236,2542
5566.141605377197,2482
5567.138910293579,2462
5568.136215209961,2504
5569.133520126343,2524
5570.130825042725,2542
5571.128129959106,2534
5572.125434875488,2544
5573.125123977661,2578
5574.121952056885,2594
5575.119256973267,2606
5576.117038726807,2576
5577.114105224609,2546
5578.111171722412,2506
5579.108715057373,2512
5580.106019973755,2498
5581.103563308716,2550
5582.100629806519,2538
5583.0979347229,2474
5584.095239639282,2514
5585.092544555664,2554
5586.090803146362,2576
5587.087154388428,2596
5588.0866050720215,2550
5589.082479476929,2518
5590.079784393311,2510
5591.077089309692,2506
5592.074394226074,2506
5593.071699142456,2490
5594.069004058838,2502
5595.066070556641,2492
5596.063852310181,2538
5597.060680389404,2574
5598.057985305786,2574
5599.055051803589,2522
5600.052833557129,2556
5601.050138473511,2558
5602.046966552734,2542
5603.043079376221,2542
5604.040145874023,2494
5605.037450790405,2466
5606.034755706787,2498
5607.032299041748,2526
5608.02960395813,2534
5609.026908874512,2512
5610.024213790894,2550
5611.021518707275,2542
5612.018823623657,2558
5613.016366958618,2550
5614.013433456421,2518
5615.010976791382,2490
5616.008520126343,2490
5617.0055866241455,2502
5619.366884231567,2506
5619.366884231567,2508
5619.99773979187,2502
5621.024608612061,2500
5622.022390365601,2538
5623.019218444824,2510
5624.016523361206,2538
5624.987602233887,2558
5626.011371612549,2578
5626.980543136597,2520
5627.97737121582,2502
5628.974676132202,2470
5630.000352859497,2504
5630.998134613037,2526
5631.994724273682,2498
5632.965087890625,2486
5633.990049362183,2502
5634.987115859985,2514
5635.957479476929,2514
5636.982440948486,2522
5637.980222702026,2506
5638.978004455566,2484
5639.9736404418945,2482
5640.970945358276,2510
5641.9689655303955,2542
5642.966508865356,2508
5643.963098526001,2494
5644.960880279541,2510
5645.95890045166,2538
5646.9573974609375,2550
5647.953033447266,2558
5648.950099945068,2534
5649.947166442871,2486
5650.9153842926025,2522
5651.912212371826,2572
5652.909278869629,2516
5653.90682220459,2490
5654.904127120972,2522
5655.9014320373535,2514
5656.898975372314,2514
5657.896280288696,2574
5658.893585205078,2558
5659.890651702881,2518
5660.888195037842,2540
5661.885499954224,2526
5662.8828048706055,2550
5663.880348205566,2506
5664.878368377686,2494
5665.875196456909,2480
5666.872262954712,2534
5667.870044708252,2570
5668.866872787476,2550
5669.864177703857,2586
5670.861721038818,2522
5671.8590259552,2502
5672.856330871582,2510
5673.853635787964,2482
5674.850940704346,2476
5675.848484039307,2454
5676.845550537109,2504
5677.84309387207,2478
5678.840398788452,2514
5679.837703704834,2522
5680.834770202637,2558
5681.832313537598,2574
5682.829856872559,2578
5683.826684951782,2544
5684.824466705322,2524
5685.821771621704,2534
5686.818838119507,2500
5687.816143035889,2526
5688.8134479522705,2508
5689.810752868652,2492
5690.808057785034,2536
5691.805601119995,2548
5692.802906036377,2572
5693.800210952759,2612
5694.7972774505615,2578
5695.7948207855225,2602
5696.792364120483,2568
5697.789430618286,2542
5698.786973953247,2514
5699.784278869629,2486
5700.781345367432,2506
5701.7786502838135,2518
5702.776193618774,2520
5703.773498535156,2518
5704.770803451538,2508
5705.768346786499,2572
5707.772731781006,2570
5707.772731781006,2574
5708.760023117065,2550
5709.757566452026,2544
5710.754871368408,2502
5711.780548095703,2502
5712.778091430664,2506
5713.775157928467,2506
5714.775800704956,2506
5715.772867202759,2518
5716.767311096191,2522
5717.764616012573,2574
5718.761682510376,2586
5719.759702682495,2534
5721.75407409668,2536
5722.751617431641,2526
5723.748683929443,2514
5724.745512008667,2486
5725.74782371521,2484
5726.74036026001,2478
5727.737665176392,2500
5728.736639022827,2506
5729.732513427734,2502
5730.730056762695,2518
5731.729745864868,2504
5732.722520828247,2510
5733.708620071411,2534
5734.719276428223,2542
5735.718488693237,2490
5736.714124679565,2508
5737.711429595947,2534
5738.709211349487,2556
5739.705801010132,2502
5740.7073974609375,2514
5741.700649261475,2574
5742.727518081665,2554
5743.72410774231,2510
5744.694471359253,2570
5745.729446411133,2546
5746.695995330811,2480
5747.725963592529,2490
5748.685598373413,2518
5749.680280685425,2522
5750.678300857544,2514
5751.678705215454,2510
5752.67767906189,2502
5753.66997718811,2542
5754.670858383179,2574
5755.672454833984,2494
5756.666898727417,2502
5757.667064666748,2544
5758.656024932861,2488
5759.652853012085,2468
5760.649919509888,2510
5761.647462844849,2512
5762.64500617981,2538
5763.64278793335,2570
5764.638423919678,2542
5765.637397766113,2538
5766.633987426758,2542
5767.630815505981,2538
5768.629550933838,2608
5769.625663757324,2552
5770.623445510864,2490
5771.620035171509,2508
5772.61757850647,2534
5773.587226867676,2520
5774.5842933654785,2502
5775.581836700439,2478
5776.578903198242,2514
5777.576208114624,2522
5778.820991516113,2578
5778.820991516113,2580
5779.9973487854,2554
5780.996084213257,2524
5781.99315071106,2518
5782.9906940460205,2518
5783.987998962402,2506
5784.985065460205,2506
5785.982847213745,2478
5786.987543106079,2502
5789.7303104400635,2550
5789.7303104400635,2576
5789.7303104400635,2554
5791.737079620361,2600
5792.748928070068,2578
5792.748928070068,2558
5794.747591018677,2510
5795.745372772217,2506
5795.745372772217,2486
5796.741724014282,2492
5797.739028930664,2506
5799.734115600586,2506
5799.734115600586,2510
5801.7284870147705,2518
5802.726030349731,2550
5803.723096847534,2550
5804.720878601074,2586
5805.718421936035,2552
5806.715250015259,2532
5807.719707489014,2514
5808.7098598480225,2510
5809.707164764404,2518
5810.704469680786,2486
5811.701774597168,2474
5812.69907951355,2506
5813.696384429932,2522
5814.6936893463135,2478
5815.6914710998535,2544
5816.688537597656,2538
5817.685842514038,2550
5818.68314743042,2538
5819.681406021118,2514
5820.677995681763,2518
5821.675062179565,2470
5822.672367095947,2506
5823.669910430908,2526
5824.666976928711,2502
5825.664758682251,2494
5826.661586761475,2534
5827.659130096436,2546
5828.656435012817,2548
5829.653978347778,2556
5830.65128326416,2516
5831.648349761963,2518
5832.645654678345,2538
5833.642959594727,2578
5834.640979766846,2534
5835.638046264648,2550
5836.635112762451,2526
5837.632656097412,2546
5838.629961013794,2558
5839.627027511597,2590
5840.6243324279785,2522
5841.622114181519,2494
5842.618942260742,2524
5843.616247177124,2542
5844.613790512085,2542
5845.611095428467,2538
5846.608400344849,2514
5847.605466842651,2514
5848.603010177612,2540
5849.60150718689,2556
5850.598335266113,2554
5851.595401763916,2510
5852.592468261719,2538
5853.589773178101,2520
5854.586839675903,2510
5855.584621429443,2518
5856.582164764404,2518
5857.579469680786,2522
5858.577013015747,2498
5859.57407951355,2544
5860.571622848511,2558
5861.568927764893,2556
5862.565994262695,2582
5863.563060760498,2544
5864.56036567688,2490
5865.556478500366,2478
5866.553544998169,2506
5867.55108833313,2480
5868.548154830933,2474
5869.545459747314,2468
5870.543003082275,2490
5871.540307998657,2514
5872.537612915039,2526
5873.534679412842,2550
5874.532222747803,2544
5875.529527664185,2550
5876.526594161987,2546
5877.524137496948,2558
5878.52144241333,2546
5879.518747329712,2484
5880.544662475586,2474
5881.541967391968,2510
5882.5390338897705,2534
5883.535385131836,2542
5884.536027908325,2522
5885.531902313232,2510
5886.527538299561,2552
5887.524843215942,2606
5888.524293899536,2582
5889.520168304443,2534
5890.516996383667,2502
5891.515016555786,2462
5892.512083053589,2488
5893.50962638855,2518
5894.50740814209,2490
5895.50518989563,2458
5896.474123001099,2486
5897.500276565552,2546
5898.497104644775,2558
5899.497509002686,2578
5900.490760803223,2538
5901.488542556763,2528
5902.485370635986,2558
5903.482675552368,2574
5904.47998046875,2510
5905.477523803711,2506
5906.476259231567,2474
5907.472133636475,2522
5908.469438552856,2590
5909.467458724976,2574
5910.464286804199,2526
5911.435127258301,2528
5912.4321937561035,2558
5913.429260253906,2578
5914.427042007446,2534
5915.424346923828,2514
5916.421413421631,2522
5917.418718338013,2510
5918.416261672974,2506
5919.413805007935,2506
5920.411109924316,2526
5921.408414840698,2502
5922.40571975708,2518
5923.403024673462,2540
5924.401044845581,2542
5925.397872924805,2482
5926.422834396362,2522
5927.418947219849,2510
5928.41911315918,2502
5929.41427230835,2522
5930.411100387573,2550
5931.408405303955,2474
5932.406187057495,2522
5933.403015136719,2572
5934.40055847168,2538
5935.397386550903,2542
5936.39612197876,2516
5937.391996383667,2540
5938.390016555786,2516
5939.38684463501,2510
5940.384387969971,2510
5941.382646560669,2522
5942.350625991821,2522
5943.347930908203,2510
5944.345474243164,2554
5945.342779159546,2554
5946.340084075928,2538
5947.337627410889,2570
5948.334693908691,2554
5949.331998825073,2534
5950.329303741455,2476
5951.326847076416,2494
5952.324151992798,2506
5953.32145690918,2538
5954.3187618255615,2568
5955.316066741943,2504
5956.313610076904,2502
5957.340717315674,2542
5958.338975906372,2586
5959.335803985596,2578
5960.332870483398,2518
5961.337566375732,2488
5962.327003479004,2490
5963.324308395386,2510
5964.325428009033,2518
5965.319633483887,2506
5966.316699981689,2502
5967.313528060913,2482
5968.311071395874,2542
5969.308376312256,2570
5970.3075885772705,2586
5971.30274772644,2546
5972.300291061401,2550
5973.2985496521,2514
5974.295139312744,2494
5975.292444229126,2510
5976.262807846069,2524
5977.28705406189,2458
5978.285312652588,2512
5979.281425476074,2538
5980.278730392456,2518
5981.276273727417,2534
5982.27334022522,2602
5983.270883560181,2586
5984.269380569458,2548
5985.2659702301025,2546
5986.263751983643,2582
5987.261056900024,2534
5988.25740814209,2494
5989.254951477051,2472
5990.2520179748535,2490
5991.249561309814,2514
5992.2473430633545,2526
5993.244886398315,2548
5994.24147605896,2516
5995.239496231079,2514
5996.236324310303,2534
5997.2333908081055,2590
5998.2311725616455,2550
5999.229192733765,2518
6000.22554397583,2506
6001.222848892212,2486
6002.220153808594,2476
6003.217458724976,2506
6004.213571548462,2556
6005.211353302002,2504
6006.2096118927,2522
6007.206678390503,2556
6008.181571960449,2574
6009.202241897583,2540
6010.198593139648,2546
6011.1963748931885,2526
6012.192964553833,2482
6013.190031051636,2478
6014.188051223755,2506
6015.184640884399,2518
6016.15571975708,2512
6017.179250717163,2534
6018.18060874939,2546
6019.148588180542,2538
6020.145654678345,2534
6021.143436431885,2552
6022.140264511108,2518
6023.186683654785,2526
6024.162769317627,2470
6025.15983581543,2518
6026.159048080444,2514
6027.154922485352,2516
6028.122663497925,2540
6029.1197299957275,2524
6030.1172733306885,2518
6031.113862991333,2538
6032.111167907715,2538
6033.108234405518,2534
6034.105539321899,2534
6035.103321075439,2536
6036.100387573242,2552
6037.097454071045,2532
6038.094758987427,2526
6039.092302322388,2554
6040.0896072387695,2550
6041.086912155151,2580
6042.084693908691,2606
6043.081760406494,2574
6044.099569320679,2534
6045.076847076416,2546
6046.07367515564,2534
6047.0709800720215,2542
6048.068046569824,2522
6049.094915390015,2454
6050.092458724976,2490
6051.089525222778,2546
6052.087306976318,2578
6053.083896636963,2546
6054.081439971924,2574
6055.1111698150635,2542
6056.048154830933,2508
6057.075262069702,2538
6058.069467544556,2514
6059.067010879517,2462
6060.065746307373,2458
6061.061859130859,2502
6062.05940246582,2488
6063.056468963623,2514
6064.054250717163,2526
6065.050840377808,2556
6066.049337387085,2586
6067.045450210571,2582
6068.04347038269,2548
6069.040775299072,2538
6070.042610168457,2540
6071.035146713257,2538
6072.033166885376,2542
6073.0297565460205,2506
6074.027061462402,2522
6075.024127960205,2542
6076.022624969482,2554
6077.019214630127,2582
6078.016519546509,2600
6079.0135860443115,2574
6080.011606216431,2598
6081.009149551392,2580
6082.005977630615,2510
6083.003997802734,2506
6084.000587463379,2480
6084.997892379761,2502
6085.996389389038,2522
6086.9927406311035,2522
6087.993860244751,2506
6088.986873626709,2572
6089.984893798828,2606
6090.98219871521,2554
6091.951847076416,2570
6092.94867515564,2542
6093.94645690918,2504
6094.943523406982,2478
6095.941781997681,2482
6096.938371658325,2480
6097.935914993286,2426
6098.932504653931,2446
6099.930763244629,2486
6100.927352905273,2502
6101.924657821655,2522
6102.921962738037,2538
6103.919744491577,2510
6104.917049407959,2506
6105.91459274292,2546
6106.911897659302,2546
6107.909202575684,2538
6108.906030654907,2546
6109.903573989868,2510
6110.901832580566,2520
6111.898183822632,2582
6112.895250320435,2598
6113.893270492554,2578
6114.890336990356,2578
6115.887880325317,2590
6116.885185241699,2546
6117.88272857666,2590
6118.879318237305,2584
6119.876861572266,2550
6120.873928070068,2518
6121.87123298645,2546
6122.868537902832,2534
6123.866081237793,2582
6124.864101409912,2550
6125.861883163452,2558
6126.858472824097,2520
6127.856254577637,2524
6128.852605819702,2550
6129.850149154663,2514
6130.847215652466,2490
6132.842540740967,2510
6132.842540740967,2510
6133.839845657349,2502
6134.8371505737305,2542
6135.834217071533,2582
6136.831760406494,2546
6137.829065322876,2518
6138.826131820679,2538
6139.82367515564,2526
6140.820503234863,2494
6141.818523406982,2492
6142.815351486206,2514
6143.813133239746,2484
6145.807504653931,2446
6145.807504653931,2506
6147.802114486694,2574
6148.806571960449,2552
6148.806571960449,2542
6150.803327560425,2538
6151.808977127075,2538
6152.8027057647705,2506
6153.785705566406,2492
6154.782772064209,2478
6154.782772064209,2430
6156.806945800781,2454
6157.776594161987,2470
6157.776594161987,2474
6158.801555633545,2494
6159.798860549927,2514
6160.796642303467,2542
6162.761688232422,2542
6162.761688232422,2542
6163.758754730225,2552
6165.753364562988,2504
6165.753364562988,2492
6166.75066947937,2458
6167.748212814331,2494
6168.745279312134,2488
6169.742584228516,2494
6171.740293502808,2514
6171.740293502808,2554
6173.733711242676,2552
6174.731016159058,2574
6175.729036331177,2574
6176.725625991821,2526
6177.722930908203,2510
6178.720474243164,2486
6179.717779159546,2494
6180.715084075928,2466
6181.71238899231,2472
6182.714939117432,2458
6183.734178543091,2474
6184.732675552368,2526
6185.731649398804,2514
6186.697721481323,2490
6187.695741653442,2540
6188.694000244141,2538
6189.690828323364,2526
6190.687656402588,2504
6191.685676574707,2486
6192.711114883423,2470
6193.708658218384,2448
6194.705009460449,2470
6195.7032680511475,2482
6196.699142456055,2486
6197.696208953857,2526
6198.694229125977,2546
6199.664115905762,2524
6200.660705566406,2518
6201.658487319946,2518
6202.656507492065,2486
6203.653573989868,2514
6204.651117324829,2520
6205.648899078369,2502
6206.645488739014,2470
6207.643508911133,2502
6208.641052246094,2542
6209.636688232422,2550
6210.6335163116455,2534
6211.630821228027,2544
6212.628126144409,2570
6213.625431060791,2532
6214.622735977173,2514
6215.619802474976,2536
6216.6173458099365,2538
6217.643260955811,2510
6218.644857406616,2542
6219.637870788574,2558
6220.635890960693,2540
6221.632480621338,2542
6222.630023956299,2518
6223.626613616943,2558
6224.624156951904,2510
6225.6224155426025,2510
6226.591348648071,2490
6227.61607170105,2502
6228.61385345459,2486
6229.611158370972,2502
6230.613470077515,2462
6231.605529785156,2490
6232.603549957275,2518
6233.573198318481,2514
6234.597682952881,2494
6235.567092895508,2490
6236.5922927856445,2462
6237.5898361206055,2472
6238.587379455566,2480
6239.583969116211,2454
6240.582466125488,2422
6241.578578948975,2422
6242.576360702515,2506
6243.572950363159,2522
6244.571208953857,2546
6245.575428009033,2534
6246.5691566467285,2550
6247.562885284424,2586
6248.560428619385,2574
6249.530792236328,2574
6250.555515289307,2522
6251.553058624268,2514
6252.549648284912,2510
6253.546953201294,2536
6254.543781280518,2532
6255.542755126953,2548
6256.538867950439,2574
6257.535934448242,2574
6258.533954620361,2578
6259.530782699585,2552
6260.528802871704,2538
6261.526107788086,2514
6262.523412704468,2506
6263.5204792022705,2478
6264.518976211548,2454
6265.487194061279,2430
6266.512155532837,2494
6267.482280731201,2510
6268.480539321899,2514
6269.477367401123,2522
6270.474910736084,2574
6271.472215652466,2550
6272.469282150269,2518
6273.479461669922,2570
6274.465322494507,2520
6275.461912155151,2482
6276.458740234375,2478
6277.456760406494,2518
6278.453588485718,2514
6279.451370239258,2490
6280.44867515564,2510
6281.445741653442,2534
6282.443046569824,2606
6283.440351486206,2616
6284.437656402588,2602
6285.435438156128,2554
6286.4320278167725,2536
6287.429571151733,2502
6288.427114486694,2542
6289.424180984497,2582
6290.421485900879,2516
6291.417598724365,2514
6292.414665222168,2536
6293.41197013855,2554
6294.409275054932,2514
6295.4065799713135,2550
6296.4043617248535,2518
6297.401428222656,2538
6298.398733139038,2488
6299.39603805542,2534
6300.404787063599,2510
6301.390647888184,2482
6302.387952804565,2468
6303.385496139526,2474
6304.382801055908,2486
6305.38010597229,2536
6306.377172470093,2538
6307.374715805054,2510
6308.372020721436,2546
6309.369087219238,2518
6310.366868972778,2506
6311.39349937439,2514
6312.389850616455,2522
6313.387393951416,2532
6314.385175704956,2522
6315.382719039917,2524
6316.378593444824,2546
6317.376375198364,2542
6318.374872207642,2550
6319.371938705444,2538
6320.369005203247,2536
6321.36607170105,2534
6322.363615036011,2514
6323.3606815338135,2494
6324.35941696167,2502
6325.354814529419,2486
6326.326131820679,2490
6327.35013961792,2494
6328.347444534302,2544
6329.345941543579,2522
6330.34348487854,2534
6331.3398361206055,2558
6332.337856292725,2542
6333.333492279053,2490
6334.331274032593,2488
6335.329532623291,2506
6336.327075958252,2510
6337.322950363159,2524
6338.321685791016,2486
6339.318037033081,2514
6340.316534042358,2544
6341.295003890991,2578
6342.28253364563,2546
6343.308448791504,2538
6344.306707382202,2476
6345.275163650513,2506
6346.299409866333,2544
6347.27668762207,2502
6348.297119140625,2506
6349.292039871216,2490
6350.290298461914,2514
6351.2866497039795,2534
6352.28419303894,2560
6353.281259536743,2554
6354.278564453125,2578
6355.274438858032,2542
6356.273412704468,2582
6357.267141342163,2554
6358.240604400635,2506
6359.236240386963,2502
6360.233306884766,2500
6361.2306118011475,2478
6362.227916717529,2486
6363.225221633911,2514
6364.222526550293,2510
6365.219831466675,2538
6366.217374801636,2542
6367.214679718018,2578
6368.211984634399,2546
6369.209051132202,2534
6370.206832885742,2538
6371.203899383545,2518
6372.201204299927,2454
6373.2008934021,2482
6374.197483062744,2506
6375.195264816284,2518
6376.192331314087,2546
6377.189874649048,2542
6378.18717956543,2514
6379.184246063232,2522
6380.181550979614,2548
6381.178855895996,2570
6382.176399230957,2532
6383.173704147339,2512
6384.171009063721,2490
6385.168552398682,2522
6386.166334152222,2506
6387.162923812866,2514
6388.165235519409,2502
6389.157772064209,2534
6390.155076980591,2526
6391.152143478394,2548
6392.149925231934,2598
6393.147230148315,2578
6394.144058227539,2542
6395.1416015625,2494
6396.13938331604,2556
6397.136211395264,2522
6398.133754730225,2522
6399.130821228027,2502
6400.128602981567,2528
6401.12566947937,2550
6402.122974395752,2552
6403.120756149292,2550
6404.117584228516,2540
6405.1148891448975,2554
6406.112909317017,2546
6407.10973739624,2538
6408.107042312622,2534
6409.104108810425,2528
6410.101890563965,2492
6411.098957061768,2486
6412.096261978149,2510
6413.093328475952,2502
6414.091110229492,2520
6415.088176727295,2506
6416.086673736572,2494
6417.083501815796,2504
6418.0803298950195,2522
6419.076204299927,2514
6420.0732707977295,2510
6421.070575714111,2542
6422.067880630493,2534
6423.065185546875,2558
6424.062490463257,2534
6425.059795379639,2558
6426.057577133179,2524
6427.054643630981,2546
6428.051710128784,2542
6429.049253463745,2534
6430.046796798706,2522
6431.043863296509,2550
6432.041168212891,2510
6433.038711547852,2480
6434.036016464233,2514
6435.033798217773,2586
6436.059951782227,2554
6437.057256698608,2524
6438.0552768707275,2510
6439.052581787109,2506
6440.049409866333,2518
6441.047430038452,2538
6442.044734954834,2542
6443.042039871216,2470
6444.042205810547,2470
6445.0366497039795,2482
6446.033239364624,2522
6447.030544281006,2574
6448.036193847656,2546
6449.0251541137695,2538
6450.023174285889,2518
6451.0204792022705,2574
6452.018260955811,2582
6453.014373779297,2582
6454.011917114258,2512
6455.008983612061,2482
6456.0065269470215,2504
6457.0043087005615,2542
6458.001613616943,2526
6458.999156951904,2514
6459.996223449707,2532
6460.993051528931,2550
6461.9903564453125,2544
6462.9881381988525,2580
6463.985443115234,2554
6464.982509613037,2492
6465.951204299927,2524
6466.982126235962,2506
6467.974901199341,2494
6468.971967697144,2486
6469.969272613525,2476
6470.966577529907,2484
6471.963882446289,2514
6472.961187362671,2586
6473.958730697632,2538
6474.9579429626465,2538
6475.957870483398,2554
6476.951122283936,2578
6477.947950363159,2550
6478.945255279541,2518
6479.942798614502,2516
6480.939865112305,2490
6481.937408447266,2506
6482.906818389893,2522
6483.932018280029,2510
6484.929323196411,2518
6485.926389694214,2546
6486.924409866333,2582
6487.921714782715,2526
6488.919496536255,2524
6489.9232387542725,2518
6490.913391113281,2514
6491.910457611084,2540
6492.908954620361,2522
6493.905067443848,2526
6494.902849197388,2504
6495.900392532349,2490
6496.903419494629,2526
6497.897624969482,2510
6498.892307281494,2526
6499.861478805542,2542
6500.886678695679,2522
6501.884698867798,2586
6502.881050109863,2578
6503.881216049194,2514
6504.876375198364,2506
6505.873441696167,2474
6506.87050819397,2494
6507.840156555176,2534
6508.865594863892,2518
6509.863376617432,2528
6510.832786560059,2510
6511.829614639282,2510
6512.826919555664,2570
6513.823986053467,2550
6514.821767807007,2486
6515.81883430481,2534
6516.8163776397705,2552
6517.813444137573,2554
6518.810987472534,2490
6519.808292388916,2490
6520.805597305298,2534
6521.80290222168,2500
6522.8002071380615,2512
6523.797512054443,2506
6524.795293807983,2512
6525.821208953857,2506
6526.817083358765,2502
6527.8143882751465,2498
6528.8121700286865,2504
6529.810667037964,2538
6530.80677986145,2530
6532.776832580566,2534
6532.776832580566,2546
6533.798694610596,2546
6534.796237945557,2538
6536.763906478882,2550
6536.763906478882,2534
6537.788391113281,2506
6538.785934448242,2502
6540.780067443848,2512
6541.778087615967,2474
6542.774677276611,2480
6543.771743774414,2512
6544.769287109375,2546
6545.766592025757,2570
6546.764135360718,2568
6547.73211479187,2586
6548.729181289673,2574
6549.726724624634,2506
6550.7237911224365,2520
6551.7213344573975,2514
6552.718639373779,2490
6553.715705871582,2422
6554.713249206543,2480
6555.710792541504,2486
6556.707859039307,2522
6557.738304138184,2546
6558.7310791015625,2542
6559.727907180786,2524
6560.730695724487,2534
6561.722993850708,2542
6562.721014022827,2526
6563.716411590576,2514
6564.7149085998535,2486
6565.711259841919,2458
6566.711187362671,2478
6567.706346511841,2522
6568.703651428223,2534
6569.700479507446,2558
6570.697784423828,2510
6571.694850921631,2538
6572.694301605225,2536
6573.691606521606,2576
6574.660062789917,2574
6575.658559799194,2518
6576.655387878418,2478
6577.6526927948,2470
6578.649997711182,2474
6579.647064208984,2480
6580.644607543945,2510
6581.641674041748,2508
6582.639217376709,2522
6583.636999130249,2542
6584.66100692749,2554
6585.659742355347,2578
6586.656093597412,2522
6587.6264572143555,2546
6588.624000549316,2514
6589.621067047119,2502
6590.61861038208,2534
6591.616630554199,2486
6592.628717422485,2480
6593.611001968384,2490
6594.608545303345,2526
6595.605850219727,2586
6596.6033935546875,2542
6597.60046005249,2522
6598.598003387451,2522
6599.609136581421,2512
6600.592613220215,2502
6601.589918136597,2512
6602.5872230529785,2538
6603.605508804321,2504
6604.581832885742,2510
6605.579614639282,2534
6606.576681137085,2548
6607.573747634888,2512
6608.571529388428,2498
6609.56883430481,2534
6610.565900802612,2526
6611.563205718994,2528
6612.560510635376,2514
6613.557815551758,2578
6614.55512046814,2518
6615.552663803101,2512
6616.549730300903,2538
6617.546558380127,2558
6618.544340133667,2526
6619.571924209595,2554
6620.566606521606,2590
6621.563911437988,2554
6622.560977935791,2482
6623.558759689331,2504
6624.528169631958,2546
6625.5528926849365,2514
6626.551389694214,2526
6627.548456192017,2514
6628.549098968506,2584
6629.542827606201,2550
6630.545854568481,2538
6631.538391113281,2522
6632.5342655181885,2490
6633.5320472717285,2506
6634.540796279907,2506
6635.526418685913,2510
6636.524438858032,2468
6637.520790100098,2482
6638.518810272217,2514
6639.524459838867,2518
6640.514373779297,2542
6641.510725021362,2578
6642.508029937744,2544
6643.505573272705,2502
6644.502401351929,2538
6645.500421524048,2546
6646.498203277588,2486
6647.494554519653,2502
6648.4997272491455,2486
6649.461984634399,2486
6650.459051132202,2514
6651.456117630005,2538
6652.453422546387,2514
6653.450727462769,2524
6654.4482707977295,2558
6655.4460525512695,2584
6656.442642211914,2538
6657.439947128296,2548
6658.437490463257,2526
6659.434795379639,2520
6660.4321002960205,2504
6661.429643630981,2486
6662.426710128784,2480
6663.424015045166,2506
6664.421319961548,2502
6665.446519851685,2522
6666.445016860962,2582
6667.441368103027,2582
6668.438911437988,2570
6669.43621635437,2542
6670.433521270752,2550
6671.4301109313965,2520
6672.4278926849365,2508
6673.424959182739,2500
6674.400091171265,2518
6675.390720367432,2518
6676.388263702393,2510
6677.385330200195,2544
6678.382396697998,2576
6679.37970161438,2570
6680.377244949341,2578
6681.3788414001465,2552
6682.377576828003,2526
6683.369159698486,2510
6684.366703033447,2518
6685.36376953125,2508
6686.361074447632,2498
6687.358856201172,2494
6688.3556842803955,2546
6689.353227615356,2514
6690.350294113159,2516
6691.34783744812,2550
6692.345142364502,2546
6693.342447280884,2522
6694.339990615845,2538
6695.337295532227,2514
6696.334600448608,2518
6697.331666946411,2538
6698.329210281372,2534
6699.326515197754,2526
6700.323820114136,2518
6701.321363449097,2546
6702.3186683654785,2534
6703.315734863281,2538
6704.313039779663,2550
6705.310583114624,2526
6706.307888031006,2482
6707.305192947388,2506
6708.302736282349,2542
6709.299802780151,2520
6710.297107696533,2508
6711.294889450073,2546
6712.291955947876,2534
6713.289260864258,2538
6714.286327362061,2538
6715.2838706970215,2548
6716.296195983887,2578
6717.278718948364,2494
6718.275785446167,2494
6719.273328781128,2502
6720.27063369751,2522
6721.267938613892,2514
6722.265243530273,2512
6723.262548446655,2534
6724.260091781616,2558
6725.257158279419,2554
6726.25470161438,2530
6727.252006530762,2580
6728.249073028564,2574
6729.246616363525,2526
6730.243921279907,2506
6731.241226196289,2514
6732.238531112671,2542
6733.235836029053,2510
6734.233140945435,2488
6735.230445861816,2502
6736.227989196777,2542
6737.225294113159,2534
6738.222360610962,2586
6739.219665527344,2582
6740.217208862305,2526
6741.2145137786865,2522
6742.241144180298,2526
6743.237495422363,2506
6744.234561920166,2484
6745.2332973480225,2514
6746.234178543091,2498
6747.22695350647,2512
6748.223781585693,2518
6749.221324920654,2550
6750.218868255615,2578
6751.216173171997,2582
6752.2132396698,2554
6753.210783004761,2526
6754.2078495025635,2552
6755.205154418945,2522
6756.204128265381,2484
6757.200479507446,2512
6758.197546005249,2516
6759.194612503052,2538
6760.193109512329,2526
6761.188983917236,2574
6762.187242507935,2554
6763.183832168579,2578
6764.181137084961,2542
6765.178442001343,2544
6766.149520874023,2506
6767.173290252686,2506
6768.1708335876465,2490
6769.168376922607,2502
6770.16544342041,2490
6771.162509918213,2526
6774.1265296936035,2482
6774.1265296936035,2518
6774.1265296936035,2554
6775.62689781189,2578
6776.198625564575,2570
6777.630805969238,2574
6778.629541397095,2534
6779.626846313477,2512
6780.642986297607,2514
6781.62145614624,2510
6782.618761062622,2538
6783.616065979004,2500
6784.613370895386,2470
6785.611152648926,2544
6786.6082191467285,2534
6787.605285644531,2542
6788.602828979492,2558
6789.600372314453,2542
6790.597677230835,2554
6791.594743728638,2522
6792.592287063599,2544
6793.5895919799805,2510
6794.586658477783,2506
6795.583963394165,2514
6796.581506729126,2528
6797.578811645508,2522
6798.57611656189,2526
6799.573183059692,2526
6800.570726394653,2542
6801.568031311035,2540
6802.565336227417,2486
6803.563117980957,2490
6804.56018447876,2526
6805.557489395142,2502
6806.554794311523,2538
6807.552099227905,2550
6808.549404144287,2544
6809.546709060669,2546
6810.54425239563,2534
6811.541557312012,2536
6812.538862228394,2518
6813.536167144775,2522
6814.533472061157,2482
6815.530776977539,2502
6816.528081893921,2480
6817.525625228882,2506
6818.522691726685,2542
6819.519996643066,2554
6820.517539978027,2542
6821.514844894409,2524
6822.512149810791,2526
6823.509454727173,2514
6824.506759643555,2542
6825.504302978516,2514
6826.501369476318,2510
6827.498912811279,2470
6828.496217727661,2480
6829.493522644043,2486
6830.490589141846,2538
6831.488132476807,2522
6832.4854373931885,2522
6833.482503890991,2548
6834.480285644531,2554
6835.477590560913,2578
6836.474657058716,2546
6837.471961975098,2506
6838.469505310059,2506
6839.46681022644,2486
6840.464115142822,2450
6841.461181640625,2514
6842.458724975586,2510
6843.456029891968,2538
6844.45333480835,2506
6845.450878143311,2606
6846.448183059692,2554
6847.445487976074,2554
6848.443031311035,2546
6849.447727203369,2548
6850.441932678223,2502
6851.4404296875,2502
6852.461338043213,2486
6853.466510772705,2482
6854.456186294556,2494
6855.453729629517,2506
6856.450319290161,2518
6857.419013977051,2516
6858.4160804748535,2528
6859.413385391235,2584
6860.410928726196,2586
6861.43946647644,2578
6862.433433532715,2530
6863.430976867676,2534
6864.428758621216,2518
6865.432262420654,2508
6866.422891616821,2514
6867.419958114624,2514
6868.417263031006,2510
6869.414806365967,2546
6870.413064956665,2590
6871.4094161987305,2574
6872.406721115112,2538
6873.404026031494,2536
6874.394655227661,2544
6875.370979309082,2482
6876.397609710693,2516
6877.39372253418,2488
6878.390789031982,2482
6879.388093948364,2492
6880.385875701904,2538
6881.355047225952,2550
6882.352113723755,2514
6883.349657058716,2510
6884.347200393677,2518
6885.3442668914795,2574
6886.341571807861,2542
6887.339115142822,2542
6888.336420059204,2522
6889.333486557007,2494
6890.331029891968,2516
6891.32833480835,2538
6892.325639724731,2522
6893.322944641113,2536
6894.320487976074,2538
6895.317554473877,2550
6896.314859390259,2542
6897.312164306641,2504
6898.338079452515,2522
6899.336576461792,2522
6900.334119796753,2526
6901.330232620239,2518
6902.328014373779,2528
6903.327465057373,2510
6904.322147369385,2502
6905.320644378662,2526
6906.316518783569,2546
6907.3145389556885,2538
6908.310890197754,2538
6909.308433532715,2520
6910.308599472046,2498
6911.2749099731445,2490
6912.271976470947,2510
6913.269281387329,2504
6914.266586303711,2534
6915.264129638672,2522
6916.261434555054,2550
6917.258739471436,2598
6918.2562828063965,2590
6919.253587722778,2582
6920.250654220581,2510
6921.247959136963,2510
6922.245502471924,2510
6923.242568969727,2492
6924.2401123046875,2494
6925.237417221069,2524
6926.23496055603,2482
6927.232027053833,2518
6928.229331970215,2546
6929.226875305176,2550
6930.2239418029785,2558
6931.221485137939,2574
6932.218790054321,2520
6933.216094970703,2542
6934.213399887085,2514
6935.210466384888,2450
6936.208248138428,2458
6937.20555305481,2538
6938.202619552612,2522
6939.200162887573,2502
6940.197467803955,2570
6941.195011138916,2582
6942.192077636719,2598
6943.189382553101,2546
6944.186687469482,2550
6945.183992385864,2542
6946.181535720825,2510
6947.178840637207,2454
6948.176145553589,2510
6949.173212051392,2534
6950.1707553863525,2506
6951.168060302734,2510
6952.165365219116,2572
6953.162431716919,2550
6954.160213470459,2554
6955.157279968262,2598
6956.154584884644,2576
6957.1521282196045,2536
6958.149433135986,2526
6959.146738052368,2494
6960.144281387329,2490
6961.141347885132,2474
6962.138652801514,2526
6963.1359577178955,2516
6964.133501052856,2536
6965.130567550659,2558
6966.128349304199,2594
6967.125415802002,2556
6968.122720718384,2578
6969.120025634766,2578
6970.1173305511475,2510
6971.114873886108,2520
6972.112417221069,2518
6973.109245300293,2526
6974.107027053833,2526
6975.104093551636,2502
6976.101398468018,2514
6977.09846496582,2518
6978.09624671936,2526
6979.093551635742,2582
6980.090618133545,2546
6981.088161468506,2520
6982.085466384888,2518
6983.08253288269,2538
6984.080076217651,2506
6985.077619552612,2494
6986.074924468994,2568
6987.071990966797,2486
6988.070249557495,2518
6989.537954330444,2538
6990.586996078491,2574
6991.5900230407715,2484
6992.586612701416,2490
6993.583679199219,2542
6994.580507278442,2510
6995.577812194824,2490
6996.575117111206,2528
6997.572183609009,2502
6998.5692501068115,2492
6999.566316604614,2518
7000.593185424805,2534
7001.58953666687,2526
7002.587080001831,2500
7003.585338592529,2522
7004.580736160278,2534
7005.577802658081,2526
7006.577014923096,2494
7007.545232772827,2490
7008.543252944946,2510
7009.54008102417,2550
7010.535955429077,2550
7011.53302192688,2534
7012.563705444336,2582
7013.564109802246,2586
7014.553546905518,2554
7015.559434890747,2554
7016.549110412598,2510
7017.545700073242,2504
7018.543243408203,2490
7019.524574279785,2520
7020.538091659546,2512
7021.536350250244,2506
7022.53270149231,2512
7023.5302448272705,2520
7024.527072906494,2570
7025.532007217407,2596
7026.522159576416,2570
7027.519464492798,2534
7028.517484664917,2538
7029.513835906982,2536
7030.5116176605225,2510
7031.508445739746,2522
7032.506704330444,2514
7033.503532409668,2502
7034.500598907471,2482
7035.498380661011,2538
7036.503314971924,2554
7037.498950958252,2572
7038.495779037476,2578
7039.487361907959,2554
7040.485143661499,2574
7041.481971740723,2544
7042.479753494263,2474
7043.476581573486,2518
7044.4769859313965,2520
7045.47119140625,2498
7046.469449996948,2482
7047.465801239014,2508
7048.463582992554,2522
7049.44372177124,2538
7050.428867340088,2580
7051.427602767944,2574
7052.452802658081,2518
7053.449869155884,2516
7054.447412490845,2486
7055.444240570068,2538
7056.44679069519,2520
7057.43932723999,2458
7058.438777923584,2498
7059.4048500061035,2534
7060.401916503906,2550
7061.405897140503,2552
7062.39652633667,2574
7063.393831253052,2534
7064.391136169434,2538
7065.3886795043945,2534
7066.396951675415,2552
7067.383527755737,2526
7068.380355834961,2522
7069.377899169922,2502
7070.375204086304,2490
7071.372509002686,2488
7072.3700523376465,2514
7073.367118835449,2516
7074.36466217041,2536
7075.368165969849,2536
7076.359510421753,2544
7077.356576919556,2534
7078.3538818359375,2538
7079.351186752319,2542
7080.348491668701,2574
7081.345796585083,2546
7082.343339920044,2540
7083.340644836426,2534
7084.337949752808,2538
7085.33501625061,2546
7086.33279800415,2554
7087.329864501953,2520
7088.327169418335,2522
7089.324951171875,2534
7090.322017669678,2534
7091.31932258606,2536
7092.316389083862,2534
7093.313932418823,2542
7094.311237335205,2506
7095.308780670166,2514
7096.306324005127,2518
7097.30339050293,2534
7098.3006954193115,2526
7099.297761917114,2510
7100.295543670654,2538
7101.292610168457,2534
7102.289915084839,2506
7103.2874584198,2494
7104.284763336182,2546
7105.281829833984,2556
7106.279373168945,2534
7107.276678085327,2522
7108.273983001709,2580
7109.271049499512,2586
7110.268354415894,2584
7111.266136169434,2574
7112.263202667236,2558
7113.260269165039,2494
7114.258050918579,2514
7115.255355834961,2488
7116.252660751343,2542
7117.2497272491455,2514
7118.247270584106,2470
7119.244575500488,2542
7120.24188041687,2570
7121.239185333252,2582
7122.236490249634,2542
7123.233795166016,2538
7124.231338500977,2536
7125.228643417358,2518
7126.228332519531,2534
7127.225637435913,2522
7128.222465515137,2510
7129.220008850098,2482
7130.2170753479,2502
7131.214141845703,2538
7132.211446762085,2574
7133.208990097046,2580
7134.206295013428,2542
7135.20359992981,2550
7136.200904846191,2586
7137.198686599731,2542
7138.195514678955,2522
7139.192819595337,2510
7140.190362930298,2502
7141.186714172363,2506
7142.183780670166,2502
7143.234968185425,2538
7144.207715988159,2522
7145.177841186523,2510
7146.203517913818,2542
7147.207021713257,2578
7148.1969356536865,2586
7149.19376373291,2546
7150.191307067871,2546
7151.193618774414,2510
7152.186632156372,2486
7153.183937072754,2508
7154.180288314819,2502
7155.184268951416,2494
7156.148433685303,2490
7157.144546508789,2524
7158.143520355225,2520
7159.167528152466,2546
7160.165071487427,2514
7161.16189956665,2538
7162.159442901611,2526
7163.156509399414,2514
7164.155960083008,2444
7165.151357650757,2430
7166.1217212677,2502
7167.1459674835205,2482
7168.143510818481,2514
7169.143199920654,2546
7170.138120651245,2550
7171.136140823364,2544
7172.132968902588,2542
7173.130035400391,2526
7174.127101898193,2538
7175.124883651733,2528
7176.1298179626465,2570
7177.1204471588135,2506
7178.116798400879,2538
7179.114818572998,2510
7180.1111698150635,2486
7181.108713150024,2522
7182.106018066406,2534
7183.075428009033,2542
7184.10062789917,2516
7185.097694396973,2554
7186.096906661987,2518
7187.094211578369,2506
7188.0903244018555,2574
7189.087867736816,2526
7190.08469581604,2512
7191.0529136657715,2510
7192.079782485962,2510
7193.077087402344,2514
7194.073677062988,2502
7195.071220397949,2550
7196.06876373291,2534
7197.065830230713,2510
7198.063611984253,2526
7199.060678482056,2520
7200.058937072754,2502
7201.055288314819,2502
7202.024221420288,2490
7203.0510902404785,2540
7204.047441482544,2510
7205.044746398926,2542
7206.041574478149,2554
7207.039594650269,2538
7208.037614822388,2506
7209.033966064453,2532
7210.031747817993,2510
7211.028814315796,2474
7212.0256423950195,2506
7213.0231857299805,2506
7214.020729064941,2522
7215.023040771484,2512
7216.015338897705,2526
7217.013359069824,2538
7218.010187149048,2572
7219.0070152282715,2542
7220.004558563232,2574
7221.002101898193,2550
7222.002267837524,2544
7222.996473312378,2480
7223.994255065918,2522
7224.998712539673,2508
7225.959777832031,2510
7226.985931396484,2518
7227.989673614502,2546
7228.980779647827,2558
7229.97784614563,2510
7230.974912643433,2550
7231.972217559814,2558
7232.969760894775,2526
7233.967304229736,2486
7234.968662261963,2460
7235.962152481079,2484
7236.959934234619,2492
7237.956762313843,2474
7238.9538288116455,2494
7239.951372146606,2488
7240.948438644409,2514
7241.946697235107,2542
7242.943048477173,2602
7243.940114974976,2552
7244.937419891357,2542
7245.935678482056,2498
7246.9329833984375,2524
7247.901678085327,2522
7248.928070068359,2494
7249.925136566162,2482
7250.92339515686,2518
7251.919507980347,2542
7252.922058105469,2586
7253.913640975952,2558
7254.910945892334,2558
7255.908489227295,2558
7256.906270980835,2590
7257.875442504883,2588
7258.90851020813,2570
7259.897708892822,2544
7260.895490646362,2498
7261.894941329956,2514
7262.890577316284,2510
7263.887882232666,2546
7264.88471031189,2506
7265.88249206543,2522
7266.879558563232,2534
7267.876863479614,2534
7268.874406814575,2540
7269.871473312378,2546
7270.86877822876,2542
7271.8658447265625,2506
7272.8636264801025,2510
7273.8611698150635,2518
7274.858236312866,2586
7275.855302810669,2510
7276.853322982788,2542
7277.8496742248535,2542
7278.848171234131,2522
7279.844522476196,2552
7280.842065811157,2578
7281.841039657593,2522
7282.808780670166,2514
7283.834218978882,2514
7284.833192825317,2526
7285.834550857544,2550
7286.826848983765,2558
7287.823677062988,2554
7288.820505142212,2550
7289.817571640015,2538
7290.815353393555,2550
7291.8126583099365,2550
7292.809724807739,2534
7293.807744979858,2494
7294.804811477661,2518
7295.802116394043,2502
7296.802520751953,2510
7297.803640365601,2514
7298.79355430603,2510
7299.79133605957,2534
7300.788879394531,2546
7301.785707473755,2574
7302.783012390137,2502
7304.7778606414795,2452
7305.7756423950195,2480
7306.772947311401,2466
7307.743549346924,2478
7308.767318725586,2518
7309.764862060547,2478
7310.7616901397705,2486
7311.760902404785,2516
7312.757253646851,2586
7313.753604888916,2586
7314.750909805298,2586
7315.719366073608,2580
7316.71667098999,2516
7317.713737487793,2550
7318.711042404175,2502
7319.708585739136,2542
7320.705890655518,2502
7321.703195571899,2502
7322.70073890686,2506
7323.698043823242,2512
7324.695348739624,2560
7325.692415237427,2578
7326.689958572388,2544
7327.6872634887695,2526
7328.684329986572,2552
7329.681873321533,2518
7330.679178237915,2518
7331.676483154297,2490
7332.685470581055,2482
7333.67133140564,2482
7334.668397903442,2474
7335.665941238403,2502
7336.663007736206,2522
7337.660551071167,2538
7338.657855987549,2552
7339.655160903931,2526
7340.655088424683,2520
7341.652393341064,2522
7342.649221420288,2502
7343.646287918091,2488
7344.643354415894,2474
7345.641613006592,2430
7346.638441085815,2474
7347.635269165039,2502
7348.6328125,2522
7349.630355834961,2512
7350.627422332764,2526
7351.6247272491455,2486
7352.622032165527,2546
7353.619575500488,2554
7354.61688041687,2538
7355.614185333252,2490
7356.611728668213,2488
7357.608795166016,2524
7358.6061000823975,2522
7359.6038818359375,2514
7360.60094833374,2574
7361.598253250122,2550
7362.595319747925,2526
7363.592863082886,2576
7364.590167999268,2550
7365.588188171387,2522
7366.584539413452,2548
7367.582559585571,2570
7368.579626083374,2516
7369.576692581177,2528
7370.574235916138,2540
7371.58727645874,2538
7372.568845748901,2508
7373.566150665283,2528
7374.563455581665,2580
7375.561237335205,2478
7376.558065414429,2526
7377.555370330811,2516
7378.5529136657715,2534
7379.549980163574,2546
7380.547285079956,2534
7381.544828414917,2550
7382.542133331299,2558
7383.539199829102,2542
7384.5367431640625,2574
7385.534286499023,2582
7386.531829833984,2546
7387.528657913208,2546
7388.526201248169,2544
7389.523506164551,2510
7390.520811080933,2504
7391.518354415894,2526
7392.515659332275,2502
7393.512725830078,2510
7394.51003074646,2518
7395.507335662842,2542
7396.504878997803,2546
7397.502183914185,2516
7398.4997272491455,2584
7399.496793746948,2542
7400.49409866333,2522
7401.49188041687,2542
7402.488946914673,2510
7403.486013412476,2510
7404.483318328857,2508
7405.480861663818,2484
7406.4781665802,2482
7407.475709915161,2542
7408.472776412964,2558
7409.470081329346,2542
7410.4673862457275,2534
7411.464691162109,2542
7412.46223449707,2578
7413.459539413452,2522
7414.456844329834,2514
7415.454149246216,2478
7416.451930999756,2446
7417.449235916138,2486
7418.446063995361,2526
7419.443607330322,2514
7420.440912246704,2492
7421.437978744507,2572
7422.435283660889,2580
7423.433065414429,2552
7424.437999725342,2552
7425.427198410034,2468
7426.425218582153,2448
7427.422285079956,2478
7428.419351577759,2514
7429.416656494141,2510
7430.414199829102,2454
7431.411504745483,2502
7432.407379150391,2526
7433.404445648193,2540
7434.401750564575,2576
7435.399532318115,2576
7436.424732208252,2548
7437.422037124634,2550
7438.419580459595,2550
7439.417123794556,2542
7440.414190292358,2504
7441.411733627319,2516
7442.408800125122,2518
7443.37797164917,2534
7444.375038146973,2572
7445.372581481934,2576
7446.369886398315,2548
7447.366952896118,2546
7448.364496231079,2610
7449.36203956604,2554
7450.359344482422,2506
7451.356410980225,2514
7452.353954315186,2518
7453.351020812988,2518
7454.34832572937,2506
7455.345630645752,2538
7456.343173980713,2502
7457.340478897095,2528
7458.337783813477,2542
7459.3353271484375,2578
7460.33239364624,2514
7461.329936981201,2534
7462.327003479004,2502
7463.3543491363525,2518
7464.351177215576,2520
7465.3496742248535,2516
7466.34578704834,2518
7467.34356880188,2518
7468.339204788208,2546
7469.338417053223,2514
7470.334768295288,2526
7471.332311630249,2518
7472.328901290894,2550
7473.3264446258545,2514
7474.324703216553,2458
7475.320816040039,2510
7476.319313049316,2526
7477.315187454224,2526
7478.313684463501,2506
7479.311943054199,2534
7480.308294296265,2538
7481.305122375488,2516
7482.302188873291,2538
7483.299016952515,2542
7484.29799079895,2512
7485.266208648682,2482
7486.292362213135,2490
7487.290143966675,2502
7488.286733627319,2486
7489.284038543701,2532
7490.281105041504,2538
7491.277694702148,2522
7492.276191711426,2542
7493.27278137207,2538
7494.258165359497,2506
7495.266914367676,2522
7496.265888214111,2514
7497.261762619019,2486
7498.259544372559,2506
7499.25684928894,2494
7500.2546310424805,2478
7501.252174377441,2486
7502.249002456665,2522
7503.246307373047,2550
7504.244327545166,2504
7505.24115562439,2552
7506.239652633667,2546
7507.2362422943115,2522
7508.233308792114,2510
7509.230136871338,2490
7510.22744178772,2534
7511.224746704102,2522
7512.223482131958,2460
7513.2200717926025,2482
7514.217376708984,2536
7515.218734741211,2526
7516.184568405151,2570
7517.2083377838135,2582
7518.206596374512,2554
7519.203424453735,2534
7520.201206207275,2532
7521.198034286499,2550
7522.196292877197,2542
7523.192882537842,2494
7524.190425872803,2490
7525.187730789185,2520
7526.191473007202,2534
7527.181625366211,2558
7528.179407119751,2550
7529.177188873291,2536
7530.174493789673,2550
7531.171560287476,2602
7532.1691036224365,2600
7533.166170120239,2548
7534.163475036621,2534
7535.161256790161,2510
7536.16189956665,2488
7537.1551513671875,2514
7538.152694702148,2546
7539.1504764556885,2570
7540.1482582092285,2502
7541.147708892822,2542
7542.145013809204,2574
7543.139457702637,2578
7544.14176940918,2548
7545.133829116821,2542
7546.134471893311,2524
7547.12986946106,2504
7548.127174377441,2482
7549.124717712402,2526
7550.122022628784,2538
7551.119327545166,2498
7552.116632461548,2538
7553.114175796509,2518
7554.111480712891,2522
7555.108308792114,2534
7556.076765060425,2552
7557.074069976807,2530
7558.071136474609,2510
7559.068441390991,2490
7560.065746307373,2502
7561.063051223755,2488
7562.060356140137,2514
7563.057661056519,2522
7564.0552043914795,2456
7565.052509307861,2526
7566.050052642822,2522
7567.047119140625,2522
7568.044424057007,2502
7569.041728973389,2534
7570.0390338897705,2494
7571.036815643311,2492
7572.034120559692,2542
7573.031425476074,2518
7574.028491973877,2512
7576.380252838135,2490
7576.380252838135,2550
7577.593803405762,2600
7578.521728515625,2510
7579.526662826538,2510
7580.525159835815,2568
7581.532955169678,2526
7582.519769668579,2502
7583.517074584961,2538
7584.514379501343,2514
7585.511684417725,2506
7586.509227752686,2538
7587.534666061401,2586
7588.537216186523,2578
7589.529514312744,2550
7590.526819229126,2518
7591.495990753174,2578
7592.521190643311,2554
7593.5187339782715,2558
7594.515800476074,2468
7595.513582229614,2518
7596.511602401733,2502
7597.508192062378,2536
7598.505735397339,2574
7599.476099014282,2584
7600.5003452301025,2534
7601.4978885650635,2546
7602.496147155762,2586
7603.492259979248,2574
7604.489326477051,2526
7605.460643768311,2516
7606.483697891235,2514
7607.481479644775,2504
7608.469486236572,2492
7609.448194503784,2514
7610.446929931641,2522
7611.443758010864,2492
7612.440586090088,2522
7613.437652587891,2554
7614.43567276001,2534
7615.433216094971,2568
7616.430044174194,2522
7617.428302764893,2534
7618.424654006958,2500
7619.42195892334,2476
7620.419025421143,2474
7621.416330337524,2512
7622.413873672485,2518
7623.411178588867,2538
7624.409198760986,2522
7625.40602684021,2498
7626.403570175171,2534
7627.401113510132,2584
7628.398180007935,2554
7629.395008087158,2526
7630.39231300354,2516
7631.389856338501,2522
7632.387161254883,2488
7633.385419845581,2494
7634.382486343384,2506
7635.380029678345,2484
7636.3770961761475,2516
7637.37416267395,2542
7638.371706008911,2526
7639.369010925293,2534
7640.366315841675,2526
7641.364097595215,2554
7642.361640930176,2514
7643.3587074279785,2538
7644.355773925781,2518
7645.365238189697,2486
7646.351337432861,2482
7647.347927093506,2514
7648.345232009888,2510
7649.350881576538,2504
7650.338411331177,2558
7651.335716247559,2544
7652.33302116394,2558
7653.330564498901,2542
7654.327869415283,2518
7655.324935913086,2516
7656.322240829468,2548
7657.319784164429,2504
7658.317089080811,2508
7659.314393997192,2532
7660.311937332153,2544
7661.309003829956,2526
7662.306308746338,2552
7663.30361366272,2522
7664.3030643463135,2504
7665.300369262695,2544
7666.297912597656,2514
7667.294979095459,2516
7668.291807174683,2504
7669.289350509644,2526
7670.286655426025,2542
7671.283960342407,2512
7672.281503677368,2518
7673.278570175171,2482
7674.276113510132,2508
7675.273895263672,2538
7676.271200180054,2510
7677.268505096436,2518
7678.26509475708,2502
7679.290533065796,2518
7680.29260635376,2514
7681.286334991455,2512
7682.283639907837,2488
7683.279991149902,2522
7684.277296066284,2522
7685.245752334595,2538
7686.271905899048,2554
7687.269449234009,2542
7688.267469406128,2518
7689.264535903931,2478
7690.261363983154,2538
7691.230773925781,2536
7692.255735397339,2518
7693.253993988037,2478
7694.250583648682,2510
7695.221662521362,2506
7696.216583251953,2546
7697.21531867981,2558
7698.212385177612,2546
7699.237823486328,2510
7700.205326080322,2502
7701.203107833862,2526
7702.229022979736,2536
7703.226327896118,2480
7704.2248249053955,2478
7705.194473266602,2514
7706.218719482422,2494
7707.216024398804,2546
7708.184003829956,2570
7709.1827392578125,2538
7710.179567337036,2518
7711.177110671997,2546
7712.1741771698,2574
7713.171720504761,2542
7714.196681976318,2528
7715.194225311279,2510
7716.169118881226,2490
7717.160701751709,2518
7718.1878089904785,2542
7719.183683395386,2506
7720.189332962036,2522
7721.178770065308,2530
7722.176551818848,2584
7723.1786251068115,2572
7724.171161651611,2582
7725.168228149414,2524
7726.136684417725,2518
7727.133512496948,2492
7728.132963180542,2512
7729.130983352661,2546
7730.154275894165,2514
7731.151580810547,2488
7732.149124145508,2486
7733.146190643311,2544
7734.149932861328,2534
7735.141277313232,2576
7736.111640930176,2550
7737.138748168945,2512
7738.13533782959,2542
7739.130973815918,2526
7740.127801895142,2506
7741.095781326294,2526
7742.092847824097,2514
7743.0901527404785,2486
7744.087696075439,2506
7745.085000991821,2544
7746.082305908203,2550
7747.079849243164,2558
7748.077154159546,2556
7749.074459075928,2522
7750.07176399231,2518
7751.069068908691,2576
7752.066373825073,2518
7753.063678741455,2510
7754.061222076416,2470
7755.058288574219,2488
7756.05583190918,2494
7757.052898406982,2538
7758.050441741943,2538
7759.047746658325,2510
7760.044813156128,2546
7761.04211807251,2542
7762.03989982605,2542
7763.0369663238525,2554
7764.034271240234,2510
7765.031814575195,2470
7766.029357910156,2452
7767.026424407959,2550
7768.02396774292,2538
7769.021272659302,2540
7770.0183391571045,2550
7771.015644073486,2554
7772.012948989868,2552
7773.06056022644,2534
7774.038314819336,2536
7775.032520294189,2528
7776.031255722046,2514
7777.029752731323,2514
7778.02586555481,2512
7779.022932052612,2606
7780.020236968994,2542
7781.017303466797,2542
7782.0188999176025,2572
7783.011913299561,2542
7784.0094566345215,2528
7785.006999969482,2538
7786.005258560181,2534
7787.001371383667,2502
7787.998914718628,2510
7788.995742797852,2514
7789.996862411499,2458
7790.991306304932,2526
7791.996002197266,2538
7792.994022369385,2574
7793.983936309814,2580
7794.981002807617,2582
7795.979738235474,2578
7796.975612640381,2506
7797.973155975342,2520
7798.970937728882,2536
7799.968719482422,2506
7800.965070724487,2502
7801.9702434539795,2538
7802.960157394409,2512
7803.956985473633,2482
7804.955720901489,2582
7805.958271026611,2542
7806.949138641357,2558
7807.917594909668,2534
7808.943748474121,2514
7809.941053390503,2510
7810.938596725464,2494
7811.935901641846,2494
7812.9332065582275,2456
7813.930988311768,2482
7814.927577972412,2518
7815.9308433532715,2524
7816.903829574585,2590
7817.919731140137,2606
7818.889379501343,2582
7819.887399673462,2538
7820.884227752686,2520
7821.88081741333,2508
7822.878122329712,2514
7823.875427246094,2508
7824.873208999634,2470
7825.869798660278,2514
7826.8678188323975,2512
7827.865123748779,2526
7828.861951828003,2578
7829.859733581543,2558
7830.856800079346,2550
7831.853866577148,2538
7832.851409912109,2558
7833.84895324707,2578
7834.84673500061,2514
7835.843563079834,2490
7836.841344833374,2508
7837.838411331177,2486
7838.8352394104,2514
7839.8332595825195,2526
7840.830087661743,2570
7841.828107833862,2534
7842.824697494507,2524
7843.822717666626,2578
7844.81954574585,2558
7845.816612243652,2542
7846.8146324157715,2506
7847.811937332153,2512
7848.808765411377,2490
7849.806785583496,2494
7850.80361366272,2536
7851.800918579102,2536
7852.797985076904,2526
7853.795289993286,2502
7854.793310165405,2526
7856.786489486694,2598
7857.786655426025,2558
7858.782768249512,2514
7859.780073165894,2492
7860.8057498931885,2508
7860.8057498931885,2516
7861.802339553833,2538
7862.799406051636,2554
7863.797903060913,2506
7864.795446395874,2510
7865.797281265259,2534
7866.7895793914795,2544
7867.786645889282,2534
7868.783712387085,2498
7870.778322219849,2474
7871.776103973389,2482
7872.773170471191,2546
7873.769998550415,2550
7874.772787094116,2514
7875.765800476074,2500
7876.762628555298,2574
7877.760171890259,2552
7878.756999969482,2554
7879.754304885864,2526
7880.751609802246,2534
7881.749153137207,2538
7882.755994796753,2510
7883.750677108765,2510
7884.742021560669,2502
7885.738849639893,2486
7886.735677719116,2494
7887.732982635498,2542
7888.730049133301,2554
7889.728307723999,2578
7890.724897384644,2578
7891.723155975342,2546
7892.719507217407,2538
7893.716812133789,2506
7894.714117050171,2516
7895.712375640869,2480
7896.7125415802,2486
7897.707223892212,2500
7898.70810508728,2502
7899.708986282349,2516
7900.698661804199,2558
7901.695966720581,2606
7902.6939868927,2570
7903.690338134766,2570
7904.6876430511475,2598
7905.690908432007,2582
7906.682968139648,2534
7907.680034637451,2514
7908.677101135254,2544
7909.674644470215,2504
7910.672187805176,2484
7911.640167236328,2550
7912.651538848877,2586
7913.634538650513,2570
7914.632081985474,2618
7915.6293869018555,2606
7916.626691818237,2554
7917.624235153198,2582
7918.62154006958,2554
7919.618844985962,2510
7920.615911483765,2484
7921.6132164001465,2482
7922.610282897949,2556
7923.60782623291,2526
7924.634695053101,2526
7925.605058670044,2550
7926.629543304443,2610
7927.626609802246,2590
7928.630590438843,2588
7929.620981216431,2586
7930.624961853027,2534
7931.615829467773,2514
7932.612895965576,2510
7933.6097240448,2558
7934.607982635498,2526
7935.605049133301,2470
7936.607837677002,2504
7937.602519989014,2556
7938.597202301025,2574
7939.594030380249,2602
7940.592288970947,2542
7941.589593887329,2546
7942.558765411377,2520
7943.556070327759,2542
7944.552898406982,2542
7945.5506801605225,2502
7946.547985076904,2494
7947.545051574707,2502
7948.542833328247,2474
7949.53989982605,2534
7950.537204742432,2554
7951.534748077393,2546
7952.532052993774,2554
7953.529119491577,2520
7954.526424407959,2494
7955.522537231445,2526
7956.519842147827,2538
7957.51690864563,2546
7958.514213562012,2540
7959.511518478394,2570
7960.5090618133545,2550
7961.506366729736,2558
7962.503671646118,2574
7963.500738143921,2582
7964.498281478882,2554
7965.495586395264,2514
7966.4928913116455,2520
7967.490434646606,2514
7968.487501144409,2534
7969.484806060791,2520
7970.482110977173,2518
7971.479654312134,2538
7972.476959228516,2544
7973.4742641448975,2554
7974.471807479858,2554
7975.46911239624,2538
7976.466178894043,2494
7977.463722229004,2518
7978.461027145386,2482
7979.458332061768,2486
7980.45539855957,2476
7981.452941894531,2516
7982.450246810913,2514
7983.447551727295,2552
7984.445095062256,2586
7985.442399978638,2566
7986.4397048950195,2532
7987.437009811401,2548
7988.434553146362,2578
7989.431619644165,2526
7990.428924560547,2514
7991.426467895508,2486
7992.423534393311,2504
7993.420839309692,2492
7994.418144226074,2514
7995.415687561035,2522
7996.412992477417,2546
7997.410297393799,2546
7998.407363891602,2588
7999.405145645142,2574
8000.402212142944,2546
8001.399517059326,2538
8002.397060394287,2502
8003.394365310669,2502
8004.391670227051,2482
8005.3887367248535,2450
8006.386280059814,2470
8007.391691207886,2502
8008.380889892578,2514
8009.378433227539,2554
8010.375738143921,2552
8011.372804641724,2546
8012.370347976685,2558
8013.367652893066,2526
8014.364957809448,2502
8015.36226272583,2478
8016.359806060791,2478
8017.356872558594,2508
8018.354177474976,2516
8019.3517208099365,2550
8020.352840423584,2536
8022.472858428955,2526
8022.472858428955,2550
8023.3705043792725,2542
8024.415731430054,2550
8025.44379234314,2546
8026.53694152832,2504
8027.508497238159,2520
8028.532028198242,2510
8029.536008834839,2486
8030.526399612427,2476
8031.523704528809,2502
8032.52100944519,2510
8033.503293991089,2514
8034.516334533691,2546
8035.514831542969,2526
8036.510229110718,2518
8037.5075340271,2546
8038.505554199219,2538
8039.502143859863,2494
8040.500640869141,2484
8041.500568389893,2502
8042.494535446167,2538
8043.4980392456055,2542
8044.4886684417725,2510
8045.486211776733,2490
8046.483755111694,2526
8047.481060028076,2550
8048.478603363037,2558
8049.448251724243,2516
8050.47345161438,2486
8051.441431045532,2518
8052.438259124756,2510
8053.435802459717,2514
8054.433107376099,2514
8055.4304122924805,2486
8056.446075439453,2478
8057.425260543823,2510
8058.422565460205,2558
8059.419631958008,2526
8060.417175292969,2486
8061.414480209351,2488
8062.411785125732,2522
8063.408851623535,2514
8064.406633377075,2486
8065.403699874878,2500
8066.4050579071045,2506
8067.400932312012,2534
8068.403959274292,2546
8069.394826889038,2574
8070.39213180542,2554
8071.389198303223,2536
8072.386980056763,2558
8073.3842849731445,2542
8074.390172958374,2510
8075.378656387329,2542
8076.37619972229,2502
8077.3773193359375,2510
8078.370809555054,2522
8079.367876052856,2548
8080.365419387817,2566
8081.389427185059,2566
8082.387208938599,2606
8083.3845138549805,2556
8084.381818771362,2542
8085.379838943481,2518
8086.375713348389,2534
8087.374925613403,2522
8088.372468948364,2518
8089.3683433532715,2502
8090.366840362549,2498
8091.341018676758,2590
8092.33283996582,2614
8093.329906463623,2582
8094.327449798584,2576
8095.324516296387,2538
8096.322059631348,2544
8097.320079803467,2552
8098.316431045532,2518
8099.324464797974,2502
8100.311517715454,2490
8101.308584213257,2510
8102.305889129639,2546
8103.302955627441,2552
8104.301452636719,2522
8105.299711227417,2510
8106.295824050903,2570
8107.293128967285,2558
8108.290910720825,2554
8109.287738800049,2524
8110.284805297852,2506
8111.282110214233,2486
8112.279415130615,2462
8113.276958465576,2486
8114.274263381958,2490
8115.27156829834,2510
8116.26935005188,2506
8117.266654968262,2540
8118.263244628906,2542
8119.260787963867,2576
8120.258092880249,2590
8121.255397796631,2532
8122.252941131592,2510
8123.250246047974,2508
8124.247789382935,2598
8125.2453327178955,2522
8126.242637634277,2490
8127.240180969238,2490
8128.236770629883,2494
8129.234075546265,2526
8130.2313804626465,2590
8131.228685379028,2554
8132.22599029541,2516
8133.22377204895,2522
8134.221076965332,2538
8135.218143463135,2534
8136.215925216675,2506
8137.213230133057,2538
8138.21005821228,2488
8139.207363128662,2502
8140.204906463623,2518
8141.2012577056885,2554
8142.199516296387,2524
8143.197536468506,2516
8144.194602966309,2490
8145.191431045532,2514
8146.189212799072,2550
8147.186756134033,2538
8148.183345794678,2518
8149.18065071106,2490
8150.1784324646,2510
8151.175498962402,2514
8152.172565460205,2574
8153.169870376587,2528
8154.167890548706,2528
8155.164957046509,2536
8156.162261962891,2540
8157.160043716431,2570
8158.156871795654,2550
8159.154176712036,2508
8160.151243209839,2520
8161.149024963379,2550
8162.146091461182,2558
8163.1433963775635,2558
8164.140701293945,2478
8165.138244628906,2526
8166.135787963867,2518
8167.133331298828,2534
8168.130159378052,2538
8169.127464294434,2510
8170.124769210815,2478
8171.122312545776,2474
8172.119379043579,2518
8173.11692237854,2504
8174.113988876343,2522
8175.112009048462,2538
8176.138401031494,2550
8177.135229110718,2542
8178.132057189941,2578
8179.129600524902,2534
8180.126428604126,2538
8181.129217147827,2510
8182.121276855469,2520
8183.118581771851,2502
8184.116840362549,2602
8185.113191604614,2504
8186.110734939575,2524
8187.107801437378,2536
8188.105583190918,2546
8189.103364944458,2550
8190.099716186523,2582
8191.069602966309,2578
8192.094564437866,2544
8193.091869354248,2534
8194.08893585205,2512
8195.08671760559,2474
8196.084022521973,2474
8197.080850601196,2494
8198.078632354736,2524
8199.075698852539,2518
8200.07348060608,2522
8201.07126235962,2570
8202.068567276001,2586
8203.065633773804,2582
8204.062700271606,2546
8205.040454864502,2522
8206.058502197266,2538
8207.05509185791,2526
8208.052158355713,2506
8209.049463272095,2514
8210.046768188477,2502
8211.014747619629,2512
8212.011814117432,2550
8213.008880615234,2588
8214.006423950195,2570
8215.003490447998,2586
8216.007232666016,2550
8216.99833869934,2506
8217.995643615723,2558
8218.992948532104,2494
8219.990730285645,2504
8221.015930175781,2474
8222.013235092163,2470
8223.012208938599,2514
8224.008083343506,2526
8225.006341934204,2538
8226.00245475769,2570
8226.999759674072,2552
8227.997064590454,2512
8228.994369506836,2558
8229.991912841797,2554
8230.989694595337,2518
8231.986284255981,2518
8232.96332359314,2524
8233.954906463623,2490
8234.950542449951,2510
8235.947847366333,2574
8236.944913864136,2546
8237.942218780518,2518
8238.9395236969,2550
8239.936828613281,2544
8240.934371948242,2506
8241.931676864624,2518
8242.928981781006,2554
8243.926286697388,2550
8244.92359161377,2520
8245.92113494873,2512
8246.918439865112,2542
8247.915506362915,2518
8248.913049697876,2502
8249.910354614258,2574
8250.911235809326,2526
8253.382921218872,2492
8253.382921218872,2542
8254.435539245605,2536
8255.465030670166,2514
8256.638050079346,2538
8257.667303085327,2570
8258.636236190796,2542
8259.63306427002,2570
8260.630130767822,2552
8261.627674102783,2588
8262.624502182007,2582
8263.65041732788,2546
8264.649152755737,2574
8265.645027160645,2538
8266.616344451904,2518
8267.61245727539,2520
8268.609285354614,2538
8269.606590270996,2484
8270.604372024536,2518
8271.601438522339,2550
8272.59874343872,2596
8273.596286773682,2546
8274.593114852905,2536
8275.591135025024,2558
8276.588439941406,2544
8277.585506439209,2518
8278.58281135559,2490
8279.579877853394,2494
8280.577659606934,2504
8281.57353401184,2494
8282.570600509644,2534
8283.567667007446,2550
8284.564971923828,2640
8285.562515258789,2550
8286.55982017517,2536
8287.557125091553,2556
8288.554191589355,2550
8289.551734924316,2556
8290.549039840698,2486
8291.54658317566,2494
8292.543888092041,2478
8293.541193008423,2494
8294.538497924805,2510
8295.536041259766,2528
8296.533346176147,2514
8297.53041267395,2534
8298.527717590332,2576
8299.525260925293,2590
8300.522565841675,2550
8301.519870758057,2542
8302.51693725586,2510
8303.51448059082,2482
8304.511785507202,2508
8305.509090423584,2506
8306.506395339966,2522
8307.503700256348,2510
8308.50100517273,2532
8309.498310089111,2548
8310.495853424072,2582
8311.493158340454,2586
8312.498569488525,2574
8313.489437103271,2546
8314.486742019653,2546
8315.484523773193,2492
8316.481351852417,2494
8317.479133605957,2522
8318.47620010376,2514
8319.473505020142,2490
8320.470809936523,2534
8321.468114852905,2554
8322.465419769287,2570
8323.462963104248,2574
8324.46002960205,2578
8325.457572937012,2582
8326.454877853394,2510
8327.451944351196,2536
8328.449487686157,2546
8329.447031021118,2550
8330.44409751892,2518
8331.441402435303,2486
8332.439422607422,2518
8333.436012268066,2550
8334.433317184448,2590
8335.431337356567,2586
8336.428165435791,2550
8337.425947189331,2526
8338.797807693481,2510
8338.797807693481,2542
8339.797258377075,2542
8340.794324874878,2544
8341.79162979126,2512
8342.788934707642,2510
8343.786239624023,2542
8344.783782958984,2538
8345.781087875366,2554
8346.778154373169,2542
8347.77545928955,2526
8348.773002624512,2512
8349.770307540894,2522
8351.765155792236,2510
8351.765155792236,2502
8353.75952720642,2514
8354.756832122803,2490
8355.754613876343,2490
8356.751680374146,2546
8357.748985290527,2520
8358.746528625488,2490
8359.771966934204,2454
8360.769271850586,2474
8361.76609992981,2494
8362.76388168335,2470
8363.760948181152,2460
8364.758491516113,2474
8365.758657455444,2482
8366.72568321228,2542
8367.7499294281,2546
8368.746995925903,2528
8369.748592376709,2558
8370.744466781616,2534
8371.739387512207,2606
8372.73645401001,2580
8373.73685836792,2550
8374.731063842773,2520
8375.730752944946,2500
8376.725673675537,2534
8377.723217010498,2552
8378.720998764038,2526
8379.719018936157,2524
8380.715608596802,2586
8381.712913513184,2590
8382.691383361816,2600
8383.707523345947,2536
8384.705305099487,2526
8385.704278945923,2542
8386.70539855957,2480
8387.696981430054,2470
8388.700008392334,2482
8389.692783355713,2502
8390.689373016357,2474
8391.686916351318,2536
8392.68445968628,2554
8393.681526184082,2542
8394.678831100464,2574
8395.650148391724,2598
8396.673917770386,2586
8397.671699523926,2554
8398.66828918457,2528
8399.665832519531,2548
8400.662899017334,2506
8401.659727096558,2486
8402.657747268677,2510
8403.654336929321,2522
8404.651880264282,2550
8405.622720718384,2520
8406.646251678467,2538
8407.643795013428,2526
8408.64109992981,2546
8409.638404846191,2570
8410.640239715576,2586
8411.633014678955,2502
8412.631273269653,2450
8413.6323928833,2502
8414.62516784668,2506
8415.624856948853,2510
8416.619777679443,2486
8417.617559432983,2512
8418.615102767944,2540
8419.615745544434,2554
8420.60923576355,2558
8421.58031463623,2546
8422.604322433472,2534
8423.601388931274,2536
8424.571990966797,2522
8425.596952438354,2504
8426.592826843262,2640
8427.590370178223,2514
8428.588390350342,2512
8429.585933685303,2542
8430.583715438843,2586
8431.580305099487,2546
8432.582378387451,2570
8433.574676513672,2538
8434.571981430054,2526
8435.569524765015,2510
8436.540365219116,2536
8437.563419342041,2544
8438.560485839844,2522
8439.558982849121,2512
8440.556049346924,2510
8441.55478477478,2534
8442.551612854004,2522
8443.548917770386,2520
8444.545984268188,2528
8445.54352760315,2548
8446.54107093811,2518
8447.538137435913,2522
8448.536157608032,2546
8449.506282806396,2538
8450.534343719482,2542
8451.52759552002,2558
8452.524900436401,2578
8453.522682189941,2558
8454.519748687744,2558
8455.517053604126,2550
8456.514358520508,2506
8457.51166343689,2488
8458.50920677185,2510
8459.506511688232,2518
8460.511207580566,2502
8461.501121520996,2502
8462.498664855957,2504
8463.49573135376,2534
8464.492797851562,2536
8465.490579605103,2574
8466.487646102905,2582
8467.45753288269,2524
8468.454599380493,2538
8469.452142715454,2554
8470.449209213257,2550
8471.446514129639,2482
8472.4440574646,2518
8473.441362380981,2534
8474.438905715942,2518
8475.435972213745,2554
8476.433277130127,2606
8477.430582046509,2574
8478.42788696289,2538
8479.425191879272,2586
8480.422496795654,2582
8481.419801712036,2558
8482.417106628418,2522
8483.415603637695,2526
8484.412908554077,2506
8486.467361450195,2510
8486.467361450195,2526
8487.404823303223,2522
8488.480567932129,2522
8489.417314529419,2578
8489.923477172852,2552
8490.92411994934,2584
8491.921424865723,2578
8492.918491363525,2538
8493.916749954224,2490
8494.913339614868,2474
8495.91040611267,2506
8496.90842628479,2474
8497.905254364014,2492
8498.903036117554,2558
8499.900579452515,2506
8500.897884368896,2518
8501.8949508667,2520
8502.892255783081,2542
8503.889560699463,2550
8504.886627197266,2514
8505.883932113647,2498
8506.88099861145,2470
8507.878541946411,2518
8508.875846862793,2482
8509.872674942017,2478
8510.870695114136,2558
8511.86752319336,2526
8512.864828109741,2520
8513.860702514648,2522
8514.857769012451,2586
8515.855312347412,2546
8516.852617263794,2518
8517.849922180176,2522
8518.846988677979,2504
8519.84429359436,2582
8520.841836929321,2504
8521.839141845703,2514
8522.836446762085,2558
8523.833990097046,2554
8524.831295013428,2508
8525.82859992981,2522
8526.825666427612,2554
8527.823209762573,2526
8528.850793838501,2510
8529.847621917725,2510
8530.844926834106,2502
8531.843423843384,2496
8532.811641693115,2522
8533.836603164673,2526
8534.833908081055,2526
8535.831689834595,2538
8536.828756332397,2520
8537.826299667358,2526
8538.824081420898,2554
8539.820909500122,2576
8540.818214416504,2534
8541.816234588623,2538
8542.817831039429,2526
8543.810606002808,2546
8544.811487197876,2510
8545.777797698975,2548
8546.803712844849,2546
8547.799825668335,2546
8548.79641532898,2534
8549.79419708252,2520
8550.792217254639,2542
8551.78952217102,2536
8552.793741226196,2474
8553.783416748047,2506
8555.75180053711,2526
8555.75180053711,2478
8557.745456695557,2490
8558.770418167114,2550
8559.770107269287,2574
8560.765981674194,2554
8561.762809753418,2574
8562.760353088379,2610
8563.756942749023,2582
8564.754009246826,2506
8565.725088119507,2516
8566.74838066101,2510
8567.74616241455,2494
8568.743228912354,2526
8569.740295410156,2544
8570.738315582275,2526
8571.735382080078,2522
8572.732210159302,2576
8573.729753494263,2606
8574.729681015015,2570
8575.697898864746,2534
8576.722145080566,2478
8577.71921157837,2480
8578.716516494751,2518
8579.717636108398,2526
8580.711126327515,2486
8581.709384918213,2450
8582.677125930786,2518
8583.709955215454,2526
8584.700584411621,2590
8585.697889328003,2598
8586.695671081543,2574
8587.693452835083,2538
8588.690042495728,2574
8589.68734741211,2570
8590.684652328491,2534
8591.682434082031,2462
8592.679977416992,2502
8593.676328659058,2534
8594.677925109863,2542
8595.671892166138,2554
8596.669435501099,2556
8597.666263580322,2548
8598.664283752441,2534
8599.631786346436,2548
8600.657939910889,2526
8601.65524482727,2522
8602.652549743652,2490
8603.650331497192,2502
8604.647159576416,2536
8605.644941329956,2506
8606.642484664917,2490
8607.639789581299,2508
8608.636379241943,2510
8609.634160995483,2538
8610.631227493286,2552
8611.628532409668,2558
8612.625360488892,2550
8613.623142242432,2574
8614.620447158813,2550
8615.617990493774,2510
8616.615533828735,2486
8617.612361907959,2514
8618.60966682434,2514
8619.607925415039,2514
8620.604753494263,2526
8621.602296829224,2546
8622.570276260376,2532
8623.5671043396,2510
8624.564170837402,2522
8625.561714172363,2490
8626.559019088745,2482
8627.556324005127,2574
8628.554105758667,2504
8629.579067230225,2504
8630.576372146606,2520
8631.573915481567,2516
8632.57122039795,2534
8633.568525314331,2502
8634.565591812134,2524
8635.563373565674,2502
8636.569023132324,2474
8637.531518936157,2522
8638.52858543396,2514
8639.525890350342,2522
8640.522956848145,2514
8641.530752182007,2520
8642.518281936646,2542
8643.515586853027,2534
8644.513130187988,2522
8645.51043510437,2538
8646.507263183594,2546
8647.505044937134,2514
8648.502349853516,2526
8649.511814117432,2522
8650.496482849121,2514
8651.494026184082,2522
8652.490139007568,2522
8653.487205505371,2510
8654.484510421753,2534
8655.482053756714,2550
8656.479358673096,2582
8657.476425170898,2554
8658.47373008728,2578
8659.471273422241,2518
8660.468578338623,2502
8661.465644836426,2534
8662.462949752808,2504
8663.460731506348,2492
8664.45779800415,2502
8665.455102920532,2500
8666.452646255493,2510
8667.451858520508,2550
8668.44916343689,2570
8669.446229934692,2534
8670.443534851074,2538
8671.440601348877,2554
8672.438144683838,2534
8673.43544960022,2490
8674.43871498108,2478
8675.430536270142,2474
8676.427364349365,2490
8677.424907684326,2506
8678.421974182129,2526
8679.41951751709,2518
8680.416822433472,2486
8681.413888931274,2550
8682.411909103394,2616
8683.408975601196,2558
8684.406042098999,2558
8685.40334701538,2550
8686.4013671875,2482
8687.398195266724,2480
8688.395500183105,2498
8689.392805099487,2514
8690.39011001587,2454
8691.387414932251,2502
8692.384719848633,2558
8693.382024765015,2554
8694.379568099976,2528
8695.377111434937,2558
8696.37417793274,2580
8697.3717212677,2510
8698.396682739258,2514
8699.369430541992,2514
8700.422048568726,2522
8701.388359069824,2484
8702.41117477417,2500
8703.414916992188,2546
8704.380512237549,2534
8705.37805557251,2570
8706.376075744629,2598
8707.37338066101,2554
8708.375930786133,2544
8709.367275238037,2518
8710.365056991577,2518
8711.363077163696,2526
8712.360143661499,2518
8713.35744857788,2490
8714.324951171875,2482
8715.352535247803,2494
8716.32194519043,2506
8717.318058013916,2526
8718.34421157837,2520
8719.341278076172,2506
8720.338821411133,2526
8721.337080001831,2506
8722.332954406738,2538
8723.300695419312,2526
8724.297761917114,2502
8725.295305252075,2494
8726.292371749878,2474
8727.28967666626,2550
8728.286981582642,2550
8729.284763336182,2526
8730.281829833984,2514
8731.279134750366,2534
8732.276439666748,2504
8733.27374458313,2518
8734.271049499512,2524
8735.268354415894,2494
8736.265897750854,2526
8737.263202667236,2546
8738.260269165039,2516
8739.25757408142,2526
8740.255117416382,2550
8741.252422332764,2538
8742.249727249146,2518
8743.247270584106,2510
8744.244575500488,2522
8745.24188041687,2476
8746.239185333252,2514
8747.236490249634,2506
8748.233795166016,2502
8749.231100082397,2546
8750.228643417358,2542
8751.225709915161,2570
8752.223014831543,2586
8753.220319747925,2570
8754.217863082886,2552
8755.215167999268,2574
8756.21247291565,2534
8757.21001625061,2514
8758.207082748413,2508
8759.204626083374,2510
8760.201930999756,2518
8761.199235916138,2550
8762.19654083252,2540
8763.193607330322,2542
8764.190912246704,2550
8765.188455581665,2574
8766.185998916626,2586
8767.183065414429,2558
8768.18037033081,2550
8769.177675247192,2502
8770.174980163574,2474
8771.172523498535,2502
8772.169828414917,2500
8773.167133331299,2526
8774.164199829102,2528
8775.161743164062,2576
8776.159286499023,2550
8777.156591415405,2586
8778.153896331787,2558
8779.151201248169,2582
8780.14850616455,2582
8781.145572662354,2520
8782.143115997314,2540
8783.140420913696,2506
8784.137725830078,2516
8785.135269165039,2526
8786.13257408142,2506
8787.129640579224,2518
8788.126945495605,2534
8789.124488830566,2538
8790.121793746948,2574
8791.11909866333,2550
8792.116165161133,2576
8793.113946914673,2522
8794.111013412476,2522
8795.108318328857,2478
8796.105861663818,2490
8797.1031665802,2522
8798.100471496582,2486
8799.097537994385,2514
8800.095081329346,2490
8801.092386245728,2536
8802.08969116211,2536
8803.08723449707,2584
8804.084539413452,2546
8805.081605911255,2514
8806.079626083374,2534
8807.076454162598,2504
8808.07375907898,2494
8809.071063995361,2514
8810.068368911743,2514
8811.065673828125,2494
8812.063217163086,2518
8813.060522079468,2546
8814.05782699585,2522
8815.055131912231,2514
8816.052436828613,2514
8817.049741744995,2506
8818.047046661377,2534
8819.044351577759,2514
8820.04189491272,2534
8821.039199829102,2506
8822.038888931274,2482
8823.035717010498,2522
8824.03302192688,2538
8825.030088424683,2524
8826.027870178223,2542
8827.025175094604,2570
8828.022003173828,2544
8829.019546508789,2512
8830.01708984375,2522
8831.013917922974,2506
8832.011222839355,2518
8833.009004592896,2526
8834.006071090698,2518
8835.00337600708,2518
8836.0013961792,2534
8836.998462677002,2532
8837.996482849121,2502
8838.992834091187,2538
8839.990139007568,2522
8841.005802154541,2478
8841.984987258911,2502
8842.982053756714,2504
8843.979358673096,2504
8844.976663589478,2490
8845.974922180176,2480
8846.97151184082,2542
8847.968816757202,2552
8848.966121673584,2552
8849.963903427124,2544
8850.959300994873,2520
8851.956605911255,2510
8852.973937988281,2502
8853.951215744019,2538
8854.9485206604,2494
8855.946063995361,2478
8856.943607330322,2510
8857.943296432495,2510
8858.93988609314,2552
8859.9374294281,2570
8860.9619140625,2554
8861.958980560303,2520
8862.956523895264,2570
8863.954305648804,2554
8864.951372146606,2526
8865.948677062988,2502
8867.915868759155,2490
8867.915868759155,2514
8868.940353393555,2518
8869.938850402832,2514
8870.935201644897,2542
8871.937274932861,2534
8872.929811477661,2546
8873.93045425415,2570
8874.925374984741,2586
8875.922441482544,2588
8876.91879272461,2544
8877.917289733887,2518
8878.91411781311,2514
8879.910945892334,2502
8880.908966064453,2510
8881.906270980835,2518
8882.874250411987,2554
8883.90040397644,2544
8884.897947311401,2572
8885.895490646362,2580
8886.892795562744,2556
8887.890338897705,2534
8888.887166976929,2546
8889.885425567627,2534
8890.882730484009,2514
8891.879558563232,2526
8892.876386642456,2508
8893.874883651733,2494
8894.871234893799,2506
8895.869970321655,2554
8896.86632156372,2582
8897.863388061523,2552
8898.861408233643,2542
8899.856805801392,2554
8900.85482597351,2554
8901.851654052734,2506
8902.848958969116,2522
8903.84578704834,2546
8904.8433303833,2492
8905.812740325928,2478
8906.837701797485,2522
8907.808303833008,2554
8908.833265304565,2512
8909.82985496521,2512
8910.82763671875,2542
8911.82541847229,2522
8912.824869155884,2534
8913.819074630737,2548
8914.817571640015,2554
8915.817499160767,2514
8916.811227798462,2490
8917.808532714844,2546
8918.805837631226,2574
8919.803380966187,2522
8920.80020904541,2522
8921.79822921753,2526
8922.795057296753,2540
8924.789905548096,2546
8925.788879394531,2506
8926.78451538086,2506
8927.7822971344,2534
8928.779125213623,2524
8929.749965667725,2490
8930.746078491211,2534
8931.74409866333,2550
8932.74474143982,2534
8933.738231658936,2554
8934.735298156738,2558
8935.733318328857,2518
8936.730146408081,2490
8937.727451324463,2498
8938.724994659424,2490
8939.722299575806,2510
8940.719366073608,2466
8941.716432571411,2490
8942.713975906372,2514
8943.711280822754,2538
8944.708585739136,2538
8945.706129074097,2512
8946.7031955719,2570
8947.702646255493,2536
8948.699474334717,2490
8949.696779251099,2510
8950.69408416748,2512
8951.691627502441,2450
8952.688694000244,2480
8953.685998916626,2490
8954.683303833008,2506
8955.681085586548,2502
8956.677913665771,2574
8957.67593383789,2550
8958.673000335693,2550
8959.670066833496,2586
8960.667133331299,2486
8961.663246154785,2514
8962.660312652588,2506
8963.657855987549,2494
8964.65516090393,2472
8965.652465820312,2502
8966.649770736694,2518
8967.647075653076,2524
8968.644380569458,2556
8969.64168548584,2582
8970.638990402222,2578
8971.636295318604,2578
8972.633600234985,2574
8973.631143569946,2510
8974.628448486328,2510
8975.62575340271,2490
8976.65286064148,2522
8977.649927139282,2522
8978.646993637085,2490
8979.644775390625,2506
8980.642080307007,2528
8981.63890838623,2548
8982.636451721191,2578
8983.633756637573,2578
8984.632968902588,2574
8985.629320144653,2526
8986.627340316772,2534
8987.62321472168,2538
8988.620281219482,2508
8989.617824554443,2478
8990.615129470825,2506
8991.614818572998,2510
8992.610931396484,2526
8993.60704421997,2542
8994.60768699646,2554
8995.602369308472,2522
8996.599435806274,2528
8997.602701187134,2526
8998.594045639038,2554
8999.591588973999,2514
9000.58889389038,2520
9001.585721969604,2550
9002.59017944336,2518
9003.580570220947,2480
9004.584074020386,2550
9005.574941635132,2570
9006.572961807251,2558
9009.15813446045,2570
9009.25898551941,2558
9009.25898551941,2514
9010.292291641235,2546
9011.320114135742,2554
9012.387752532959,2538
9013.416290283203,2514
9014.385223388672,2486
9015.381813049316,2494
9016.407251358032,2524
9017.405271530151,2510
9018.402338027954,2546
9019.399642944336,2514
9020.396947860718,2538
9021.366596221924,2534
9022.391557693481,2490
9023.388862609863,2514
9024.372100830078,2510
9025.383710861206,2506
9026.382684707642,2538
9027.37832069397,2534
9028.37586402893,2538
9029.373168945312,2540
9030.370473861694,2544
9031.368017196655,2552
9032.371997833252,2546
9033.36238861084,2546
9034.360408782959,2538
9035.356998443604,2534
9036.355018615723,2510
9037.322998046875,2518
9038.349390029907,2522
9039.34645652771,2540
9040.345430374146,2558
9041.341066360474,2538
9042.338848114014,2558
9043.337345123291,2538
9044.334173202515,2508
9045.33076286316,2526
9046.30160331726,2506
9047.326803207397,2490
9048.328161239624,2468
9049.319505691528,2498
9050.318717956543,2538
9051.31483078003,2518
9052.31237411499,2538
9053.309440612793,2578
9054.31318283081,2556
9055.308103561401,2534
9056.302070617676,2576
9057.298421859741,2546
9058.29644203186,2524
9059.301137924194,2510
9060.290813446045,2516
9061.26070022583,2526
9062.285423278809,2502
9063.289880752563,2500
9064.280033111572,2510
9065.277338027954,2542
9066.247701644897,2574
9067.243814468384,2574
9068.24016571045,2550
9069.237470626831,2518
9070.264101028442,2486
9071.261167526245,2482
9072.258472442627,2510
9073.25553894043,2500
9074.25332069397,2484
9075.250148773193,2506
9076.247930526733,2492
9077.251434326172,2596
9078.242540359497,2612
9079.240322113037,2574
9080.237627029419,2538
9081.234693527222,2572
9082.231998443604,2544
9083.227634429932,2510
9084.225177764893,2510
9085.222721099854,2524
9086.22145652771,2490
9087.217092514038,2512
9088.214635848999,2554
9089.21194076538,2542
9090.209007263184,2574
9091.179609298706,2554
9092.203617095947,2610
9093.205213546753,2554
9094.198942184448,2570
9095.196008682251,2522
9096.197128295898,2482
9097.190856933594,2514
9098.187685012817,2492
9099.1849899292,2502
9100.186347961426,2514
9101.181268692017,2570
9102.184295654297,2558
9103.179931640625,2538
9104.172945022583,2550
9105.170488357544,2528
9106.169700622559,2534
9107.136011123657,2542
9108.13307762146,2522
9109.130382537842,2542
9110.127687454224,2526
9111.124992370605,2546
9112.122535705566,2514
9113.11960220337,2506
9114.116907119751,2536
9115.114450454712,2546
9116.111755371094,2546
9117.109060287476,2558
9118.106365203857,2518
9119.10343170166,2506
9120.100975036621,2514
9121.098279953003,2514
9122.095584869385,2526
9123.093128204346,2556
9124.090194702148,2518
9125.08773803711,2520
9126.08528137207,2544
9127.082347869873,2546
9128.079652786255,2518
9129.076957702637,2490
9130.077600479126,2514
9131.102323532104,2494
9132.099390029907,2506
9133.068799972534,2506
9134.09423828125,2540
9135.091781616211,2522
9136.088609695435,2550
9137.08519935608,2502
9138.082265853882,2542
9139.079570770264,2518
9140.077114105225,2518
9141.047239303589,2522
9142.072200775146,2518
9143.069982528687,2510
9144.066572189331,2478
9145.063638687134,2482
9146.032333374023,2518
9147.058248519897,2554
9148.055791854858,2570
9149.052619934082,2578
9150.05111694336,2598
9151.047706604004,2542
9152.045011520386,2534
9153.042554855347,2550
9154.039859771729,2506
9155.03740310669,2506
9156.035423278809,2518
9157.032012939453,2486
9158.029794692993,2502
9159.027099609375,2542
9160.023927688599,2598
9160.99214553833,2602
9161.989212036133,2582
9162.986278533936,2588
9163.983583450317,2542
9164.981126785278,2554
9165.978908538818,2550
9166.975736618042,2504
9167.972803115845,2490
9168.970346450806,2486
9169.967651367188,2518
9170.96495628357,2554
9171.96249961853,2598
9172.959566116333,2574
9173.956871032715,2578
9174.954175949097,2610
9175.951719284058,2578
9176.949262619019,2574
9177.946329116821,2582
9178.943634033203,2510
9179.940938949585,2510
9180.938243865967,2532
9181.935787200928,2570
9182.93309211731,2506
9183.930397033691,2542
9184.927463531494,2586
9185.925006866455,2576
9186.922311782837,2576
9187.919616699219,2578
9188.91716003418,2578
9189.914464950562,2546
9190.911531448364,2546
9191.909074783325,2538
9192.906379699707,2518
9193.903684616089,2506
9194.90098953247,2546
9195.898532867432,2554
9196.895599365234,2542
9197.892904281616,2586
9198.890209197998,2570
9199.887752532959,2518
9200.88505744934,2526
9201.882123947144,2542
9202.879428863525,2502
9203.876972198486,2488
9204.874277114868,2486
9205.87158203125,2494
9206.86936378479,2472
9207.866668701172,2442
9208.863496780396,2528
9209.860801696777,2494
9210.858345031738,2466
9211.85564994812,2502
9212.852954864502,2514
9213.850498199463,2446
9214.847564697266,2484
9216.845035552979,2530
9216.845035552979,2490
9217.83995628357,2490
9218.837022781372,2514
9219.834089279175,2550
9220.831632614136,2574
9221.828937530518,2558
9222.840785980225,2550
9223.82378578186,2518
9224.821090698242,2480
9225.818395614624,2538
9226.815700531006,2504
9227.813005447388,2486
9228.81031036377,2490
9229.807615280151,2554
9230.805158615112,2546
9232.799530029297,2554
9233.803510665894,2568
9234.794616699219,2524
9234.794616699219,2526
9235.791683197021,2518
9236.788988113403,2526
9237.786054611206,2490
9238.783597946167,2480
9239.780902862549,2502
9241.775751113892,2506
9242.773532867432,2516
9242.773532867432,2574
9244.767427444458,2548
9244.767427444458,2502
9246.7622756958,2544
9247.759580612183,2538
9248.757123947144,2578
9249.754428863525,2508
9250.751495361328,2462
9251.74880027771,2498
9252.74634361267,2518
9253.743886947632,2526
9254.740953445435,2506
9255.738496780396,2542
9256.735563278198,2582
9257.73310661316,2546
9258.730411529541,2506
9259.727716445923,2578
9260.725021362305,2578
9261.722087860107,2502
9262.719631195068,2514
9263.71693611145,2506
9264.714241027832,2502
9265.711784362793,2506
9266.709089279175,2554
9267.706155776978,2574
9268.70346069336,2586
9269.70100402832,2550
9270.698308944702,2568
9271.695613861084,2580
9272.692680358887,2598
9273.690223693848,2522
9274.68752861023,2522
9275.68507194519,2522
9276.682615280151,2506
9277.679681777954,2522
9278.676986694336,2546
9279.674053192139,2518
9280.6715965271,2490
9281.668901443481,2554
9282.679319381714,2586
9283.663749694824,2570
9284.661054611206,2554
9285.658121109009,2542
9286.655902862549,2502
9287.652969360352,2522
9288.650274276733,2524
9289.647579193115,2510
9290.645122528076,2518
9291.642189025879,2504
9292.63949394226,2570
9293.636798858643,2548
9294.634342193604,2556
9295.631647109985,2572
9296.628952026367,2510
9297.626256942749,2552
9298.62356185913,2600
9299.620866775513,2556
9300.646543502808,2534
9301.644325256348,2524
9302.64139175415,2510
9303.638935089111,2536
9304.640293121338,2558
9305.63497543335,2582
9306.630849838257,2544
9307.6331615448,2538
9308.628559112549,2526
9309.622764587402,2554
9310.619354248047,2514
9311.617374420166,2506
9312.614917755127,2512
9313.61174583435,2522
9314.609050750732,2504
9315.607786178589,2518
9316.603422164917,2546
9317.600965499878,2510
9318.599700927734,2502
9319.595575332642,2534
9320.592880249023,2534
9321.590423583984,2510
9322.587490081787,2502
9323.585033416748,2516
9324.554443359375,2482
9325.581073760986,2514
9326.576948165894,2542
9327.575206756592,2550
9328.571796417236,2540
9329.569339752197,2544
9330.539464950562,2554
9331.56442642212,2508
9332.561016082764,2510
9333.560466766357,2526
9334.554672241211,2510
9335.552215576172,2488
9336.524486541748,2512
9337.550401687622,2500
9338.550567626953,2506
9339.548587799072,2540
9340.545415878296,2582
9341.544151306152,2570
9342.54002571106,2540
9343.531608581543,2548
9344.528913497925,2536
9345.528364181519,2514
9346.523761749268,2478
9347.522020339966,2446
9348.519325256348,2448
9349.496841430664,2514
9350.486516952515,2502
9351.510763168335,2546
9352.508544921875,2580
9353.505373001099,2544
9354.50291633606,2576
9355.500936508179,2586
9356.496810913086,2574
9357.494592666626,2534
9358.492136001587,2528
9359.489679336548,2494
9360.486507415771,2486
9361.484050750732,2518
9362.454652786255,2542
9363.450765609741,2534
9364.447593688965,2582
9365.444898605347,2618
9366.442203521729,2590
9367.43974685669,2574
9368.436813354492,2542
9369.434118270874,2518
9370.431423187256,2512
9371.428966522217,2492
9372.426271438599,2468
9373.42357635498,2474
9374.421119689941,2514
9375.418186187744,2514
9376.415491104126,2494
9377.415657043457,2538
9378.443717956543,2590
9379.435777664185,2554
9380.432844161987,2542
9381.43014907837,2542
9382.427453994751,2534
9383.425235748291,2534
9384.422302246094,2512
9385.419607162476,2522
9386.391401290894,2508
9387.41421699524,2534
9388.412475585938,2542
9389.409303665161,2558
9390.406131744385,2578
9391.404867172241,2526
9392.375230789185,2520
9393.398523330688,2538
9394.396305084229,2542
9395.36738395691,2514
9396.390438079834,2502
9397.388458251953,2522
9398.385524749756,2482
9399.367570877075,2514
9400.379419326782,2534
9401.377439498901,2522
9402.374267578125,2502
9403.371810913086,2494
9404.368877410889,2534
9405.367612838745,2512
9406.36944770813,2546
9407.362461090088,2550
9408.331632614136,2522
9409.356832504272,2502
9410.3524684906,2526
9411.349534988403,2558
9412.348985671997,2554
9413.352251052856,2538
9414.348840713501,2512
9415.340900421143,2512
9416.344404220581,2546
9417.340517044067,2526
9418.333292007446,2490
9419.329166412354,2486
9420.326471328735,2458
9421.324491500854,2494
9422.322273254395,2506
9423.319816589355,2526
9424.31616783142,2502
9425.313472747803,2494
9426.311492919922,2518
9427.309274673462,2534
9428.30491065979,2510
9429.30269241333,2486
9430.299758911133,2486
9431.297779083252,2486
9432.295083999634,2514
9433.291912078857,2542
9434.289693832397,2534
9435.258626937866,2584
9436.284065246582,2544
9437.28256225586,2572
9438.278675079346,2604
9439.249038696289,2590
9440.274000167847,2550
9441.270351409912,2526
9442.267894744873,2540
9443.264961242676,2538
9444.262742996216,2528
9445.259809494019,2574
9446.231365203857,2574
9447.254419326782,2552
9448.251962661743,2538
9449.253797531128,2582
9450.24585723877,2614
9451.244115829468,2596
9452.243566513062,2598
9453.238010406494,2518
9454.236507415771,2508
9455.233335494995,2482
9456.231832504272,2490
9457.227230072021,2494
9458.22548866272,2486
9459.222316741943,2478
9460.219621658325,2490
9461.219549179077,2572
9462.21399307251,2594
9463.211297988892,2574
9464.20955657959,2522
9465.206146240234,2522
9466.176986694336,2518
9467.200994491577,2514
9468.198299407959,2490
9469.19560432434,2478
9470.166683197021,2490
9471.163511276245,2490
9472.160816192627,2542
9473.158121109009,2590
9474.15566444397,2590
9475.152730941772,2550
9476.150512695312,2606
9477.148056030273,2582
9478.145360946655,2550
9479.142427444458,2544
9480.13973236084,2540
9481.137037277222,2514
9482.134819030762,2478
9483.131885528564,2508
9484.129428863525,2534
9485.126495361328,2506
9486.124753952026,2502
9487.121105194092,2594
9488.118648529053,2522
9489.115953445435,2510
9490.82350730896,2526
9490.82350730896,2526
9491.997003555298,2522
9492.995738983154,2498
9493.993282318115,2506
9494.990348815918,2522
9495.988130569458,2522
9496.98519706726,2534
9497.982263565063,2570
9498.979568481445,2558
9499.977111816406,2558
9501.002788543701,2528
9502.000093460083,2522
9502.997636795044,2542
9503.994703292847,2546
9504.992008209229,2506
9505.98931312561,2532
9506.986856460571,2586
9507.984399795532,2526
9508.981466293335,2550
9509.979486465454,2570
9510.976791381836,2522
9511.978149414062,2484
9512.97116279602,2506
9513.968467712402,2518
9514.965772628784,2494
9515.936613082886,2486
9516.93320274353,2506
9517.930507659912,2530
9518.927812576294,2524
9519.925117492676,2550
9520.922660827637,2540
9521.91972732544,2544
9522.9172706604,2522
9523.914813995361,2512
9524.912118911743,2544
9525.909185409546,2522
9526.906967163086,2494
9527.904033660889,2506
9528.90157699585,2512
9529.898881912231,2556
9530.896186828613,2582
9531.89492225647,2598
9532.891035079956,2590
9533.915519714355,2606
9534.913301467896,2584
9535.910606384277,2542
9536.879062652588,2526
9537.905216217041,2510
9538.902997970581,2478
9539.900064468384,2486
9540.898561477661,2518
9541.894912719727,2546
9542.89197921753,2506
9543.889045715332,2518
9544.890642166138,2546
9545.884132385254,2570
9546.881675720215,2622
9547.879219055176,2548
9548.880577087402,2574
9549.873113632202,2512
9550.870656967163,2474
9551.867961883545,2478
9552.864789962769,2502
9553.862571716309,2522
9554.859638214111,2538
9555.857419967651,2514
9556.854486465454,2526
9557.825326919556,2542
9558.849334716797,2554
9559.846878051758,2538
9560.84394454956,2522
9561.841487884521,2488
9562.811136245728,2454
9563.807964324951,2454
9564.805269241333,2538
9565.803050994873,2494
9566.800355911255,2454
9567.797183990479,2470
9568.794965744019,2534
9569.792032241821,2582
9570.789337158203,2546
9572.783946990967,2534
9573.781251907349,2544
9574.779033660889,2514
9575.77657699585,2508
9576.773405075073,2528
9577.797412872314,2526
9578.794956207275,2490
9579.79416847229,2536
9580.789804458618,2580
9581.786632537842,2578
9582.763671875,2590
9583.786725997925,2558
9584.781408309937,2578
9585.776329040527,2580
9586.745738983154,2522
9587.774991989136,2510
9588.768720626831,2522
9589.765787124634,2510
9590.763568878174,2502
9591.733694076538,2512
9592.761039733887,2518
9593.75548362732,2514
9594.752311706543,2512
9595.74842453003,2522
9596.744060516357,2490
9597.74374961853,2502
9598.77610206604,2514
9599.73955154419,2518
9600.737571716309,2514
9601.738214492798,2538
9602.73265838623,2532
9603.731870651245,2522
9604.725360870361,2550
9605.725049972534,2526
9606.722831726074,2548
9607.702732086182,2546
9608.717203140259,2502
9609.685897827148,2522
9610.682725906372,2538
9611.680030822754,2504
9612.677335739136,2502
9613.674879074097,2526
9614.6719455719,2522
9615.66972732544,2526
9616.667032241821,2542
9617.664098739624,2546
9618.661165237427,2574
9619.658470153809,2574
9620.656251907349,2522
9621.653318405151,2542
9622.650623321533,2510
9623.648166656494,2492
9624.645709991455,2494
9625.643730163574,2538
9626.63984298706,2558
9627.637386322021,2532
9628.634691238403,2548
9629.631996154785,2558
9630.629539489746,2550
9631.626605987549,2542
9632.647275924683,2546
9633.621454238892,2502
9634.618520736694,2476
9635.616302490234,2502
9636.613368988037,2488
9637.61043548584,2470
9638.6079788208,2474
9639.605522155762,2482
9640.602588653564,2550
9641.600131988525,2554
9642.597436904907,2588
9643.59450340271,2546
9644.591808319092,2502
9645.589351654053,2500
9646.586656570435,2494
9647.583723068237,2482
9648.581504821777,2490
9649.579048156738,2474
9650.576114654541,2482
9651.573657989502,2544
9652.570724487305,2582
9653.568029403687,2570
9654.576063156128,2532
9655.563831329346,2582
9656.559944152832,2586
9657.557249069214,2598
9658.555030822754,2524
9659.552097320557,2482
9660.549402236938,2458
9661.546468734741,2482
9662.544250488281,2510
9663.541316986084,2502
9664.538621902466,2526
9665.536165237427,2494
9666.533708572388,2518
9667.53077507019,2542
9668.528079986572,2574
9669.526100158691,2534
9670.522689819336,2486
9671.519994735718,2522
9672.517538070679,2512
9673.514604568481,2482
9674.511909484863,2498
9675.524711608887,2526
9676.507234573364,2542
9677.50358581543,2502
9678.529739379883,2510
9679.526567459106,2516
9680.524349212646,2514
9681.52117729187,2522
9682.518005371094,2526
9683.516025543213,2488
9684.513092041016,2490
9685.496091842651,2462
9686.479806900024,2502
9687.505006790161,2546
9688.506126403809,2518
9689.499378204346,2494
9690.497636795044,2558
9691.494464874268,2554
9692.49176979065,2526
9693.488836288452,2522
9694.4580078125,2518
9695.456981658936,2502
9696.480989456177,2474
9697.478294372559,2530
9698.476076126099,2554
9699.473142623901,2538
9700.470209121704,2514
9701.467514038086,2522
9702.466249465942,2544
9703.463077545166,2544
9704.460382461548,2522
9705.43885231018,2586
9706.454992294312,2522
9707.451581954956,2474
9708.463907241821,2478
9709.44619178772,2538
9710.444450378418,2550
9711.441278457642,2538
9712.438821792603,2538
9713.436126708984,2560
9714.433431625366,2598
9715.431690216064,2526
9716.427564620972,2538
9717.437267303467,2532
9718.430280685425,2510
9719.419717788696,2514
9720.437288284302,2510
9721.414566040039,2490
9722.41187095642,2534
9723.408937454224,2570
9724.391222000122,2570
9725.404500961304,2556
9726.374387741089,2556
9727.402687072754,2526
9728.395938873291,2522
9729.408502578735,2522
9730.390071868896,2510
9731.360673904419,2486
9732.385873794556,2474
9733.356714248657,2482
9734.379529953003,2514
9735.350847244263,2554
9736.374855041504,2570
9737.373352050781,2558
9738.369703292847,2540
9739.36676979065,2522
9740.36455154419,2510
9741.340637207031,2514
9742.359638214111,2508
9743.355751037598,2484
9744.354724884033,2474
9745.351552963257,2518
9746.350049972534,2510
9747.345209121704,2526
9748.344421386719,2568
9749.318599700928,2554
9750.309228897095,2538
9751.335382461548,2522
9752.332925796509,2578
9753.329277038574,2514
9754.326820373535,2454
9755.323886871338,2478
9756.322622299194,2486
9757.320165634155,2460
9758.316040039062,2470
9759.320259094238,2504
9760.311365127563,2546
9761.298894882202,2550
9762.276411056519,2542
9763.302564620972,2544
9764.300346374512,2550
9765.297412872314,2522
9766.267538070679,2514
9767.292737960815,2488
9768.288850784302,2490
9769.29259300232,2490
9770.283460617065,2482
9771.281480789185,2510
9772.278547286987,2542
9773.27585220337,2554
9774.277687072754,2546
9775.277376174927,2538
9776.26895904541,2502
9777.263641357422,2514
9778.260946273804,2546
9779.258966445923,2510
9780.256271362305,2510
9781.253576278687,2544
9782.25064277649,2518
9783.24818611145,2534
9784.245252609253,2542
9785.21466255188,2538
9786.240100860596,2522
9787.237644195557,2540
9788.235902786255,2556
9789.2324924469,2542
9790.229320526123,2512
9791.199445724487,2518
9792.224168777466,2514
9794.193267822266,2518
9794.193267822266,2576
9795.218467712402,2546
9797.18279838562,2534
9797.18279838562,2544
9798.20990562439,2576
9799.206733703613,2574
9800.203561782837,2548
9801.200866699219,2542
9802.199840545654,2544
9803.195476531982,2506
9804.193258285522,2526
9805.18913269043,2556
9806.16044998169,2518
9807.184219360352,2522
9808.154106140137,2512
9809.178352355957,2502
9810.177087783813,2470
9811.172723770142,2456
9812.17074394226,2470
9813.167810440063,2468
9814.165115356445,2442
9815.163612365723,2454
9816.133260726929,2480
9817.15726852417,2502
9818.154573440552,2546
9819.153547286987,2512
9820.150136947632,2522
9821.147918701172,2554
9822.145223617554,2546
9823.143243789673,2590
9824.139833450317,2546
9825.13689994812,2522
9826.107740402222,2524
9827.131748199463,2518
9828.129529953003,2522
9829.126358032227,2558
9830.123901367188,2558
9831.120729446411,2536
9832.11874961853,2606
9833.116054534912,2622
9834.113359451294,2608
9835.111141204834,2578
9836.107730865479,2554
9837.105989456177,2486
9838.10305595398,2494
9839.072465896606,2506
9840.06953239441,2526
9841.0804271698,2478
9842.064142227173,2486
9843.061447143555,2506
9844.058752059937,2572
9845.056056976318,2590
9846.053123474121,2526
9847.050905227661,2526
9848.047971725464,2542
9849.045276641846,2526
9850.042581558228,2484
9851.040124893188,2526
9852.03742980957,2500
9853.034496307373,2474
9854.032039642334,2526
9855.042934417725,2574
9856.027603149414,2534
9857.025146484375,2514
9858.021259307861,2542
9859.018564224243,2578
9860.016107559204,2534
9861.013412475586,2534
9862.010717391968,2522
9863.00778388977,2490
9864.005327224731,2478
9865.002870559692,2486
9866.016387939453,2508
9866.997241973877,2512
9867.994785308838,2552
9868.99209022522,2572
9870.017051696777,2542
9871.014595031738,2534
9872.012376785278,2506
9873.009204864502,2548
9874.006271362305,2546
9874.974727630615,2514
9875.971555709839,2544
9876.9690990448,2502
9877.966165542603,2522
9878.963708877563,2514
9879.960775375366,2534
9880.958318710327,2548
9881.955623626709,2552
9882.95292854309,2554
9885.568857192993,2532
9885.568857192993,2512
9885.945081710815,2512
9887.445211410522,2538
9887.947797775269,2500
9889.449119567871,2508
9890.44737815857,2550
9891.444444656372,2538
9892.442226409912,2518
9893.439531326294,2550
9894.436597824097,2538
9895.434141159058,2544
9896.43144607544,2494
9897.428512573242,2510
9898.426055908203,2500
9899.423360824585,2510
9900.421142578125,2550
9901.447057723999,2570
9902.445554733276,2518
9903.440713882446,2546
9904.438495635986,2558
9905.409574508667,2582
9906.43286705017,2574
9907.430648803711,2536
9908.427238464355,2518
9909.425020217896,2510
9910.422563552856,2506
9911.41963005066,2544
9912.41717338562,2522
9913.414239883423,2522
9914.411783218384,2578
9915.408849716187,2574
9916.380167007446,2608
9917.377233505249,2534
9918.373823165894,2552
9919.391632080078,2538
9920.369386672974,2514
9921.366691589355,2490
9922.363758087158,2474
9923.36106300354,2478
9924.367427825928,2506
9925.355672836304,2486
9926.352977752686,2526
9927.350759506226,2518
9928.34734916687,2538
9929.34513092041,2538
9930.342197418213,2558
9931.3383102417,2588
9932.335376739502,2556
9933.332681655884,2538
9934.329986572266,2490
9935.327291488647,2518
9936.32459640503,2514
9937.32213973999,2516
9938.319444656372,2542
9939.316511154175,2570
9940.314054489136,2546
9941.311359405518,2550
9942.3086643219,2590
9943.305969238281,2570
9944.303274154663,2526
9945.300817489624,2488
9946.327209472656,2472
9947.323560714722,2452
9948.322057723999,2478
9949.315309524536,2474
9950.315237045288,2506
9951.314449310303,2510
9952.31032371521,2506
9953.309059143066,2538
9954.30874824524,2552
9955.301761627197,2546
9956.274032592773,2540
9957.296371459961,2538
9958.294153213501,2546
9959.294557571411,2502
9960.289239883423,2518
9961.278915405273,2570
9962.256908416748,2522
9963.254928588867,2526
9964.252233505249,2532
9965.250253677368,2578
9966.24779701233,2554
9967.244386672974,2542
9968.241214752197,2526
9969.238758087158,2526
9970.23630142212,2516
9971.23384475708,2558
9972.230672836304,2528
9973.227977752686,2518
9974.225044250488,2534
9975.22258758545,2538
9976.218700408936,2550
9977.21552848816,2598
9978.214740753174,2606
9979.211807250977,2542
9980.20887374878,2594
9981.20641708374,2614
9982.203722000122,2598
9983.201026916504,2574
9984.198570251465,2574
9985.196352005005,2606
9986.193180084229,2590
9987.19072341919,2582
9988.187551498413,2582
9989.184856414795,2546
9990.182399749756,2538
9991.179466247559,2546
9992.177486419678,2574
9993.17455291748,2546
9994.171619415283,2486
9995.169162750244,2458
9996.166944503784,2502
9997.163772583008,2538
9998.16083908081,2484
9999.158143997192,2454
10000.155925750732,2478
10001.152992248535,2480
10002.150535583496,2502
10003.146409988403,2488
10004.143476486206,2504
10005.140542984009,2426
10006.13784790039,2422
10007.136583328247,2490
10008.13364982605,2478
10009.130239486694,2486
10010.127782821655,2518
10011.125087738037,2538
10012.122392654419,2522
10013.119220733643,2524
10014.116764068604,2518
10015.114068984985,2542
10016.111612319946,2518
10017.109155654907,2454
10018.10598373413,2510
10019.103288650513,2518
10020.100593566895,2526
10021.098136901855,2526
10022.095203399658,2554
10023.09274673462,2532
10024.089813232422,2556
10025.087594985962,2552
10026.084899902344,2586
10027.081966400146,2578
10028.079509735107,2514
10029.07657623291,2486
10030.073881149292,2486
10031.071186065674,2514
10032.068729400635,2512
10033.075332641602,2484
10034.06310081482,2510
10035.06064414978,2576
10036.058187484741,2534
10037.055253982544,2520
10038.053035736084,2608
10039.050102233887,2574
10040.04716873169,2542
10041.054964065552,2546
10042.042255401611,2546
10043.039321899414,2542
10044.036626815796,2526
10045.034408569336,2514
10046.032428741455,2528
10047.029495239258,2574
10048.026084899902,2594
10049.023389816284,2574
10050.020694732666,2596
10051.017999649048,2604
10052.01506614685,2586
10053.012609481812,2558
10054.010152816772,2570
10055.007219314575,2538
10056.005001068115,2502
10057.002067565918,2518
10058.000087738037,2542
10058.996438980103,2522
10059.993982315063,2510
10060.991287231445,2538
10061.988592147827,2570
10062.986135482788,2512
10063.98320198059,2554
10064.980506896973,2526
10065.978050231934,2504
10066.975355148315,2494
10067.972898483276,2482
10068.96996498108,2458
10069.967985153198,2466
10070.964574813843,2454
10071.961879730225,2506
10072.959184646606,2538
10073.956727981567,2526
10074.95403289795,2526
10075.951099395752,2518
10076.948642730713,2510
10077.945947647095,2550
10078.943252563477,2522
10079.940557479858,2506
10080.93810081482,2502
10081.935405731201,2510
10082.932710647583,2538
10083.930015563965,2554
10084.955930709839,2550
10085.9534740448,2522
10086.950540542603,2490
10087.947368621826,2526
10088.944435119629,2524
10089.94197845459,2540
10091.914176940918,2508
10091.914176940918,2522
10092.907428741455,2542
10093.904495239258,2532
10094.90156173706,2556
10095.898389816284,2572
10096.896648406982,2574
10097.893714904785,2554
10099.888324737549,2534
10099.888324737549,2554
10101.882934570312,2544
10102.880001068115,2518
10102.880001068115,2526
10104.875087738037,2522
10104.875087738037,2542
10105.87191581726,2528
10106.870412826538,2594
10107.866048812866,2606
10108.864545822144,2608
10109.861612319946,2586
10110.859155654907,2542
10111.856460571289,2542
10112.853527069092,2512
10113.850831985474,2520
10115.846395492554,2500
10116.843461990356,2482
10116.843461990356,2510
10117.840766906738,2514
10118.837594985962,2522
10119.834899902344,2542
10120.832204818726,2522
10121.829748153687,2536
10122.827053070068,2490
10123.82435798645,2480
10124.82213973999,2514
10125.818490982056,2492
10126.816749572754,2450
10127.814292907715,2486
10128.811120986938,2478
10130.805253982544,2472
10131.803274154663,2508
10132.800579071045,2542
10133.797645568848,2542
10134.795427322388,2544
10135.791778564453,2598
10136.79027557373,2574
10137.787103652954,2526
10138.784408569336,2518
10139.781951904297,2486
10140.7790184021,2478
10141.776084899902,2472
10142.773628234863,2492
10143.771171569824,2500
10144.801616668701,2538
10145.76506614685,2550
10146.763324737549,2526
10147.78995513916,2550
10148.793458938599,2538
10149.783372879028,2526
10150.783061981201,2498
10151.781797409058,2502
10152.775526046753,2502
10153.773069381714,2484
10154.77705001831,2494
10155.767679214478,2514
10156.76474571228,2522
10157.734394073486,2522
10158.759593963623,2520
10159.756660461426,2538
10160.754919052124,2538
10161.751747131348,2544
10162.74905204773,2546
10163.745880126953,2526
10164.743900299072,2478
10165.740251541138,2462
10166.738510131836,2486
10167.73533821106,2514
10168.73288154602,2510
10169.730186462402,2526
10170.727491378784,2512
10171.730995178223,2534
10172.721862792969,2538
10173.71940612793,2534
10174.71718788147,2526
10175.714254379272,2550
10176.71275138855,2490
10177.709102630615,2486
10178.706645965576,2506
10179.70323562622,2526
10180.701732635498,2542
10181.702136993408,2524
10182.666540145874,2524
10183.692932128906,2512
10184.68976020813,2518
10185.687065124512,2526
10186.684608459473,2524
10187.685251235962,2478
10188.679456710815,2480
10189.679622650146,2494
10190.67406654358,2522
10191.674947738647,2534
10192.668676376343,2520
10193.665742874146,2510
10194.669961929321,2518
10195.66822052002,2502
10196.65789604187,2506
10197.655439376831,2510
10198.65369796753,2490
10199.649810791016,2484
10200.647592544556,2502
10201.645374298096,2508
10202.641725540161,2534
10203.638792037964,2538
10204.637289047241,2574
10205.633878707886,2586
10206.631183624268,2542
10207.629919052124,2560
10208.62603187561,2552
10209.624528884888,2556
10210.620880126953,2544
10211.618661880493,2526
10212.615489959717,2526
10213.61231803894,2522
10214.613199234009,2510
10215.609312057495,2534
10216.604948043823,2542
10217.601776123047,2554
10218.599796295166,2586
10219.597339630127,2598
10220.593690872192,2526
10221.59218788147,2478
10222.588777542114,2502
10223.585844039917,2486
10224.583387374878,2472
10225.581884384155,2444
10226.584672927856,2502
10227.575302124023,2512
10228.573083877563,2508
10229.570388793945,2558
10230.567455291748,2558
10231.564283370972,2510
10232.562065124512,2538
10233.532190322876,2522
10234.556913375854,2526
10235.554218292236,2488
10236.551284790039,2482
10238.35039138794,2510
10238.52276802063,2526
10239.553928375244,2550
10240.713596343994,2552
10241.653442382812,2542
10242.18726158142,2574
10243.23034286499,2594
10244.212627410889,2606
10245.218276977539,2542
10246.207237243652,2526
10247.205018997192,2510
10248.201847076416,2514
10249.199151992798,2486
10250.196695327759,2528
10251.194477081299,2522
10252.19178199768,2518
10253.16071510315,2522
10254.157781600952,2576
10255.155086517334,2588
10256.153583526611,2578
10257.150173187256,2578
10258.1467628479,2538
10259.143590927124,2550
10260.140657424927,2512
10261.137962341309,2520
10262.13526725769,2538
10263.132572174072,2506
10264.129877090454,2506
10265.127420425415,2556
10266.124486923218,2532
10267.122030258179,2536
10268.11933517456,2518
10269.116640090942,2482
10270.113945007324,2482
10271.111249923706,2504
10272.108554840088,2522
10273.10585975647,2458
10274.10340309143,2526
10275.100469589233,2506
10276.098012924194,2490
10277.095556259155,2494
10278.092622756958,2536
10279.08992767334,2534
10280.087232589722,2480
10281.084537506104,2484
10282.114267349243,2502
10283.108711242676,2510
10284.109115600586,2502
10285.074472427368,2534
10286.100625991821,2486
10287.098407745361,2502
10288.09928894043,2490
10289.092302322388,2558
10290.089845657349,2522
10291.059970855713,2502
10292.09280014038,2512
10293.08271408081,2526
10294.079065322876,2486
10295.076608657837,2482
10296.075105667114,2526
10297.072649002075,2518
10298.068761825562,2510
10299.067258834839,2536
10300.035238265991,2598
10301.036834716797,2578
10302.02865600586,2526
10303.025960922241,2546
10304.023265838623,2550
10305.020809173584,2508
10306.021928787231,2482
10307.015419006348,2502
10308.012962341309,2514
10309.01026725769,2538
10310.007333755493,2526
10311.004638671875,2538
10312.001943588257,2554
10312.999248504639,2574
10313.99655342102,2554
10314.993858337402,2546
10315.995454788208,2574
10316.988706588745,2542
10317.985773086548,2506
10318.983316421509,2512
10319.98062133789,2512
10320.977926254272,2514
10321.975231170654,2534
10322.972536087036,2534
10323.969841003418,2574
10324.9671459198,2594
10325.96468925476,2576
10326.961994171143,2570
10327.959299087524,2588
10328.956365585327,2538
10329.953908920288,2478
10330.954551696777,2510
10331.966876983643,2482
10332.974433898926,2482
10333.972215652466,2482
10334.96904373169,2500
10335.96658706665,2514
10336.936235427856,2538
10337.963581085205,2550
10338.958501815796,2582
10339.956045150757,2582
10340.95311164856,2546
10341.954708099365,2524
10342.947721481323,2518
10343.945264816284,2524
10344.942092895508,2514
10345.940828323364,2510
10346.91071510315,2554
10347.934007644653,2570
10348.931789398193,2558
10349.963903427124,2574
10350.926637649536,2610
10351.92346572876,2574
10352.9212474823,2514
10353.91902923584,2534
10354.917287826538,2548
10355.88788986206,2504
10356.88328742981,2482
10357.908964157104,2508
10358.910322189331,2514
10359.904050827026,2508
10361.86933517456,2538
10361.86933517456,2538
10362.895727157593,2542
10363.892793655396,2554
10364.89462852478,2520
10365.889549255371,2550
10366.8851852417,2546
10367.884397506714,2512
10368.880033493042,2540
10369.876861572266,2544
10370.88131904602,2588
10371.872425079346,2550
10372.868299484253,2552
10373.865842819214,2554
10374.865531921387,2526
10375.861883163452,2548
10376.857995986938,2546
10377.855777740479,2534
10378.852844238281,2506
10379.850625991821,2546
10380.84864616394,2554
10382.81536102295,2554
10382.81536102295,2558
10383.83960723877,2554
10384.837627410889,2546
10386.801958084106,2550
10386.801958084106,2534
10387.799263000488,2514
10388.79656791687,2494
10389.793872833252,2514
10391.788482666016,2470
10392.786026000977,2494
10393.783330917358,2526
10394.780397415161,2538
10395.778179168701,2510
10396.775245666504,2538
10397.772550582886,2558
10398.769855499268,2552
10399.767398834229,2550
10400.764465332031,2526
10401.761770248413,2522
10402.759552001953,2502
10403.757095336914,2474
10404.782056808472,2502
10405.781030654907,2512
10406.776905059814,2506
10407.747745513916,2582
10408.744096755981,2574
10409.740686416626,2586
10410.737991333008,2554
10411.73505783081,2578
10412.732362747192,2554
10413.729906082153,2506
10414.727210998535,2510
10415.724754333496,2522
10416.722059249878,2478
10417.71936416626,2490
10418.716430664062,2522
10419.713735580444,2550
10420.711278915405,2554
10421.708583831787,2584
10422.705888748169,2572
10423.703908920288,2538
10424.70097541809,2526
10425.727367401123,2486
10426.724672317505,2506
10427.72126197815,2486
10428.720712661743,2482
10429.716348648071,2474
10430.712699890137,2470
10431.710958480835,2510
10432.701587677002,2534
10433.70532989502,2522
10434.70311164856,2546
10435.702800750732,2598
10436.696529388428,2558
10437.694311141968,2510
10438.665866851807,2518
10439.66269493103,2514
10440.659999847412,2502
10441.657304763794,2490
10442.654848098755,2492
10443.651914596558,2518
10444.64921951294,2536
10445.6467628479,2546
10446.64454460144,2548
10447.641134262085,2578
10448.638200759888,2550
10449.635982513428,2550
10450.63304901123,2542
10451.630115509033,2550
10452.627658843994,2506
10453.624963760376,2534
10454.638719558716,2512
10455.617904663086,2534
10456.615209579468,2572
10457.61251449585,2576
10458.61005783081,2578
10459.607124328613,2536
10460.604429244995,2558
10461.601734161377,2554
10462.599277496338,2542
10463.59658241272,2508
10464.593648910522,2520
10465.591192245483,2526
10466.588497161865,2502
10467.585802078247,2502
10468.58286857605,2524
10469.58065032959,2534
10470.57843208313,2520
10471.575260162354,2526
10472.572565078735,2508
10473.569869995117,2494
10474.567174911499,2502
10475.56447982788,2516
10476.562023162842,2514
10477.559089660645,2518
10478.556394577026,2546
10479.553937911987,2542
10480.55124282837,2560
10481.548547744751,2588
10482.546091079712,2572
10483.543157577515,2534
10484.540462493896,2550
10485.577583312988,2554
10486.565589904785,2526
10487.56194114685,2502
10488.559246063232,2512
10489.557027816772,2570
10490.556955337524,2570
10491.551399230957,2558
10492.552280426025,2550
10493.54600906372,2590
10494.543552398682,2510
10495.540380477905,2532
10496.542692184448,2506
10497.535467147827,2486
10498.532772064209,2428
10499.502182006836,2454
10500.527143478394,2490
10501.525163650513,2462
10502.523183822632,2502
10503.519296646118,2582
10504.5166015625,2538
10505.515098571777,2502
10506.511211395264,2514
10507.508993148804,2526
10508.505821228027,2504
10509.503364562988,2476
10510.50066947937,2488
10511.497974395752,2472
10512.495756149292,2446
10513.492345809937,2494
10514.492511749268,2540
10515.458106994629,2522
10516.48473739624,2544
10517.482042312622,2550
10518.479108810425,2554
10519.476413726807,2544
10520.480871200562,2542
10521.471500396729,2506
10522.469282150269,2494
10523.471593856812,2478
10524.435043334961,2486
10525.433540344238,2486
10526.458024978638,2498
10527.45509147644,2536
10528.452634811401,2534
10529.456615447998,2524
10530.447959899902,2570
10531.444787979126,2606
10532.443046569824,2534
10533.441066741943,2514
10534.436702728271,2538
10535.447359085083,2526
10536.43250465393,2522
10537.445545196533,2510
10538.42568397522,2534
10539.42346572876,2546
10540.420770645142,2542
10541.418552398682,2582
10542.44613647461,2574
10543.412685394287,2506
10544.40975189209,2538
10545.408487319946,2546
10546.405792236328,2542
10547.402381896973,2522
10548.399448394775,2508
10549.369096755981,2494
10550.397634506226,2474
10551.39136314392,2494
10552.388668060303,2546
10553.385972976685,2502
10554.383754730225,2506
10555.383205413818,2518
10556.37812614441,2574
10557.376384735107,2572
10558.372974395752,2522
10559.370756149292,2534
10560.367107391357,2522
10561.364889144897,2534
10562.36219406128,2550
10563.359498977661,2586
10564.35751914978,2550
10565.35530090332,2528
10566.351175308228,2538
10567.348957061768,2548
10568.347454071045,2558
10569.344520568848,2512
10570.340633392334,2526
10571.338176727295,2526
10572.335720062256,2520
10573.3323097229,2538
10574.30100440979,2546
10575.334548950195,2512
10576.324701309204,2490
10577.321767807007,2556
10578.326225280762,2534
10579.318523406982,2516
10580.315589904785,2490
10581.311464309692,2512
10582.309246063232,2514
10583.306074142456,2500
10584.304332733154,2492
10585.30068397522,2518
10586.29846572876,2550
10587.295532226562,2544
10588.292360305786,2590
10589.290142059326,2572
10590.287208557129,2580
10591.28475189209,2598
10592.282056808472,2528
10593.279600143433,2508
10594.247579574585,2512
10595.244646072388,2506
10596.242189407349,2494
10597.239255905151,2500
10598.236560821533,2514
10599.233865737915,2542
10600.231170654297,2534
10601.2282371521,2526
10602.22601890564,2544
10603.223085403442,2522
10604.220390319824,2484
10605.217933654785,2486
10606.215476989746,2476
10607.212543487549,2516
10608.209609985352,2446
10609.207391738892,2506
10610.204458236694,2518
10611.201763153076,2542
10612.199306488037,2554
10613.19637298584,2594
10614.193677902222,2526
10615.190982818604,2544
10616.191625595093,2536
10617.185831069946,2474
10618.183135986328,2506
10619.18044090271,2486
10620.17798423767,2494
10621.175050735474,2490
10622.172355651855,2506
10623.169898986816,2534
10624.167442321777,2554
10625.164270401001,2522
10626.16229057312,2552
10627.159357070923,2542
10628.156661987305,2534
10629.153728485107,2546
10630.179405212402,2526
10631.176471710205,2502
10632.174730300903,2488
10633.171081542969,2426
10634.169340133667,2504
10635.168075561523,2538
10636.162757873535,2526
10637.160778045654,2526
10638.158082962036,2544
10639.155149459839,2538
10640.125036239624,2536
10641.121864318848,2538
10642.11916923523,2482
10643.11671257019,2494
10644.114017486572,2526
10645.111322402954,2518
10646.108865737915,2486
10647.106170654297,2518
10648.1032371521,2534
10649.100303649902,2526
10650.097608566284,2542
10651.095151901245,2546
10652.092456817627,2526
10653.089761734009,2514
10654.08730506897,2534
10655.084371566772,2536
10656.082153320312,2524
10657.078981399536,2518
10658.076524734497,2514
10659.073829650879,2518
10660.07113456726,2548
10661.068439483643,2542
10662.065744400024,2522
10663.063049316406,2526
10664.060354232788,2516
10665.057897567749,2446
10666.061639785767,2534
10667.052268981934,2514
10668.049812316895,2486
10669.047117233276,2512
10670.044422149658,2534
10671.04172706604,2510
10672.039270401001,2518
10673.036336898804,2538
10674.033880233765,2522
10675.031185150146,2514
10676.028490066528,2488
10677.02579498291,2482
10678.023338317871,2482
10679.020404815674,2500
10680.017709732056,2502
10681.015014648438,2538
10682.012557983398,2526
10683.00986289978,2550
10684.006929397583,2552
10685.004234313965,2596
10686.002254486084,2570
10686.999797821045,2540
10687.99877166748,2506
10688.995599746704,2510
10689.992904663086,2534
10690.990686416626,2514
10691.98751449585,2492
10692.984819412231,2504
10693.981885910034,2502
10694.979667663574,2554
10695.977687835693,2582
10696.974754333496,2542
10697.97158241272,2520
10698.96912574768,2518
10699.966192245483,2582
10700.963735580444,2522
10701.989889144897,2490
10702.986478805542,2486
10703.983783721924,2498
10704.981803894043,2512
10705.97791671753,2534
10706.976413726807,2526
10707.972764968872,2534
10708.969593048096,2570
10709.967136383057,2616
10710.964441299438,2598
10711.9619846344,2550
10712.959289550781,2518
10713.956356048584,2510
10714.959144592285,2490
10715.951442718506,2502
10716.948747634888,2506
10717.94605255127,2502
10718.94383430481,2514
10719.940185546875,2578
10720.93939781189,2616
10721.935272216797,2602
10722.932577133179,2558
10723.93012046814,2554
10724.929571151733,2550
10725.931644439697,2520
10726.921796798706,2518
10727.919340133667,2528
10728.916645050049,2494
10729.913473129272,2506
10730.910778045654,2534
10731.915473937988,2538
10732.90729522705,2526
10733.903408050537,2542
10734.90047454834,2522
10735.86916923523,2534
10736.89579963684,2522
10737.892627716064,2534
10738.890409469604,2526
10739.887237548828,2502
10740.884780883789,2494
10741.88256263733,2518
10742.879867553711,2478
10743.876695632935,2540
10744.874000549316,2544
10745.872974395752,2540
10746.869564056396,2558
10747.836828231812,2526
10748.86441230774,2514
10749.861717224121,2548
10750.858306884766,2518
10751.855611801147,2518
10753.822326660156,2490
10753.822326660156,2550
10754.847288131714,2578
10755.84602355957,2552
10757.811784744263,2540
10757.811784744263,2526
10758.836269378662,2550
10759.834051132202,2556
10760.834217071533,2530
10761.828184127808,2504
10762.825727462769,2514
10763.824224472046,2542
10764.82105255127,2540
10765.81859588623,2526
10766.815423965454,2526
10767.812728881836,2528
10769.8073387146,2540
10770.79176902771,2574
10771.772384643555,2536
10772.769927978516,2526
10773.767232894897,2510
10774.76453781128,2534
10775.76208114624,2502
10776.759147644043,2478
10777.756452560425,2506
10778.753757476807,2522
10779.779434204102,2540
10780.776739120483,2522
10781.773805618286,2510
10782.744646072388,2554
10783.767700195312,2480
10784.765005111694,2502
10785.767793655396,2506
10786.733150482178,2488
10787.75691986084,2458
10788.7544631958,2514
10789.751768112183,2542
10790.754556655884,2512
10791.746616363525,2536
10792.743682861328,2558
10793.741703033447,2574
10794.71230506897,2574
10795.737981796265,2554
10796.733140945435,2546
10797.731161117554,2510
10798.728704452515,2518
10799.726486206055,2494
10800.7230758667,2528
10801.720142364502,2514
10802.718162536621,2514
10803.715467453003,2526
10804.713487625122,2588
10805.709838867188,2604
10806.681156158447,2576
10807.677030563354,2552
10808.70246887207,2538
10809.68689918518,2534
10810.686111450195,2552
10811.686277389526,2506
10812.66474723816,2478
10813.661813735962,2506
10814.659118652344,2520
10815.657615661621,2530
10816.653966903687,2542
10817.65103340149,2570
10818.648338317871,2554
10819.645643234253,2582
10820.643186569214,2556
10821.640491485596,2552
10822.637557983398,2510
10823.63510131836,2478
10824.632406234741,2494
10825.63042640686,2502
10826.627016067505,2508
10827.624559402466,2510
10828.621864318848,2542
10829.61893081665,2556
10830.616474151611,2538
10831.613779067993,2550
10832.611560821533,2582
10833.608865737915,2550
10834.605932235718,2502
10835.603475570679,2490
10836.600542068481,2486
10837.597846984863,2510
10838.595151901245,2494
10839.592218399048,2452
10840.589761734009,2548
10841.614723205566,2558
10842.61155128479,2558
10843.608617782593,2582
10844.605684280396,2570
10845.603704452515,2550
10846.574306488037,2510
10847.597599029541,2510
10848.595142364502,2536
10849.564790725708,2526
10850.589752197266,2510
10851.587057113647,2550
10852.584600448608,2534
10853.585004806519,2540
10854.579210281372,2544
10855.57770729065,2550
10856.547355651855,2534
10857.573509216309,2490
10858.542203903198,2492
10860.055446624756,2482
10860.565900802612,2490
10861.53531074524,2516
10862.565517425537,2544
10863.556623458862,2526
10864.553928375244,2546
10865.552425384521,2538
10866.548538208008,2542
10867.54584312439,2518
10868.543148040771,2550
10869.540691375732,2502
10870.538234710693,2462
10871.535301208496,2478
10872.533321380615,2490
10873.52967262268,2490
10874.499320983887,2542
10875.524759292603,2548
10876.522064208984,2554
10877.518892288208,2526
10878.516435623169,2518
10879.51374053955,2538
10880.51152229309,2518
10881.516933441162,2494
10882.506132125854,2470
10883.503198623657,2474
10884.500741958618,2490
10885.499000549316,2510
10886.495590209961,2516
10887.491703033447,2546
10888.48876953125,2558
10889.486074447632,2574
10890.483140945435,2554
10891.485691070557,2550
10892.478227615356,2518
10893.476486206055,2490
10894.472599029541,2494
10895.471096038818,2488
10896.466970443726,2492
10897.464990615845,2518
10898.462295532227,2548
10899.431467056274,2534
10900.428295135498,2582
10901.42560005188,2578
10902.42314338684,2558
10903.420448303223,2550
10904.417753219604,2526
10905.415058135986,2522
10906.412363052368,2470
10907.40966796875,2458
10908.406734466553,2480
10909.404516220093,2502
10910.401582717896,2510
10911.398887634277,2502
10912.396430969238,2570
10913.39373588562,2574
10914.391040802002,2606
10915.388584136963,2582
10916.385889053345,2548
10917.383193969727,2518
10918.38026046753,2506
10919.37780380249,2520
10920.375108718872,2522
10921.372413635254,2484
10922.369956970215,2488
10923.367023468018,2510
10924.364566802979,2558
10925.361633300781,2578
10926.359176635742,2550
10927.356481552124,2514
10928.353548049927,2514
10929.350852966309,2554
10930.34839630127,2512
10931.345701217651,2510
10932.343006134033,2482
10933.340549468994,2462
10934.337615966797,2500
10935.334920883179,2506
10936.33222579956,2534
10937.329769134521,2532
10938.327074050903,2518
10939.324378967285,2482
10940.321683883667,2534
10941.318988800049,2558
10942.31629371643,2544
10943.313598632812,2514
10944.311141967773,2506
10945.308446884155,2506
10946.305751800537,2506
10947.303295135498,2542
10948.30060005188,2542
10949.297904968262,2552
10950.295209884644,2522
10951.292514801025,2506
10952.289581298828,2518
10953.28688621521,2544
10954.28442955017,2482
10955.281734466553,2506
10956.279277801514,2494
10957.276582717896,2574
10958.273887634277,2526
10959.27119255066,2546
10960.268259048462,2522
10961.265802383423,2522
10962.263107299805,2538
10963.26208114624,2522
10964.28632736206,2502
10965.2578830719,2518
10966.281175613403,2546
10967.277765274048,2490
10968.275308609009,2494
10969.27285194397,2548
10970.271110534668,2546
10971.267938613892,2534
10972.264766693115,2542
10973.262310028076,2538
10974.259614944458,2546
10975.257396697998,2510
10976.227521896362,2534
10977.251052856445,2514
10978.248834609985,2474
10979.226350784302,2502
10980.216979980469,2490
10981.214046478271,2512
10982.211589813232,2522
10983.209609985352,2558
10984.22122001648,2582
10985.203504562378,2542
10986.201047897339,2586
10987.19835281372,2554
10988.195657730103,2518
10989.192724227905,2466
10990.189790725708,2462
10991.187334060669,2490
10992.1875,2486
10993.181705474854,2524
10994.178771972656,2524
10995.203495025635,2542
10996.206998825073,2546
10997.198104858398,2582
10998.19564819336,2586
10999.195337295532,2526
11000.19097328186,2504
11001.187086105347,2514
11002.184867858887,2490
11003.18193435669,2490
11004.181146621704,2522
11005.184412002563,2486
11006.148338317871,2522
11007.17282295227,2534
11009.698390960693,2552
11009.698390960693,2550
11010.705709457397,2584
11011.70563697815,2582
11012.78042793274,2570
11013.8099193573,2522
11014.792203903198,2518
11015.774250030518,2518
11016.773223876953,2490
11017.770528793335,2490
11018.7668800354,2510
11019.76490020752,2534
11020.789861679077,2524
11021.78692817688,2586
11022.783994674683,2578
11023.782014846802,2518
11024.780750274658,2542
11025.747776031494,2518
11026.744842529297,2522
11027.7419090271,2494
11028.739213943481,2504
11029.736757278442,2526
11030.733823776245,2482
11031.731367111206,2512
11032.738208770752,2536
11033.72597694397,2550
11034.723043441772,2556
11035.720825195312,2534
11036.717891693115,2504
11037.715196609497,2506
11038.712739944458,2550
11039.71004486084,2526
11040.707111358643,2492
11041.704654693604,2518
11042.701959609985,2514
11043.699264526367,2514
11044.696569442749,2522
11045.69411277771,2550
11046.691417694092,2502
11047.688484191895,2518
11048.685789108276,2518
11049.683332443237,2502
11050.68063735962,2518
11051.677703857422,2536
11052.675485610962,2520
11053.672552108765,2502
11054.669857025146,2542
11055.667161941528,2600
11056.66470527649,2578
11057.66224861145,2516
11058.659315109253,2546
11059.656620025635,2534
11060.653924942017,2510
11061.651229858398,2512
11062.64853477478,2502
11063.645839691162,2484
11064.643383026123,2510
11065.640449523926,2542
11066.654682159424,2512
11067.638635635376,2550
11068.63522529602,2554
11069.631576538086,2550
11070.628881454468,2574
11071.62594795227,2518
11072.62372970581,2510
11073.620796203613,2490
11074.618339538574,2486
11075.615882873535,2506
11076.613187789917,2514
11077.61001586914,2620
11078.607320785522,2526
11079.604864120483,2550
11080.602407455444,2594
11081.599473953247,2574
11082.597255706787,2574
11083.59432220459,2574
11084.591627120972,2526
11085.588932037354,2486
11086.586475372314,2510
11087.583541870117,2514
11088.581085205078,2490
11089.57815170288,2502
11090.575695037842,2526
11091.572761535645,2548
11092.570066452026,2538
11093.567609786987,2586
11094.56467628479,2572
11095.561981201172,2534
11096.559762954712,2524
11097.557067871094,2478
11098.554372787476,2506
11099.551439285278,2490
11100.54898262024,2498
11101.546049118042,2500
11102.543592453003,2536
11103.567123413086,2518
11104.565143585205,2520
11105.562448501587,2606
11106.560707092285,2590
11107.556581497192,2544
11108.526229858398,2582
11109.550714492798,2542
11110.548734664917,2526
11111.546277999878,2538
11112.545251846313,2494
11113.544464111328,2502
11114.53890800476,2522
11115.50784111023,2518
11116.533041000366,2538
11117.52963066101,2544
11118.526935577393,2542
11119.526386260986,2572
11120.522022247314,2518
11121.519088745117,2538
11122.516632080078,2560
11123.514175415039,2506
11124.484300613403,2506
11125.481128692627,2504
11126.507043838501,2490
11127.5053024292,2508
11128.502130508423,2518
11129.499435424805,2538
11130.497217178345,2542
11131.494522094727,2540
11132.49135017395,2550
11133.490324020386,2534
11134.486675262451,2506
11135.483026504517,2538
11136.480569839478,2512
11137.479066848755,2520
11138.475179672241,2526
11139.472246170044,2534
11140.470027923584,2520
11141.467332839966,2510
11142.465591430664,2544
11143.462419509888,2550
11144.45948600769,2538
11145.456790924072,2510
11146.461725234985,2486
11147.459030151367,2510
11148.449420928955,2558
11149.446487426758,2546
11150.44355392456,2522
11151.440382003784,2504
11152.437925338745,2508
11153.435468673706,2542
11154.441833496094,2550
11155.40075302124,2526
11156.398057937622,2502
11157.395362854004,2486
11158.392667770386,2502
11159.389734268188,2542
11160.38703918457,2576
11161.384582519531,2542
11162.381887435913,2514
11163.379192352295,2540
11164.376735687256,2558
11165.374279022217,2554
11166.37134552002,2554
11167.368650436401,2546
11168.365955352783,2504
11169.363260269165,2502
11170.360565185547,2512
11171.35763168335,2536
11172.35541343689,2500
11173.352479934692,2494
11174.35598373413,2550
11175.347328186035,2558
11176.344633102417,2606
11177.34169960022,2552
11178.33924293518,2554
11179.336547851562,2554
11180.333852767944,2514
11181.331157684326,2494
11182.328462600708,2504
11183.32576751709,2490
11184.323072433472,2494
11185.320615768433,2518
11186.317920684814,2542
11187.315464019775,2516
11188.312530517578,2550
11189.30983543396,2556
11190.307140350342,2546
11191.304445266724,2550
11192.301988601685,2570
11193.299293518066,2552
11194.296598434448,2494
11195.293664932251,2510
11196.291446685791,2514
11197.288513183594,2498
11198.285818099976,2528
11199.300765991211,2542
11200.280666351318,2546
11201.277732849121,2518
11202.275037765503,2556
11203.272581100464,2598
11204.269886016846,2554
11205.267190933228,2522
11206.264734268188,2502
11207.261800765991,2482
11208.259105682373,2484
11209.256649017334,2486
11210.253953933716,2512
11211.252927780151,2486
11212.278366088867,2512
11213.27519416809,2526
11214.27297592163,2544
11215.243339538574,2574
11216.267108917236,2546
11217.265605926514,2516
11218.26195716858,2492
11219.266891479492,2488
11220.256567001343,2510
11221.254348754883,2538
11222.256422042847,2522
11223.256349563599,2542
11224.251747131348,2506
11225.243330001831,2518
11226.213932037354,2550
11227.20980644226,2510
11228.235006332397,2540
11229.232549667358,2552
11230.230331420898,2518
11231.22763633728,2514
11232.224464416504,2490
11233.222961425781,2514
11234.222650527954,2522
11235.222816467285,2480
11236.218929290771,2510
11237.219095230103,2520
11238.209009170532,2518
11239.21012878418,2544
11240.203142166138,2518
11241.172790527344,2506
11243.884801864624,2506
11244.16470527649,2532
11244.16470527649,2540
11245.697259902954,2534
11246.202945709229,2518
11247.231721878052,2522
11248.350858688354,2576
11249.329566955566,2538
11250.345706939697,2538
11251.343965530396,2522
11252.340316772461,2510
11253.337144851685,2546
11254.335403442383,2534
11255.305528640747,2534
11256.329536437988,2474
11257.32707977295,2514
11258.29529762268,2542
11259.3252658844,2534
11260.319471359253,2550
11261.316299438477,2482
11262.314558029175,2486
11263.312101364136,2486
11264.308214187622,2550
11265.305757522583,2500
11266.273736953735,2454
11267.329216003418,2488
11268.269062042236,2490
11269.266366958618,2526
11270.26391029358,2556
11271.289587020874,2570
11272.287130355835,2552
11273.284912109375,2544
11274.263620376587,2542
11275.279998779297,2578
11276.276350021362,2518
11277.273654937744,2482
11278.270959854126,2486
11279.268503189087,2514
11280.26533126831,2518
11281.262874603271,2518
11282.268047332764,2492
11283.257722854614,2532
11284.255266189575,2538
11285.25185585022,2534
11286.220788955688,2578
11287.24718093872,2572
11288.244724273682,2522
11289.226055145264,2506
11290.239572525024,2476
11291.23592376709,2478
11292.233943939209,2442
11293.23124885559,2514
11294.228792190552,2550
11295.225858688354,2526
11296.222686767578,2526
11297.220230102539,2546
11298.218250274658,2584
11299.216032028198,2558
11300.212383270264,2552
11301.210165023804,2534
11302.20913887024,2506
11303.203821182251,2482
11304.17275428772,2478
11305.19962310791,2500
11306.19764328003,2482
11307.194471359253,2494
11308.191299438477,2534
11309.188842773438,2526
11310.18614768982,2546
11311.182737350464,2542
11312.180042266846,2550
11313.177347183228,2512
11314.176082611084,2526
11315.17243385315,2540
11316.141605377197,2468
11317.167043685913,2458
11318.163871765137,2510
11319.167375564575,2538
11320.158958435059,2488
11321.15650177002,2558
11322.15404510498,2598
11323.150873184204,2550
11324.148416519165,2574
11325.145483016968,2558
11326.11608505249,2540
11327.140092849731,2506
11328.137159347534,2502
11329.134702682495,2514
11330.132961273193,2514
11331.130504608154,2494
11332.12685585022,2538
11333.12439918518,2538
11334.122896194458,2540
11335.119247436523,2550
11336.086988449097,2518
11337.084293365479,2510
11338.081359863281,2542
11339.078664779663,2550
11340.075969696045,2514
11341.073513031006,2490
11342.070817947388,2514
11343.06788444519,2546
11344.065427780151,2534
11345.062732696533,2534
11346.060276031494,2538
11347.057342529297,2494
11348.054885864258,2510
11349.05219078064,2534
11350.049495697021,2522
11351.048946380615,2480
11352.045774459839,2504
11353.0433177948,2518
11354.040384292603,2522
11355.037689208984,2580
11356.035947799683,2576
11357.032775878906,2638
11358.031272888184,2522
11359.028100967407,2522
11360.02492904663,2522
11361.022233963013,2514
11362.019538879395,2526
11363.016843795776,2484
11364.014387130737,2482
11365.01145362854,2486
11366.009950637817,2506
11367.00701713562,2558
11368.003129959106,2544
11369.000434875488,2560
11369.99797821045,2538
11370.995044708252,2510
11371.992349624634,2510
11372.989654541016,2524
11373.986959457397,2502
11374.98426437378,2454
11375.981569290161,2494
11376.979351043701,2514
11377.976417541504,2528
11378.973722457886,2534
11379.971027374268,2548
11380.968809127808,2554
11381.96587562561,2538
11382.963180541992,2572
11383.960723876953,2554
11384.957790374756,2526
11385.955572128296,2470
11386.952638626099,2454
11387.94994354248,2478
11388.947248458862,2504
11389.944314956665,2546
11390.950441360474,2550
11391.939163208008,2510
11392.93622970581,2542
11393.933773040771,2568
11394.931077957153,2582
11395.928859710693,2558
11396.926164627075,2520
11397.923707962036,2490
11398.92053604126,2478
11399.917840957642,2506
11400.914907455444,2486
11401.912450790405,2510
11402.909755706787,2514
11403.907060623169,2526
11404.90460395813,2500
11405.90238571167,2578
11406.899213790894,2586
11407.896518707275,2526
11408.893823623657,2512
11409.891366958618,2540
11410.887002944946,2518
11411.884069442749,2526
11412.88161277771,2520
11413.878917694092,2490
11414.875984191895,2506
11415.873527526855,2528
11416.871070861816,2550
11417.86813735962,2544
11418.865442276001,2526
11419.862747192383,2514
11420.860052108765,2542
11421.857357025146,2554
11422.854661941528,2502
11423.85196685791,2502
11424.849510192871,2486
11425.846815109253,2498
11427.841901779175,2514
11427.841901779175,2550
11428.838729858398,2518
11429.83603477478,2494
11430.833578109741,2536
11431.830883026123,2534
11432.827949523926,2522
11433.825492858887,2512
11434.822797775269,2502
11435.82034111023,2482
11436.817407608032,2482
11437.814950942993,2488
11438.812017440796,2522
11439.809322357178,2522
11440.80662727356,2526
11441.80417060852,2526
11442.801475524902,2538
11443.827152252197,2550
11444.825649261475,2522
11446.791172027588,2502
11446.791172027588,2506
11447.817087173462,2518
11448.813438415527,2494
11449.816465377808,2554
11450.809955596924,2590
11452.803134918213,2570
11453.799962997437,2538
11454.797267913818,2552
11455.798625946045,2538
11456.79235458374,2518
11457.762718200684,2558
11458.786964416504,2502
11459.784269332886,2482
11460.75415611267,2490
11461.780309677124,2502
11462.77666091919,2542
11463.778018951416,2538
11464.77198600769,2578
11465.74068069458,2578
11466.766119003296,2558
11467.764139175415,2586
11468.762397766113,2514
11469.758749008179,2510
11470.755577087402,2494
11471.752166748047,2462
11472.750663757324,2506
11473.74701499939,2542
11474.717855453491,2546
11475.715637207031,2522
11476.738929748535,2578
11477.736473083496,2554
11478.733777999878,2578
11479.731798171997,2602
11480.7288646698,2526
11481.725931167603,2516
11482.710599899292,2506
11483.694553375244,2492
11484.71736907959,2482
11485.716342926025,2478
11486.712455749512,2506
11487.709760665894,2494
11488.712787628174,2554
11489.74347114563,2570
11490.711688995361,2590
11491.673707962036,2580
11492.668628692627,2524
11493.666887283325,2506
11494.663953781128,2522
11495.661735534668,2470
11496.658563613892,2482
11497.655630111694,2526
11498.652696609497,2512
11499.650716781616,2514
11500.64754486084,2538
11501.644849777222,2590
11502.641916275024,2554
11503.639936447144,2550
11504.637002944946,2540
11505.634784698486,2544
11506.631851196289,2494
11507.643222808838,2510
11508.626222610474,2500
11509.623765945435,2448
11510.620832443237,2490
11511.618375778198,2522
11512.615442276001,2514
11513.613224029541,2520
11514.610528945923,2556
11515.608310699463,2554
11516.605138778687,2518
11517.602443695068,2550
11518.599510192871,2486
11519.596576690674,2504
11520.593881607056,2490
11521.591901779175,2538
11522.588729858398,2570
11523.586511611938,2494
11524.5840549469,2522
11525.582313537598,2572
11526.578664779663,2570
11527.575969696045,2548
11528.572797775269,2510
11529.57034111023,2488
11530.567407608032,2518
11531.565189361572,2546
11532.562494277954,2522
11533.560037612915,2480
11534.557580947876,2492
11535.555601119995,2502
11536.55219078064,2518
11537.5497341156,2518
11538.546562194824,2550
11539.54291343689,2486
11540.540218353271,2510
11541.537284851074,2526
11542.534589767456,2542
11543.532133102417,2526
11544.529438018799,2482
11545.526504516602,2502
11546.524286270142,2542
11547.521352767944,2578
11548.518657684326,2520
11549.516201019287,2546
11550.513505935669,2546
11551.51081085205,2554
11552.508115768433,2522
11553.505420684814,2494
11554.502725601196,2524
11555.500030517578,2534
11556.497573852539,2490
11557.494640350342,2510
11558.491945266724,2542
11559.489250183105,2540
11560.486793518066,2534
11561.484098434448,2542
11562.48140335083,2550
11563.478469848633,2534
11564.476013183594,2506
11565.473318099976,2512
11566.470623016357,2482
11567.468404769897,2486
11568.4654712677,2494
11569.462537765503,2544
11570.459842681885,2526
11571.457386016846,2542
11572.454690933228,2570
11573.45199584961,2586
11574.44953918457,2598
11575.446844100952,2548
11576.443910598755,2554
11577.441215515137,2518
11578.438758850098,2494
11579.43606376648,2478
11580.433368682861,2492
11581.430673599243,2512
11582.427978515625,2512
11583.425521850586,2514
11584.422826766968,2536
11585.42013168335,2548
11586.417436599731,2554
11587.414741516113,2582
11588.412046432495,2522
11589.409351348877,2470
11590.406656265259,2470
11591.40419960022,2506
11592.401504516602,2494
11593.406915664673,2506
11594.395875930786,2470
11595.393657684326,2494
11596.390724182129,2534
11597.38802909851,2578
11598.413705825806,2554
11599.384307861328,2544
11600.408554077148,2546
11601.408004760742,2552
11602.403402328491,2526
11603.400230407715,2512
11604.397773742676,2502
11605.395317077637,2480
11606.39238357544,2496
11607.3899269104,2550
11608.387231826782,2554
11609.384536743164,2522
11610.381364822388,2536
11611.382007598877,2546
11612.377166748047,2576
11613.34753036499,2534
11614.344596862793,2516
11615.341901779175,2532
11616.338968276978,2502
11617.33627319336,2510
11618.33381652832,2546
11619.330883026123,2520
11620.328187942505,2512
11621.325731277466,2546
11622.322797775269,2574
11623.32010269165,2536
11624.328136444092,2538
11625.315427780151,2514
11626.312494277954,2544
11627.309799194336,2522
11628.307342529297,2520
11629.302740097046,2490
11630.300045013428,2520
11631.29734992981,2550
11632.294654846191,2538
11633.292198181152,2550
11634.289503097534,2552
11635.286569595337,2520
11636.284112930298,2518
11637.28141784668,2522
11638.278722763062,2522
11639.276027679443,2506
11640.273571014404,2502
11641.270875930786,2526
11642.267942428589,2510
11643.26524734497,2582
11644.262790679932,2542
11645.260334014893,2538
11646.257877349854,2504
11647.254943847656,2514
11648.252010345459,2506
11649.24931526184,2506
11650.246858596802,2510
11651.244163513184,2478
11652.241230010986,2480
11653.238534927368,2518
11654.23583984375,2570
11655.233383178711,2570
11656.230449676514,2538
11657.227993011475,2506
11658.225297927856,2546
11659.222841262817,2554
11660.21990776062,2538
11661.217451095581,2502
11662.214756011963,2492
11663.212060928345,2466
11664.209365844727,2490
11665.206670761108,2542
11666.20421409607,2538
11667.20175743103,2552
11668.198823928833,2542
11669.196128845215,2598
11670.193195343018,2550
11671.1905002594,2542
11672.18804359436,2518
11673.185348510742,2502
11674.182653427124,2456
11675.180435180664,2502
11676.177978515625,2506
11677.207946777344,2486
11678.202390670776,2510
11679.199934005737,2544
11680.203199386597,2542
11681.195974349976,2554
11682.192087173462,2574
11683.188199996948,2576
11684.184789657593,2514
11685.182809829712,2506
11686.180591583252,2516
11687.176942825317,2474
11688.174962997437,2494
11689.171552658081,2494
11690.171241760254,2510
11691.138505935669,2558
11692.164659500122,2586
11693.161487579346,2552
11694.15807723999,2556
11695.154666900635,2582
11696.153163909912,2542
11697.149276733398,2550
11698.14682006836,2510
11699.14436340332,2480
11700.14214515686,2454
11701.139211654663,2488
11702.136278152466,2514
11703.133821487427,2502
11704.131126403809,2518
11705.128192901611,2536
11706.127166748047,2506
11707.122802734375,2522
11708.120107650757,2542
11709.117889404297,2538
11710.1149559021,2486
11711.11249923706,2514
11712.109565734863,2502
11713.109493255615,2540
11714.104175567627,2512
11715.101480484009,2538
11716.072797775269,2580
11717.095851898193,2550
11718.098402023315,2518
11719.091176986694,2548
11720.088481903076,2554
11721.085548400879,2514
11722.083568572998,2526
11723.080396652222,2538
11724.077939987183,2534
11725.075483322144,2526
11726.073503494263,2544
11727.069854736328,2522
11728.06692123413,2508
11729.06517982483,2514
11730.061769485474,2512
11731.059312820435,2534
11732.056617736816,2550
11733.026504516602,2518
11734.055519104004,2462
11735.048055648804,2492
11736.047267913818,2534
11737.042427062988,2526
11738.049745559692,2576
11739.046096801758,2570
11740.041255950928,2558
11741.026163101196,2554
11742.035865783691,2534
11743.027210235596,2538
11744.025230407715,2510
11745.026588439941,2542
11746.020317077637,2510
11747.016191482544,2498
11748.013973236084,2494
11749.011278152466,2510
11749.982833862305,2546
11751.00564956665,2550
11752.002716064453,2574
11753.000497817993,2568
11753.997325897217,2522
11754.994630813599,2522
11755.964756011963,2510
11756.991147994995,2522
11757.988691329956,2488
11758.985757827759,2470
11759.987115859985,2460
11760.980129241943,2538
11761.977195739746,2582
11762.974977493286,2522
11763.972043991089,2546
11764.96958732605,2582
11765.943765640259,2570
11766.93606376648,2538
11767.961025238037,2534
11768.958806991577,2502
11769.959449768066,2488
11770.95341682434,2516
11771.953344345093,2522
11772.921800613403,2518
11773.945569992065,2534
11774.943113327026,2518
11775.941610336304,2526
11776.938199996948,2578
11777.934789657593,2574
11778.933048248291,2538
11779.934883117676,2522
11780.927181243896,2522
11782.898426055908,2510
11782.898426055908,2486
11783.918857574463,2508
11784.887790679932,2490
11785.885334014893,2514
11786.882400512695,2510
11787.879705429077,2532
11788.87677192688,2570
11789.87431526184,2574
11790.871620178223,2580
11791.895866394043,2534
11792.893171310425,2542
11794.860363006592,2514
11795.857429504395,2514
11796.870470046997,2542
11797.852039337158,2514
11798.85482788086,2490
11799.846649169922,2508
11799.846649169922,2544
11800.843715667725,2580
11801.841259002686,2538
11802.838563919067,2526
11803.83586883545,2526
11804.83341217041,2538
11805.830717086792,2554
11806.828022003174,2546
11807.825088500977,2506
11808.822631835938,2474
11809.81993675232,2526
11811.815023422241,2538
11811.815023422241,2572
11812.812089920044,2538
11813.809394836426,2526
11814.806699752808,2510
11815.80400466919,2518
11816.801309585571,2530
11817.798376083374,2550
11818.796157836914,2526
11819.793224334717,2520
11820.790529251099,2502
11821.78807258606,2510
11822.785377502441,2546
11824.779748916626,2514
11825.777530670166,2510
11826.774597167969,2548
11827.77214050293,2542
11828.769445419312,2540
11829.766750335693,2526
11830.764055252075,2508
11831.761360168457,2544
11832.758665084839,2522
11833.75597000122,2510
11834.753274917603,2542
11835.750818252563,2580
11836.747884750366,2550
11837.745189666748,2546
11838.74249458313,2514
11839.74003791809,2504
11840.737342834473,2506
11841.734647750854,2524
11842.732191085815,2518
11843.729496002197,2494
11844.7265625,2500
11845.723867416382,2528
11846.721410751343,2526
11847.718477249146,2558
11848.715782165527,2548
11849.713563919067,2536
11850.71063041687,2542
11851.707935333252,2546
11852.705240249634,2514
11853.702545166016,2502
11854.700088500977,2512
11855.697393417358,2522
11856.69493675232,2502
11857.692241668701,2494
11858.718872070312,2514
11859.735250473022,2522
11860.71252822876,2558
11861.71293258667,2572
11862.70809173584,2574
11863.704919815063,2534
11864.701747894287,2502
11865.699291229248,2522
11866.668224334717,2502
11867.698669433594,2502
11868.691205978394,2488
11869.688510894775,2506
11870.686054229736,2528
11871.683359146118,2548
11872.683048248291,2570
11873.651027679443,2550
11874.648332595825,2578
11875.644445419312,2570
11876.642942428589,2538
11877.639770507812,2538
11878.636837005615,2526
11879.634380340576,2488
11880.631685256958,2512
11881.62899017334,2518
11882.63463973999,2524
11883.623838424683,2570
11884.621143341064,2554
11885.617733001709,2542
11886.615753173828,2588
11887.61305809021,2550
11888.610363006592,2522
11889.607429504395,2526
11890.604496002197,2526
11891.602516174316,2490
11892.59934425354,2470
11893.596887588501,2486
11894.594430923462,2506
11895.592451095581,2534
11896.589040756226,2538
11897.586345672607,2540
11898.58341217041,2534
11899.58119392395,2570
11900.577783584595,2556
11901.575565338135,2554
11902.572631835938,2526
11903.56993675232,2514
11904.568195343018,2526
11905.5655002594,2544
11906.562328338623,2522
11907.559871673584,2534
11908.557653427124,2534
11909.554719924927,2574
11910.552024841309,2574
11911.54956817627,2546
11912.546873092651,2534
11913.544178009033,2494
11914.541721343994,2518
11915.539741516113,2526
11916.536331176758,2502
11917.53339767456,2510
11918.530941009521,2506
11919.528484344482,2526
11920.52412033081,2526
11921.521186828613,2598
11922.518491744995,2538
11923.516273498535,2484
11924.513339996338,2522
11925.51064491272,2502
11926.507711410522,2514
11927.505254745483,2546
11928.502559661865,2550
11929.499864578247,2522
11930.497407913208,2534
11931.49471282959,2542
11932.491779327393,2572
11933.489322662354,2548
11934.486627578735,2554
11935.484170913696,2534
11936.481237411499,2534
11937.47878074646,2522
11938.475847244263,2506
11939.473152160645,2506
11940.470695495605,2510
11941.468000411987,2534
11942.46530532837,2506
11943.462610244751,2548
11944.459915161133,2554
11945.457458496094,2574
11946.454524993896,2554
11947.45659828186,2498
11948.44937324524,2506
11949.446439743042,2514
11950.444459915161,2484
11951.441526412964,2490
11952.438592910767,2524
11953.435897827148,2534
11954.432964324951,2548
11955.430507659912,2582
11956.428050994873,2574
11957.425117492676,2578
11958.422660827637,2574
11959.419965744019,2538
11960.4172706604,2518
11961.414337158203,2490
11962.411880493164,2510
11963.409185409546,2490
11964.406490325928,2518
11965.404033660889,2522
11966.40133857727,2538
11967.398643493652,2520
11968.395709991455,2536
11969.393253326416,2560
11970.390558242798,2578
11971.38786315918,2574
11972.38540649414,2546
11973.382711410522,2518
11974.379777908325,2514
11975.377321243286,2484
11976.374864578247,2494
11977.37193107605,2526
11978.369235992432,2546
11979.366540908813,2522
11980.363845825195,2506
11981.361389160156,2578
11982.358694076538,2580
11983.35599899292,2554
11984.353303909302,2534
11985.350608825684,2542
11986.347913742065,2474
11987.345457077026,2506
11988.34252357483,2502
11989.34006690979,2486
11990.337371826172,2534
11991.334438323975,2522
11992.331743240356,2526
11993.329286575317,2546
11994.3265914917,2558
11995.323896408081,2550
11996.321439743042,2552
11997.349262237549,2512
11998.347997665405,2514
11999.316215515137,2514
12000.343084335327,2510
12001.339435577393,2490
12002.337217330933,2506
12003.334522247314,2554
12004.33087348938,2534
12005.327701568604,2578
12006.325244903564,2534
12007.323741912842,2552
12008.321285247803,2534
12009.31715965271,2548
12010.313987731934,2526
12011.310577392578,2532
12012.308359146118,2522
12013.311624526978,2506
12014.302968978882,2532
12015.300989151001,2554
12016.271352767944,2526
12017.294645309448,2526
12018.292427062988,2522
12019.28973197937,2520
12020.286798477173,2542
12021.284103393555,2506
12022.281885147095,2516
12023.279190063477,2494
12024.295806884766,2510
12025.273084640503,2516
12026.272058486938,2546
12027.268409729004,2544
12028.23805809021,2550
12029.263019561768,2518
12030.260801315308,2490
12031.257390975952,2518
12032.255172729492,2518
12033.252477645874,2512
12034.257173538208,2488
12035.246849060059,2480
12036.24439239502,2494
12037.241458892822,2522
12038.239240646362,2568
12039.236545562744,2554
12040.233373641968,2554
12041.231393814087,2580
12042.227745056152,2542
12043.224334716797,2554
12044.221639633179,2574
12045.218706130981,2550
12046.217441558838,2522
12047.213554382324,2510
12048.211097717285,2526
12049.208164215088,2528
12050.20523071289,2578
12051.174640655518,2570
12052.1719455719,2580
12053.169250488281,2586
12054.166555404663,2550
12055.163860321045,2554
12056.161403656006,2526
12057.158708572388,2478
12058.156251907349,2486
12059.153318405151,2480
12060.150623321533,2488
12061.147928237915,2490
12062.145233154297,2534
12063.142538070679,2526
12064.13984298706,2526
12065.137147903442,2576
12066.134929656982,2604
12067.132472991943,2578
12068.129301071167,2522
12069.12636756897,2520
12070.12414932251,2542
12071.121215820312,2490
12072.118520736694,2480
12073.116064071655,2506
12074.113368988037,2508
12075.110673904419,2536
12076.107740402222,2558
12077.105522155762,2570
12078.102588653564,2554
12079.099893569946,2578
12080.096960067749,2534
12081.09450340271,2502
12082.09204673767,2486
12083.089113235474,2448
12084.086656570435,2492
12085.083961486816,2486
12086.081266403198,2540
12087.07880973816,2482
12088.075876235962,2538
12090.071439743042,2532
12090.071439743042,2540
12091.068029403687,2570
12092.065334320068,2548
12093.062400817871,2506
12094.059944152832,2514
12095.057249069214,2510
12096.054553985596,2522
12097.051858901978,2512
12098.04916381836,2506
12099.046468734741,2514
12100.043773651123,2538
12101.041316986084,2556
12102.038621902466,2526
12103.035926818848,2574
12104.03323173523,2526
12105.03077507019,2506
12106.027841567993,2492
12107.025146484375,2514
12108.022689819336,2586
12109.019994735718,2506
12110.01706123352,2516
12111.014366149902,2518
12112.011909484863,2518
12113.009214401245,2548
12114.006519317627,2590
12115.004062652588,2550
12116.00136756897,2524
12116.998434066772,2506
12117.995738983154,2510
12118.993282318115,2534
12119.990825653076,2544
12120.987892150879,2578
12121.98543548584,2550
12122.982501983643,2526
12123.979806900024,2600
12124.997615814209,2602
12125.974655151367,2598
12126.971960067749,2574
12127.969026565552,2510
12128.966569900513,2512
12129.963874816895,2518
12130.961179733276,2518
12131.958484649658,2510
12132.95602798462,2510
12133.953094482422,2554
12134.950399398804,2576
12135.977745056152,2582
12136.975049972534,2586
12137.973308563232,2598
12138.96918296814,2522
12139.96696472168,2514
12140.941858291626,2494
12141.96252822876,2494
12142.958641052246,2482
12143.955707550049,2486
12144.952774047852,2536
12145.95079421997,2542
12146.921157836914,2550
12147.945642471313,2554
12148.942947387695,2584
12149.912118911743,2574
12150.937795639038,2540
12151.934623718262,2538
12152.931690216064,2488
12153.931379318237,2446
12154.926538467407,2478
12155.897617340088,2522
12156.92138671875,2508
12157.918691635132,2510
12158.916234970093,2536
12159.91473197937,2586
12160.911321640015,2570
12161.908864974976,2558
12162.90545463562,2574
12163.902521133423,2534
12165.898084640503,2522
12165.898084640503,2512
12166.894674301147,2480
12167.89174079895,2490
12168.889045715332,2526
12169.886827468872,2518
12170.884370803833,2554
12171.882629394531,2574
12172.879934310913,2556
12173.8760471344,2550
12174.87359046936,2542
12175.874471664429,2546
12176.868200302124,2538
12178.836107254028,2502
12178.836107254028,2486
12179.830551147461,2482
12180.827617645264,2518
12181.825160980225,2514
12182.822465896606,2520
12183.819770812988,2558
12184.81731414795,2574
12186.811923980713,2552
12187.808990478516,2570
12188.806533813477,2582
12189.803838729858,2506
12190.80114364624,2506
12190.80114364624,2546
12192.796468734741,2502
12193.793535232544,2494
12194.790363311768,2524
12195.787906646729,2546
12196.78544998169,2520
12197.782516479492,2528
12198.780059814453,2522
12199.777364730835,2518
12200.774431228638,2526
12201.77173614502,2538
12202.770471572876,2516
12203.766584396362,2482
12204.763889312744,2502
12205.761432647705,2502
12206.758499145508,2540
12207.75580406189,2558
12208.753108978271,2538
12209.750652313232,2534
12210.747957229614,2542
12211.747646331787,2556
12212.744235992432,2528
12213.741540908813,2534
12214.738845825195,2502
12215.736150741577,2526
12216.733694076538,2502
12217.73076057434,2546
12218.728303909302,2554
12219.725370407104,2570
12220.722675323486,2520
12221.720218658447,2526
12222.71752357483,2574
12223.714828491211,2534
12224.712133407593,2522
12225.709438323975,2510
12226.707220077515,2490
12227.704286575317,2482
12228.7015914917,2526
12229.698896408081,2586
12230.696201324463,2582
12231.693267822266,2558
12232.691049575806,2538
12233.688354492188,2574
12234.685182571411,2580
12235.682964324951,2538
12236.680269241333,2502
12237.677335739136,2506
12238.674640655518,2512
12239.672183990479,2526
12240.66948890686,2522
12241.6672706604,2552
12242.664337158203,2554
12243.661403656006,2570
12244.658708572388,2570
12245.65601348877,2578
12246.65379524231,2602
12247.650623321533,2514
12248.648166656494,2490
12249.645709991455,2512
12250.643014907837,2504
12251.64008140564,2442
12252.637386322021,2480
12253.634929656982,2536
12254.631996154785,2538
12255.629301071167,2538
12256.627082824707,2570
12257.623195648193,2610
12258.619785308838,2574
12259.61709022522,2554
12260.614395141602,2510
12261.611938476562,2494
12262.609243392944,2470
12263.606548309326,2518
12264.603614807129,2522
12265.601396560669,2494
12266.59870147705,2482
12267.595767974854,2552
12268.593311309814,2558
12269.590616226196,2586
12270.587682723999,2534
12271.58498764038,2514
12272.582530975342,2520
12275.054693222046,2514
12275.054693222046,2522
12275.574684143066,2480
12276.077508926392,2456
12277.579069137573,2514
12278.08141708374,2498
12279.079675674438,2546
12280.077457427979,2526
12281.074523925781,2570
12282.071828842163,2550
12283.069133758545,2542
12284.066677093506,2572
12285.063982009888,2526
12286.06128692627,2518
12287.05883026123,2478
12288.055896759033,2542
12289.071083068848,2540
12290.053129196167,2526
12291.056394577026,2542
12292.046785354614,2570
12293.044328689575,2538
12294.041872024536,2542
12295.038938522339,2522
12296.036958694458,2518
12297.033786773682,2510
12298.030853271484,2546
12299.028158187866,2470
12300.025701522827,2522
12301.023006439209,2574
12302.02054977417,2522
12303.017616271973,2538
12304.015159606934,2534
12305.012226104736,2534
12306.010246276855,2542
12307.005643844604,2534
12308.002710342407,2534
12309.000015258789,2514
12309.99732017517,2520
12310.994625091553,2544
12311.991930007935,2570
12312.989234924316,2558
12313.986539840698,2520
12314.98408317566,2538
12315.994024276733,2550
12316.978693008423,2500
12317.975759506226,2514
12318.975687026978,2542
12319.972038269043,2516
12320.969581604004,2486
12321.966886520386,2518
12322.964429855347,2518
12323.961734771729,2518
12324.95903968811,2526
12325.956583023071,2576
12326.953887939453,2546
12327.950954437256,2546
12328.948259353638,2534
12329.94556427002,2526
12330.94310760498,2492
12331.940174102783,2512
12332.937479019165,2490
12333.934783935547,2450
12334.932804107666,2502
12335.92963218689,2544
12336.92717552185,2522
12337.924242019653,2522
12338.921785354614,2536
12339.918851852417,2548
12340.929746627808,2574
12341.913938522339,2554
12342.910766601562,2546
12343.908071517944,2490
12344.905614852905,2484
12345.903396606445,2490
12346.900224685669,2534
12347.89776802063,2526
12349.891185760498,2514
12349.891185760498,2526
12350.916147232056,2550
12351.913213729858,2570
12352.912902832031,2574
12353.90830039978,2538
12354.90608215332,2548
12355.908155441284,2522
12357.869625091553,2466
12357.869625091553,2490
12358.895301818848,2478
12359.891176223755,2502
12360.888004302979,2492
12361.886739730835,2534
12362.913370132446,2526
12363.887786865234,2514
12364.880323410034,2538
12365.877866744995,2590
12366.874694824219,2538
12367.877006530762,2518
12368.868827819824,2482
12369.865894317627,2518
12370.864629745483,2534
12371.86074256897,2526
12372.858047485352,2480
12373.855352401733,2522
12374.853372573853,2518
12375.823259353638,2540
12376.847267150879,2552
12377.84457206726,2554
12378.841161727905,2550
12380.826711654663,2502
12381.807327270508,2522
12382.80463218689,2526
12383.801698684692,2506
12384.799003601074,2478
12385.796070098877,2474
12386.793851852417,2510
12387.791156768799,2532
12388.794898986816,2526
12389.790058135986,2538
12390.790700912476,2518
12391.789436340332,2534
12392.777442932129,2522
12393.77474784851,2546
12394.772291183472,2554
12395.769596099854,2514
12396.767616271973,2502
12397.764205932617,2526
12398.761749267578,2544
12399.75905418396,2512
12400.756359100342,2514
12401.753664016724,2550
12402.750968933105,2538
12403.748035430908,2526
12404.74557876587,2536
12405.742883682251,2514
12406.740188598633,2522
12407.737731933594,2526
12408.73384475708,2550
12409.759998321533,2510
12410.757541656494,2534
12411.754608154297,2508
12412.724494934082,2526
12413.721561431885,2540
12414.718866348267,2550
12415.716648101807,2480
12416.71347618103,2472
12417.711019515991,2526
12418.708324432373,2514
12419.705390930176,2506
12420.702695846558,2514
12421.700239181519,2518
12422.6975440979,2480
12423.694849014282,2598
12424.692392349243,2538
12425.689697265625,2546
12426.687002182007,2506
12427.682876586914,2514
12428.679943084717,2526
12429.677248001099,2494
12430.67455291748,2500
12431.671857833862,2490
12432.681322097778,2518
12433.666467666626,2518
12434.664011001587,2538
12435.661315917969,2544
12436.65885925293,2570
12437.655925750732,2518
12438.653230667114,2538
12439.650297164917,2588
12440.647840499878,2538
12441.64514541626,2502
12442.642450332642,2506
12443.639755249023,2546
12444.637298583984,2538
12445.634603500366,2514
12446.631669998169,2538
12447.62921333313,2544
12448.626518249512,2584
12449.623823165894,2554
12450.621128082275,2550
12451.618671417236,2546
12452.615737915039,2580
12453.61304283142,2542
12454.610586166382,2498
12455.607891082764,2510
12456.605195999146,2518
12457.602500915527,2526
12458.6021900177,2542
12459.599018096924,2526
12460.596084594727,2514
12461.593389511108,2570
12462.59093284607,2598
12463.588237762451,2558
12464.585781097412,2526
12465.583086013794,2502
12466.580390930176,2470
12467.577457427979,2520
12468.57500076294,2532
12469.572067260742,2516
12470.569610595703,2482
12471.566677093506,2482
12472.564220428467,2544
12473.56128692627,2554
12474.557399749756,2554
12475.554704666138,2534
12476.55200958252,2514
12477.549314498901,2492
12478.546380996704,2520
12479.543924331665,2506
12480.541229248047,2518
12481.538534164429,2480
12482.53583908081,2486
12483.533143997192,2494
12484.530448913574,2542
12485.527753829956,2554
12486.525297164917,2538
12487.522602081299,2534
12488.519668579102,2516
12489.519119262695,2488
12490.51570892334,2514
12491.54019355774,2534
12492.537498474121,2518
12493.534564971924,2484
12494.531631469727,2506
12495.529174804688,2500
12496.528148651123,2526
12497.52402305603,2514
12498.52180480957,2536
12499.518632888794,2546
12500.516414642334,2524
12501.513481140137,2510
12502.511262893677,2542
12503.508806228638,2552
12504.478693008423,2514
12505.476474761963,2522
12506.473302841187,2540
12507.470607757568,2578
12508.46791267395,2598
12509.465217590332,2574
12510.462760925293,2538
12511.460065841675,2502
12512.457609176636,2516
12513.454675674438,2586
12514.45198059082,2578
12515.449285507202,2510
12516.446828842163,2518
12517.444133758545,2550
12518.441438674927,2546
12519.439220428467,2520
12520.463943481445,2582
12521.461248397827,2526
12522.465229034424,2540
12523.456335067749,2538
12524.425506591797,2522
12525.450944900513,2480
12526.896715164185,2506
12527.751922607422,2482
12528.44262123108,2486
12529.463529586792,2552
12530.437231063843,2546
12531.434774398804,2554
12532.434463500977,2546
12533.430099487305,2538
12534.42668914795,2554
12535.423755645752,2570
12536.421537399292,2510
12537.418842315674,2526
12538.415908813477,2538
12539.413213729858,2484
12540.410995483398,2480
12541.381359100342,2542
12542.408466339111,2554
12543.402433395386,2546
12544.399976730347,2524
12545.39704322815,2576
12546.36836051941,2586
12547.39236831665,2554
12548.389911651611,2574
12549.359321594238,2500
12550.356388092041,2446
12551.381349563599,2466
12552.379131317139,2518
12553.377866744995,2526
12554.373025894165,2490
12555.371761322021,2522
12556.367874145508,2522
12557.370901107788,2546
12558.363199234009,2546
12559.36050415039,2582
12560.35852432251,2550
12561.355113983154,2502
12562.353134155273,2542
12563.32015991211,2522
12564.317226409912,2510
12565.314292907715,2506
12566.312074661255,2510
12567.309141159058,2514
12568.30644607544,2546
12569.303750991821,2526
12570.301294326782,2538
12571.298599243164,2574
12572.295665740967,2576
12573.293209075928,2538
12574.305772781372,2502
12575.287818908691,2486
12576.285123825073,2474
12577.282667160034,2486
12578.279733657837,2502
12579.277038574219,2544
12580.27458190918,2490
12581.274271011353,2478
12582.271099090576,2504
12583.268165588379,2552
12584.265232086182,2538
12585.262537002563,2506
12586.260318756104,2500
12587.257862091064,2470
12588.254690170288,2490
12589.252233505249,2506
12590.24953842163,2526
12591.246604919434,2526
12592.244386672974,2502
12593.241691589355,2520
12594.238758087158,2546
12595.23606300354,2580
12596.234798431396,2542
12597.230911254883,2482
12598.260641098022,2502
12599.225282669067,2486
12600.223302841187,2534
12601.22013092041,2524
12602.216958999634,2526
12603.246688842773,2520
12604.243516921997,2502
12605.239391326904,2528
12606.235980987549,2554
12607.233047485352,2544
12608.230352401733,2510
12609.227657318115,2494
12610.225439071655,2518
12612.877607345581,2534
12612.877607345581,2526
12613.217115402222,2514
12614.749193191528,2538
12615.25559425354,2554
12616.258144378662,2598
12617.326498031616,2602
12618.324995040894,2558
12619.322061538696,2534
12620.31888961792,2518
12621.315717697144,2510
12622.313976287842,2550
12623.310804367065,2518
12624.293327331543,2506
12625.275373458862,2528
12626.30295753479,2550
12627.270698547363,2534
12628.267765045166,2538
12629.295110702515,2602
12630.290746688843,2524
12631.288528442383,2506
12632.285594940186,2514
12633.283376693726,2510
12634.280681610107,2474
12635.278701782227,2472
12636.245965957642,2502
12637.271881103516,2474
12638.269424438477,2524
12639.267206192017,2538
12640.268802642822,2586
12641.261577606201,2578
12642.258405685425,2542
12643.227338790894,2526
12644.22583580017,2526
12645.222902297974,2522
12646.221160888672,2516
12647.217750549316,2514
12648.21457862854,2458
12649.212121963501,2522
12650.209903717041,2542
12651.206970214844,2552
12652.203798294067,2550
12653.20086479187,2586
12654.19888496399,2554
12655.195713043213,2574
12656.193256378174,2526
12657.191038131714,2500
12658.188581466675,2482
12659.185886383057,2468
12660.18295288086,2494
12661.18049621582,2518
12662.177562713623,2504
12663.174867630005,2486
12664.172410964966,2546
12665.169954299927,2580
12666.167259216309,2538
12667.164325714111,2554
12668.161869049072,2570
12669.158935546875,2500
12670.156240463257,2492
12671.153783798218,2570
12672.1510887146,2510
12673.148393630981,2466
12674.172401428223,2514
12675.142049789429,2522
12676.139116287231,2560
12677.164316177368,2570
12678.16162109375,2550
12679.159164428711,2508
12680.155992507935,2518
12681.153774261475,2566
12682.151317596436,2538
12683.148384094238,2486
12684.145450592041,2514
12685.144186019897,2514
12686.140537261963,2518
12687.137842178345,2508
12688.135147094727,2550
12689.104318618774,2522
12690.12999534607,2518
12691.098928451538,2542
12692.09599494934,2538
12693.093538284302,2524
12694.090604782104,2506
12695.087909698486,2550
12696.085453033447,2550
12697.08275794983,2526
12698.080062866211,2506
12699.077129364014,2522
12700.074911117554,2538
12701.072216033936,2602
12702.069520950317,2550
12703.06658744812,2522
12704.064130783081,2486
12705.061435699463,2534
12706.058740615845,2552
12707.056283950806,2534
12708.053588867188,2518
12709.05065536499,2506
12710.047960281372,2544
12711.045503616333,2558
12712.042570114136,2578
12713.039875030518,2578
12714.037418365479,2502
12715.03472328186,2510
12716.032028198242,2522
12717.029333114624,2534
12718.026638031006,2486
12719.024181365967,2526
12720.02124786377,2522
12721.020936965942,2522
12722.017765045166,2546
12723.015069961548,2554
12724.01237487793,2574
12725.00991821289,2532
12726.00769996643,2548
12727.004528045654,2574
12728.001832962036,2506
12728.998899459839,2486
12729.996681213379,2538
12730.993509292603,2546
12731.990814208984,2512
12732.988357543945,2486
12733.985900878906,2538
12734.982967376709,2558
12735.979080200195,2574
12736.976146697998,2574
12738.00253868103,2546
12738.999366760254,2544
12739.996433258057,2482
12740.997791290283,2514
12741.99104309082,2534
12742.988348007202,2498
12743.988037109375,2446
12744.983434677124,2490
12745.980262756348,2522
12746.978759765625,2554
12747.97511100769,2582
12748.972415924072,2504
12749.969720840454,2552
12750.967502593994,2570
12751.964807510376,2574
12752.962112426758,2538
12753.958940505981,2516
12754.956483840942,2478
12755.95498085022,2512
12756.950855255127,2524
12757.948398590088,2512
12758.947372436523,2534
12759.943008422852,2546
12760.940551757812,2538
12761.938333511353,2542
12762.937545776367,2582
12763.932466506958,2546
12764.930963516235,2524
12765.931129455566,2506
12767.894744873047,2522
12767.894744873047,2488
12768.892288208008,2488
12769.88935470581,2538
12770.886659622192,2522
12772.881507873535,2570
12772.881507873535,2544
12773.879051208496,2518
12774.876356124878,2510
12775.874376296997,2574
12776.87120437622,2548
12777.868270874023,2522
12778.865575790405,2508
12780.861139297485,2514
12780.861139297485,2522
12782.85551071167,2548
12782.85551071167,2514
12783.879518508911,2538
12784.876585006714,2578
12785.873889923096,2576
12786.879301071167,2534
12787.86849975586,2522
12788.865566253662,2522
12789.863586425781,2506
12790.860176086426,2534
12791.857481002808,2550
12792.855262756348,2554
12793.852806091309,2506
12794.851064682007,2508
12795.847415924072,2560
12797.813892364502,2580
12798.810958862305,2534
12799.808025360107,2482
12800.80533027649,2510
12801.802635192871,2512
12802.799940109253,2534
12803.797245025635,2526
12804.794788360596,2550
12805.792093276978,2522
12806.78939819336,2542
12807.786464691162,2570
12808.784246444702,2544
12809.781312942505,2556
12810.778617858887,2542
12811.776161193848,2526
12812.77346611023,2506
12813.770532608032,2510
12814.768075942993,2518
12815.765380859375,2522
12816.762924194336,2502
12817.759990692139,2542
12818.7575340271,2550
12819.754600524902,2574
12820.751905441284,2570
12821.749210357666,2578
12822.746753692627,2546
12823.744058609009,2526
12824.74136352539,2550
12825.738906860352,2516
12826.736211776733,2500
12827.733516693115,2482
12828.730583190918,2500
12829.728126525879,2470
12830.72543144226,2522
12831.722497940063,2550
12832.720041275024,2558
12833.717346191406,2546
12834.714651107788,2574
12835.71195602417,2546
12836.70949935913,2554
12837.706565856934,2486
12838.703870773315,2494
12839.701414108276,2522
12840.698719024658,2482
12841.69602394104,2518
12842.69404411316,2544
12843.691110610962,2546
12844.688177108765,2554
12845.685720443726,2578
12846.683025360107,2602
12847.68009185791,2536
12848.677396774292,2546
12849.675178527832,2534
12850.672245025635,2480
12851.669549942017,2500
12852.66661643982,2514
12853.66415977478,2502
12854.661226272583,2502
12855.658531188965,2544
12856.656551361084,2536
12857.65814781189,2554
12859.64846611023,2550
12859.64846611023,2550
12860.645532608032,2542
12861.651420593262,2514
12862.650156021118,2502
12863.152503967285,2502
12864.159345626831,2492
12865.153789520264,2494
12866.159915924072,2526
12867.143154144287,2542
12868.140459060669,2544
12869.13776397705,2522
12870.134830474854,2550
12871.132373809814,2570
12872.129678726196,2570
12873.126983642578,2514
12874.126434326172,2554
12875.123500823975,2538
12876.120567321777,2516
12877.118587493896,2492
12878.11541557312,2512
12879.112958908081,2512
12880.110025405884,2514
12881.107330322266,2554
12882.104635238647,2552
12883.10194015503,2550
12884.09948348999,2506
12885.096549987793,2494
12886.094570159912,2522
12887.091159820557,2514
12888.088703155518,2544
12889.0860080719,2522
12890.08355140686,2524
12891.079187393188,2556
12892.107248306274,2522
12893.104553222656,2570
12894.10924911499,2546
12895.099878311157,2526
12896.101236343384,2538
12897.091627120972,2526
12898.088455200195,2506
12899.086713790894,2514
12900.083780288696,2550
12901.080846786499,2518
12902.07815170288,2542
12903.075456619263,2574
12904.07681465149,2534
12905.070543289185,2538
12906.045198440552,2526
12907.036542892456,2514
12908.033609390259,2470
12909.03091430664,2506
12910.028457641602,2534
12911.025524139404,2494
12912.022829055786,2522
12913.020133972168,2534
12914.017677307129,2554
12915.01498222351,2548
12916.012287139893,2554
12917.009830474854,2586
12918.006896972656,2554
12919.004201889038,2486
12920.00150680542,2506
12921.001195907593,2540
12921.997785568237,2514
12922.995328903198,2484
12923.99263381958,2498
12924.989938735962,2522
12925.987958908081,2546
12926.984786987305,2582
12927.982091903687,2598
12928.979396820068,2574
12929.97670173645,2514
12930.974006652832,2538
12931.971311569214,2554
12932.968854904175,2514
12933.966159820557,2500
12934.96322631836,2502
12935.961723327637,2506
12936.959266662598,2514
12937.955856323242,2574
12938.952445983887,2582
12939.949989318848,2556
12940.947771072388,2582
12941.94507598877,2570
12942.941904067993,2588
12943.939447402954,2522
12944.936513900757,2550
12945.933818817139,2518
12946.929931640625,2486
12947.926998138428,2522
12948.92430305481,2512
12949.921607971191,2544
12950.918912887573,2598
12951.945781707764,2550
12952.942848205566,2514
12953.93991470337,2530
12954.938173294067,2590
12955.93523979187,2554
12956.90369606018,2534
12957.929849624634,2518
12958.926916122437,2478
12959.92374420166,2502
12960.922002792358,2522
12961.918830871582,2574
12962.91708946228,2510
12963.918685913086,2516
12964.910745620728,2526
12965.909004211426,2552
12966.90583229065,2600
12967.875719070435,2574
12968.872785568237,2492
12969.87009048462,2490
12970.867156982422,2550
12971.864700317383,2550
12972.862005233765,2510
12973.859310150146,2484
12974.856853485107,2510
12975.854396820068,2522
12976.851224899292,2554
12977.848768234253,2534
12978.845834732056,2534
12979.843139648438,2492
12980.840921401978,2516
12981.83798789978,2542
12982.835531234741,2514
12983.832597732544,2510
12984.829664230347,2522
12985.827445983887,2544
12986.824750900269,2552
12987.82205581665,2522
12988.819360733032,2520
12989.816665649414,2490
12991.811275482178,2534
12991.811275482178,2520
12993.805885314941,2534
12994.803190231323,2490
12995.801210403442,2534
12996.798038482666,2554
12997.82395362854,2550
12998.821020126343,2546
12999.790668487549,2528
13000.815153121948,2570
13001.812219619751,2576
13002.81023979187,2536
13003.807067871094,2520
13004.805088043213,2488
13005.801439285278,2490
13006.770133972168,2548
13007.76743888855,2518
13008.793830871582,2502
13009.791851043701,2524
13010.7901096344,2546
13011.790752410889,2574
13012.754440307617,2610
13013.753175735474,2554
13014.749765396118,2484
13015.747547149658,2492
13016.74509048462,2518
13017.742156982422,2522
13018.738746643066,2510
13019.736289978027,2474
13020.733833312988,2486
13021.731615066528,2538
13022.728681564331,2582
13023.725509643555,2556
13024.723768234253,2550
13025.720357894897,2546
13026.71766281128,2510
13027.714729309082,2524
13028.711557388306,2548
13029.709339141846,2494
13030.70616722107,2474
13031.70371055603,2526
13032.70149230957,2514
13033.698320388794,2506
13034.696102142334,2548
13035.694122314453,2576
13036.690711975098,2578
13037.68801689148,2548
13038.685083389282,2570
13039.682388305664,2514
13040.679693222046,2514
13041.677713394165,2514
13042.674541473389,2490
13043.69831085205,2454
13044.696569442749,2490
13045.692920684814,2504
13046.692848205566,2522
13047.690153121948,2522
13048.68483543396,2554
13049.68237876892,2534
13050.679922103882,2534
13051.676988601685,2584
13052.674770355225,2554
13053.67136001587,2526
13054.66890335083,2524
13055.639266967773,2534
13056.66470527649,2538
13057.633876800537,2542
13058.659315109253,2530
13059.628963470459,2510
13060.654640197754,2558
13061.651945114136,2574
13062.649965286255,2538
13063.646793365479,2538
13064.64433670044,2542
13065.648794174194,2550
13066.639184951782,2518
13067.636251449585,2558
13068.634271621704,2518
13069.637060165405,2498
13070.628643035889,2522
13071.625471115112,2546
13072.622537612915,2550
13073.620319366455,2542
13074.591398239136,2546
13075.614929199219,2546
13076.61247253418,2534
13077.609539031982,2578
13078.607559204102,2614
13079.604625701904,2520
13080.602645874023,2546
13081.602096557617,2580
13082.597255706787,2558
13083.59432220459,2550
13084.591150283813,2570
13085.589408874512,2534
13086.559057235718,2554
13087.555885314941,2554
13088.58036994934,2514
13089.585304260254,2514
13090.575695037842,2502
13091.572523117065,2542
13092.569589614868,2522
13093.56665611267,2536
13094.569683074951,2520
13095.564365386963,2526
13096.559047698975,2588
13097.55802154541,2474
13098.554134368896,2504
13099.55096244812,2522
13100.54874420166,2514
13101.54676437378,2510
13102.546691894531,2538
13103.539943695068,2534
13104.544162750244,2494
13105.507373809814,2544
13106.561422348022,2598
13107.530117034912,2582
13108.527660369873,2534
13109.525203704834,2528
13110.522270202637,2556
13111.518621444702,2542
13112.516403198242,2518
13113.485097885132,2510
13114.511013031006,2490
13115.508556365967,2526
13116.506338119507,2548
13117.502927780151,2516
13118.500471115112,2544
13119.497776031494,2474
13120.494842529297,2572
13121.464490890503,2544
13122.48969078064,2550
13123.489618301392,2514
13124.484777450562,2514
13125.481843948364,2478
13126.48606300354,2490
13127.481698989868,2478
13128.47375869751,2482
13129.470825195312,2516
13130.468368530273,2506
13131.465435028076,2580
13132.462978363037,2596
13133.463382720947,2550
13134.46569442749,2546
13135.426044464111,2542
13136.480331420898,2534
13137.476921081543,2514
13138.447523117065,2500
13139.444828033447,2498
13140.44165611267,2504
13141.438961029053,2502
13142.436265945435,2534
13143.434047698975,2522
13144.431352615356,2558
13145.430088043213,2538
13146.425485610962,2598
13147.423505783081,2584
13148.426532745361,2546
13149.390459060669,2490
13150.415182113647,2510
13151.412963867188,2522
13152.409791946411,2494
13153.406858444214,2506
13154.405117034912,2490
13155.401468276978,2514
13156.399011611938,2554
13157.395839691162,2546
13158.392667770386,2540
13159.389734268188,2518
13160.389184951782,2526
13161.386013031006,2534
13162.383079528809,2536
13163.38038444519,2526
13164.378643035889,2502
13165.374994277954,2482
13166.372299194336,2510
13167.37174987793,2540
13168.368101119995,2634
13169.36445236206,2526
13170.361757278442,2538
13171.364307403564,2524
13172.356367111206,2522
13173.354625701904,2522
13174.323558807373,2514
13175.348997116089,2506
13176.316976547241,2514
13177.343130111694,2554
13178.341388702393,2518
13179.339408874512,2586
13180.33504486084,2542
13181.33282661438,2550
13182.329893112183,2510
13183.326721191406,2510
13184.325218200684,2538
13185.322046279907,2514
13186.319589614868,2522
13187.316179275513,2534
13188.313961029053,2526
13189.311027526855,2514
13190.308094024658,2578
13191.277980804443,2574
13192.30318069458,2576
13193.272352218628,2536
13194.26941871643,2544
13195.266246795654,2578
13196.264743804932,2590
13197.290182113647,2514
13198.28748703003,2518
13199.268579483032,2522
13200.28805732727,2556
13201.278924942017,2586
13202.276706695557,2556
13203.244686126709,2590
13204.241514205933,2580
13205.238819122314,2518
13206.236362457275,2526
13207.233667373657,2518
13208.231210708618,2534
13209.228038787842,2426
13210.225820541382,2468
13211.223125457764,2462
13212.220191955566,2504
13213.246583938599,2512
13214.243173599243,2554
13215.24167060852,2558
13216.211795806885,2542
13217.209577560425,2570
13218.232154846191,2526
13219.229459762573,2558
13220.226764678955,2580
13221.224546432495,2486
13222.221851348877,2446
13223.2186794281,2502
13224.218130111694,2518
13225.192785263062,2570
13226.210832595825,2584
13227.208137512207,2546
13228.206157684326,2578
13229.203224182129,2596
13230.20052909851,2610
13231.197834014893,2614
13232.195854187012,2554
13233.19125175476,2518
13234.188795089722,2514
13235.185861587524,2514
13236.187219619751,2542
13237.184047698975,2520
13238.18039894104,2550
13239.164352416992,2538
13240.175247192383,2582
13241.146087646484,2602
13242.169857025146,2586
13243.16692352295,2578
13244.166374206543,2554
13245.162010192871,2482
13246.159315109253,2510
13247.157096862793,2526
13248.15821647644,2486
13249.15075302124,2504
13250.148296356201,2526
13251.146078109741,2514
13252.142667770386,2538
13253.139972686768,2574
13254.137992858887,2522
13255.13482093811,2514
13256.134033203125,2506
13257.129669189453,2502
13258.133888244629,2526
13259.124279022217,2486
13260.121822357178,2494
13261.11912727356,2502
13262.120246887207,2452
13263.113975524902,2490
13264.111518859863,2486
13265.108108520508,2514
13266.092538833618,2518
13267.076969146729,2494
13268.101453781128,2482
13269.069910049438,2466
13270.096063613892,2510
13271.091938018799,2498
13272.089719772339,2514
13273.08702468872,2546
13274.084329605103,2546
13275.084733963013,2538
13276.079177856445,2582
13277.075290679932,2578
13278.07331085205,2554
13279.070615768433,2550
13280.072689056396,2554
13281.064987182617,2534
13282.062292098999,2522
13283.058643341064,2554
13284.056663513184,2540
13285.053968429565,2578
13286.052227020264,2576
13287.049293518066,2598
13288.049459457397,2582
13289.048433303833,2596
13290.040254592896,2574
13291.020393371582,2556
13292.039155960083,2534
13293.032169342041,2548
13294.03042793274,2522
13295.027732849121,2546
13296.025514602661,2554
13297.021865844727,2598
13298.019409179688,2578
13299.017190933228,2558
13300.015211105347,2546
13301.012516021729,2550
13302.009344100952,2594
13303.006887435913,2524
13304.004430770874,2506
13305.001497268677,2486
13306.004524230957,2456
13306.968688964844,2512
13307.99412727356,2490
13308.990955352783,2504
13309.991359710693,2522
13310.985803604126,2490
13311.983108520508,2508
13312.979698181152,2558
13313.978433609009,2524
13314.975023269653,2502
13315.944910049438,2488
13316.970348358154,2470
13317.967176437378,2470
13318.96448135376,2486
13319.968223571777,2510
13320.959091186523,2494
13321.956872940063,2500
13322.924613952637,2510
13323.92144203186,2534
13324.918746948242,2530
13325.916290283203,2552
13326.913595199585,2522
13327.910900115967,2510
13328.90796661377,2514
13329.90550994873,2480
13330.903053283691,2486
13331.900119781494,2486
13332.897663116455,2536
13333.894968032837,2540
13334.89203453064,2518
13335.8895778656,2554
13336.886882781982,2586
13337.884187698364,2538
13338.881492614746,2522
13339.879035949707,2510
13340.87610244751,2522
13341.873407363892,2470
13342.870950698853,2486
13343.868255615234,2518
13344.865322113037,2506
13345.862865447998,2514
13346.86017036438,2508
13347.857475280762,2574
13348.854780197144,2546
13349.852323532104,2528
13350.849390029907,2554
13351.846933364868,2550
13352.84423828125,2490
13353.841543197632,2482
13354.838848114014,2506
13355.836153030396,2510
13356.833696365356,2520
13357.831001281738,2512
13358.828067779541,2540
13359.825372695923,2512
13360.822916030884,2546
13361.820220947266,2550
13362.817525863647,2552
13363.81459236145,2522
13365.809440612793,2572
13366.806745529175,2500
13367.804288864136,2546
13368.801593780518,2550
13369.7988986969,2550
13370.796203613281,2566
13371.793508529663,2550
13372.790813446045,2574
13373.788118362427,2550
13374.785661697388,2542
13375.78296661377,2538
13376.780271530151,2524
13377.777576446533,2526
13378.774881362915,2502
13379.772186279297,2542
13380.769491195679,2542
13381.76679611206,2526
13382.764101028442,2526
13383.761644363403,2552
13384.758949279785,2552
13385.756254196167,2518
13386.753559112549,2538
13387.750625610352,2528
13388.748168945312,2516
13389.745473861694,2494
13390.742778778076,2506
13391.740322113037,2450
13392.73738861084,2476
13393.7349319458,2514
13394.731998443604,2538
13395.729541778564,2522
13396.726846694946,2518
13397.724151611328,2480
13398.721933364868,2472
13399.71899986267,2460
13400.716066360474,2502
13401.713371276855,2470
13402.710914611816,2444
13403.708219528198,2478
13404.705286026001,2514
13405.703067779541,2482
13406.700134277344,2538
13407.697439193726,2652
13408.694744110107,2538
13409.69204902649,2554
13410.689353942871,2544
13411.686897277832,2550
13412.684202194214,2486
13413.681507110596,2506
13414.679050445557,2514
13415.677785873413,2510
13416.70298576355,2522
13417.700290679932,2514
13418.697595596313,2522
13419.694900512695,2528
13420.691967010498,2574
13421.689748764038,2536
13422.68705368042,2570
13423.68221282959,2514
13424.654245376587,2484
13425.677061080933,2494
13426.676034927368,2502
13427.671909332275,2472
13428.669929504395,2462
13429.672479629517,2468
13430.67216873169,2474
13431.668281555176,2538
13432.631254196167,2544
13433.65740776062,2540
13434.653997421265,2546
13435.623168945312,2550
13436.64813041687,2522
13437.645435333252,2514
13438.643217086792,2506
13439.640522003174,2536
13440.638065338135,2538
13441.634893417358,2540
13442.633628845215,2554
13443.630456924438,2542
13444.626808166504,2580
13445.624113082886,2576
13446.622610092163,2574
13447.624921798706,2600
13448.617458343506,2514
13449.613809585571,2526
13450.611114501953,2512
13451.609373092651,2536
13452.605962753296,2492
13453.603744506836,2504
13454.60033416748,2506
13455.569982528687,2546
13456.594705581665,2518
13457.608222961426,2560
13458.590269088745,2536
13459.58685874939,2510
13460.556507110596,2550
13461.553573608398,2576
13462.550640106201,2536
13463.547945022583,2512
13464.545249938965,2510
13465.542793273926,2514
13466.540098190308,2538
13467.53740310669,2520
13468.53494644165,2512
13469.532012939453,2502
13470.529317855835,2536
13471.526622772217,2544
13472.524166107178,2516
13473.52147102356,2538
13474.518775939941,2516
13475.516319274902,2534
13476.513862609863,2514
13477.539539337158,2558
13478.535890579224,2542
13479.533910751343,2518
13480.531454086304,2508
13481.528282165527,2534
13482.525825500488,2542
13483.522891998291,2510
13484.519958496094,2482
13485.517501831055,2486
13486.509799957275,2514
13487.4849319458,2522
13488.510370254517,2506
13489.50719833374,2522
13490.504741668701,2534
13491.501808166504,2550
13492.499351501465,2550
13493.49570274353,2534
13494.495630264282,2546
13495.492219924927,2494
13496.488332748413,2486
13497.485160827637,2526
13498.482942581177,2514
13499.453783035278,2502
13500.478982925415,2486
13501.476764678955,2510
13502.477645874023,2550
13503.47089767456,2574
13504.468441009521,2602
13505.466222763062,2576
13506.589412689209,2550
13507.58957862854,2542
13508.588075637817,2554
13509.613513946533,2518
13510.610580444336,2522
13511.60740852356,2510
13512.6051902771,2514
13513.602256774902,2540
13514.599800109863,2542
13515.597343444824,2574
13516.565799713135,2610
13517.069101333618,2582
13518.098592758179,2526
13519.065618515015,2526
13520.092248916626,2546
13521.061897277832,2526
13522.08685874939,2510
13523.083925247192,2502
13524.081468582153,2494
13525.080442428589,2502
13526.077032089233,2522
13527.046203613281,2570
13528.073787689209,2580
13529.068231582642,2550
13530.065536499023,2554
13531.062602996826,2546
13532.060384750366,2582
13533.057689666748,2526
13534.05785560608,2486
13535.051822662354,2498
13536.020517349243,2502
13537.046670913696,2492
13538.043975830078,2502
13539.041519165039,2538
13540.03930091858,2514
13541.008472442627,2526
13542.033672332764,2542
13543.031930923462,2538
13544.028043746948,2538
13545.02534866333,2550
13545.995712280273,2520
13547.020196914673,2474
13548.017501831055,2510
13549.01671409607,2502
13550.012111663818,2506
13551.00965499878,2510
13552.006483078003,2534
13553.004026412964,2558
13554.001808166504,2574
13554.999351501465,2534
13555.996894836426,2494
13556.993246078491,2506
13557.99388885498,2538
13558.988332748413,2502
13559.984922409058,2504
13560.982942581177,2534
13561.9797706604,2510
13562.977075576782,2510
13563.974618911743,2538
13564.972162246704,2554
13565.946578979492,2512
13566.967248916626,2538
13567.964553833008,2534
13568.96162033081,2520
13569.972038269043,2526
13570.95718383789,2534
13571.953535079956,2526
13572.950601577759,2570
13573.947668075562,2572
13574.945449829102,2526
13575.9437084198,2550
13576.945781707764,2578
13577.957391738892,2526
13578.934907913208,2550
13579.932451248169,2538
13580.929040908813,2520
13581.926822662354,2550
13582.924842834473,2514
13583.921432495117,2546
13584.919929504395,2554
13586.884260177612,2598
13586.884260177612,2538
13587.881326675415,2542
13588.878631591797,2586
13590.87347984314,2536
13590.87347984314,2522
13591.870546340942,2518
13592.867851257324,2510
13593.865156173706,2510
13594.862699508667,2526
13595.860004425049,2522
13596.85730934143,2544
13597.854614257812,2582
13599.849462509155,2574
13600.847244262695,2576
13600.847244262695,2546
13602.84161567688,2550
13602.84161567688,2598
13604.836225509644,2522
13605.833530426025,2482
13606.831073760986,2484
13607.828378677368,2494
13608.82544517517,2502
13609.822750091553,2514
13610.820055007935,2522
13611.817598342896,2514
13612.814664840698,2540
13613.81220817566,2520
13614.810705184937,2538
13615.80753326416,2542
13616.804838180542,2524
13617.801666259766,2494
13618.798971176147,2482
13619.796514511108,2486
13620.79405784607,2548
13621.791362762451,2502
13622.788429260254,2520
13623.785734176636,2522
13624.783992767334,2570
13625.781059265137,2586
13626.77812576294,2594
13627.775192260742,2590
13628.77345085144,2558
13629.770278930664,2546
13630.78498840332,2482
13631.769180297852,2534
13632.768154144287,2542
13633.789539337158,2540
13634.757995605469,2526
13635.784149169922,2554
13636.780738830566,2554
13637.778520584106,2550
13638.77558708191,2554
13639.772653579712,2574
13640.770196914673,2514
13641.737699508667,2546
13642.737627029419,2578
13643.7349319458,2518
13644.732475280762,2506
13645.728588104248,2512
13646.755695343018,2518
13647.752046585083,2542
13648.752450942993,2570
13649.717807769775,2570
13650.714635848999,2538
13651.712894439697,2546
13652.709245681763,2540
13653.706789016724,2538
13654.703855514526,2546
13655.701637268066,2518
13656.699180603027,2516
13657.69648551941,2526
13658.693313598633,2570
13659.690856933594,2504
13660.688161849976,2518
13661.6849899292,2518
13662.685632705688,2538
13663.681983947754,2520
13664.677858352661,2524
13665.674448013306,2514
13666.6738986969,2504
13667.669534683228,2518
13668.666124343872,2526
13669.66462135315,2536
13670.660734176636,2522
13671.658992767334,2502
13672.655820846558,2542
13673.65312576294,2542
13674.651145935059,2514
13675.647974014282,2540
13676.644563674927,2494
13677.643537521362,2484
13678.639888763428,2492
13679.63719367981,2514
13680.63473701477,2510
13681.632995605469,2514
13682.63030052185,2544
13683.62808227539,2538
13684.625148773193,2510
13685.621738433838,2534
13686.61904335022,2534
13687.616109848022,2510
13688.613176345825,2524
13689.610958099365,2520
13690.6156539917,2502
13691.604614257812,2490
13692.60311126709,2520
13693.599700927734,2502
13694.597721099854,2574
13695.594072341919,2534
13696.593523025513,2570
13697.590112686157,2574
13698.586702346802,2558
13699.584245681763,2526
13700.580835342407,2506
13701.578140258789,2502
13702.576398849487,2468
13703.57346534729,2502
13704.569816589355,2502
13705.568075180054,2536
13706.565618515015,2548
13707.563638687134,2534
13708.560943603516,2558
13709.55753326416,2582
13710.554599761963,2610
13711.551427841187,2598
13712.548971176147,2526
13713.547945022583,2534
13714.544773101807,2534
13715.541124343872,2522
13716.538190841675,2546
13717.535972595215,2570
13718.534231185913,2550
13719.531059265137,2574
13720.52812576294,2554
13721.524238586426,2598
13722.522974014282,2602
13723.520040512085,2614
13724.517345428467,2578
13725.513935089111,2578
13726.512432098389,2522
13727.50973701477,2514
13728.506088256836,2542
13729.504108428955,2526
13730.501413345337,2518
13731.498718261719,2514
13732.496976852417,2574
13733.49404335022,2602
13734.491348266602,2598
13735.487937927246,2554
13736.485481262207,2610
13737.483024597168,2554
13738.48009109497,2518
13739.476203918457,2522
13740.475177764893,2544
13741.472482681274,2536
13742.469787597656,2514
13743.466854095459,2546
13744.46415901184,2538
13745.461225509644,2554
13746.458768844604,2544
13747.457027435303,2594
13748.469114303589,2550
13749.451875686646,2526
13750.448226928711,2514
13751.445531845093,2534
13752.442359924316,2542
13753.438949584961,2508
13754.436492919922,2486
13755.435228347778,2534
13756.443738937378,2554
13757.441520690918,2526
13758.433818817139,2516
13759.423971176147,2514
13760.421514511108,2520
13761.41905784607,2526
13762.417316436768,2574
13763.428688049316,2554
13764.411926269531,2526
13765.408039093018,2526
13766.405582427979,2522
13767.405033111572,2550
13768.402338027954,2588
13769.399404525757,2574
13770.395994186401,2536
13771.42357826233,2542
13772.38941192627,2558
13773.415803909302,2542
13774.38497543335,2518
13775.380373001099,2504
13776.379346847534,2534
13777.376413345337,2576
13778.372764587402,2572
13779.370546340942,2550
13780.367612838745,2542
13781.365633010864,2516
13782.362461090088,2542
13783.360242843628,2570
13784.35754776001,2574
13785.354852676392,2506
13786.352396011353,2512
13787.349462509155,2512
13788.3460521698,2516
13789.344072341919,2512
13790.341854095459,2534
13791.339635848999,2538
13792.335748672485,2526
13793.333530426025,2556
13794.330835342407,2538
13795.327425003052,2554
13796.326398849487,2494
13797.322988510132,2502
13798.319578170776,2506
13799.318075180054,2510
13800.314903259277,2500
13801.31196975708,2514
13802.309274673462,2526
13803.305625915527,2514
13804.304361343384,2514
13805.302381515503,2542
13806.298732757568,2586
13807.29627609253,2544
13808.293581008911,2522
13809.290885925293,2510
13810.2867603302,2490
13811.285972595215,2494
13812.28232383728,2506
13813.279867172241,2484
13814.27788734436,2502
13815.273523330688,2550
13816.270589828491,2536
13817.268371582031,2574
13818.265438079834,2590
13819.262742996216,2550
13820.259809494019,2528
13821.25735282898,2514
13822.254657745361,2538
13823.282718658447,2512
13824.249982833862,2478
13825.24847984314,2478
13826.245546340942,2522
13827.242612838745,2586
13828.239679336548,2602
13829.237461090088,2570
13830.235004425049,2536
13831.231832504272,2518
13832.229137420654,2546
13833.226919174194,2550
13834.259271621704,2522
13835.251569747925,2502
13836.251974105835,2470
13837.245225906372,2458
13838.212490081787,2486
13839.210987091064,2486
13840.208768844604,2448
13841.204643249512,2506
13842.20290184021,2514
13843.199729919434,2534
13844.197511672974,2550
13845.193862915039,2542
13846.192359924316,2510
13847.189664840698,2510
13848.186492919922,2554
13849.184036254883,2534
13850.181579589844,2554
13851.178884506226,2574
13852.174997329712,2608
13853.17349433899,2638
13854.17103767395,2636
13855.168104171753,2630
13856.165409088135,2620
13857.161521911621,2610
13858.158588409424,2618
13859.156370162964,2608
13860.153913497925,2594
13861.152410507202,2582
13862.149715423584,2582
13863.147020339966,2598
13864.144086837769,2606
13865.170240402222,2574
13866.140365600586,2582
13867.136478424072,2590
13868.167400360107,2542
13869.159460067749,2518
13870.157480239868,2506
13871.126174926758,2518
13872.121810913086,2544
13873.12126159668,2520
13874.11642074585,2534
13875.116109848022,2542
13876.112937927246,2504
13877.110004425049,2494
13878.113746643066,2538
13879.103899002075,2550
13880.101680755615,2502
13881.098508834839,2488
13882.097959518433,2470
13883.094787597656,2488
13884.090423583984,2502
13885.087490081787,2490
13886.085748672485,2494
13887.082576751709,2504
13888.080358505249,2578
13889.076709747314,2526
13890.07544517517,2514
13891.072988510132,2470
13892.06838607788,2454
13893.067121505737,2410
13894.065141677856,2422
13895.062923431396,2442
13896.059036254883,2426
13897.056579589844,2414
13898.053646087646,2476
13899.05071258545,2510
13900.055408477783,2518
13901.058197021484,2520
13902.042627334595,2498
13903.039693832397,2498
13904.037237167358,2474
13905.03454208374,2502
13906.031847000122,2416
13907.028675079346,2442
13908.02788734436,2482
13909.025192260742,2466
13910.022497177124,2430
13911.020040512085,2490
13912.02425956726,2492
13913.015365600586,2512
13914.011716842651,2514
13915.009021759033,2534
13916.006803512573,2486
13917.008399963379,2466
13918.000936508179,2486
13918.997764587402,2490
13919.995784759521,2450
13920.99380493164,2488
13921.990633010864,2554
13922.988653182983,2570
13923.985481262207,2582
13924.98254776001,2612
13925.979852676392,2608
13926.977157592773,2586
13927.974224090576,2576
13928.971767425537,2602
13929.970264434814,2558
13930.967569351196,2518
13932.908296585083,2534
13932.908296585083,2534
13933.915138244629,2526
13934.916734695435,2542
13935.952425003052,2550
13937.118768692017,2578
13938.117980957031,2554
13939.144134521484,2520
13940.112352371216,2548
13941.107034683228,2534
13942.105293273926,2502
13943.103075027466,2542
13944.09990310669,2600
13945.096254348755,2548
13946.094274520874,2514
13947.092771530151,2550
13948.089122772217,2574
13949.08618927002,2578
13950.085401535034,2544
13951.081991195679,2554
13952.07929611206,2538
13953.076124191284,2540
13954.073190689087,2522
13955.07025718689,2546
13956.067562103271,2494
13957.064867019653,2482
13958.07433128357,2540
13959.060192108154,2538
13960.057735443115,2538
13961.053609848022,2540
13962.05186843872,2534
13963.048934936523,2526
13964.045763015747,2528
13965.044260025024,2536
13966.041564941406,2534
13967.039346694946,2522
13968.035697937012,2574
13969.033241271973,2570
13971.027135848999,2598
13971.027135848999,2552
13972.023963928223,2582
13973.037958145142,2578
13974.018096923828,2546
13975.015640258789,2538
13976.01318359375,2542
13977.010250091553,2494
13978.007555007935,2510
13979.005336761475,2506
13980.003356933594,2506
13981.00209236145,2518
13982.001066207886,2558
13983.994007110596,2522
13983.994007110596,2542
13984.99059677124,2544
13985.986709594727,2552
13986.985683441162,2518
13987.982273101807,2480
13988.97933959961,2418
13989.97712135315,2474
13990.973711013794,2474
13991.970539093018,2488
13992.968559265137,2486
13993.967771530151,2474
13994.967937469482,2502
13995.964765548706,2550
13996.960163116455,2542
13997.957468032837,2522
13999.951601028442,2522
13999.951601028442,2490
14000.946998596191,2458
14001.943826675415,2450
14002.970933914185,2470
14003.976345062256,2470
14004.937171936035,2418
14006.938934326172,2510
14007.92908668518,2544
14007.92908668518,2544
14009.92465019226,2512
14009.92465019226,2558
14011.921405792236,2556
14012.917757034302,2510
14013.913631439209,2534
14014.910697937012,2528
14015.90895652771,2486
14016.905069351196,2466
14017.908811569214,2490
14018.900394439697,2534
14019.89722251892,2542
14020.894765853882,2558
14021.892070770264,2548
14022.889375686646,2542
14023.885250091553,2550
14023.885250091553,2510
14025.882720947266,2554
14026.877641677856,2514
14027.876138687134,2492
14028.872728347778,2502
14029.88314628601,2506
14029.88314628601,2510
14031.867027282715,2514
14032.864332199097,2554
14032.864332199097,2546
14034.858703613281,2542
14035.857915878296,2522
14036.85188293457,2534
14037.84966468811,2536
14037.84966468811,2498
14039.8428440094,2418
14039.8428440094,2502
14041.837692260742,2520
14042.837142944336,2534
14042.837142944336,2542
14044.841051101685,2514
14045.82691192627,2502
14046.82469367981,2538
14047.82223701477,2510
14048.819541931152,2494
14049.819469451904,2490
14050.816059112549,2478
14051.812410354614,2476
14052.808284759521,2524
14053.837060928345,2518
14054.834365844727,2510
14055.800437927246,2510
14056.79726600647,2510
14057.796239852905,2534
14058.82215499878,2542
14059.792518615723,2500
14060.815334320068,2484
14061.813116073608,2478
14062.781572341919,2486
14063.779592514038,2526
14064.806461334229,2554
14065.77444076538,2544
14066.771984100342,2534
14067.769050598145,2546
14068.765640258789,2550
14069.76294517517,2542
14070.761680603027,2532
14071.758031845093,2512
14072.755336761475,2500
14073.752403259277,2504
14074.750423431396,2484
14075.7474899292,2474
14076.743841171265,2478
14077.7428150177,2508
14078.739166259766,2538
14079.737424850464,2508
14080.73377609253,2554
14081.73131942749,2542
14082.727909088135,2502
14083.726406097412,2510
14084.723949432373,2506
14085.72006225586,2470
14086.718559265137,2446
14087.71562576294,2488
14088.712453842163,2490
14089.71118927002,2500
14090.707778930664,2522
14091.70389175415,2538
14092.703104019165,2580
14093.700647354126,2598
14094.697713851929,2544
14095.69501876831,2526
14096.692562103271,2532
14097.689628601074,2518
14098.687171936035,2474
14099.684953689575,2490
14100.68154335022,2522
14101.678609848022,2538
14102.675914764404,2550
14103.674173355103,2574
14104.671478271484,2558
14105.669260025024,2542
14106.666564941406,2570
14107.66339302063,2582
14108.660459518433,2570
14109.658002853394,2538
14110.682487487793,2524
14111.697435379028,2488
14112.647771835327,2504
14113.6794090271,2586
14114.644527435303,2578
14115.640878677368,2522
14116.63842201233,2534
14117.635726928711,2558
14118.632793426514,2554
14119.63176727295,2554
14120.627880096436,2538
14121.624946594238,2482
14122.62225151062,2482
14123.618841171265,2490
14124.617338180542,2546
14125.614881515503,2534
14126.61099433899,2522
14127.609729766846,2520
14128.605604171753,2526
14129.605054855347,2522
14130.600690841675,2598
14131.597995758057,2574
14132.594347000122,2510
14133.593082427979,2514
14134.590148925781,2518
14135.587692260742,2538
14136.584758758545,2548
14137.582302093506,2546
14138.579607009888,2526
14139.576196670532,2488
14140.591382980347,2538
14141.571521759033,2586
14142.568826675415,2538
14143.565654754639,2504
14144.5631980896,2494
14145.56074142456,2508
14146.558046340942,2518
14147.554397583008,2518
14148.553609848022,2506
14149.550676345825,2518
14150.54726600647,2502
14151.544570922852,2558
14152.542114257812,2586
14153.539180755615,2538
14154.53839302063,2508
14155.535221099854,2502
14156.532049179077,2518
14157.530069351196,2518
14158.526420593262,2506
14159.52467918396,2514
14160.521507263184,2534
14161.525964736938,2538
14162.517070770264,2554
14163.513660430908,2554
14164.51120376587,2586
14165.50898551941,2526
14166.505813598633,2518
14167.503356933594,2490
14168.500900268555,2516
14169.496774673462,2510
14170.493125915527,2518
14171.49019241333,2502
14172.487497329712,2510
14173.484802246094,2538
14174.482583999634,2546
14175.480127334595,2550
14176.476955413818,2570
14177.4742603302,2582
14178.471565246582,2542
14179.468870162964,2518
14180.466175079346,2542
14181.463241577148,2510
14182.461023330688,2502
14183.45832824707,2504
14184.455633163452,2542
14185.52017211914,2528
14186.450719833374,2538
14187.477827072144,2578
14188.475847244263,2550
14189.442873001099,2534
14190.441846847534,2546
14191.438436508179,2542
14192.43574142456,2534
14193.432569503784,2502
14194.430351257324,2488
14195.435047149658,2480
14196.423768997192,2490
14197.423934936523,2518
14198.429822921753,2526
14199.415922164917,2554
14200.414419174194,2522
14201.411724090576,2550
14202.409029006958,2578
14203.406572341919,2550
14204.40411567688,2546
14205.401182174683,2514
14206.398725509644,2542
14207.395553588867,2516
14208.393335342407,2522
14209.39040184021,2526
14210.386514663696,2506
14211.385726928711,2544
14212.382078170776,2550
14213.379383087158,2542
14214.37692642212,2554
14215.374231338501,2550
14216.372013092041,2550
14217.369079589844,2522
14218.366861343384,2504
14219.363927841187,2534
14220.36075592041,2492
14221.358060836792,2506
14222.355365753174,2506
14223.352670669556,2526
14224.3492603302,2510
14225.348234176636,2546
14226.346015930176,2554
14227.34260559082,2574
14228.339195251465,2522
14229.337215423584,2542
14230.334997177124,2522
14231.33134841919,2542
14232.328414916992,2544
14233.326196670532,2570
14234.323740005493,2534
14235.320806503296,2506
14236.318826675415,2554
14237.315654754639,2602
14238.3131980896,2546
14239.311695098877,2526
14240.30876159668,2538
14241.307258605957,2510
14242.303848266602,2554
14243.300199508667,2586
14244.29726600647,2546
14245.294094085693,2514
14246.294260025024,2494
14247.300148010254,2514
14248.286724090576,2538
14249.282836914062,2552
14250.282049179077,2530
14251.2788772583,2502
14252.276420593262,2522
14253.273725509644,2526
14254.270792007446,2522
14255.268812179565,2522
14256.26516342163,2534
14257.262706756592,2514
14258.262395858765,2542
14259.257316589355,2554
14260.253190994263,2540
14261.25192642212,2552
14262.248992919922,2512
14263.246059417725,2488
14264.243602752686,2510
14265.240669250488,2498
14266.237258911133,2490
14267.236232757568,2502
14268.23353767395,2534
14269.229650497437,2482
14270.229816436768,2518
14271.225214004517,2542
14272.222757339478,2538
14273.226976394653,2554
14274.218320846558,2538
14275.216102600098,2506
14276.214838027954,2502
14277.210235595703,2494
14278.206586837769,2518
14279.20389175415,2486
14280.201196670532,2518
14281.199216842651,2514
14282.195329666138,2510
14283.193826675415,2550
14284.190654754639,2572
14285.186529159546,2536
14286.183595657349,2534
14287.199258804321,2534
14288.178205490112,2500
14289.177656173706,2502
14290.173292160034,2502
14291.170835494995,2510
14292.168140411377,2506
14293.1649684906,2482
14294.162273406982,2512
14295.159816741943,2538
14296.157121658325,2534
14297.154426574707,2578
14298.15149307251,2558
14299.148797988892,2574
14300.147771835327,2558
14301.14459991455,2508
14302.144527435303,2492
14303.140640258789,2510
14304.137706756592,2482
14305.135726928711,2490
14306.132555007935,2538
14307.15799331665,2544
14308.158874511719,2526
14309.13519859314,2534
14310.124397277832,2530
14311.118841171265,2574
14312.143564224243,2538
14313.140630722046,2520
14314.140558242798,2502
14315.136909484863,2516
14316.105127334595,2538
14317.13056564331,2498
14318.127632141113,2458
14319.09704208374,2502
14320.094347000122,2520
14321.091651916504,2542
14322.088956832886,2558
14323.08578491211,2534
14325.082063674927,2520
14325.082063674927,2552
14326.07889175415,2542
14327.075481414795,2518
14328.072786331177,2482
14329.070568084717,2494
14330.066919326782,2514
14331.064939498901,2534
14332.062244415283,2546
14333.059787750244,2546
14334.056615829468,2522
14335.05392074585,2522
14336.05170249939,2510
14337.048768997192,2544
14338.046312332153,2534
14339.043855667114,2518
14340.039730072021,2526
14341.041564941406,2550
14342.036485671997,2550
14343.032360076904,2526
14344.029188156128,2540
14345.027208328247,2542
14346.024751663208,2572
14347.02181816101,2546
14348.018884658813,2536
14349.016189575195,2518
14350.014209747314,2526
14351.011276245117,2524
14352.008819580078,2542
14353.00588607788,2514
14354.00366783142,2546
14355.000734329224,2550
14355.998277664185,2542
14356.99439048767,2542
14357.99264907837,2502
14358.989000320435,2510
14359.986543655396,2506
14360.98337173462,2518
14361.980676651001,2490
14362.977743148804,2506
14363.975286483765,2470
14364.972591400146,2482
14365.970373153687,2542
14366.967678070068,2610
14367.964744567871,2554
14368.962526321411,2538
14369.959592819214,2538
14370.957136154175,2550
14371.954441070557,2498
14372.95150756836,2478
14373.94905090332,2472
14374.948263168335,2486
14375.943899154663,2520
14376.940965652466,2518
14377.938032150269,2500
14378.946781158447,2514
14379.932880401611,2526
14380.930185317993,2542
14381.927251815796,2518
14382.924795150757,2550
14383.92186164856,2502
14384.9196434021,2478
14386.915683746338,2462
14387.912273406982,2490
14388.909816741943,2466
14388.909816741943,2486
14389.907360076904,2494
14390.904426574707,2522
14391.901969909668,2588
14392.898321151733,2578
14393.895626068115,2570
14394.892692565918,2546
14395.890235900879,2542
14396.88754081726,2520
14397.884607315063,2510
14398.882389068604,2506
14399.879693984985,2478
14400.876522064209,2520
14401.874542236328,2534
14403.86939048767,2518
14403.86939048767,2534
14405.864477157593,2574
14405.864477157593,2522
14406.861543655396,2550
14408.860206604004,2538
14409.854412078857,2518
14410.85147857666,2502
14410.85147857666,2512
14411.876678466797,2538
14412.8737449646,2498
14413.871765136719,2532
14414.868593215942,2548
14416.837692260742,2556
14417.834043502808,2576
14418.829917907715,2586
14419.82889175415,2546
14420.82405090332,2542
14421.823263168335,2538
14422.820329666138,2532
14423.81763458252,2588
14424.81541633606,2554
14425.81295967102,2544
14426.809310913086,2574
14427.806854248047,2542
14428.804874420166,2542
14429.80170249939,2554
14430.79924583435,2554
14431.795835494995,2558
14432.793855667114,2482
14433.790683746338,2494
14434.78798866272,2536
14435.78553199768,2578
14436.783075332642,2506
14437.780618667603,2522
14438.778162002563,2534
14439.780235290527,2522
14440.772771835327,2556
14441.770553588867,2586
14442.767143249512,2542
14443.763971328735,2474
14444.761037826538,2494
14445.759057998657,2546
14446.75612449646,2534
14447.753190994263,2510
14448.75192642212,2512
14449.748992919922,2536
14450.746774673462,2512
14451.743602752686,2580
14452.740669250488,2582
14453.740119934082,2570
14454.735040664673,2478
14455.733299255371,2506
14456.729650497437,2512
14457.72910118103,2474
14458.732843399048,2502
14459.7327709198,2486
14460.718870162964,2502
14461.716175079346,2558
14462.713479995728,2608
14463.708877563477,2582
14464.706182479858,2574
14465.70348739624,2548
14466.700792312622,2538
14467.697858810425,2566
14468.696355819702,2540
14469.696283340454,2540
14470.694541931152,2520
14471.690654754639,2502
14472.715139389038,2514
14473.684549331665,2580
14474.713325500488,2582
14475.679636001587,2578
14476.70316696167,2586
14477.699041366577,2588
14478.671550750732,2546
14479.66742515564,2544
14480.67855834961,2580
14481.687307357788,2522
14482.658624649048,2454
14483.655452728271,2480
14484.652280807495,2518
14485.650062561035,2518
14486.647844314575,2552
14487.645149230957,2522
14488.642930984497,2478
14489.640474319458,2524
14490.670204162598,2550
14491.6353225708,2522
14492.660284042358,2490
14493.63374710083,2474
14494.625806808472,2430
14495.623588562012,2448
14496.620655059814,2482
14497.617959976196,2506
14498.615264892578,2482
14499.613285064697,2474
14500.61011314392,2478
14501.607418060303,2538
14502.604484558105,2552
14503.602027893066,2544
14504.599809646606,2524
14505.59687614441,2498
14506.59441947937,2468
14507.608413696289,2502
14508.590698242188,2528
14509.598731994629,2510
14510.585069656372,2508
14511.582374572754,2520
14512.579441070557,2522
14513.577222824097,2546
14514.574527740479,2558
14515.572309494019,2546
14516.570091247559,2534
14517.566919326782,2484
14518.564939498901,2518
14519.57654953003,2542
14520.559787750244,2518
14521.556615829468,2512
14522.55392074585,2522
14523.550748825073,2500
14524.549007415771,2518
14525.57396888733,2532
14526.571035385132,2510
14527.568340301514,2478
14528.536081314087,2470
14529.563665390015,2458
14530.563592910767,2492
14531.557321548462,2522
14532.554626464844,2504
14533.522129058838,2498
14534.556865692139,2526
14535.547018051147,2544
14536.54432296753,2552
14537.514209747314,2572
14538.51056098938,2520
14539.508581161499,2518
14540.505170822144,2534
14541.539907455444,2520
14542.531967163086,2522
14543.525695800781,2506
14544.527769088745,2534
14545.520067214966,2550
14546.518325805664,2578
14547.51467704773,2574
14548.482894897461,2550
14549.479961395264,2510
14550.490140914917,2534
14551.47385597229,2522
14552.471160888672,2542
14553.46941947937,2478
14554.466962814331,2486
14555.464267730713,2502
14556.509017944336,2518
14557.49225616455,2518
14558.459281921387,2558
14559.491634368896,2542
14560.48059463501,2570
14561.483144760132,2584
14562.475204467773,2550
14563.47680091858,2538
14564.470291137695,2508
14565.468311309814,2522
14566.437482833862,2510
14567.44122505188,2514
14568.43113899231,2546
14569.427967071533,2558
14570.454597473145,2538
14571.451425552368,2582
14572.44873046875,2580
14573.447465896606,2580
14574.415683746338,2558
14575.44231414795,2576
14576.43723487854,2526
14577.463388442993,2510
14578.403949737549,2528
14579.428672790527,2518
14580.397844314575,2510
14581.395149230957,2504
14582.392692565918,2534
14583.390235900879,2574
14584.415435791016,2570
14585.383892059326,2578
14586.382150650024,2610
14587.391138076782,2596
14588.377714157104,2524
14589.37382698059,2518
14590.37160873413,2526
14591.369152069092,2490
14592.42033958435,2482
14593.363523483276,2514
14594.3603515625,2542
14595.357179641724,2570
14596.355676651001,2578
14597.352743148804,2538
14598.34909439087,2526
14599.347829818726,2544
14600.345134735107,2540
14601.341962814331,2538
14602.339267730713,2526
14603.336811065674,2490
14604.334354400635,2510
14605.331182479858,2490
14606.328010559082,2544
14607.325077056885,2516
14608.326196670532,2518
14609.320163726807,2530
14610.337257385254,2538
14611.315250396729,2554
14612.312078475952,2536
14613.309860229492,2512
14614.307403564453,2502
14615.303754806519,2512
14616.302728652954,2474
14617.299795150757,2514
14618.296146392822,2540
14619.294166564941,2522
14620.291471481323,2542
14621.288776397705,2546
14622.285842895508,2534
14623.284101486206,2510
14624.280452728271,2538
14625.278234481812,2502
14626.27649307251,2506
14627.272844314575,2490
14628.26919555664,2520
14629.26721572876,2498
14630.264282226562,2522
14631.261348724365,2526
14632.259607315063,2510
14633.257150650024,2508
14634.254217147827,2514
14635.251522064209,2510
14636.248588562012,2502
14637.24684715271,2478
14638.242244720459,2474
14639.241933822632,2514
14640.238046646118,2550
14641.2353515625,2574
14642.232656478882,2580
14643.229722976685,2550
14644.227266311646,2544
14645.23434638977,2586
14646.222114562988,2546
14647.21941947937,2514
14648.215770721436,2502
14649.214029312134,2512
14650.211572647095,2532
14651.208639144897,2526
14652.20594406128,2514
14653.20372581482,2518
14654.20150756836,2518
14655.198574066162,2554
14656.195640563965,2546
14657.193183898926,2578
14658.191680908203,2458
14659.188032150269,2470
14660.183668136597,2462
14661.181688308716,2506
14662.178754806519,2478
14663.17629814148,2480
14664.17384147644,2506
14665.170907974243,2502
14666.168212890625,2534
14667.168855667114,2570
14668.16258430481,2558
14669.159650802612,2502
14670.156478881836,2502
14671.154260635376,2500
14672.151327133179,2494
14673.14863204956,2480
14674.1464138031,2476
14675.160646438599,2482
14676.141262054443,2474
14677.138566970825,2534
14678.135395050049,2558
14679.141283035278,2542
14680.142402648926,2506
14681.127548217773,2550
14682.124614715576,2558
14683.121919631958,2522
14684.119462966919,2522
14685.1167678833,2528
14686.114311218262,2518
14687.111377716064,2482
14688.109397888184,2508
14689.11337852478,2514
14690.109252929688,2524
14691.101551055908,2518
14693.12572479248,2526
14693.12572479248,2534
14694.123029708862,2546
14695.119619369507,2576
14696.11668586731,2542
14697.113990783691,2522
14698.082685470581,2510
14699.11003112793,2514
14700.07848739624,2516
14701.104164123535,2534
14702.101469039917,2546
14703.120470046997,2542
14704.09631729126,2510
14705.09386062622,2558
14706.06279373169,2554
14707.058191299438,2514
14708.056449890137,2502
14709.05327796936,2546
14710.050344467163,2526
14711.047410964966,2524
14712.044715881348,2546
14713.04202079773,2526
14714.039325714111,2518
14715.036392211914,2512
14716.034412384033,2510
14717.031717300415,2484
14718.029260635376,2522
14719.026327133179,2518
14720.024108886719,2514
14721.020936965942,2502
14722.018241882324,2508
14723.015546798706,2522
14724.012613296509,2550
14725.016117095947,2544
14726.00769996643,2522
14727.004766464233,2554
14728.002309799194,2526
14728.999376296997,2558
14729.996919631958,2534
14730.99398612976,2520
14731.991529464722,2512
14732.989072799683,2544
14733.986377716064,2534
14734.983444213867,2518
14735.980749130249,2518
14737.977981567383,2516
14737.977981567383,2552
14738.973140716553,2542
14739.972114562988,2516
14740.967750549316,2534
14741.966485977173,2510
14742.963552474976,2516
14743.960618972778,2490
14744.95792388916,2510
14745.955467224121,2524
14746.95348739624,2542
14747.950077056885,2522
14748.947858810425,2558
14749.943494796753,2574
14750.94199180603,2558
14751.94001197815,2614
14752.937316894531,2610
14753.934621810913,2558
14754.931211471558,2526
14755.92851638794,2542
14757.925987243652,2518
14757.925987243652,2488
14759.917259216309,2510
14759.917259216309,2534
14760.91456413269,2518
14761.911392211914,2526
14762.908697128296,2544
14763.905763626099,2542
14764.903545379639,2538
14765.901565551758,2542
14766.898155212402,2542
14767.895936965942,2526
14768.893003463745,2470
14769.889831542969,2454
14770.889043807983,2504
14771.885633468628,2484
14772.882461547852,2518
14773.914098739624,2524
14774.915933609009,2538
14775.904893875122,2574
14776.902198791504,2578
14778.866529464722,2604
14779.863834381104,2514
14779.863834381104,2516
14780.86256980896,2458
14781.859397888184,2506
14782.857894897461,2478
14783.854246139526,2494
14785.84885597229,2490
14785.84885597229,2482
14787.843942642212,2514
14788.840293884277,2574
14789.838075637817,2494
14790.83776473999,2510
14790.83776473999,2526
14792.8307056427,2522
14793.82610321045,2506
14794.823169708252,2488
14794.823169708252,2474
14796.818017959595,2478
14797.818183898926,2474
14798.812866210938,2486
14799.810409545898,2510
14800.807476043701,2506
14801.805019378662,2510
14802.802085876465,2516
14803.799390792847,2544
14804.796695709229,2534
14805.79400062561,2474
14806.791543960571,2510
14807.792901992798,2534
14808.786392211914,2518
14809.794902801514,2514
14810.781240463257,2506
14811.77806854248,2508
14812.775373458862,2532
14813.772916793823,2536
14814.769983291626,2546
14815.767288208008,2504
14816.764831542969,2506
14817.763090133667,2506
14818.76254081726,2536
14819.759130477905,2542
14820.756673812866,2534
14821.754693984985,2524
14822.75104522705,2512
14823.748350143433,2538
14824.74684715271,2554
14825.743436813354,2538
14826.740503311157,2542
14827.738046646118,2494
14828.736066818237,2510
14829.752922058105,2490
14830.729246139526,2486
14831.726551055908,2536
14832.724571228027,2534
14833.72187614441,2494
14834.718704223633,2522
14835.716962814331,2534
14836.714029312134,2536
14837.712287902832,2548
14838.709592819214,2518
14839.706420898438,2524
14840.703010559082,2518
14841.70126914978,2528
14842.706203460693,2514
14843.69444847107,2508
14844.719648361206,2502
14845.69001197815,2556
14846.71425819397,2580
14847.700595855713,2556
14848.682641983032,2542
14849.679231643677,2558
14850.675582885742,2542
14851.701736450195,2506
14852.669715881348,2514
14853.667497634888,2508
14854.66480255127,2446
14855.661869049072,2494
14856.659650802612,2522
14857.657670974731,2534
14858.655452728271,2542
14859.651327133179,2538
14860.648155212402,2640
14861.645698547363,2538
14862.642765045166,2546
14863.659143447876,2546
14864.637851715088,2550
14865.63491821289,2504
14866.631746292114,2502
14867.629289627075,2514
14868.628025054932,2536
14869.624614715576,2524
14870.637893676758,2554
14871.619462966919,2546
14872.616291046143,2516
14873.613834381104,2542
14874.61233139038,2606
14875.607967376709,2578
14876.605033874512,2520
14877.612829208374,2482
14878.599643707275,2578
14879.597663879395,2506
14880.594730377197,2516
14881.592273712158,2486
14882.598400115967,2458
14883.586883544922,2510
14884.584426879883,2544
14885.582208633423,2554
14886.594772338867,2544
14887.576580047607,2542
14888.575553894043,2524
14889.572143554688,2518
14890.567541122437,2494
14891.56699180603,2528
14892.563581466675,2510
14893.56017112732,2474
14894.557476043701,2540
14895.554780960083,2586
14896.552801132202,2598
14897.556066513062,2550
14898.548364639282,2538
14899.545192718506,2552
14900.54202079773,2582
14901.539325714111,2550
14902.536153793335,2540
14903.533935546875,2486
14904.532194137573,2478
14905.52806854248,2506
14906.525135040283,2534
14907.54246711731,2526
14908.520698547363,2522
14909.518957138062,2578
14910.515308380127,2540
14911.539793014526,2546
14912.50991821289,2554
14913.507223129272,2538
14914.504528045654,2546
14915.502071380615,2518
14916.499137878418,2504
14917.495965957642,2518
14918.49422454834,2538
14919.491291046143,2558
14920.488834381104,2510
14921.486616134644,2522
14922.483682632446,2558
14923.480987548828,2554
14924.479484558105,2550
14925.47631263733,2522
14926.47409439087,2502
14927.471160888672,2498
14928.468942642212,2526
14929.465770721436,2548
14930.462837219238,2546
14931.459903717041,2546
14932.457208633423,2484
14933.4557056427,2504
14934.452295303345,2544
14935.450077056885,2538
14936.447620391846,2454
14937.442779541016,2478
14938.440322875977,2490
14939.438343048096,2520
14940.436601638794,2534
14941.432476043701,2532
14942.430257797241,2546
14943.459749221802,2526
14944.453239440918,2574
14945.451259613037,2542
14946.449041366577,2588
14947.416067123413,2528
14948.413133621216,2482
14949.410915374756,2510
14950.4075050354,2526
14951.404333114624,2502
14952.433347702026,2512
14953.430891036987,2494
14954.397201538086,2518
14955.3964138031,2578
14956.392049789429,2598
14957.38935470581,2574
14958.389282226562,2550
14959.384679794312,2526
14960.409879684448,2536
14961.408138275146,2486
14962.40496635437,2502
14963.401794433594,2502
14964.399099349976,2514
14965.396642684937,2490
14966.365337371826,2542
14967.362642288208,2534
14968.35970878601,2558
14969.356775283813,2590
14970.355033874512,2554
14971.352577209473,2526
14972.350120544434,2512
14973.38318824768,2554
14974.34401512146,2534
14975.343227386475,2506
14976.369142532349,2514
14977.34808921814,2542
14978.363752365112,2558
14979.35938835144,2586
14980.356693267822,2590
14981.353998184204,2546
14982.352495193481,2550
14983.336925506592,2590
14984.318256378174,2554
14985.315084457397,2558
14986.31238937378,2514
14987.311124801636,2468
14988.30771446228,2494
14989.3057346344,2522
14990.302085876465,2538
14991.300344467163,2500
14992.296695709229,2506
14993.293762207031,2572
14994.291305541992,2552
14995.287895202637,2550
14996.286153793335,2546
14997.283697128296,2532
14998.29387664795,2490
14999.276876449585,2510
15000.273942947388,2502
15001.270771026611,2544
15002.268314361572,2482
15003.266096115112,2506
15004.263639450073,2550
15005.261421203613,2522
15006.258249282837,2514
15007.25769996643,2524
15010.097980499268,2516
15010.097980499268,2510
15010.097980499268,2486
15011.164665222168,2538
15012.606620788574,2510
15013.1094455719,2506
15014.108657836914,2508
15015.105962753296,2514
15016.103506088257,2504
15017.101049423218,2534
15018.098831176758,2528
15019.096374511719,2514
15020.092487335205,2494
15021.089792251587,2512
15022.087335586548,2514
15023.08464050293,2502
15024.081945419312,2518
15025.080919265747,2538
15026.076793670654,2538
15027.074337005615,2514
15028.071641921997,2526
15029.0687084198,2546
15030.066013336182,2538
15031.063079833984,2538
15032.060384750366,2542
15033.057928085327,2526
15034.055233001709,2526
15035.05253791809,2512
15036.050081253052,2518
15037.04857826233,2510
15038.044929504395,2546
15039.042472839355,2558
15040.040254592896,2578
15041.037559509277,2574
15042.034387588501,2522
15043.0326461792,2518
15044.058084487915,2486
15045.056819915771,2510
15046.05221748352,2482
15047.022581100464,2510
15048.047065734863,2502
15049.043416976929,2512
15050.012826919556,2490
15051.00965499878,2546
15052.006959915161,2550
15053.004264831543,2526
15054.00276184082,2502
15054.999589920044,2506
15055.996894836426,2554
15057.028770446777,2510
15057.992696762085,2458
15058.98904800415,2462
15059.986591339111,2492
15060.983419418335,2512
15061.980724334717,2534
15062.97779083252,2518
15063.97557258606,2554
15064.972877502441,2538
15065.970182418823,2578
15066.968202590942,2588
15067.965030670166,2556
15068.962097167969,2478
15069.959163665771,2478
15070.956707000732,2506
15071.982622146606,2546
15072.980642318726,2542
15073.977947235107,2514
15074.97525215149,2534
15075.97303390503,2550
15076.970100402832,2542
15077.967166900635,2578
15078.964710235596,2568
15079.962968826294,2538
15080.95908164978,2522
15081.95686340332,2518
15082.953691482544,2554
15083.951950073242,2490
15084.948301315308,2486
15085.946321487427,2520
15086.943626403809,2534
15087.94093132019,2556
15088.90986442566,2546
15090.907335281372,2518
15090.907335281372,2522
15091.902256011963,2554
15092.89836883545,2580
15093.895673751831,2516
15094.893455505371,2522
15095.890760421753,2518
15096.887826919556,2506
15097.885131835938,2526
15099.883317947388,2542
15099.883317947388,2542
15100.877046585083,2512
15101.874828338623,2570
15103.869915008545,2578
15104.877471923828,2536
15105.865001678467,2538
15106.861591339111,2544
15107.859134674072,2526
15107.859134674072,2490
15108.856916427612,2488
15109.853982925415,2546
15110.851287841797,2546
15111.848592758179,2526
15112.84613609314,2538
15113.843441009521,2546
15115.838050842285,2514
15116.835355758667,2522
15117.832660675049,2526
15118.83020401001,2478
15119.855165481567,2516
15120.853662490845,2502
15121.849536895752,2510
15122.83968925476,2526
15123.815298080444,2554
15124.812364578247,2538
15125.809907913208,2502
15126.80697441101,2518
15127.804517745972,2510
15128.801584243774,2518
15129.798889160156,2490
15130.796432495117,2542
15131.793737411499,2506
15132.79104232788,2506
15133.78882408142,2526
15134.785890579224,2542
15135.783433914185,2554
15136.780500411987,2546
15137.77780532837,2538
15138.775110244751,2580
15139.772415161133,2514
15140.769958496094,2478
15141.767024993896,2514
15142.764329910278,2524
15143.76163482666,2480
15144.758939743042,2512
15145.756483078003,2512
15146.753549575806,2546
15147.750854492188,2558
15148.748397827148,2548
15149.74570274353,2522
15150.743007659912,2550
15151.740550994873,2554
15152.737617492676,2534
15153.734922409058,2502
15154.73222732544,2492
15155.7297706604,2504
15156.726837158203,2490
15157.724380493164,2552
15158.721923828125,2554
15159.727096557617,2610
15160.71629524231,2576
15161.71407699585,2590
15162.711381912231,2602
15163.708448410034,2586
15164.705753326416,2506
15165.732622146606,2506
15166.72968864441,2506
15167.726993560791,2516
15168.724060058594,2538
15169.721603393555,2490
15170.719146728516,2506
15171.716451644897,2546
15172.714948654175,2550
15173.714399337769,2522
15174.70908164978,2574
15175.705909729004,2526
15176.676034927368,2522
15177.70004272461,2514
15178.698062896729,2494
15179.69536781311,2478
15180.692195892334,2460
15181.675434112549,2482
15182.65962600708,2522
15183.684587478638,2538
15184.68189239502,2516
15185.678958892822,2526
15186.676502227783,2572
15187.674283981323,2586
15188.671112060547,2576
15189.670085906982,2506
15190.66572189331,2490
15191.662549972534,2510
15192.660331726074,2550
15193.657636642456,2578
15194.654703140259,2536
15195.659875869751,2514
15196.65002822876,2536
15197.619676589966,2550
15198.64296913147,2570
15199.64051246643,2550
15200.637817382812,2486
15201.635360717773,2478
15202.63385772705,2544
15203.629970550537,2554
15204.627752304077,2520
15205.596923828125,2502
15206.624746322632,2506
15207.592725753784,2518
15208.616733551025,2506
15209.613561630249,2532
15210.611820220947,2526
15211.60864830017,2530
15212.578296661377,2506
15213.605165481567,2504
15214.601755142212,2516
15215.60001373291,2506
15216.596603393555,2538
15217.5931930542,2542
15218.590259552002,2598
15219.587564468384,2574
15220.585346221924,2606
15221.582174301147,2578
15222.579717636108,2542
15223.576545715332,2528
15224.575996398926,2522
15225.54349899292,2516
15226.567506790161,2506
15227.537870407104,2526
15228.535175323486,2542
15229.532480239868,2554
15230.52954673767,2548
15231.526851654053,2578
15232.535600662231,2580
15233.521699905396,2572
15234.519004821777,2534
15235.51630973816,2526
15236.513614654541,2542
15237.510919570923,2514
15238.508224487305,2510
15239.505767822266,2486
15240.502834320068,2514
15241.50037765503,2518
15242.497682571411,2542
15243.523359298706,2586
15244.52018737793,2582
15245.51796913147,2570
15246.516227722168,2536
15247.512102127075,2556
15248.510360717773,2514
15249.507188796997,2512
15250.504732131958,2486
15251.50203704834,2502
15252.503871917725,2502
15253.496408462524,2526
15254.493713378906,2546
15255.465030670166,2522
15256.488561630249,2554
15257.486581802368,2606
15258.482933044434,2554
15259.45258140564,2554
15260.449647903442,2552
15261.446952819824,2526
15262.444257736206,2474
15263.441801071167,2486
15264.43886756897,2522
15265.43641090393,2510
15266.433477401733,2548
15267.431259155273,2582
15268.428325653076,2582
15269.425630569458,2554
15270.42293548584,2518
15271.4204788208,2570
15272.417545318604,2514
15273.414850234985,2486
15274.412631988525,2458
15275.409698486328,2490
15276.40700340271,2480
15277.40454673767,2470
15278.401613235474,2534
15279.398918151855,2522
15280.396223068237,2502
15281.39352798462,2522
15282.390832901001,2526
15283.388376235962,2510
15284.385681152344,2462
15285.383224487305,2460
15286.380290985107,2446
15287.377834320068,2422
15288.374900817871,2482
15289.372444152832,2474
15290.369510650635,2446
15291.367053985596,2462
15292.364358901978,2484
15293.36166381836,2518
15294.358730316162,2510
15295.356512069702,2514
15296.353816986084,2494
15297.350883483887,2482
15298.348426818848,2522
15299.34573173523,2526
15300.342798233032,2518
15301.340103149414,2526
15302.337646484375,2578
15303.334951400757,2558
15304.332256317139,2524
15305.359601974487,2542
15306.356430053711,2554
15307.353734970093,2542
15308.35247039795,2510
15309.349775314331,2482
15310.347318649292,2514
15311.343669891357,2552
15312.341928482056,2588
15313.338994979858,2570
15314.335823059082,2574
15315.332412719727,2550
15316.303253173828,2584
15317.328453063965,2610
15318.325996398926,2586
15319.32282447815,2574
15320.319175720215,2486
15321.2890625,2542
15322.314023971558,2582
15323.31109046936,2580
15324.328184127808,2572
15325.306177139282,2544
15326.276779174805,2582
15327.301263809204,2602
15328.299283981323,2614
15329.300165176392,2576
15330.292224884033,2546
15331.289768218994,2532
15332.287073135376,2538
15333.27317237854,2546
15334.254026412964,2506
15335.251092910767,2488
15337.010383605957,2520
15337.24594116211,2540
15338.242530822754,2584
15339.784145355225,2536
15340.288162231445,2536
15341.288328170776,2538
15342.297077178955,2548
15343.282461166382,2554
15344.279527664185,2508
15345.27850151062,2462
15346.274614334106,2494
15347.272157669067,2512
15348.268747329712,2494
15349.26700592041,2510
15350.263595581055,2502
15351.261854171753,2526
15352.257490158081,2546
15353.256464004517,2586
15354.25329208374,2574
15355.25131225586,2514
15356.248140335083,2508
15357.245445251465,2514
15358.243227005005,2504
15359.240293502808,2482
15360.236883163452,2486
15361.234426498413,2546
15362.231492996216,2574
15363.229036331177,2570
15364.226579666138,2542
15365.225076675415,2518
15366.22166633606,2558
15367.218971252441,2582
15368.215799331665,2558
15369.240999221802,2534
15370.238780975342,2538
15371.236085891724,2518
15372.233867645264,2494
15373.230695724487,2514
15374.209642410278,2536
15375.225067138672,2498
15376.222848892212,2518
15377.220153808594,2518
15378.217458724976,2618
15379.185438156128,2546
15380.18250465393,2518
15381.209373474121,2514
15382.20763206482,2542
15383.20541381836,2542
15384.206295013428,2528
15385.20073890686,2546
15386.16943359375,2526
15387.193441390991,2570
15388.190507888794,2546
15389.187574386597,2554
15390.185356140137,2522
15391.161441802979,2514
15392.18020439148,2516
15393.177032470703,2514
15394.178628921509,2458
15395.179510116577,2500
15396.142721176147,2512
15397.138833999634,2502
15398.16427230835,2488
15399.165630340576,2492
15400.162935256958,2536
15401.155948638916,2534
15402.153968811035,2544
15403.151273727417,2554
15404.150485992432,2542
15405.145406723022,2510
15406.113862991333,2494
15407.140254974365,2542
15408.137559890747,2522
15409.134864807129,2522
15410.131931304932,2520
15411.137342453003,2520
15412.126779556274,2584
15413.124084472656,2514
15414.121627807617,2518
15415.12155532837,2514
15416.089057922363,2498
15417.113065719604,2510
15418.110847473145,2494
15419.108390808105,2490
15420.105934143066,2510
15421.10276222229,2582
15422.107458114624,2548
15423.096895217896,2550
15424.094438552856,2558
15425.092220306396,2534
15426.0892868042,2522
15427.087783813477,2542
15428.084373474121,2526
15429.081439971924,2470
15430.078744888306,2426
15431.082248687744,2504
15432.07335472107,2482
15433.070659637451,2492
15434.067726135254,2510
15435.065507888794,2490
15436.036348342896,2506
15437.060117721558,2514
15438.057899475098,2490
15439.05520439148,2514
15440.052270889282,2478
15441.021203994751,2470
15442.048072814941,2510
15443.044185638428,2488
15444.042205810547,2506
15445.038318634033,2510
15446.009635925293,2510
15447.034358978271,2582
15448.031425476074,2574
15449.028491973877,2526
15450.025796890259,2536
15451.022624969482,2558
15452.02350616455,2532
15453.019857406616,2506
15454.014778137207,2470
15455.015659332275,2500
15456.009864807129,2510
15457.00740814209,2526
15458.003759384155,2534
15459.001064300537,2546
15459.998846054077,2518
15460.996389389038,2570
15461.993217468262,2586
15462.990760803223,2570
15463.988304138184,2536
15464.95795249939,2502
15465.95573425293,2504
15466.97974205017,2510
15467.977285385132,2478
15468.974351882935,2482
15469.972848892212,2514
15470.969676971436,2538
15471.973657608032,2578
15472.96404838562,2586
15473.961114883423,2550
15474.95985031128,2514
15475.95739364624,2534
15476.9606590271,2550
15477.950811386108,2556
15478.947877883911,2510
15479.945182800293,2484
15480.942487716675,2478
15481.940031051636,2538
15482.937335968018,2540
15483.934879302979,2486
15484.93218421936,2546
15485.929012298584,2522
15486.926555633545,2506
15487.924098968506,2536
15489.900827407837,2522
15489.900827407837,2488
15490.906238555908,2534
15491.919040679932,2514
15492.910385131836,2492
15493.908643722534,2554
15494.905233383179,2534
15495.903015136719,2538
15496.899843215942,2550
15497.898578643799,2534
15498.894691467285,2512
15499.892234802246,2510
15500.88906288147,2522
15501.88660621643,2546
15502.884149551392,2532
15503.881692886353,2546
15505.846977233887,2542
15506.861209869385,2554
15506.861209869385,2574
15507.841348648071,2544
15508.838415145874,2510
15509.835720062256,2518
15511.830568313599,2506
15512.827634811401,2504
15513.825178146362,2504
15514.822483062744,2522
15515.819787979126,2482
15516.817092895508,2522
15517.814636230469,2550
15518.81194114685,2586
15519.809007644653,2554
15520.806550979614,2546
15521.803855895996,2582
15522.800922393799,2588
15523.79846572876,2554
15524.79600906372,2506
15525.793075561523,2504
15526.790380477905,2518
15527.787923812866,2526
15528.785228729248,2512
15529.78253364563,2524
15530.779838562012,2552
15531.777143478394,2584
15532.774448394775,2570
15533.771753311157,2584
15534.769058227539,2546
15535.7666015625,2478
15536.76438331604,2474
15537.760972976685,2490
15538.758516311646,2486
15539.755821228027,2470
15540.75312614441,2470
15541.75066947937,2478
15542.747974395752,2518
15543.745040893555,2574
15544.742345809937,2554
15545.739889144897,2550
15546.73719406128,2542
15547.734498977661,2538
15548.732042312622,2506
15549.729108810425,2490
15550.726413726807,2470
15551.723718643188,2502
15552.722215652466,2518
15553.718566894531,2498
15554.715633392334,2516
15555.713415145874,2550
15556.710481643677,2546
15557.707786560059,2582
15558.704853057861,2552
15559.702634811401,2550
15560.699701309204,2482
15561.697006225586,2444
15562.694549560547,2494
15563.691854476929,2488
15564.688920974731,2480
15565.686464309692,2490
15566.684007644653,2502
15567.681074142456,2516
15568.678617477417,2580
15569.675922393799,2542
15570.67322731018,2514
15571.670532226562,2578
15572.667598724365,2546
15573.665142059326,2522
15574.662446975708,2518
15575.659990310669,2502
15576.657056808472,2522
15577.654600143433,2482
15578.651666641235,2486
15579.648971557617,2506
15580.646514892578,2502
15581.64381980896,2490
15582.641124725342,2486
15583.638668060303,2502
15584.636449813843,2510
15585.633516311646,2490
15586.633920669556,2470
15587.630033493042,2490
15588.627338409424,2478
15589.624643325806,2482
15590.621709823608,2474
15591.61901473999,2478
15592.616558074951,2526
15593.614101409912,2518
15594.610691070557,2506
15595.608711242676,2532
15596.60530090332,2488
15597.602605819702,2506
15598.599910736084,2502
15599.623918533325,2538
15600.622415542603,2514
15601.591348648071,2542
15602.587938308716,2554
15603.585004806519,2570
15604.58254814148,2550
15605.579853057861,2510
15606.576919555664,2510
15607.585906982422,2492
15608.571767807007,2514
15609.569072723389,2514
15610.56637763977,2504
15611.563920974731,2486
15612.561225891113,2510
15613.558530807495,2522
15614.556074142456,2582
15615.553379058838,2554
15616.55044555664,2518
15617.547750473022,2514
15618.545055389404,2542
15619.542598724365,2512
15620.539665222168,2494
15621.53697013855,2486
15622.53451347351,2482
15623.531818389893,2522
15624.528884887695,2518
15625.526666641235,2542
15626.523971557617,2574
15627.521276473999,2544
15628.518342971802,2546
15629.515886306763,2522
15630.515098571777,2538
15631.539821624756,2554
15632.537126541138,2502
15633.560419082642,2484
15634.53197479248,2504
15635.569095611572,2494
15636.497735977173,2500
15637.524127960205,2508
15638.520956039429,2542
15639.51849937439,2582
15640.517473220825,2546
15641.499519348145,2554
15642.482995986938,2550
15643.479824066162,2534
15644.477128982544,2502
15645.474672317505,2494
15646.473169326782,2486
15647.469282150269,2494
15648.46682548523,2458
15649.463891983032,2502
15650.460958480835,2544
15651.458263397217,2554
15652.455568313599,2550
15653.45287322998,2596
15654.450178146362,2578
15655.447244644165,2526
15656.445264816284,2524
15657.442808151245,2512
15658.439874649048,2514
15659.43717956543,2506
15660.434246063232,2482
15661.431550979614,2478
15662.428617477417,2550
15663.426399230957,2586
15664.423704147339,2550
15665.420770645142,2578
15666.419506072998,2554
15667.416334152222,2604
15668.413162231445,2544
15669.410467147827,2542
15670.407772064209,2556
15671.40531539917,2518
15672.402381896973,2502
15673.399925231934,2510
15674.397230148315,2556
15675.395965576172,2542
15676.392316818237,2578
15677.420139312744,2542
15678.414344787598,2554
15679.41164970398,2518
15680.40943145752,2546
15681.406736373901,2526
15682.403564453125,2506
15683.401107788086,2526
15684.399843215942,2522
15685.395956039429,2546
15686.393022537231,2550
15687.390804290771,2544
15688.388347625732,2540
15689.390420913696,2558
15690.382957458496,2554
15691.37978553772,2554
15692.37756729126,2510
15693.374633789062,2486
15694.378137588501,2494
15695.369720458984,2518
15696.340084075928,2514
15697.365760803223,2536
15698.36139678955,2550
15699.330806732178,2538
15700.35719871521,2538
15701.359987258911,2526
15702.351570129395,2522
15703.347444534302,2478
15704.345703125,2486
15705.315589904785,2518
15706.339597702026,2474
15707.337379455566,2486
15708.306789398193,2534
15709.332704544067,2554
15710.330247879028,2510
15711.32755279541,2554
15712.323665618896,2522
15713.322877883911,2538
15714.321613311768,2534
15715.315818786621,2514
15716.313362121582,2480
15717.318534851074,2470
15718.311309814453,2494
15719.313144683838,2490
15720.30258178711,2512
15721.300601959229,2552
15722.29790687561,2534
15723.2666015625,2528
15724.264144897461,2578
15725.289583206177,2598
15726.259708404541,2536
15727.28419303894,2494
15728.281259536743,2406
15729.278802871704,2462
15730.275630950928,2450
15731.273174285889,2486
15732.27047920227,2502
15733.26826095581,2526
15734.265089035034,2518
15735.263109207153,2552
15736.261129379272,2548
15737.257957458496,2602
15738.225936889648,2574
15739.251852035522,2510
15740.249395370483,2506
15741.246700286865,2514
15742.246866226196,2478
15743.241310119629,2486
15744.23861503601,2522
15745.235919952393,2540
15746.23441696167,2552
15747.230529785156,2600
15748.227834701538,2546
15749.205589294434,2574
15750.227451324463,2618
15751.219987869263,2550
15752.217769622803,2544
15753.214597702026,2514
15754.217386245728,2484
15755.20920753479,2492
15756.180047988892,2534
15757.204294204712,2574
15758.206605911255,2494
15759.20557975769,2540
15760.196208953857,2534
15761.19327545166,2574
15762.190580368042,2596
15763.158798217773,2580
15764.155864715576,2516
15765.153169631958,2510
15766.15047454834,2516
15767.147779464722,2514
15768.144845962524,2522
15769.144535064697,2502
15770.141124725342,2514
15771.138906478882,2550
15772.136211395264,2574
15773.133277893066,2546
15774.130821228027,2520
15775.12812614441,2480
15776.126146316528,2520
15777.122974395752,2510
15778.120040893555,2544
15779.117345809937,2518
15780.114650726318,2498
15781.11219406128,2514
15782.109498977661,2522
15783.106803894043,2522
15784.104824066162,2534
15785.101413726807,2550
15786.098718643188,2524
15787.09602355957,2516
15788.093566894531,2536
15789.090871810913,2490
15790.088176727295,2494
15791.085481643677,2500
15792.082786560059,2570
15793.079853057861,2554
15794.077157974243,2526
15795.074701309204,2540
15796.072483062744,2538
15797.069311141968,2510
15798.067092895508,2506
15799.06415939331,2506
15800.065994262695,2490
15801.058769226074,2506
15802.056074142456,2490
15803.053379058838,2486
15804.050922393799,2546
15805.04822731018,2554
15806.045532226562,2554
15807.042837142944,2598
15808.040142059326,2550
15809.037685394287,2526
15810.03475189209,2538
15811.031818389893,2514
15812.029123306274,2510
15813.026666641235,2476
15814.023971557617,2536
15815.021991729736,2518
15816.019535064697,2550
15817.01636314392,2578
15818.013429641724,2582
15819.010972976685,2554
15820.008277893066,2578
15821.005582809448,2536
15822.002649307251,2548
15823.000192642212,2558
15823.997259140015,2526
15824.994802474976,2520
15825.992584228516,2516
15826.98941230774,2536
15827.986717224121,2514
15828.984022140503,2538
15829.982280731201,2538
15830.978870391846,2576
15831.975936889648,2544
15832.973718643188,2582
15833.970785140991,2582
15834.968090057373,2542
15835.965156555176,2494
15836.962938308716,2490
15837.960243225098,2504
15838.9573097229,2478
15839.954853057861,2512
15840.96384048462,2538
15841.949462890625,2542
15842.946767807007,2534
15843.944072723389,2554
15844.94161605835,2542
15845.93915939331,2518
15846.936225891113,2554
15847.933530807495,2522
15848.930597305298,2486
15849.928140640259,2506
15850.92544555664,2504
15851.922512054443,2514
15852.920055389404,2520
15853.917121887207,2518
15854.914665222168,2490
15855.91197013855,2522
15856.910228729248,2546
15857.90729522705,2534
15858.904361724854,2546
15859.901666641235,2540
15860.899448394775,2510
15862.893342971802,2510
15862.893342971802,2482
15863.91806602478,2510
15864.9160861969,2502
15865.89241027832,2538
15866.910934448242,2528
15867.910385131836,2518
15868.905305862427,2516
15869.90761756897,2494
15870.900869369507,2520
15871.898174285889,2542
15872.894525527954,2542
15873.891830444336,2510
15874.889850616455,2528
15876.884460449219,2514
15876.884460449219,2514
15877.8817653656,2560
15878.88216972351,2578
15879.8828125,2578
15880.873680114746,2558
15881.870985031128,2550
15882.867813110352,2542
15883.864879608154,2574
15884.862661361694,2550
15886.858224868774,2546
15886.858224868774,2518
15888.85235786438,2536
15889.849185943604,2540
15890.842914581299,2552
15891.814470291138,2582
15892.81177520752,2538
15893.808841705322,2518
15894.806385040283,2534
15895.803689956665,2558
15896.800994873047,2534
15897.798538208008,2522
15898.79560470581,2514
15899.792909622192,2512
15900.790214538574,2552
15901.787757873535,2570
15902.785062789917,2602
15903.782367706299,2550
15904.77967262268,2550
15905.776977539062,2582
15906.774282455444,2574
15907.774209976196,2522
15908.77079963684,2516
15909.768342971802,2486
15910.765647888184,2518
15911.762714385986,2522
15912.760019302368,2514
15913.75732421875,2518
15914.754867553711,2544
15915.751934051514,2534
15916.749954223633,2544
15917.747020721436,2582
15918.744087219238,2524
15919.741153717041,2478
15920.738697052002,2450
15921.736001968384,2514
15922.760486602783,2502
15923.758506774902,2450
15924.755096435547,2480
15925.752401351929,2510
15926.721572875977,2526
15927.747011184692,2582
15928.743839263916,2580
15929.741621017456,2538
15930.739164352417,2538
15931.73623085022,2558
15932.706356048584,2534
15933.730840682983,2494
15934.727907180786,2504
15935.726881027222,2492
15936.722040176392,2506
15937.70956993103,2542
15938.719272613525,2558
15939.718008041382,2514
15940.711975097656,2534
15941.70880317688,2542
15942.708015441895,2546
15943.703889846802,2538
15944.706439971924,2502
15945.672512054443,2474
15946.695804595947,2488
15947.694063186646,2482
15948.690414428711,2502
15949.688196182251,2478
15950.68621635437,2490
15951.682567596436,2518
15952.684879302979,2602
15953.6771774292,2574
15954.674482345581,2520
15955.646753311157,2570
15956.67028427124,2544
15957.640171051025,2518
15958.666324615479,2498
15959.661483764648,2574
15960.658073425293,2514
15961.655139923096,2474
15962.652921676636,2506
15963.650465011597,2526
15964.6475315094,2558
15965.646505355835,2522
15966.644525527954,2510
15967.639207839966,2538
15968.636512756348,2520
15969.63357925415,2482
15970.635175704956,2494
15971.630811691284,2538
15972.633361816406,2538
15973.625659942627,2506
15974.62272644043,2522
15975.619554519653,2534
15976.616859436035,2546
15977.614164352417,2510
15978.611707687378,2542
15979.61711883545,2542
15980.606317520142,2506
15981.603622436523,2546
15982.573986053467,2554
15983.598947525024,2522
15984.595537185669,2574
15985.59308052063,2578
15986.59086227417,2570
15987.587451934814,2546
15988.592863082886,2538
15989.582300186157,2526
15990.579843521118,2514
15991.5771484375,2512
15992.574453353882,2524
15993.571519851685,2524
15994.568824768066,2502
15995.566606521606,2544
15996.563911437988,2542
15997.560977935791,2528
15998.559474945068,2546
15999.555587768555,2570
16000.552654266357,2576
16001.554250717163,2504
16002.548217773438,2524
16003.547430038452,2534
16004.542589187622,2476
16005.540370941162,2486
16006.537199020386,2524
16009.308576583862,2490
16009.308576583862,2518
16009.529113769531,2538
16010.532855987549,2546
16011.653900146484,2572
16012.68196105957,2542
16013.216018676758,2542
16014.216661453247,2544
16015.212774276733,2512
16016.240119934082,2478
16017.239093780518,2512
16018.233299255371,2522
16019.201517105103,2506
16020.198822021484,2486
16021.196126937866,2522
16022.193431854248,2542
16023.19073677063,2550
16024.202108383179,2616
16025.185346603394,2550
16026.182889938354,2534
16027.180194854736,2512
16028.177499771118,2526
16029.1748046875,2494
16030.171871185303,2478
16031.169652938843,2494
16032.166719436646,2462
16033.164024353027,2494
16034.161567687988,2574
16035.15887260437,2582
16036.156177520752,2518
16037.153244018555,2546
16038.150787353516,2546
16039.148092269897,2526
16040.14539718628,2518
16041.14294052124,2508
16042.140007019043,2518
16043.137311935425,2458
16044.134616851807,2426
16045.132160186768,2538
16046.12946510315,2544
16047.16444015503,2518
16048.153162002563,2522
16049.149990081787,2582
16050.14705657959,2570
16051.14483833313,2526
16052.147150039673,2518
16053.139925003052,2532
16054.136514663696,2480
16055.135250091553,2478
16056.13112449646,2510
16057.127714157104,2504
16058.12954902649,2486
16059.122562408447,2524
16060.120344161987,2526
16061.11764907837,2538
16062.114715576172,2542
16063.111782073975,2534
16064.109563827515,2514
16065.107345581055,2504
16066.077709197998,2534
16067.102193832397,2526
16068.098783493042,2538
16069.096326828003,2542
16070.093154907227,2504
16071.091651916504,2522
16072.092056274414,2554
16073.08554649353,2550
16074.08356666565,2554
16075.08397102356,2544
16076.07889175415,2518
16077.048778533936,2514
16078.045845031738,2534
16079.04314994812,2550
16080.040454864502,2550
16081.037759780884,2506
16082.035303115845,2490
16083.032846450806,2534
16084.030151367188,2542
16085.027694702148,2550
16086.025953292847,2500
16087.024211883545,2482
16088.019847869873,2494
16089.016914367676,2490
16090.0137424469,2512
16091.010808944702,2522
16092.008829116821,2522
16093.005895614624,2510
16094.003200531006,2538
16095.000267028809,2574
16095.99781036377,2570
16096.995115280151,2526
16097.992658615112,2520
16098.989725112915,2510
16099.987030029297,2514
16100.984334945679,2516
16101.98163986206,2514
16102.979183197021,2502
16103.976249694824,2482
16104.973793029785,2526
16105.971336364746,2506
16106.969118118286,2590
16107.96570777893,2558
16108.96372795105,2538
16109.960556030273,2480
16110.957860946655,2486
16111.954927444458,2510
16112.952470779419,2526
16113.9497756958,2514
16114.947080612183,2472
16115.94533920288,2508
16116.941928863525,2526
16117.939233779907,2550
16118.93630027771,2584
16119.93384361267,2546
16120.931148529053,2550
16121.928215026855,2522
16122.925758361816,2540
16123.949766159058,2576
16124.948263168335,2502
16125.944375991821,2490
16126.915454864502,2486
16135.919570922852,2430
16135.919570922852,2520
16136.9149684906,2560
16136.9149684906,2546
16136.9149684906,2522
16136.9149684906,2570
16136.9149684906,2586
16136.9149684906,2526
16136.9149684906,2546
16136.9149684906,2512
16138.882160186768,2478
16139.89281654358,2470
16140.88749885559,2498
16140.88749885559,2518
16141.903162002563,2506
16142.900705337524,2524
16143.897771835327,2538
16144.895076751709,2606
16146.881818771362,2572
16146.881818771362,2534
16147.857427597046,2534
16148.854732513428,2542
16149.85203742981,2486
16150.849342346191,2506
16151.846647262573,2518
16152.844190597534,2482
16154.838800430298,2504
16155.83610534668,2534
16156.833410263062,2536
16157.830715179443,2518
16158.828020095825,2508
16159.825563430786,2548
16160.822868347168,2526
16161.81993484497,2516
16162.817239761353,2518
16163.814783096313,2522
16164.812088012695,2528
16165.809392929077,2542
16166.806936264038,2526
16167.80400276184,2522
16168.801307678223,2542
16169.798612594604,2546
16170.796155929565,2536
16171.793460845947,2554
16172.79052734375,2532
16173.788070678711,2512
16174.785375595093,2534
16175.782918930054,2526
16176.779985427856,2538
16177.777528762817,2522
16178.77459526062,2538
16179.772138595581,2560
16180.769443511963,2530
16181.766748428345,2520
16182.764053344727,2534
16183.761358261108,2522
16184.75890159607,2534
16185.756206512451,2502
16186.753273010254,2486
16187.750816345215,2488
16188.748121261597,2506
16189.745426177979,2538
16190.742492675781,2542
16191.740274429321,2540
16192.737340927124,2518
16193.734645843506,2546
16194.732189178467,2506
16195.729494094849,2522
16196.72679901123,2502
16197.723865509033,2508
16198.721408843994,2510
16199.718713760376,2504
16200.716257095337,2522
16201.713562011719,2574
16202.710628509521,2538
16203.707933425903,2538
16204.705238342285,2586
16205.702781677246,2572
16206.700086593628,2542
16207.69739151001,2510
16208.694696426392,2520
16209.692001342773,2518
16210.689306259155,2494
16211.686611175537,2502
16212.684154510498,2502
16213.6812210083,2522
16214.678525924683,2574
16215.676069259644,2550
16216.702938079834,2550
16217.700242996216,2572
16218.698978424072,2580
16219.702243804932,2554
16220.691919326782,2528
16221.689701080322,2502
16222.686767578125,2486
16223.686456680298,2486
16224.681854248047,2534
16225.67868232727,2512
16226.678133010864,2522
16227.673292160034,2554
16228.671073913574,2590
16229.667901992798,2544
16230.66520690918,2582
16231.66275024414,2560
16232.63144493103,2520
16233.628034591675,2514
16234.625339508057,2502
16235.622882843018,2506
16236.6201877594,2504
16237.617492675781,2504
16238.614559173584,2538
16239.611864089966,2578
16240.609407424927,2538
16241.606712341309,2524
16242.60401725769,2534
16243.601560592651,2546
16244.598627090454,2534
16245.595932006836,2528
16246.593236923218,2474
16247.59292602539,2468
16248.589992523193,2514
16249.587297439575,2508
16250.584363937378,2506
16251.58166885376,2502
16252.57921218872,2550
16253.576517105103,2534
16254.573583602905,2556
16255.570888519287,2574
16256.568431854248,2510
16257.579326629639,2490
16258.562803268433,2512
16259.560346603394,2484
16260.557651519775,2502
16261.554956436157,2552
16262.554168701172,2490
16263.5498046875,2478
16264.546871185303,2542
16265.544652938843,2506
16266.541957855225,2542
16267.539262771606,2522
16268.53632926941,2494
16269.533395767212,2486
16270.530939102173,2490
16271.528244018555,2550
16272.525310516357,2538
16273.523092269897,2522
16274.520874023438,2550
16275.516510009766,2542
16276.51333808899,2514
16277.51088142395,2574
16278.508186340332,2526
16279.505491256714,2472
16280.502557754517,2482
16281.499862670898,2508
16282.49740600586,2534
16283.494710922241,2542
16284.491777420044,2538
16285.489559173584,2526
16286.486625671387,2534
16287.483930587769,2554
16288.48123550415,2590
16289.478778839111,2536
16290.476083755493,2516
16291.476011276245,2490
16292.472839355469,2510
16293.469667434692,2532
16294.467210769653,2516
16295.464754104614,2482
16296.468257904053,2494
16297.45888710022,2542
16298.45643043518,2578
16299.454927444458,2544
16300.459384918213,2590
16301.448345184326,2522
16302.445650100708,2502
16303.44295501709,2566
16304.440259933472,2576
16305.448770523071,2448
16306.434869766235,2430
16307.432174682617,2520
16308.457851409912,2522
16309.42702293396,2540
16310.426950454712,2578
16311.424493789673,2572
16312.449932098389,2542
16313.44747543335,2558
16314.44501876831,2538
16315.442323684692,2510
16316.440105438232,2504
16317.437648773193,2488
16318.4335231781,2518
16319.43154335022,2534
16320.42908668518,2510
16321.426630020142,2520
16322.423934936523,2554
16323.420763015747,2550
16324.390172958374,2578
16325.455665588379,2586
16326.484203338623,2598
16327.490329742432,2546
16328.482866287231,2558
16329.47587966919,2542
16330.473184585571,2474
16331.47144317627,2486
16332.468032836914,2518
16333.49084854126,2542
16334.462404251099,2518
16335.447788238525,2528
16336.457014083862,2526
16338.693380355835,2534
16338.693380355835,2596
16339.42198753357,2550
16339.42198753357,2534
16340.933322906494,2502
16341.962099075317,2512
16342.990636825562,2542
16343.987464904785,2536
16344.984531402588,2512
16345.982313156128,2526
16346.97961807251,2502
16347.97716140747,2554
16348.97518157959,2554
16349.971532821655,2518
16350.968599319458,2518
16351.96590423584,2522
16352.96368598938,2546
16353.963375091553,2554
16354.958295822144,2584
16355.95703125,2506
16357.499837875366,2512
16358.529806137085,2504
16359.563827514648,2526
16360.55588722229,2546
16361.55915260315,2504
16362.550497055054,2526
16363.547801971436,2526
16364.545345306396,2526
16365.543842315674,2506
16366.539716720581,2514
16367.537260055542,2518
16368.534564971924,2548
16369.531869888306,2522
16370.531558990479,2526
16371.526956558228,2538
16372.495889663696,2558
16372.495889663696,2526
16374.037265777588,2502
16375.039100646973,2534
16376.035928726196,2510
16377.062559127808,2522
16378.057479858398,2512
16379.055261611938,2554
16380.052328109741,2506
16381.050109863281,2538
16382.046937942505,2542
16383.044481277466,2550
16384.04130935669,2552
16385.03885269165,2518
16386.03639602661,2494
16387.033700942993,2506
16388.030767440796,2514
16389.0278339386,2482
16390.026092529297,2488
16390.995740890503,2526
16391.99185371399,2554
16393.017768859863,2534
16394.014835357666,2574
16395.012140274048,2574
16395.980834960938,2524
16397.00722694397,2538
16398.004293441772,2590
16399.001359939575,2504
16399.999618530273,2518
16400.96926689148,2490
16401.965856552124,2502
16402.96196937561,2522
16403.958797454834,2538
16404.956102371216,2508
16405.953645706177,2542
16406.95095062256,2610
16407.94825553894,2598
16408.945560455322,2568
16409.942865371704,2500
16410.940170288086,2490
16411.937475204468,2514
16412.93501853943,2526
16413.93208503723,2538
16414.929389953613,2486
16415.934562683105,2472
16416.924476623535,2532
16417.921543121338,2554
16418.91860961914,2602
16419.9161529541,2614
16420.913457870483,2512
16421.910762786865,2506
16422.908306121826,2582
16423.905611038208,2546
16424.90291595459,2510
16425.90045928955,2490
16426.897525787354,2494
16427.894830703735,2482
16428.892135620117,2554
16429.889678955078,2576
16430.88674545288,2558
16431.88428878784,2540
16432.881355285645,2546
16433.878898620605,2538
16434.876203536987,2528
16435.87327003479,2554
16436.87105178833,2524
16437.868118286133,2490
16438.865423202515,2494
16439.862728118896,2494
16440.860509872437,2518
16441.85733795166,2542
16442.854642868042,2554
16443.852186203003,2474
16445.846796035767,2538
16445.846796035767,2514
16446.84410095215,2534
16447.84140586853,2572
16449.836254119873,2536
16450.833559036255,2494
16451.830863952637,2500
16452.82816886902,2574
16453.8254737854,2554
16454.822778701782,2510
16455.820322036743,2470
16456.817388534546,2518
16457.814931869507,2534
16458.81223678589,2544
16459.80954170227,2530
16460.806608200073,2522
16461.804151535034,2504
16462.801456451416,2542
16463.798761367798,2576
16464.79630470276,2570
16465.79360961914,2534
16466.790676116943,2502
16467.787981033325,2546
16468.785524368286,2558
16469.782829284668,2552
16470.78013420105,2478
16471.77743911743,2506
16472.774982452393,2518
16473.772048950195,2514
16474.769353866577,2526
16475.767135620117,2548
16476.76420211792,2524
16477.7615070343,2514
16478.759050369263,2550
16479.756116867065,2574
16480.753421783447,2574
16481.75072669983,2510
16482.74827003479,2526
16483.745574951172,2558
16484.742641448975,2524
16485.740423202515,2518
16486.737489700317,2546
16487.7347946167,2554
16488.73209953308,2570
16489.729642868042,2522
16490.726709365845,2540
16491.724014282227,2576
16492.721557617188,2582
16493.71886253357,2578
16494.715929031372,2510
16495.713233947754,2506
16496.710777282715,2492
16497.708082199097,2512
16498.70538711548,2526
16499.70293045044,2502
16500.699996948242,2602
16501.697301864624,2522
16502.694606781006,2550
16503.692150115967,2548
16504.68945503235,2578
16505.68675994873,2548
16506.68430328369,2510
16507.681608200073,2558
16508.68058204651,2574
16509.705305099487,2534
16510.709524154663,2462
16511.69991493225,2492
16512.697458267212,2538
16513.699531555176,2574
16514.691829681396,2574
16515.689373016357,2542
16516.66307449341,2542
16517.684936523438,2582
16518.681049346924,2596
16519.679307937622,2570
16520.676136016846,2502
16521.673917770386,2508
16522.671699523926,2502
16523.66828918457,2522
16524.66607093811,2518
16525.662660598755,2482
16526.660680770874,2484
16527.657508850098,2516
16528.65505218506,2550
16529.65211868286,2550
16530.649662017822,2582
16531.65316581726,2546
16532.644510269165,2544
16533.641815185547,2546
16534.63864326477,2526
16535.63690185547,2514
16536.633491516113,2494
16537.630796432495,2558
16538.628101348877,2548
16539.625883102417,2512
16540.629625320435,2528
16541.629791259766,2578
16542.617797851562,2546
16543.615102767944,2550
16544.612169265747,2540
16545.609712600708,2570
16546.60725593567,2514
16547.60456085205,2494
16548.601150512695,2536
16549.598932266235,2526
16550.596475601196,2504
16551.59330368042,2490
16552.59084701538,2542
16553.587913513184,2550
16554.585456848145,2532
16555.55510520935,2518
16556.581497192383,2522
16557.54852294922,2534
16558.574676513672,2528
16559.571981430054,2526
16560.569047927856,2548
16561.567306518555,2534
16562.56413459778,2554
16563.56167793274,2550
16564.558744430542,2526
16565.557956695557,2538
16566.553354263306,2546
16567.551136016846,2542
16568.54820251465,2522
16569.54550743103,2484
16570.551872253418,2518
16571.540117263794,2520
16572.537422180176,2522
16573.534965515137,2534
16574.532985687256,2544
16575.52981376648,2536
16576.52711868286,2522
16577.523708343506,2534
16578.522205352783,2526
16579.519033432007,2504
16580.51633834839,2502
16581.51388168335,2518
16582.512140274048,2502
16583.50896835327,2520
16584.505319595337,2542
16585.503339767456,2570
16586.47131919861,2554
16587.468147277832,2578
16588.465452194214,2554
16589.462757110596,2518
16590.460300445557,2546
16591.45736694336,2622
16592.45467185974,2528
16593.451976776123,2510
16594.454765319824,2478
16595.446825027466,2506
16596.444129943848,2514
16597.45478630066,2524
16598.43873977661,2558
16599.436044692993,2544
16600.433349609375,2552
16601.430892944336,2546
16602.457284927368,2556
16603.456020355225,2556
16604.45213317871,2514
16605.451107025146,2490
16606.446743011475,2486
16607.41639137268,2514
16608.44922065735,2500
16609.43913459778,2548
16610.43620109558,2548
16611.433267593384,2542
16612.430810928345,2596
16613.435745239258,2558
16614.42518234253,2548
16615.42296409607,2542
16616.39356613159,2546
16617.422819137573,2510
16618.415117263794,2488
16619.411945343018,2506
16620.409965515137,2524
16621.40703201294,2476
16622.404098510742,2542
16623.401880264282,2558
16624.40013885498,2554
16625.397205352783,2578
16626.39355659485,2570
16627.39133834839,2550
16628.388166427612,2506
16629.385232925415,2520
16630.38420677185,2486
16631.383895874023,2488
16632.350206375122,2482
16633.375644683838,2534
16634.3731880188,2546
16635.369777679443,2526
16636.340379714966,2522
16637.36629486084,2538
16638.362646102905,2578
16639.35899734497,2542
16640.357494354248,2538
16641.353845596313,2526
16642.351865768433,2536
16643.348932266235,2510
16644.34576034546,2502
16645.34330368042,2502
16646.3406085968,2518
16647.33862876892,2534
16648.335218429565,2578
16649.304389953613,2556
16650.330305099487,2546
16651.328086853027,2518
16652.324676513672,2518
16653.321981430054,2546
16654.32071685791,2526
16655.317068099976,2546
16656.314849853516,2514
16657.31167793274,2534
16658.28013420105,2570
16659.276247024536,2554
16660.273551940918,2538
16661.2708568573,2522
16662.267923355103,2546
16663.265228271484,2502
16664.263010025024,2526
16665.260076522827,2526
16666.25738143921,2518
16667.25492477417,2530
16668.251991271973,2522
16669.249296188354,2546
16670.247077941895,2546
16671.244144439697,2546
16672.24144935608,2586
16673.238515853882,2544
16674.236536026,2546
16675.233364105225,2514
16676.230907440186,2506
16677.228450775146,2536
16678.22551727295,2514
16679.22282218933,2510
16680.219888687134,2538
16681.217432022095,2546
16682.214736938477,2550
16683.21204185486,2550
16684.20934677124,2534
16685.2068901062,2526
16686.204195022583,2526
16687.201499938965,2494
16688.199043273926,2504
16689.19610977173,2476
16690.19341468811,2454
16691.190719604492,2486
16692.188262939453,2538
16694.85354423523,2554
16694.85354423523,2554
16695.18208503723,2554
16696.208238601685,2534
16697.37195968628,2552
16698.400020599365,2574
16699.37014579773,2546
16700.366973876953,2486
16701.392889022827,2502
16702.411890029907,2518
16703.387022018433,2506
16704.38575744629,2506
16705.381155014038,2526
16706.379175186157,2514
16707.37648010254,2602
16708.37426185608,2600
16709.371328353882,2558
16710.369110107422,2516
16711.373805999756,2490
16712.36300468445,2534
16713.36007118225,2522
16714.357614517212,2482
16715.359687805176,2482
16716.325283050537,2476
16717.35119819641,2514
16718.348026275635,2538
16719.34413909912,2538
16720.34239768982,2518
16721.34041786194,2524
16722.336292266846,2544
16723.33335876465,2582
16724.303007125854,2558
16725.327968597412,2484
16726.325750350952,2506
16727.322816848755,2542
16728.31892967224,2534
16729.318141937256,2514
16730.315923690796,2522
16731.311559677124,2534
16732.308387756348,2598
16733.306169509888,2578
16734.303951263428,2538
16735.302925109863,2502
16736.297845840454,2518
16737.295866012573,2498
16738.29221725464,2502
16739.2897605896,2618
16740.259885787964,2474
16741.28293991089,2486
16742.28310585022,2550
16743.27778816223,2582
16744.275331497192,2512
16745.27359008789,2534
16746.272087097168,2542
16747.268199920654,2550
16748.265743255615,2574
16749.237060546875,2558
16750.260829925537,2514
16751.25813484192,2502
16752.25520133972,2558
16753.252267837524,2576
16754.249572753906,2578
16755.218982696533,2524
16756.216049194336,2526
16757.213592529297,2538
16758.2106590271,2554
16759.20796394348,2578
16760.205268859863,2502
16761.202573776245,2480
16762.199878692627,2508
16763.19718360901,2510
16764.19496536255,2544
16765.19203186035,2550
16766.189575195312,2526
16767.186641693115,2546
16768.183946609497,2546
16769.18125152588,2542
16770.17855644226,2524
16771.204233169556,2520
16772.201776504517,2474
16773.199319839478,2502
16774.213075637817,2550
16775.195360183716,2522
16776.191234588623,2522
16777.189254760742,2526
16778.191089630127,2550
16779.18291091919,2526
16780.18021583557,2582
16781.17799758911,2554
16782.175064086914,2486
16783.146142959595,2502
16784.170150756836,2510
16785.16721725464,2484
16786.17215156555,2486
16787.135124206543,2486
16788.159608840942,2466
16789.156198501587,2510
16790.153741836548,2534
16791.125059127808,2554
16792.14835166931,2538
16793.145895004272,2542
16794.143199920654,2510
16795.140266418457,2486
16796.138763427734,2510
16797.1351146698,2514
16798.13241958618,2518
16799.129962921143,2462
16800.100564956665,2504
16801.09667778015,2526
16802.09469795227,2572
16803.091287612915,2576
16804.089069366455,2574
16805.08589744568,2558
16806.085109710693,2552
16807.081937789917,2518
16808.07900428772,2542
16809.075832366943,2538
16810.073137283325,2482
16811.070442199707,2494
16812.06774711609,2506
16813.06505203247,2542
16814.06283378601,2550
16815.059661865234,2570
16816.057920455933,2570
16817.054748535156,2606
16818.05157661438,2586
16819.0495967865,2576
16820.046424865723,2508
16821.043729782104,2522
16822.041034698486,2514
16823.038578033447,2534
16824.03612136841,2538
16825.03318786621,2524
16826.029777526855,2538
16827.028512954712,2516
16828.025102615356,2574
16829.022884368896,2550
16830.01971244812,2546
16831.017017364502,2546
16832.014322280884,2522
16833.012342453003,2510
16834.009408950806,2522
16835.006713867188,2518
16836.003303527832,2534
16837.00203895569,2510
16837.99910545349,2526
16838.996171951294,2570
16840.02184867859,2550
16840.991020202637,2526
16842.016220092773,2550
16843.013763427734,2514
16844.010829925537,2510
16845.00813484192,2512
16846.004962921143,2552
16847.00345993042,2532
16847.999811172485,2546
16848.96969795227,2538
16849.994897842407,2518
16850.992441177368,2498
16851.989030838013,2576
16852.986574172974,2542
16853.984117507935,2508
16854.981184005737,2520
16855.950117111206,2498
16856.94718360901,2518
16857.97357559204,2520
16858.970403671265,2542
16859.968662261963,2514
16860.965490341187,2540
16861.96255683899,2514
16862.96010017395,2558
16863.95812034607,2606
16865.923166275024,2542
16865.923166275024,2536
16866.952896118164,2512
16867.947578430176,2534
16868.94416809082,2548
16869.945764541626,2554
16870.939254760742,2488
16871.936082839966,2558
16872.933387756348,2550
16873.933792114258,2598
16874.92871284485,2614
16875.926733016968,2594
16876.927614212036,2554
16877.920150756836,2484
16878.917932510376,2474
16879.9147605896,2506
16880.913019180298,2526
16881.9100856781,2490
16882.906675338745,2506
16883.903980255127,2514
16884.902000427246,2518
16885.89882850647,2594
16886.89684867859,2542
16887.893438339233,2552
16888.891220092773,2538
16890.856504440308,2542
16890.856504440308,2518
16891.88265800476,2490
16892.8804397583,2504
16894.845724105835,2470
16895.842790603638,2446
16895.842790603638,2510
16896.84009552002,2510
16897.8374004364,2514
16899.831771850586,2534
16900.829315185547,2534
16901.82662010193,2532
16902.82368659973,2538
16903.82146835327,2550
16904.818773269653,2490
16905.816078186035,2518
16906.813144683838,2490
16907.8106880188,2510
16908.80799293518,2494
16909.805297851562,2516
16910.83288192749,2558
16911.828994750977,2574
16912.827730178833,2576
16913.824558258057,2598
16914.82162475586,2610
16915.8194065094,2558
16916.789293289185,2544
16917.813062667847,2526
16918.810844421387,2538
16919.80791091919,2502
16920.80545425415,2512
16921.802520751953,2574
16922.802686691284,2550
16923.797130584717,2542
16924.794673919678,2578
16925.76575279236,2580
16926.78999900818,2542
16927.78730392456,2554
16928.784132003784,2522
16929.781675338745,2506
16930.778741836548,2538
16931.7786693573,2534
16932.780027389526,2522
16933.770656585693,2486
16934.768438339233,2526
16935.765504837036,2524
16936.76447868347,2542
16937.7601146698,2550
16938.757181167603,2558
16939.754486083984,2490
16940.726041793823,2506
16941.749334335327,2538
16942.74640083313,2526
16943.75205039978,2514
16944.74172592163,2506
16945.71018218994,2538
16946.70796394348,2514
16947.733163833618,2514
16948.73070716858,2526
16949.72801208496,2538
16950.730085372925,2526
16951.722383499146,2518
16952.720165252686,2502
16953.717470169067,2506
16954.71453666687,2538
16955.68346977234,2550
16956.68053627014,2538
16957.67879486084,2550
16958.703994750977,2548
16959.70129966736,2554
16960.69836616516,2552
16961.6961479187,2538
16962.700366973877,2544
16963.690042495728,2510
16964.688539505005,2546
16965.685606002808,2554
16966.688632965088,2554
16967.679977416992,2544
16968.677282333374,2586
16969.674587249756,2586
16970.671892166138,2606
16971.66895866394,2598
16972.667694091797,2552
16973.66428375244,2594
16974.661350250244,2546
16975.629806518555,2542
16976.65572166443,2546
16977.65302658081,2540
16978.65104675293,2486
16979.64906692505,2510
16980.645179748535,2506
16981.642484664917,2534
16982.61308670044,2544
16983.63733291626,2568
16984.636068344116,2518
16985.634088516235,2506
16986.629724502563,2548
16987.597703933716,2490
16988.59477043152,2424
16989.59183692932,2476
16990.589141845703,2460
16991.587162017822,2482
16992.583751678467,2480
16993.581295013428,2554
16994.57859992981,2558
16995.57590484619,2570
16996.573209762573,2554
16997.570514678955,2558
16998.567819595337,2598
16999.565362930298,2540
17000.5624294281,2522
17001.55997276306,2514
17002.559423446655,2486
17003.556489944458,2458
17004.55355644226,2506
17005.550861358643,2514
17006.548166275024,2514
17007.5523853302,2502
17010.1261138916,2516
17010.1261138916,2510
17010.53786277771,2522
17011.04187965393,2460
17012.112140655518,2452
17013.614892959595,2422
17014.615297317505,2418
17015.613317489624,2442
17016.610145568848,2466
17017.60745048523,2482
17018.603801727295,2474
17019.606351852417,2534
17020.62702178955,2590
17021.622896194458,2618
17022.62020111084,2608
17023.622274398804,2622
17024.61528778076,2666
17025.585412979126,2618
17026.612758636475,2598
17027.607202529907,2612
17028.604984283447,2614
17029.60181236267,2586
17030.598878860474,2602
17031.596422195435,2634
17032.567501068115,2648
17033.5910320282,2618
17034.58857536316,2634
17035.585641860962,2610
17036.588668823242,2642
17037.5816822052,2614
17038.578748703003,2638
17039.57509994507,2612
17040.57264328003,2622
17041.57042503357,2608
17042.566776275635,2606
17043.53642463684,2586
17044.533491134644,2578
17045.531034469604,2544
17046.528339385986,2492
17047.52540588379,2454
17048.52294921875,2422
17049.52049255371,2362
17050.518035888672,2396
17051.515102386475,2418
17052.512645721436,2410
17053.509950637817,2474
17054.50701713562,2504
17055.504322052002,2510
17056.501865386963,2490
17057.499408721924,2478
17058.496475219727,2492
17059.494018554688,2494
17060.49108505249,2504
17061.488389968872,2526
17062.485694885254,2444
17063.482999801636,2486
17064.483404159546,2538
17065.47784805298,2542
17066.47515296936,2514
17067.47269630432,2550
17068.469524383545,2520
17069.466829299927,2486
17070.464372634888,2510
17071.46143913269,2520
17072.45898246765,2478
17073.456525802612,2448
17074.453592300415,2486
17075.450897216797,2478
17076.44820213318,2518
17077.449798583984,2550
17078.44305038452,2574
17079.440355300903,2534
17080.437660217285,2534
17081.434965133667,2542
17082.43227005005,2514
17083.42933654785,2510
17084.42711830139,2494
17085.424184799194,2494
17086.421728134155,2446
17087.419033050537,2502
17088.41633796692,2502
17089.4136428833,2534
17090.410947799683,2518
17091.408252716064,2550
17092.405557632446,2550
17093.402862548828,2550
17094.40040588379,2526
17095.39771080017,2486
17096.395254135132,2500
17097.392320632935,2470
17098.390102386475,2492
17099.387168884277,2474
17100.38447380066,2488
17101.38201713562,2534
17102.379083633423,2554
17103.376388549805,2526
17104.374170303345,2550
17105.371236801147,2596
17106.36854171753,2574
17107.36584663391,2512
17108.36362838745,2506
17109.360456466675,2500
17110.357761383057,2514
17111.35768890381,2500
17112.382173538208,2486
17113.37947845459,2512
17114.393711090088,2526
17115.37504196167,2552
17116.3432598114,2576
17117.368459701538,2552
17118.36576461792,2522
17119.335174560547,2514
17120.332956314087,2514
17121.328353881836,2522
17122.326135635376,2538
17123.32320213318,2488
17124.321222305298,2442
17125.33187866211,2518
17126.322746276855,2548
17127.314805984497,2534
17128.309965133667,2508
17129.308700561523,2514
17130.306243896484,2526
17131.307125091553,2542
17132.299661636353,2550
17133.296966552734,2522
17134.294033050537,2488
17135.29133796692,2504
17136.2886428833,2512
17137.287378311157,2522
17138.283252716064,2508
17139.293909072876,2542
17140.279054641724,2542
17141.27779006958,2510
17142.274141311646,2518
17143.27120780945,2522
17144.26875114441,2510
17145.26629447937,2470
17146.263599395752,2502
17147.26209640503,2502
17148.258924484253,2550
17149.26266670227,2570
17150.25305747986,2544
17151.25060081482,2546
17152.2479057312,2542
17153.245210647583,2554
17154.242277145386,2574
17155.239820480347,2558
17156.237602233887,2514
17157.23490715027,2526
17158.23268890381,2526
17159.229278564453,2534
17160.226106643677,2570
17161.22341156006,2542
17162.22047805786,2552
17163.218021392822,2510
17164.215087890625,2534
17165.212392807007,2558
17166.210889816284,2518
17167.20724105835,2498
17168.20478439331,2514
17169.202089309692,2546
17170.199394226074,2554
17171.19526863098,2532
17172.202110290527,2570
17173.189640045166,2590
17174.190759658813,2600
17175.18448829651,2614
17176.18155479431,2612
17177.178859710693,2596
17178.176403045654,2520
17179.173469543457,2482
17180.171012878418,2516
17181.16807937622,2510
17182.16562271118,2474
17183.162927627563,2494
17184.160232543945,2510
17185.157775878906,2500
17186.155557632446,2514
17187.15238571167,2512
17188.149452209473,2514
17189.146995544434,2492
17190.144300460815,2466
17191.141366958618,2418
17192.13914871216,2414
17193.13621520996,2416
17194.133520126343,2398
17195.130825042725,2420
17196.128368377686,2410
17197.125673294067,2462
17198.12297821045,2514
17199.12028312683,2488
17200.117588043213,2570
17201.114892959595,2548
17202.141046524048,2542
17203.13787460327,2570
17204.135417938232,2582
17205.13415336609,2586
17206.130266189575,2494
17207.127332687378,2502
17208.12439918518,2546
17209.1224193573,2570
17210.119485855103,2590
17211.116313934326,2594
17212.114572525024,2596
17213.111400604248,2586
17214.109420776367,2574
17215.105772018433,2582
17216.10450744629,2572
17217.103242874146,2526
17218.07074546814,2522
17219.09523010254,2534
17220.09801864624,2546
17221.09055519104,2504
17222.087383270264,2546
17223.084926605225,2586
17224.081993103027,2586
17225.07929801941,2576
17226.077556610107,2544
17227.074146270752,2510
17228.071451187134,2516
17230.03840446472,2554
17230.03840446472,2522
17231.035232543945,2524
17232.032537460327,2486
17233.05916786194,2486
17234.055995941162,2506
17235.053539276123,2534
17236.051082611084,2534
17237.048387527466,2470
17238.045930862427,2482
17239.049673080444,2514
17240.04030227661,2494
17241.009950637817,2510
17242.043018341064,2502
17243.032455444336,2538
17244.02928352356,2506
17245.027780532837,2518
17246.02460861206,2538
17247.021675109863,2550
17248.019218444824,2522
17249.016523361206,2542
17250.014543533325,2578
17251.01900100708,2534
17252.00867652893,2518
17253.005981445312,2522
17254.003047943115,2538
17255.000591278076,2546
17255.999326705933,2578
17256.99543952942,2590
17257.999181747437,2554
17258.989572525024,2606
17259.987592697144,2638
17260.984420776367,2586
17261.98172569275,2542
17262.979745864868,2582
17263.97705078125,2546
17264.978408813477,2526
17265.94352722168,2538
17266.96801185608,2538
17267.96579360962,2490
17268.96357536316,2550
17269.960165023804,2602
17270.958185195923,2552
17271.954774856567,2542
17272.95231819153,2520
17273.949146270752,2506
17274.94716644287,2474
17275.944232940674,2446
17276.941776275635,2450
17277.939081192017,2414
17278.93877029419,2446
17279.933214187622,2442
17280.93123435974,2430
17281.928539276123,2502
17282.925367355347,2486
17283.931016921997,2514
17284.92045402527,2518
17285.91775894165,2474
17286.915063858032,2472
17287.912607192993,2478
17288.911819458008,2428
17290.881872177124,2462
17290.881872177124,2514
17291.90158843994,2514
17292.89960861206,2524
17293.896675109863,2546
17294.893503189087,2606
17295.896530151367,2618
17296.895742416382,2630
17298.857927322388,2578
17299.851179122925,2546
17299.851179122925,2510
17301.84555053711,2492
17301.84555053711,2526
17303.840398788452,2522
17304.837703704834,2514
17305.835008621216,2514
17306.83207511902,2554
17307.840585708618,2538
17308.82692337036,2578
17309.824228286743,2510
17310.821533203125,2538
17311.818838119507,2520
17312.81614303589,2572
17313.81344795227,2522
17314.81099128723,2494
17315.80877304077,2500
17316.805601119995,2490
17317.802906036377,2512
17318.80021095276,2514
17319.79751586914,2544
17320.794820785522,2538
17321.792364120483,2574
17322.789430618286,2534
17323.786735534668,2518
17324.787139892578,2542
17325.783491134644,2544
17326.780796051025,2548
17327.777862548828,2526
17328.77540588379,2526
17329.772233963013,2574
17330.770015716553,2570
17331.767320632935,2570
17332.780838012695,2582
17333.7619304657,2558
17334.75923538208,2558
17335.75701713562,2550
17336.754322052002,2512
17337.751150131226,2514
17338.748931884766,2534
17339.746475219727,2542
17340.74354171753,2526
17341.740608215332,2528
17342.737913131714,2534
17343.734979629517,2532
17344.732522964478,2534
17345.73006629944,2526
17346.72737121582,2510
17347.724437713623,2488
17348.721981048584,2478
17349.719285964966,2482
17350.71635246277,2534
17351.71389579773,2526
17352.71120071411,2546
17353.708505630493,2550
17354.705810546875,2568
17355.703592300415,2558
17356.730222702026,2544
17357.6979637146,2502
17358.722925186157,2510
17359.720468521118,2514
17360.71729660034,2502
17361.714839935303,2474
17362.712144851685,2490
17363.709211349487,2492
17364.707469940186,2518
17365.686178207397,2554
17366.673469543457,2544
17367.698669433594,2586
17368.696451187134,2576
17369.694709777832,2554
17370.695114135742,2522
17371.660232543945,2478
17372.68590927124,2510
17373.682975769043,2512
17374.651432037354,2528
17375.650882720947,2504
17376.647233963013,2550
17377.644300460815,2526
17378.642320632935,2546
17379.639387130737,2582
17380.63645362854,2522
17381.633758544922,2536
17382.631301879883,2534
17383.628368377686,2526
17384.625911712646,2522
17385.62297821045,2482
17386.648893356323,2452
17387.646198272705,2458
17388.643980026245,2480
17389.64033126831,2506
17390.63787460327,2494
17391.634702682495,2510
17392.640113830566,2514
17393.635749816895,2566
17394.65308189392,2546
17395.59555053711,2544
17396.621704101562,2510
17397.61972427368,2498
17398.616313934326,2482
17399.585008621216,2472
17400.612115859985,2508
17401.607275009155,2480
17402.605295181274,2510
17403.60164642334,2544
17404.59966659546,2552
17405.568838119507,2552
17406.596422195435,2558
17407.564401626587,2538
17408.58793258667,2510
17409.58523750305,2534
17410.582065582275,2518
17411.579847335815,2494
17412.577390670776,2502
17413.57445716858,2514
17414.572954177856,2582
17415.570974349976,2542
17416.566848754883,2534
17417.537689208984,2580
17418.53427886963,2558
17419.53158378601,2570
17420.528888702393,2582
17421.526670455933,2574
17422.523736953735,2582
17423.521280288696,2522
17424.518823623657,2558
17425.5154132843,2598
17426.51343345642,2558
17427.509546279907,2556
17428.50685119629,2602
17429.50415611267,2582
17430.501461029053,2602
17431.498765945435,2596
17432.496070861816,2558
17433.493614196777,2582
17434.49068069458,2602
17435.487985610962,2602
17436.485528945923,2602
17437.482833862305,2574
17438.480138778687,2602
17439.47744369507,2588
17440.47474861145,2580
17441.47229194641,2542
17442.469358444214,2512
17443.466901779175,2538
17444.464206695557,2498
17445.46151161194,2478
17446.45881652832,2474
17447.456121444702,2482
17448.453664779663,2504
17449.450731277466,2514
17450.45495033264,2534
17451.455116271973,2510
17452.44288444519,2522
17453.439950942993,2506
17454.437494277954,2514
17455.435037612915,2522
17456.432104110718,2474
17457.42964744568,2502
17458.42695236206,2514
17459.424018859863,2502
17460.421323776245,2558
17461.418867111206,2608
17462.416172027588,2572
17463.41347694397,2598
17464.41102027893,2602
17465.408086776733,2598
17466.405630111694,2584
17467.403173446655,2550
17468.400239944458,2526
17469.39754486084,2518
17470.394611358643,2510
17471.392154693604,2538
17472.389459609985,2578
17473.386764526367,2544
17474.38406944275,2600
17475.38185119629,2616
17476.37915611267,2632
17477.376222610474,2642
17478.373527526855,2574
17479.403734207153,2510
17480.39937019348,2466
17481.39500617981,2466
17482.399940490723,2422
17483.389854431152,2382
17484.386682510376,2392
17485.384702682495,2412
17486.381769180298,2466
17487.38121986389,2506
17488.377571105957,2534
17489.373683929443,2474
17490.370750427246,2482
17491.36781692505,2500
17492.366552352905,2458
17493.364572525024,2454
17494.360208511353,2446
17495.34583091736,2406
17496.32716178894,2426
17497.35188484192,2486
17498.34895133972,2526
17499.318599700928,2548
17500.343322753906,2494
17501.340627670288,2510
17502.311944961548,2542
17503.33547592163,2542
17504.33325767517,2518
17505.331993103027,2552
17506.32643699646,2510
17507.32374191284,2514
17508.321285247803,2526
17509.319067001343,2574
17510.3178024292,2580
17511.313915252686,2552
17512.311935424805,2584
17513.309001922607,2582
17514.305353164673,2570
17515.303134918213,2580
17516.30210876465,2572
17517.297506332397,2520
17518.295288085938,2480
17519.29211616516,2488
17520.29013633728,2514
17521.286964416504,2526
17522.284030914307,2484
17523.281574249268,2478
17524.266719818115,2510
17525.259733200073,2490
17526.24559402466,2502
17527.2433757782,2510
17528.240203857422,2478
17529.237508773804,2490
17530.234813690186,2460
17531.232118606567,2554
17532.22942352295,2558
17533.22696685791,2550
17534.224271774292,2574
17535.221576690674,2528
17536.218881607056,2584
17537.21594810486,2634
17538.21349143982,2586
17539.2107963562,2528
17541.85676574707,2536
17542.215824127197,2534
17542.215824127197,2526
17543.760538101196,2574
17544.291734695435,2574
17545.31979560852,2550
17546.315908432007,2570
17547.313690185547,2582
17548.310041427612,2582
17549.283027648926,2522
17550.278425216675,2490
17551.275968551636,2522
17552.27279663086,2502
17553.27033996582,2522
17554.267168045044,2524
17555.264711380005,2502
17556.262493133545,2526
17557.259559631348,2594
17558.25686454773,2614
17559.253931045532,2542
17560.251235961914,2582
17561.248540878296,2582
17562.2456073761,2514
17563.24338912964,2510
17564.2409324646,2518
17565.237760543823,2520
17566.235780715942,2482
17567.232608795166,2510
17568.22967529297,2490
17569.22698020935,2526
17570.224285125732,2558
17571.221590042114,2574
17572.218894958496,2558
17573.217153549194,2540
17574.222564697266,2542
17575.212001800537,2526
17576.209545135498,2536
17577.2066116333,2508
17578.203201293945,2506
17579.200506210327,2526
17580.198049545288,2534
17581.19535446167,2554
17582.19313621521,2582
17583.19067955017,2578
17584.187746047974,2608
17585.185050964355,2574
17586.183309555054,2590
17587.180137634277,2550
17588.176488876343,2516
17589.174032211304,2514
17590.171098709106,2482
17591.169118881226,2502
17592.166423797607,2510
17593.16349029541,2506
17594.16103363037,2508
17595.157861709595,2574
17596.155643463135,2544
17597.153186798096,2528
17598.15001487732,2538
17599.146842956543,2558
17600.14510154724,2554
17601.142406463623,2526
17602.139234542847,2514
17603.13653945923,2514
17604.134559631348,2470
17605.13138771057,2530
17606.12916946411,2554
17607.126474380493,2556
17608.124017715454,2578
17609.120845794678,2586
17610.11791229248,2574
17611.114978790283,2542
17612.112998962402,2534
17613.110303878784,2558
17614.107608795166,2520
17615.10467529297,2554
17616.102695465088,2500
17617.09976196289,2522
17618.096590042114,2526
17619.094848632812,2546
17620.091915130615,2520
17621.088981628418,2500
17622.08652496338,2498
17623.08406829834,2454
17624.080896377563,2490
17625.078916549683,2510
17626.076459884644,2490
17627.073049545288,2468
17628.07035446167,2490
17629.06765937805,2486
17630.065202713013,2514
17631.062269210815,2526
17632.060050964355,2510
17633.057355880737,2538
17634.05442237854,2526
17635.050535202026,2506
17636.04760169983,2494
17637.04514503479,2528
17638.042211532593,2504
17639.039516448975,2538
17640.036582946777,2526
17641.03412628174,2578
17642.0316696167,2558
17643.028736114502,2602
17644.026279449463,2586
17645.023584365845,2574
17646.020889282227,2534
17647.01795578003,2518
17648.01573753357,2520
17649.012804031372,2534
17650.010108947754,2550
17651.037216186523,2522
17652.034282684326,2538
17653.032064437866,2582
17654.033660888672,2550
17655.02619743347,2588
17656.02397918701,2602
17657.021045684814,2574
17658.018827438354,2570
17659.015417099,2546
17660.019874572754,2510
17661.01098060608,2510
17662.008047103882,2534
17663.012742996216,2554
17664.002418518066,2546
17664.99924659729,2544
17665.969371795654,2556
17666.994333267212,2602
17667.991876602173,2558
17668.989419937134,2558
17669.99387741089,2570
17670.98355293274,2510
17671.9810962677,2478
17672.978162765503,2506
17673.975467681885,2520
17675.941467285156,2480
17675.941467285156,2504
17676.939725875854,2534
17677.936792373657,2546
17678.93409729004,2582
17679.959297180176,2598
17680.930137634277,2544
17681.926488876343,2558
17682.924032211304,2586
17683.921098709106,2570
17684.918642044067,2534
17685.916423797607,2506
17686.91372871399,2534
17687.94322013855,2546
17688.93575668335,2546
17689.932584762573,2578
17690.901279449463,2594
17691.929817199707,2550
17692.925214767456,2570
17693.92204284668,2552
17694.9200630188,2554
17695.916891098022,2538
17696.88844680786,2506
17697.912454605103,2506
17698.909044265747,2518
17699.90634918213,2486
17700.90341567993,2532
17701.900959014893,2550
17702.898263931274,2546
17703.896045684814,2524
17704.892873764038,2558
17705.86371421814,2538
17706.888437271118,2518
17707.88526535034,2522
17708.887338638306,2534
17709.879875183105,2506
17710.87694168091,2482
17711.877822875977,2508
17712.872743606567,2514
17713.868379592896,2550
17715.837955474854,2526
17715.837955474854,2522
17716.861724853516,2516
17717.85807609558,2508
17719.853401184082,2510
17720.850467681885,2504
17721.848487854004,2526
17722.84507751465,2494
17723.843336105347,2474
17724.839687347412,2518
17725.83818435669,2504
17726.835012435913,2482
17727.832078933716,2510
17728.829860687256,2510
17729.82621192932,2518
17730.823755264282,2486
17731.82201385498,2506
17732.79047012329,2478
17733.815908432007,2482
17734.813690185547,2556
17735.812664031982,2570
17736.807823181152,2534
17737.805128097534,2554
17738.802194595337,2590
17739.79926109314,2570
17740.7968044281,2544
17741.793870925903,2558
17742.76304244995,2548
17743.788957595825,2522
17744.786500930786,2544
17745.784997940063,2526
17746.766328811646,2494
17747.778177261353,2506
17748.775720596313,2556
17749.772548675537,2546
17750.770568847656,2578
17751.77550315857,2586
17752.76470184326,2602
17753.762245178223,2554
17754.759073257446,2522
17755.756855010986,2518
17756.755352020264,2486
17757.724046707153,2504
17758.754014968872,2514
17759.745836257935,2510
17760.742902755737,2518
17761.7449760437,2506
17762.74609565735,2546
17763.73815536499,2570
17764.732837677002,2550
17765.734910964966,2538
17766.729593276978,2510
17767.72427558899,2504
17768.722772598267,2502
17769.719123840332,2500
17770.724296569824,2486
17771.714210510254,2490
17772.71604537964,2494
17773.709535598755,2534
17774.7061252594,2522
17775.70390701294,2522
17776.7014503479,2574
17777.698516845703,2550
17778.695106506348,2534
17779.693126678467,2534
17780.69043159485,2502
17781.68797492981,2492
17782.657146453857,2502
17783.681869506836,2490
17784.679412841797,2506
17785.677909851074,2510
17786.67449951172,2590
17787.671089172363,2590
17788.67483139038,2600
17789.666414260864,2580
17790.663957595825,2554
17791.661739349365,2558
17792.65856742859,2518
17793.65563392639,2538
17794.652462005615,2514
17795.650959014893,2502
17796.65517807007,2510
17797.64485359192,2522
17798.6421585083,2524
17799.611806869507,2558
17800.637245178223,2542
17801.633834838867,2516
17802.631378173828,2506
17803.62892150879,2550
17804.627180099487,2526
17805.623531341553,2522
17806.621313095093,2484
17807.59596824646,2506
17808.615684509277,2542
17809.61322784424,2522
17810.6107711792,2526
17811.57875061035,2582
17812.575578689575,2534
17813.572883605957,2522
17814.56995010376,2526
17815.56749343872,2538
17816.564798355103,2514
17817.562103271484,2542
17818.559646606445,2540
17819.557189941406,2550
17820.554494857788,2546
17821.55156135559,2544
17822.548866271973,2600
17823.546171188354,2546
17824.543476104736,2558
17825.541019439697,2574
17826.5380859375,2582
17827.535390853882,2572
17828.532695770264,2510
17829.530239105225,2490
17830.527544021606,2514
17831.52461051941,2534
17832.52215385437,2544
17833.519458770752,2570
17834.516763687134,2604
17835.514068603516,2524
17836.511611938477,2506
17837.50891685486,2552
17838.50598335266,2538
17839.503526687622,2482
17840.501070022583,2522
17841.498136520386,2540
17842.495441436768,2518
17843.49298477173,2542
17844.49005126953,2542
17845.487594604492,2590
17846.492528915405,2618
17847.482204437256,2550
17848.47927093506,2526
17849.47657585144,2548
17850.475072860718,2544
17851.483583450317,2512
17852.468729019165,2482
17853.466272354126,2506
17854.46333885193,2514
17855.46112060547,2542
17856.45866394043,2552
17857.45596885681,2544
17858.453273773193,2578
17859.450101852417,2580
17860.447645187378,2558
17861.44518852234,2546
17862.442016601562,2534
17863.439321517944,2490
17864.436864852905,2470
17865.434408187866,2478
17866.431951522827,2454
17867.42901802063,2448
17868.426084518433,2490
17869.423389434814,2526
17870.420694351196,2514
17871.418237686157,2528
17872.41554260254,2544
17873.41260910034,2514
17874.410390853882,2546
17875.407457351685,2514
17876.405000686646,2514
17877.40206718445,2504
17878.39937210083,2502
17879.396677017212,2512
17880.393981933594,2514
17881.393671035767,2534
17882.41934776306,2554
17883.41760635376,2538
17884.413242340088,2550
17885.411262512207,2574
17886.409044265747,2616
17887.40611076355,2584
17888.402938842773,2526
17889.40382003784,2510
17890.398263931274,2486
17891.396045684814,2506
17892.3921585083,2480
17893.360137939453,2510
17894.386768341064,2546
17895.385026931763,2522
17896.38066291809,2514
17897.37892150879,2542
17898.37670326233,2550
17899.34492111206,2526
17900.370597839355,2518
17901.37553215027,2510
17902.36496925354,2486
17903.362035751343,2478
17904.36053276062,2514
17905.356645584106,2522
17906.327962875366,2508
17907.352685928345,2510
17908.349990844727,2538
17909.348249435425,2542
17910.315990447998,2534
17911.34262084961,2538
17912.338972091675,2506
17913.337230682373,2510
17914.332628250122,2542
17915.303707122803,2526
17916.327953338623,2506
17917.32621192932,2516
17918.304204940796,2538
17919.321060180664,2500
17920.31693458557,2514
17921.316146850586,2534
17922.31845855713,2518
17923.309326171875,2510
17924.306631088257,2526
17925.30345916748,2526
17926.27239227295,2542
17927.298307418823,2524
17928.26819419861,2534
17929.26526069641,2554
17930.262565612793,2542
17931.259632110596,2554
17932.257175445557,2526
17933.254718780518,2502
17934.25154685974,2474
17935.24956703186,2518
17936.246395111084,2502
17937.243938446045,2514
17938.241243362427,2506
17939.237117767334,2510
17940.233945846558,2530
17941.231727600098,2558
17942.2287940979,2544
17943.226099014282,2554
17944.223403930664,2574
17945.220708847046,2522
17946.218013763428,2512
17947.21531867981,2502
17948.21286201477,2518
17949.219465255737,2510
17950.207471847534,2506
17951.204776763916,2476
17952.202081680298,2536
17953.19938659668,2570
17954.19669151306,2582
17955.194234848022,2590
17956.191539764404,2590
17958.186626434326,2558
17958.186626434326,2514
17959.18345451355,2556
17960.18075942993,2510
17961.178064346313,2488
17962.175607681274,2502
17963.172674179077,2502
17964.16997909546,2510
17965.16752243042,2548
17966.16506576538,2524
17967.17643737793,2598
17968.159914016724,2574
17969.157218933105,2574
17970.15428543091,2586
17971.15182876587,2570
17972.14913368225,2534
17973.146200180054,2522
17974.143981933594,2472
17975.141286849976,2450
17976.13835334778,2514
17977.13565826416,2538
17978.132724761963,2522
17979.130268096924,2548
17980.127573013306,2540
17981.124877929688,2524
17982.12194442749,2574
17983.11972618103,2582
17984.116792678833,2546
17985.114097595215,2480
17986.111640930176,2504
17987.108945846558,2506
17988.10601234436,2514
17989.103317260742,2518
17990.130186080933,2510
17991.127252578735,2516
17992.124795913696,2518
17993.122100830078,2542
17994.125604629517,2594
17995.118141174316,2550
17996.114253997803,2550
17997.111797332764,2542
17998.108863830566,2518
17999.10616874695,2502
18000.10371208191,2490
18001.10363960266,2526
18002.098560333252,2542
18003.095626831055,2528
18004.092693328857,2488
18005.091190338135,2534
18006.08801841736,2526
18007.084608078003,2510
18008.082389831543,2526
18009.079933166504,2526
18010.077476501465,2492
18011.07430458069,2506
18012.07137107849,2512
18013.070821762085,2522
18014.073848724365,2514
18015.070915222168,2508
18016.033172607422,2486
18017.05837249756,2534
18018.05567741394,2574
18019.05345916748,2524
18020.050525665283,2504
18021.018981933594,2490
18022.016286849976,2546
18023.015022277832,2546
18024.03974533081,2546
18025.036573410034,2554
18026.034116744995,2554
18027.031421661377,2526
18028.035640716553,2528
18029.02889251709,2550
18030.0235748291,2538
18030.992031097412,2482
18033.196687698364,2506
18033.196687698364,2510
18034.545183181763,2510
18035.57538986206,2506
18036.766290664673,2512
18037.760257720947,2524
18038.73062133789,2574
18039.727449417114,2600
18040.724277496338,2586
18041.72110557556,2542
18042.7188873291,2518
18043.716430664062,2546
18044.713973999023,2538
18045.711040496826,2528
18046.70739173889,2558
18047.70588874817,2516
18048.702716827393,2510
18049.700260162354,2576
18050.697803497314,2608
18051.695108413696,2586
18052.69193649292,2570
18053.68947982788,2598
18054.68702316284,2534
18055.683612823486,2514
18056.681871414185,2514
18057.678937911987,2502
18058.67600440979,2480
18059.673070907593,2502
18060.670852661133,2522
18061.667919158936,2526
18062.665224075317,2570
18063.6625289917,2582
18064.66031074524,2584
18065.65761566162,2538
18066.654443740845,2542
18067.6531791687,2578
18068.649530410767,2538
18069.64659690857,2526
18070.643663406372,2514
18071.640968322754,2506
18072.638273239136,2522
18073.635578155518,2558
18074.634075164795,2588
18075.63018798828,2594
18076.62844657898,2546
18077.62575149536,2576
18078.622817993164,2576
18079.619884490967,2586
18080.61718940735,2518
18081.61473274231,2500
18082.61275291443,2490
18083.60981941223,2486
18084.607362747192,2534
18085.603713989258,2542
18086.601734161377,2546
18087.59903907776,2546
18088.59610557556,2544
18089.593648910522,2538
18090.590953826904,2576
18091.588735580444,2574
18092.58532524109,2538
18093.58286857605,2542
18094.58017349243,2516
18095.57867050171,2506
18096.574783325195,2590
18097.572326660156,2546
18098.569869995117,2536
18099.5671749115,2516
18100.56447982788,2542
18101.561546325684,2554
18102.558851242065,2518
18103.555917739868,2478
18104.55369949341,2506
18105.551719665527,2522
18106.548309326172,2502
18107.545852661133,2514
18108.542680740356,2558
18109.540224075317,2512
18110.53729057312,2486
18111.534595489502,2518
18112.532138824463,2554
18113.53039741516,2512
18114.52841758728,2506
18115.525722503662,2514
18116.52374267578,2490
18117.520809173584,2508
18118.517875671387,2526
18119.51518058777,2548
18120.51296234131,2522
18121.51050567627,2580
18122.507572174072,2550
18123.50583076477,2578
18124.502420425415,2554
18125.497817993164,2538
18126.495361328125,2534
18127.506494522095,2508
18128.48949432373,2538
18129.486322402954,2538
18130.48791885376,2510
18131.511688232422,2502
18132.508993148804,2534
18133.511543273926,2534
18134.512901306152,2544
18135.483026504517,2578
18136.49892807007,2570
18137.495517730713,2544
18138.492822647095,2502
18139.5046710968,2552
18140.506982803345,2500
18141.48473739624,2506
18142.4822807312,2486
18143.481731414795,2550
18144.476890563965,2526
18145.474433898926,2514
18146.47102355957,2574
18147.467374801636,2576
18148.466110229492,2554
18149.434089660645,2502
18150.460958480835,2536
18151.4573097229,2522
18152.454376220703,2478
18153.452396392822,2490
18154.449462890625,2544
18155.447244644165,2514
18156.44335746765,2510
18157.440900802612,2540
18158.438444137573,2542
18159.435749053955,2546
18160.433292388916,2584
18161.43012046814,2550
18162.428379058838,2538
18163.424968719482,2506
18164.422512054443,2486
18165.421724319458,2516
18166.417121887207,2534
18167.41371154785,2534
18168.41149330139,2522
18169.410467147827,2506
18170.406341552734,2520
18171.41103744507,2574
18172.401189804077,2602
18173.39849472046,2548
18174.36718940735,2510
18175.363779067993,2502
18176.361322402954,2534
18177.358150482178,2514
18178.35545539856,2554
18179.352521896362,2466
18180.349826812744,2482
18181.347370147705,2574
18182.344436645508,2602
18183.34197998047,2546
18184.33928489685,2522
18185.336589813232,2522
18186.334371566772,2544
18187.331914901733,2536
18188.328742980957,2538
18189.32604789734,2514
18190.324306488037,2462
18191.32137298584,2480
18192.317724227905,2516
18193.315267562866,2514
18194.312572479248,2514
18195.31011581421,2502
18196.30765914917,2538
18197.30496406555,2542
18198.301792144775,2536
18199.305057525635,2514
18200.296640396118,2506
18201.29418373108,2516
18202.291250228882,2534
18203.288555145264,2538
18204.286098480225,2542
18205.283641815186,2522
18206.280946731567,2546
18207.27825164795,2538
18208.285093307495,2534
18209.272861480713,2518
18210.269927978516,2542
18211.267471313477,2540
18212.26477622986,2526
18213.26184272766,2510
18214.259147644043,2526
18215.256690979004,2544
18216.254472732544,2544
18217.251539230347,2552
18218.24884414673,2558
18219.24591064453,2528
18220.243215560913,2514
18221.240997314453,2540
18222.237825393677,2514
18223.235368728638,2482
18224.2329120636,2492
18225.2299785614,2512
18226.22776031494,2534
18227.224588394165,2550
18228.221654891968,2520
18229.21919822693,2550
18230.21674156189,2534
18231.213808059692,2582
18232.211351394653,2558
18233.208656311035,2550
18234.205722808838,2518
18235.2032661438,2510
18236.201524734497,2506
18237.19835281372,2518
18238.195180892944,2538
18239.192724227905,2536
18240.190029144287,2494
18241.18733406067,2582
18242.18463897705,2602
18243.18218231201,2598
18244.179248809814,2550
18245.177030563354,2522
18246.174097061157,2482
18247.171640396118,2502
18248.16846847534,2546
18249.166250228882,2482
18250.163555145264,2470
18251.160621643066,2502
18252.186059951782,2502
18253.182888031006,2538
18254.18734550476,2544
18255.18035888672,2580
18256.176948547363,2534
18257.173776626587,2542
18258.171796798706,2544
18259.169101715088,2514
18260.167360305786,2478
18261.170148849487,2450
18262.161254882812,2450
18263.157844543457,2476
18264.155864715576,2470
18265.153646469116,2518
18266.12138748169,2558
18267.119646072388,2542
18268.118381500244,2522
18269.115209579468,2526
18270.11203765869,2538
18271.109104156494,2518
18272.107124328613,2514
18273.103952407837,2484
18274.101734161377,2490
18275.099754333496,2512
18276.0968208313,2538
18277.09412574768,2536
18278.090953826904,2486
18279.088258743286,2548
18280.085802078247,2526
18281.08263015747,2552
18282.116174697876,2580
18283.10537338257,2558
18284.10315513611,2534
18285.101413726807,2536
18286.098957061768,2534
18287.095308303833,2542
18288.095474243164,2536
18289.089918136597,2554
18290.090084075928,2544
18291.056156158447,2536
18292.08993911743,2538
18293.079137802124,2548
18294.085025787354,2554
18295.074701309204,2520
18296.04148864746,2536
18297.040224075317,2492
18298.06637763977,2524
18299.067497253418,2570
18300.061464309692,2556
18301.05757713318,2536
18302.05535888672,2526
18303.0526638031,2518
18304.052114486694,2554
18305.052042007446,2570
18306.045055389404,2514
18307.042360305786,2510
18308.03942680359,2526
18309.03720855713,2512
18310.03451347351,2536
18311.030864715576,2542
18312.028884887695,2522
18313.025951385498,2510
18314.023733139038,2544
18315.02079963684,2586
18315.988302230835,2522
18317.015647888184,2502
18318.020343780518,2518
18319.010257720947,2490
18320.00780105591,2490
18321.00486755371,2486
18322.001934051514,2490
18322.999000549316,2518
18323.997020721436,2572
18324.99384880066,2586
18325.96468925476,2554
18326.96270942688,2570
18327.98671722412,2490
18328.985452651978,2532
18329.95057106018,2534
18330.94811439514,2514
18331.945180892944,2478
18332.942962646484,2478
18333.939790725708,2510
18334.93685722351,2526
18335.93487739563,2554
18336.93242073059,2582
18337.929487228394,2578
18338.926315307617,2546
18340.921640396118,2550
18340.921640396118,2590
18341.91846847534,2582
18342.916011810303,2490
18343.913555145264,2514
18344.910383224487,2534
18346.90523147583,2520
18346.90523147583,2514
18347.902536392212,2542
18348.899602890015,2546
18349.897384643555,2536
18350.89421272278,2586
18351.89151763916,2594
18352.888822555542,2598
18354.885578155518,2542
18355.91173171997,2502
18356.908082962036,2504
18356.908082962036,2478
18357.909440994263,2470
18359.872579574585,2442
18360.870361328125,2484
18361.867427825928,2478
18362.86473274231,2502
18363.861560821533,2514
18364.86029624939,2546
18365.862369537354,2558
18366.854906082153,2534
18367.857456207275,2534
18368.854761123657,2526
18369.853258132935,2484
18370.842456817627,2570
18371.859312057495,2534
18372.857093811035,2526
18373.83484840393,2558
18374.83549118042,2610
18375.831365585327,2574
18376.829385757446,2546
18377.824306488037,2554
18378.82423400879,2542
18379.823446273804,2590
18380.820512771606,2544
18381.83283805847,2512
18382.811546325684,2526
18383.809089660645,2490
18384.80567932129,2510
18385.804414749146,2550
18386.801719665527,2552
18387.798070907593,2500
18388.795137405396,2506
18389.7922039032,2504
18390.791177749634,2514
18391.78705215454,2552
18392.784118652344,2534
18393.781900405884,2490
18394.779205322266,2508
18395.7781791687,2514
18396.77405357361,2506
18397.77159690857,2526
18398.768186569214,2516
18399.76692199707,2486
18400.763511657715,2490
18401.760578155518,2542
18402.7578830719,2514
18403.754949569702,2510
18404.752492904663,2482
18405.7514667511,2502
18406.747341156006,2494
18407.745122909546,2526
18408.74218940735,2554
18409.73973274231,2538
18410.73703765869,2526
18411.733865737915,2556
18412.731409072876,2538
18413.72847557068,2542
18414.72578048706,2526
18415.7235622406,2518
18416.72134399414,2506
18417.717695236206,2526
18418.713569641113,2546
18419.712781906128,2534
18420.70960998535,2522
18421.735048294067,2582
18422.731399536133,2578
18423.728942871094,2586
18424.697637557983,2594
18425.726175308228,2558
18426.69439315796,2534
18427.71887779236,2494
18428.71618270874,2516
18429.683923721313,2534
18430.683374404907,2526
18431.68020248413,2480
18432.677268981934,2506
18433.674812316895,2578
18434.672355651855,2570
18435.670137405396,2518
18436.665296554565,2590
18437.66474723816,2558
18438.66205215454,2490
18439.658880233765,2482
18440.656185150146,2576
18441.65349006653,2526
18442.65103340149,2482
18443.648099899292,2498
18444.645166397095,2520
18445.64414024353,2542
18446.640491485596,2554
18447.6375579834,2576
18448.63486289978,2570
18449.63240623474,2546
18450.629472732544,2542
18451.652765274048,2550
18452.64983177185,2522
18453.65071296692,2484
18454.644441604614,2486
18455.642223358154,2512
18456.642627716064,2502
18457.631587982178,2508
18458.63652229309,2534
18459.630966186523,2538
18460.627794265747,2518
18461.62748336792,2522
18462.62288093567,2548
18463.621139526367,2522
18464.61772918701,2518
18465.616464614868,2524
18466.61925315857,2512
18467.582941055298,2454
18468.579292297363,2510
18469.577074050903,2510
18470.574140548706,2526
18471.571683883667,2558
18472.56898880005,2594
18473.56629371643,2542
18474.56383705139,2544
18475.56209564209,2550
18476.559162139893,2546
18477.555513381958,2510
18478.554248809814,2524
18479.55060005188,2542
18480.547666549683,2518
18481.545448303223,2514
18482.54370689392,2542
18483.539819717407,2520
18484.537363052368,2534
18485.53466796875,2546
18486.53221130371,2514
18487.529277801514,2520
18488.526582717896,2490
18489.524126052856,2518
18490.52119255066,2504
18491.51873588562,2546
18492.515802383423,2522
18493.513345718384,2508
18494.510173797607,2518
18495.508193969727,2572
18496.505737304688,2542
18497.50256538391,2518
18498.499393463135,2550
18499.496698379517,2478
18500.49376487732,2502
18501.49154663086,2534
18502.488613128662,2538
18503.486156463623,2510
18504.483461380005,2490
18505.481243133545,2514
18506.478309631348,2550
18507.47513771057,2574
18508.472681045532,2514
18509.469747543335,2526
18510.467052459717,2544
18511.464595794678,2492
18512.46190071106,2490
18513.460159301758,2508
18514.486074447632,2502
18515.4550075531,2516
18516.481637954712,2538
18517.478704452515,2602
18518.47553253174,2546
18519.47855949402,2546
18520.471334457397,2546
18521.475076675415,2518
18522.465229034424,2518
18523.462772369385,2542
18524.460554122925,2516
18525.459051132202,2468
18526.453971862793,2524
18527.451992034912,2506
18528.454303741455,2532
18529.44588661194,2554
18530.444145202637,2546
18531.44073486328,2576
18532.445907592773,2586
18533.436059951782,2570
18534.433364868164,2554
18535.431623458862,2522
18536.42749786377,2488
18537.42504119873,2484
18538.423538208008,2506
18539.419412612915,2526
18540.416717529297,2542
18541.4137840271,2518
18542.412042617798,2526
18543.37978363037,2576
18544.376611709595,2596
18545.373916625977,2554
18546.371698379517,2546
18547.369241714478,2526
18548.365831375122,2510
18549.363613128662,2502
18550.360679626465,2518
18551.357984542847,2522
18552.355527877808,2482
18553.35283279419,2522
18554.351091384888,2550
18555.35125732422,2604
18556.34832382202,2576
18557.34419822693,2586
18558.342218399048,2550
18559.340000152588,2570
18560.365676879883,2504
18561.363458633423,2534
18562.361240386963,2506
18563.35735321045,2460
18564.35537338257,2526
18565.35243988037,2570
18566.348552703857,2552
18567.347764968872,2554
18568.34316253662,2578
18569.342374801636,2542
18570.338010787964,2594
18571.33650779724,2554
18572.333335876465,2522
18573.33016395569,2486
18574.298620224,2490
18575.32548904419,2534
18576.32303237915,2538
18577.32129096985,2526
18578.316926956177,2542
18579.31876182556,2552
18580.31129837036,2538
18581.308364868164,2542
18582.30757713318,2552
18583.303689956665,2542
18584.300994873047,2538
18585.299015045166,2552
18586.29536628723,2546
18587.292909622192,2506
18588.289737701416,2522
18589.287757873535,2582
18590.285778045654,2544
18591.281414031982,2554
18592.278003692627,2540
18593.27507019043,2502
18594.273567199707,2534
18595.269918441772,2538
18596.238613128662,2502
18597.23734855652,2490
18598.263025283813,2506
18599.23505783081,2518
18600.257396697998,2512
18601.255416870117,2536
18602.25200653076,2536
18603.250741958618,2506
18604.246616363525,2510
18605.247020721436,2542
18606.24933242798,2522
18607.23876953125,2490
18608.235597610474,2498
18609.232664108276,2510
18610.22996902466,2510
18611.23299598694,2514
18612.22505569458,2538
18613.221883773804,2534
18614.219903945923,2536
18615.217208862305,2534
18616.215467453003,2584
18617.212772369385,2558
18618.216037750244,2514
18619.206190109253,2510
18620.203971862793,2504
18621.20032310486,2524
18622.198343276978,2506
18623.19564819336,2534
18624.183654785156,2544
18625.190496444702,2538
18626.18899345398,2542
18627.185344696045,2584
18628.183126449585,2598
18629.17947769165,2552
18630.17725944519,2542
18631.17480278015,2470
18632.172107696533,2490
18633.1684589386,2512
18634.16624069214,2506
18635.1637840271,2482
18636.163234710693,2526
18637.158632278442,2558
18638.15665245056,2556
18639.153242111206,2558
18640.156984329224,2598
18641.11852645874,2556
18642.14563369751,2522
18643.142223358154,2534
18644.139766693115,2534
18645.13874053955,2474
18646.14200592041,2504
18647.13144302368,2490
18648.12922477722,2512
18649.136781692505,2554
18650.123834609985,2526
18651.121139526367,2546
18652.08864212036,2550
18653.085947036743,2574
18654.083490371704,2558
18655.080795288086,2574
18656.078815460205,2532
18657.07540512085,2502
18658.07342529297,2510
18659.072160720825,2486
18660.067558288574,2518
18661.094427108765,2538
18662.092924118042,2514
18663.08832168579,2516
18664.08610343933,2582
18665.08436203003,2578
18666.05257987976,2554
18667.078971862793,2556
18668.075799942017,2534
18669.07262802124,2466
18670.07064819336,2498
18671.067476272583,2534
18672.065496444702,2520
18673.062801361084,2514
18674.059629440308,2546
18675.058126449585,2548
18676.05972290039,2576
18677.051782608032,2576
18678.048610687256,2548
18679.046630859375,2542
18680.044412612915,2526
18681.04100227356,2514
18682.03830718994,2506
18683.006286621094,2518
18684.033393859863,2510
18685.035467147827,2502
18686.028480529785,2510
18687.025547027588,2534
18688.022136688232,2538
18689.02015686035,2546
18690.016984939575,2534
18690.98663330078,2526
18692.015171051025,2488
18693.00889968872,2500
18694.00906562805,2526
18694.97513771057,2524
18696.0027217865,2514
18696.99764251709,2522
18697.99566268921,2542
18698.99296760559,2548
18699.962615966797,2554
18700.95944404602,2526
18701.95770263672,2518
18702.954530715942,2518
18703.951597213745,2522
18704.984664916992,2518
18705.94573020935,2494
18707.94177055359,2494
18707.94177055359,2514
18708.96601676941,2550
18709.96356010437,2572
18710.96181869507,2552
18711.9619846344,2510
18713.92774581909,2522
18714.933395385742,2502
18715.92140197754,2522
18716.9189453125,2462
18717.914581298828,2490
18718.929052352905,2494
18719.924449920654,2542
18720.90721130371,2506
18720.90721130371,2552
18721.90499305725,2578
18722.901821136475,2578
18723.899364471436,2550
18724.896907806396,2550
18726.89199447632,2528
18726.89199447632,2534
18728.885889053345,2542
18729.883909225464,2516
18730.882167816162,2502
18731.878995895386,2502
18733.108520507812,2538
18733.872652053833,2522
18734.37809944153,2610
18735.379695892334,2582
18736.393690109253,2538
18737.395524978638,2544
18738.393545150757,2574
18739.396810531616,2536
18740.386724472046,2512
18741.385221481323,2486
18742.383241653442,2460
18743.379831314087,2456
18744.37713623047,2518
18745.37420272827,2558
18746.373176574707,2538
18747.369289398193,2534
18748.366117477417,2574
18749.364376068115,2584
18750.36096572876,2558
18751.35827064514,2542
18752.355575561523,2522
18753.353118896484,2488
18754.350900650024,2490
18755.347728729248,2506
18756.34503364563,2512
18757.34257698059,2554
18758.339643478394,2554
18759.336948394775,2550
18760.334014892578,2570
18761.331796646118,2550
18762.32886314392,2538
18763.326168060303,2548
18764.323711395264,2526
18765.321493148804,2542
18766.318321228027,2470
18767.316579818726,2474
18768.313884735107,2534
18769.310235977173,2538
18770.307540893555,2522
18771.305322647095,2510
18772.302627563477,2518
18773.297786712646,2506
18774.306297302246,2554
18775.294303894043,2546
18776.292085647583,2520
18777.288675308228,2494
18778.28550338745,2518
18779.28328514099,2522
18780.280351638794,2524
18781.277894973755,2576
18782.275199890137,2576
18783.27226638794,2546
18784.26957130432,2576
18785.26735305786,2588
18786.264896392822,2576
18787.261486053467,2534
18788.259029388428,2520
18789.255619049072,2582
18790.254592895508,2522
18791.251182556152,2518
18792.248487472534,2518
18793.246269226074,2542
18794.243574142456,2522
18795.238971710205,2518
18796.2703704834,2526
18797.263622283936,2478
18798.264265060425,2482
18799.227952957153,2486
18800.25625228882,2458
18801.253080368042,2454
18802.25396156311,2480
18803.247928619385,2510
18804.24451828003,2522
18805.21321296692,2534
18806.209564208984,2506
18807.209253311157,2534
18808.234214782715,2570
18809.231758117676,2548
18810.199975967407,2534
18811.225414276123,2514
18812.222957611084,2518
18813.220500946045,2546
18814.218044281006,2534
18815.18864631653,2518
18816.182851791382,2546
18817.179918289185,2584
18818.176984786987,2598
18819.17452812195,2578
18820.17183303833,2578
18821.168899536133,2516
18822.166681289673,2506
18823.163986206055,2510
18824.177503585815,2526
18825.15835762024,2456
18826.15613937378,2446
18827.15344429016,2480
18828.150510787964,2542
18829.147338867188,2526
18830.14488220215,2550
18831.14218711853,2598
18832.139253616333,2548
18833.137035369873,2534
18834.134101867676,2530
18835.131406784058,2514
18836.12871170044,2470
18837.1262550354,2522
18838.123559951782,2506
18839.120864868164,2510
18840.118169784546,2526
18841.115474700928,2570
18842.11277961731,2578
18843.11008453369,2536
18844.107627868652,2546
18845.104932785034,2558
18846.51494026184,2550
18847.330331802368,2514
18848.099946975708,2518
18849.127769470215,2502
18850.122451782227,2456
18851.123809814453,2458
18852.088451385498,2508
18853.113889694214,2534
18854.111194610596,2522
18855.07869720459,2546
18856.109142303467,2538
18857.07449913025,2532
18858.100414276123,2542
18859.097719192505,2558
18860.095262527466,2522
18861.063480377197,2506
18862.088680267334,2478
18863.086223602295,2502
18864.083528518677,2518
18865.081071853638,2536
18866.050004959106,2578
18867.076635360718,2554
18868.075609207153,2554
18869.07148361206,2538
18870.067358016968,2518
18871.06442451477,2510
18872.06196784973,2518
18873.05974960327,2482
18874.02844429016,2510
18875.054836273193,2534
18876.05118751526,2494
18877.04825401306,2506
18878.04627418518,2510
18879.04381752014,2522
18880.041122436523,2466
18881.009817123413,2506
18882.006645202637,2526
18883.00347328186,2552
18884.003400802612,2516
18885.027170181274,2504
18885.996103286743,2510
18887.990474700928,2518
18887.990474700928,2546
18888.98754119873,2554
18890.995264053345,2578
18890.995264053345,2502
18891.979932785034,2522
18892.976999282837,2546
18893.97406578064,2546
18894.97137069702,2526
18895.96915245056,2514
18896.966218948364,2502
18897.963523864746,2526
18898.961305618286,2546
18900.95591545105,2554
18900.95591545105,2558
18901.952743530273,2538
18902.950286865234,2550
18903.948068618774,2570
18904.945135116577,2502
18905.94244003296,2512
18906.93974494934,2514
18907.936811447144,2520
18908.934116363525,2478
18909.931421279907,2522
18910.92872619629,2524
18911.92603111267,2526
18913.92183303833,2572
18914.918899536133,2574
18915.915727615356,2546
18916.91303253174,2526
18917.91009902954,2530
18918.907403945923,2552
18919.904708862305,2526
18920.902252197266,2474
18921.899557113647,2446
18922.89662361145,2506
18923.89416694641,2570
18924.891471862793,2544
18925.888776779175,2538
18926.885843276978,2544
18927.883625030518,2586
18928.881406784058,2604
18929.87895011902,2550
18929.87895011902,2534
18930.904865264893,2470
18932.899475097656,2420
18932.899475097656,2470
18933.897256851196,2536
18934.89408493042,2486
18936.888933181763,2470
18937.886238098145,2498
18938.883304595947,2522
18939.884185791016,2550
18940.87862968445,2544
18941.876649856567,2534
18942.87371635437,2498
18943.870306015015,2454
18944.867849349976,2478
18945.84822654724,2492
18946.834802627563,2500
18947.85165786743,2490
18948.846578598022,2534
18949.846029281616,2536
18950.82426071167,2526
18951.82156562805,2582
18952.818632125854,2574
18953.816652297974,2576
18954.813241958618,2574
18955.814361572266,2550
18956.809282302856,2546
18957.8058719635,2570
18958.802938461304,2558
18959.800004959106,2560
18960.798025131226,2544
18961.79485321045,2538
18962.79215812683,2574
18963.789701461792,2578
18964.786767959595,2578
18965.79360961914,2544
18966.782093048096,2516
18967.77892112732,2540
18969.772338867188,2538
18969.772338867188,2514
18970.76940536499,2534
18971.76694869995,2516
18972.764015197754,2506
18973.761081695557,2542
18974.75838661194,2516
18975.756406784058,2494
18976.75395011902,2534
18977.75101661682,2534
18978.748321533203,2522
18979.745388031006,2510
18980.743169784546,2492
18981.73999786377,2486
18982.73754119873,2542
18983.734846115112,2534
18984.732151031494,2512
18985.730171203613,2492
18986.727237701416,2550
18987.72406578064,2518
18988.72137069702,2510
18989.718675613403,2550
18990.715980529785,2506
18992.665767669678,2486
18992.665767669678,2490
18993.70813369751,2522
18994.715452194214,2554
18995.715379714966,2534
18996.219396591187,2526
18997.22123146057,2574
18998.216152191162,2536
18999.21417236328,2538
19000.211238861084,2538
19001.208305358887,2520
19002.205848693848,2494
19003.20315361023,2502
19004.200220108032,2518
19005.19847869873,2518
19006.195783615112,2520
19007.193088531494,2494
19008.219480514526,2556
19009.187698364258,2578
19010.18500328064,2598
19011.211395263672,2582
19012.20941543579,2542
19013.205766677856,2544
19014.20307159424,2502
19015.17152786255,2534
19016.19839668274,2516
19017.195463180542,2534
19018.192768096924,2512
19019.189596176147,2492
19020.18713951111,2502
19021.18420600891,2526
19022.183179855347,2582
19023.153066635132,2576
19024.149656295776,2584
19025.14624595642,2550
19026.142597198486,2506
19027.139902114868,2554
19028.139114379883,2546
19029.135942459106,2514
19030.133485794067,2486
19031.13079071045,2492
19032.12809562683,2522
19033.125162124634,2548
19034.122705459595,2582
19035.120248794556,2554
19036.116123199463,2580
19037.113189697266,2576
19038.11264038086,2552
19039.141416549683,2576
19040.13419151306,2542
19041.130542755127,2518
19042.128086090088,2468
19043.12562942505,2482
19044.124364852905,2506
19045.121431350708,2550
19046.117067337036,2552
19047.114610671997,2550
19048.112154006958,2580
19049.110174179077,2558
19050.079107284546,2576
19051.104068756104,2584
19052.101135253906,2526
19053.098440170288,2478
19054.102182388306,2488
19055.1016330719,2500
19056.092977523804,2516
19057.090759277344,2542
19058.08687210083,2516
19059.086322784424,2534
19060.081958770752,2542
19061.07997894287,2528
19062.076807022095,2542
19063.074588775635,2536
19064.07117843628,2518
19065.06896018982,2518
19066.03693962097,2506
19067.07000732422,2492
19068.060874938965,2488
19069.057941436768,2516
19070.05500793457,2512
19071.050882339478,2510
19072.04842567444,2534
19073.051929473877,2526
19074.04398918152,2526
19075.040578842163,2512
19076.039791107178,2518
19077.035427093506,2510
19078.03249359131,2474
19079.03003692627,2536
19080.026865005493,2524
19081.02512359619,2510
19082.022190093994,2534
19083.019018173218,2528
19084.017038345337,2540
19085.014820098877,2526
19086.012840270996,2514
19087.008714675903,2516
19088.006258010864,2498
19089.003086090088,2512
19090.96884727478,2494
19090.96884727478,2542
19091.96710586548,2542
19092.992782592773,2542
19093.989610671997,2582
19094.987154006958,2534
19095.955848693848,2530
19096.953630447388,2550
19097.979307174683,2576
19098.98328781128,2508
19099.980354309082,2506
19100.9738445282,2492
19101.973056793213,2512
19102.96630859375,2546
19103.963613510132,2574
19104.960680007935,2526
19105.95941543579,2522
19106.955766677856,2552
19107.95497894287,2582
19108.95013809204,2582
19109.947443008423,2544
19110.944986343384,2514
19111.942052841187,2490
19112.939596176147,2490
19113.93642425537,2534
19115.902185440063,2570
19116.902589797974,2526
19117.899417877197,2558
19118.89624595642,2554
19119.896173477173,2614
19120.890617370605,2598
19121.888160705566,2574
19122.88522720337,2544
19123.88277053833,2522
19124.880075454712,2502
19125.877141952515,2518
19126.87349319458,2526
19127.901077270508,2522
19127.901077270508,2508
19129.894733428955,2518
19130.892515182495,2556
19131.890296936035,2550
19132.887601852417,2578
19133.883953094482,2540
19134.882926940918,2518
19135.8802318573,2482
19136.876583099365,2534
19137.877702713013,2506
19138.871431350708,2474
19139.869213104248,2488
19140.854358673096,2490
19141.86453819275,2490
19142.861366271973,2550
19143.86010169983,2574
19144.856452941895,2522
19145.85256576538,2514
19146.849870681763,2568
19147.81928062439,2538
19148.823261260986,2518
19149.82318878174,2534
19150.822401046753,2450
19151.821851730347,2514
19152.80532836914,2510
19153.80311012268,2570
19154.800176620483,2554
19155.79843521118,2522
19156.795263290405,2534
19157.792329788208,2514
19158.78939628601,2518
19159.786462783813,2542
19160.784006118774,2554
19161.781549453735,2506
19162.805318832397,2500
19163.804292678833,2506
19164.8006439209,2550
19165.80057144165,2546
19166.76926612854,2582
19167.792320251465,2554
19168.790817260742,2534
19169.787406921387,2556
19170.785188674927,2598
19171.78201675415,2550
19172.77979850769,2590
19173.776626586914,2526
19174.773931503296,2578
19175.77314376831,2554
19176.76854133606,2552
19177.76608467102,2550
19178.736686706543,2582
19179.733276367188,2546
19180.73081970215,2526
19181.72812461853,2574
19182.725191116333,2554
19183.722496032715,2526
19184.719562530518,2514
19185.718297958374,2518
19186.715126037598,2538
19187.71195411682,2530
19188.709497451782,2588
19189.707040786743,2608
19190.704107284546,2546
19191.70093536377,2604
19192.69847869873,2542
19193.695545196533,2520
19194.69165802002,2550
19195.69182395935,2510
19196.689128875732,2514
19197.686433792114,2502
19198.68278503418,2478
19199.679851531982,2454
19200.677156448364,2536
19201.674461364746,2526
19202.672243118286,2518
19203.669786453247,2578
19204.66637611389,2542
19205.665111541748,2542
19206.66217803955,2502
19207.659006118774,2524
19208.656549453735,2482
19209.68008041382,2458
19210.648775100708,2484
19211.64584159851,2506
19212.642908096313,2512
19213.640213012695,2542
19214.637994766235,2570
19215.635776519775,2558
19216.633081436157,2554
19217.62990951538,2542
19218.62745285034,2534
19219.624757766724,2502
19220.621824264526,2482
19221.619367599487,2504
19222.61643409729,2512
19223.613739013672,2510
19224.611520767212,2516
19225.608825683594,2548
19226.61542892456,2510
19227.60319709778,2574
19228.60097885132,2598
19229.59804534912,2590
19230.595350265503,2470
19231.592416763306,2518
19232.590675354004,2488
19233.587503433228,2474
19234.58456993103,2482
19235.58235168457,2486
19236.579656600952,2494
19237.576961517334,2486
19238.574028015137,2542
19239.571571350098,2542
19240.56911468506,2522
19241.56618118286,2556
19242.563486099243,2554
19243.561029434204,2520
19244.558334350586,2498
19245.555877685547,2522
19246.55294418335,2510
19247.55048751831,2478
19248.547315597534,2490
19249.545097351074,2536
19250.542402267456,2514
19251.53923034668,2518
19252.53653526306,2526
19253.5343170166,2502
19254.531383514404,2460
19255.529165267944,2490
19256.526708602905,2522
19257.523775100708,2452
19258.52108001709,2474
19259.517908096313,2442
19260.515451431274,2456
19261.512756347656,2482
19262.510061264038,2510
19263.507604599,2522
19264.50490951538,2522
19265.50316810608,2518
19266.500234603882,2502
19267.496824264526,2526
19268.49389076233,2516
19269.49119567871,2520
19270.488739013672,2542
19271.486282348633,2546
19272.483348846436,2510
19273.480653762817,2578
19274.479150772095,2574
19275.47574043274,2514
19276.472806930542,2542
19277.470588684082,2552
19278.467416763306,2542
19279.464721679688,2542
19280.46178817749,2550
19281.45933151245,2538
19282.45997428894,2538
19283.454179763794,2538
19284.451723098755,2554
19285.449266433716,2578
19286.447763442993,2542
19287.444353103638,2586
19288.44141960144,2546
19289.438009262085,2558
19290.435314178467,2590
19291.433095932007,2540
19292.43016242981,2488
19293.427228927612,2506
19294.42524909973,2484
19295.422315597534,2534
19296.419858932495,2554
19297.423124313354,2574
19298.41423034668,2538
19299.41725730896,2570
19300.408840179443,2576
19301.405906677246,2554
19302.403211593628,2498
19303.40075492859,2458
19304.39805984497,2476
19305.39608001709,2514
19306.392669677734,2538
19307.390213012695,2522
19308.387279510498,2502
19309.38482284546,2526
19310.38212776184,2548
19311.379194259644,2572
19312.376737594604,2574
19313.374042510986,2590
19314.371347427368,2492
19315.36865234375,2522
19316.367387771606,2514
19317.36421585083,2542
19318.360567092896,2428
19319.358825683594,2494
19320.35541534424,2538
19321.3529586792,2578
19322.350025177002,2602
19323.347568511963,2590
19324.344635009766,2624
19325.342178344727,2574
19326.339721679688,2554
19327.33678817749,2480
19328.334093093872,2514
19329.331159591675,2486
19330.328702926636,2506
19331.32576942444,2506
19332.32355117798,2510
19333.32085609436,2550
19334.31839942932,2538
19336.421251296997,2542
19336.421251296997,2538
19337.814807891846,2542
19338.393688201904,2536
19339.821577072144,2522
19340.821504592896,2492
19341.838836669922,2478
19342.81587600708,2458
19343.81365776062,2446
19344.810724258423,2502
19345.80898284912,2502
19346.806049346924,2522
19347.803354263306,2506
19348.79994392395,2520
19349.79748725891,2504
19350.794553756714,2538
19351.791858673096,2570
19352.789163589478,2534
19353.78646850586,2466
19354.78401184082,2506
19355.781316757202,2548
19356.779098510742,2506
19357.776165008545,2518
19358.77299308777,2574
19359.77053642273,2542
19360.76784133911,2556
19361.765146255493,2612
19362.762212753296,2556
19363.76142501831,2524
19364.758014678955,2534
19365.755796432495,2558
19366.752862930298,2542
19367.7499294281,2546
19368.747234344482,2542
19369.744062423706,2522
19370.741605758667,2538
19371.739387512207,2524
19372.73597717285,2546
19373.733520507812,2502
19374.73154067993,2534
19375.728845596313,2526
19376.726150512695,2520
19377.72297859192,2482
19378.72052192688,2506
19379.751443862915,2554
19380.74493408203,2526
19381.741762161255,2478
19382.739305496216,2498
19383.736848831177,2514
19384.737730026245,2522
19385.730981826782,2526
19386.728286743164,2522
19387.725591659546,2482
19388.72504234314,2478
19389.719486236572,2508
19390.717267990112,2518
19391.713619232178,2518
19392.71378517151,2490
19393.707513809204,2538
19394.678592681885,2572
19395.704984664917,2542
19396.69966697693,2570
19397.69744873047,2516
19398.694276809692,2482
19399.697065353394,2486
19400.69031715393,2492
19401.68833732605,2486
19402.685403823853,2478
19403.682947158813,2488
19404.680252075195,2492
19405.677318572998,2554
19406.676054000854,2540
19407.644987106323,2554
19408.64062309265,2538
19409.63888168335,2558
19410.63642501831,2550
19411.633491516113,2520
19412.631273269653,2502
19413.628578186035,2482
19414.62540626526,2504
19415.623426437378,2558
19416.62096977234,2534
19417.61803627014,2514
19418.615102767944,2534
19419.612169265747,2558
19420.60947418213,2634
19421.60677909851,2590
19422.60456085205,2546
19423.601388931274,2478
19424.599409103394,2454
19425.59504508972,2520
19426.592111587524,2510
19427.62017250061,2482
19428.61795425415,2478
19429.614067077637,2538
19430.61137199402,2554
19431.60843849182,2550
19432.575702667236,2580
19433.603525161743,2578
19434.601068496704,2522
19435.59765815735,2510
19436.595916748047,2542
19437.59322166443,2514
19438.59028816223,2490
19439.587354660034,2490
19440.585374832153,2538
19441.55216217041,2546
19442.548990249634,2546
19443.546533584595,2554
19444.543838500977,2580
19445.54114341736,2536
19446.53868675232,2586
19447.5359916687,2538
19448.533058166504,2554
19449.530363082886,2518
19450.52742958069,2482
19451.52497291565,2478
19452.52227783203,2490
19453.519582748413,2522
19454.516887664795,2518
19455.514907836914,2534
19456.51412010193,2510
19457.512140274048,2482
19458.508491516113,2502
19459.505796432495,2544
19460.503101348877,2514
19461.500883102417,2456
19462.4981880188,2510
19463.495016098022,2488
19464.492321014404,2534
19465.49129486084,2558
19466.487884521484,2526
19467.485189437866,2546
19468.48154067993,2536
19469.47932243347,2554
19470.476388931274,2550
19471.500873565674,2538
19472.498178482056,2510
19473.496675491333,2518
19474.50041770935,2550
19475.492238998413,2586
19476.49049758911,2558
19477.484941482544,2558
19478.482484817505,2574
19479.480981826782,2570
19480.478525161743,2550
19481.47463798523,2538
19482.47241973877,2522
19483.468770980835,2518
19484.436988830566,2518
19485.434770584106,2486
19486.46092414856,2552
19487.45846748352,2570
19488.455295562744,2572
19489.45140838623,2574
19490.450859069824,2544
19491.45007133484,2542
19492.445468902588,2580
19493.441820144653,2574
19494.439840316772,2514
19495.40877342224,2484
19496.4337348938,2514
19497.431755065918,2502
19498.4347820282,2538
19499.398231506348,2554
19500.42414665222,2526
19501.42216682434,2536
19502.38871574402,2546
19503.41534614563,2620
19504.412412643433,2542
19505.41114807129,2522
19506.40630722046,2510
19507.40385055542,2462
19508.400678634644,2486
19509.397745132446,2518
19510.395288467407,2518
19511.392831802368,2466
19512.38965988159,2494
19513.38791847229,2538
19514.384984970093,2550
19515.382051467896,2594
19516.353607177734,2546
19517.377853393555,2532
19518.375635147095,2514
19519.37460899353,2506
19520.371198654175,2506
19521.369218826294,2486
19522.36580848694,2480
19523.36287498474,2490
19524.33156967163,2510
19525.360107421875,2536
19526.355504989624,2520
19527.35185623169,2526
19528.350114822388,2546
19529.346466064453,2534
19530.344009399414,2532
19531.34250640869,2522
19532.338857650757,2516
19533.32495689392,2482
19534.332752227783,2502
19535.33148765564,2462
19536.301374435425,2486
19537.298917770386,2516
19538.323163986206,2502
19539.32213783264,2526
19540.32015800476,2542
19541.31531715393,2550
19542.314291000366,2526
19543.31111907959,2558
19544.307947158813,2526
19545.305728912354,2508
19546.302795410156,2468
19547.29986190796,2534
19548.29716682434,2520
19549.265384674072,2522
19550.292015075684,2550
19551.288843154907,2526
19552.295446395874,2550
19553.28369140625,2542
19554.280996322632,2556
19555.27925491333,2538
19556.275606155396,2518
19557.280778884888,2480
19558.270692825317,2522
19559.267282485962,2544
19560.26530265808,2538
19561.261653900146,2534
19562.262296676636,2516
19563.257694244385,2522
19564.25452232361,2502
19565.25754928589,2526
19566.248655319214,2486
19567.245960235596,2482
19568.246603012085,2486
19569.247245788574,2514
19570.242166519165,2544
19571.24137878418,2538
19572.232961654663,2526
19573.229789733887,2514
19574.19729232788,2538
19575.225114822388,2538
19578.18651199341,2520
19578.18651199341,2524
19578.18651199341,2506
19579.215049743652,2466
19580.210208892822,2482
19581.207275390625,2504
19582.205533981323,2506
19583.20188522339,2492
19584.199905395508,2522
19585.19744873047,2556
19586.195945739746,2534
19587.191581726074,2542
19588.188886642456,2534
19589.186429977417,2514
19590.184450149536,2482
19591.18103981018,2490
19592.17858314514,2470
19593.17660331726,2506
19594.173431396484,2528
19595.170497894287,2542
19596.174240112305,2540
19597.166061401367,2598
19598.164796829224,2594
19599.159955978394,2544
19600.157260894775,2574
19601.154088974,2574
19602.15139389038,2518
19603.119611740112,2474
19604.117155075073,2518
19605.114221572876,2538
19606.112003326416,2486
19607.10906982422,2522
19608.1063747406,2542
19609.103441238403,2548
19610.100984573364,2550
19611.098051071167,2582
19612.09535598755,2534
19613.093376159668,2526
19614.09020423889,2492
19615.087747573853,2498
19616.084575653076,2482
19617.081880569458,2474
19618.07942390442,2432
19619.07696723938,2458
19620.074033737183,2490
19621.071577072144,2482
19622.068881988525,2554
19623.066186904907,2510
19624.06349182129,2542
19625.06055831909,2540
19626.058340072632,2550
19627.055406570435,2578
19628.052711486816,2554
19629.0500164032,2546
19630.04732131958,2518
19631.04486465454,2506
19632.041931152344,2512
19633.039712905884,2526
19634.036779403687,2538
19635.034322738647,2522
19636.03186607361,2514
19637.02940940857,2510
19638.026237487793,2526
19639.023780822754,2538
19640.021085739136,2510
19641.01791381836,2542
19642.01521873474,2502
19643.012762069702,2504
19644.009828567505,2516
19645.007610321045,2524
19646.005153656006,2518
19647.00222015381,2498
19647.99952507019,2518
19648.996829986572,2514
19649.994373321533,2510
19650.991439819336,2538
19651.98850631714,2548
19652.9860496521,2514
19654.983043670654,2488
19654.983043670654,2492
19656.009197235107,2498
19657.00387954712,2522
19658.00428390503,2518
19658.998250961304,2522
19659.99698638916,2498
19660.993814468384,2512
19661.991119384766,2576
19662.989139556885,2548
19663.98572921753,2514
19665.964126586914,2546
19665.964126586914,2492
19666.951656341553,2546
19667.975664138794,2586
19668.972969055176,2554
19670.716524124146,2554
19671.24915122986,2522
19672.27816581726,2526
19673.275232315063,2520
19674.245357513428,2510
19675.243616104126,2482
19676.239252090454,2504
19677.26445198059,2492
19678.261280059814,2542
19679.259300231934,2544
19680.257081985474,2522
19681.25343322754,2514
19682.25073814392,2542
19683.21919441223,2544
19684.21769142151,2554
19685.243129730225,2512
19686.240673065186,2514
19687.23726272583,2488
19688.23504447937,2494
19689.232349395752,2542
19690.229415893555,2506
19691.226720809937,2462
19692.22378730774,2518
19693.22109222412,2544
19694.218397140503,2578
19695.21689414978,2570
19696.213960647583,2578
19697.211265563965,2538
19698.20809364319,2520
19699.1765499115,2540
19700.20341873169,2520
19703.1672000885,2502
19703.1672000885,2476
19703.1672000885,2518
19704.19478416443,2506
19705.18922805786,2546
19706.186532974243,2554
19707.183837890625,2530
19708.181381225586,2522
19709.179162979126,2542
19710.177183151245,2550
19711.173057556152,2486
19712.170362472534,2474
19713.17434310913,2486
19714.166402816772,2470
19715.16227722168,2474
19716.147422790527,2482
19717.138051986694,2468
19718.128204345703,2482
19719.125032424927,2514
19720.122575759888,2546
19721.11940383911,2522
19722.116708755493,2542
19723.114013671875,2482
19724.111557006836,2476
19725.13699531555,2508
19726.133108139038,2458
19727.13017463684,2456
19728.12795639038,2490
19729.130744934082,2518
19730.122566223145,2504
19731.091022491455,2522
19732.08785057068,2518
19733.087301254272,2522
19734.084367752075,2514
19735.0811958313,2498
19736.079692840576,2512
19737.07628250122,2514
19738.073587417603,2510
19739.070653915405,2512
19740.068197250366,2504
19741.065502166748,2528
19742.06256866455,2582
19743.06011199951,2580
19744.057655334473,2608
19745.054721832275,2584
19746.052265167236,2550
19747.049570083618,2554
19748.04711341858,2618
19749.044179916382,2606
19750.041961669922,2514
19751.038789749146,2550
19752.036094665527,2548
19753.03316116333,2578
19754.03070449829,2554
19755.027770996094,2572
19758.020162582397,2526
19758.020162582397,2508
19758.020162582397,2510
19759.044408798218,2522
19760.042667388916,2518
19761.040687561035,2480
19762.009382247925,2470
19763.03482055664,2478
19764.004230499268,2526
19765.029191970825,2518
19765.99907875061,2528
19767.024755477905,2510
19768.022060394287,2570
19769.018411636353,2574
19770.015954971313,2586
19771.013259887695,2586
19772.010326385498,2518
19773.009538650513,2490
19776.968717575073,2522
19776.968717575073,2590
19776.968717575073,2574
19776.968717575073,2550
19777.966022491455,2550
19778.96285057068,2534
19779.960870742798,2546
19780.9579372406,2534
19781.954765319824,2534
19782.952070236206,2454
19783.949375152588,2470
19784.94668006897,2482
19785.94470024109,2458
19786.941289901733,2494
19787.938833236694,2534
19788.935899734497,2554
19789.933681488037,2546
19790.93074798584,2582
19791.92805290222,2522
19792.925119400024,2546
19795.918703079224,2534
19795.918703079224,2450
19796.915531158447,2450
19796.915531158447,2470
19828.83071899414,2430
19828.83071899414,2490
19828.83071899414,2470
19828.83071899414,2476
19829.8282623291,2478
19829.8282623291,2534
19829.8282623291,2542
19829.8282623291,2540
19829.8282623291,2522
19829.8282623291,2486
19840.7986164093,2482
19840.7986164093,2518
19840.7986164093,2526
19841.796159744263,2450
19841.796159744263,2518
19841.796159744263,2578
19841.796159744263,2618
19841.796159744263,2662
19841.796159744263,2638
19841.796159744263,2604
19842.793226242065,2550
19842.793226242065,2558
19842.793226242065,2554
19842.793226242065,2544
19842.793226242065,2526
19842.793226242065,2534
19843.790531158447,2538
19843.790531158447,2520
19843.790531158447,2576
19843.790531158447,2606
19843.790531158447,2544
19843.790531158447,2534
19843.790531158447,2524
19844.78759765625,2512
19844.78759765625,2500
19844.78759765625,2458
19844.78759765625,2452
19844.78759765625,2458
19844.78759765625,2458
19844.78759765625,2466
19845.78514099121,2514
19845.78514099121,2538
19845.78514099121,2538
19845.78514099121,2518
19845.78514099121,2500
19845.78514099121,2534
19845.78514099121,2522
19846.782207489014,2510
19846.782207489014,2502
19847.780227661133,2518
19848.777770996094,2550
19849.774599075317,2546
19850.7719039917,2512
19851.76944732666,2536
19852.766513824463,2542
19853.764057159424,2550
19854.761600494385,2570
19862.74027824402,2522
19862.74027824402,2474
19862.74027824402,2490
19862.74027824402,2526
19862.74027824402,2528
19863.737106323242,2552
19863.737106323242,2516
19863.737106323242,2516
19863.737106323242,2526
19864.734888076782,2572
19865.732669830322,2558
19866.729259490967,2502
19867.72656440735,2514
19868.723392486572,2502
19869.721174240112,2500
19870.718240737915,2534
19871.715784072876,2522
19872.714042663574,2544
19874.454259872437,2586
19874.707460403442,2574
19875.705242156982,2576
19876.713514328003,2586
19877.713680267334,2574
19878.217935562134,2550
19879.21905517578,2518
19880.216360092163,2490
19881.213665008545,2514
19882.210969924927,2522
19883.209228515625,2510
19884.206533432007,2554
19885.204315185547,2544
19886.20138168335,2542
19903.15580368042,2606
19903.15580368042,2596
19903.15580368042,2546
19903.15580368042,2470
19903.15580368042,2500
19904.152393341064,2502
19904.152393341064,2508
19904.152393341064,2488
19904.152393341064,2458
19904.152393341064,2486
19904.152393341064,2518
19905.149698257446,2588
19905.149698257446,2602
19905.149698257446,2534
19905.149698257446,2514
19905.149698257446,2508
19905.149698257446,2510
19905.149698257446,2472
19906.14652633667,2468
19906.14652633667,2480
19907.14406967163,2490
19908.141374588013,2542
19909.138679504395,2582
19910.136461257935,2550
19911.13328933716,2538
19912.13059425354,2578
19913.1281375885,2586
19914.12591934204,2550
19915.123224258423,2570
19916.120529174805,2506
19917.118072509766,2474
19918.115377426147,2506
19919.11220550537,2526
19920.109510421753,2532
19921.107053756714,2518
19922.104358673096,2574
19923.101663589478,2638
19924.103498458862,2584
19925.097227096558,2554
19926.093578338623,2604
19927.090644836426,2554
19928.088426589966,2510
19929.085969924927,2522
19930.08303642273,2488
19931.08057975769,2500
19933.074712753296,2494
19934.072971343994,2546
19934.072971343994,2542
19935.069799423218,2522
19936.06734275818,2506
19937.06440925598,2526
19938.06219100952,2490
19939.059019088745,2512
19940.056324005127,2478
19941.054105758667,2450
19949.03254508972,2474
19949.03254508972,2508
19949.03254508972,2502
19949.03254508972,2474
19950.030088424683,2506
19950.030088424683,2538
19950.030088424683,2534
19950.030088424683,2556
19950.030088424683,2512
19951.026678085327,2490
19952.024459838867,2474
19953.02176475525,2526
19954.01906967163,2518
19955.016136169434,2522
19956.013917922974,2538
19957.010984420776,2542
19958.008527755737,2570
19959.01584625244,2526
19960.0031375885,2518
19960.999965667725,2548
19961.998224258423,2506
19962.995290756226,2518
19963.99235725403,2506
19966.984748840332,2486
19966.984748840332,2478
19966.984748840332,2522
19967.981576919556,2574
19968.978881835938,2558
19969.9764251709,2582
19970.97373008728,2510
19971.971035003662,2546
19972.968578338623,2560
19974.963188171387,2574
19975.96025466919,2542
19975.96025466919,2510
19976.95779800415,2534
19977.95557975769,2576
19978.952407836914,2586
19980.947494506836,2702
19980.947494506836,2608
19982.94186592102,2550
19982.94186592102,2558
19983.93940925598,2574
19995.907306671143,2558
19995.907306671143,2504
19995.907306671143,2488
19995.907306671143,2474
19995.907306671143,2462
19996.906995773315,2488
19996.906995773315,2510
19996.906995773315,2510
19996.906995773315,2522
19996.906995773315,2556
19996.906995773315,2512
19997.901439666748,2554
19997.901439666748,2558
19998.928546905518,2500
19998.928546905518,2524
19999.895811080933,2510
20000.892400741577,2458
20001.890182495117,2454
20002.8874874115,2486
20003.8845539093,2490
20004.881858825684,2494
20006.876468658447,2494
20006.876468658447,2544
20007.87377357483,2540
20008.87107849121,2546
20010.866165161133,2544
20011.866569519043,2510
20012.861013412476,2474
20013.858318328857,2534
20014.857292175293,2518
20015.854120254517,2538
20016.85118675232,2534
20017.847776412964,2542
20018.844842910767,2606
20019.845962524414,2542
20020.83992958069,2518
20021.837949752808,2546
20022.83549308777,2550
20023.832321166992,2510
20024.829864501953,2506
20025.827407836914,2502
20026.82399749756,2466
20027.8217792511,2484
20028.8188457489,2510
20029.816150665283,2534
20030.813694000244,2502
20031.81552886963,2506
20032.811403274536,2526
20033.8077545166,2526
20034.80315208435,2582
20035.799741744995,2548
20036.797046661377,2494
20037.795305252075,2502
20038.79690170288,2536
20039.7891998291,2522
20040.786743164062,2546
20041.78762435913,2538
20042.78516769409,2544
20043.778657913208,2538
20044.776678085327,2526
20045.77326774597,2578
20046.77104949951,2550
20047.768592834473,2486
20048.765659332275,2518
20049.764156341553,2508
20050.76003074646,2470
20051.759958267212,2486
20052.754878997803,2482
20053.752422332764,2498
20054.750204086304,2494
20055.747270584106,2476
20056.744813919067,2506
20057.759523391724,2518
20058.738708496094,2518
20059.736490249634,2500
20060.733795166016,2486
20061.731100082397,2480
20062.7281665802,2518
20063.72570991516,2550
20064.722776412964,2558
20065.720558166504,2578
20066.718339920044,2546
20067.71492958069,2602
20068.71223449707,2542
20069.70977783203,2518
20070.706844329834,2538
20071.704149246216,2490
20072.701930999756,2512
20073.69875907898,2542
20074.6967792511,2518
20075.693607330322,2502
20076.690435409546,2546
20077.687978744507,2550
20078.68528366089,2550
20079.68282699585,2606
20080.69944381714,2606
20081.68625831604,2534
20082.674741744995,2518
20083.671808242798,2516
20084.66863632202,2534
20085.666179656982,2486
20086.663484573364,2534
20087.660551071167,2514
20088.659524917603,2542
20089.656352996826,2586
20090.65318107605,2580
20091.651439666748,2570
20092.64826774597,2578
20093.64604949951,2510
20094.643354415894,2494
20095.640897750854,2510
20096.638202667236,2486
20097.63526916504,2458
20098.631620407104,2486
20099.630117416382,2510
20100.65484046936,2486
20101.65286064148,2480
20102.65278816223,2510
20103.649139404297,2582
20104.64596748352,2526
20105.64351081848,2514
20106.6415309906,2486
20107.609033584595,2480
20108.635663986206,2454
20109.63249206543,2430
20110.599756240845,2446
20111.597776412964,2446
20112.632036209106,2450
20113.622903823853,2502
20114.619493484497,2526
20115.62466621399,2524
20116.61434173584,2534
20117.613315582275,2526
20118.58057975769,2506
20119.577169418335,2494
20120.574712753296,2542
20121.57154083252,2502
20122.56932258606,2482
20123.566389083862,2494
20124.563932418823,2514
20125.56290626526,2522
20126.559257507324,2526
20127.556085586548,2548
20128.55362892151,2554
20129.565715789795,2544
20130.54847717285,2512
20131.545543670654,2502
20132.542848587036,2490
20133.569955825806,2518
20134.537935256958,2554
20135.53524017334,2526
20136.531114578247,2478
20137.52818107605,2518
20138.527631759644,2590
20139.524459838867,2554
20140.52176475525,2526
20141.519784927368,2586
20142.51661300659,2518
20143.513679504395,2510
20144.525051116943,2574
20145.509481430054,2582
20146.506786346436,2522
20147.50361442566,2510
20148.502111434937,2538
20149.49870109558,2594
20150.524377822876,2554
20151.52597427368,2574
20152.522325515747,2514
20153.516054153442,2486
20154.512643814087,2522
20155.511379241943,2534
20156.508922576904,2514
20157.50503540039,2482
20158.50067138672,2506
20159.498691558838,2506
20160.49599647522,2502
20161.494731903076,2526
20162.49108314514,2526
20163.490295410156,2506
20164.485692977905,2482
20165.46392440796,2518
20166.484832763672,2536
20167.47808456421,2486
20168.474197387695,2454
20169.471740722656,2482
20170.469522476196,2482
20171.46611213684,2486
20172.463178634644,2538
20173.460245132446,2574
20174.458026885986,2550
20175.455808639526,2536
20176.45215988159,2572
20177.449941635132,2552
20178.431272506714,2494
20179.415941238403,2486
20180.41467666626,2488
20181.410789489746,2474
20182.40761756897,2490
20183.40539932251,2510
20184.402465820312,2498
20185.399770736694,2506
20186.397552490234,2510
20187.394618988037,2546
20188.392162322998,2526
20189.38946723938,2546
20190.386295318604,2486
20191.383600234985,2472
20192.380905151367,2482
20193.378448486328,2472
20194.37575340271,2474
20195.37353515625,2514
20196.37155532837,2514
20197.368144989014,2486
20198.365449905396,2526
20199.362754821777,2582
20200.36029815674,2586
20201.357126235962,2534
20202.354192733765,2524
20203.351497650146,2506
20204.349279403687,2520
20205.34634590149,2522
20206.344842910767,2502
20207.34167098999,2554
20208.338975906372,2508
20209.338188171387,2538
20210.334062576294,2576
20211.331605911255,2576
20212.3281955719,2534
20213.325023651123,2538
20214.322328567505,2534
20215.320110321045,2546
20216.317892074585,2520
20217.315912246704,2518
20218.311548233032,2506
20219.308853149414,2514
20220.306634902954,2518
20221.303701400757,2506
20222.301244735718,2474
20223.29831123352,2546
20224.295616149902,2598
20225.293159484863,2586
20226.290941238403,2550
20227.288722991943,2542
20228.285312652588,2536
20229.28237915039,2550
20230.279684066772,2578
20231.276750564575,2542
20232.274293899536,2574
20233.271837234497,2520
20234.2689037323,2558
20235.267162322998,2598
20236.2642288208,2570
20237.261295318604,2574
20238.259077072144,2538
20239.25757408142,2546
20240.254163742065,2542
20241.25027656555,2570
20242.24829673767,2534
20243.245124816895,2506
20244.242668151855,2524
20245.239973068237,2538
20246.237993240356,2526
20247.23482131958,2538
20248.231649398804,2546
20249.229431152344,2510
20250.226497650146,2482
20251.22380256653,2508
20252.22134590149,2514
20253.21865081787,2502
20254.215955734253,2514
20255.212783813477,2516
20256.210803985596,2510
20257.208347320557,2514
20258.20541381836,2494
20259.202241897583,2526
20260.199785232544,2510
20261.197328567505,2498
20262.194395065308,2506
20263.192176818848,2492
20264.18900489807,2494
20265.186548233032,2510
20266.184329986572,2514
20267.18282699585,2514
20268.19634437561,2516
20269.177198410034,2520
20270.17378807068,2578
20271.17085456848,2598
20272.167682647705,2532
20273.165225982666,2510
20274.163484573364,2518
20275.188446044922,2514
20276.15714073181,2502
20277.156114578247,2526
20278.18012237549,2538
20279.184341430664,2520
20280.179738998413,2526
20281.172513961792,2550
20282.170057296753,2578
20283.167123794556,2598
20284.165382385254,2578
20285.162210464478,2522
20286.130905151367,2572
20287.128686904907,2534
20288.154363632202,2550
20289.1526222229,2534
20290.149211883545,2480
20291.14580154419,2486
20292.14382171631,2512
20293.14112663269,2542
20294.13914680481,2544
20295.135498046875,2570
20296.135187149048,2576
20297.131299972534,2542
20298.099756240845,2576
20299.100875854492,2538
20300.093173980713,2486
20301.09143257141,2470
20302.088737487793,2458
20303.086042404175,2478
20304.084062576294,2466
20305.080890655518,2502
20306.079626083374,2506
20307.077884674072,2520
20308.07328224182,2534
20309.070587158203,2542
20310.067415237427,2522
20311.065196990967,2534
20312.063455581665,2526
20313.05956840515,2502
20314.05735015869,2522
20315.054655075073,2518
20316.052436828613,2520
20317.049980163574,2522
20318.046808242798,2534
20319.04363632202,2570
20320.041179656982,2554
20321.038246154785,2542
20322.036266326904,2554
20323.033094406128,2542
20324.031114578247,2514
20325.02841949463,2524
20326.02620124817,2490
20327.02326774597,2504
20328.020095825195,2512
20329.017162322998,2472
20330.01470565796,2514
20331.011295318604,2546
20332.009315490723,2500
20333.006858825684,2502
20334.0060710907,2510
20335.002183914185,2526
20335.999727249146,2480
20336.997270584106,2430
20337.995052337646,2490
20338.992834091187,2490
20339.988470077515,2510
20340.986251831055,2554
20341.981172561646,2528
20342.979669570923,2538
20343.976259231567,2546
20345.004320144653,2554
20345.97134590149,2540
20346.968173980713,2526
20347.9962348938,2474
20348.96206855774,2514
20349.989891052246,2586
20350.989818572998,2554
20351.98473930359,2524
20352.98204421997,2554
20353.978395462036,2518
20355.94415664673,2518
20356.94122314453,2542
20357.940435409546,2528
20357.940435409546,2470
20358.970880508423,2462
20359.932899475098,2486
20360.960483551025,2482
20361.92774772644,2486
20362.955808639526,2498
20363.922595977783,2520
20365.919828414917,2538
20366.915225982666,2550
20367.92492866516,2526
20368.90935897827,2514
20368.90935897827,2534
20369.937419891357,2538
20370.903968811035,2502
20372.89834022522,2472
20372.89834022522,2488
20374.89366531372,2514
20374.89366531372,2504
20376.888275146484,2518
20376.888275146484,2542
20378.88240814209,2530
20379.8885345459,2550
20380.879402160645,2526
20381.906032562256,2520
20382.871866226196,2506
20382.871866226196,2454
20384.868383407593,2474
20385.86449623108,2478
20386.86180114746,2454
20387.859344482422,2470
20388.856172561646,2514
20389.85323905945,2512
20390.85030555725,2518
20391.847372055054,2606
20392.844915390015,2570
20393.842220306396,2528
20394.839763641357,2514
20395.83730697632,2514
20396.835327148438,2522
20397.8328704834,2484
20398.829460144043,2512
20399.82771873474,2542
20400.824308395386,2506
20401.821851730347,2540
20402.819633483887,2574
20403.822422027588,2570
20404.813528060913,2542
20405.81178665161,2574
20406.809091567993,2558
20407.805919647217,2540
20408.80298614502,2534
20409.8002910614,2480
20410.797595977783,2502
20411.794424057007,2514
20412.79149055481,2528
20413.805961608887,2482
20414.786100387573,2524
20415.78435897827,2572
20416.781902313232,2552
20417.779684066772,2570
20418.777227401733,2586
20419.774293899536,2550
20420.77088356018,2546
20421.76866531372,2534
20422.765254974365,2502
20423.763036727905,2576
20424.760341644287,2552
20425.770044326782,2546
20426.759481430054,2546
20427.752256393433,2554
20428.748846054077,2558
20429.746389389038,2538
20430.763244628906,2514
20431.758880615234,2478
20432.758331298828,2506
20433.735847473145,2490
20434.733390808105,2518
20435.731649398804,2494
20436.743021011353,2490
20437.72530555725,2490
20438.722133636475,2490
20439.719438552856,2512
20440.71674346924,2532
20441.714763641357,2534
20442.71230697632,2510
20443.7096118927,2490
20444.706678390503,2502
20445.704698562622,2540
20446.70295715332,2542
20447.70312309265,2506
20448.697328567505,2534
20449.69916343689,2536
20450.69146156311,2558
20451.688051223755,2582
20452.685117721558,2518
20453.68242263794,2486
20454.6799659729,2512
20455.677270889282,2502
20456.674814224243,2532
20457.672357559204,2484
20458.669424057007,2484
20459.66649055481,2514
20460.66403388977,2574
20461.661338806152,2542
20462.658405303955,2582
20463.655471801758,2534
20464.653253555298,2500
20465.651750564575,2558
20466.648817062378,2550
20467.645168304443,2518
20468.642473220825,2514
20469.639539718628,2486
20470.63708305359,2494
20471.63438796997,2546
20472.63216972351,2586
20473.629236221313,2558
20474.626541137695,2550
20475.624561309814,2582
20476.621389389038,2572
20477.618932724,2526
20478.617191314697,2546
20479.61378097534,2476
20480.611085891724,2454
20481.60743713379,2502
20482.616186141968,2494
20483.602285385132,2522
20484.599828720093,2518
20485.597610473633,2512
20486.594676971436,2558
20487.592220306396,2558
20488.59477043152,2574
20489.586114883423,2570
20490.583658218384,2518
20491.59574508667,2590
20492.578506469727,2502
20493.57581138611,2486
20494.57335472107,2522
20495.57089805603,2504
20496.56844139099,2518
20497.565507888794,2542
20498.562812805176,2554
20499.5596408844,2526
20500.55718421936,2544
20501.554489135742,2538
20502.551794052124,2518
20503.551959991455,2538
20504.5485496521,2494
20505.547523498535,2502
20506.54363632202,2502
20507.54141807556,2486
20508.538961410522,2498
20509.535312652588,2494
20510.535955429077,2514
20511.529684066772,2584
20512.52770423889,2540
20513.53883743286,2526
20514.532804489136,2542
20515.520095825195,2518
20516.517162322998,2510
20517.519235610962,2558
20518.51177215576,2518
20519.519567489624,2482
20520.505905151367,2504
20521.518230438232,2502
20522.50051498413,2538
20523.49853515625,2522
20524.494886398315,2558
20525.493621826172,2526
20526.490688323975,2534
20527.4875164032,2544
20528.484344482422,2546
20529.481887817383,2538
20530.479192733765,2526
20531.476974487305,2510
20532.482385635376,2518
20533.47158432007,2542
20534.50036048889,2554
20535.4642868042,2550
20536.463260650635,2558
20537.489414215088,2532
20538.493633270264,2514
20539.45302963257,2514
20540.45081138611,2518
20541.4776802063,2550
20542.47546195984,2502
20543.472290039062,2526
20544.469833374023,2570
20545.467376708984,2550
20546.43487930298,2542
20547.431707382202,2518
20548.45952987671,2526
20549.45659637451,2518
20550.452709197998,2514
20551.42092704773,2510
20552.42109298706,2570
20553.417682647705,2510
20554.414987564087,2518
20555.413484573364,2550
20556.40983581543,2550
20557.40737915039,2548
20558.40539932251,2550
20559.402227401733,2578
20560.399055480957,2598
20561.396837234497,2538
20562.39414215088,2526
20563.39144706726,2490
20564.388513565063,2510
20565.386533737183,2518
20566.383838653564,2500
20567.381143569946,2476
20568.37821006775,2526
20569.37527656555,2574
20570.37115097046,2574
20571.370363235474,2546
20572.366952896118,2536
20573.36449623108,2506
20574.36180114746,2520
20575.36005973816,2506
20576.357126235962,2504
20577.353954315186,2482
20578.351497650146,2486
20579.34832572937,2502
20580.344200134277,2522
20581.372022628784,2572
20582.36861228943,2550
20583.36639404297,2548
20584.363222122192,2586
20585.360527038574,2590
20586.35926246643,2542
20587.355375289917,2490
20588.353157043457,2470
20589.35046195984,2486
20590.34824371338,2506
20591.344356536865,2518
20592.344284057617,2514
20593.339204788208,2526
20594.337701797485,2542
20595.335006713867,2550
20596.333265304565,2586
20597.328662872314,2546
20598.326921463013,2514
20599.292755126953,2490
20600.293397903442,2474
20601.319074630737,2534
20602.31637954712,2462
20603.312015533447,2488
20604.309797286987,2514
20605.308055877686,2538
20606.30464553833,2554
20607.30218887329,2582
20608.299016952515,2542
20609.296083450317,2532
20610.294103622437,2546
20611.289739608765,2526
20612.287521362305,2526
20613.28411102295,2502
20614.281177520752,2526
20615.278720855713,2556
20616.249561309814,2544
20617.24615097046,2512
20618.270874023438,2542
20619.26817893982,2546
20620.265245437622,2556
20621.26326560974,2534
20622.26700782776,2502
20623.257637023926,2482
20624.226331710815,2528
20625.25773048401,2534
20626.250982284546,2538
20627.248764038086,2534
20628.244638442993,2522
20629.212617874146,2544
20630.210161209106,2546
20631.208896636963,2550
20632.205724716187,2546
20633.204221725464,2506
20634.20081138611,2518
20635.19835472107,2542
20636.195182800293,2552
20637.192726135254,2520
20638.189554214478,2508
20639.18709754944,2542
20640.18416404724,2570
20641.18194580078,2550
20642.1799659729,2578
20643.176794052124,2526
20644.174575805664,2518
20645.171403884888,2538
20646.169662475586,2516
20647.16672897339,2512
20648.163318634033,2508
20649.1596698761,2492
20650.158643722534,2518
20651.156425476074,2524
20652.153253555298,2590
20653.151035308838,2580
20654.14810180664,2560
20655.144691467285,2550
20656.14366531372,2540
20657.13930130005,2512
20658.13708305359,2502
20659.136056900024,2494
20660.131216049194,2492
20661.131620407104,2484
20662.126064300537,2502
20663.124084472656,2490
20664.12115097046,2498
20665.11821746826,2586
20666.11623764038,2570
20667.112827301025,2500
20668.10965538025,2504
20669.106483459473,2526
20670.104026794434,2522
20671.101331710815,2486
20672.127962112427,2474
20673.124074935913,2482
20674.12257194519,2486
20676.087379455566,2518
20676.087379455566,2518
20677.114963531494,2502
20678.1108379364,2540
20679.07977104187,2574
20680.076599121094,2542
20681.074857711792,2524
20682.071685791016,2494
20683.068990707397,2430
20684.06629562378,2510
20685.06407737732,2514
20686.0613822937,2518
20687.058925628662,2514
20688.056468963623,2582
20689.053773880005,2624
20690.051317214966,2666
20691.049814224243,2654
20692.04568862915,2612
20693.042516708374,2554
20694.040060043335,2556
20695.037603378296,2534
20696.034908294678,2502
20697.03197479248,2478
20698.029041290283,2470
20699.027061462402,2476
20700.023889541626,2472
20701.021432876587,2482
20702.018976211548,2486
20703.01604270935,2504
20704.01382446289,2480
20705.010414123535,2550
20706.007957458496,2506
20707.0050239563,2498
20708.00232887268,2518
20708.999633789062,2538
20709.997177124023,2502
20710.994243621826,2510
20711.99131011963,2526
20712.98909187317,2526
20713.98615837097,2558
20715.98219871521,2606
20715.98219871521,2558
20716.98021888733,2550
20717.975854873657,2574
20718.973398208618,2580
20719.9764251709,2586
20720.969438552856,2550
20721.965312957764,2574
20722.962379455566,2542
20723.959922790527,2574
20724.95722770691,2602
20725.956201553345,2586
20726.95279121399,2572
20727.949380874634,2574
20728.946208953857,2558
20729.94351387024,2550
20730.94129562378,2524
20732.935667037964,2522
20732.935667037964,2510
20733.962535858154,2538
20734.959840774536,2598
20735.957384109497,2582
20736.92774772644,2548
20737.951517105103,2550
20738.949060440063,2542
20740.915536880493,2518
20740.915536880493,2542
20741.94073677063,2516
20742.943048477173,2478
20743.935585021973,2452
20744.93980407715,2448
20745.93234062195,2456
20747.9248046875,2486
20747.9248046875,2486
20749.892473220825,2482
20750.903129577637,2498
20751.88660621643,2490
20752.883434295654,2570
20753.881216049194,2582
20754.878759384155,2542
20755.876064300537,2510
20756.873846054077,2514
20757.8706741333,2548
20758.867502212524,2578
20759.8659992218,2578
20760.862827301025,2588
20761.85894012451,2534
20762.85696029663,2582
20763.853788375854,2554
20764.851093292236,2548
20765.8474445343,2546
20766.845703125,2532
20767.842769622803,2486
20768.840074539185,2538
20769.837617874146,2544
20770.834922790527,2534
20771.83175086975,2526
20772.829294204712,2580
20773.826360702515,2582
20774.824619293213,2598
20775.821924209595,2602
20776.818990707397,2614
20777.8160572052,2558
20778.812885284424,2526
20779.810190200806,2482
20780.80725669861,2422
20781.805276870728,2384
20782.80258178711,2394
20783.799648284912,2406
20784.796953201294,2430
20785.794258117676,2450
20786.791563034058,2482
20787.78862953186,2486
20788.785696029663,2514
20789.783000946045,2506
20790.780544281006,2466
20791.778564453125,2474
20792.776107788086,2456
20793.77293586731,2474
20794.770002365112,2506
20795.767545700073,2534
20796.764373779297,2504
20797.761917114258,2538
20798.75946044922,2590
20799.756288528442,2574
20800.754070281982,2600
20801.751136779785,2630
20802.748441696167,2598
20803.74574661255,2510
20804.74305152893,2518
20805.74083328247,2554
20806.73837661743,2558
20807.735443115234,2498
20808.732271194458,2514
20809.72933769226,2542
20810.72688102722,2560
20811.724424362183,2554
20812.721490859985,2552
20813.718795776367,2540
20814.71610069275,2506
20815.71626663208,2522
20816.71142578125,2502
20817.710876464844,2510
20818.707704544067,2490
20819.70477104187,2486
20820.702075958252,2510
20821.699380874634,2508
20822.696924209595,2522
20823.694229125977,2502
20824.69129562378,2528
20825.68907737732,2506
20826.686143875122,2554
20827.683687210083,2576
20828.680753707886,2526
20829.678058624268,2542
20830.67536354065,2572
20831.67290687561,2534
20832.669973373413,2558
20833.667278289795,2582
20834.664821624756,2590
20835.662603378296,2540
20836.6596698761,2552
20837.6567363739,2542
20838.654279708862,2570
20839.651584625244,2522
20840.648651123047,2506
20841.646194458008,2482
20842.641830444336,2486
20843.65487098694,2536
20844.63858604431,2550
20845.63398361206,2542
20846.63224220276,2574
20847.65863418579,2512
20848.679065704346,2526
20849.65229034424,2510
20850.65221786499,2514
20851.64737701416,2494
20852.6451587677,2474
20853.641986846924,2482
20854.610919952393,2494
20855.607509613037,2540
20856.605052947998,2552
20857.60259628296,2538
20858.599424362183,2534
20859.599351882935,2558
20860.595703125,2534
20861.59324645996,2526
20862.590312957764,2510
20863.587141036987,2498
20864.58444595337,2490
20865.582704544067,2470
20866.585731506348,2472
20867.57755279541,2518
20868.574619293213,2534
20869.571447372437,2526
20870.569944381714,2526
20871.56581878662,2550
20872.591257095337,2598
20873.55899810791,2544
20874.55701828003,2492
20875.58364868164,2502
20876.579999923706,2462
20877.578258514404,2450
20878.578662872314,2474
20880.5410861969,2514
20881.539583206177,2486
20881.539583206177,2490
20882.535457611084,2506
20883.532285690308,2546
20884.52935218811,2546
20885.52713394165,2520
20886.524200439453,2540
20887.521266937256,2514
20888.519048690796,2542
20889.5161151886,2534
20890.51342010498,2498
20891.510486602783,2474
20892.508029937744,2534
20893.505334854126,2518
20894.502639770508,2554
20895.500421524048,2554
20896.49748802185,2556
20899.490356445312,2544
20899.490356445312,2556
20899.490356445312,2516
20900.487422943115,2546
20901.48401260376,2546
20902.48155593872,2516
20903.480768203735,2518
20904.478073120117,2526
20905.476570129395,2570
20906.4724445343,2602
20907.490730285645,2604
20908.494472503662,2546
20909.492254257202,2606
20910.489082336426,2638
20911.486625671387,2574
20912.48393058777,2576
20913.48123550415,2570
20914.48473930359,2552
20915.476083755493,2514
20916.472673416138,2576
20917.46950149536,2570
20918.439388275146,2538
20919.46530342102,2542
20920.462608337402,2540
20921.466588974,2538
20922.48511314392,2550
20923.454761505127,2542
20924.423933029175,2490
20925.4207611084,2456
20926.4178276062,2482
20927.44493484497,2514
20928.44271659851,2502
20929.440021514893,2510
20930.437803268433,2502
20931.435108184814,2494
20932.432413101196,2504
20933.399200439453,2488
20934.396505355835,2502
20935.394763946533,2502
20936.42568588257,2498
20937.417030334473,2502
20938.41814994812,2534
20939.427137374878,2554
20940.38200378418,2550
20941.378831863403,2550
20942.375659942627,2578
20943.37296485901,2576
20944.37003135681,2550
20945.367574691772,2550
20946.364641189575,2536
20947.361946105957,2542
20948.35925102234,2514
20949.357271194458,2502
20950.380563735962,2520
20951.37858390808,2502
20952.3868560791,2538
20953.3793926239,2570
20954.376935958862,2574
20955.37233352661,2590
20956.371545791626,2534
20957.36336708069,2526
20958.361387252808,2522
20959.35845375061,2520
20960.35623550415,2488
20961.352586746216,2430
20962.35156059265,2482
20963.347911834717,2474
20964.344263076782,2518
20965.31581878662,2558
20966.313362121582,2606
20967.308521270752,2606
20968.305349349976,2582
20969.302654266357,2578
20970.29995918274,2526
20971.29726409912,2514
20972.294807434082,2494
20973.292112350464,2482
20974.289178848267,2478
20975.28648376465,2482
20976.28402709961,2506
20977.28133201599,2526
20978.278398513794,2550
20979.275941848755,2594
20980.276584625244,2546
20981.300354003906,2558
20982.297658920288,2534
20983.29520225525,2502
20984.291791915894,2518
20985.262632369995,2478
20986.287593841553,2474
20987.284183502197,2478
20988.286018371582,2504
20989.27879333496,2526
20990.276098251343,2570
20991.273164749146,2578
20992.270708084106,2522
20993.268966674805,2526
20994.243621826172,2538
20995.235681533813,2524
20996.232748031616,2514
20997.22981452942,2488
20998.226404190063,2470
20999.224185943604,2458
21000.221252441406,2458
21001.218557357788,2500
21002.21562385559,2518
21003.21316719055,2536
21004.210472106934,2508
21005.207777023315,2510
21006.205320358276,2558
21007.217168807983,2516
21008.19993019104,2522
21009.196996688843,2514
21010.194540023804,2540
21011.19089126587,2478
21012.203454971313,2534
21013.185262680054,2554
21014.182567596436,2544
21015.179872512817,2534
21016.177654266357,2576
21017.17472076416,2578
21018.172025680542,2526
21019.169330596924,2516
21020.166635513306,2506
21021.164178848267,2510
21022.16148376465,2478
21023.15855026245,2502
21024.155855178833,2514
21025.153875350952,2522
21026.151657104492,2538
21027.15229988098,2542
21028.14769744873,2518
21029.145002365112,2490
21030.142307281494,2510
21031.139612197876,2536
21032.136917114258,2518
21033.13446044922,2482
21034.131050109863,2502
21035.128116607666,2478
21036.126613616943,2518
21037.12296485901,2578
21038.12026977539,2578
21039.11781311035,2542
21040.114879608154,2522
21041.112422943115,2558
21042.109727859497,2550
21043.10703277588,2518
21044.10433769226,2500
21045.101642608643,2494
21046.099424362183,2478
21047.096490859985,2482
21048.093557357788,2582
21049.091577529907,2550
21050.08816719055,2552
21051.08594894409,2554
21052.083015441895,2572
21053.080320358276,2550
21054.07738685608,2516
21055.075645446777,2506
21056.074142456055,2494
21057.071208953857,2490
21058.06803703308,2546
21059.064865112305,2502
21060.061931610107,2518
21061.05947494507,2550
21062.05677986145,2574
21063.054084777832,2558
21064.051389694214,2550
21065.048694610596,2576
21066.046237945557,2536
21067.04330444336,2510
21068.040132522583,2498
21069.037675857544,2494
21070.034980773926,2446
21071.032285690308,2480
21072.02982902527,2526
21073.02689552307,2502
21074.024438858032,2538
21075.021982192993,2582
21076.019525527954,2612
21077.016592025757,2574
21078.01342010498,2546
21079.01096343994,2490
21080.008268356323,2478
21081.005573272705,2486
21082.002878189087,2486
21083.000421524048,2502
21083.99748802185,2486
21085.0088596344,2502
21085.99352836609,2544
21086.99107170105,2612
21087.987661361694,2570
21089.013814926147,2526
21090.010166168213,2552
21090.97909927368,2638
21092.00406074524,2538
21093.003511428833,2514
21093.998670578003,2504
21094.995498657227,2472
21095.96610069275,2546
21096.989631652832,2546
21097.991466522217,2590
21098.984718322754,2578
21099.981784820557,2594
21100.979804992676,2586
21101.9766330719,2582
21103.944301605225,2544
21104.941368103027,2510
21105.940341949463,2462
21106.93621635437,2500
21106.93621635437,2534
21107.933521270752,2554
21108.930826187134,2526
21109.928131103516,2504
21110.925674438477,2538
21111.92274093628,2590
21112.92028427124,2582
21114.91560935974,2518
21115.931510925293,2502
21116.925954818726,2490
21116.925954818726,2536
21117.907524108887,2502
21119.930267333984,2526
21119.930267333984,2526
21120.930194854736,2522
21121.92988395691,2490
21122.922658920288,2518
21123.918533325195,2550
21124.916553497314,2486
21126.88398361206,2510
21126.88398361206,2526
21127.90846824646,2506
21128.905534744263,2482
21130.899906158447,2522
21131.89744949341,2552
21132.89499282837,2546
21133.892059326172,2538
21134.897232055664,2550
21135.886669158936,2590
21136.884212493896,2542
21137.88890838623,2558
21138.87882232666,2576
21139.851808547974,2512
21140.84482192993,2482
21141.844272613525,2514
21142.84038543701,2512
21143.837690353394,2548
21144.834756851196,2550
21145.832777023315,2574
21146.82936668396,2554
21147.82667160034,2558
21148.824453353882,2538
21149.821758270264,2526
21150.819301605225,2540
21151.81612968445,2506
21152.81367301941,2474
21153.810739517212,2482
21154.807806015015,2486
21155.80439567566,2506
21156.802892684937,2522
21157.80019760132,2550
21158.797025680542,2576
21159.794807434082,2582
21160.791635513306,2538
21161.788940429688,2542
21162.78624534607,2558
21163.78378868103,2510
21164.78133201599,2482
21165.78221321106,2482
21166.775941848755,2518
21167.773008346558,2540
21168.76983642578,2554
21169.76761817932,2554
21170.764923095703,2550
21171.761989593506,2584
21172.759294509888,2622
21173.75683784485,2586
21174.75438117981,2550
21175.75240135193,2500
21176.748752593994,2478
21177.746534347534,2502
21178.743362426758,2510
21179.74090576172,2504
21180.737733840942,2492
21181.745767593384,2498
21182.750701904297,2526
21183.73990058899,2582
21184.72719192505,2574
21185.72449684143,2570
21186.721801757812,2546
21187.718868255615,2570
21188.716411590576,2554
21189.713954925537,2516
21190.71125984192,2518
21191.7085647583,2518
21192.705869674683,2526
21193.702697753906,2570
21194.69976425171,2558
21195.69754600525,2554
21196.723461151123,2576
21197.72481918335,2570
21198.72212409973,2580
21199.7172832489,2502
21200.71768760681,2546
21201.71046257019,2526
21202.70800590515,2510
21203.705310821533,2510
21204.702615737915,2512
21205.699920654297,2506
21206.698656082153,2506
21207.69453048706,2554
21208.691835403442,2576
21209.69033241272,2542
21210.686445236206,2522
21211.654901504517,2534
21212.652444839478,2538
21213.650941848755,2534
21214.64776992798,2538
21215.64507484436,2522
21216.6428565979,2550
21217.639684677124,2550
21218.636751174927,2522
21219.634771347046,2570
21220.63159942627,2586
21221.62890434265,2552
21222.626447677612,2542
21223.623752593994,2542
21224.62034225464,2526
21225.618839263916,2514
21226.61590576172,2546
21227.6132106781,2550
21228.61075401306,2524
21229.608058929443,2574
21230.604887008667,2538
21231.602430343628,2538
21232.600688934326,2534
21233.59727859497,2542
21234.594583511353,2486
21235.590934753418,2492
21236.589431762695,2538
21237.586736679077,2494
21238.5835647583,2522
21239.58158493042,2544
21240.580081939697,2554
21241.576194763184,2582
21242.573022842407,2546
21243.570566177368,2570
21244.56787109375,2574
21245.565176010132,2542
21246.562957763672,2490
21247.559785842896,2512
21248.5568523407,2504
21249.55463409424,2494
21250.55170059204,2482
21251.549243927002,2510
21252.546310424805,2490
21253.543376922607,2534
21254.541397094727,2550
21255.53798675537,2596
21256.53600692749,2542
21257.53355026245,2546
21258.534908294678,2518
21259.527683258057,2470
21260.52451133728,2502
21261.52229309082,2470
21262.526273727417,2482
21263.517141342163,2478
21264.514207839966,2548
21265.51651954651,2546
21266.509294509888,2546
21267.505407333374,2588
21268.502473831177,2554
21269.511699676514,2540
21270.51091194153,2522
21272.805213928223,2514
21272.805213928223,2510
21273.489475250244,2466
21273.99230003357,2482
21275.494813919067,2486
21275.997400283813,2514
21276.99637413025,2558
21277.99367904663,2522
21278.990983963013,2508
21279.988288879395,2526
21280.985593795776,2558
21281.983137130737,2558
21282.98044204712,2570
21283.9777469635,2480
21284.975051879883,2450
21285.972356796265,2494
21286.969661712646,2526
21287.96696662903,2534
21288.96474838257,2518
21289.96181488037,2536
21290.959119796753,2558
21291.956186294556,2552
21292.953729629517,2598
21293.95079612732,2536
21294.9481010437,2518
21295.94588279724,2494
21296.942949295044,2512
21297.940254211426,2502
21299.935340881348,2508
21299.935340881348,2502
21300.93264579773,2522
21301.93018913269,2600
21302.927255630493,2542
21303.924560546875,2518
21304.921865463257,2546
21305.91893196106,2558
21306.91647529602,2502
21307.913780212402,2518
21308.911085128784,2510
21309.908628463745,2518
21311.90299987793,2522
21312.90030479431,2548
21313.897848129272,2538
21314.894914627075,2534
21315.892219543457,2538
21315.892219543457,2514
21316.889762878418,2522
21317.88682937622,2534
21318.884134292603,2506
21320.878982543945,2486
21321.876287460327,2522
21322.87359237671,2526
21323.87065887451,2526
21324.86844062805,2546
21325.865745544434,2554
21326.862812042236,2578
21327.860355377197,2578
21328.85766029358,2558
21329.85496520996,2518
21330.8527469635,2506
21331.850051879883,2526
21332.847118377686,2522
21333.874940872192,2518
21334.872484207153,2474
21335.869312286377,2506
21336.866855621338,2570
21337.883472442627,2584
21338.8614654541,2604
21339.859008789062,2558
21340.82841873169,2498
21341.853857040405,2484
21342.85044670105,2506
21343.84775161743,2514
21344.845056533813,2478
21345.843076705933,2482
21346.840620040894,2506
21347.838163375854,2510
21348.806858062744,2556
21349.804162979126,2602
21350.801467895508,2586
21351.79853439331,2548
21352.795839309692,2546
21353.793382644653,2524
21354.790449142456,2544
21355.789184570312,2526
21356.78720474243,2526
21357.787370681763,2518
21358.787298202515,2516
21359.78937149048,2510
21360.774517059326,2552
21361.772298812866,2584
21362.769603729248,2574
21363.76690864563,2534
21364.76445198059,2542
21365.761518478394,2518
21366.758823394775,2514
21367.755889892578,2518
21368.75319480896,2480
21369.75049972534,2430
21370.748043060303,2468
21371.744871139526,2484
21372.742414474487,2510
21373.73948097229,2522
21374.73702430725,2538
21375.73504447937,2520
21376.731872558594,2546
21377.7277469635,2598
21378.780364990234,2578
21379.722118377686,2542
21380.74827194214,2510
21381.74605369568,2534
21382.74312019348,2542
21383.73899459839,2538
21384.738206863403,2554
21385.705947875977,2550
21386.73233985901,2538
21387.727737426758,2534
21388.725757598877,2550
21389.72282409668,2518
21390.72012901306,2510
21391.701459884644,2536
21392.68946647644,2502
21393.69821548462,2470
21394.681692123413,2490
21395.679235458374,2510
21396.676063537598,2502
21397.673845291138,2522
21398.67115020752,2518
21399.6684551239,2506
21400.66623687744,2570
21401.663064956665,2558
21402.660131454468,2542
21403.65767478943,2514
21404.65497970581,2534
21405.65252304077,2534
21406.649589538574,2554
21407.647132873535,2526
21408.644199371338,2506
21409.64150428772,2510
21410.63904762268,2550
21411.636352539062,2558
21412.633657455444,2578
21413.630962371826,2522
21414.628267288208,2506
21415.62557220459,2526
21416.62287712097,2484
21417.620182037354,2518
21418.617725372314,2522
21419.614791870117,2542
21420.612335205078,2542
21421.610593795776,2546
21422.60766029358,2522
21423.604488372803,2494
21424.601793289185,2522
21425.599336624146,2538
21426.597118377686,2526
21427.59394645691,2492
21428.59125137329,2494
21429.588556289673,2506
21430.585622787476,2524
21431.582927703857,2570
21432.58047103882,2534
21433.5777759552,2550
21434.574842453003,2570
21435.572385787964,2554
21436.569690704346,2554
21437.56675720215,2524
21438.56406211853,2492
21439.56160545349,2512
21440.558910369873,2514
21441.558361053467,2502
21442.55518913269,2472
21443.552494049072,2484
21444.549798965454,2510
21445.547580718994,2570
21446.544408798218,2580
21447.5417137146,2550
21448.53949546814,2544
21449.536561965942,2534
21450.533866882324,2522
21451.531171798706,2490
21452.538013458252,2514
21453.526735305786,2470
21454.524278640747,2502
21455.522298812866,2538
21456.51936531067,2518
21457.51690864563,2534
21458.52780342102,2574
21459.510564804077,2554
21460.50786972046,2522
21461.50517463684,2524
21462.5027179718,2510
21463.500022888184,2510
21464.497089385986,2502
21465.494632720947,2486
21466.49122238159,2520
21467.488527297974,2488
21468.486309051514,2514
21469.483137130737,2572
21470.48044204712,2542
21471.47798538208,2542
21472.47576713562,2594
21473.472595214844,2554
21474.469900131226,2542
21475.467681884766,2526
21476.46450996399,2502
21477.46205329895,2474
21478.459119796753,2490
21479.456663131714,2534
21480.453729629517,2522
21481.451272964478,2512
21482.450008392334,2510
21483.447313308716,2570
21484.458446502686,2546
21485.44192314148,2570
21486.438512802124,2554
21487.436056137085,2510
21488.43288421631,2518
21489.43066596985,2492
21490.42773246765,2520
21491.425037384033,2510
21492.422103881836,2494
21493.419647216797,2520
21494.423627853394,2554
21495.413780212402,2546
21496.411085128784,2574
21497.408866882324,2550
21498.405933380127,2494
21499.40323829651,2526
21500.40078163147,2570
21501.397848129272,2538
21502.421379089355,2506
21503.42082977295,2538
21504.416465759277,2526
21505.414247512817,2508
21506.4115524292,2510
21507.408142089844,2538
21508.405447006226,2538
21509.403228759766,2524
21510.40029525757,2532
21511.39736175537,2508
21512.36844062805,2482
21513.36622238159,2524
21514.3620967865,2534
21515.360832214355,2492
21516.359329223633,2514
21517.35496520996,2520
21518.352508544922,2542
21519.349575042725,2526
21520.346879959106,2552
21521.34394645691,2542
21522.34125137329,2494
21523.338794708252,2522
21524.336099624634,2534
21525.334358215332,2508
21526.33047103882,2510
21527.32801437378,2510
21528.324604034424,2526
21529.322385787964,2582
21530.319690704346,2546
21531.31675720215,2526
21532.31406211853,2510
21533.313751220703,2520
21534.308195114136,2534
21535.305500030518,2502
21536.3028049469,2486
21537.30034828186,2490
21538.297414779663,2542
21539.294719696045,2538
21540.292263031006,2526
21541.289567947388,2546
21542.28711128235,2570
21543.28441619873,2546
21544.281721115112,2534
21545.279264450073,2544
21546.276569366455,2524
21547.273874282837,2498
21548.27117919922,2510
21549.26824569702,2512
21550.265550613403,2502
21551.263093948364,2514
21552.260160446167,2506
21553.257703781128,2550
21554.25500869751,2594
21555.25231361389,2576
21556.249618530273,2534
21557.246685028076,2574
21558.244228363037,2540
21559.24153327942,2510
21560.2388381958,2506
21561.23638153076,2512
21562.233448028564,2498
21563.239812850952,2482
21564.258337020874,2526
21565.25731086731,2554
21566.250801086426,2534
21567.248344421387,2574
21568.249464035034,2618
21569.24343109131,2606
21570.24049758911,2558
21571.237325668335,2508
21572.237014770508,2490
21573.20737838745,2514
21574.204444885254,2552
21575.20055770874,2522
21576.19833946228,2514
21577.22306251526,2510
21578.19104194641,2538
21579.188346862793,2610
21580.185651779175,2582
21581.182718276978,2546
21582.18026161194,2506
21583.17756652832,2550
21584.174871444702,2572
21585.172176361084,2544
21586.169719696045,2526
21587.167024612427,2500
21588.16432952881,2470
21589.16163444519,2506
21590.158939361572,2578
21591.156244277954,2558
21592.153310775757,2514
21593.150854110718,2578
21594.167709350586,2550
21595.14546394348,2554
21596.143007278442,2478
21597.140312194824,2522
21598.137617111206,2542
21599.134922027588,2502
21600.13222694397,2518
21601.12953186035,2518
21602.126598358154,2536
21603.1334400177,2550
21604.121923446655,2546
21605.118989944458,2552
21606.11629486084,2514
21607.1138381958,2484
21608.110904693604,2514
21609.108209609985,2536
21610.105991363525,2554
21611.103057861328,2518
21612.10012435913,2544
21613.09766769409,2542
21614.094972610474,2558
21615.092277526855,2554
21616.089582443237,2576
21617.08688735962,2518
21618.084192276,2502
21619.081497192383,2522
21620.078802108765,2518
21621.076345443726,2544
21622.073650360107,2522
21623.07071685791,2510
21624.087810516357,2544
21625.066995620728,2554
21626.065969467163,2552
21627.089500427246,2544
21628.086805343628,2550
21629.084587097168,2516
21630.08141517639,2502
21631.078958511353,2518
21632.075786590576,2504
21633.044481277466,2494
21634.044885635376,2482
21635.040998458862,2510
21636.038780212402,2576
21637.035131454468,2550
21638.03243637085,2570
21639.029502868652,2554
21640.026092529297,2576
21641.02292060852,2546
21642.020225524902,2574
21643.017768859863,2514
21644.014835357666,2486
21645.012378692627,2510
21646.00968360901,2502
21647.00698852539,2516
21648.004055023193,2546
21649.001598358154,2570
21649.998903274536,2588
21650.996208190918,2604
21651.9935131073,2602
21652.99081802368,2574
21653.988122940063,2534
21654.985427856445,2534
21655.983209609985,2482
21656.980276107788,2480
21657.97734260559,2486
21658.97488594055,2518
21659.972190856934,2526
21660.969495773315,2550
21661.966562271118,2574
21663.96164894104,2590
21663.96164894104,2618
21664.958953857422,2586
21665.956735610962,2540
21666.953802108765,2506
21667.950868606567,2474
21668.94817352295,2482
21669.94571685791,2502
21670.943021774292,2526
21671.940088272095,2494
21672.937631607056,2474
21673.93469810486,2534
21674.93224143982,2596
21675.9295463562,2602
21676.927089691162,2582
21677.924156188965,2550
21678.921461105347,2514
21679.919004440308,2510
21680.91630935669,2518
21681.91361427307,2506
21682.91139602661,2482
21683.908224105835,2512
21684.905529022217,2544
21685.9028339386,2554
21686.90037727356,2586
21687.897443771362,2558
21688.894748687744,2506
21690.889596939087,2490
21690.889596939087,2542
21692.88468360901,2510
21693.88175010681,2524
21694.879293441772,2536
21695.876121520996,2510
21696.873426437378,2518
21697.87096977234,2522
21698.880195617676,2534
21699.86605644226,2554
21700.863122940063,2522
21701.867818832397,2486
21702.857732772827,2478
21703.85479927063,2502
21704.85234260559,2490
21705.849647521973,2516
21706.846952438354,2506
21707.844495773315,2522
21708.841562271118,2546
21709.8388671875,2554
21710.836172103882,2558
21711.833715438843,2514
21712.830781936646,2510
21713.828086853027,2542
21714.82563018799,2538
21715.82317352295,2542
21716.82071685791,2506
21717.817544937134,2458
21718.814849853516,2486
21719.812154769897,2538
21720.8092212677,2550
21721.806526184082,2546
21722.804307937622,2572
21723.804473876953,2514
21724.81632232666,2482
21725.796699523926,2506
21726.79376602173,2534
21727.79107093811,2458
21728.788375854492,2450
21729.785680770874,2488
21730.782985687256,2522
21731.78005218506,2546
21732.77759552002,2574
21733.77513885498,2574
21734.772205352783,2552
21735.769748687744,2574
21736.766815185547,2574
21737.76412010193,2554
21738.76142501831,2502
21739.758729934692,2474
21740.763187408447,2482
21741.753339767456,2502
21742.750883102417,2510
21743.7481880188,2524
21744.74549293518,2514
21745.742797851562,2522
21746.740102767944,2578
21747.737407684326,2558
21748.76642227173,2544
21749.76110458374,2534
21750.763177871704,2506
21751.754999160767,2506
21752.753496170044,2462
21753.746032714844,2486
21754.719972610474,2494
21755.745887756348,2490
21756.74295425415,2526
21757.740259170532,2568
21758.737802505493,2570
21759.734869003296,2554
21760.732173919678,2578
21761.72924041748,2574
21762.726545333862,2506
21763.696432113647,2518
21764.69349861145,2542
21765.69151878357,2526
21766.688346862793,2506
21767.686128616333,2520
21768.683671951294,2528
21769.680976867676,2540
21770.67804336548,2558
21771.67558670044,2544
21772.672653198242,2524
21773.669719696045,2546
21774.667024612427,2550
21775.66432952881,2514
21776.66187286377,2526
21777.65941619873,2502
21778.656482696533,2466
21779.654502868652,2514
21780.651330947876,2522
21781.648635864258,2534
21782.64570236206,2534
21783.6434841156,2546
21784.6417427063,2534
21785.63904762268,2526
21786.635875701904,2544
21787.633180618286,2546
21788.630485534668,2536
21789.62755203247,2518
21790.624856948853,2526
21791.621923446655,2518
21792.619466781616,2558
21793.617010116577,2508
21794.61407661438,2538
21795.61138153076,2538
21796.638011932373,2534
21797.63412475586,2538
21798.63214492798,2524
21799.60036277771,2510
21800.625801086426,2518
21801.62286758423,2534
21802.62041091919,2540
21803.617477416992,2526
21804.645538330078,2546
21805.612325668335,2554
21806.609869003296,2542
21807.58023262024,2526
21808.605194091797,2544
21809.6022605896,2538
21810.59956550598,2512
21811.595916748047,2480
21812.593936920166,2512
21813.59076499939,2518
21814.58806991577,2500
21815.585613250732,2546
21816.582679748535,2546
21817.580223083496,2552
21818.55058670044,2554
21819.54574584961,2578
21820.54352760315,2546
21821.54154777527,2546
21822.53861427307,2492
21823.535919189453,2474
21824.53417778015,2506
21825.53005218506,2546
21826.528072357178,2542
21827.52561569214,2494
21828.522205352783,2520
21829.520225524902,2578
21830.517053604126,2606
21831.514358520508,2600
21832.512617111206,2546
21833.50944519043,2506
21834.50675010681,2488
21835.503101348877,2474
21836.501598358154,2536
21837.50581741333,2506
21838.49573135376,2502
21839.4935131073,2488
21840.490579605103,2526
21841.488122940063,2576
21842.484951019287,2574
21843.482494354248,2580
21844.480276107788,2552
21845.47758102417,2504
21846.47536277771,2492
21847.47314453125,2522
21848.474740982056,2514
21849.467039108276,2514
21850.4638671875,2502
21851.461172103882,2498
21852.458477020264,2522
21853.455305099487,2594
21854.453802108765,2550
21855.45063018799,2586
21856.447219848633,2586
21857.444763183594,2582
21858.442783355713,2544
21859.440088272095,2518
21860.437154769897,2514
21861.4342212677,2482
21862.43176460266,2488
21863.429069519043,2506
21864.426851272583,2552
21865.423917770386,2542
21866.42050743103,2538
21867.419004440308,2558
21868.41607093811,2550
21869.413375854492,2552
21870.410442352295,2512
21871.437788009644,2534
21872.441053390503,2516
21873.430252075195,2506
21874.399185180664,2574
21875.426530838013,2526
21876.39594078064,2534
21877.39109992981,2584
21878.41773033142,2552
21879.419326782227,2578
21880.414247512817,2546
21881.409883499146,2544
21882.40694999695,2522
21883.40401649475,2550
21884.401559829712,2546
21885.372161865234,2508
21886.395931243896,2536
21887.393474578857,2534
21888.405084609985,2520
21889.3883228302,2522
21890.385150909424,2544
21891.383409500122,2522
21892.379999160767,2516
21893.381595611572,2514
21894.37460899353,2538
21895.37215232849,2510
21896.343231201172,2486
21897.366523742676,2544
21898.36549758911,2538
21899.361848831177,2540
21900.35915374756,2540
21901.355981826782,2524
21902.3540019989,2516
21903.350830078125,2546
21904.349088668823,2558
21905.346155166626,2534
21906.34298324585,2506
21907.312870025635,2504
21908.310890197754,2526
21909.3074798584,2512
21910.304069519043,2522
21911.301374435425,2530
21912.298440933228,2552
21913.29598426819,2516
21914.29352760315,2570
21915.290594100952,2552
21916.28909111023,2528
21917.285442352295,2490
21918.282508850098,2490
21919.27981376648,2510
21920.27711868286,2502
21921.274423599243,2534
21922.271728515625,2520
21923.269271850586,2504
21924.266576766968,2558
21925.26388168335,2598
21926.26166343689,2608
21927.25896835327,2584
21928.255796432495,2568
21929.253339767456,2546
21930.250644683838,2516
21931.24771118164,2504
21932.245016098022,2512
21933.24303627014,2506
21934.240341186523,2514
21935.237407684326,2522
21936.235427856445,2520
21937.231302261353,2522
21938.22956085205,2598
21939.226388931274,2586
21940.223693847656,2552
21941.221952438354,2514
21942.218542099,2482
21943.21608543396,2510
21944.21362876892,2522
21945.210456848145,2526
21946.208477020264,2486
21947.205543518066,2472
21948.20237159729,2522
21949.19991493225,2550
21950.196504592896,2580
21951.194047927856,2584
21952.19135284424,2558
21953.18865776062,2538
21954.18620109558,2538
21955.183506011963,2522
21956.181526184082,2540
21957.178354263306,2506
21958.176136016846,2494
21959.17296409607,2506
21960.170030593872,2534
21961.167335510254,2558
21962.164878845215,2550
21963.162183761597,2570
21964.159965515137,2578
21965.15727043152,2578
21966.15481376648,2538
21967.15235710144,2572
21968.149662017822,2546
21969.147443771362,2516
21970.14355659485,2538
21971.142530441284,2510
21972.139835357666,2526
21973.13666343689,2514
21974.14755821228,2578
21975.131273269653,2556
21976.129293441772,2550
21977.126359939575,2550
21978.123664855957,2538
21979.121446609497,2538
21980.11803627014,2508
21981.115341186523,2516
21982.112884521484,2514
21983.109712600708,2528
21984.10701751709,2528
21985.104084014893,2514
21986.101865768433,2518
21987.099170684814,2536
21988.096475601196,2570
21989.093780517578,2554
21990.09108543396,2502
21991.08839035034,2526
21992.085695266724,2512
21993.083000183105,2542
21994.080305099487,2538
21995.104789733887,2546
21996.102809906006,2546
21997.087717056274,2520
21998.07834625244,2574
21999.067306518555,2574
22000.064373016357,2554
22001.06143951416,2486
22002.058267593384,2544
22003.055572509766,2538
22004.053115844727,2512
22005.05042076111,2534
22006.04820251465,2490
22008.041858673096,2522
22008.041858673096,2542
22009.04083251953,2576
22010.038137435913,2538
22011.034965515137,2546
22012.03155517578,2542
22013.028621673584,2534
22014.02735710144,2542
22015.024423599243,2496
22016.02077484131,2538
22017.019033432007,2522
22018.01562309265,2506
22019.013166427612,2518
22020.009994506836,2558
22021.008014678955,2554
22022.00484275818,2538
22023.00214767456,2552
22023.999452590942,2546
22024.997234344482,2516
22025.995016098022,2504
22026.992082595825,2506
22027.99081802368,2502
22028.98597717285,2494
22029.98423576355,2484
22030.981063842773,2498
22031.978130340576,2534
22032.975435256958,2544
22033.97274017334,2528
22034.97052192688,2578
22035.96830368042,2586
22036.967754364014,2540
22037.962436676025,2538
22038.959503173828,2554
22040.955781936646,2518
22041.95261001587,2480
22042.949438095093,2470
22043.946504592896,2510
22044.944524765015,2550
22044.944524765015,2542
22045.942544937134,2544
22046.940326690674,2554
22047.937154769897,2582
22048.9342212677,2534
22049.931526184082,2570
22050.928592681885,2502
22051.925659179688,2486
22052.92296409607,2514
22053.92050743103,2450
22054.917573928833,2518
22055.944204330444,2522
22056.94007873535,2546
22058.907508850098,2538
22059.903621673584,2558
22060.900688171387,2584
22061.898469924927,2582
22062.897205352783,2526
22063.89331817627,2494
22064.89086151123,2510
22065.88864326477,2528
22066.885948181152,2538
22067.883014678955,2492
22068.880081176758,2504
22069.87762451172,2554
22070.8749294281,2582
22071.871995925903,2546
22072.869062423706,2596
22073.866367340088,2556
22074.864387512207,2554
22075.860500335693,2514
22076.85899734497,2554
22077.856063842773,2518
22078.853130340576,2494
22079.850435256958,2522
22080.84774017334,2522
22081.84504508972,2514
22082.84330368042,2544
22083.840131759644,2546
22084.837436676025,2550
22085.834741592407,2544
22086.83180809021,2538
22087.82935142517,2540
22088.850021362305,2522
22089.832305908203,2554
22090.82055091858,2526
22091.81833267212,2528
22092.815399169922,2524
22093.812704086304,2538
22094.810485839844,2544
22095.807790756226,2574
22096.805095672607,2538
22097.80240058899,2546
22098.799467086792,2526
22099.797010421753,2520
22100.793838500977,2500
22101.791858673096,2490
22102.78868675232,2514
22103.78623008728,2526
22104.78377342224,2530
22105.781078338623,2572
22106.785535812378,2532
22107.77711868286,2526
22108.784437179565,2550
22109.78412628174,2550
22110.78405380249,2550
22111.783742904663,2492
22112.78223991394,2516
22113.759994506836,2506
22114.75706100464,2514
22115.755558013916,2540
22116.77885055542,2586
22117.77687072754,2558
22118.74556541443,2554
22119.743585586548,2554
22120.741367340088,2582
22121.73819541931,2534
22122.735500335693,2538
22123.732805252075,2490
22124.731302261353,2494
22125.728368759155,2526
22126.725673675537,2542
22127.72226333618,2522
22128.719329833984,2510
22129.717111587524,2522
22130.714178085327,2552
22131.71148300171,2584
22132.708072662354,2578
22133.705377578735,2548
22134.702682495117,2506
22135.6999874115,2502
22136.6970539093,2460
22137.69483566284,2522
22138.692140579224,2504
22139.689207077026,2482
22140.686750411987,2542
22141.68405532837,2542
22142.681121826172,2570
22143.678426742554,2594
22144.675970077515,2558
22145.673274993896,2550
22146.677494049072,2544
22147.696256637573,2524
22148.69451522827,2510
22149.690628051758,2520
22150.68817138672,2510
22151.68833732605,2510
22152.686595916748,2544
22153.68151664734,2546
22154.66356277466,2586
22155.64751625061,2556
22156.646013259888,2590
22157.64331817627,2586
22158.639192581177,2550
22159.639358520508,2534
22160.634756088257,2542
22161.63182258606,2518
22162.62984275818,2498
22163.626432418823,2490
22164.6249294281,2538
22165.62056541443,2514
22166.619300842285,2556
22167.616367340088,2576
22168.61319541931,2556
22169.610261917114,2542
22170.607566833496,2556
22171.605110168457,2542
22172.60241508484,2506
22173.5999584198,2508
22174.625635147095,2502
22175.623893737793,2512
22176.620483398438,2534
22177.61731147766,2578
22178.64155769348,2558
22179.612398147583,2508
22180.609226226807,2538
22181.606769561768,2570
22182.60431289673,2538
22183.602333068848,2522
22184.571027755737,2510
22185.56785583496,2510
22186.567068099976,2518
22187.59512901306,2518
22188.5883808136,2526
22189.58830833435,2522
22190.582513809204,2520
22191.580057144165,2542
22192.577362060547,2536
22193.57419013977,2550
22194.54312324524,2486
22195.541620254517,2494
22196.566820144653,2494
22197.564363479614,2520
22198.561668395996,2538
22199.56684112549,2522
22200.55627822876,2526
22201.554775238037,2546
22202.550649642944,2554
22203.547954559326,2550
22204.571962356567,2526
22205.513954162598,2522
22206.54320716858,2542
22207.509517669678,2546
22208.534955978394,2542
22209.5046043396,2512
22210.50214767456,2512
22211.498975753784,2514
22212.496280670166,2574
22213.493585586548,2550
22214.49112892151,2552
22215.492486953735,2558
22216.485261917114,2542
22217.512130737305,2512
22218.506574630737,2506
22219.50340270996,2502
22220.500946044922,2462
22221.498489379883,2470
22222.50247001648,2522
22223.501682281494,2534
22224.491834640503,2536
22225.489377975464,2552
22226.457834243774,2606
22227.483987808228,2570
22228.48153114319,2550
22229.47859764099,2528
22230.48162460327,2546
22231.472969055176,2514
22232.45072364807,2494
22233.466625213623,2516
22234.464168548584,2506
22235.435247421265,2514
22236.459016799927,2538
22237.457752227783,2574
22238.454580307007,2578
22239.455223083496,2552
22240.44942855835,2574
22241.451263427734,2582
22242.414951324463,2536
22243.414163589478,2524
22244.411945343018,2524
22245.43786048889,2506
22246.404886245728,2540
22247.403383255005,2526
22248.429775238037,2550
22249.42684173584,2550
22250.42414665222,2582
22251.421213150024,2572
22252.418518066406,2582
22253.41510772705,2526
22254.412412643433,2546
22255.380630493164,2544
22256.407499313354,2518
22257.404327392578,2514
22258.40163230896,2526
22259.39917564392,2502
22260.396480560303,2520
22261.393547058105,2534
22262.39061355591,2546
22263.38815689087,2554
22264.38593864441,2536
22265.384912490845,2546
22266.38150215149,2574
22267.377138137817,2546
22268.391847610474,2534
22269.373178482056,2522
22270.369291305542,2498
22271.368265151978,2506
22272.363901138306,2538
22273.33402633667,2518
22274.330139160156,2538
22275.341510772705,2538
22276.34024620056,2544
22277.32253074646,2546
22278.319597244263,2582
22279.317617416382,2576
22280.344009399414,2538
22281.3401222229,2542
22282.338857650757,2526
22283.30683708191,2522
22284.332990646362,2544
22285.330295562744,2580
22286.29779815674,2540
22287.32442855835,2524
22288.32244873047,2558
22289.32023048401,2518
22290.31729698181,2492
22291.313409805298,2526
22292.3104763031,2502
22293.309688568115,2522
22294.305324554443,2522
22295.302391052246,2548
22296.300649642944,2574
22297.301530838013,2554
22298.29502105713,2534
22299.265146255493,2520
22300.28986930847,2538
22301.28765106201,2518
22302.284240722656,2526
22303.260564804077,2482
22304.251432418823,2486
22305.248498916626,2480
22306.246042251587,2460
22307.24287033081,2514
22308.24065208435,2556
22309.237003326416,2550
22310.234308242798,2570
22311.23185157776,2572
22312.22915649414,2580
22313.226461410522,2522
22314.224243164062,2526
22315.221071243286,2494
22316.219091415405,2478
22317.216396331787,2514
22318.21298599243,2542
22319.21076774597,2536
22320.207595825195,2550
22321.205139160156,2586
22322.203159332275,2598
22323.200464248657,2570
22324.20802116394,2584
22325.194597244263,2570
22326.19309425354,2510
22327.189445495605,2502
22328.186988830566,2544
22329.18429374695,2510
22330.18159866333,2414
22331.17914199829,2502
22332.176446914673,2516
22333.19091796875,2538
22334.172010421753,2542
22335.169315338135,2570
22336.166381835938,2518
22337.16368675232,2516
22338.1609916687,2488
22339.158535003662,2488
22340.155839920044,2478
22341.153383255005,2482
22342.150449752808,2494
22343.14751625061,2490
22344.144582748413,2508
22345.142126083374,2526
22346.139430999756,2534
22347.13625907898,2526
22348.13380241394,2610
22349.129676818848,2558
22350.12674331665,2538
22351.124048233032,2504
22352.121114730835,2506
22353.118419647217,2470
22354.115962982178,2474
22355.11326789856,2494
22356.11057281494,2548
22357.108116149902,2486
22358.105421066284,2518
22359.102725982666,2558
22360.09979248047,2550
22361.09733581543,2524
22362.09464073181,2540
22363.091945648193,2518
22364.10355567932,2502
22365.092515945435,2500
22366.084575653076,2524
22367.109537124634,2554
22368.107557296753,2506
22369.104862213135,2542
22370.101928710938,2582
22371.09923362732,2542
22372.096300125122,2536
22373.094081878662,2520
22374.123096466064,2478
22375.061988830566,2478
22376.05857849121,2550
22377.05636024475,2574
22378.053188323975,2514
22379.077434539795,2494
22380.074977874756,2502
22381.07180595398,2522
22382.06958770752,2538
22383.06713104248,2542
22384.063959121704,2522
22385.06245613098,2510
22386.058807373047,2510
22387.056589126587,2506
22388.05365562439,2548
22389.050722122192,2526
22390.048503875732,2518
22391.045093536377,2570
22392.043590545654,2554
22393.04494857788,2554
22395.025491714478,2616
22395.025491714478,2590
22397.005319595337,2548
22397.005319595337,2558
22398.000955581665,2534
22398.998022079468,2550
22399.99532699585,2538
22400.99263191223,2558
22401.989936828613,2556
22402.987241744995,2554
22403.984546661377,2554
22404.982089996338,2606
22405.980110168457,2602
22406.976461410522,2596
22407.973766326904,2538
22408.971071243286,2494
22409.96813774109,2518
22410.964250564575,2520
22411.961317062378,2526
22412.95886039734,2498
22413.95592689514,2522
22414.953231811523,2526
22415.950536727905,2554
22416.948080062866,2612
22417.945384979248,2590
22418.94268989563,2554
22419.93999481201,2534
22420.937299728394,2550
22421.934604644775,2506
22422.931671142578,2510
22424.9267578125,2502
22425.925493240356,2482
22426.921844482422,2478
22426.921844482422,2542
22427.918910980225,2526
22428.91573905945,2516
22429.91304397583,2546
22430.91058731079,2550
22431.907892227173,2554
22432.905197143555,2546
22433.902502059937,2514
22435.89735031128,2494
22435.89735031128,2492
22436.894416809082,2490
22437.891960144043,2514
22438.889265060425,2514
22440.884590148926,2526
22441.88117980957,2522
22442.882776260376,2546
22443.875789642334,2558
22444.873332977295,2546
22445.870876312256,2534
22446.86794281006,2514
22447.86524772644,2480
22448.862552642822,2478
22449.859857559204,2514
22450.857162475586,2480
22451.854467391968,2486
22452.85201072693,2548
22453.84907722473,2550
22454.846620559692,2522
22455.844402313232,2538
22456.841707229614,2544
22457.839727401733,2542
22458.866596221924,2524
22459.863901138306,2550
22460.861206054688,2518
22461.85827255249,2534
22462.857007980347,2542
22463.85383605957,2526
22464.849948883057,2518
22465.848684310913,2512
22466.845512390137,2534
22467.841148376465,2552
22468.83988380432,2542
22469.835996627808,2538
22470.834016799927,2534
22471.83060646057,2540
22472.827911376953,2518
22473.824977874756,2538
22474.823236465454,2544
22475.826740264893,2510
22476.81713104248,2550
22477.81491279602,2578
22478.811979293823,2542
22479.808807373047,2506
22480.806350708008,2512
22481.804609298706,2518
22482.801914215088,2522
22483.798503875732,2526
22484.797954559326,2510
22485.764265060425,2494
22486.762523651123,2548
22487.759828567505,2550
22488.78526687622,2612
22489.78328704834,2550
22490.784406661987,2510
22491.777181625366,2538
22492.775440216064,2526
22493.77179145813,2534
22494.76909637451,2490
22495.768070220947,2534
22496.7679977417,2486
22497.761249542236,2490
22498.758554458618,2526
22499.75633621216,2548
22500.75340270996,2556
22501.754760742188,2554
22502.748489379883,2540
22503.74484062195,2546
22504.742860794067,2552
22505.741119384766,2546
22506.73794746399,2578
22507.734775543213,2550
22508.73303413391,2522
22509.729623794556,2516
22510.72645187378,2528
22511.72423362732,2574
22512.72201538086,2606
22513.718843460083,2576
22514.715909957886,2570
22515.684604644775,2558
22516.682147979736,2550
22517.70806312561,2526
22518.705368041992,2502
22519.70386505127,2466
22520.699977874756,2484
22521.697282791138,2526
22522.69434928894,2490
22523.69213104248,2508
22524.66058731079,2510
22525.660037994385,2508
22526.655912399292,2536
22527.653217315674,2544
22528.67865562439,2546
22529.675483703613,2526
22530.67374229431,2504
22531.670570373535,2518
22532.641410827637,2490
22533.63800048828,2482
22534.663915634155,2520
22535.632133483887,2532
22536.62919998169,2534
22537.62674331665,2526
22538.623809814453,2536
22539.621114730835,2534
22540.618181228638,2546
22541.648626327515,2578
22542.64259338379,2534
22543.638229370117,2570
22544.64054107666,2514
22545.604705810547,2506
22546.603679656982,2514
22547.602653503418,2516
22548.632383346558,2490
22549.59487915039,2458
22550.590753555298,2534
22551.5878200531,2550
22552.58536338806,2554
22553.582668304443,2526
22554.579734802246,2536
22555.577278137207,2514
22556.57458305359,2534
22557.57188796997,2518
22558.569192886353,2542
22559.566736221313,2518
22560.563802719116,2482
22561.561107635498,2534
22562.55841255188,2552
22563.55595588684,2538
22564.553260803223,2526
22565.550565719604,2518
22566.548347473145,2490
22567.545175552368,2526
22568.54248046875,2524
22569.539785385132,2556
22570.537328720093,2526
22571.534395217896,2494
22572.531700134277,2526
22573.52924346924,2526
22574.52654838562,2574
22575.523853302002,2556
22576.529264450073,2554
22577.519178390503,2528
22578.529357910156,2554
22579.51307296753,2558
22580.51061630249,2574
22581.538438796997,2550
22582.507371902466,2534
22583.539724349976,2522
22584.548950195312,2550
22585.52861213684,2558
22586.52353286743,2598
22587.539672851562,2526
22588.518381118774,2514
22589.515686035156,2536
22590.512990951538,2546
22591.511249542236,2518
22592.509269714355,2478
22593.505144119263,2476
22594.502687454224,2510
22595.5011844635,2532
22596.468448638916,2520
22597.49460220337,2548
22598.49190711975,2526
22599.49040412903,2518
22600.48747062683,2502
22601.483821868896,2494
22602.482080459595,2502
22603.47867012024,2490
22604.477167129517,2474
22605.4744720459,2510
22606.441736221313,2494
22607.439041137695,2534
22608.437061309814,2578
22609.434843063354,2582
22610.432386398315,2544
22611.429452896118,2526
22612.42699623108,2524
22613.424062728882,2516
22614.421606063843,2508
22615.418910980225,2520
22616.416931152344,2514
22617.413759231567,2478
22618.41058731079,2494
22619.408130645752,2548
22620.404958724976,2570
22621.402263641357,2534
22622.39956855774,2544
22623.39687347412,2548
22624.39465522766,2584
22625.391960144043,2546
22626.39021873474,2510
22627.387046813965,2518
22628.38387489319,2450
22629.38141822815,2486
22630.378246307373,2502
22631.375312805176,2536
22632.372856140137,2512
22633.370637893677,2556
22634.36770439148,2572
22635.36548614502,2576
22636.361598968506,2550
22637.359857559204,2546
22638.357400894165,2538
22639.35422897339,2504
22640.35153388977,2514
22641.34979248047,2510
22642.346620559692,2454
22643.343687057495,2482
22644.340991973877,2542
22645.338773727417,2546
22646.337032318115,2546
22647.33338356018,2582
22648.329973220825,2536
22649.328231811523,2518
22650.325059890747,2540
22651.32236480713,2514
22652.31943130493,2486
22653.316736221313,2514
22654.314517974854,2486
22655.312538146973,2512
22656.309127807617,2526
22657.306671142578,2546
22658.303022384644,2534
22659.30199623108,2538
22660.298824310303,2514
22661.295890808105,2522
22662.29271888733,2554
22663.29026222229,2514
22664.28804397583,2490
22665.285348892212,2526
22666.28408432007,2518
22667.280435562134,2486
22668.277502059937,2538
22669.27433013916,2550
22670.271635055542,2526
22671.268701553345,2546
22672.266244888306,2542
22673.263549804688,2518
22674.261569976807,2522
22675.257682800293,2522
22676.254749298096,2526
22677.252054214478,2516
22678.24935913086,2524
22679.24666404724,2572
22680.243968963623,2524
22681.241512298584,2542
22682.238578796387,2542
22683.236122131348,2540
22684.23342704773,2516
22685.23073196411,2518
22686.227798461914,2494
22687.225103378296,2498
22688.222408294678,2482
22689.21995162964,2514
22690.21725654602,2526
22691.214323043823,2518
22692.211866378784,2542
22693.209171295166,2538
22694.206476211548,2580
22695.20378112793,2602
22696.20132446289,2538
22697.198629379272,2510
22698.196172714233,2490
22699.193477630615,2502
22700.190782546997,2550
22701.1878490448,2526
22702.18515396118,2508
22703.1831741333,2514
22704.180240631104,2574
22705.177307128906,2586
22706.174850463867,2580
22707.17215538025,2606
22708.16922187805,2542
22709.166526794434,2470
22710.164070129395,2510
22711.161375045776,2526
22712.15867996216,2478
22713.15598487854,2442
22714.153051376343,2510
22715.150356292725,2514
22716.147661209106,2524
22717.145204544067,2582
22718.14250946045,2614
22719.13981437683,2578
22720.137357711792,2558
22721.134424209595,2578
22722.131729125977,2510
22723.12903404236,2518
22724.1268157959,2488
22725.123643875122,2488
22726.12500190735,2506
22727.121114730835,2546
22728.116512298584,2558
22729.113340377808,2578
22730.11088371277,2546
22731.10818862915,2558
22732.105255126953,2552
22733.102560043335,2546
22734.100103378296,2538
22735.0971698761,2510
22736.095190048218,2462
22737.093448638916,2472
22738.11912536621,2500
22739.120483398438,2518
22740.114212036133,2506
22741.08338356018,2514
22742.109060287476,2534
22743.104934692383,2570
22744.105339050293,2574
22745.105743408203,2554
22746.09613418579,2542
22747.09439277649,2490
22748.091220855713,2512
22749.115228652954,2526
22751.055240631104,2546
22751.055240631104,2514
22752.052307128906,2522
22753.049612045288,2544
22754.04667854309,2544
22755.04422187805,2558
22756.041526794434,2550
22757.039070129395,2502
22758.03828239441,2514
22759.063720703125,2534
22760.061025619507,2546
22761.05833053589,2502
22762.062549591064,2514
22763.05317878723,2518
22764.050245285034,2500
22765.047788619995,2510
22766.045331954956,2550
22767.014741897583,2538
22768.046140670776,2526
22769.045114517212,2490
22770.034551620483,2500
22771.032333374023,2570
22772.029638290405,2534
22773.025035858154,2518
22774.022340774536,2522
22775.019884109497,2478
22775.988578796387,2506
22777.01473236084,2534
22778.01203727722,2576
22779.01029586792,2542
22780.006170272827,2538
22781.003713607788,2526
22781.9721698761,2494
22782.9692363739,2506
22783.966541290283,2510
22784.963846206665,2502
22785.961151123047,2522
22786.972045898438,2536
22787.95623779297,2546
22788.95354270935,2550
22789.950847625732,2570
22790.948152542114,2550
22791.945219039917,2486
22792.942762374878,2534
22793.94006729126,2536
22794.93737220764,2538
22795.934677124023,2536
22797.93095588684,2510
22797.93095588684,2488
22799.92437362671,2526
22799.92437362671,2582
22800.92144012451,2582
22801.918506622314,2602
22802.916049957275,2550
22803.913354873657,2538
22804.91042137146,2554
22805.90796470642,2502
22806.905031204224,2486
22807.902574539185,2490
22808.899641036987,2494
22809.89718437195,2538
22810.89448928833,2502
22811.891794204712,2506
22812.889099121094,2516
22813.886404037476,2576
22815.88125228882,2544
22816.87831878662,2506
22817.875862121582,2538
22818.873167037964,2514
22819.870471954346,2510
22820.86753845215,2482
22821.871995925903,2482
22822.865962982178,2486
22823.859930038452,2490
22824.857234954834,2514
22825.854778289795,2542
22826.851844787598,2578
22827.84914970398,2538
22828.84693145752,2548
22829.843997955322,2554
22830.841064453125,2510
22831.838607788086,2502
22832.835912704468,2494
22833.83321762085,2470
22834.830284118652,2490
22835.828065872192,2506
22836.825132369995,2502
22837.822437286377,2538
22838.81974220276,2554
22839.81704711914,2578
22840.8145904541,2582
22841.811656951904,2522
22842.809200286865,2526
22843.820095062256,2538
22844.80381011963,2522
22845.80135345459,2516
22846.79865837097,2542
22847.795724868774,2506
22848.793029785156,2514
22849.790573120117,2534
22850.788116455078,2582
22851.78542137146,2526
22852.78272628784,2546
22853.780031204224,2510
22854.777336120605,2522
22855.77440261841,2542
22856.77218437195,2512
22857.76948928833,2518
22858.797073364258,2514
22859.794855117798,2518
22860.791444778442,2554
22861.79494857788,2546
22862.786054611206,2542
22863.7912273407,2536
22864.78543281555,2536
22865.763664245605,2526
22866.777181625366,2526
22867.773056030273,2522
22868.769884109497,2516
22869.766235351562,2546
22870.762825012207,2520
22871.760368347168,2522
22872.75767326355,2558
22873.754739761353,2554
22874.72701072693,2490
22875.72193145752,2502
22876.718997955322,2546
22877.747535705566,2506
22878.74150276184,2486
22879.743337631226,2488
22880.70821762085,2470
22881.70599937439,2486
22882.704734802246,2486
22883.700847625732,2526
22884.698629379272,2546
22885.694980621338,2574
22886.693716049194,2554
22887.718439102173,2544
22888.715744018555,2538
22889.713764190674,2518
22890.68365097046,2522
22891.679525375366,2506
22892.704725265503,2492
22893.702507019043,2498
22894.700050354004,2516
22895.696878433228,2550
22896.69442176819,2580
22897.69220352173,2586
22898.68927001953,2582
22899.693727493286,2550
22900.683879852295,2524
22901.681423187256,2538
22902.679204940796,2504
22903.67603302002,2486
22904.67667579651,2490
22905.67135810852,2540
22906.66913986206,2506
22907.665491104126,2534
22908.66231918335,2554
22909.65962409973,2586
22910.629749298096,2606
22911.62657737732,2618
22912.6238822937,2570
22913.620710372925,2554
22914.618730545044,2574
22915.616035461426,2510
22916.64695739746,2502
22917.639017105103,2502
22918.636560440063,2484
22919.633388519287,2538
22920.631408691406,2554
22921.62775993347,2538
22922.625064849854,2504
22923.622369766235,2546
22924.625873565674,2546
22925.588846206665,2518
22926.62024497986,2510
22927.61206626892,2486
22928.61032485962,2460
22929.612636566162,2478
22930.603742599487,2492
22931.572198867798,2486
22932.56902694702,2492
22933.566570281982,2532
22934.563636779785,2520
22935.561180114746,2554
22936.56039237976,2542
22937.557458877563,2530
22938.554763793945,2518
22939.552068710327,2482
22940.549850463867,2476
22941.548109054565,2484
22942.54469871521,2518
22943.54200363159,2514
22944.538831710815,2522
22945.536613464355,2502
22946.533918380737,2510
22947.53122329712,2522
22948.5285282135,2538
22949.525833129883,2488
22950.523138046265,2482
22951.520204544067,2474
22952.51750946045,2522
22953.516006469727,2502
22954.540014266968,2516
22955.538511276245,2538
22956.532955169678,2534
22957.50331878662,2526
22958.500862121582,2542
22959.52582359314,2570
22960.522651672363,2550
22961.519718170166,2534
22962.517023086548,2534
22963.51408958435,2506
22964.512586593628,2510
22965.510606765747,2518
22966.50791168213,2582
22967.47612953186,2550
22968.473196029663,2552
22969.470262527466,2538
22970.467567443848,2520
22971.46511077881,2552
22972.46265411377,2542
22973.45995903015,2490
22974.45774078369,2478
22975.454807281494,2510
22976.451873779297,2502
22977.44917869568,2510
22978.44672203064,2514
22979.443788528442,2514
22980.441093444824,2514
22981.438159942627,2542
22982.439279556274,2544
22983.43539237976,2538
22984.432220458984,2508
22985.429525375366,2542
22986.427545547485,2482
22987.42413520813,2498
22988.42144012451,2518
22989.418745040894,2486
22990.416288375854,2526
22991.413593292236,2544
22992.410898208618,2550
22993.40796470642,2554
22994.405508041382,2550
22995.403289794922,2558
22996.400117874146,2510
22997.397661209106,2486
22998.422861099243,2486
22999.419927597046,2538
23000.388145446777,2526
23001.386642456055,2518
23002.38537788391,2522
23003.38101387024,2514
23004.570722579956,2538
23005.568981170654,2598
23006.568670272827,2616
23007.56287574768,2548
23008.559226989746,2474
23009.557485580444,2542
23010.555028915405,2552
23011.55185699463,2502
23012.54892349243,2470
23013.558387756348,2490
23014.54496383667,2486
23015.541315078735,2506
23016.538619995117,2534
23017.53544807434,2526
23018.532752990723,2554
23019.530057907104,2558
23020.527124404907,2536
23021.524906158447,2570
23022.52221107483,2518
23023.51951599121,2518
23024.517059326172,2538
23025.514602661133,2506
23026.511669158936,2510
23027.508974075317,2520
23028.50580215454,2534
23029.502868652344,2576
23030.5016040802,2582
23031.497716903687,2586
23032.496452331543,2518
23033.49494934082,2578
23034.505367279053,2578
23035.48765182495,2572
23036.485195159912,2538
23037.482500076294,2486
23038.479328155518,2498
23039.477109909058,2522
23040.47417640686,2570
23041.471004486084,2510
23042.468547821045,2506
23043.466091156006,2518
23044.463872909546,2552
23045.461654663086,2594
23046.45848274231,2578
23047.45578765869,2526
23048.452615737915,2502
23049.450635910034,2504
23050.447463989258,2514
23051.44500732422,2542
23052.44207382202,2512
23053.439378738403,2510
23054.437160491943,2542
23055.433988571167,2580
23056.432008743286,2582
23057.427883148193,2574
23058.42614173889,2524
23059.422492980957,2538
23060.420036315918,2556
23061.4173412323,2550
23062.414407730103,2582
23063.412189483643,2546
23064.409255981445,2544
23065.406560897827,2526
23066.40386581421,2552
23067.40117073059,2554
23068.398475646973,2526
23069.396018981934,2522
23070.393085479736,2546
23071.390628814697,2514
23072.38793373108,2484
23073.38523864746,2534
23074.382543563843,2552
23075.380325317383,2522
23076.377153396606,2542
23077.37445831299,2582
23078.37152481079,2550
23079.369068145752,2546
23080.366373062134,2514
23081.363677978516,2506
23082.361221313477,2474
23083.35828781128,2478
23084.35559272766,2520
23085.352897644043,2512
23086.350440979004,2490
23087.347745895386,2514
23088.34481239319,2558
23089.34235572815,2550
23090.33966064453,2558
23091.336965560913,2546
23092.334270477295,2500
23093.332290649414,2490
23094.329357147217,2490
23095.32642364502,2518
23096.32396697998,2490
23097.321033477783,2476
23098.318576812744,2510
23099.315881729126,2538
23100.313186645508,2578
23101.31049156189,2582
23102.307558059692,2590
23103.305101394653,2558
23104.302406311035,2546
23105.299711227417,2522
23106.297254562378,2544
23107.29432106018,2502
23108.291625976562,2522
23109.288930892944,2534
23110.286474227905,2494
23111.283779144287,2510
23112.28084564209,2576
23113.27815055847,2582
23114.275693893433,2544
23115.272998809814,2534
23116.270542144775,2526
23117.267847061157,2552
23118.26491355896,2526
23119.26221847534,2526
23120.259523391724,2482
23121.257781982422,2474
23122.254610061646,2480
23123.252630233765,2524
23124.279975891113,2578
23125.24962425232,2554
23126.27625465393,2502
23127.272844314575,2536
23128.26895713806,2596
23129.266262054443,2546
23130.263328552246,2542
23131.26039505005,2506
23132.258653640747,2480
23133.261919021606,2514
23134.252071380615,2534
23135.221004486084,2526
23136.218070983887,2556
23137.250900268555,2526
23138.24152946472,2504
23139.238357543945,2534
23140.235662460327,2550
23141.233444213867,2508
23142.236471176147,2514
23143.22805404663,2542
23144.225120544434,2506
23145.195722579956,2512
23146.219491958618,2534
23147.21727371216,2538
23148.2150554657,2536
23149.183750152588,2528
23150.209665298462,2556
23151.206493377686,2534
23152.20355987549,2514
23153.175354003906,2486
23154.17194366455,2528
23155.168294906616,2526
23156.165838241577,2502
23157.1626663208,2506
23158.174991607666,2526
23159.15846824646,2534
23160.15601158142,2514
23161.152601242065,2558
23162.149667739868,2546
23163.147687911987,2486
23164.14451599121,2498
23165.141582489014,2510
23166.139602661133,2498
23167.136669158936,2504
23168.13373565674,2490
23169.129610061646,2576
23170.12643814087,2508
23171.12374305725,2522
23172.120809555054,2540
23173.118591308594,2526
23174.118280410767,2542
23175.11296272278,2504
23176.11074447632,2510
23177.10781097412,2506
23178.105115890503,2504
23179.102420806885,2490
23180.099725723267,2522
23181.09703063965,2514
23182.09433555603,2508
23183.09187889099,2538
23184.089183807373,2550
23185.086250305176,2572
23186.083555221558,2544
23187.08109855652,2544
23188.0784034729,2582
23189.075708389282,2502
23190.073490142822,2486
23191.070795059204,2474
23192.067623138428,2500
23193.06492805481,2536
23194.06247138977,2538
23195.059776306152,2510
23196.057081222534,2522
23197.054147720337,2542
23198.051691055298,2582
23199.07855987549,2534
23200.07586479187,2548
23201.07340812683,2510
23202.070236206055,2514
23203.067541122437,2462
23204.06484603882,2482
23205.06262779236,2486
23206.059455871582,2470
23208.029747009277,2470
23208.029747009277,2500
23209.05065536499,2572
23210.04819869995,2574
23211.045265197754,2526
23212.042808532715,2510
23214.040517807007,2514
23214.040517807007,2480
23215.043306350708,2482
23216.033220291138,2510
23217.031002044678,2522
23218.02854537964,2502
23219.005584716797,2510
23219.99502182007,2570
23220.99208831787,2554
23221.988916397095,2546
23222.986459732056,2544
23223.983764648438,2550
23224.9813079834,2546
23225.97861289978,2582
23226.975440979004,2544
23227.972984313965,2506
23228.970289230347,2510
23229.977130889893,2500
23230.96489906311,2506
23232.959985733032,2502
23232.959985733032,2540
23233.956575393677,2544
23234.954357147217,2538
23235.951900482178,2518
23236.94920539856,2550
23237.9469871521,2546
23238.943338394165,2526
23239.940643310547,2518
23240.93747138977,2510
23242.94114112854,2502
23243.939638137817,2510
23244.926929473877,2538
23244.926929473877,2514
23246.92416191101,2542
23246.92416191101,2540
23247.920036315918,2542
23249.913454055786,2514
23249.913454055786,2506
23250.911474227905,2518
23251.909017562866,2522
23252.906322479248,2502
23253.90338897705,2554
23255.89895248413,2554
23256.895542144775,2480
23257.893323898315,2492
23258.89015197754,2546
23259.8876953125,2542
23260.884761810303,2476
23261.881589889526,2526
23262.879371643066,2548
23263.87643814087,2538
23264.87374305725,2550
23265.87224006653,2546
23266.868829727173,2550
23267.866134643555,2558
23268.86296272278,2540
23269.86074447632,2548
23270.85781097412,2582
23271.854877471924,2546
23272.852420806885,2526
23273.849725723267,2506
23274.847269058228,2490
23275.845289230347,2508
23276.84259414673,2538
23277.841091156006,2502
23278.847694396973,2534
23279.84666824341,2490
23280.845165252686,2494
23281.82864189148,2538
23282.8266620636,2542
23283.823490142822,2534
23284.820795059204,2520
23285.817623138428,2478
23286.815881729126,2510
23287.81294822693,2522
23288.81001472473,2522
23289.807081222534,2514
23290.80367088318,2506
23291.802406311035,2508
23292.79899597168,2538
23293.79677772522,2598
23294.79432106018,2602
23295.790672302246,2540
23296.788930892944,2524
23297.786235809326,2538
23298.78330230713,2522
23299.78108406067,2520
23300.777673721313,2536
23301.775693893433,2490
23302.772521972656,2484
23303.769826889038,2514
23304.767608642578,2528
23305.764198303223,2526
23306.761503219604,2576
23307.763814926147,2550
23308.757066726685,2520
23309.754133224487,2550
23310.75119972229,2538
23311.74874305725,2524
23312.745809555054,2478
23313.743114471436,2482
23314.741373062134,2482
23315.7377243042,2482
23316.73574447632,2538
23317.732334136963,2534
23318.730115890503,2514
23319.727182388306,2542
23320.724487304688,2590
23321.72179222107,2550
23322.71957397461,2522
23323.71687889099,2518
23324.71466064453,2500
23325.71053504944,2462
23326.709032058716,2478
23327.70609855652,2506
23328.7034034729,2546
23329.700708389282,2518
23330.698013305664,2534
23331.695079803467,2536
23332.693099975586,2522
23333.69016647339,2534
23334.68747138977,2520
23335.68525314331,2570
23336.68279647827,2518
23337.68105506897,2510
23338.677406311035,2514
23339.67423439026,2518
23340.67130088806,2506
23341.6690826416,2510
23342.666149139404,2518
23343.663692474365,2546
23344.660997390747,2546
23345.65782546997,2514
23346.65560722351,2538
23347.652912139893,2550
23348.649978637695,2506
23349.647998809814,2492
23350.64458847046,2522
23351.64213180542,2490
23352.646350860596,2542
23353.636980056763,2558
23354.634046554565,2528
23355.631113052368,2526
23356.629133224487,2542
23357.62667655945,2570
23358.623266220093,2536
23359.620809555054,2534
23360.618114471436,2522
23361.61518096924,2538
23362.61248588562,2538
23363.609790802002,2526
23364.60781097412,2574
23365.604639053345,2574
23366.602182388306,2558
23367.598295211792,2550
23368.596076965332,2554
23369.59433555603,2460
23370.591402053833,2466
23371.588706970215,2522
23372.586488723755,2552
23373.583555221558,2526
23374.58109855652,2534
23375.57816505432,2526
23376.575469970703,2558
23377.573013305664,2608
23378.570079803467,2590
23379.56714630127,2548
23380.56445121765,2542
23381.561994552612,2522
23382.559776306152,2524
23383.56041908264,2550
23384.559631347656,2546
23385.55097579956,2506
23386.548280715942,2510
23387.548685073853,2544
23388.543367385864,2584
23389.540910720825,2578
23390.53773880005,2582
23391.535997390747,2546
23392.53306388855,2546
23393.530130386353,2522
23394.527435302734,2482
23395.524263381958,2526
23396.522521972656,2482
23397.51958847046,2468
23398.515939712524,2502
23399.513721466064,2558
23400.511980056763,2534
23401.508569717407,2524
23402.506351470947,2550
23403.50317955017,2550
23404.500722885132,2566
23405.49874305725,2536
23406.495571136475,2518
23407.493114471436,2516
23408.48994255066,2466
23409.4877243042,2514
23410.484552383423,2526
23411.481857299805,2514
23412.479877471924,2544
23413.476705551147,2526
23414.474487304688,2550
23415.472269058228,2522
23416.468858718872,2598
23417.466402053833,2554
23418.463468551636,2522
23419.461011886597,2484
23420.4580783844,2450
23421.45562171936,2498
23422.481060028076,2502
23423.478841781616,2538
23424.47829246521,2492
23425.477981567383,2538
23426.470041275024,2580
23427.467823028564,2582
23428.436040878296,2598
23429.433584213257,2538
23430.432081222534,2526
23431.428909301758,2550
23432.43956565857,2528
23433.423042297363,2482
23434.42153930664,2526
23435.417652130127,2518
23436.416149139404,2544
23437.413454055786,2576
23438.41004371643,2550
23439.40782546997,2518
23440.404891967773,2552
23441.402673721313,2586
23442.399978637695,2542
23443.39680671692,2502
23444.3941116333,2480
23445.392608642578,2506
23446.39015197754,2518
23447.386741638184,2574
23448.416709899902,2526
23449.41020011902,2486
23450.41275024414,2532
23451.403856277466,2540
23452.401399612427,2570
23453.39822769165,2524
23454.395532608032,2502
23455.393314361572,2514
23456.364154815674,2520
23457.388162612915,2538
23458.385467529297,2542
23459.354877471924,2526
23460.352420806885,2546
23461.349725723267,2582
23462.34679222107,2580
23463.343620300293,2486
23464.341163635254,2512
23465.338230133057,2522
23466.335773468018,2522
23467.33331680298,2508
23468.329668045044,2502
23469.327449798584,2494
23470.324516296387,2518
23471.322059631348,2550
23472.31960296631,2572
23473.31690788269,2550
23474.343299865723,2542
23475.34155845642,2518
23476.33695602417,2534
23477.33497619629,2506
23478.331804275513,2510
23479.329824447632,2490
23480.32808303833,2490
23481.325387954712,2502
23482.3215007782,2554
23483.31904411316,2542
23484.320640563965,2542
23485.31675338745,2586
23486.283779144287,2598
23487.308263778687,2546
23488.31057548523,2518
23489.27330970764,2536
23492.26665496826,2486
23492.26665496826,2478
23492.26665496826,2546
23493.76893043518,2478
23494.27342414856,2468
23495.27359008789,2510
23496.42515182495,2550
23497.42293357849,2582
23498.420000076294,2554
23499.417304992676,2554
23500.41437149048,2542
23501.41191482544,2518
23502.40921974182,2526
23503.406763076782,2502
23504.403591156006,2462
23505.401611328125,2470
23506.39843940735,2474
23507.394790649414,2490
23508.39328765869,2514
23509.390115737915,2546
23510.387182235718,2550
23511.38472557068,2538
23512.38250732422,2534
23513.379335403442,2554
23514.377117156982,2544
23515.374183654785,2534
23516.372680664062,2514
23517.369508743286,2506
23518.36609840393,2474
23519.362688064575,2500
23520.360231399536,2538
23521.358966827393,2570
23522.356033325195,2526
23523.353099822998,2490
23524.350881576538,2514
23525.348663330078,2546
23526.345252990723,2522
23527.342557907104,2506
23528.339624404907,2542
23529.337406158447,2480
23530.33423423767,2470
23531.331300735474,2510
23532.329082489014,2526
23533.326148986816,2518
23534.323692321777,2508
23535.320520401,2526
23536.319732666016,2538
23537.31608390808,2526
23538.313150405884,2538
23539.310216903687,2518
23540.30728340149,2510
23541.30506515503,2514
23542.30237007141,2490
23543.299674987793,2486
23544.32463645935,2544
23545.324087142944,2534
23546.319723129272,2550
23547.317266464233,2546
23548.314094543457,2546
23549.314260482788,2524
23550.280332565308,2526
23551.279067993164,2514
23552.276372909546,2518
23553.27320098877,2506
23554.27050590515,2508
23555.267333984375,2510
23556.26654624939,2510
23557.263135910034,2544
23558.259963989258,2516
23559.25703048706,2518
23560.254335403442,2502
23561.251401901245,2502
23562.248706817627,2506
23563.246250152588,2494
23564.24379348755,2470
23565.24085998535,2474
23566.238403320312,2512
23567.235946655273,2550
23568.233489990234,2538
23569.230318069458,2538
23570.22786140442,2554
23571.223974227905,2574
23572.221040725708,2518
23573.21834564209,2510
23574.215412139893,2506
23575.212955474854,2490
23576.210498809814,2498
23577.207565307617,2470
23578.204870224,2454
23579.20241355896,2510
23580.19971847534,2556
23581.197261810303,2554
23582.194566726685,2614
23583.223581314087,2584
23584.218978881836,2522
23585.216522216797,2518
23586.214303970337,2534
23587.21113204956,2518
23588.208198547363,2482
23589.205265045166,2488
23590.203046798706,2516
23591.20011329651,2518
23592.196702957153,2582
23593.194484710693,2588
23594.192266464233,2544
23595.189094543457,2538
23596.158981323242,2558
23597.182750701904,2554
23598.153352737427,2518
23599.15065765381,2482
23600.176095962524,2478
23601.173162460327,2470
23602.17022895813,2474
23603.167295455933,2550
23604.165077209473,2548
23605.162858963013,2534
23606.13226890564,2554
23607.15627670288,2578
23608.15405845642,2552
23609.160661697388,2522
23610.140323638916,2550
23611.117839813232,2482
23612.11609840393,2482
23613.112926483154,2490
23614.110231399536,2474
23615.10729789734,2480
23616.106033325195,2510
23617.10262298584,2582
23618.099212646484,2582
23619.096517562866,2536
23620.094060897827,2536
23621.09136581421,2544
23622.08890914917,2490
23623.08621406555,2504
23624.08685684204,2514
23625.080347061157,2520
23626.078367233276,2502
23627.0751953125,2502
23628.072261810303,2522
23629.069566726685,2538
23630.06830215454,2522
23631.064891815186,2558
23632.06195831299,2542
23633.05974006653,2514
23634.056329727173,2494
23635.054111480713,2520
23636.050701141357,2552
23637.048959732056,2522
23638.04578781128,2490
23639.04333114624,2490
23640.04158973694,2558
23641.037464141846,2550
23642.036199569702,2550
23643.032789230347,2506
23644.030332565308,2476
23645.028114318848,2480
23646.02518081665,2556
23647.022247314453,2520
23648.019313812256,2506
23649.016618728638,2486
23650.014400482178,2478
23651.0112285614,2520
23652.008771896362,2554
23653.006076812744,2572
23654.003143310547,2510
23655.000686645508,2518
23655.99799156189,2538
23656.99529647827,2514
23657.992839813232,2490
23659.987688064575,2498
23660.98427772522,2492
23661.98205947876,2518
23662.978887557983,2512
23663.976430892944,2544
23664.974212646484,2558
23664.974212646484,2542
23665.971755981445,2542
23667.966604232788,2518
23668.96677017212,2494
23669.978618621826,2486
23670.957803726196,2510
23671.956300735474,2512
23671.956300735474,2478
23672.952890396118,2484
23673.9501953125,2478
23675.949335098267,2540
23675.949335098267,2580
23676.942825317383,2608
23677.939653396606,2576
23678.93671989441,2538
23679.93402481079,2530
23680.931329727173,2578
23681.928873062134,2528
23682.960033416748,2514
23683.95209312439,2482
23684.95202064514,2486
23685.946464538574,2526
23686.95116043091,2578
23687.94059753418,2576
23688.938856124878,2518
23689.9356842041,2550
23691.930532455444,2580
23692.899465560913,2590
23693.896770477295,2518
23694.895267486572,2504
23695.892333984375,2484
23696.8891620636,2486
23697.88646697998,2508
23698.883295059204,2518
23699.880361557007,2506
23700.87742805481,2512
23701.87473297119,2542
23702.871799468994,2570
23703.869342803955,2554
23704.866409301758,2546
23705.86395263672,2540
23706.8612575531,2518
23707.85880088806,2482
23708.855867385864,2518
23709.853172302246,2506
23710.85023880005,2506
23711.84778213501,2514
23712.84508705139,2542
23713.842153549194,2546
23714.839696884155,2558
23715.845584869385,2534
23716.83430671692,2582
23717.83137321472,2508
23718.828916549683,2520
23719.826221466064,2534
23720.823526382446,2516
23721.850395202637,2488
23722.84746170044,2442
23723.843812942505,2488
23724.841594696045,2494
23725.839138031006,2516
23726.836681365967,2542
23727.83374786377,2538
23728.83129119873,2538
23729.827642440796,2542
23730.797290802002,2558
23731.794834136963,2542
23732.79333114624,2478
23733.790159225464,2502
23734.787702560425,2524
23735.78405380249,2538
23736.78207397461,2494
23737.778663635254,2538
23738.77716064453,2542
23739.774227142334,2514
23740.77081680298,2542
23741.768836975098,2522
23742.7659034729,2474
23743.763208389282,2502
23744.760513305664,2534
23745.757341384888,2514
23746.755599975586,2502
23747.75242805481,2534
23748.74973297119,2510
23749.74751472473,2522
23750.744342803955,2550
23751.741886138916,2526
23752.73895263672,2492
23753.73673439026,2508
23754.73380088806,2550
23755.730628967285,2542
23756.728887557983,2542
23757.725954055786,2546
23758.72278213501,2546
23759.72080230713,2546
23760.717153549194,2578
23761.715173721313,2558
23762.713193893433,2522
23763.710021972656,2522
23764.707326889038,2560
23765.70439338684,2570
23766.70241355896,2538
23767.69971847534,2506
23768.696784973145,2494
23769.693851470947,2506
23770.69091796875,2500
23771.68846130371,2546
23772.685527801514,2542
23773.683071136475,2520
23774.680614471436,2542
23775.67720413208,2570
23776.67546272278,2542
23777.67252922058,2490
23778.669595718384,2490
23779.667139053345,2486
23780.664682388306,2506
23781.662225723267,2520
23782.660007476807,2538
23783.65707397461,2518
23784.654140472412,2520
23785.650730133057,2558
23786.649227142334,2550
23787.646293640137,2586
23788.64336013794,2554
23789.64066505432,2550
23790.637731552124,2502
23791.635990142822,2452
23792.632579803467,2478
23793.630123138428,2508
23794.62766647339,2486
23795.624256134033,2516
23796.622276306152,2546
23797.619819641113,2526
23798.616647720337,2542
23799.614429473877,2558
23800.61149597168,2546
23801.60880088806,2526
23802.605867385864,2570
23803.603172302246,2482
23804.600954055786,2514
23805.598974227905,2514
23806.59532546997,2502
23807.593822479248,2506
23808.590412139893,2526
23809.587240219116,2504
23810.584545135498,2554
23811.582326889038,2602
23812.57915496826,2584
23813.576698303223,2574
23814.574480056763,2546
23815.572023391724,2544
23816.568851470947,2502
23817.56591796875,2518
23818.562984466553,2498
23819.560766220093,2508
23820.557832717896,2524
23821.5548992157,2506
23822.55220413208,2576
23823.54974746704,2538
23824.547290802002,2490
23825.55079460144,2522
23826.542854309082,2542
23827.539443969727,2510
23828.53603363037,2484
23829.533576965332,2508
23830.531358718872,2502
23831.528663635254,2522
23832.52716064453,2502
23833.523273468018,2542
23834.5205783844,2534
23835.51836013794,2542
23836.515426635742,2546
23837.512731552124,2554
23838.509559631348,2526
23839.50662612915,2534
23840.50440788269,2546
23841.501712799072,2534
23842.498779296875,2542
23843.496322631836,2534
23844.493865966797,2570
23845.49045562744,2552
23846.48871421814,2534
23847.517728805542,2526
23848.51050376892,2546
23849.507808685303,2554
23850.50654411316,2538
23851.5043258667,2514
23852.503299713135,2486
23853.485107421875,2502
23854.469060897827,2558
23855.464220046997,2550
23856.462478637695,2578
23857.460260391235,2554
23858.45685005188,2510
23859.455108642578,2502
23860.451459884644,2548
23861.44971847534,2520
23862.446546554565,2460
23863.444089889526,2488
23864.44115638733,2482
23865.43869972229,2502
23866.43624305725,2542
23867.433786392212,2558
23868.431091308594,2544
23869.428157806396,2514
23870.42546272278,2542
23871.42276763916,2590
23872.419834136963,2556
23873.417377471924,2510
23874.414682388306,2506
23875.41174888611,2514
23876.40929222107,2480
23877.40707397461,2500
23878.403902053833,2518
23879.401206970215,2478
23880.398750305176,2510
23881.39581680298,2534
23882.39359855652,2580
23883.391618728638,2554
23884.395360946655,2522
23885.38646697998,2486
23886.382818222046,2476
23887.380361557007,2482
23888.37766647339,2494
23889.37497138977,2462
23890.37251472473,2486
23891.369819641113,2494
23892.367601394653,2516
23893.364191055298,2538
23894.36149597168,2574
23895.35880088806,2546
23896.356105804443,2556
23897.352933883667,2542
23898.350715637207,2548
23899.34778213501,2538
23900.34508705139,2510
23901.342630386353,2514
23902.339935302734,2506
23903.337001800537,2506
23904.33430671692,2578
23905.332326889038,2538
23906.32915496826,2550
23907.3269367218,2554
23908.324003219604,2606
23909.321308135986,2550
23910.31837463379,2524
23911.31567955017,2552
23912.313222885132,2508
23913.310289382935,2490
23914.3168926239,2482
23915.306568145752,2476
23916.3019657135,2522
23917.298793792725,2502
23918.29824447632,2554
23919.29531097412,2552
23920.292615890503,2546
23921.289920806885,2542
23922.287225723267,2582
23923.312187194824,2548
23924.309015274048,2504
23925.30632019043,2510
23926.302433013916,2504
23927.30474472046,2514
23928.297519683838,2534
23929.29458618164,2534
23930.29284477234,2550
23931.29062652588,2536
23932.286500930786,2490
23933.28356742859,2526
23934.28134918213,2502
23935.27889251709,2518
23936.277389526367,2510
23937.27421760559,2542
23938.270568847656,2480
23939.239501953125,2506
23940.236568450928,2558
23941.23387336731,2550
23942.23141670227,2534
23943.228721618652,2506
23944.233179092407,2550
23945.223808288574,2546
23946.221351623535,2550
23947.218418121338,2516
23948.2159614563,2514
23949.2130279541,2526
23950.210332870483,2544
23951.207399368286,2558
23952.205181121826,2578
23953.20224761963,2554
23954.19979095459,2574
23955.19709587097,2520
23956.194400787354,2520
23957.191467285156,2520
23958.188772201538,2514
23959.1863155365,2490
23960.1833820343,2510
23961.180925369263,2502
23962.177991867065,2520
23963.175535202026,2534
23964.17284011841,2546
23965.16990661621,2550
23966.16768836975,2546
23967.164993286133,2550
23968.162059783936,2542
23969.169855117798,2502
23970.158576965332,2514
23971.156120300293,2486
23972.153425216675,2452
23973.150491714478,2450
23974.14994239807,2506
23975.14533996582,2502
23976.15098953247,2514
23977.141618728638,2518
23978.137493133545,2522
23979.134798049927,2506
23980.13186454773,2454
23981.12916946411,2498
23982.126712799072,2494
23983.123779296875,2442
23984.121084213257,2476
23985.118865966797,2478
23986.1159324646,2462
23987.11323738098,2470
23988.11101913452,2510
23989.139080047607,2534
23990.137100219727,2526
23991.130590438843,2506
23992.127656936646,2538
23993.12472343445,2518
23994.12226676941,2500
23995.121240615845,2510
23996.116638183594,2462
23997.114896774292,2442
23998.111486434937,2494
23999.11069869995,2536
24000.107049942017,2554
24001.076221466064,2544
24002.106189727783,2542
24003.098249435425,2578
24004.085063934326,2576
24005.064249038696,2554
24006.063222885132,2576
24008.2266330719,2506
24008.2266330719,2510
24009.55891609192,2542
24010.55884361267,2534
24011.568069458008,2506
24012.5675201416,2526
24013.56554031372,2522
24014.562606811523,2542
24015.559673309326,2558
24016.55650138855,2536
24017.55452156067,2500
24018.551111221313,2518
24019.548654556274,2500
24020.545959472656,2470
24021.543502807617,2486
24022.54056930542,2490
24023.5378742218,2474
24024.53589439392,2504
24025.532245635986,2526
24026.530504226685,2510
24027.527570724487,2522
24028.52463722229,2546
24029.521942138672,2516
24030.519247055054,2518
24031.517028808594,2514
24032.514810562134,2506
24033.511638641357,2508
24034.53254699707,2534
24035.50624847412,2520
24036.505460739136,2534
24037.5018119812,2522
24038.498878479004,2542
24039.496183395386,2554
24040.493726730347,2552
24041.491746902466,2490
24042.489051818848,2490
24043.48635673523,2518
24044.48366165161,2544
24045.481204986572,2516
24046.478271484375,2510
24047.504901885986,2522
24048.500776290894,2550
24049.47066307068,2542
24050.495624542236,2534
24051.492929458618,2526
24052.491426467896,2520
24053.486347198486,2502
24054.484128952026,2494
24055.48119544983,2506
24056.44989013672,2500
24057.448863983154,2502
24058.473348617554,2510
24059.470415115356,2540
24060.46772003174,2558
24061.464071273804,2606
24062.46304512024,2542
24063.46297264099,2546
24064.456939697266,2508
24065.425872802734,2510
24066.423416137695,2506
24067.45743751526,2506
24068.446159362793,2480
24069.443941116333,2502
24070.441484451294,2518
24071.438312530518,2514
24072.43585586548,2578
24073.43363761902,2554
24074.430465698242,2542
24075.400829315186,2578
24076.42436027527,2518
24077.42166519165,2462
24078.392267227173,2484
24079.418182373047,2490
24080.413341522217,2478
24081.4106464386,2484
24082.418203353882,2510
24083.405017852783,2482
24084.402322769165,2510
24085.399866104126,2582
24086.39907836914,2608
24087.40234375,2526
24088.39178085327,2516
24089.389085769653,2518
24090.386629104614,2518
24091.384172439575,2534
24092.3810005188,2498
24093.379020690918,2458
24094.34962272644,2482
24095.357656478882,2538
24096.345901489258,2546
24097.3699092865,2556
24098.368644714355,2526
24099.336862564087,2546
24100.36015510559,2534
24101.359367370605,2570
24102.35571861267,2482
24103.352785110474,2520
24104.349851608276,2490
24105.348110198975,2486
24106.346607208252,2504
24107.341527938843,2506
24108.34002494812,2528
24109.33756828308,2502
24110.33344268799,2534
24111.33122444153,2522
24112.32852935791,2522
24113.327264785767,2534
24114.32433128357,2522
24115.2925491333,2518
24116.317749023438,2518
24117.31505393982,2538
24118.313550949097,2514
24119.31085586548,2544
24120.30863761902,2542
24121.304273605347,2542
24122.304677963257,2518
24123.29912185669,2522
24124.269723892212,2574
24125.268936157227,2510
24126.265287399292,2502
24127.26140022278,2542
24128.286361694336,2514
24129.28318977356,2510
24130.280256271362,2572
24131.277799606323,2522
24132.274627685547,2546
24133.27193260193,2538
24134.26923751831,2522
24135.267972946167,2534
24136.264085769653,2550
24137.261152267456,2534
24138.258695602417,2474
24139.25576210022,2526
24140.254735946655,2574
24141.2410736084,2546
24142.22025871277,2538
24143.219470977783,2542
24144.273042678833,2542
24145.214796066284,2552
24146.24261856079,2578
24147.235870361328,2550
24148.23317527771,2574
24149.23119544983,2526
24150.228261947632,2510
24151.225090026855,2524
24152.222633361816,2546
24153.21969985962,2526
24154.21724319458,2520
24155.215740203857,2542
24156.185150146484,2576
24157.18126296997,2550
24158.206701278687,2534
24159.204959869385,2542
24160.202741622925,2548
24161.17024421692,2500
24162.17851638794,2482
24163.167238235474,2506
24164.191484451294,2454
24165.189504623413,2480
24166.187047958374,2526
24167.19913482666,2538
24168.181657791138,2542
24169.17872428894,2576
24170.175790786743,2596
24171.14496231079,2538
24172.141790390015,2516
24173.138856887817,2542
24174.140453338623,2502
24175.13370513916,2502
24176.1314868927,2524
24177.128314971924,2510
24178.125619888306,2534
24179.12268638611,2538
24180.12022972107,2526
24181.11753463745,2582
24182.114839553833,2582
24183.112144470215,2542
24184.109687805176,2522
24185.10675430298,2550
24186.102867126465,2512
24187.099933624268,2470
24188.09700012207,2476
24189.09454345703,2528
24190.091848373413,2492
24191.089153289795,2486
24192.086696624756,2504
24193.084239959717,2522
24194.08130645752,2570
24195.0786113739,2534
24196.076154708862,2520
24197.073221206665,2510
24198.070526123047,2480
24199.068069458008,2494
24200.06537437439,2470
24201.062440872192,2476
24202.06356048584,2474
24203.059196472168,2474
24204.05673980713,2490
24205.05380630493,2522
24206.051111221313,2518
24207.048654556274,2510
24208.045959472656,2508
24209.043264389038,2502
24210.04056930542,2490
24211.036443710327,2490
24212.03327178955,2490
24213.030338287354,2476
24214.027881622314,2486
24215.025186538696,2464
24216.022491455078,2474
24217.01979637146,2522
24218.02067756653,2554
24219.016551971436,2506
24220.01361846924,2492
24221.01068496704,2482
24222.00870513916,2518
24223.00672531128,2552
24224.003076553345,2536
24225.000619888306,2524
24225.997924804688,2550
24226.99499130249,2550
24227.992296218872,2578
24228.989601135254,2582
24229.986906051636,2534
24230.984210968018,2526
24231.98127746582,2538
24232.977390289307,2584
24233.97469520569,2572
24234.97176170349,2526
24235.969066619873,2510
24236.966371536255,2534
24237.963914871216,2534
24238.961219787598,2552
24240.96441268921,2574
24240.96441268921,2510
24241.953372955322,2518
24242.950439453125,2506
24243.947744369507,2582
24244.945287704468,2508
24245.94259262085,2510
24246.93989753723,2514
24248.936414718628,2522
24249.934196472168,2524
24250.932216644287,2542
24251.92880630493,2570
24252.957344055176,2552
24252.957344055176,2542
24254.92024421692,2580
24254.92024421692,2550
24256.916284561157,2518
24257.914066314697,2510
24258.938312530518,2512
24259.9356174469,2520
24260.93339920044,2490
24260.93339920044,2518
24261.930227279663,2550
24263.89503479004,2534
24264.893770217896,2542
24265.891790390015,2524
24266.8879032135,2550
24267.885446548462,2542
24268.882274627686,2550
24269.879579544067,2504
24270.87712287903,2460
24271.87418937683,2494
24272.871494293213,2492
24273.869037628174,2510
24274.89471435547,2510
24275.892972946167,2510
24276.89242362976,2526
24277.886867523193,2544
24278.888940811157,2558
24279.89172935486,2578
24280.850648880005,2558
24281.84723854065,2514
24282.84502029419,2518
24283.84256362915,2522
24284.839630126953,2510
24285.836935043335,2490
24286.834716796875,2486
24287.83130645752,2506
24288.828372955322,2534
24289.825916290283,2546
24290.825366973877,2522
24291.821002960205,2522
24292.818069458008,2538
24293.81537437439,2506
24294.826984405518,2502
24295.811653137207,2512
24296.810626983643,2520
24297.80387878418,2514
24298.80118370056,2486
24299.798488616943,2514
24300.796031951904,2506
24301.793336868286,2538
24302.79040336609,2514
24303.78818511963,2550
24304.78525161743,2546
24305.782556533813,2522
24306.779861450195,2510
24307.777404785156,2514
24308.77447128296,2504
24309.80157852173,2466
24310.76955795288,2518
24311.768293380737,2546
24312.76512145996,2524
24313.762187957764,2522
24314.759731292725,2542
24315.757036209106,2526
24316.754817962646,2550
24317.75164604187,2534
24318.748950958252,2536
24319.746017456055,2506
24320.743560791016,2518
24321.74062728882,2522
24322.7379322052,2538
24323.734998703003,2520
24324.733018875122,2502
24325.729370117188,2532
24326.72643661499,2572
24327.723741531372,2556
24328.721046447754,2526
24329.718589782715,2504
24330.715656280518,2518
24331.7129611969,2542
24332.71050453186,2534
24333.707571029663,2510
24334.704875946045,2510
24335.702657699585,2550
24336.699724197388,2534
24337.69702911377,2572
24338.69433403015,2534
24339.69235420227,2526
24340.6982421875,2526
24341.694116592407,2516
24342.686891555786,2514
24343.68371963501,2502
24344.68126296997,2478
24345.678091049194,2470
24346.675395965576,2542
24347.672939300537,2580
24348.67024421692,2522
24349.6675491333,2544
24350.664854049683,2522
24351.662397384644,2514
24352.659463882446,2516
24353.656768798828,2502
24354.65383529663,2478
24355.651140213013,2450
24356.648206710815,2490
24357.645273208618,2506
24358.64281654358,2506
24359.64012145996,2518
24360.637187957764,2556
24361.635208129883,2538
24362.632274627686,2578
24363.62934112549,2522
24364.62664604187,2480
24365.62418937683,2510
24366.62197113037,2518
24367.618799209595,2514
24368.616104125977,2502
24369.61340904236,2490
24370.61071395874,2538
24371.62208557129,2546
24372.60389328003,2570
24373.60167503357,2602
24374.598741531372,2550
24375.596046447754,2542
24376.593351364136,2542
24377.590656280518,2542
24378.5879611969,2522
24379.58526611328,2482
24380.582571029663,2490
24381.579875946045,2510
24382.577180862427,2534
24383.57448577881,2522
24384.57202911377,2554
24385.569095611572,2574
24386.566400527954,2570
24387.56561279297,2574
24388.590335845947,2542
24389.58787918091,2546
24390.585899353027,2522
24391.582489013672,2514
24392.579317092896,2534
24393.57614517212,2486
24394.577503204346,2512
24395.572185516357,2544
24396.567583084106,2544
24397.566318511963,2558
24398.563146591187,2558
24399.55997467041,2510
24400.56276321411,2526
24401.542901992798,2578
24402.52661705017,2536
24403.523445129395,2504
24404.51979637146,2518
24405.516862869263,2478
24406.514167785645,2512
24407.512187957764,2538
24408.50877761841,2538
24409.50632095337,2488
24410.503387451172,2506
24411.500692367554,2542
24412.498235702515,2524
24413.495302200317,2522
24414.4926071167,2538
24415.49062728882,2510
24416.487455368042,2446
24417.484760284424,2542
24418.482542037964,2554
24419.479608535767,2554
24420.477151870728,2526
24421.47445678711,2544
24422.47176170349,2538
24423.469066619873,2560
24424.466371536255,2546
24425.464630126953,2522
24426.461458206177,2494
24427.45876312256,2506
24428.45630645752,2534
24429.453372955322,2518
24430.450677871704,2526
24431.46300315857,2538
24432.45768547058,2526
24433.44473838806,2540
24434.440851211548,2502
24435.43815612793,2518
24436.43546104431,2506
24437.432765960693,2542
24438.430309295654,2510
24439.427375793457,2534
24440.42468070984,2518
24441.42246246338,2536
24442.42000579834,2552
24443.416595458984,2516
24444.413900375366,2514
24445.410013198853,2546
24446.407318115234,2554
24447.404146194458,2578
24448.40121269226,2542
24449.398517608643,2502
24450.396060943604,2514
24451.393127441406,2516
24452.390432357788,2526
24453.38773727417,2538
24454.38528060913,2510
24455.382585525513,2510
24456.379652023315,2550
24457.38673210144,2556
24458.37450027466,2546
24459.37180519104,2554
24460.369110107422,2514
24461.366653442383,2512
24462.373971939087,2486
24463.361263275146,2520
24464.358806610107,2486
24465.35611152649,2478
24466.35341644287,2508
24467.350721359253,2514
24468.348026275635,2538
24469.345331192017,2550
24470.34239768982,2574
24471.33994102478,2578
24472.337245941162,2546
24473.334550857544,2526
24474.331855773926,2546
24475.329160690308,2478
24476.32646560669,2506
24477.32377052307,2512
24478.320837020874,2474
24479.318380355835,2490
24480.31759262085,2580
24481.343746185303,2540
24482.340335845947,2516
24483.33716392517,2534
24484.33494567871,2576
24485.33296585083,2570
24486.300468444824,2510
24487.327337265015,2516
24488.32368850708,2498
24489.328145980835,2478
24490.318536758423,2474
24491.31727218628,2546
24492.314100265503,2518
24493.293523788452,2506
24494.279623031616,2554
24495.27668952942,2542
24496.274948120117,2554
24497.272491455078,2544
24498.269081115723,2554
24499.266862869263,2514
24500.263690948486,2494
24501.26075744629,2514
24502.25830078125,2480
24503.255605697632,2488
24504.253149032593,2522
24505.250215530396,2550
24506.248950958252,2568
24507.245302200317,2570
24508.24213027954,2550
24509.23991203308,2526
24510.237216949463,2536
24511.27004623413,2526
24512.26019859314,2526
24513.2577419281,2518
24514.254331588745,2534
24515.252113342285,2494
24516.249656677246,2486
24517.24648475647,2522
24518.24426651001,2550
24519.241333007812,2494
24520.238876342773,2514
24521.235704421997,2524
24522.233724594116,2522
24523.213624954224,2550
24524.19924736023,2522
24525.197982788086,2494
24526.196479797363,2504
24527.19211578369,2550
24528.188943862915,2546
24529.186248779297,2538
24530.183792114258,2522
24531.18085861206,2544
24532.17840194702,2570
24533.17666053772,2514
24534.173250198364,2506
24535.170316696167,2534
24536.168813705444,2526
24537.16540336609,2522
24538.190364837646,2516
24539.18719291687,2554
24540.18521308899,2544
24541.182279586792,2558
24542.180061340332,2608
24543.177366256714,2538
24544.174671173096,2502
24545.14503479004,2500
24546.1688041687,2514
24547.16992378235,2522
24548.163414001465,2494
24549.13377761841,2478
24550.158500671387,2478
24551.161766052246,2546
24552.15358734131,2552
24553.123474121094,2602
24554.118871688843,2546
24555.11784553528,2518
24556.116104125977,2578
24557.112216949463,2558
24558.109521865845,2510
24559.10634994507,2478
24560.10389328003,2474
24561.10119819641,2506
24562.098264694214,2522
24563.095331192017,2490
24564.093351364136,2538
24565.09017944336,2554
24566.087007522583,2546
24567.083835601807,2576
24568.08090209961,2572
24569.07820701599,2510
24570.075750350952,2486
24571.073055267334,2490
24572.070360183716,2486
24573.07004928589,2480
24574.07832145691,2458
24575.064420700073,2538
24576.061964035034,2510
24577.058792114258,2552
24578.05609703064,2572
24579.05340194702,2602
24580.050706863403,2590
24581.048011779785,2526
24582.045555114746,2500
24583.043336868286,2492
24584.038972854614,2478
24585.036039352417,2502
24586.03310585022,2504
24587.03064918518,2506
24588.027954101562,2538
24589.025735855103,2534
24590.05570411682,2542
24591.05658531189,2554
24592.05436706543,2606
24593.044996261597,2526
24594.04182434082,2498
24595.009803771973,2534
24596.036672592163,2522
24597.033262252808,2488
24598.03009033203,2494
24599.030017852783,2518
24600.024938583374,2494
24601.022243499756,2542
24602.020502090454,2550
24603.0170917511,2544
24604.00104522705,2524
24605.010747909546,2518
24606.009483337402,2558
24607.00511932373,2534
24608.00290107727,2504
24609.00068283081,2494
24609.997272491455,2522
24610.994577407837,2582
24612.961530685425,2518
24613.980054855347,2514
24614.972352981567,2512
24614.972352981567,2518
24615.95368385315,2582
24616.951942443848,2590
24617.94900894165,2514
24618.946313858032,2466
24619.943618774414,2514
24620.940685272217,2550
24621.938228607178,2542
24623.93283843994,2630
24623.93283843994,2510
24625.927448272705,2504
24625.927448272705,2550
24626.924514770508,2590
24627.922296524048,2538
24629.91690635681,2478
24630.913496017456,2510
24631.911039352417,2510
24632.908821105957,2522
24633.90612602234,2520
24634.90343093872,2532
24635.900735855103,2502
24636.898040771484,2546
24637.895584106445,2574
24638.89241218567,2600
24639.88995552063,2526
24640.88749885559,2518
24641.884565353394,2518
24642.881870269775,2514
24643.878698349,2486
24644.877910614014,2506
24645.99895477295,2486
24646.870851516724,2494
24647.43185043335,2550
24648.37408065796,2578
24649.529218673706,2558
24650.52556991577,2554
24651.52335166931,2542
24652.520179748535,2558
24653.517246246338,2506
24654.5147895813,2478
24655.51209449768,2470
24656.519412994385,2490
24657.50741958618,2502
24658.504247665405,2494
24659.501552581787,2518
24660.499095916748,2534
24661.49640083313,2546
24662.493467330933,2570
24663.490772247314,2598
24664.488554000854,2546
24665.485858917236,2542
24666.483163833618,2536
24667.48070716858,2512
24668.477296829224,2478
24669.475078582764,2514
24670.471906661987,2524
24671.47660255432,2556
24672.46651649475,2526
24673.46477508545,2516
24674.46255683899,2522
24675.460815429688,2578
24676.456928253174,2594
24677.454233169556,2546
24678.45106124878,2518
24679.4490814209,2478
24680.445671081543,2486
24681.443691253662,2494
24682.440757751465,2524
24683.438062667847,2468
24684.43536758423,2510
24685.43243408203,2526
24686.43093109131,2578
24687.427043914795,2590
24688.424348831177,2574
24689.422130584717,2544
24690.41895866394,2506
24691.42436981201,2506
24692.41428375244,2486
24693.411350250244,2502
24694.408655166626,2486
24695.406913757324,2522
24696.403980255127,2536
24697.40080833435,2578
24698.397636413574,2582
24699.395656585693,2532
24700.392484664917,2538
24701.3897895813,2572
24702.387809753418,2506
24703.38463783264,2490
24704.382181167603,2536
24705.379009246826,2506
24706.37798309326,2498
24707.374572753906,2490
24708.37140083313,2518
24709.36894416809,2534
24710.365772247314,2550
24711.363315582275,2526
24712.3601436615,2526
24713.35744857788,2522
24714.35523033142,2488
24715.35348892212,2510
24716.349840164185,2502
24717.347621917725,2512
24718.34421157837,2516
24719.34199333191,2518
24720.339059829712,2556
24721.336841583252,2602
24722.333669662476,2550
24723.33002090454,2536
24724.327564239502,2522
24725.324392318726,2526
24726.321935653687,2514
24727.34785079956,2504
24728.34610939026,2494
24729.342699050903,2504
24730.340003967285,2492
24731.327772140503,2520
24732.316970825195,2558
24733.303785324097,2576
24734.302759170532,2534
24735.299348831177,2548
24736.297130584717,2520
24737.29395866394,2510
24738.291025161743,2482
24739.288806915283,2544
24740.285396575928,2540
24741.283416748047,2484
24742.28024482727,2516
24743.277549743652,2550
24744.275331497192,2582
24745.272397994995,2576
24746.269941329956,2582
24747.267484664917,2520
24748.26431274414,2542
24749.26209449768,2520
24750.258684158325,2494
24751.256227493286,2514
24752.253532409668,2574
24753.25059890747,2514
24754.24814224243,2540
24755.245447158813,2544
24756.24370574951,2542
24757.240533828735,2522
24758.237838745117,2584
24759.23490524292,2590
24760.231971740723,2586
24761.229276657104,2526
24762.226343154907,2484
24763.224363327026,2474
24764.221906661987,2514
24765.21897315979,2500
24766.21675491333,2524
24767.213821411133,2542
24768.210649490356,2538
24769.208431243896,2546
24770.20525932312,2570
24771.20280265808,2554
24772.200107574463,2540
24773.197650909424,2504
24774.194955825806,2518
24775.19202232361,2532
24776.190042495728,2490
24777.18734741211,2484
24778.183698654175,2522
24779.181718826294,2536
24780.178546905518,2538
24781.1758518219,2546
24782.17315673828,2548
24783.17093849182,2514
24784.168004989624,2546
24785.165309906006,2550
24786.163330078125,2494
24787.160396575928,2512
24788.15722465515,2482
24789.154767990112,2520
24790.151834487915,2528
24791.149854660034,2558
24792.147397994995,2512
24793.147563934326,2512
24794.1415309906,2542
24795.138597488403,2526
24796.13733291626,2546
24797.133922576904,2522
24798.13051223755,2514
24799.127340316772,2502
24800.12559890747,2512
24801.122426986694,2538
24802.119731903076,2466
24803.117513656616,2464
24804.114818572998,2494
24805.1118850708,2540
24806.10990524292,2534
24807.106971740723,2514
24808.104276657104,2514
24809.101581573486,2512
24810.09840965271,2500
24811.09619140625,2508
24812.093257904053,2490
24813.090324401855,2500
24814.088344573975,2506
24815.086126327515,2538
24816.101789474487,2516
24817.081451416016,2474
24818.07827949524,2474
24819.074869155884,2506
24820.072174072266,2550
24821.069955825806,2486
24822.06702232361,2484
24823.06432723999,2478
24824.060916900635,2486
24825.08611679077,2528
24826.057195663452,2538
24827.05283164978,2504
24828.05037498474,2514
24829.04863357544,2526
24830.04593849182,2536
24831.042766571045,2514
24832.040071487427,2500
24833.038091659546,2482
24834.03468132019,2504
24835.03293991089,2524
24836.03000640869,2542
24837.027311325073,2492
24838.024139404297,2514
24839.022159576416,2552
24840.01898765564,2606
24842.013120651245,2608
24843.010902404785,2558
24844.007968902588,2538
24844.007968902588,2542
24845.00527381897,2548
24847.012042999268,2584
24847.997188568115,2526
24848.995447158813,2490
24848.995447158813,2528
24849.99179840088,2552
24850.98886489868,2578
24851.985692977905,2596
24852.982997894287,2612
24853.980541229248,2502
24854.97784614563,2534
24855.97538948059,2538
24856.982946395874,2618
24858.967542648315,2510
24858.967542648315,2520
24859.965085983276,2510
24860.9619140625,2538
24861.959218978882,2550
24862.956762313843,2550
24863.954067230225,2582
24864.951610565186,2552
24865.94867706299,2538
24866.94574356079,2574
24867.943286895752,2574
24868.940353393555,2504
24869.937658309937,2514
24870.935201644897,2472
24871.93250656128,2474
24872.92981147766,2478
24873.926877975464,2518
24874.924421310425,2542
24875.921964645386,2524
24876.91903114319,2542
24877.91657447815,2550
24878.91387939453,2560
24880.173206329346,2610
24881.20746612549,2542
24882.235288619995,2522
24883.233308792114,2480
24884.230852127075,2510
24885.22696495056,2544
24886.22546195984,2522
24887.22538948059,2520
24888.19193840027,2526
24889.18948173523,2538
24890.18702507019,2574
24891.183614730835,2560
24892.18044281006,2542
24893.17798614502,2536
24894.17576789856,2598
24895.172595977783,2570
24896.17085456848,2512
24897.167682647705,2542
24898.164987564087,2520
24899.162530899048,2526
24900.159120559692,2478
24901.156663894653,2518
24902.153730392456,2492
24903.151273727417,2480
24904.148817062378,2524
24905.14588356018,2526
24906.14342689514,2514
24907.140970230103,2496
24908.138513565063,2538
24909.135341644287,2510
24910.13264656067,2538
24911.130666732788,2554
24912.127017974854,2542
24913.124561309814,2490
24914.121866226196,2506
24915.119409561157,2542
24916.117668151855,2506
24917.1142578125,2512
24918.113231658936,2510
24919.11005973816,2506
24920.106410980225,2516
24921.10323905945,2514
24922.10054397583,2516
24923.097848892212,2534
24924.095630645752,2510
24925.092697143555,2522
24926.090240478516,2550
24927.087783813477,2510
24928.08508872986,2504
24929.08215522766,2504
24930.079221725464,2490
24931.076288223267,2480
24932.073831558228,2528
24933.073043823242,2522
24934.06867980957,2522
24935.06622314453,2578
24936.06400489807,2558
24937.060594558716,2580
24938.058614730835,2590
24939.05544281006,2554
24940.05250930786,2516
24941.05076789856,2488
24942.047595977783,2498
24943.044662475586,2520
24944.04172897339,2522
24945.03951072693,2516
24946.036100387573,2490
24947.03435897827,2518
24948.031425476074,2554
24949.028253555298,2584
24950.0253200531,2582
24951.024532318115,2550
24952.02136039734,2504
24953.018188476562,2510
24954.015016555786,2538
24955.012798309326,2510
24956.00938796997,2516
24957.00764656067,2488
24958.00518989563,2514
24959.002256393433,2550
24959.999084472656,2554
24960.996389389038,2582
24961.99369430542,2556
24962.99123764038,2570
24963.988542556763,2574
24964.986085891724,2534
24965.983629226685,2486
24966.980934143066,2538
24967.97823905945,2512
24968.975067138672,2502
24969.972848892212,2514
24970.969915390015,2502
24971.966981887817,2500
24972.965002059937,2528
24973.96183013916,2552
24974.9596118927,2574
24975.956678390503,2514
24976.954460144043,2528
24978.94835472107,2546
24978.94835472107,2550
24980.942726135254,2526
24981.940984725952,2510
24981.940984725952,2486
24982.93924331665,2524
24983.935594558716,2534
24985.9299659729,2544
24985.9299659729,2546
24987.925052642822,2518
24987.925052642822,2512
24988.921642303467,2548
24990.91672897339,2538
24991.91403388977,2550
24992.911100387573,2534
24993.908166885376,2490
24994.906187057495,2518
24995.90301513672,2510
24996.901273727417,2510
24997.89810180664,2550
24998.895168304443,2522
24999.892711639404,2554
25000.890016555786,2550
25001.887321472168,2522
25002.88438796997,2528
25003.883123397827,2526
25004.88018989563,2544
25005.876064300537,2554
25006.874322891235,2574
25007.871866226196,2492
25008.86869430542,2520
25009.865283966064,2554
25010.86401939392,2576
25011.860847473145,2548
25012.858152389526,2514
25013.85498046875,2512
25014.85300064087,2514
25015.86365699768,2494
25016.847610473633,2526
25017.844676971436,2538
25018.84174346924,2534
25019.841194152832,2528
25020.838499069214,2554
25021.8346118927,2582
25022.831201553345,2570
25023.828506469727,2542
25024.826526641846,2550
25025.82287788391,2538
25026.82113647461,2518
25027.84752845764,2518
25028.844118118286,2522
25029.84070777893,2502
25030.83848953247,2550
25031.835556030273,2522
25032.833337783813,2558
25033.830404281616,2576
25034.826517105103,2542
25035.823583602905,2522
25036.82231903076,2518
25037.818670272827,2514
25038.81573677063,2506
25039.78681564331,2488
25040.78698158264,2474
25041.78547859192,2494
25042.77753829956,2504
25043.7753200531,2510
25044.772624969482,2574
25045.769929885864,2550
25046.767234802246,2526
25047.764778137207,2544
25048.76136779785,2558
25049.75938796997,2580
25050.756692886353,2494
25051.753759384155,2482
25052.751779556274,2522
25053.748846054077,2500
25054.74615097046,2548
25055.74345588684,2546
25056.7409992218,2526
25057.73973464966,2542
25058.73680114746,2552
25059.734106063843,2582
25060.731172561646,2552
25061.728477478027,2542
25062.72602081299,2506
25063.72332572937,2518
25064.720392227173,2470
25065.74773788452,2486
25066.742181777954,2472
25067.7227973938,2486
25068.7255859375,2558
25069.706439971924,2542
25070.703744888306,2576
25071.70057296753,2588
25072.69787788391,2590
25073.695182800293,2526
25074.69344139099,2550
25075.690031051636,2534
25076.687574386597,2518
25077.685117721558,2512
25078.681707382202,2518
25079.679012298584,2556
25080.676317214966,2552
25081.674098968506,2520
25082.671642303467,2538
25083.66870880127,2578
25084.66625213623,2572
25085.663080215454,2510
25086.660861968994,2502
25087.658405303955,2514
25088.65523338318,2518
25089.65253829956,2548
25090.649604797363,2552
25091.64810180664,2486
25092.644453048706,2514
25093.641996383667,2554
25094.63930130005,2574
25095.63636779785,2580
25096.63414955139,2574
25097.631454467773,2526
25098.62780570984,2550
25099.626064300537,2576
25100.62265396118,2578
25101.620197296143,2554
25102.617502212524,2542
25103.614807128906,2574
25104.612350463867,2600
25105.610132217407,2570
25106.60719871521,2554
25107.60450363159,2538
25108.601331710815,2522
25109.598875045776,2554
25110.59617996216,2506
25111.5939617157,2482
25112.59150505066,2542
25113.588571548462,2546
25114.585876464844,2492
25115.583658218384,2514
25116.580724716187,2526
25117.57802963257,2510
25118.57557296753,2512
25119.57287788391,2516
25120.570182800293,2514
25121.567249298096,2494
25122.565031051636,2490
25123.56209754944,2526
25124.5596408844,2538
25125.55694580078,2514
25126.55472755432,2514
25127.5794506073,2574
25128.562688827515,2540
25129.546403884888,2546
25130.54323196411,2548
25131.540298461914,2542
25132.53879547119,2538
25133.535385131836,2522
25134.532690048218,2506
25135.529279708862,2466
25136.52777671814,2502
25137.52508163452,2486
25138.521671295166,2490
25139.519214630127,2542
25140.51604270935,2554
25141.51430130005,2510
25142.510652542114,2514
25143.508672714233,2576
25144.505739212036,2550
25145.503282546997,2538
25146.50011062622,2460
25147.49789237976,2510
25148.494720458984,2518
25149.492502212524,2506
25150.489330291748,2494
25151.487112045288,2570
25152.48417854309,2526
25153.481483459473,2542
25154.479265213013,2582
25155.476570129395,2610
25156.473398208618,2558
25157.47117996216,2518
25158.46872329712,2554
25159.465551376343,2536
25160.462617874146,2492
25161.459922790527,2512
25162.45746612549,2518
25163.45477104187,2528
25164.45255279541,2578
25165.451526641846,2550
25166.449785232544,2554
25167.446851730347,2550
25168.442726135254,2610
25169.439554214478,2618
25170.4363822937,2558
25171.433925628662,2520
25172.431468963623,2502
25173.45690727234,2516
25174.426317214966,2526
25175.45175552368,2522
25176.45025253296,2494
25177.417993545532,2544
25178.415298461914,2558
25179.413080215454,2570
25180.437803268433,2574
25181.435346603394,2544
25182.409524917603,2510
25183.430194854736,2494
25184.427499771118,2502
25185.425519943237,2492
25186.422109603882,2508
25187.419652938843,2462
25188.416957855225,2488
25189.414024353027,2572
25190.41132926941,2574
25191.40863418579,2510
25192.406177520752,2522
25193.403720855713,2538
25194.400787353516,2536
25195.388793945312,2510
25196.36845588684,2522
25197.394371032715,2500
25198.389768600464,2502
25199.38898086548,2510
25200.385332107544,2534
25201.382398605347,2536
25202.38471031189,2474
25203.35841178894,2486
25204.374074935913,2516
25205.34348487854,2490
25206.340551376343,2490
25207.366943359375,2480
25208.3637714386,2470
25209.360599517822,2502
25210.358381271362,2550
25211.35640144348,2550
25212.352991104126,2546
25213.35005760193,2594
25214.34783935547,2578
25215.34752845764,2534
25216.341972351074,2550
25217.339754104614,2576
25218.338012695312,2544
25219.306468963623,2514
25220.333337783813,2502
25221.32897377014,2518
25222.326040267944,2524
25223.331451416016,2586
25224.29347038269,2586
25225.289344787598,2606
25226.289749145508,2554
25227.286100387573,2552
25228.311777114868,2554
25229.308128356934,2512
25230.305194854736,2490
25231.303691864014,2484
25232.305765151978,2482
25233.296871185303,2474
25234.294176101685,2514
25235.291957855225,2550
25236.289262771606,2554
25237.285137176514,2546
25238.282203674316,2570
25239.279747009277,2614
25240.277528762817,2522
25241.274118423462,2556
25242.271900177002,2546
25243.26992034912,2494
25244.266510009766,2472
25245.26357650757,2502
25246.262311935425,2532
25247.257232666016,2584
25248.255014419556,2540
25249.2253780365,2558
25250.251293182373,2582
25251.248598098755,2622
25252.246141433716,2554
25253.24320793152,2502
25254.241228103638,2504
25255.20920753479,2452
25256.174325942993,2458
25257.209062576294,2480
25258.209943771362,2482
25259.236097335815,2502
25260.230779647827,2518
25261.23070716858,2546
25262.22586631775,2546
25263.224363327026,2584
25264.22166824341,2522
25265.19012451172,2514
25266.1874294281,2534
25267.184495925903,2514
25268.181800842285,2502
25269.179105758667,2478
25270.176649093628,2490
25271.17371559143,2526
25272.171020507812,2538
25273.168325424194,2546
25274.16682243347,2510
25275.163173675537,2490
25276.16047859192,2502
25277.15802192688,2538
25278.155088424683,2514
25279.152154922485,2478
25280.149459838867,2524
25281.14891052246,2502
25282.17339515686,2484
25283.17141532898,2506
25284.175395965576,2590
25285.16721725464,2524
25286.13591194153,2482
25287.13297843933,2542
25288.129329681396,2574
25289.12663459778,2584
25290.12393951416,2534
25291.12195968628,2522
25292.118549346924,2522
25293.116331100464,2518
25294.113636016846,2542
25295.11046409607,2558
25296.10824584961,2538
25297.10602760315,2538
25298.103094100952,2558
25299.102783203125,2518
25300.097227096558,2578
25301.095008850098,2538
25302.09183692932,2492
25303.089141845703,2484
25304.086685180664,2540
25305.084466934204,2540
25306.082010269165,2534
25307.079315185547,2556
25308.07590484619,2558
25309.07368659973,2558
25310.070514678955,2548
25311.068058013916,2554
25312.065362930298,2554
25313.06266784668,2534
25314.059734344482,2522
25315.057516098022,2546
25316.0560131073,2554
25317.05331802368,2550
25318.050146102905,2570
25319.04697418213,2540
25320.04404067993,2546
25321.041107177734,2546
25322.038650512695,2556
25323.035955429077,2538
25324.050188064575,2482
25325.031518936157,2446
25326.02858543396,2454
25327.02684402466,2482
25328.022718429565,2538
25329.020023345947,2500
25330.01732826233,2468
25331.014394760132,2506
25332.012176513672,2556
25333.009481430054,2570
25334.006547927856,2534
25335.00385284424,2550
25336.001873016357,2486
25336.99893951416,2490
25337.99648284912,2510
25338.993549346924,2518
25339.990615844727,2458
25340.989351272583,2454
25341.98570251465,2494
25342.98324584961,2542
25343.980073928833,2546
25344.977617263794,2570
25346.97461128235,2548
25346.97461128235,2506
25347.96977043152,2494
25348.966360092163,2534
25349.96461868286,2548
25350.961208343506,2518
25351.958751678467,2470
25352.95605659485,2504
25353.95312309265,2542
25354.95090484619,2514
25355.947494506836,2534
25356.945753097534,2546
25357.942819595337,2570
25358.940362930298,2550
25359.9374294281,2558
25360.934495925903,2586
25362.92839050293,2546
25362.92839050293,2514
25363.925457000732,2544
25364.923000335693,2526
25365.920305252075,2520
25366.917610168457,2546
25367.91491508484,2574
25368.91222000122,2538
25369.909524917603,2598
25371.904134750366,2586
25372.901439666748,2550
25373.912572860718,2558
25374.89652633667,2556
25375.89383125305,2542
25376.890897750854,2522
25377.887964248657,2558
25378.885507583618,2544
25379.8828125,2514
25380.880117416382,2546
25381.877660751343,2552
25382.874965667725,2538
25383.872032165527,2574
25384.86957550049,2550
25385.86688041687,2510
25386.86442375183,2518
25387.861490249634,2514
25388.85998725891,2540
25389.856815338135,2550
25390.853881835938,2516
25391.85094833374,2510
25392.848253250122,2490
25393.845558166504,2514
25394.842863082886,2518
25395.840406417847,2512
25396.837949752808,2550
25397.83501625061,2502
25398.832082748413,2478
25399.829626083374,2522
25400.826930999756,2534
25401.824235916138,2542
25402.82154083252,2518
25403.823614120483,2538
25404.81686592102,2512
25405.81488609314,2538
25406.813859939575,2548
25407.81021118164,2526
25408.807277679443,2526
25409.804582595825,2518
25410.801649093628,2508
25411.79919242859,2542
25412.79649734497,2540
25413.793802261353,2554
25414.791107177734,2558
25415.789127349854,2578
25416.785717010498,2590
25417.78302192688,2584
25418.78056526184,2578
25419.7781085968,2550
25420.77612876892,2518
25421.772480010986,2550
25422.770023345947,2542
25423.76732826233,2574
25424.764394760132,2570
25425.761938095093,2570
25426.759481430054,2574
25427.756309509277,2608
25428.754091262817,2614
25429.75115776062,2598
25430.748462677002,2586
25431.745767593384,2544
25432.743310928345,2542
25433.740854263306,2500
25434.749841690063,2452
25435.734272003174,2450
25436.7618560791,2422
25437.758684158325,2456
25438.756227493286,2490
25439.753770828247,2484
25440.76371192932,2474
25441.747903823853,2506
25442.745685577393,2568
25443.74132156372,2526
25444.73886489868,2490
25445.740938186646,2480
25446.733713150024,2474
25447.737216949463,2498
25448.72808456421,2514
25449.697017669678,2502
25450.72317123413,2456
25451.720237731934,2492
25452.717781066895,2574
25453.715324401855,2586
25454.71215248108,2576
25455.713510513306,2536
25456.709623336792,2500
25457.704305648804,2502
25458.701372146606,2500
25459.69867706299,2480
25460.696697235107,2458
25461.69376373291,2470
25462.693214416504,2502
25463.688850402832,2526
25464.658498764038,2510
25465.656995773315,2524
25466.651916503906,2534
25467.64826774597,2510
25468.645334243774,2570
25469.642877578735,2506
25470.640182495117,2506
25471.6374874115,2488
25472.63503074646,2518
25473.632097244263,2536
25474.629640579224,2518
25475.626945495605,2478
25476.624250411987,2538
25477.62155532837,2602
25478.61886024475,2586
25479.616165161133,2578
25480.613470077515,2548
25481.613397598267,2514
25482.60998725891,2574
25483.607053756714,2594
25484.604358673096,2580
25485.601902008057,2574
25486.599683761597,2570
25487.59627342224,2602
25488.59405517578,2580
25489.591121673584,2554
25490.588426589966,2558
25491.584539413452,2582
25492.581367492676,2578
25493.578910827637,2506
25494.57812309265,2516
25495.574235916138,2510
25496.572017669678,2546
25497.568368911743,2546
25498.565673828125,2538
25499.562978744507,2542
25500.56028366089,2486
25501.55758857727,2514
25502.554893493652,2552
25503.551959991455,2522
25504.549503326416,2502
25505.546808242798,2454
25506.54411315918,2468
25507.54165649414,2502
25508.538722991943,2534
25509.536027908325,2526
25510.533332824707,2492
25511.530876159668,2502
25512.52818107605,2518
25513.52548599243,2542
25514.522790908813,2538
25515.520334243774,2518
25516.517639160156,2478
25517.52519607544,2480
25518.51224899292,2486
25519.51003074646,2486
25520.506858825684,2488
25521.504163742065,2500
25522.501468658447,2490
25523.49877357483,2550
25524.49607849121,2538
25525.49386024475,2526
25526.491165161133,2538
25527.488231658936,2546
25528.485774993896,2552
25529.4828414917,2506
25530.48014640808,2486
25531.477451324463,2540
25532.474994659424,2536
25533.472061157227,2506
25534.46936607361,2542
25535.46690940857,2552
25536.46421432495,2576
25537.461519241333,2586
25538.458585739136,2598
25539.456129074097,2546
25540.45343399048,2518
25541.45073890686,2526
25542.44828224182,2584
25543.473958969116,2526
25544.47078704834,2480
25545.4683303833,2490
25546.466827392578,2518
25547.462463378906,2594
25548.460483551025,2582
25549.458026885986,2526
25550.455331802368,2518
25551.454782485962,2546
25552.449941635132,2526
25553.447484970093,2558
25554.418087005615,2506
25555.413961410522,2450
25556.413888931274,2460
25557.422399520874,2494
25558.406591415405,2504
25559.403896331787,2506
25560.410261154175,2474
25561.398029327393,2506
25562.395334243774,2522
25563.392877578735,2526
25564.390420913696,2522
25565.3874874115,2544
25566.386222839355,2502
25567.38257408142,2542
25568.379402160645,2522
25569.377183914185,2480
25570.374250411987,2478
25571.37155532837,2518
25572.36886024475,2550
25573.366165161133,2520
25574.363946914673,2522
25575.361251831055,2526
25576.359033584595,2526
25577.356576919556,2518
25578.3531665802,2510
25579.35094833374,2486
25580.348014831543,2506
25581.345081329346,2506
25582.34405517578,2510
25583.340406417847,2554
25584.33747291565,2478
25585.333824157715,2606
25586.331605911255,2502
25587.329864501953,2546
25588.326692581177,2514
25589.32399749756,2522
25590.3217792511,2504
25591.31932258606,2522
25592.315912246704,2554
25593.313694000244,2526
25594.310760498047,2552
25595.30806541443,2522
25596.30560874939,2572
25597.30339050293,2602
25598.299741744995,2586
25599.297761917114,2534
25600.294589996338,2546
25601.2921333313,2542
25602.2891998291,2538
25603.286504745483,2502
25604.284286499023,2510
25605.28063774109,2504
25606.27770423889,2520
25607.275009155273,2522
25608.272075653076,2548
25609.269618988037,2538
25610.26692390442,2514
25611.26399040222,2506
25612.261533737183,2504
25613.258838653564,2504
25614.256143569946,2476
25615.254163742065,2490
25616.251230239868,2504
25617.24829673767,2510
25618.245363235474,2546
25619.243144989014,2546
25620.240211486816,2570
25621.2375164032,2582
25622.23482131958,2586
25623.232126235962,2534
25624.229431152344,2542
25625.226736068726,2546
25626.224279403687,2526
25627.22158432007,2518
25628.21865081787,2514
25629.215955734253,2502
25630.213737487793,2540
25631.210803985596,2542
25632.208108901978,2556
25633.20565223694,2544
25634.20295715332,2534
25635.200023651123,2540
25636.198043823242,2526
25637.195110321045,2542
25638.192176818848,2510
25639.18948173523,2470
25640.18678665161,2462
25641.184091567993,2502
25642.181396484375,2514
25643.178701400757,2506
25644.176244735718,2518
25645.17378807068,2514
25646.171808242798,2554
25647.16863632202,2584
25648.165464401245,2554
25649.162769317627,2538
25650.16007423401,2510
25651.15761756897,2528
25652.15492248535,2510
25653.151988983154,2510
25654.149770736694,2522
25655.146837234497,2524
25656.144380569458,2524
25657.14144706726,2546
25658.13899040222,2550
25659.136056900024,2526
25660.133361816406,2538
25661.130905151367,2558
25662.12821006775,2520
25663.12527656555,2518
25664.122581481934,2488
25665.120124816895,2506
25666.117429733276,2486
25667.115688323975,2488
25668.14160346985,2546
25669.13914680481,2516
25670.13692855835,2546
25671.133756637573,2538
25672.130823135376,2550
25673.128128051758,2554
25674.098253250122,2558
25675.12273788452,2506
25676.090955734253,2518
25677.088975906372,2538
25678.114891052246,2538
25679.112195968628,2540
25680.10926246643,2524
25681.10680580139,2538
25682.104110717773,2544
25683.101892471313,2546
25684.099435806274,2532
25685.10413169861,2534
25686.0933303833,2526
25687.09111213684,2554
25688.088417053223,2538
25689.085721969604,2522
25690.083026885986,2508
25691.083908081055,2522
25692.07739830017,2540
25693.07518005371,2550
25694.072008132935,2518
25695.069313049316,2502
25696.067333221436,2538
25697.070837020874,2536
25698.06218147278,2518
25699.03016090393,2514
25700.056076049805,2486
25701.061010360718,2510
25702.050924301147,2524
25703.055381774902,2570
25704.045295715332,2522
25705.04355430603,2514
25706.013202667236,2528
25707.008600234985,2510
25708.0078125,2542
25709.003925323486,2540
25710.001468658447,2514
25710.99877357483,2504
25711.995840072632,2490
25712.993383407593,2474
25713.991165161133,2520
25714.988231658936,2588
25715.986013412476,2554
25716.98260307312,2534
25717.98038482666,2582
25718.977451324463,2550
25719.974756240845,2550
25720.971822738647,2532
25721.96936607361,2524
25722.96667098999,2504
25723.963975906372,2482
25724.961757659912,2508
25725.958347320557,2550
25726.956367492676,2588
25727.95343399048,2556
25728.950262069702,2536
25729.94828224182,2548
25730.945110321045,2554
25731.942415237427,2518
25732.940435409546,2486
25733.93726348877,2500
25735.93235015869,2450
25736.929893493652,2458
25737.926959991455,2504
25737.926959991455,2502
25739.92109298706,2510
25740.91911315918,2536
25741.915941238403,2506
25742.913007736206,2558
25743.910551071167,2582
25744.908094406128,2514
25745.906591415405,2524
25746.901750564575,2510
25747.8985786438,2526
25748.89612197876,2490
25749.89342689514,2490
25750.890731811523,2520
25751.888275146484,2550
25752.885341644287,2556
25753.88264656067,2576
25754.87995147705,2574
25755.87749481201,2586
25756.874799728394,2586
25757.872104644775,2550
25758.869647979736,2554
25759.86671447754,2526
25760.86401939392,2526
25761.861324310303,2546
25762.858867645264,2526
25763.856172561646,2526
25764.85323905945,2526
25765.85078239441,2536
25766.84832572937,2586
25767.845630645752,2570
25768.843173980713,2510
25769.840240478516,2510
25770.837545394897,2514
25771.83485031128,2510
25772.83239364624,2502
25773.829698562622,2486
25774.827003479004,2458
25775.824546813965,2490
25776.821613311768,2514
25777.81891822815,2542
25778.81622314453,2482
25779.813528060913,2488
25780.810832977295,2522
25781.808137893677,2510
25782.80544281006,2538
25783.80274772644,2500
25784.800052642822,2520
25785.797595977783,2482
25786.794900894165,2514
25787.792205810547,2520
25788.78927230835,2540
25789.78657722473,2512
25790.80104827881,2526
25791.784524917603,2550
25792.780876159668,2518
25793.77818107605,2486
25794.77596282959,2494
25795.773029327393,2474
25796.778917312622,2534
25797.768592834473,2574
25798.766374588013,2528
25799.768447875977,2526
25800.75979232788,2550
25801.757097244263,2542
25802.754640579224,2526
25803.751707077026,2504
25804.74901199341,2482
25805.74679374695,2482
25806.74386024475,2516
25807.741403579712,2502
25808.738470077515,2510
25809.735774993896,2510
25810.733318328857,2534
25811.73038482666,2558
25812.72792816162,2598
25813.725233078003,2598
25814.722299575806,2546
25815.720081329346,2578
25816.717624664307,2572
25817.713975906372,2520
25818.711280822754,2510
25819.708824157715,2538
25820.706129074097,2526
25821.70343399048,2570
25822.70073890686,2576
25823.697805404663,2514
25824.694871902466,2570
25825.692892074585,2584
25826.689958572388,2598
25827.68702507019,2608
25828.684329986572,2534
25829.681634902954,2482
25830.679178237915,2486
25831.676483154297,2482
25832.67593383789,2488
25833.672046661377,2466
25835.404872894287,2522
25835.667610168457,2514
25836.6641998291,2546
25837.72897720337,2586
25838.75584602356,2554
25839.84661102295,2548
25840.81983566284,2534
25841.841459274292,2538
25842.83971786499,2510
25843.837022781372,2534
25844.833850860596,2502
25845.832347869873,2512
25846.800327301025,2550
25847.82648086548,2554
25848.82378578186,2546
25849.823236465454,2578
25850.81911087036,2582
25851.816654205322,2630
25852.82325744629,2584
25853.80983352661,2550
25854.806900024414,2608
25855.804681777954,2522
25856.773614883423,2538
25857.770919799805,2574
25858.768224716187,2522
25859.76552963257,2526
25860.76259613037,2542
25861.760139465332,2586
25862.757444381714,2576
25863.755226135254,2586
25864.752292633057,2542
25865.750789642334,2574
25866.77575111389,2534
25867.746591567993,2606
25868.780374526978,2598
25869.768857955933,2554
25870.765924453735,2542
25871.76251411438,2526
25872.75981903076,2518
25873.75807762146,2494
25874.754905700684,2490
25875.751972198486,2482
25876.750946044922,2482
25877.74634361267,2422
25878.74698638916,2444
25879.741191864014,2482
25880.738973617554,2480
25881.736278533936,2454
25882.733583450317,2458
25883.73064994812,2444
25884.72867012024,2430
25885.72669029236,2450
25886.722564697266,2516
25887.720584869385,2502
25888.717651367188,2458
25889.71447944641,2506
25890.713453292847,2508
25891.709327697754,2542
25892.67921447754,2550
25893.675565719604,2574
25894.673824310303,2580
25895.671606063843,2582
25896.66795730591,2606
25897.66526222229,2618
25898.66304397583,2622
25899.659633636475,2570
25900.657176971436,2576
25901.682376861572,2576
25902.679920196533,2588
25903.676986694336,2570
25904.674768447876,2574
25905.672550201416,2526
25906.64291381836,2574
25907.66668319702,2526
25908.66732597351,2588
25909.661054611206,2572
25910.658597946167,2546
25911.65566444397,2514
25912.65320777893,2470
25913.650512695312,2462
25914.64877128601,2466
25915.653705596924,2486
25916.642427444458,2452
25917.63973236084,2466
25918.63751411438,2462
25919.63481903076,2526
25920.631885528564,2574
25921.629667282104,2546
25922.59955406189,2528
25923.595428466797,2524
25924.593925476074,2462
25925.59051513672,2518
25926.588535308838,2486
25927.58560180664,2478
25928.582906723022,2470
25929.579973220825,2502
25930.577278137207,2520
25931.574821472168,2514
25932.573080062866,2494
25933.56990814209,2518
25934.595346450806,2554
25935.595989227295,2546
25936.589002609253,2542
25937.586784362793,2550
25938.584327697754,2518
25939.581155776978,2514
25940.579175949097,2524
25941.58124923706,2538
25942.57354736328,2534
25943.541765213013,2550
25944.538593292236,2574
25945.536613464355,2598
25946.533918380737,2600
25947.53098487854,2542
25948.528289794922,2618
25949.525594711304,2594
25950.522661209106,2574
25951.51996612549,2524
25952.51750946045,2534
25953.514575958252,2538
25954.512119293213,2522
25955.509901046753,2552
25956.506967544556,2554
25957.504272460938,2538
25958.50133895874,2534
25959.498643875122,2554
25960.496187210083,2554
25961.493253707886,2518
25962.490558624268,2470
25963.48810195923,2514
25964.48516845703,2542
25965.482711791992,2502
25966.480016708374,2526
25967.477321624756,2534
25968.474626541138,2550
25969.4721698761,2554
25970.4692363739,2598
25971.466541290283,2576
25972.463846206665,2546
25973.461389541626,2492
25974.458694458008,2538
25975.45599937439,2558
25976.45354270935,2518
25977.450847625732,2550
25978.447914123535,2522
25979.445219039917,2582
25980.442762374878,2572
25981.44006729126,2524
25982.44833946228,2522
25983.434438705444,2552
25984.431982040405,2518
25985.429286956787,2502
25986.427545547485,2482
25987.424850463867,2506
25988.42430114746,2514
25989.421129226685,2526
25990.416288375854,2514
25991.413593292236,2526
25992.41065979004,2576
25993.40772628784,2546
25994.405269622803,2538
25995.402812957764,2520
25996.399879455566,2490
25997.39718437195,2456
25998.39472770691,2498
25999.39203262329,2490
26000.389337539673,2518
26001.386642456055,2540
26002.383947372437,2534
26003.381490707397,2534
26004.37879562378,2598
26005.37633895874,2574
26006.373405456543,2558
26007.3823928833,2520
26008.368492126465,2518
26009.36532020569,2502
26010.36262512207,2502
26011.36016845703,2500
26012.369394302368,2486
26013.355016708374,2502
26014.352321624756,2534
26015.349626541138,2534
26016.34693145752,2546
26017.3442363739,2570
26018.341541290283,2554
26019.338846206665,2526
26020.336627960205,2478
26021.334648132324,2494
26022.331714630127,2510
26023.32830429077,2478
26024.325370788574,2462
26025.322914123535,2498
26026.320457458496,2474
26027.3175239563,2542
26028.3145904541,2554
26029.312133789062,2578
26030.309438705444,2544
26031.306743621826,2536
26032.304286956787,2550
26033.30159187317,2546
26034.29865837097,2514
26035.295963287354,2506
26036.293506622314,2486
26037.290573120117,2490
26038.2878780365,2526
26039.28518295288,2570
26040.28272628784,2582
26041.280031204224,2546
26042.278289794922,2526
26043.27630996704,2522
26044.275045394897,2550
26045.28307914734,2534
26046.29611968994,2546
26047.293424606323,2506
26048.292875289917,2510
26049.260139465332,2506
26050.28533935547,2510
26051.28240585327,2570
26052.28018760681,2554
26053.285121917725,2534
26054.274559020996,2536
26055.272817611694,2542
26056.270837783813,2576
26057.26671218872,2578
26058.266639709473,2542
26059.261560440063,2500
26060.258626937866,2502
26061.256170272827,2538
26062.25347518921,2594
26063.25101852417,2546
26064.250707626343,2622
26065.245389938354,2550
26066.243410110474,2538
26067.240238189697,2554
26068.2110786438,2570
26069.234132766724,2510
26070.231914520264,2484
26071.229696273804,2526
26072.226524353027,2570
26073.19688796997,2558
26074.20253753662,2524
26075.190782546997,2542
26076.188564300537,2542
26077.18563079834,2540
26078.182220458984,2556
26079.179763793945,2538
26080.177307128906,2510
26081.17437362671,2532
26082.172632217407,2514
26083.16922187805,2518
26084.16724205017,2512
26085.164308547974,2554
26086.162328720093,2586
26087.159395217896,2558
26088.1564617157,2542
26089.1535282135,2606
26090.151071548462,2548
26091.148376464844,2542
26092.145681381226,2536
26093.14274787903,2520
26094.14029121399,2494
26095.13759613037,2490
26096.134901046753,2534
26097.13363647461,2542
26098.15740585327,2554
26099.1268157959,2538
26100.152015686035,2556
26101.150035858154,2606
26102.146863937378,2600
26103.143215179443,2518
26104.114532470703,2504
26105.123281478882,2510
26106.10842704773,2544
26107.105493545532,2542
26108.115673065186,2506
26109.099864959717,2490
26110.09693145752,2534
26111.0942363739,2602
26112.09225654602,2590
26113.088846206665,2578
26114.086627960205,2542
26115.08321762085,2542
26116.081476211548,2538
26117.07830429077,2542
26118.075370788574,2514
26119.072675704956,2460
26120.069980621338,2446
26121.06728553772,2490
26122.064352035522,2518
26123.062133789062,2526
26124.059915542603,2500
26125.056982040405,2494
26126.054763793945,2534
26127.05159187317,2570
26128.04913520813,2542
26129.045963287354,2494
26130.043506622314,2474
26132.03716278076,2478
26133.041858673096,2512
26133.041858673096,2518
26134.032249450684,2526
26135.029792785645,2538
26136.027097702026,2554
26137.02440261841,2578
26138.02146911621,2574
26139.018535614014,2598
26140.016078948975,2578
26141.013622283936,2544
26142.01068878174,2542
26143.00799369812,2550
26144.00553703308,2538
26145.002603530884,2490
26146.000146865845,2482
26146.997213363647,2514
26147.99475669861,2518
26148.99206161499,2554
26149.989128112793,2534
26150.986433029175,2510
26151.983976364136,2544
26152.98104286194,2478
26153.9785861969,2522
26154.97589111328,2498
26155.973196029663,2510
26156.970500946045,2502
26157.967805862427,2500
26158.965349197388,2510
26159.96265411377,2554
26160.95995903015,2538
26161.957502365112,2526
26162.954568862915,2578
26163.951873779297,2572
26164.949417114258,2522
26166.94402694702,2522
26167.941570281982,2550
26167.941570281982,2556
26168.938636779785,2536
26169.936180114746,2520
26170.93324661255,2538
26171.93841934204,2554
26172.927856445312,2546
26174.92938041687,2566
26175.920486450195,2508
26176.92542076111,2502
26176.92542076111,2526
26177.9146194458,2542
26178.91216278076,2518
26180.906534194946,2486
26181.903839111328,2470
26182.90138244629,2582
26183.89868736267,2526
26184.895992279053,2538
26185.893058776855,2546
26186.890602111816,2490
26187.8879070282,2494
26188.88521194458,2514
26189.885139465332,2510
26190.881729125977,2472
26191.87903404236,2470
26192.87633895874,2478
26193.873405456543,2522
26194.870948791504,2578
26195.868492126465,2574
26196.866273880005,2574
26197.86500930786,2542
26198.86040687561,2554
26199.857711791992,2600
26200.854778289795,2524
26201.852321624756,2490
26202.849626541138,2488
26203.84669303894,2508
26204.8442363739,2542
26205.84011077881,2510
26206.836938858032,2546
26207.834720611572,2528
26208.832025527954,2538
26209.829092025757,2538
26210.826635360718,2588
26211.8239402771,2576
26212.82124519348,2490
26213.818788528442,2474
26214.815855026245,2478
26215.813636779785,2480
26216.81046485901,2460
26217.80800819397,2494
26218.80531311035,2514
26219.802618026733,2504
26220.801830291748,2544
26221.79889678955,2586
26222.796201705933,2582
26223.793506622314,2546
26224.790811538696,2532
26225.788831710815,2506
26226.784467697144,2500
26227.781772613525,2486
26228.779077529907,2526
26229.77614402771,2512
26230.773210525513,2482
26231.770753860474,2508
26232.768058776855,2578
26233.76512527466,2550
26234.763145446777,2550
26235.790014266968,2570
26236.785411834717,2570
26237.782955169678,2544
26238.780736923218,2538
26239.77756500244,2498
26240.74697494507,2480
26241.772413253784,2490
26242.769479751587,2526
26243.76654624939,2568
26244.76385116577,2542
26245.76187133789,2522
26246.76465988159,2542
26247.756242752075,2602
26248.756170272827,2588
26249.72414970398,2558
26250.7483959198,2550
26251.748085021973,2518
26252.742528915405,2550
26253.740310668945,2582
26254.73642349243,2510
26255.707263946533,2518
26256.70623779297,2536
26257.70354270935,2558
26258.69917869568,2552
26259.697914123535,2578
26260.6942653656,2556
26261.691331863403,2506
26262.688875198364,2510
26263.686180114746,2514
26264.684200286865,2478
26265.681505203247,2476
26266.685009002686,2488
26267.67611503601,2526
26268.67389678955,2522
26269.671201705933,2482
26270.668506622314,2520
26271.666049957275,2514
26272.663354873657,2538
26273.66065979004,2510
26274.657249450684,2502
26275.655031204224,2490
26276.652336120605,2518
26277.64940261841,2540
26278.64694595337,2542
26279.644012451172,2526
26280.641555786133,2538
26281.638860702515,2546
26282.637119293213,2578
26283.634185791016,2542
26284.631967544556,2518
26285.629272460938,2480
26286.62657737732,2494
26287.623643875122,2526
26288.6221408844,2510
26289.618730545044,2538
26290.615797042847,2502
26291.613578796387,2542
26292.61064529419,2570
26293.60795021057,2582
26294.604778289795,2558
26295.602560043335,2522
26296.599864959717,2542
26297.59693145752,2542
26298.593997955322,2542
26299.591302871704,2516
26300.588607788086,2480
26301.585912704468,2486
26302.58345603943,2538
26303.58076095581,2600
26304.577827453613,2582
26305.575132369995,2602
26306.585550308228,2606
26307.569980621338,2570
26308.56680870056,2546
26309.564113616943,2510
26310.561656951904,2518
26311.558961868286,2514
26312.556266784668,2506
26313.554048538208,2526
26314.55111503601,2520
26315.54865837097,2508
26316.545963287354,2542
26317.543983459473,2604
26318.540811538696,2578
26319.538593292236,2548
26320.53542137146,2534
26321.532487869263,2506
26322.529792785645,2506
26323.527336120605,2488
26324.52440261841,2454
26325.522422790527,2480
26326.518774032593,2490
26327.516555786133,2548
26328.513622283936,2558
26329.51021194458,2586
26330.506563186646,2554
26331.503868103027,2554
26332.50141143799,2558
26333.49871635437,2526
26334.495782852173,2478
26335.493087768555,2482
26336.490631103516,2490
26337.487936019897,2486
26338.4850025177,2490
26339.48278427124,2526
26340.479850769043,2526
26341.477394104004,2550
26342.474460601807,2570
26343.47176551819,2534
26344.47145462036,2546
26345.479726791382,2520
26346.49419784546,2526
26347.461700439453,2522
26348.461389541626,2546
26349.457502365112,2550
26350.454330444336,2502
26351.451635360718,2510
26352.44870185852,2558
26353.44624519348,2570
26354.44402694702,2528
26355.441570281982,2534
26356.438875198364,2542
26357.436180114746,2514
26358.43300819397,2518
26359.43102836609,2494
26360.42809486389,2518
26361.425161361694,2518
26362.423181533813,2518
26363.420248031616,2570
26364.417552947998,2526
26365.41485786438,2502
26366.4128780365,2546
26367.409706115723,2590
26368.406772613525,2534
26369.403839111328,2482
26370.40138244629,2508
26371.39868736267,2534
26372.395992279053,2554
26373.393535614014,2546
26374.390840530396,2522
26375.386953353882,2520
26376.384019851685,2538
26377.397298812866,2578
26378.378868103027,2578
26379.37617301941,2570
26380.373239517212,2508
26381.370782852173,2506
26382.38263130188,2522
26383.365392684937,2502
26384.36269760132,2510
26385.380029678345,2526
26386.35754585266,2578
26387.354850769043,2582
26388.351678848267,2574
26389.349222183228,2558
26390.34652709961,2558
26391.3471698761,2542
26392.341375350952,2546
26393.338680267334,2516
26394.335746765137,2540
26395.333766937256,2506
26396.33059501648,2512
26397.32813835144,2546
26398.325204849243,2588
26399.322509765625,2582
26400.319814682007,2580
26401.31711959839,2594
26402.31466293335,2594
26403.31196784973,2514
26404.309034347534,2510
26405.306577682495,2486
26406.304597854614,2490
26407.315731048584,2488
26408.29873085022,2462
26409.29651260376,2510
26410.293579101562,2506
26411.290645599365,2502
26412.287950515747,2544
26413.28525543213,2550
26414.28256034851,2538
26415.28010368347,2580
26416.277408599854,2542
26417.274713516235,2526
26418.271780014038,2526
26419.26908493042,2494
26420.26662826538,2506
26421.26417160034,2526
26422.260999679565,2538
26423.258304595947,2556
26424.25584793091,2512
26425.25315284729,2542
26426.25069618225,2584
26427.248001098633,2602
26428.245067596436,2546
26429.242372512817,2536
26430.23991584778,2584
26431.23722076416,2538
26432.234525680542,2524
26433.231592178345,2546
26434.229135513306,2528
26435.226678848267,2506
26436.22398376465,2582
26437.22152709961,2610
26438.218593597412,2550
26439.216136932373,2578
26440.213203430176,2590
26441.210746765137,2614
26442.20805168152,2546
26443.20511817932,2502
26444.202661514282,2512
26445.200204849243,2524
26446.197748184204,2518
26447.194576263428,2544
26448.19211959839,2576
26449.193000793457,2540
26450.187921524048,2546
26451.184272766113,2588
26452.181100845337,2554
26453.181505203247,2522
26454.17833328247,2482
26455.175161361694,2526
26456.172943115234,2550
26457.170009613037,2550
26458.16731452942,2522
26459.1646194458,2514
26460.161924362183,2514
26461.158990859985,2554
26462.156534194946,2554
26463.15360069275,2568
26464.15138244629,2500
26465.14844894409,2508
26466.14646911621,2524
26467.143535614014,2546
26468.140363693237,2570
26469.136953353882,2538
26470.17002105713,2544
26471.160411834717,2584
26472.157955169678,2598
26473.155736923218,2574
26474.124908447266,2534
26475.157260894775,2534
26476.11975669861,2516
26477.116107940674,2522
26478.14178466797,2510
26479.14695739746,2482
26480.137586593628,2474
26481.133937835693,2520
26482.131004333496,2526
26483.128786087036,2524
26484.126329421997,2546
26485.123872756958,2554
26486.093282699585,2546
26487.12110519409,2550
26488.123416900635,2572
26489.112854003906,2538
26490.10992050171,2422
26491.113662719727,2514
26492.10476875305,2542
26493.101835250854,2574
26494.099617004395,2538
26495.104789733887,2558
26496.09422683716,2586
26497.0920085907,2596
26498.059034347534,2570
26499.056577682495,2552
26500.053644180298,2544
26501.0507106781,2506
26502.047777175903,2514
26504.042625427246,2510
26505.040168762207,2478
26505.040168762207,2478
26506.03723526001,2522
26508.031845092773,2538
26508.031845092773,2586
26509.029150009155,2554
26510.026454925537,2578
26511.023998260498,2586
26512.02130317688,2546
26513.01860809326,2522
26514.016151428223,2486
26515.015363693237,2470
26516.04151725769,2490
26517.038345336914,2526
26518.035173416138,2550
26519.032955169678,2522
26520.03026008606,2532
26521.03352546692,2552
26522.023677825928,2594
26523.022174835205,2554
26524.011850357056,2526
26525.01606941223,2514
26526.013374328613,2544
26527.98080444336,2588
26528.976440429688,2504
26529.97589111328,2474
26530.972957611084,2514
26531.970024108887,2548
26532.967805862427,2576
26532.967805862427,2572
26533.96487236023,2542
26535.959720611572,2548
26536.957263946533,2542
26537.954807281494,2552
26538.951635360718,2546
26539.9489402771,2524
26540.94624519348,2482
26541.943311691284,2486
26542.940616607666,2546
26543.938398361206,2550
26544.950485229492,2538
26545.93563079834,2526
26546.929597854614,2534
26547.92833328247,2544
26548.924446105957,2548
26549.92175102234,2542
26550.920248031616,2546
26551.916360855103,2536
26552.913904190063,2540
26553.911924362183,2534
26554.908514022827,2522
26555.90581893921,2544
26556.90336227417,2590
26557.90138244629,2582
26558.898210525513,2574
26559.89646911621,2526
26560.92119216919,2574
26561.918258666992,2582
26562.91651725769,2502
26563.920497894287,2506
26564.911365509033,2520
26565.879106521606,2540
26566.905736923218,2534
26567.902326583862,2546
26568.899393081665,2538
26569.896936416626,2508
26570.894241333008,2522
26571.89130783081,2518
26572.88885116577,2534
26573.88687133789,2482
26574.883699417114,2478
26575.880765914917,2498
26576.84850692749,2518
26577.845573425293,2550
26578.842639923096,2546
26579.839944839478,2538
26580.83724975586,2546
26581.83455467224,2598
26582.831859588623,2588
26583.828926086426,2526
26584.826707839966,2506
26585.824489593506,2518
26586.8239402771,2486
26587.848663330078,2518
26588.84620666504,2520
26589.81418609619,2510
26590.812921524048,2526
26591.838359832764,2606
26592.835903167725,2574
26593.832969665527,2550
26594.83003616333,2574
26595.82805633545,2522
26596.797466278076,2540
26597.822427749634,2472
26598.82092475891,2502
26599.81608390808,2492
26600.817680358887,2488
26601.817846298218,2526
26602.808475494385,2534
26603.80530357361,2570
26604.802131652832,2558
26605.772733688354,2594
26606.768131256104,2608
26607.765197753906,2578
26608.762741088867,2518
26609.75980758667,2536
26610.75711250305,2514
26611.754655838013,2520
26612.751960754395,2548
26613.749027252197,2514
26614.74633216858,2518
26615.752935409546,2578
26616.741180419922,2570
26617.738485336304,2572
26618.751525878906,2518
26619.735956192017,2542
26620.730876922607,2550
26621.75726890564,2538
26622.727394104004,2514
26623.754501342773,2482
26624.749660491943,2482
26625.746488571167,2480
26626.71709060669,2506
26627.740621566772,2576
26628.738164901733,2552
26629.735708236694,2526
26630.738735198975,2526
26631.730318069458,2558
26632.728576660156,2542
26633.72492790222,2570
26634.722471237183,2510
26635.720014572144,2482
26636.688470840454,2512
26637.685298919678,2546
26638.71169090271,2534
26639.710187911987,2546
26640.70749282837,2584
26641.704320907593,2602
26642.701387405396,2606
26643.669366836548,2608
26644.66643333435,2582
26645.66397666931,2558
26646.661281585693,2604
26647.658586502075,2602
26648.655891418457,2598
26649.65319633484,2554
26650.65097808838,2538
26651.64804458618,2526
26652.645111083984,2534
26653.642892837524,2542
26654.639959335327,2536
26655.63702583313,2510
26656.63456916809,2474
26657.631874084473,2494
26658.629179000854,2526
26659.626483917236,2502
26660.624027252197,2474
26661.62109375,2478
26662.61863708496,2502
26663.615703582764,2506
26664.613246917725,2504
26665.610551834106,2488
26666.60785675049,2468
26667.616844177246,2470
26668.60270500183,2458
26669.599771499634,2494
26670.597076416016,2490
26671.594619750977,2462
26672.59192466736,2502
26673.58922958374,2478
26674.5867729187,2518
26675.583839416504,2542
26676.581382751465,2534
26677.578449249268,2534
26678.57599258423,2550
26679.57329750061,2524
26680.570602416992,2502
26681.568384170532,2498
26682.565212249756,2510
26683.562517166138,2526
26684.560775756836,2526
26685.558080673218,2514
26686.55490875244,2518
26687.551975250244,2538
26688.549280166626,2554
26689.546585083008,2578
26690.54388999939,2594
26691.555500030518,2526
26692.538738250732,2516
26693.535804748535,2518
26694.533109664917,2502
26695.530652999878,2518
26696.52795791626,2538
26697.52526283264,2542
26698.522329330444,2538
26699.549198150635,2570
26700.546264648438,2576
26701.544523239136,2618
26702.548503875732,2586
26703.538417816162,2598
26704.554796218872,2514
26705.540418624878,2512
26706.531047821045,2534
26707.528352737427,2544
26708.52565765381,2520
26709.522485733032,2486
26710.493087768555,2514
26711.49230003357,2506
26712.48745918274,2554
26713.512420654297,2622
26714.510440826416,2602
26715.513944625854,2516
26716.5048122406,2542
26717.508554458618,2558
26718.499422073364,2538
26719.496488571167,2526
26720.494985580444,2510
26721.49395942688,2512
26722.48888015747,2494
26723.490715026855,2558
26724.482536315918,2588
26725.481271743774,2574
26726.476907730103,2570
26727.474451065063,2602
26728.471517562866,2552
26729.469060897827,2546
26730.440616607666,2534
26731.46343231201,2512
26732.434511184692,2502
26733.458518981934,2462
26734.455823898315,2512
26735.454082489014,2456
26736.451625823975,2480
26737.44773864746,2510
26738.445281982422,2534
26739.442586898804,2522
26740.411043167114,2510
26741.408109664917,2534
26742.407083511353,2518
26743.432760238647,2490
26744.431018829346,2510
26745.42760848999,2510
26746.397018432617,2526
26747.39408493042,2538
26748.390913009644,2534
26749.38702583313,2542
26750.383853912354,2538
26751.381397247314,2578
26752.378702163696,2538
26753.376007080078,2506
26754.37307357788,2518
26755.37061691284,2542
26756.367921829224,2522
26757.365226745605,2528
26758.362770080566,2582
26759.36007499695,2544
26760.35714149475,2518
26761.356830596924,2554
26762.35318183899,2578
26763.35120201111,2534
26764.348030090332,2544
26765.345573425293,2546
26766.343116760254,2550
26767.340421676636,2556
26768.368244171143,2550
26769.363164901733,2586
26770.360946655273,2574
26771.33798599243,2598
26772.32599258423,2586
26773.324251174927,2630
26774.32155609131,2554
26775.31862258911,2534
26776.31664276123,2546
26777.313947677612,2534
26778.311014175415,2522
26779.308080673218,2514
26780.305862426758,2526
26781.30340576172,2538
26782.3007106781,2518
26783.326148986816,2522
26784.324169158936,2586
26785.325527191162,2558
26786.290168762207,2544
26787.31393814087,2522
26788.31195831299,2490
26789.308786392212,2510
26790.306091308594,2518
26791.303634643555,2526
26792.301177978516,2542
26793.29800605774,2526
26794.29531097412,2520
26795.29309272766,2554
26796.29135131836,2606
26797.287702560425,2586
26798.285961151123,2598
26799.254655838013,2570
26800.27985572815,2550
26801.24831199646,2534
26802.268981933594,2502
26803.27320098877,2448
26804.27098274231,2482
26805.267810821533,2502
26806.26392364502,2514
26807.2612285614,2526
26808.2594871521,2522
26809.255838394165,2518
26810.259103775024,2524
26811.24997138977,2526
26812.24775314331,2550
26813.24553489685,2502
26814.242601394653,2490
26815.245389938354,2462
26816.20955467224,2486
26817.2345161438,2502
26818.23182106018,2474
26819.233894348145,2490
26820.22714614868,2536
26821.224212646484,2536
26822.19433784485,2582
26823.19188117981,2512
26824.18918609619,2538
26825.185775756836,2510
26826.183795928955,2546
26827.18062400818,2542
26828.17792892456,2518
26829.174995422363,2506
26830.172538757324,2526
26831.169843673706,2590
26832.167148590088,2568
26833.164930343628,2572
26834.16247367859,2598
26835.15977859497,2574
26836.157083511353,2574
26837.154388427734,2526
26838.178634643555,2556
26839.175939559937,2536
26840.173482894897,2510
26841.17031097412,2482
26842.167854309082,2514
26843.165159225464,2520
26844.162464141846,2516
26845.161199569702,2504
26846.157550811768,2520
26847.153902053833,2582
26848.154067993164,2542
26849.121809005737,2498
26850.146770477295,2542
26851.144075393677,2518
26852.14138031006,2520
26853.13844680786,2534
26854.135751724243,2556
26855.133771896362,2518
26856.131553649902,2534
26857.099056243896,2536
26858.147144317627,2536
26859.123468399048,2512
26860.121488571167,2522
26861.11855506897,2518
26862.115383148193,2526
26863.112688064575,2538
26864.109992980957,2522
26865.07773399353,2554
26866.07551574707,2548
26867.07353591919,2590
26868.098258972168,2598
26869.09580230713,2554
26870.09310722351,2522
26871.089696884155,2542
26872.087955474854,2570
26873.085737228394,2542
26874.07088279724,2526
26875.080347061157,2518
26876.077890396118,2516
26877.074480056763,2522
26878.072261810303,2548
26879.0762424469,2580
26880.06639480591,2572
26881.06346130371,2544
26882.060766220093,2542
26884.02795791626,2554
26884.02795791626,2526
26885.02526283264,2506
26887.0210647583,2488
26887.0210647583,2490
26888.017892837524,2534
26889.015197753906,2538
26890.012979507446,2518
26891.01004600525,2550
26892.006874084473,2582
26893.00489425659,2580
26894.001722335815,2590
26895.994901657104,2590
26896.048069000244,2550
26897.501230239868,2510
26898.502111434937,2510
26899.52778816223,2526
26900.52556991577,2502
26901.521921157837,2510
26902.519941329956,2514
26903.517484664917,2546
26904.51455116272,2558
26905.482053756714,2582
26906.48055076599,2558
26907.479286193848,2574
26908.503532409668,2542
26909.501552581787,2542
26910.505056381226,2556
26911.495685577393,2522
26912.492752075195,2486
26913.498640060425,2514
26914.487838745117,2538
26915.455102920532,2512
26916.452169418335,2494
26917.449235916138,2538
26918.44654083252,2568
26919.44408416748,2538
26920.441389083862,2538
26921.438694000244,2522
26922.436237335205,2574
26923.433303833008,2538
26924.43060874939,2522
26925.442934036255,2512
26926.42617225647,2542
26927.423000335693,2542
26928.420066833496,2534
26929.417371749878,2572
26930.41467666626,2510
26931.41460418701,2474
26932.412147521973,2474
26933.408737182617,2468
26934.406042099,2470
26935.40382385254,2446
26936.400413513184,2422
26937.398433685303,2430
26938.395500183105,2476
26939.39256668091,2514
26940.38987159729,2518
26941.38741493225,2542
26942.384958267212,2542
26943.382024765015,2558
26944.379329681396,2546
26945.37663459778,2516
26946.37441635132,2574
26947.3717212677,2514
26948.368787765503,2534
26949.365854263306,2546
26950.363636016846,2518
26951.36046409607,2550
26952.35800743103,2510
26953.35555076599,2518
26954.352617263794,2514
26955.349922180176,2518
26956.347227096558,2494
26957.35478401184,2526
26958.342790603638,2510
26959.33985710144,2492
26960.336923599243,2504
26961.36212348938,2522
26962.360382080078,2550
26963.356494903564,2510
26964.354038238525,2518
26965.352058410645,2582
26966.34793281555,2518
26967.34619140625,2518
26968.344688415527,2538
26969.341039657593,2538
26970.338344573975,2550
26971.33445739746,2490
26972.331762313843,2502
26973.329067230225,2524
26974.326848983765,2546
26975.323915481567,2570
26976.292610168457,2606
26977.28967666626,2604
26978.318691253662,2550
26979.3119430542,2574
26980.30924797058,2584
26981.30774497986,2544
26982.30504989624,2520
26983.302354812622,2526
26984.30299758911,2522
26985.300064086914,2542
26986.290216445923,2574
26987.262964248657,2618
26988.261938095093,2610
26989.28952217102,2554
26990.283727645874,2570
26991.281509399414,2578
26992.28000640869,2550
26993.277311325073,2502
26994.274377822876,2518
26995.272159576416,2470
26996.26922607422,2428
26997.26629257202,2470
26998.268365859985,2482
26999.232292175293,2482
27000.258445739746,2470
27001.25551223755,2478
27002.25257873535,2508
27003.250122070312,2534
27004.247665405273,2482
27005.244970321655,2474
27006.242036819458,2450
27007.239818572998,2426
27008.208990097046,2478
27009.233951568604,2510
27010.23292541504,2516
27011.229276657104,2488
27012.226343154907,2512
27013.22364807129,2546
27014.22095298767,2576
27015.218019485474,2574
27016.186237335205,2574
27017.183542251587,2520
27018.211364746094,2522
27019.20747756958,2538
27020.20502090454,2524
27021.202087402344,2502
27022.199630737305,2510
27023.197174072266,2540
27024.165868759155,2550
27025.198221206665,2582
27026.161670684814,2550
27027.15754508972,2550
27028.183937072754,2516
27029.186725616455,2542
27030.14874458313,2542
27031.176567077637,2546
27032.172918319702,2514
27033.170461654663,2486
27034.168004989624,2534
27035.165071487427,2510
27036.163091659546,2546
27037.15991973877,2542
27038.15722465515,2538
27039.154291152954,2544
27040.15564918518,2542
27041.148900985718,2550
27042.14644432068,2526
27043.14351081848,2544
27044.149160385132,2506
27045.138597488403,2522
27046.135663986206,2522
27047.10292816162,2546
27048.101902008057,2544
27049.09896850586,2552
27050.096035003662,2598
27051.093578338623,2546
27052.090406417847,2546
27053.088426589966,2526
27054.113626480103,2536
27055.110454559326,2510
27056.107997894287,2486
27057.105779647827,2504
27058.103561401367,2534
27059.099912643433,2516
27060.096979141235,2556
27061.097860336304,2554
27062.092065811157,2526
27063.08937072754,2502
27064.08667564392,2494
27065.083980560303,2486
27066.08295440674,2458
27067.078590393066,2484
27068.076133728027,2510
27069.07343864441,2540
27070.070505142212,2526
27071.067810058594,2540
27072.065353393555,2578
27073.062658309937,2558
27074.04088973999,2550
27075.057983398438,2540
27076.056957244873,2538
27078.022718429565,2506
27078.022718429565,2490
27079.01906967163,2492
27080.015659332275,2508
27081.012964248657,2490
27082.010507583618,2516
27083.00828933716,2490
27084.004878997803,2578
27085.030555725098,2544
27085.999250411987,2602
27086.997509002686,2526
27088.0229473114,2502
27089.020252227783,2506
27090.022563934326,2506
27091.014623641968,2502
27092.01192855835,2474
27093.00947189331,2490
27094.006538391113,2502
27095.003604888916,2558
27095.974445343018,2614
27096.998691558838,2598
27097.99575805664,2554
27099.982976913452,2570
27099.982976913452,2534
27100.98934173584,2536
27101.985216140747,2536
27102.982997894287,2506
27103.97958755493,2478
27104.97808456421,2520
27106.943130493164,2544
27107.94687271118,2574
27108.93964767456,2548
27109.935998916626,2544
27110.93306541443,2618
27111.93037033081,2578
27112.92791366577,2546
27113.925218582153,2526
27114.93730545044,2480
27115.920066833496,2498
27116.917371749878,2482
27117.91467666626,2486
27118.911504745483,2502
27119.908809661865,2534
27120.906352996826,2558
27121.903896331787,2576
27122.90096282959,2550
27123.89850616455,2558
27124.895811080933,2534
27125.892877578735,2502
27126.890897750854,2534
27127.887964248657,2494
27128.88503074646,2444
27129.88233566284,2510
27130.880117416382,2480
27131.877422332764,2506
27132.874965667725,2538
27133.872032165527,2534
27134.86933708191,2542
27135.866165161133,2516
27136.863231658936,2506
27137.86220550537,2520
27138.859033584595,2522
27139.85562324524,2514
27140.85364341736,2502
27141.85070991516,2506
27142.847537994385,2514
27143.845081329346,2520
27144.842624664307,2538
27145.83969116211,2538
27146.83699607849,2502
27147.834062576294,2506
27148.831367492676,2534
27149.829149246216,2506
27150.82573890686,2546
27151.82375907898,2510
27152.820587158203,2520
27153.818130493164,2542
27154.815435409546,2490
27155.813455581665,2590
27156.81028366089,2598
27157.80758857727,2544
27158.804416656494,2534
27159.802198410034,2576
27160.799264907837,2542
27161.796808242798,2542
27162.79411315918,2552
27163.791179656982,2538
27164.788722991943,2514
27165.78698158264,2512
27166.783571243286,2536
27167.78063774109,2598
27168.77770423889,2572
27169.77572441101,2548
27170.786380767822,2534
27171.77104949951,2522
27172.767877578735,2506
27173.76470565796,2456
27174.76224899292,2478
27175.7595539093,2476
27176.757097244263,2476
27177.754402160645,2470
27178.751230239868,2518
27179.74877357483,2534
27180.745840072632,2512
27181.743144989014,2534
27182.74164199829,2494
27183.738231658936,2490
27184.735536575317,2518
27185.7328414917,2486
27186.73014640808,2482
27187.727451324463,2504
27188.724517822266,2490
27189.721822738647,2520
27190.72198867798,2524
27191.71667098999,2524
27192.71421432495,2586
27193.711519241333,2634
27194.708824157715,2570
27195.706129074097,2578
27196.70343399048,2534
27197.70097732544,2514
27198.698043823242,2494
27199.695587158203,2508
27200.69932937622,2514
27201.68972015381,2494
27202.687740325928,2518
27203.68480682373,2544
27204.682111740112,2538
27205.679416656494,2586
27206.676721572876,2558
27207.674503326416,2586
27208.672285079956,2570
27209.66911315918,2538
27210.666179656982,2510
27211.663722991943,2490
27212.660789489746,2494
27213.658332824707,2520
27214.656114578247,2542
27215.67440032959,2522
27216.65072441101,2550
27217.648029327393,2588
27218.644857406616,2546
27219.642639160156,2554
27220.63946723938,2526
27221.63724899292,2526
27222.634077072144,2538
27223.63257408142,2522
27224.629402160645,2514
27225.626945495605,2450
27226.624250411987,2490
27227.62131690979,2494
27228.61909866333,2526
27229.616165161133,2556
27230.61466217041,2542
27231.61244392395,2518
27232.609272003174,2526
27233.60562324524,2542
27234.6031665802,2518
27235.60094833374,2514
27236.598014831543,2486
27237.595081329346,2522
27238.624811172485,2558
27239.617586135864,2548
27240.614891052246,2518
27241.612195968628,2542
27242.60973930359,2546
27243.611097335815,2558
27244.608640670776,2558
27245.60594558716,2514
27246.598720550537,2482
27247.594594955444,2490
27248.592853546143,2542
27249.589204788208,2556
27250.587463378906,2554
27251.587629318237,2534
27252.582550048828,2490
27253.57937812805,2538
27254.563808441162,2554
27255.574941635132,2518
27256.57057762146,2482
27257.541179656982,2550
27258.565664291382,2522
27259.562969207764,2522
27260.53237915039,2522
27261.532068252563,2572
27262.556314468384,2554
27263.525247573853,2558
27264.522552490234,2550
27265.51914215088,2544
27266.517639160156,2556
27267.51470565796,2540
27268.511533737183,2522
27269.509077072144,2518
27270.534992218018,2510
27271.53182029724,2490
27272.528886795044,2538
27273.526668548584,2544
27274.529218673706,2542
27275.52103996277,2504
27276.519060134888,2526
27277.515649795532,2556
27278.51438522339,2542
27279.481887817383,2534
27280.50684928894,2522
27281.50463104248,2474
27282.501220703125,2478
27283.470630645752,2510
27284.467697143555,2478
27285.465240478516,2522
27286.462545394897,2522
27287.4596118927,2538
27288.456916809082,2610
27289.454460144043,2578
27290.451765060425,2542
27291.449308395386,2520
27292.446851730347,2522
27293.444395065308,2522
27294.44146156311,2482
27295.438528060913,2470
27296.436071395874,2486
27297.433376312256,2490
27298.430681228638,2558
27299.4282245636,2550
27300.4252910614,2534
27301.422595977783,2526
27302.420139312744,2554
27303.417444229126,2546
27304.414749145508,2552
27305.41205406189,2512
27306.40935897827,2458
27307.406902313232,2484
27308.404207229614,2498
27309.401750564575,2518
27310.398817062378,2490
27311.39612197876,2518
27312.393188476562,2552
27313.390731811523,2558
27314.388036727905,2550
27315.385103225708,2540
27316.382884979248,2520
27317.37995147705,2538
27318.377256393433,2542
27319.374561309814,2512
27320.371866226196,2512
27321.369409561157,2502
27322.36671447754,2518
27323.36378097534,2540
27324.361562728882,2546
27325.358629226685,2520
27326.355934143066,2526
27327.353477478027,2538
27328.35078239441,2518
27329.347848892212,2522
27330.345153808594,2502
27331.342697143555,2506
27332.340240478516,2522
27333.33706855774,2540
27334.33485031128,2542
27335.33215522766,2490
27336.329221725464,2528
27337.326526641846,2534
27338.323831558228,2558
27339.32137489319,2542
27340.31844139099,2492
27341.315746307373,2482
27342.313051223755,2522
27343.310356140137,2552
27344.30766105652,2526
27345.30520439148,2506
27346.30250930786,2478
27347.32937812805,2542
27348.326921463013,2574
27349.32231903076,2576
27350.32320022583,2542
27351.29141807556,2510
27352.28705406189,2506
27353.28507423401,2570
27354.28261756897,2510
27355.279207229614,2502
27356.277227401733,2508
27357.274770736694,2574
27358.271837234497,2584
27359.26866531372,2574
27360.265731811523,2556
27361.263275146484,2514
27362.261056900024,2514
27363.257884979248,2510
27364.25542831421,2538
27365.252256393433,2488
27366.25051498413,2486
27367.247581481934,2510
27368.244647979736,2546
27369.242191314697,2554
27370.2392578125,2582
27371.236562728882,2540
27372.233867645264,2574
27373.231172561646,2594
27374.229192733765,2598
27375.226259231567,2542
27376.224517822266,2494
27377.22110748291,2486
27378.21865081787,2514
27379.215717315674,2526
27380.213022232056,2504
27381.210327148438,2506
27382.219076156616,2522
27383.206605911255,2582
27384.203910827637,2538
27385.201454162598,2630
27386.1985206604,2546
27387.194871902466,2506
27388.192415237427,2502
27389.18948173523,2492
27390.18678665161,2492
27391.184091567993,2488
27392.181634902954,2474
27393.178939819336,2526
27394.174814224243,2544
27395.171880722046,2526
27396.169185638428,2526
27397.16672897339,2550
27398.16379547119,2580
27399.161100387573,2582
27400.158405303955,2554
27401.155948638916,2534
27402.15301513672,2544
27403.1503200531,2538
27404.14786338806,2506
27405.145168304443,2546
27406.142711639404,2574
27407.139778137207,2550
27408.137321472168,2566
27409.16419029236,2570
27410.160779953003,2578
27411.12971305847,2544
27412.14394569397,2546
27413.137912750244,2538
27414.122819900513,2518
27415.14778137207,2474
27416.146278381348,2476
27417.149543762207,2494
27418.139696121216,2482
27419.137239456177,2522
27420.134782791138,2506
27421.13161087036,2544
27422.12963104248,2524
27423.131465911865,2526
27424.100160598755,2514
27425.121307373047,2516
27426.119804382324,2518
27427.116870880127,2518
27428.11918258667,2534
27429.110765457153,2518
27430.107355117798,2516
27431.105852127075,2506
27432.10530281067,2538
27433.0997467041,2542
27434.0980052948,2538
27435.09554862976,2508
27436.091661453247,2518
27437.089681625366,2518
27438.087224960327,2544
27439.08381462097,2514
27440.085649490356,2522
27441.078662872314,2538
27442.068338394165,2526
27443.044662475586,2522
27445.040464401245,2516
27445.040464401245,2518
27446.542024612427,2536
27447.047233581543,2524
27448.55284690857,2482
27449.552297592163,2490
27450.554370880127,2510
27451.546907424927,2514
27452.544450759888,2490
27453.54175567627,2532
27454.57148551941,2550
27455.54542541504,2502
27456.53247833252,2554
27457.53026008606,2580
27458.52756500244,2526
27459.524631500244,2484
27460.521697998047,2516
27461.519241333008,2514
27462.51654624939,2518
27463.51385116577,2498
27464.511394500732,2506
27465.508699417114,2506
27466.505765914917,2546
27467.5030708313,2574
27468.50061416626,2554
27469.497680664062,2550
27470.495223999023,2538
27471.494913101196,2582
27472.49150276184,2542
27473.491191864014,2510
27474.491357803345,2492
27475.484371185303,2486
27476.481437683105,2522
27477.478742599487,2514
27478.47604751587,2570
27479.473114013672,2606
27480.470657348633,2574
27481.467962265015,2576
27482.465267181396,2572
27483.46209526062,2578
27484.45987701416,2518
27485.457181930542,2506
27486.454248428345,2512
27487.45608329773,2518
27488.47508430481,2518
27489.47262763977,2490
27490.47017097473,2546
27491.466999053955,2574
27492.464542388916,2578
27493.462800979614,2598
27494.460105895996,2586
27495.457410812378,2580
27496.426343917847,2574
27497.45225906372,2538
27498.449563980103,2514
27499.419689178467,2468
27500.44322013855,2514
27501.44076347351,2524
27502.437829971313,2544
27503.409385681152,2538
27504.406690597534,2546
27505.403995513916,2534
27506.40058517456,2578
27507.397413253784,2606
27508.39591026306,2534
27509.392499923706,2514
27510.390043258667,2486
27511.38710975647,2506
27512.38441467285,2534
27513.381481170654,2502
27514.379262924194,2498
27515.376091003418,2542
27516.375064849854,2552
27517.372369766235,2578
27518.36848258972,2554
27519.365787506104,2526
27520.363330841064,2526
27521.360397338867,2554
27522.35746383667,2534
27523.35500717163,2526
27524.352312088013,2490
27525.35057067871,2502
27526.347398757935,2506
27527.344942092896,2494
27528.34153175354,2546
27529.3390750885,2500
27530.336618423462,2510
27531.333923339844,2520
27532.33003616333,2502
27533.32781791687,2558
27534.32559967041,2534
27535.32361984253,2482
27536.321878433228,2570
27537.318468093872,2522
27538.315057754517,2506
27539.31188583374,2558
27540.30966758728,2538
27541.30721092224,2532
27542.304039001465,2518
27543.301582336426,2512
27544.299125671387,2542
27545.29619216919,2522
27546.29397392273,2458
27547.29175567627,2490
27548.288106918335,2538
27549.285888671875,2536
27550.283432006836,2544
27551.28049850464,2574
27552.27780342102,2538
27553.274631500244,2526
27554.272651672363,2540
27555.269479751587,2538
27556.267499923706,2480
27557.26432800293,2474
27558.26210975647,2488
27559.259176254272,2504
27560.256004333496,2512
27561.253547668457,2516
27562.25085258484,2530
27563.247203826904,2528
27564.244985580444,2566
27565.24348258972,2584
27566.240787506104,2574
27567.238569259644,2540
27568.235158920288,2514
27569.23246383667,2506
27570.229530334473,2550
27571.226835250854,2506
27572.224378585815,2514
27573.221445083618,2522
27574.21898841858,2526
27575.21653175354,2538
27576.21479034424,2554
27577.211380004883,2570
27578.208208084106,2582
27579.205989837646,2546
27580.20305633545,2492
27581.200122833252,2510
27582.197666168213,2504
27583.194971084595,2518
27584.192514419556,2502
27585.18934249878,2506
27586.187601089478,2510
27587.1844291687,2540
27588.181495666504,2586
27589.179515838623,2606
27590.176582336426,2554
27591.17364883423,2554
27592.17095375061,2522
27593.169927597046,2512
27594.168424606323,2534
27595.162630081177,2500
27596.161127090454,2504
27597.158193588257,2530
27598.15502166748,2538
27599.1530418396,2544
27600.149869918823,2568
27601.147413253784,2542
27602.144479751587,2550
27603.14178466797,2512
27604.171991348267,2546
27605.135679244995,2546
27606.162548065186,2534
27607.160329818726,2486
27608.156442642212,2480
27609.153747558594,2510
27610.151529312134,2516
27611.148834228516,2512
27612.14590072632,2534
27613.1432056427,2534
27614.140510559082,2514
27615.138292312622,2550
27616.108417510986,2550
27617.132663726807,2526
27618.12996864319,2502
27619.12775039673,2506
27620.12529373169,2518
27621.1256980896,2576
27622.120141983032,2518
27623.116970062256,2510
27624.090909957886,2576
27625.08273124695,2546
27626.081943511963,2568
27627.07757949829,2550
27628.074884414673,2504
27629.072427749634,2470
27630.069732666016,2524
27631.06656074524,2538
27632.06434249878,2518
27633.068084716797,2522
27634.0594291687,2522
27635.056495666504,2502
27636.054515838623,2514
27637.05086708069,2536
27638.04841041565,2522
27639.045476913452,2500
27640.04349708557,2540
27641.04127883911,2518
27642.037630081177,2542
27643.035173416138,2542
27644.03247833252,2522
27645.057439804077,2512
27646.05665206909,2542
27647.060871124268,2554
27648.050546646118,2522
27649.065494537354,2574
27650.044441223145,2554
27651.041507720947,2516
27652.039527893066,2518
27653.039693832397,2534
27654.006481170654,2506
27655.00259399414,2502
27656.001091003418,2538
27656.997442245483,2574
27657.99593925476,2506
27658.992767333984,2514
27659.989833831787,2582
27660.98690032959,2582
27661.98468208313,2566
27662.981748580933,2524
27663.979053497314,2520
27665.005445480347,2504
27666.996717453003,2502
27666.996717453003,2522
27667.967319488525,2516
27668.964385986328,2478
27669.96169090271,2524
27670.95923423767,2608
27672.969579696655,2582
27672.969579696655,2576
27673.951387405396,2582
27675.94599723816,2528
27676.943063735962,2522
27677.940607070923,2526
27678.937911987305,2514
27679.935216903687,2514
27680.932760238647,2500
27681.93006515503,2546
27682.92737007141,2542
27683.92515182495,2518
27684.921979904175,2470
27685.919284820557,2618
27686.91658973694,2582
27687.943696975708,2538
27688.940286636353,2544
27689.937829971313,2526
27690.90747833252,2486
27691.932916641235,2482
27692.929983139038,2534
27693.928480148315,2480
27694.931983947754,2494
27695.92523574829,2558
27696.919202804565,2522
27697.916746139526,2556
27698.91381263733,2584
27699.909210205078,2578
27700.913667678833,2526
27701.905012130737,2506
27702.876806259155,2506
27703.87291908264,2514
27704.8978805542,2494
27705.86657524109,2526
27706.87174797058,2548
27707.890510559082,2554
27708.887338638306,2502
27709.88631248474,2582
27710.882902145386,2602
27711.851596832275,2572
27712.848901748657,2490
27713.855028152466,2506
27714.84351158142,2534
27715.84129333496,2508
27716.838359832764,2534
27717.83494949341,2534
27718.83201599121,2482
27719.83027458191,2490
27720.826864242554,2554
27721.824645996094,2554
27722.821712493896,2538
27723.81901741028,2538
27724.817037582397,2518
27725.8141040802,2514
27726.811408996582,2514
27727.808475494385,2510
27728.805541992188,2542
27729.803323745728,2518
27730.80015182495,2542
27731.797695159912,2542
27732.795238494873,2516
27733.792066574097,2546
27734.789848327637,2576
27735.78715324402,2542
27736.7844581604,2522
27737.78200149536,2514
27738.778591156006,2486
27739.776611328125,2500
27740.77272415161,2570
27741.77098274231,2546
27742.767333984375,2554
27743.76654624939,2550
27744.763374328613,2520
27745.75972557068,2578
27746.758222579956,2508
27747.75528907776,2510
27748.75235557556,2490
27749.7501373291,2502
27750.746726989746,2490
27751.744031906128,2488
27752.74133682251,2518
27753.73888015747,2514
27754.73642349243,2534
27755.733013153076,2552
27756.731510162354,2554
27757.728576660156,2526
27758.72540473938,2558
27759.72294807434,2544
27760.720252990723,2504
27761.717319488525,2510
27762.714624404907,2490
27763.712167739868,2482
27764.711141586304,2518
27765.706539154053,2554
27766.70479774475,2574
27767.701864242554,2546
27768.699884414673,2538
27769.69623565674,2586
27770.6937789917,2526
27771.690845489502,2508
27772.688150405884,2478
27773.684978485107,2470
27774.682998657227,2482
27775.680541992188,2490
27776.67784690857,2490
27777.67539024353,2470
27778.672218322754,2502
27779.669761657715,2552
27780.667304992676,2594
27781.66437149048,2598
27782.66191482544,2586
27783.658981323242,2554
27784.656524658203,2526
27785.653114318848,2534
27786.651372909546,2518
27787.64820098877,2486
27788.64550590515,2482
27789.64328765869,2538
27790.653944015503,2542
27791.638135910034,2578
27792.63472557068,2550
27793.63203048706,2514
27794.62957382202,2560
27795.626401901245,2602
27796.624422073364,2526
27797.621726989746,2542
27798.61879348755,2490
27799.61657524109,2490
27800.613403320312,2538
27801.610708236694,2546
27802.608251571655,2516
27803.6048412323,2494
27804.603099822998,2536
27805.6001663208,2552
27806.59794807434,2582
27807.59596824646,2572
27808.592319488525,2538
27809.590101242065,2508
27810.58669090271,2534
27811.58447265625,2550
27812.581539154053,2522
27813.578844070435,2514
27814.576387405396,2506
27815.57297706604,2506
27816.57123565674,2538
27817.5687789917,2550
27818.565368652344,2518
27819.563150405884,2516
27820.560216903687,2506
27821.55752182007,2518
27822.55458831787,2490
27823.552131652832,2512
27824.549674987793,2510
27825.555086135864,2540
27826.544761657715,2550
27827.541828155518,2550
27828.53865623474,2514
27829.53691482544,2526
27830.533742904663,2542
27831.531286239624,2522
27832.529067993164,2514
27833.553552627563,2486
27834.551095962524,2522
27835.519790649414,2558
27836.545944213867,2542
27837.543487548828,2542
27838.54079246521,2524
27839.512586593628,2514
27840.507984161377,2534
27841.50505065918,2550
27842.50235557556,2516
27843.498945236206,2506
27844.496726989746,2484
27845.49307823181,2500
27846.491813659668,2526
27847.48911857605,2544
27848.485708236694,2502
27849.483489990234,2514
27850.480318069458,2554
27851.478099822998,2558
27852.47492790222,2608
27853.472232818604,2554
27854.470252990723,2518
27855.466842651367,2494
27856.464385986328,2502
27857.473134994507,2516
27858.458518981934,2490
27859.456300735474,2470
27860.453367233276,2474
27861.450910568237,2554
27862.44821548462,2578
27863.445520401,2526
27864.442586898804,2538
27865.439653396606,2550
27866.437673568726,2542
27867.43450164795,2508
27868.432998657227,2534
27869.430780410767,2518
27870.42784690857,2470
27871.42586708069,2502
27872.42293357849,2534
27873.42071533203,2506
27874.417543411255,2538
27875.415086746216,2540
27876.41215324402,2578
27877.40993499756,2554
27878.40700149536,2578
27879.404306411743,2550
27880.401372909546,2522
27881.398916244507,2540
27882.39622116089,2504
27883.39352607727,2502
27884.390592575073,2476
27885.388135910034,2494
27886.38472557068,2522
27887.38203048706,2546
27888.411283493042,2510
27889.40382003784,2542
27890.400648117065,2554
27891.398191452026,2542
27892.396688461304,2574
27893.39542388916,2548
27894.39058303833,2510
27895.387172698975,2510
27896.385192871094,2478
27897.382259368896,2506
27898.380517959595,2534
27899.376392364502,2524
27900.346279144287,2548
27901.350498199463,2526
27902.341604232788,2546
27903.33843231201,2556
27904.34432029724,2586
27905.335426330566,2554
27906.33249282837,2490
27907.33027458191,2502
27908.326625823975,2518
27909.323930740356,2542
27910.321474075317,2526
27911.31854057312,2542
27912.315845489502,2506
27913.313388824463,2536
27914.310216903687,2524
27915.307760238647,2526
27916.304349899292,2538
27917.30260848999,2546
27918.299436569214,2534
27919.296503067017,2514
27920.29333114624,2514
27921.318292617798,2538
27922.316312789917,2536
27923.284769058228,2526
27924.28159713745,2536
27925.279140472412,2550
27926.276445388794,2520
27927.273750305176,2514
27928.271055221558,2558
27929.26836013794,2558
27930.2659034729,2520
27931.263208389282,2502
27932.260751724243,2502
27933.258056640625,2520
27934.255123138428,2536
27935.25242805481,2538
27936.24997138977,2548
27937.247276306152,2514
27938.244581222534,2544
27939.241886138916,2538
27940.239191055298,2514
27941.23649597168,2494
27942.23380088806,2514
27943.231105804443,2482
27944.228410720825,2510
27945.225715637207,2554
27946.223258972168,2538
27947.22056388855,2546
27948.217630386353,2546
27949.215173721313,2576
27950.212478637695,2580
27951.209783554077,2522
27952.20708847046,2502
27953.20439338684,2518
27954.201698303223,2518
27955.199003219604,2522
27956.196546554565,2518
27957.193851470947,2478
27958.19091796875,2520
27959.188222885132,2582
27960.185766220093,2574
27961.183071136475,2578
27962.180852890015,2550
27963.207483291626,2514
27964.20431137085,2490
27965.17515182495,2490
27966.203927993774,2514
27967.196941375732,2482
27968.193769454956,2466
27969.191789627075,2502
27970.18837928772,2554
27971.1856842041,2602
27972.182989120483,2590
27973.180294036865,2574
27974.14994239807,2582
27975.176334381104,2550
27976.14598274231,2518
27977.16999053955,2534
27978.167057037354,2494
27979.17079925537,2466
27980.161905288696,2486
27981.1589717865,2510
27982.15627670288,2528
27983.152866363525,2570
27984.150648117065,2518
27985.14723777771,2582
27986.145734786987,2578
27987.142086029053,2578
27988.139390945435,2590
27989.137172698975,2510
27990.134239196777,2502
27991.13154411316,2484
27992.128610610962,2502
27993.09802055359,2502
27994.09556388855,2514
27995.094060897827,2518
27996.091604232788,2578
27997.08890914917,2570
27999.08208847046,2538
27999.08208847046,2578
28000.080347061157,2538
28001.07765197754,2536
28002.07471847534,2538
28003.071784973145,2524
28004.069566726685,2502
28005.067110061646,2486
28006.064891815186,2534
28006.986379623413,2538
28007.992267608643,2522
28008.992671966553,2542
28009.989500045776,2516
28011.991262435913,2526
28012.989044189453,2558
28012.989044189453,2522
28013.986349105835,2506
28014.976501464844,2490
28015.974044799805,2558
28016.97087287903,2522
28018.965005874634,2514
28019.96397972107,2536
28019.96397972107,2510
28020.960330963135,2526
28021.957635879517,2502
28023.95248413086,2546
28023.95248413086,2538
28025.946617126465,2514
28026.944875717163,2486
28027.941703796387,2522
28028.939247131348,2552
28029.93655204773,2522
28030.933618545532,2546
28031.931400299072,2534
28032.927989959717,2552
28033.925771713257,2542
28034.92307662964,2534
28035.921096801758,2536
28036.91816329956,2522
28037.914752960205,2510
28038.912534713745,2514
28039.909601211548,2502
28040.90690612793,2550
28041.90468788147,2554
28042.901515960693,2558
28043.898820877075,2546
28044.896602630615,2546
28045.894384384155,2558
28046.89121246338,2538
28047.888040542603,2498
28048.88677597046,2482
28049.883604049683,2486
28050.880193710327,2478
28051.87702178955,2506
28052.873849868774,2506
28053.871154785156,2538
28054.86822128296,2526
28055.8660030365,2526
28056.8630695343,2582
28057.860612869263,2598
28058.857679367065,2534
28059.855222702026,2524
28060.85228919983,2514
28061.84959411621,2506
28062.847137451172,2510
28063.844442367554,2504
28064.841747283936,2510
28065.839052200317,2502
28066.83659553528,2514
28067.83366203308,2516
28068.830966949463,2568
28069.828510284424,2570
28070.825815200806,2576
28071.82288169861,2554
28072.82018661499,2532
28073.81796836853,2494
28074.815034866333,2486
28075.812578201294,2504
28076.809883117676,2478
28077.80694961548,2480
28078.80449295044,2514
28079.80227470398,2536
28080.79957962036,2544
28081.796646118164,2574
28082.793712615967,2558
28083.791255950928,2506
28084.78856086731,2526
28085.78586578369,2544
28086.783170700073,2556
28087.780475616455,2512
28088.778018951416,2474
28089.77508544922,2510
28090.77262878418,2502
28091.769695281982,2554
28092.767238616943,2584
28093.764305114746,2550
28094.761848449707,2506
28095.75915336609,2558
28096.75621986389,2504
28097.753763198853,2546
28098.751068115234,2534
28099.748373031616,2486
28100.745677947998,2492
28101.74298286438,2478
28102.74028778076,2522
28103.737831115723,2526
28104.735136032104,2510
28105.732440948486,2482
28106.729745864868,2526
28107.72705078125,2574
28108.72459411621,2554
28109.72237586975,2526
28110.719203948975,2518
28111.716747283936,2510
28112.71381378174,2502
28113.7113571167,2544
28114.708423614502,2556
28115.710496902466,2482
28116.703271865845,2490
28117.700576782227,2550
28118.69788169861,2558
28119.73261833191,2582
28120.69296836853,2522
28121.726512908936,2474
28122.717142105103,2486
28123.713731765747,2552
28124.712705612183,2542
28125.70834159851,2488
28126.70588493347,2512
28127.70366668701,2516
28128.700971603394,2536
28129.697799682617,2534
28130.69486618042,2530
28131.69240951538,2514
28132.697582244873,2484
28133.692502975464,2506
28134.655475616455,2514
28135.68162918091,2504
28136.67941093445,2494
28137.67695426941,2510
28138.644695281982,2556
28139.64343070984,2554
28140.64073562622,2544
28141.63827896118,2542
28142.635107040405,2552
28143.632411956787,2538
28144.629955291748,2514
28145.626306533813,2490
28146.62456512451,2486
28147.621870040894,2478
28148.619174957275,2482
28149.616479873657,2540
28150.61330795288,2502
28151.610612869263,2528
28152.608156204224,2614
28153.605461120605,2584
28154.603004455566,2522
28155.59959411621,2528
28156.59785270691,2490
28157.59539604187,2494
28158.592462539673,2504
28159.589767456055,2494
28160.586833953857,2474
28161.58413887024,2492
28162.58144378662,2522
28163.578748703003,2586
28164.576530456543,2610
28165.57288169861,2554
28166.571140289307,2546
28167.56844520569,2558
28168.565273284912,2542
28169.562578201294,2514
28170.560121536255,2482
28171.557426452637,2446
28172.55449295044,2474
28173.55227470398,2514
28174.548625946045,2558
28175.546407699585,2522
28176.544427871704,2518
28177.55627632141,2554
28178.548574447632,2602
28179.537057876587,2574
28180.533409118652,2538
28181.530714035034,2516
28182.528734207153,2476
28183.525800704956,2460
28184.523105621338,2494
28185.51993370056,2518
28186.5177154541,2482
28187.51549720764,2510
28188.511610031128,2558
28189.509868621826,2552
28190.50645828247,2550
28191.50471687317,2570
28192.501544952393,2548
28193.498849868774,2502
28194.496393203735,2490
28195.493936538696,2490
28196.4910030365,2486
28197.48854637146,2502
28198.485374450684,2506
28199.483394622803,2506
28200.479984283447,2508
28201.47752761841,2542
28202.47459411621,2574
28203.471899032593,2536
28204.469919204712,2522
28205.467700958252,2478
28206.464529037476,2480
28207.46159553528,2524
28208.45866203308,2518
28209.45644378662,2484
28210.453510284424,2490
28211.450338363647,2510
28212.44764328003,2542
28213.44494819641,2554
28214.442491531372,2554
28215.439319610596,2526
28216.437339782715,2472
28217.434883117676,2506
28218.4317111969,2548
28219.42925453186,2510
28220.426321029663,2518
28221.423625946045,2522
28222.420930862427,2550
28223.41823577881,2570
28224.41601753235,2582
28225.412607192993,2550
28226.41110420227,2510
28227.408170700073,2546
28228.405475616455,2544
28229.402780532837,2522
28230.39960861206,2502
28231.396913528442,2494
28232.39517211914,2502
28233.391761779785,2518
28234.389543533325,2524
28235.38637161255,2558
28236.38415336609,2522
28237.388134002686,2524
28238.377571105957,2570
28239.37487602234,2546
28240.37218093872,2504
28241.39142036438,2474
28242.395401000977,2488
28243.396759033203,2474
28244.3904876709,2490
28245.388507843018,2526
28246.384382247925,2520
28247.382164001465,2536
28248.379468917847,2578
28249.37629699707,2546
28250.37407875061,2504
28251.371383666992,2522
28252.369165420532,2514
28253.36718559265,2490
28254.363298416138,2488
28255.361080169678,2494
28256.358861923218,2494
28257.338762283325,2518
28258.32438468933,2526
28259.321689605713,2574
28260.318994522095,2518
28261.316299438477,2538
28262.313842773438,2554
28263.31090927124,2538
28264.308214187622,2486
28265.305757522583,2410
28266.30997657776,2470
28267.300605773926,2476
28268.29767227173,2490
28269.29521560669,2506
28270.29252052307,2544
28271.289825439453,2520
28272.287130355835,2546
28273.3154296875,2604
28274.311304092407,2596
28275.279760360718,2558
28276.307344436646,2510
28277.30369567871,2524
28278.300285339355,2514
28279.30498123169,2486
28280.293464660645,2484
28281.29243850708,2518
28282.288551330566,2534
28283.286809921265,2542
28284.28363800049,2554
28285.282373428345,2540
28286.25226020813,2554
28287.27626800537,2576
28288.273572921753,2542
28289.271354675293,2518
28290.268421173096,2542
28291.237831115723,2470
28292.267084121704,2474
28293.267250061035,2520
28294.257402420044,2512
28295.254945755005,2510
28296.223640441895,2554
28297.22285270691,2582
28298.219203948975,2532
28299.215078353882,2522
28300.21381378174,2550
28301.210641860962,2542
28302.207946777344,2506
28303.205490112305,2522
28304.23092842102,2522
28305.228233337402,2486
28306.226015090942,2510
28307.223796844482,2550
28308.22515487671,2558
28309.21721458435,2550
28310.21547317505,2542
28311.212062835693,2550
28312.209606170654,2544
28313.206911087036,2482
28314.204216003418,2506
28315.2015209198,2522
28316.171407699585,2502
28317.19660758972,2510
28318.16577911377,2512
28319.162607192993,2526
28320.159196853638,2522
28321.1567401886,2514
28322.15404510498,2548
28323.15993309021,2526
28324.148416519165,2516
28325.145959854126,2518
28326.151847839355,2518
28327.141284942627,2534
28328.139305114746,2512
28329.164266586304,2502
28330.162286758423,2536
28331.159591674805,2578
28332.15594291687,2598
28333.15420150757,2596
28334.156036376953,2506
28335.148811340332,2510
28336.145401000977,2534
28337.148189544678,2526
28338.140964508057,2528
28339.13803100586,2494
28341.105222702026,2476
28341.105222702026,2514
28342.10205078125,2588
28343.099117279053,2590
28344.096660614014,2558
28345.093965530396,2554
28346.091985702515,2550
28347.08857536316,2520
28348.08588027954,2522
28349.08628463745,2506
28350.080490112305,2454
28351.078510284424,2450
28352.075338363647,2474
28353.07240486145,2512
28354.07018661499,2554
28355.067491531372,2554
28356.06360435486,2574
28357.062816619873,2546
28358.060359954834,2522
28359.05694961548,2514
28360.05401611328,2598
28361.051082611084,2506
28362.048625946045,2470
28363.045930862427,2486
28364.04299736023,2502
28366.03879928589,2518
28366.03879928589,2554
28367.035150527954,2554
28368.059396743774,2554
28369.056224822998,2540
28370.054006576538,2556
28371.0515499115,2580
28372.048377990723,2558
28373.04639816284,2498
28374.030828475952,2510
28375.041007995605,2462
28376.039266586304,2474
28377.036094665527,2518
28378.03316116333,2544
28379.029989242554,2526
28380.996704101562,2528
28381.993532180786,2546
28381.993532180786,2586
28382.990837097168,2582
28383.98838043213,2554
28385.982990264893,2522
28386.98124885559,2490
28386.98124885559,2514
28387.978076934814,2506
28388.975143432617,2518
28389.97220993042,2514
28390.97023010254,2572
28391.967058181763,2506
28392.964124679565,2550
28393.961668014526,2570
28394.95897293091,2550
28395.95627784729,2490
28396.95382118225,2550
28397.951126098633,2526
28398.948669433594,2502
28399.945735931396,2482
28400.9428024292,2502
28401.94034576416,2502
28402.937650680542,2482
28403.934717178345,2510
28405.929803848267,2498
28406.92687034607,2514
28407.92441368103,2506
28408.921718597412,2506
28409.919023513794,2534
28410.916328430176,2546
28411.913633346558,2518
28412.91117668152,2504
28413.90824317932,2512
28414.905548095703,2508
28415.903091430664,2546
28416.900634765625,2534
28417.897939682007,2544
28418.895483016968,2570
28419.89254951477,2518
28420.889616012573,2546
28421.886920928955,2522
28422.884464263916,2482
28423.881769180298,2526
28424.87907409668,2498
28425.87661743164,2482
28426.873683929443,2546
28427.871465682983,2550
28428.868293762207,2536
28429.86559867859,2518
28430.86290359497,2516
28431.860208511353,2516
28432.857751846313,2482
28433.854818344116,2520
28434.852123260498,2522
28435.84966659546,2484
28436.84697151184,2516
28437.844276428223,2524
28438.841581344604,2554
28439.838886260986,2604
28440.836191177368,2574
28441.83349609375,2558
28442.83103942871,2542
28443.828344345093,2522
28444.825649261475,2522
28445.822954177856,2526
28446.820735931396,2488
28447.81804084778,2494
28448.81510734558,2474
28449.812650680542,2528
28450.809717178345,2510
28451.807022094727,2554
28452.80432701111,2546
28453.80187034607,2550
28454.79917526245,2570
28455.796480178833,2532
28456.793546676636,2478
28457.791566848755,2506
28458.788871765137,2470
28459.78569984436,2462
28460.78324317932,2494
28461.780309677124,2514
28462.777614593506,2490
28463.774919509888,2546
28464.77222442627,2614
28465.77000617981,2574
28466.767072677612,2558
28467.76533126831,2554
28468.791007995605,2550
28469.78807449341,2502
28470.78537940979,2522
28471.781969070435,2518
28472.779035568237,2488
28473.77896308899,2512
28474.74765777588,2522
28475.754022598267,2512
28476.76944732666,2534
28477.767944335938,2554
28478.76477241516,2572
28479.761362075806,2522
28480.758905410767,2544
28481.75597190857,2512
28482.754468917847,2488
28483.749389648438,2482
28484.747648239136,2494
28485.745668411255,2506
28486.741304397583,2486
28487.739086151123,2504
28488.736629486084,2544
28489.734411239624,2572
28490.734100341797,2520
28491.72878265381,2522
28492.72584915161,2550
28493.72386932373,2540
28494.720935821533,2502
28495.718955993652,2514
28496.71506881714,2510
28497.714042663574,2520
28498.709440231323,2506
28499.706745147705,2512
28500.707387924194,2546
28501.701831817627,2526
28502.705097198486,2542
28503.713369369507,2526
28504.666090011597,2494
28505.664110183716,2526
28506.66117668152,2522
28507.688283920288,2486
28508.68582725525,2510
28509.684562683105,2538
28510.679960250854,2514
28511.681079864502,2526
28512.675046920776,2524
28513.671875,2514
28514.668226242065,2546
28515.63811302185,2524
28516.66307449341,2504
28517.658472061157,2490
28518.656492233276,2550
28519.62661743164,2518
28520.622968673706,2488
28521.620273590088,2542
28522.61734008789,2522
28523.61488342285,2506
28524.612188339233,2546
28525.609731674194,2546
28526.606798171997,2518
28527.604341506958,2526
28528.60164642334,2526
28529.598712921143,2478
28530.596256256104,2502
28531.593561172485,2518
28532.590866088867,2504
28533.58817100525,2554
28534.597158432007,2526
28535.58325767517,2554
28536.580562591553,2546
28537.578105926514,2550
28538.575172424316,2534
28539.5724773407,2506
28540.5695438385,2518
28541.567087173462,2494
28542.564392089844,2494
28543.561697006226,2522
28544.559001922607,2514
28545.559406280518,2506
28546.562433242798,2516
28547.55687713623,2538
28548.548221588135,2550
28549.545526504517,2552
28550.556898117065,2558
28551.568508148193,2546
28552.566528320312,2554
28553.563117980957,2506
28554.561138153076,2502
28555.55772781372,2478
28556.556224822998,2484
28557.525396347046,2558
28558.549642562866,2542
28559.547185897827,2546
28560.54735183716,2568
28561.54179573059,2578
28562.53933906555,2576
28563.50827217102,2536
28564.505577087402,2538
28565.503120422363,2506
28566.50447845459,2482
28567.500591278076,2486
28568.4974193573,2514
28569.494485855103,2494
28570.491552352905,2520
28571.488618850708,2534
28572.48592376709,2558
28573.482990264893,2570
28574.480533599854,2576
28575.478315353394,2538
28576.475143432617,2510
28577.472925186157,2518
28578.46999168396,2514
28579.467058181763,2514
28580.464363098145,2494
28581.49027824402,2498
28582.45897293091,2542
28583.484649658203,2522
28584.489583969116,2534
28585.479259490967,2544
28586.480379104614,2522
28587.47363090515,2570
28588.470697402954,2538
28589.468240737915,2542
28590.465784072876,2514
28591.46285057068,2494
28592.46015548706,2494
28593.457221984863,2522
28594.454765319824,2512
28595.452547073364,2486
28596.42267227173,2510
28597.418308258057,2570
28598.44660758972,2510
28599.413871765137,2534
28600.44503211975,2538
28601.436376571655,2506
28602.433443069458,2494
28603.43098640442,2502
28604.42852973938,2538
28605.39937019348,2526
28606.422901153564,2550
28607.39302635193,2554
28608.417749404907,2534
28609.42029953003,2546
28610.41212081909,2554
28611.411571502686,2534
28612.407207489014,2542
28613.404273986816,2504
28614.402532577515,2480
28615.39912223816,2510
28616.396188735962,2574
28617.39468574524,2510
28618.391752243042,2514
28619.388580322266,2540
28620.38564682007,2542
28621.384859085083,2552
28622.380018234253,2542
28623.37851524353,2538
28624.375104904175,2494
28625.372409820557,2514
28626.340627670288,2544
28627.338647842407,2542
28628.336429595947,2548
28629.33325767517,2542
28630.330562591553,2570
28631.327867507935,2554
28632.32445716858,2582
28633.322954177856,2554
28634.32025909424,2546
28635.317087173462,2522
28636.314868927002,2490
28637.312650680542,2506
28638.309240341187,2498
28639.306783676147,2538
28640.30361175537,2550
28641.30163192749,2542
28642.298221588135,2532
28643.295764923096,2544
28644.293069839478,2582
28645.291566848755,2538
28646.28791809082,2516
28647.28546142578,2522
28648.282527923584,2498
28649.280071258545,2462
28650.27689933777,2510
28651.27444267273,2522
28652.27174758911,2510
28653.269052505493,2492
28654.266595840454,2522
28655.263423919678,2570
28656.2659740448,2598
28657.2585105896,2554
28658.257722854614,2550
28659.2538356781,2494
28660.250902175903,2538
28661.247968673706,2538
28662.245750427246,2528
28663.243055343628,2500
28664.24036026001,2482
28665.23766517639,2494
28666.23592376709,2534
28667.232513427734,2572
28668.229579925537,2550
28669.227123260498,2522
28670.22442817688,2514
28671.22197151184,2558
28672.219276428223,2550
28673.216581344604,2538
28674.214124679565,2488
28675.211668014526,2474
28676.21421813965,2506
28677.20675468445,2542
28678.203344345093,2542
28679.200649261475,2482
28680.197954177856,2514
28681.19502067566,2538
28682.19232559204,2582
28683.189868927002,2570
28684.187173843384,2538
28685.184478759766,2522
28686.182498931885,2518
28687.179565429688,2522
28688.18998336792,2510
28689.175128936768,2522
28690.17195701599,2508
28691.16759300232,2512
28692.164421081543,2576
28693.161725997925,2606
28694.158792495728,2598
28695.15633583069,2556
28696.15364074707,2506
28697.150945663452,2546
28698.148250579834,2546
28699.145555496216,2570
28700.142860412598,2530
28701.14016532898,2538
28702.13747024536,2504
28703.134775161743,2518
28704.132080078125,2526
28705.129861831665,2522
28706.126928329468,2520
28707.12423324585,2518
28708.12153816223,2478
28709.118843078613,2502
28710.116147994995,2502
28711.113452911377,2510
28712.110996246338,2514
28713.10830116272,2514
28714.1056060791,2518
28715.102672576904,2614
28716.100215911865,2552
28718.1077003479,2538
28718.1077003479,2506
28719.09260749817,2570
28720.090627670288,2508
28721.086978912354,2486
28722.084522247314,2502
28723.081827163696,2486
28724.0788936615,2482
28725.07619857788,2542
28726.07374191284,2554
28727.071285247803,2554
28728.068351745605,2574
28729.065895080566,2572
28730.06319999695,2536
28731.06026649475,2510
28732.057571411133,2490
28733.054876327515,2482
28734.052181243896,2466
28736.047744750977,2482
28736.047744750977,2490
28737.04433441162,2524
28738.07191848755,2570
28739.068269729614,2550
28740.073204040527,2576
28741.0626411438,2578
28742.06018447876,2534
28743.05772781372,2494
28744.054794311523,2538
28745.05853652954,2522
28746.057271957397,2510
28748.02255630493,2450
28748.02255630493,2482
28749.01247024536,2518
28750.011682510376,2522
28751.00803375244,2554
28752.005577087402,2622
28753.002643585205,2534
28754.000902175903,2486
28754.997491836548,2520
28755.99431991577,2522
28756.99257850647,2472
28758.715867996216,2448
28759.721279144287,2460
28760.722637176514,2478
28761.719703674316,2488
28762.7170085907,2520
28763.713121414185,2578
28764.711380004883,2550
28765.716552734375,2526
28766.70551300049,2578
28767.70305633545,2542
28768.699884414673,2544
28769.697427749634,2502
28770.694494247437,2514
28771.69156074524,2502
28772.68886566162,2478
28773.68664741516,2512
28774.684190750122,2526
28775.681734085083,2534
28776.679039001465,2584
28777.687549591064,2546
28778.676986694336,2504
28779.671907424927,2512
28780.668258666992,2522
28781.665325164795,2502
28782.662630081177,2508
28783.65993499756,2498
28784.65723991394,2454
28785.6547832489,2490
28786.651849746704,2514
28787.649393081665,2518
28788.646459579468,2510
28789.644241333008,2552
28790.64178466797,2542
28791.63885116577,2542
28792.635917663574,2570
28793.633222579956,2534
28794.631004333496,2526
28795.62759399414,2486
28796.62561416626,2520
28797.62315750122,2534
28798.620223999023,2578
28799.617767333984,2546
28800.614595413208,2554
28801.612377166748,2550
28802.60944366455,2518
28803.606510162354,2540
28804.604530334473,2522
28805.600881576538,2506
28806.599140167236,2506
28807.59572982788,2488
28808.594465255737,2518
28809.590339660645,2538
28810.5890750885,2542
28811.585664749146,2522
28812.583923339844,2508
28813.58003616333,2550
28814.57805633545,2556
28815.574645996094,2524
28816.574096679688,2486
28817.57426261902,2490
28818.567037582397,2534
28819.56434249878,2510
28820.561408996582,2518
28821.558952331543,2544
28822.556257247925,2554
28823.553562164307,2546
28824.551582336426,2542
28825.549364089966,2574
28826.5483379364,2538
28827.557802200317,2512
28828.54676246643,2488
28829.53667640686,2498
28830.533742904663,2486
28831.531047821045,2470
28832.528352737427,2502
28833.525896072388,2534
28834.52296257019,2582
28835.52050590515,2570
28836.517572402954,2550
28837.515115737915,2572
28838.512420654297,2520
28839.50972557068,2500
28840.50703048706,2512
28841.515064239502,2486
28842.501878738403,2486
28843.499422073364,2428
28844.496726989746,2498
28845.49379348755,2598
28846.49133682251,2510
28847.48864173889,2534
28848.485946655273,2554
28849.483013153076,2578
28850.480318069458,2576
28851.47786140442,2542
28852.4751663208,2492
28853.472471237183,2502
28854.469776153564,2478
28855.467081069946,2486
28856.464385986328,2510
28857.462167739868,2522
28858.45923423767,2538
28859.485864639282,2578
28860.482215881348,2546
28861.47952079773,2586
28862.478971481323,2620
28863.474130630493,2588
28864.471435546875,2542
28865.468978881836,2538
28866.439819335938,2514
28867.464065551758,2490
28868.46089363098,2514
28869.457960128784,2522
28870.455026626587,2506
28871.43564224243,2524
28872.422695159912,2526
28873.420238494873,2522
28874.41849708557,2554
28875.415802001953,2554
28876.412868499756,2470
28877.410173416138,2474
28878.40700149536,2536
28879.404306411743,2490
28880.401372909546,2478
28881.398916244507,2494
28882.39622116089,2528
28883.39328765869,2522
28884.390592575073,2522
28885.387897491455,2558
28886.385917663574,2586
28887.382745742798,2526
28888.389587402344,2526
28889.377117156982,2542
28890.374898910522,2570
28891.371726989746,2528
28892.369031906128,2542
28893.36633682251,2526
28894.36388015747,2526
28895.36190032959,2518
28896.3725566864,2578
28897.356271743774,2578
28898.380279541016,2526
28899.377822875977,2522
28900.375604629517,2526
28901.34572982788,2550
28902.345180511475,2542
28903.340816497803,2518
28904.337644577026,2522
28905.33447265625,2512
28906.33273124695,2546
28907.339811325073,2542
28908.326387405396,2578
28909.323930740356,2550
28910.32099723816,2526
28911.31830215454,2542
28912.315607070923,2542
28913.313150405884,2522
28914.310693740845,2522
28915.307998657227,2482
28916.305541992188,2522
28917.30284690857,2526
28918.30015182495,2540
28919.296979904175,2574
28920.294284820557,2546
28921.292066574097,2512
28922.28889465332,2506
28923.28667640686,2526
28924.2844581604,2470
28925.281286239624,2480
28926.27787590027,2480
28927.276372909546,2490
28928.27296257019,2486
28929.27074432373,2522
28930.268049240112,2550
28931.279182434082,2554
28932.26647377014,2550
28933.260679244995,2522
28934.25750732422,2524
28935.25505065918,2554
28936.25235557556,2510
28937.249898910522,2472
28938.246726989746,2462
28939.244270324707,2468
28940.24157524109,2522
28941.23935699463,2550
28942.235946655273,2518
28943.233489990234,2494
28944.231033325195,2544
28945.22786140442,2586
28946.22564315796,2546
28947.2234249115,2544
28948.220014572144,2482
28949.217796325684,2428
28950.214624404907,2446
28951.212406158447,2510
28952.20994949341,2502
28953.206777572632,2470
28954.204559326172,2476
28955.201387405396,2510
28956.199169158936,2550
28957.196712493896,2590
28958.194255828857,2574
28959.19108390808,2528
28960.187911987305,2494
28961.18474006653,2506
28962.18228340149,2484
28963.180780410767,2486
28964.17760848999,2492
28965.17515182495,2516
28966.172695159912,2474
28967.49496459961,2534
28968.50037574768,2558
28969.512224197388,2558
28970.497369766235,2538
28971.494913101196,2538
28972.491979599,2472
28973.48952293396,2538
28974.48706626892,2520
28975.484371185303,2488
28976.481914520264,2494
28977.479219436646,2508
28978.47604751587,2514
28979.47335243225,2536
28980.470895767212,2554
28981.467962265015,2542
28982.465982437134,2538
28983.463764190674,2538
28984.46035385132,2510
28985.45789718628,2510
28986.45520210266,2492
28987.452745437622,2490
28988.449335098267,2510
28989.447116851807,2542
28990.44418334961,2546
28991.44196510315,2538
28992.438793182373,2514
28993.43705177307,2554
28994.43507194519,2544
28995.434284210205,2512
28996.429443359375,2502
28997.4262714386,2522
28998.422861099243,2514
28999.420404434204,2526
29000.417232513428,2570
29001.41477584839,2510
29002.41208076477,2520
29003.40986251831,2510
29004.407167434692,2574
29005.404710769653,2538
29006.402015686035,2506
29007.39812850952,2482
29008.397102355957,2524
29009.393453598022,2520
29010.390758514404,2506
29011.388540267944,2510
29012.385606765747,2520
29013.38267326355,2542
29014.380931854248,2550
29015.378713607788,2550
29016.37578010559,2546
29017.372608184814,2518
29018.369674682617,2502
29019.367218017578,2526
29020.36428451538,2510
29021.36182785034,2478
29022.358655929565,2474
29023.356914520264,2506
29024.354457855225,2514
29025.35057067871,2518
29026.34882926941,2514
29027.34613418579,2514
29028.342723846436,2574
29029.341220855713,2574
29030.3373336792,2514
29031.33487701416,2510
29032.334089279175,2482
29033.329963684082,2478
29034.327268600464,2478
29035.324573516846,2506
29036.323070526123,2498
29037.319660186768,2506
29038.316249847412,2518
29039.313554763794,2518
29040.310859680176,2546
29041.308879852295,2526
29042.30570793152,2512
29043.3030128479,2526
29044.30055618286,2542
29045.297622680664,2518
29046.295166015625,2486
29047.292709350586,2482
29048.28929901123,2514
29049.28755760193,2490
29050.284385681152,2538
29051.281452178955,2534
29052.2780418396,2526
29053.276777267456,2544
29054.27384376526,2586
29055.27091026306,2540
29056.26893043518,2518
29057.265520095825,2486
29058.263301849365,2458
29059.260368347168,2522
29060.25743484497,2512
29061.25521659851,2516
29062.252044677734,2486
29063.249826431274,2550
29064.247131347656,2544
29065.244913101196,2576
29066.24174118042,2490
29067.2390460968,2544
29068.248510360718,2520
29069.233894348145,2518
29070.23048400879,2526
29071.22802734375,2506
29072.225332260132,2492
29073.222637176514,2502
29074.220418930054,2574
29075.21653175354,2526
29076.2140750885,2526
29077.210903167725,2534
29078.208208084106,2574
29079.205751419067,2532
29080.20305633545,2570
29081.20036125183,2510
29082.197666168213,2520
29083.195447921753,2542
29084.192514419556,2546
29085.190057754517,2550
29086.18712425232,2486
29087.1844291687,2502
29088.181734085083,2510
29089.179277420044,2534
29090.176582336426,2534
29091.173887252808,2522
29092.17095375061,2524
29093.16849708557,2506
29094.165802001953,2500
29095.163106918335,2526
29096.160650253296,2522
29097.1577167511,2524
29098.15502166748,2534
29099.152326583862,2538
29100.149631500244,2538
29101.146936416626,2528
29102.144241333008,2550
29103.14154624939,2550
29104.13908958435,2590
29105.136394500732,2512
29106.133699417114,2486
29107.15937614441,2510
29108.15668106079,2534
29109.153985977173,2548
29110.151290893555,2546
29111.148834228516,2534
29112.14566230774,2494
29113.11960220337,2518
29114.113092422485,2546
29115.111112594604,2524
29116.109132766724,2482
29117.10548400879,2482
29118.10278892517,2522
29119.099855422974,2506
29120.097398757935,2542
29121.094465255737,2546
29123.088598251343,2546
29123.088598251343,2524
29124.08757209778,2554
29125.084400177002,2544
29126.08242034912,2542
29127.093076705933,2518
29128.077030181885,2518
29129.074335098267,2502
29130.071878433228,2502
29131.06894493103,2520
29132.066249847412,2542
29133.063793182373,2518
29134.060859680176,2508
29135.058403015137,2540
29136.055946350098,2540
29138.048887252808,2542
29138.048887252808,2546
29139.07504081726,2522
29140.0728225708,2522
29141.069889068604,2506
29143.036127090454,2502
29143.036127090454,2510
29144.038915634155,2478
29145.031690597534,2506
29146.02828025818,2540
29147.02606201172,2556
29149.019479751587,2550
29149.019479751587,2580
29150.01630783081,2570
29151.013374328613,2522
29152.010917663574,2552
29153.038024902344,2578
29154.034852981567,2534
29155.04741668701,2504
29156.02970123291,2508
29157.02772140503,2528
29158.02526473999,2514
29159.021615982056,2534
29160.018920898438,2544
29161.016702651978,2526
29162.0135307312,2574
29163.011074066162,2582
29164.008855819702,2546
29165.005922317505,2528
29166.004419326782,2506
29167.00029373169,2494
29168.96677017212,2506
29168.96677017212,2502
29169.992685317993,2546
29170.989274978638,2534
29171.987295150757,2506
29173.96855354309,2546
29173.96855354309,2550
29174.949645996094,2570
29175.946950912476,2548
29176.944494247437,2582
29178.942680358887,2526
29179.956674575806,2506
29180.934190750122,2510
29181.931018829346,2550
29182.928323745728,2534
29183.92586708069,2514
29184.92317199707,2546
29185.920476913452,2522
29186.917781829834,2540
29187.915086746216,2516
29188.912391662598,2522
29189.90969657898,2520
29190.90723991394,2518
29191.904544830322,2546
29192.901611328125,2554
29193.899154663086,2518
29194.896936416626,2518
29195.89400291443,2538
29196.89130783081,2502
29197.888612747192,2534
29198.885679244995,2534
29199.883222579956,2524
29200.880527496338,2490
29201.87759399414,2510
29202.874898910522,2518
29203.872203826904,2510
29204.869747161865,2526
29205.867052078247,2532
29206.86411857605,2514
29207.86166191101,2534
29208.858966827393,2546
29209.856510162354,2542
29210.854053497314,2518
29211.851358413696,2504
29212.8484249115,2518
29213.84572982788,2512
29214.873552322388,2550
29215.8420085907,2510
29216.869115829468,2494
29217.86665916443,2518
29218.862533569336,2578
29219.859838485718,2550
29220.857620239258,2554
29221.85492515564,2554
29222.85270690918,2550
29223.848581314087,2526
29224.84588623047,2512
29225.81434249878,2514
29226.811408996582,2472
29227.837562561035,2492
29228.836059570312,2514
29229.8321723938,2558
29230.82947731018,2538
29231.826782226562,2538
29232.82480239868,2546
29233.821630477905,2582
29234.819889068604,2558
29235.819578170776,2526
29236.81902885437,2526
29237.81132698059,2514
29238.808155059814,2490
29239.776611328125,2534
29240.776538848877,2506
29241.772890090942,2510
29242.769479751587,2546
29243.76678466797,2578
29244.76456642151,2558
29245.761156082153,2546
29246.759176254272,2570
29247.756242752075,2558
29248.753547668457,2550
29249.75085258484,2514
29250.74791908264,2490
29251.745223999023,2478
29252.742767333984,2480
29253.740072250366,2510
29254.737377166748,2538
29255.73468208313,2512
29256.73246383667,2510
29257.729291915894,2526
29258.726596832275,2576
29259.724378585815,2546
29260.72120666504,2542
29261.71875,2522
29262.716054916382,2510
29263.713359832764,2526
29264.710903167725,2532
29265.723705291748,2516
29266.705989837646,2514
29267.704486846924,2544
29268.699645996094,2518
29269.69838142395,2550
29270.694971084595,2546
29271.692276000977,2552
29272.68934249878,2510
29273.68688583374,2534
29274.6844291687,2512
29275.681257247925,2542
29276.679039001465,2516
29277.676343917847,2490
29278.67341041565,2490
29279.67095375061,2502
29280.668020248413,2538
29281.665325164795,2514
29282.66215324402,2526
29283.660411834717,2524
29284.6577167511,2518
29285.654067993164,2544
29286.65256500244,2526
29287.649869918823,2526
29288.646697998047,2506
29289.644241333008,2522
29290.640592575073,2502
29291.63885116577,2508
29292.635917663574,2534
29293.633222579956,2542
29294.631004333496,2534
29295.629262924194,2546
29296.62537574768,2522
29297.6233959198,2490
29298.629999160767,2510
29299.617767333984,2542
29300.614595413208,2534
29301.61213874817,2514
29302.60944366455,2512
29303.606510162354,2546
29304.604530334473,2554
29305.601596832275,2510
29306.602239608765,2516
29307.596683502197,2522
29308.59327316284,2506
29309.590816497803,2506
29310.587882995605,2494
29311.585426330566,2506
29312.58273124695,2486
29313.58003616333,2534
29314.587116241455,2554
29315.574169158936,2576
29316.572427749634,2542
29317.569494247437,2534
29318.56679916382,2570
29319.56386566162,2534
29320.561408996582,2490
29321.5594291687,2514
29322.556018829346,2512
29323.553323745728,2526
29324.551105499268,2502
29325.547456741333,2510
29326.54595375061,2534
29327.54421234131,2526
29328.539848327637,2558
29329.538345336914,2570
29330.53493499756,2600
29331.53200149536,2502
29332.53002166748,2490
29333.526849746704,2488
29334.524393081665,2520
29335.521936416626,2486
29336.520195007324,2474
29337.51678466797,2514
29338.514804840088,2502
29339.51187133789,2558
29340.50941467285,2570
29341.506242752075,2576
29342.503786087036,2540
29343.501091003418,2520
29344.49863433838,2514
29345.49593925476,2502
29346.4937210083,2518
29347.490787506104,2524
29348.487615585327,2498
29349.512577056885,2486
29350.51417350769,2546
29351.51195526123,2536
29352.50473022461,2558
29353.50203514099,2534
29354.499340057373,2558
29355.496406555176,2536
29356.464862823486,2534
29357.463121414185,2538
29358.47043991089,2514
29359.45701599121,2488
29360.45551300049,2494
29361.452102661133,2514
29362.449407577515,2504
29363.446950912476,2514
29364.444732666016,2514
29365.44108390808,2542
29366.43958091736,2548
29367.43688583374,2518
29368.433952331543,2554
29369.430541992188,2522
29370.42784690857,2506
29371.42539024353,2516
29372.422456741333,2510
29373.420000076294,2526
29374.417543411255,2514
29375.414848327637,2534
29376.413345336914,2542
29377.410173416138,2516
29378.406763076782,2584
29379.403829574585,2534
29380.401372909546,2504
29381.398916244507,2510
29382.396936416626,2518
29383.421659469604,2484
29384.42373275757,2526
29385.422229766846,2550
29386.41381263733,2510
29387.430906295776,2486
29388.408660888672,2520
29389.378309249878,2538
29390.374183654785,2518
29391.37315750122,2518
29392.369508743286,2536
29393.36657524109,2492
29394.36411857605,2546
29395.36142349243,2544
29396.35992050171,2516
29397.356510162354,2526
29398.354053497314,2526
29399.351358413696,2552
29400.34794807434,2558
29401.3454914093,2550
29402.342796325684,2554
29403.339862823486,2542
29404.337644577026,2542
29405.335903167725,2546
29406.33225440979,2502
29407.330751419067,2506
29408.32781791687,2510
29409.324884414673,2534
29410.321950912476,2536
29411.319255828857,2502
29412.31656074524,2542
29413.31386566162,2542
29414.337873458862,2558
29415.309190750122,2514
29416.33367538452,2512
29417.330503463745,2484
29418.328285217285,2502
29419.29793357849,2488
29420.294284820557,2536
29421.292781829834,2554
29422.2891330719,2550
29423.28691482544,2586
29424.28493499756,2550
29425.281763076782,2550
29426.28026008606,2550
29427.276372909546,2582
29428.27320098877,2542
29429.27098274231,2494
29430.26852607727,2456
29431.265354156494,2494
29432.262897491455,2506
29433.260440826416,2554
29434.257745742798,2518
29435.2548122406,2506
29436.253309249878,2526
29437.249898910522,2598
29438.246488571167,2596
29439.24379348755,2558
29440.24109840393,2522
29441.23888015747,2458
29442.235708236694,2490
29443.233013153076,2500
29444.230556488037,2506
29445.22786140442,2472
29446.22540473938,2516
29447.22318649292,2526
29448.220014572144,2538
29449.21827316284,2602
29450.226545333862,2606
29451.21741294861,2546
29452.20923423767,2538
29453.206539154053,2506
29454.204559326172,2494
29455.201387405396,2520
29456.198930740356,2522
29457.196712493896,2518
29458.1937789917,2502
29459.190607070923,2538
29460.188388824463,2538
29461.185216903687,2538
29462.18252182007,2556
29463.17982673645,2582
29464.17760848999,2482
29465.174674987793,2480
29466.17364883423,2524
29467.170000076294,2506
29468.16635131836,2518
29469.16389465332,2468
29470.16143798828,2498
29471.158742904663,2526
29472.156286239624,2548
29473.153591156006,2578
29474.151134490967,2570
29475.17991065979,2526
29476.146936416626,2478
29477.171659469604,2514
29478.168964385986,2526
29479.166507720947,2534
29480.13401031494,2506
29481.131553649902,2514
29482.130527496338,2538
29483.12759399414,2568
29484.124660491943,2536
29485.121726989746,2538
29486.119270324707,2522
29487.11633682251,2514
29488.113403320312,2570
29489.110946655273,2514
29490.108251571655,2478
29491.106033325195,2486
29492.10286140442,2520
29493.1001663208,2554
29494.09770965576,2584
29495.094776153564,2514
29496.093034744263,2516
29497.089385986328,2526
29498.08669090271,2596
29499.08471107483,2514
29500.081539154053,2470
29501.078844070435,2502
29502.075910568237,2490
29503.07297706604,2538
29504.07099723816,2520
29505.068063735962,2538
29506.065607070923,2522
29507.063388824463,2550
29508.06450843811,2556
29509.05704498291,2582
29510.05530357361,2546
29511.05308532715,2506
29512.049674987793,2526
29513.046503067017,2514
29514.044284820557,2494
29515.04158973694,2488
29516.039848327637,2534
29517.03667640686,2536
29518.033266067505,2570
29519.030809402466,2574
29520.02763748169,2590
29521.02518081665,2518
29522.02272415161,2524
29524.018049240112,2534
29524.018049240112,2430
29525.014400482178,2478
29527.009963989258,2490
29528.01275253296,2512
29529.01792526245,2506
29530.012130737305,2526
29530.998468399048,2520
29531.99601173401,2526
29531.99601173401,2590
29532.99331665039,2590
29533.99085998535,2542
29534.988164901733,2508
29535.985231399536,2516
29537.980556488037,2526
29538.97714614868,2486
29539.974689483643,2492
29540.971755981445,2506
29541.970014572144,2506
29542.966604232788,2546
29543.964385986328,2554
29544.96169090271,2534
29545.958042144775,2550
29546.956300735474,2546
29547.953605651855,2574
29548.95067214966,2570
29549.9484539032,2522
29550.945281982422,2504
29551.942825317383,2522
29552.939891815186,2488
29553.937911987305,2522
29554.93474006653,2512
29555.93228340149,2540
29556.92982673645,2544
29557.927131652832,2552
29558.924674987793,2576
29559.921979904175,2558
29560.919284820557,2582
29561.91635131836,2526
29562.91389465332,2532
29563.910961151123,2514
29564.908266067505,2544
29565.906047821045,2546
29566.903114318848,2552
29567.90041923523,2554
29568.89820098877,2576
29569.926738739014,2550
29570.89114189148,2538
29571.88868522644,2534
29572.887420654297,2572
29573.88472557068,2538
29574.88179206848,2526
29575.878143310547,2558
29576.876878738403,2532
29577.873706817627,2510
29578.87077331543,2546
29579.867839813232,2518
29580.865383148193,2516
29581.862688064575,2518
29582.859754562378,2542
29583.867073059082,2542
29584.8548412323,2534
29585.851430892944,2534
29586.849689483643,2494
29587.846994400024,2552
29588.843822479248,2554
29589.84112739563,2534
29590.83867073059,2542
29591.835975646973,2586
29592.833042144775,2598
29593.831062316895,2542
29594.828128814697,2538
29595.82471847534,2538
29596.82297706604,2514
29597.820281982422,2522
29598.817348480225,2510
29599.814891815186,2518
29600.812435150146,2502
29601.809978485107,2548
29602.806568145752,2558
29603.803873062134,2570
29604.801416397095,2570
29605.79800605774,2524
29606.796264648438,2522
29607.794046401978,2490
29608.790636062622,2506
29609.788179397583,2462
29610.785007476807,2456
29611.782550811768,2490
29612.77985572815,2502
29613.77716064453,2540
29614.77494239807,2582
29615.771532058716,2520
29616.769552230835,2558
29617.766618728638,2570
29618.76392364502,2542
29619.7612285614,2528
29620.758533477783,2502
29621.755838394165,2472
29622.753381729126,2486
29623.750925064087,2490
29624.74822998047,2504
29625.74553489685,2506
29626.74307823181,2508
29627.740383148193,2542
29628.736972808838,2520
29629.734754562378,2574
29630.739450454712,2574
29631.730794906616,2558
29632.72762298584,2520
29633.724451065063,2486
29634.721279144287,2478
29635.718822479248,2502
29636.71636581421,2504
29637.71367073059,2524
29638.710498809814,2518
29639.708280563354,2536
29640.705823898315,2550
29641.702890396118,2554
29642.69971847534,2534
29643.697500228882,2578
29644.694805145264,2526
29645.69330215454,2500
29646.689653396606,2522
29647.68695831299,2502
29648.68426322937,2460
29649.68180656433,2494
29650.679111480713,2506
29651.676416397095,2522
29652.673959732056,2540
29653.67102622986,2522
29654.66856956482,2490
29655.66611289978,2490
29656.663179397583,2510
29657.660484313965,2452
29658.657789230347,2486
29659.65485572815,2486
29660.653352737427,2478
29661.65041923523,2478
29662.660598754883,2486
29663.644790649414,2502
29664.641857147217,2510
29665.651559829712,2518
29666.63694381714,2494
29667.63401031494,2502
29668.631076812744,2514
29669.628381729126,2492
29670.625925064087,2502
29671.623468399048,2538
29672.62029647827,2502
29673.61807823181,2488
29674.615144729614,2540
29675.613403320312,2542
29676.610469818115,2518
29677.62017250061,2530
29678.60507965088,2522
29679.60214614868,2522
29680.599451065063,2550
29681.596994400024,2526
29682.593822479248,2570
29683.59112739563,2514
29684.58843231201,2540
29685.585737228394,2534
29686.583280563354,2546
29687.580585479736,2546
29688.577890396118,2528
29689.57495689392,2536
29690.572261810303,2534
29691.570281982422,2538
29692.56639480591,2538
29693.594217300415,2514
29694.5960521698,2498
29695.600748062134,2518
29696.601390838623,2538
29697.582244873047,2574
29698.579788208008,2578
29699.577808380127,2518
29700.57487487793,2506
29701.57241821289,2582
29702.569484710693,2546
29703.566312789917,2538
29704.563856124878,2514
29705.561876296997,2502
29706.557273864746,2510
29707.52739906311,2538
29708.559274673462,2544
29709.54942703247,2554
29710.546731948853,2546
29711.544036865234,2520
29712.544679641724,2550
29713.539123535156,2582
29714.54358100891,2526
29715.50440788269,2518
29716.501474380493,2490
29717.499017715454,2506
29718.496084213257,2486
29719.49338912964,2502
29720.49069404602,2542
29721.48847579956,2510
29722.485542297363,2546
29723.51384162903,2542
29724.510669708252,2586
29725.480794906616,2534
29726.476430892944,2522
29727.50234603882,2506
29728.4996509552,2522
29729.49719429016,2510
29730.494499206543,2482
29731.492042541504,2500
29732.48815536499,2514
29733.485460281372,2534
29734.48371887207,2538
29735.480785369873,2550
29736.477851867676,2528
29737.475872039795,2518
29738.474369049072,2550
29739.441871643066,2550
29740.46778678894,2542
29741.464376449585,2526
29742.46621131897,2490
29743.459463119507,2466
29744.45676803589,2506
29745.453596115112,2478
29746.450901031494,2490
29747.448921203613,2486
29748.445749282837,2534
29749.44281578064,2550
29750.4403591156,2526
29751.410245895386,2574
29752.406120300293,2534
29753.40437889099,2540
29754.401683807373,2490
29755.398273468018,2502
29756.396532058716,2504
29757.39336013794,2482
29758.389949798584,2512
29759.387731552124,2546
29760.384798049927,2550
29761.38663291931,2550
29762.37964630127,2546
29763.37718963623,2516
29764.374494552612,2490
29765.372037887573,2554
29766.369342803955,2502
29767.366409301758,2466
29768.36323738098,2490
29769.361972808838,2470
29770.357608795166,2480
29771.35467529297,2482
29772.35198020935,2520
29773.34952354431,2502
29774.346828460693,2502
29775.344133377075,2536
29776.341438293457,2508
29777.33874320984,2520
29778.33604812622,2522
29779.333353042603,2526
29780.330657958984,2514
29781.328201293945,2500
29782.34028816223,2522
29783.323764801025,2570
29784.350156784058,2544
29785.333395004272,2518
29786.316871643066,2554
29787.31417655945,2574
29788.31124305725,2544
29789.308786392212,2542
29790.306091308594,2534
29791.303396224976,2514
29792.300701141357,2512
29793.325901031494,2530
29794.324159622192,2582
29795.321226119995,2574
29796.32306098938,2554
29797.317266464233,2542
29798.312187194824,2550
29799.309253692627,2522
29800.308227539062,2508
29801.278114318848,2514
29802.274703979492,2486
29803.271293640137,2526
29804.26859855652,2514
29805.2659034729,2534
29806.26344680786,2582
29807.260990142822,2582
29808.257818222046,2584
29809.255123138428,2610
29810.25242805481,2612
29811.264991760254,2534
29812.265157699585,2510
29813.24577331543,2522
29814.242362976074,2518
29815.239667892456,2512
29816.266298294067,2550
29817.26312637329,2534
29818.259477615356,2518
29819.257736206055,2526
29820.254802703857,2584
29821.25163078308,2546
29822.248697280884,2570
29823.24528694153,2518
29824.24306869507,2508
29825.24037361145,2510
29826.239347457886,2510
29827.234983444214,2494
29828.232288360596,2490
29829.229593276978,2526
29830.233335494995,2502
29832.193851470947,2574
29832.193851470947,2618
29833.189964294434,2606
29834.186553955078,2550
29835.18409729004,2528
29836.183071136475,2506
29837.17942237854,2514
29838.207006454468,2504
29839.203596115112,2506
29840.20757675171,2472
29841.19963645935,2484
29842.195749282837,2542
29843.16325187683,2542
29844.160318374634,2554
29845.157623291016,2554
29847.165822982788,2570
29847.165822982788,2542
29848.658323287964,2544
29849.16377067566,2542
29850.67057609558,2492
29851.67145729065,2502
29852.668523788452,2518
29853.665828704834,2526
29854.663133621216,2542
29855.660915374756,2576
29856.658458709717,2558
29857.656002044678,2534
29858.6528301239,2550
29859.649896621704,2528
29860.646724700928,2532
29861.64402961731,2526
29862.642288208008,2544
29863.638877868652,2508
29864.636182785034,2492
29865.63801765442,2534
29866.631746292114,2526
29867.62833595276,2518
29868.62540245056,2538
29869.622945785522,2580
29870.620250701904,2510
29871.617317199707,2548
29872.614860534668,2522
29873.61216545105,2508
29874.626874923706,2486
29875.608444213867,2502
29876.60574913025,2514
29877.602338790894,2534
29878.599405288696,2526
29879.59623336792,2522
29880.59377670288,2526
29881.590843200684,2498
29882.588148117065,2546
29883.585214614868,2558
29884.58275794983,2526
29885.58053970337,2486
29886.5909576416,2514
29887.574911117554,2534
29888.57126235962,2542
29889.569759368896,2586
29890.5668258667,2546
29891.57795906067,2506
29892.561674118042,2528
29893.558740615845,2554
29894.556283950806,2516
29895.55335044861,2508
29896.55089378357,2498
29897.54843711853,2502
29898.545503616333,2526
29899.542808532715,2570
29900.540113449097,2544
29901.53741836548,2526
29902.53496170044,2538
29903.532028198242,2602
29904.53052520752,2584
29905.52830696106,2538
29906.525135040283,2536
29907.52148628235,2502
29908.519506454468,2510
29909.51633453369,2490
29910.513639450073,2480
29911.510944366455,2482
29912.508249282837,2534
29913.50531578064,2526
29914.5028591156,2534
29915.50087928772,2558
29916.497945785522,2574
29917.495250701904,2554
29918.49184036255,2582
29919.48962211609,2550
29920.48692703247,2526
29921.483993530273,2498
29922.481536865234,2494
29923.478841781616,2514
29924.476385116577,2520
29925.47345161438,2538
29926.47099494934,2534
29927.468299865723,2494
29928.465604782104,2558
29929.462671279907,2584
29930.460214614868,2556
29931.45728111267,2522
29932.454824447632,2514
29933.452129364014,2482
29934.449434280396,2494
29935.454845428467,2500
29936.445474624634,2510
29937.442302703857,2478
29938.43913078308,2490
29939.436674118042,2552
29940.433502197266,2572
29941.430807113647,2578
29942.42787361145,2542
29943.42541694641,2542
29944.422721862793,2578
29945.420503616333,2540
29946.417570114136,2490
29947.415590286255,2510
29948.4121799469,2494
29949.409246444702,2512
29950.406789779663,2538
29951.404094696045,2554
29952.401399612427,2570
29953.398942947388,2558
29954.39648628235,2554
29955.393314361572,2538
29956.39133453369,2534
29957.388162612915,2510
29958.385705947876,2510
29959.38277244568,2514
29960.38031578064,2526
29961.37762069702,2482
29962.374687194824,2478
29963.371992111206,2506
29964.369535446167,2546
29965.368270874023,2582
29966.365098953247,2546
29967.36192703247,2522
29968.358993530273,2518
29969.356298446655,2538
29970.353603363037,2534
29971.349239349365,2534
29972.346782684326,2524
29973.34384918213,2534
29974.34115409851,2544
29975.338459014893,2574
29976.336002349854,2574
29977.333068847656,2518
29978.330373764038,2542
29979.32767868042,2540
29980.32522201538,2518
29981.322526931763,2498
29982.319831848145,2514
29983.317136764526,2494
29984.31444168091,2570
29985.31198501587,2542
29986.30928993225,2542
29987.306594848633,2554
29988.303899765015,2534
29989.300966262817,2574
29990.29850959778,2538
29991.29581451416,2514
29992.293119430542,2480
29993.290662765503,2494
29994.287729263306,2502
29995.285034179688,2538
29996.28233909607,2534
29997.28012084961,2538
29998.27742576599,2534
29999.274730682373,2570
30000.272274017334,2558
