Time (ms),Mic Value
0.0,2486
0.9810924530029297,2482
1.9788742065429688,2534
2.9757022857666016,2550
3.9730072021484375,2526
4.970312118530273,2484
5.967617034912109,2454
6.964921951293945,2524
7.962226867675781,2526
8.959531784057617,2522
9.957075119018555,2538
10.954141616821289,2510
11.951446533203125,2514
12.948989868164062,2508
13.946294784545898,2540
14.947175979614258,2522
15.943765640258789,2544
16.941547393798828,2482
17.938852310180664,2506
18.935441970825195,2514
19.933223724365234,2508
20.930767059326172,2526
21.938562393188477,2526
22.92466163635254,2546
23.921966552734375,2526
24.918079376220703,2538
25.918006896972656,2542
26.912212371826172,2546
27.90999412536621,2490
28.90801429748535,2460
29.904603958129883,2488
30.901670455932617,2528
31.929492950439453,2552
32.92560577392578,2558
33.893585205078125,2552
34.89065170288086,2598
35.8881950378418,2516
36.88549995422363,2510
37.88638114929199,2494
38.880348205566406,2522
39.87884521484375,2526
40.87543487548828,2480
41.9008731842041,2482
42.897701263427734,2524
43.89643669128418,2546
44.86560821533203,2588
45.89271545410156,2554
46.860456466674805,2528
47.85609245300293,2506
48.88510704040527,2518
49.886465072631836,2520
50.8878231048584,2602
51.874399185180664,2516
52.8721809387207,2490
53.86972427368164,2502
54.85057830810547,2518
55.847883224487305,2578
56.83493614196777,2574
57.830095291137695,2586
58.827877044677734,2602
59.82470512390137,2542
60.82272529602051,2524
61.81979179382324,2538
62.81638145446777,2554
63.81392478942871,2550
64.81432914733887,2506
65.82784652709961,2506
66.80679321289062,2484
67.80338287353516,2490
68.80068778991699,2538
69.79799270629883,2582
70.79553604125977,2546
71.7933177947998,2514
72.7992057800293,2494
73.78721237182617,2502
74.7840404510498,2534
75.78277587890625,2544
76.77936553955078,2470
77.77595520019531,2480
78.77445220947266,2486
79.78415489196777,2538
80.76906204223633,2526
81.76779747009277,2574
82.7634334564209,2586
83.76002311706543,2554
84.76543426513672,2534
85.7551097869873,2606
86.75241470336914,2550
87.74971961975098,2546
88.74726295471191,2506
89.74409103393555,2486
90.74115753173828,2490
91.73822402954102,2510
92.73529052734375,2538
93.73283386230469,2554
94.73085403442383,2572
95.72792053222656,2550
96.7254638671875,2522
97.72276878356934,2482
98.72007369995117,2538
99.71761703491211,2550
100.71444511413574,2546
101.71151161193848,2518
102.70857810974121,2522
103.70612144470215,2538
104.70366477966309,2570
105.70096969604492,2578
106.69875144958496,2578
107.6955795288086,2542
108.69288444519043,2508
109.69042778015137,2458
110.6879711151123,2502
111.68527603149414,2478
112.68234252929688,2474
113.67940902709961,2454
114.67838287353516,2416
115.68784713745117,2444
116.67203903198242,2480
117.66886711120605,2492
118.66617202758789,2490
119.66347694396973,2474
120.66078186035156,2508
121.6881275177002,2490
122.68471717834473,2510
123.65436553955078,2506
124.65119361877441,2512
125.65040588378906,2526
126.67441368103027,2534
127.67148017883301,2538
128.66902351379395,2550
129.66513633728027,2546
130.63502311706543,2546
131.63232803344727,2522
132.67087936401367,2478
133.65554809570312,2450
134.62424278259277,2470
135.62273979187012,2472
136.62004470825195,2490
137.64500617980957,2470
138.6423110961914,2456
139.6164894104004,2520
140.6078338623047,2518
141.60466194152832,2506
142.60220527648926,2542
143.60904693603516,2550
144.59800720214844,2502
145.59507369995117,2502
146.5926170349121,2502
147.6302146911621,2494
148.58770370483398,2554
149.58596229553223,2526
150.58135986328125,2570
151.63254737854004,2550
152.60577201843262,2554
153.609037399292,2622
154.6010971069336,2612
155.59768676757812,2590
156.59689903259277,2514
157.5927734375,2524
158.59222412109375,2514
159.58929061889648,2526
160.5544090270996,2554
161.55171394348145,2550
162.54854202270508,2538
163.54632377624512,2522
164.54362869262695,2550
165.5406951904297,2538
166.53847694396973,2574
167.53554344177246,2574
168.5326099395752,2536
169.53015327453613,2468
170.52769660949707,2502
171.5250015258789,2508
172.52206802368164,2478
173.51937294006348,2474
174.51715469360352,2474
175.51422119140625,2480
176.5115261077881,2524
177.50883102416992,2540
178.50613594055176,2542
179.5036792755127,2522
180.50122261047363,2502
181.49828910827637,2466
182.4953556060791,2474
183.49337577819824,2474
186.48695945739746,2474
186.48695945739746,2458
186.48695945739746,2450
187.51168251037598,2448
188.69853019714355,2486
189.70060348510742,2494
190.69814682006836,2478
191.69306755065918,2482
192.69227981567383,2476
193.69029998779297,2462
194.69213485717773,2466
195.68204879760742,2510
196.67887687683105,2494
197.6761817932129,2480
198.67348670959473,2482
199.67126846313477,2510
200.6685733795166,2526
201.66563987731934,2526
202.66318321228027,2546
203.6604881286621,2526
204.66017723083496,2478
205.6565284729004,2482
206.65407180786133,2486
207.65113830566406,2498
208.6474895477295,2502
209.67364311218262,2520
210.67070960998535,2518
211.669921875,2524
212.6638889312744,2502
213.66143226623535,2532
214.63274955749512,2498
215.65747261047363,2574
216.65525436401367,2530
217.62323379516602,2534
218.62030029296875,2518
219.6178436279297,2542
220.61491012573242,2526
221.61221504211426,2534
222.609281539917,2546
223.60730171203613,2534
224.60412979125977,2544
225.6014347076416,2514
226.59897804260254,2558
227.59628295898438,2542
228.5938262939453,2522
229.59089279174805,2482
230.5886745452881,2466
231.58884048461914,2500
232.58280754089355,2446
233.5801124572754,2486
234.57765579223633,2486
235.57496070861816,2482
236.5720272064209,2486
237.57004737854004,2502
238.56711387634277,2534
239.5641803741455,2508
240.56148529052734,2492
241.55926704406738,2510
242.55609512329102,2482
243.55340003967285,2492
244.5511817932129,2480
245.54848670959473,2506
246.54555320739746,2534
247.5430965423584,2558
248.54040145874023,2528
249.53794479370117,2542
250.5347728729248,2548
251.53255462646484,2582
252.52962112426758,2594
253.5269260406494,2552
254.52423095703125,2510
255.5215358734131,2502
256.5188407897949,2522
257.51638412475586,2550
258.5134506225586,2510
259.51099395751953,2502
260.50829887390137,2544
261.5056037902832,2548
262.50290870666504,2588
263.500452041626,2578
264.507532119751,2574
265.49482345581055,2520
266.4923667907715,2516
267.4894332885742,2506
268.48673820495605,2518
269.4845199584961,2524
270.4815864562988,2514
271.47912979125977,2544
272.4759578704834,2550
273.47350120544434,2546
274.4710445404053,2546
275.4683494567871,2546
276.46565437316895,2486
277.4629592895508,2532
278.4602642059326,2502
279.45780754089355,2512
280.4548740386963,2582
281.4521789550781,2606
282.44972229003906,2628
283.4470272064209,2640
284.44433212280273,2622
285.44139862060547,2636
286.4387035369873,2664
287.43624687194824,2622
288.4335517883301,2620
289.431095123291,2526
290.42840003967285,2502
291.4257049560547,2454
292.4230098724365,2482
293.42007637023926,2474
294.4178581237793,2452
295.41492462158203,2486
296.41222953796387,2470
297.4095344543457,2452
298.40683937072754,2462
299.4043827056885,2448
300.4014492034912,2466
301.39923095703125,2426
302.3960590362549,2408
303.3933639526367,2414
304.39090728759766,2418
305.3884506225586,2458
306.3855171203613,2534
307.38282203674316,2502
308.3803653717041,2502
309.37743186950684,2538
310.3752136230469,2570
311.3722801208496,2574
312.36958503723145,2582
313.3668899536133,2534
314.3644332885742,2510
315.36149978637695,2486
316.3588047027588,2486
317.3563480377197,2486
318.35365295410156,2528
319.3509578704834,2540
320.34802436828613,2510
321.34532928466797,2506
322.343111038208,2538
323.34017753601074,2554
324.3374824523926,2526
325.3350257873535,2474
326.33209228515625,2470
327.3293972015381,2446
328.3267021179199,2484
329.32400703430176,2470
330.3215503692627,2502
331.31861686706543,2506
332.31616020202637,2502
333.3134651184082,2546
334.31077003479004,2558
335.3078365325928,2598
336.3056182861328,2586
337.30268478393555,2554
338.3002281188965,2542
339.2975330352783,2508
340.29483795166016,2510
341.292142868042,2534
342.2894477844238,2514
343.28675270080566,2518
344.2840576171875,2512
345.28136253356934,2492
346.2789058685303,2514
347.2762107849121,2504
348.27351570129395,2454
349.2705821990967,2416
350.2683639526367,2398
351.26543045043945,2414
352.2627353668213,2460
353.2600402832031,2514
354.25758361816406,2542
355.2546501159668,2558
356.25195503234863,2568
357.24949836730957,2614
358.2468032836914,2608
359.24410820007324,2614
360.2416515350342,2606
361.238956451416,2590
362.23602294921875,2534
363.2333278656006,2546
364.2308712005615,2554
365.22793769836426,2542
366.2252426147461,2554
367.22278594970703,2550
368.22009086608887,2554
370.23448944091797,2582
370.23448944091797,2600
372.2259998321533,2554
373.20685386657715,2550
373.20685386657715,2570
375.2176761627197,2518
375.2176761627197,2506
376.20043754577637,2522
378.2048225402832,2522
378.2048225402832,2554
380.1889419555664,2556
381.18624687194824,2526
382.1830749511719,2526
382.1830749511719,2494
383.1801414489746,2452
384.17792320251465,2394
386.1732482910156,2394
387.16936111450195,2378
387.16936111450195,2366
388.1669044494629,2368
390.1629447937012,2374
391.1595344543457,2390
392.15612411499023,2442
393.1539058685303,2476
394.1507339477539,2508
395.14803886413574,2556
396.1455821990967,2574
397.1433639526367,2538
398.14090728759766,2526
399.1379737854004,2502
400.1352787017822,2522
401.13234519958496,2538
402.1296501159668,2554
403.12695503234863,2542
404.12449836730957,2550
405.1218032836914,2582
406.13293647766113,2598
407.1164131164551,2578
408.1134796142578,2558
409.11102294921875,2586
410.1088047027588,2546
411.1058712005615,2514
412.10269927978516,2474
413.1014347076416,2480
414.09778594970703,2502
415.09485244750977,2470
416.0921573638916,2480
417.08946228027344,2506
418.0867671966553,2542
419.0840721130371,2524
420.08185386657715,2538
421.0789203643799,2554
422.0759868621826,2534
423.07376861572266,2506
424.0710735321045,2476
425.0681400299072,2534
426.06592178344727,2536
427.06298828125,2570
428.06029319763184,2540
429.0728569030762,2550
430.0553798675537,2578
431.06794357299805,2610
432.0676326751709,2574
433.06660652160645,2542
434.04459953308105,2540
435.0414276123047,2522
436.0387325286865,2492
437.03627586364746,2490
438.0335807800293,2502
439.03088569641113,2524
440.0289058685303,2510
441.0257339477539,2510
442.02280044555664,2470
443.02988052368164,2472
444.0178871154785,2470
445.01495361328125,2476
446.0122585296631,2422
447.009801864624,2398
448.00710678100586,2390
449.0044116973877,2374
450.00243186950684,2390
450.9997367858887,2406
451.9963264465332,2430
452.99363136291504,2422
453.9914131164551,2486
454.988956451416,2514
455.99842071533203,2534
456.9838047027588,2522
457.9808712005615,2520
458.97793769836426,2502
459.9764347076416,2542
460.97302436828613,2538
461.97032928466797,2536
462.9676342010498,2582
463.96398544311523,2602
464.9617671966553,2614
465.9602642059326,2586
466.968297958374,2538
467.954158782959,2554
468.9512252807617,2538
469.94876861572266,2514
470.9463119506836,2518
471.9433784484863,2490
472.9475975036621,2510
473.9375114440918,2578
474.93505477905273,2554
475.9337902069092,2586
476.9303798675537,2612
477.92720794677734,2624
478.9249897003174,2654
479.92491722106934,2586
480.92007637023926,2546
481.9173812866211,2546
482.9137325286865,2518
483.91079902648926,2470
484.9085807800293,2422
485.90564727783203,2422
486.90295219421387,2472
487.9002571105957,2486
488.90161514282227,2526
489.8953437805176,2518
490.8928871154785,2522
491.88971519470215,2522
492.8867816925049,2546
493.8843250274658,2536
494.88139152526855,2534
495.8970546722412,2510
496.88243865966797,2444
497.87354469299316,2446
498.870849609375,2468
499.86863136291504,2478
500.8656978607178,2490
501.8632411956787,2486
502.85983085632324,2458
503.8573741912842,2446
504.8549175262451,2482
505.86724281311035,2458
506.8495273590088,2424
507.8468322753906,2470
508.84437561035156,2422
509.8419189453125,2394
510.83898544311523,2444
511.8365287780762,2482
512.8333568572998,2482
513.8306617736816,2502
514.8286819458008,2474
515.8252716064453,2482
516.8330669403076,2482
517.8201198577881,2508
518.8174247741699,2486
519.8149681091309,2430
520.8122730255127,2430
521.8105316162109,2474
522.8071212768555,2492
523.8046646118164,2544
524.8026847839355,2544
525.799036026001,2510
526.7963409423828,2514
527.7938842773438,2518
528.7911891937256,2516
529.7896862030029,2500
530.7860374450684,2540
531.7835807800293,2500
532.7804088592529,2458
533.7777137756348,2454
534.775972366333,2478
535.7725620269775,2508
536.7758274078369,2534
537.7678871154785,2542
538.7654304504395,2492
539.7634506225586,2510
540.7609939575195,2512
541.7566299438477,2510
542.7539348602295,2526
543.7531471252441,2446
544.7490215301514,2426
545.745849609375,2450
546.7429161071777,2484
547.745943069458,2490
548.7391948699951,2520
549.7362613677979,2544
550.7340431213379,2544
551.7311096191406,2518
552.7291297912598,2534
553.7252426147461,2586
554.7261238098145,2544
555.722713470459,2516
556.7193031311035,2538
557.715654373169,2586
558.7146282196045,2574
559.7124099731445,2586
560.7137680053711,2580
561.7051124572754,2586
562.7009868621826,2548
563.6980533599854,2522
564.6963119506836,2506
565.6929016113281,2488
566.6904449462891,2410
567.6877498626709,2386
568.6869621276855,2446
569.6842670440674,2454
570.6806182861328,2442
571.6779232025146,2510
572.7076530456543,2586
573.674201965332,2582
574.6710300445557,2586
575.6666660308838,2576
576.6651630401611,2624
577.6631832122803,2582
578.6609649658203,2550
579.6558856964111,2576
580.6527137756348,2584
581.6524028778076,2570
582.676887512207,2618
583.6443901062012,2634
584.641695022583,2654
585.639476776123,2680
586.6365432739258,2618
587.6369476318359,2606
588.6316299438477,2586
589.6327495574951,2552
590.627908706665,2446
591.6357040405273,2394
592.6296710968018,2314
593.6176776885986,2278
594.6147441864014,2246
595.6120491027832,2318
596.609354019165,2334
597.6073741912842,2382
598.6051559448242,2410
599.6320247650146,2430
600.5992889404297,2422
601.5963554382324,2426
602.5941371917725,2430
603.5919189453125,2430
604.5894622802734,2432
605.6044101715088,2406
606.5881252288818,2426
607.5859069824219,2472
608.58154296875,2506
609.576940536499,2480
610.6033325195312,2518
611.6006374359131,2550
612.5979423522949,2520
613.5666370391846,2546
614.5627498626709,2550
615.56077003479,2542
616.5590286254883,2488
617.5549030303955,2526
618.5531616210938,2534
619.5504665374756,2552
620.5472946166992,2554
621.544361114502,2576
622.5419044494629,2542
623.570442199707,2578
624.5706081390381,2538
625.5402565002441,2554
626.5325546264648,2550
627.5279521942139,2534
628.5281181335449,2522
629.5225620269775,2508
630.5196285247803,2550
631.519079208374,2582
632.5423717498779,2618
633.5387229919434,2618
634.5388889312744,2612
635.5082988739014,2582
636.5044116973877,2590
637.5031471252441,2570
638.5035514831543,2518
639.4972801208496,2514
640.4955387115479,2538
641.4909362792969,2510
642.4877643585205,2544
643.4845924377441,2518
644.481897354126,2556
645.4794406890869,2542
646.4765071868896,2574
647.4745273590088,2526
648.4723091125488,2518
649.4688987731934,2510
650.4688262939453,2502
651.465654373169,2526
652.4622440338135,2510
653.4600257873535,2488
654.4573307037354,2490
655.4546356201172,2520
656.451940536499,2550
657.451868057251,2542
658.4467887878418,2546
659.4576835632324,2498
660.4690551757812,2458
661.4680290222168,2470
662.4636650085449,2454
663.4323596954346,2446
664.4587516784668,2390
665.4567718505859,2506
666.4543151855469,2518
667.4225330352783,2526
668.4198379516602,2570
669.4159507751465,2590
670.4130172729492,2602
672.4088191986084,2602
672.4088191986084,2586
673.4051704406738,2546
674.4420528411865,2550
675.4281520843506,2546
676.4254570007324,2506
677.3941516876221,2506
678.3921718597412,2534
679.417610168457,2542
680.4146766662598,2536
681.3836097717285,2542
682.3804378509521,2534
683.3772659301758,2470
684.3743324279785,2448
685.3725910186768,2400
686.3696575164795,2392
688.3654594421387,2366
689.3844604492188,2414
689.3844604492188,2418
690.3929710388184,2408
691.4093494415283,2416
692.3830509185791,2490
693.3796405792236,2512
694.3762302398682,2570
695.3737735748291,2550
696.37131690979,2524
697.340726852417,2556
698.3673572540283,2580
699.366569519043,2590
700.3600597381592,2600
701.3599872589111,2590
702.3577690124512,2538
703.3524513244629,2498
704.3499946594238,2462
706.322431564331,2422
707.3311805725098,2418
708.3127498626709,2374
708.3127498626709,2354
709.3093395233154,2378
710.3066444396973,2382
711.3044261932373,2392
712.3010158538818,2442
713.2985591888428,2458
714.2956256866455,2410
715.2934074401855,2446
717.3049449920654,2448
717.3049449920654,2502
719.2823886871338,2518
719.2823886871338,2578
720.2792167663574,2578
722.273588180542,2582
722.273588180542,2632
723.2716083526611,2634
724.2865562438965,2650
725.2652645111084,2630
727.2601127624512,2670
727.2601127624512,2642
728.2576560974121,2650
729.2547225952148,2598
731.2498092651367,2538
731.2498092651367,2506
732.2468757629395,2474
733.2439422607422,2446
734.2414855957031,2406
735.2392673492432,2374
737.2341156005859,2418
738.231897354126,2426
739.2306327819824,2410
740.2286529541016,2418
740.2286529541016,2448
741.2540912628174,2502
742.2482967376709,2514
743.2460784912109,2514
744.2433834075928,2502
745.2402114868164,2486
747.2074031829834,2494
747.2074031829834,2478
749.2377758026123,2502
749.2377758026123,2510
751.234769821167,2514
752.2306442260742,2550
753.2303333282471,2538
754.2304992675781,2576
755.2430629730225,2582
756.1841011047363,2610
757.1842670440674,2582
758.1791877746582,2574
759.1755390167236,2574
759.1755390167236,2602
760.2016925811768,2578
762.1972560882568,2598
763.1916999816895,2554
764.1892433166504,2520
765.1591300964355,2494
766.1576271057129,2490
767.1568393707275,2490
768.1527137756348,2486
769.1500186920166,2466
770.1473236083984,2386
771.1441516876221,2414
772.1414566040039,2398
773.139238357544,2426
774.1539478302002,2454
775.1350402832031,2456
776.130199432373,2482
777.130126953125,2474
778.1317234039307,2518
779.1228294372559,2548
780.1201343536377,2578
781.1174392700195,2570
782.1147441864014,2522
783.1108570098877,2574
784.1079235076904,2586
785.1057052612305,2574
786.1032485961914,2538
787.1007919311523,2534
788.0985736846924,2514
789.1097068786621,2482
790.1265621185303,2482
791.1205291748047,2482
792.1171188354492,2458
793.0865287780762,2454
794.0831184387207,2478
795.0804233551025,2482
796.0777282714844,2478
797.0747947692871,2518
798.0823516845703,2538
799.0686893463135,2546
800.0657558441162,2538
801.062822341919,2514
802.0601272583008,2522
803.0576705932617,2574
804.0547370910645,2570
805.0522804260254,2582
806.0503005981445,2558
807.0476055145264,2596
808.0446720123291,2632
809.0415000915527,2638
810.0385665893555,2618
811.0363483428955,2616
812.0334148406982,2602
813.0309581756592,2586
814.0280246734619,2574
815.0255680084229,2584
816.0226345062256,2614
817.0204162597656,2602
818.0177211761475,2546
819.0150260925293,2542
820.0123310089111,2546
821.0098743438721,2522
822.0069408416748,2536
823.0047225952148,2558
824.0017890930176,2526
824.9988555908203,2540
825.995922088623,2534
826.9937038421631,2572
827.9931545257568,2572
828.9904594421387,2574
829.9872875213623,2582
830.9845924377441,2582
831.9828510284424,2586
832.9794406890869,2582
833.9748382568359,2528
834.9738121032715,2518
835.9711170196533,2466
836.967945098877,2418
837.9652500152588,2462
838.9773368835449,2426
839.9627208709717,2352
840.9602642059326,2286
841.9549465179443,2296
842.9806232452393,2284
843.977689743042,2298
844.9459075927734,2350
845.9427356719971,2578
846.9400405883789,2426
847.9423522949219,2462
848.9351272583008,2512
849.9321937561035,2492
850.9292602539062,2574
851.9265651702881,2514
852.924108505249,2510
853.9211750030518,2480
854.9184799194336,2486
855.9160232543945,2478
856.9328784942627,2460
857.9118251800537,2502
858.910322189331,2482
859.9348068237305,2482
860.9328269958496,2470
861.9294166564941,2478
862.9264831542969,2490
863.9247417449951,2486
864.9213314056396,2490
865.9348487854004,2444
866.8882846832275,2458
867.9146766662598,2450
868.8833713531494,2490
869.880199432373,2490
870.8772659301758,2518
871.8750476837158,2518
872.8806972503662,2550
873.8701343536377,2538
874.866247177124,2538
875.863790512085,2524
876.8606185913086,2522
877.8581619262695,2458
878.8559436798096,2426
879.8532485961914,2450
880.8503150939941,2458
881.8631172180176,2510
882.8449249267578,2550
883.8424682617188,2586
884.8395347595215,2622
885.8373165130615,2622
886.8353366851807,2682
887.8340721130371,2652
888.8297080993652,2672
889.8274898529053,2704
890.8255100250244,2718
891.8225765228271,2714
892.8182125091553,2708
893.8159942626953,2678
894.812822341919,2654
895.8101272583008,2650
896.8074321746826,2654
897.8047370910645,2646
898.8029956817627,2614
899.8000621795654,2610
900.8114337921143,2570
901.8003940582275,2534
902.7915000915527,2508
903.7895202636719,2474
904.7865867614746,2462
905.7834148406982,2450
906.7826271057129,2458
907.7794551849365,2450
908.7755680084229,2454
909.7728729248047,2470
910.7706546783447,2474
911.7674827575684,2474
912.7645492553711,2478
913.7628078460693,2426
914.7601127624512,2358
915.757417678833,2450
916.7540073394775,2430
917.7517890930176,2490
918.7493324279785,2474
919.7468757629395,2518
920.7448959350586,2536
921.7410087585449,2540
922.741174697876,2554
923.7480163574219,2538
924.7334003448486,2498
925.7304668426514,2470
926.7294406890869,2446
927.7257919311523,2422
928.7233352661133,2482
929.7206401824951,2510
930.7177066802979,2470
931.7154884338379,2486
932.7123165130615,2522
933.7093830108643,2516
934.7069263458252,2486
935.7030391693115,2510
936.7003440856934,2502
937.6986026763916,2474
938.7071132659912,2458
939.6939277648926,2470
940.6905174255371,2454
941.6866302490234,2446
942.6841735839844,2458
943.6812400817871,2482
944.678544998169,2474
945.6760883331299,2480
946.6736316680908,2454
947.6706981658936,2470
948.6682415008545,2366
949.6660232543945,2346
950.6635665893555,2354
951.66015625,2354
952.6572227478027,2398
953.6552429199219,2450
954.6527862548828,2458
955.6493759155273,2558
956.6481113433838,2582
957.6444625854492,2612
958.641767501831,2634
959.6385955810547,2620
960.6363773345947,2634
961.6334438323975,2620
962.6305103302002,2578
963.627815246582,2546
964.6258354187012,2514
965.6229019165039,2538
966.6509628295898,2570
967.6485061645508,2586
968.6152935028076,2598
969.6121215820312,2602
970.6096649169922,2586
971.606969833374,2588
972.6042747497559,2578
973.6030101776123,2554
974.5986461639404,2486
975.5959510803223,2458
976.6068458557129,2428
977.590799331665,2470
978.5881042480469,2446
979.5858860015869,2470
980.5824756622314,2422
981.5802574157715,2450
982.5775623321533,2446
983.574628829956,2488
984.572172164917,2502
985.5697154998779,2518
986.5670204162598,2502
987.5648021697998,2486
988.5616302490234,2510
989.5594120025635,2556
990.5586242675781,2612
991.553544998169,2596
992.5510883331299,2642
993.5479164123535,2650
994.5452213287354,2632
995.5427646636963,2622
996.5403079986572,2614
997.5693225860596,2602
998.53515625,2574
999.5319843292236,2554
1000.5290508270264,2522
1001.5265941619873,2546
1002.5248527526855,2542
1003.5221576690674,2534
1004.5204162597656,2534
1005.5487155914307,2510
1006.5147876739502,2522
1007.514238357544,2486
1008.5098743438721,2460
1009.5081329345703,2458
1010.502815246582,2452
1011.4998817443848,2450
1012.4979019165039,2454
1013.4949684143066,2462
1014.4941806793213,2488
1015.4895782470703,2490
1016.4883136749268,2518
1017.4846649169922,2494
1018.4824466705322,2486
1019.4790363311768,2488
1020.4763412475586,2486
1021.4734077453613,2486
1022.4714279174805,2462
1023.4689712524414,2398
1024.465560913086,2416
1025.4628658294678,2420
1026.460886001587,2466
1027.4574756622314,2472
1028.4576416015625,2494
1029.4544696807861,2482
1030.452013015747,2478
1031.449794769287,2484
1032.4466228485107,2458
1033.4436893463135,2474
1034.4407558441162,2470
1035.4387760162354,2422
1036.4363193511963,2450
1037.4343395233154,2462
1038.4306907653809,2494
1039.4277572631836,2490
1040.42649269104,2518
1041.4233207702637,2522
1042.41943359375,2486
1043.4441566467285,2502
1044.4412231445312,2526
1045.445442199707,2502
1046.4069843292236,2516
1047.4348068237305,2480
1048.4321117401123,2522
1049.4296550750732,2510
1050.398826599121,2512
1051.3947010040283,2532
1052.4218082427979,2546
1053.3883571624756,2552
1054.3856620788574,2550
1056.389331817627,2550
1056.389331817627,2552
1057.3780536651611,2542
1058.384895324707,2492
1059.3724250793457,2452
1060.3692531585693,2474
1061.3670349121094,2454
1062.3643398284912,2450
1063.3702278137207,2462
1064.3587112426758,2486
1065.3560161590576,2478
1066.3537979125977,2490
1067.3508644104004,2520
1068.3481693267822,2480
1069.3457126617432,2458
1070.342779159546,2480
1071.340799331665,2488
1072.3373889923096,2456
1073.336124420166,2466
1074.3319988250732,2478
1075.3295421600342,2518
1076.3392448425293,2542
1077.3241519927979,2508
1078.321933746338,2510
1079.3187618255615,2514
1080.3160667419434,2538
1081.3133716583252,2534
1082.310438156128,2498
1083.3079814910889,2494
1084.3052864074707,2544
1085.3023529052734,2474
1086.3053798675537,2470
1087.2983932495117,2526
1089.292287826538,2550
1090.2929306030273,2524
1090.2929306030273,2518
1092.2858715057373,2498
1093.282699584961,2542
1094.2800045013428,2520
1095.2775478363037,2506
1096.2753295898438,2520
1097.273826599121,2508
1097.273826599121,2498
1098.2706546783447,2534
1099.2674827575684,2546
1100.2633571624756,2544
1101.2599468231201,2598
1102.257251739502,2558
1103.2543182373047,2536
1105.2494049072266,2578
1106.2476634979248,2574
1107.2466373443604,2546
1108.2720756530762,2570
1108.2720756530762,2542
1110.2478504180908,2538
1111.2334728240967,2524
1112.2305393218994,2538
1113.2278442382812,2558
1114.2253875732422,2552
1115.222692489624,2548
1116.220235824585,2542
1116.220235824585,2540
1117.218017578125,2542
1119.2119121551514,2534
1119.2119121551514,2490
1121.2069988250732,2486
1122.2045421600342,2492
1123.201847076416,2524
1123.201847076416,2574
1125.1959800720215,2588
1126.1937618255615,2554
1127.1986961364746,2534
1128.1962394714355,2542
1129.185438156128,2550
1130.1827430725098,2518
1131.1874389648438,2542
1132.1775913238525,2522
1133.1746578216553,2504
1134.1769695281982,2486
1135.1697444915771,2492
1136.1689567565918,2520
1137.16459274292,2546
1138.181209564209,2546
1139.190912246704,2512
1140.1958465576172,2494
1141.1552429199219,2490
1142.181634902954,2458
1143.176794052124,2470
1144.1748142242432,2482
1145.1716423034668,2422
1146.1405754089355,2470
1147.1672058105469,2454
1148.1702327728271,2494
1149.162769317627,2526
1150.1317024230957,2538
1151.1292457580566,2518
1152.1553993225098,2486
1153.1517505645752,2486
1154.149055480957,2482
1155.1177501678467,2482
1156.1155319213867,2488
1157.1128368377686,2470
1158.1096649169922,2470
1159.106731414795,2502
1160.1052284240723,2522
1161.1015796661377,2552
1162.0981693267822,2570
1163.095474243164,2546
1164.092779159546,2518
1165.0893688201904,2518
1166.0890579223633,2518
1167.0854091644287,2476
1168.0822372436523,2494
1169.0821647644043,2514
1170.0913906097412,2502
1171.0762977600098,2514
1172.1038818359375,2494
1173.1019020080566,2598
1174.0951538085938,2554
1175.09126663208,2554
1176.060676574707,2574
1177.093267440796,2554
1178.083896636963,2542
1179.0835857391357,2514
1180.0782680511475,2536
1181.0765266418457,2510
1182.077407836914,2486
1183.0718517303467,2488
1184.0698719024658,2534
1185.0700378417969,2570
1186.0358715057373,2550
1187.0455741882324,2574
1188.0300045013428,2514
1189.0537738800049,2510
1190.0255680084229,2490
1191.023588180542,2484
1192.0454502105713,2470
1193.0444240570068,2506
1194.0393447875977,2450
1195.0366497039795,2430
1196.0086822509766,2474
1197.0195770263672,2466
1198.0030536651611,2494
1199.028491973877,2502
1199.9986171722412,2504
1201.024055480957,2502
1202.021598815918,2510
1203.016996383667,2506
1204.014778137207,2488
1204.9839496612549,2506
1205.9826850891113,2486
1206.9785594940186,2518
1208.0028057098389,2542
1208.9998722076416,2534
1210.0036144256592,2542
1210.9949588775635,2542
1211.991548538208,2522
1212.9948139190674,2538
1213.9863967895508,2480
1214.9858474731445,2490
1215.9538269042969,2500
1216.951847076416,2470
1217.949390411377,2488
1218.9457416534424,2514
1219.9428081512451,2534
1220.940113067627,2542
1221.9369411468506,2534
1222.9483127593994,2518
1223.9322662353516,2538
1224.9290943145752,2550
1225.9266376495361,2526
1226.924180984497,2508
1227.9510498046875,2522
1228.9481163024902,2510
1229.9447059631348,2518
1230.9422492980957,2518
1231.947898864746,2506
1232.923984527588,2544
1233.9062690734863,2554
1234.903335571289,2552
1235.90087890625,2498
1236.8991374969482,2502
1237.8957271575928,2478
1238.8980388641357,2474
1239.8908138275146,2502
1240.8876419067383,2492
1241.8854236602783,2466
1242.8820133209229,2510
1243.879795074463,2486
1244.8763847351074,2502
1245.8739280700684,2486
1246.8721866607666,2502
1247.8699684143066,2508
1248.8670349121094,2472
1249.8736381530762,2442
1250.8611679077148,2470
1251.8584728240967,2474
1252.8555393218994,2478
1253.8535594940186,2478
1254.8513412475586,2482
1255.856990814209,2478
1256.8457126617432,2552
1257.8425407409668,2574
1258.8396072387695,2574
1259.8369121551514,2542
1260.8344554901123,2486
1261.8317604064941,2506
1262.829065322876,2482
1263.8263702392578,2480
1264.8229598999023,2506
1265.8202648162842,2494
1266.817331314087,2478
1267.8148746490479,2504
1268.8121795654297,2526
1269.8099613189697,2546
1270.8072662353516,2580
1271.8141078948975,2544
1272.8023529052734,2514
1273.7998962402344,2506
1274.825096130371,2710
1275.7956981658936,2502
1276.8182754516602,2494
1277.8160572052002,2502
1278.8128852844238,2510
1279.810905456543,2520
1280.7798385620117,2544
1281.7909717559814,2534
1282.7818393707275,2550
1283.7717533111572,2490
1284.7695350646973,2484
1285.766839981079,2486
1286.764144897461,2488
1287.761926651001,2454
1288.7587547302246,2450
1289.7593975067139,2450
1290.757179260254,2450
1291.7802333831787,2486
1292.7758693695068,2484
1293.7726974487305,2498
1294.7702407836914,2514
1295.7415580749512,2458
1296.767234802246,2474
1297.7640628814697,2502
1298.7337112426758,2486
1299.760103225708,2534
1300.755500793457,2504
1301.7535209655762,2474
1302.75297164917,2490
1303.748369216919,2500
1304.7454357147217,2538
1305.7372570037842,2552
1306.7138195037842,2582
1307.7199459075928,2518
1308.73441696167,2526
1309.73219871521,2506
1310.7287883758545,2520
1311.7249011993408,2502
1312.7233982086182,2514
1313.7211799621582,2534
1314.7199153900146,2510
1315.6874179840088,2490
1316.7140483856201,2534
1317.7120685577393,2556
1318.7103271484375,2526
1319.706678390503,2522
1320.7049369812012,2512
1321.6724395751953,2470
1322.7007389068604,2470
1323.6808776855469,2482
1324.6920108795166,2470
1325.6900310516357,2476
1326.6594409942627,2490
1327.6557922363281,2492
1328.6538124084473,2552
1329.6513557434082,2550
1330.6481838226318,2542
1331.6450119018555,2536
1332.6425552368164,2558
1333.6398601531982,2546
1334.636926651001,2504
1335.6361389160156,2518
1336.6315364837646,2558
1337.6283645629883,2540
1338.6290073394775,2508
1339.6251201629639,2516
1340.6355381011963,2534
1341.6187763214111,2606
1342.6153659820557,2558
1343.6133861541748,2518
1344.6102142333984,2486
1345.6089496612549,2474
1346.6055393218994,2478
1347.6026058197021,2418
1348.600149154663,2430
1349.597454071045,2416
1350.595474243164,2398
1351.5918254852295,2458
1352.5896072387695,2468
1353.585958480835,2494
1354.5842170715332,2468
1355.581283569336,2478
1356.5778732299805,2458
1357.574462890625,2426
1358.5753440856934,2390
1359.571933746338,2426
1360.5685234069824,2454
1361.565351486206,2468
1362.5621795654297,2474
1363.5878562927246,2494
1364.558219909668,2502
1365.553617477417,2548
1366.5504455566406,2542
1367.5477504730225,2584
1368.5457706451416,2558
1369.5435523986816,2502
1370.5408573150635,2502
1371.5388774871826,2538
1372.5676536560059,2600
1373.561143875122,2542
1374.558687210083,2552
1375.556230545044,2546
1376.5530586242676,2550
1377.5501251220703,2602
1378.519058227539,2570
1379.5456886291504,2550
1380.5136680603027,2546
1381.5109729766846,2512
1382.509708404541,2516
1383.5346698760986,2506
1384.5324516296387,2522
1385.5292797088623,2502
1386.526346206665,2516
1387.5248432159424,2502
1388.52858543396,2502
1389.4901275634766,2482
1390.5162811279297,2490
1391.5133476257324,2534
1392.5132751464844,2504
1393.507719039917,2454
1394.51265335083,2458
1395.5028057098389,2416
1396.4996337890625,2458
1397.4976539611816,2474
1398.4949588775635,2484
1399.4927406311035,2482
1400.4943370819092,2502
1401.4918804168701,2524
1402.4839401245117,2526
1403.4812450408936,2554
1404.4785499572754,2502
1405.4758548736572,2462
1406.4738750457764,2510
1407.470703125,2502
1408.4672927856445,2510
1409.4386100769043,2518
1410.4633331298828,2486
1411.4596843719482,2442
1412.4572277069092,2470
1413.4547710418701,2486
1414.426326751709,2502
1415.4200553894043,2522
1416.417121887207,2484
1417.414665222168,2474
1418.4119701385498,2474
1419.4092750549316,2482
1420.4063415527344,2478
1421.4041233062744,2486
1422.4014282226562,2536
1423.398494720459,2542
1424.3955612182617,2510
1425.3931045532227,2514
1426.3906478881836,2546
1427.3879528045654,2550
1428.3852577209473,2546
1429.382562637329,2526
1430.379867553711,2494
1431.3769340515137,2490
1432.3747158050537,2500
1433.3717823028564,2518
1434.3693256378174,2512
1435.3666305541992,2510
1436.363697052002,2510
1437.3610019683838,2522
1438.3585453033447,2544
1439.3558502197266,2502
1440.3531551361084,2488
1442.3558712005615,2482
1442.3558712005615,2442
1443.345069885254,2430
1444.3426132202148,2482
1445.3399181365967,2488
1446.3372230529785,2474
1447.3345279693604,2486
1448.3318328857422,2502
1449.3293762207031,2490
1450.3264427185059,2544
1451.3237476348877,2544
1452.3212909698486,2570
1453.3183574676514,2526
1454.3159008026123,2494
1455.3132057189941,2522
1456.310510635376,2510
1457.3078155517578,2548
1458.3051204681396,2554
1459.3026638031006,2538
1460.2999687194824,2526
1461.2970352172852,2542
1462.294340133667,2572
1463.291883468628,2554
1464.2891883850098,2574
1465.2864933013916,2518
1466.2840366363525,2482
1467.2813415527344,2470
1468.278408050537,2488
1469.275712966919,2486
1470.2732563018799,2518
1471.2705612182617,2474
1472.2678661346436,2490
1474.2672443389893,2504
1474.2672443389893,2538
1476.2599468231201,2512
1476.2599468231201,2526
1477.2894382476807,2478
1479.2497158050537,2418
1480.2477359771729,2458
1481.2443256378174,2458
1482.241153717041,2474
1483.2384586334229,2470
1484.2360019683838,2522
1485.2921962738037,2458
1486.2878322601318,2448
1487.2841835021973,2506
1488.288164138794,2514
1489.232063293457,2478
1490.2198314666748,2510
1491.2171363830566,2482
1491.2171363830566,2426
1492.2144412994385,2488
1493.2119846343994,2486
1494.2092895507812,2458
1495.206594467163,2506
1496.203899383545,2518
1498.2197284698486,2470
1498.2197284698486,2542
1499.2258548736572,2510
1501.2197494506836,2534
1501.2197494506836,2512
1503.2145977020264,2522
1504.1868686676025,2494
1505.1801204681396,2490
1506.1793327331543,2536
1507.1744918823242,2540
1508.171558380127,2522
1509.169101715088,2538
1510.1664066314697,2518
1511.1639499664307,2522
1512.1610164642334,2572
1513.1585597991943,2578
1514.1558647155762,2514
1515.153169631958,2488
1516.1504745483398,2504
1517.1477794647217,2470
1518.1448459625244,2502
1519.1426277160645,2538
1520.1399326324463,2550
1521.136999130249,2518
1522.13454246521,2542
1523.1318473815918,2538
1524.1289138793945,2506
1525.1262187957764,2546
1526.1237621307373,2534
1527.1210670471191,2482
1528.118371963501,2490
1529.115915298462,2510
1530.1132202148438,2504
1531.1105251312256,2546
1532.1075916290283,2554
1533.1051349639893,2534
1534.102439880371,2502
1535.099744796753,2582
1536.1125469207764,2538
1537.0945930480957,2578
1538.0916595458984,2518
1539.0889644622803,2500
1540.0865077972412,2506
1541.083812713623,2490
1542.0808792114258,2474
1543.0781841278076,2494
1544.0757274627686,2574
1545.0730323791504,2532
1546.0703372955322,2506
1547.067642211914,2518
1548.064947128296,2526
1549.0622520446777,2510
1550.0600337982178,2478
1551.0573387145996,2454
1552.0544052124023,2448
1553.0517101287842,2478
1554.049015045166,2502
1555.0463199615479,2534
1556.044101715088,2538
1557.0411682128906,2538
1558.0384731292725,2538
1559.0355396270752,2536
1560.0330829620361,2542
1561.030387878418,2536
1562.027931213379,2548
1563.0249977111816,2538
1564.0227794647217,2522
1565.0200843811035,2516
1566.0169124603271,2520
1567.0146942138672,2548
1568.011999130249,2558
1569.0090656280518,2550
1570.0063705444336,2510
1571.0039138793945,2514
1572.0009803771973,2534
1572.9990005493164,2520
1573.99582862854,2482
1574.9931335449219,2448
1575.9904384613037,2448
1576.9875049591064,2446
1577.9848098754883,2502
1578.9825916290283,2518
1579.979658126831,2534
1580.976963043213,2506
1581.9745063781738,2546
1582.9718112945557,2542
1583.9688777923584,2606
1584.9668979644775,2600
1585.9639644622803,2558
1586.961030960083,2554
1587.9583358764648,2510
1588.9556407928467,2522
1589.9534225463867,2494
1590.9504890441895,2516
1591.9477939605713,2492
1592.9453372955322,2526
1593.942403793335,2518
1594.9397087097168,2540
1595.9370136260986,2492
1596.9347953796387,2470
1597.9318618774414,2488
1598.9291667938232,2490
1599.926471710205,2512
1600.923776626587,2478
1601.9208431243896,2490
1602.9188632965088,2520
1603.9164066314697,2506
1604.9129962921143,2514
1605.9107780456543,2502
1606.907844543457,2478
1607.905387878418,2478
1608.9024543762207,2478
1609.8999977111816,2474
1610.8970642089844,2470
1611.8943691253662,2462
1612.8923892974854,2462
1613.889217376709,2502
1614.8865222930908,2522
1615.8835887908936,2552
1616.8811321258545,2518
1617.8784370422363,2514
1618.8757419586182,2520
1619.873285293579,2514
1620.8703517913818,2514
1621.8676567077637,2510
1622.8652000427246,2490
1623.8758563995361,2482
1624.8595714569092,2534
1625.856876373291,2548
1626.8541812896729,2538
1627.8517246246338,2542
1628.8495063781738,2548
1629.8470497131348,2522
1630.8445930480957,2522
1631.8411827087402,2526
1632.838487625122,2514
1633.836030960083,2536
1634.8330974578857,2502
1635.8304023742676,2478
1636.8274688720703,2470
1637.8250122070312,2482
1638.8230323791504,2516
1639.8200988769531,2514
1640.8171653747559,2540
1641.8144702911377,2544
1642.8117752075195,2510
1643.8088417053223,2506
1644.8252201080322,2486
1645.8039283752441,2510
1646.8009948730469,2494
1647.7985382080078,2490
1648.7958431243896,2486
1649.7929096221924,2472
1650.7902145385742,2480
1651.7877578735352,2500
1652.785062789917,2522
1653.7823677062988,2526
1654.7794342041016,2506
1655.7769775390625,2508
1656.7745208740234,2494
1657.7715873718262,2474
1658.769130706787,2452
1659.7671508789062,2418
1660.764217376709,2460
1661.761999130249,2426
1662.7585887908936,2506
1663.7558937072754,2548
1664.7529602050781,2600
1665.750503540039,2546
1666.747808456421,2518
1667.7448749542236,2546
1668.7424182891846,2534
1669.7397232055664,2546
1670.7370281219482,2522
1671.73433303833,2512
1672.7352142333984,2524
1673.7289428710938,2536
1674.7264862060547,2520
1675.7240295410156,2540
1676.7210960388184,2546
1677.7184009552002,2550
1678.715705871582,2524
1679.713487625122,2526
1680.7105541229248,2514
1681.7076206207275,2510
1682.7051639556885,2502
1683.7024688720703,2490
1684.6997737884521,2478
1685.6968402862549,2426
1686.6943836212158,2510
1687.6916885375977,2524
1688.6889934539795,2554
1689.6865367889404,2510
1690.6838417053223,2518
1691.681146621704,2486
1692.6782131195068,2526
1693.6757564544678,2542
1694.6730613708496,2522
1695.6703662872314,2570
1696.6674327850342,2500
1697.6649761199951,2510
1698.662519454956,2534
1699.659824371338,2584
1700.6571292877197,2524
1701.6544342041016,2534
1702.6515007019043,2534
1703.6488056182861,2510
1704.646348953247,2516
1705.643653869629,2472
1706.6540718078613,2450
1707.6385021209717,2454
1708.6358070373535,2458
1709.6331119537354,2460
1710.6304168701172,2490
1711.627721786499,2486
1712.6250267028809,2486
1713.6223316192627,2490
1714.6196365356445,2502
1715.6169414520264,2468
1716.6142463684082,2478
1717.6117897033691,2482
1718.609094619751,2502
1719.6063995361328,2456
1720.604658126831,2490
1721.602439880371,2536
1722.5990295410156,2570
1723.5968112945557,2602
1724.5936393737793,2610
1725.5911827087402,2598
1726.5877723693848,2598
1727.5848388671875,2602
1728.5823822021484,2574
1729.5796871185303,2518
1730.576992034912,2520
1731.574535369873,2478
1732.5716018676758,2474
1733.5689067840576,2506
1734.5662117004395,2514
1735.5637550354004,2542
1736.5612983703613,2568
1737.558364868164,2558
1738.555908203125,2508
1739.5529747009277,2506
1740.5502796173096,2460
1741.5475845336914,2482
1742.5451278686523,2480
1743.5424327850342,2506
1744.539737701416,2458
1745.5368041992188,2502
1746.5343475341797,2490
1747.5316524505615,2508
1748.5289573669434,2538
1749.5265007019043,2538
1750.5238056182861,2520
1751.5208721160889,2478
1752.518653869629,2506
1753.5157203674316,2446
1754.5130252838135,2446
1755.5103302001953,2424
1756.5076351165771,2426
1757.504940032959,2454
1758.5022449493408,2426
1759.4997882843018,2454
1760.4970932006836,2458
1761.4943981170654,2470
1762.4914646148682,2474
1763.489007949829,2450
1764.491319656372,2578
1765.4836177825928,2482
1766.4811611175537,2466
1767.4784660339355,2474
1768.4764862060547,2500
1769.4735527038574,2486
1770.4710960388184,2494
1771.4684009552002,2522
1772.4652290344238,2534
1773.4630107879639,2574
1774.4600772857666,2538
1775.4573822021484,2522
1776.4544486999512,2516
1777.451992034912,2512
1778.449535369873,2466
1779.4463634490967,2486
1780.4450988769531,2474
1781.4419269561768,2492
1782.4385166168213,2494
1783.4358215332031,2534
1784.4338417053223,2546
1785.430908203125,2582
1786.4279747009277,2534
1787.4252796173096,2518
1788.4228229522705,2542
1789.4287109375,2508
1790.4179096221924,2518
1791.4149761199951,2512
1792.4120426177979,2506
1793.4091091156006,2502
1794.4066524505615,2506
1795.4039573669434,2514
1796.4012622833252,2586
1797.398567199707,2586
1798.3958721160889,2542
1799.3929386138916,2554
1800.3904819488525,2508
1801.3877868652344,2542
1802.3850917816162,2518
1803.382396697998,2506
1804.3794631958008,2514
1805.3770065307617,2514
1806.3745498657227,2514
1807.3909282684326,2550
1808.3691596984863,2590
1809.3664646148682,2510
1810.36376953125,2524
1811.3610744476318,2502
1812.3586177825928,2478
1813.3559226989746,2470
1814.3541812896729,2490
1815.3510093688965,2474
1816.3483142852783,2462
1817.345380783081,2474
1818.3434009552002,2470
1819.3402290344238,2494
1820.3387260437012,2526
1821.3350772857666,2526
1822.3624229431152,2474
1823.3582973480225,2506
1824.3567943572998,2502
1825.3536224365234,2486
1826.354742050171,2494
1827.3491859436035,2502
1828.3159732818604,2482
1829.313039779663,2454
1830.3108215332031,2522
1831.3076496124268,2544
1832.3049545288086,2540
1833.3022594451904,2574
1834.2995643615723,2540
1835.296869277954,2514
1836.2946510314941,2474
1837.2917175292969,2472
1838.2890224456787,2472
1839.2860889434814,2506
1840.2838706970215,2510
1841.2809371948242,2512
1842.278242111206,2518
1843.275785446167,2546
1844.2730903625488,2558
1845.2703952789307,2586
1846.2674617767334,2570
1847.2650051116943,2486
1848.2627868652344,2462
1849.259614944458,2458
1850.257396697998,2474
1851.2544631958008,2458
1852.2515296936035,2454
1853.2488346099854,2382
1855.2436828613281,2430
1856.24098777771,2470
1857.2380542755127,2492
1858.2355976104736,2528
1859.2329025268555,2520
1860.2304458618164,2514
1861.2277507781982,2470
1862.22505569458,2506
1863.222360610962,2488
1864.2196655273438,2506
1865.2169704437256,2492
1865.2169704437256,2504
1867.2115802764893,2522
1868.2091236114502,2526
1868.2091236114502,2606
1870.2037334442139,2554
1871.2010383605957,2572
1872.1983432769775,2534
1872.1983432769775,2514
1873.1956481933594,2458
1875.1904964447021,2478
1876.187801361084,2470
1877.1848678588867,2462
1878.1824111938477,2490
1879.1797161102295,2454
1880.1770210266113,2490
1881.1743259429932,2514
1882.171630859375,2558
1883.1689357757568,2558
1884.1662406921387,2486
1885.1633071899414,2482
1886.1610889434814,2470
1887.1583938598633,2502
1888.155460357666,2526
1889.153003692627,2520
1890.1503086090088,2486
1891.1476135253906,2482
1892.1451568603516,2510
1893.1422233581543,2522
1894.1395282745361,2538
1895.136833190918,2578
1896.134376525879,2526
1897.1316814422607,2494
1898.1289863586426,2534
1899.1265296936035,2512
1900.1235961914062,2494
1901.120901107788,2510
1902.11820602417,2522
1903.1155109405518,2482
1904.1130542755127,2482
1905.1101207733154,2514
1906.1079025268555,2514
1907.1052074432373,2542
1908.10227394104,2500
1909.0995788574219,2490
1910.0971221923828,2450
1911.0944271087646,2502
1912.0914936065674,2480
1913.0890369415283,2502
1914.0863418579102,2520
1915.083646774292,2490
1916.0809516906738,2486
1917.0782566070557,2544
1918.0755615234375,2586
1919.0728664398193,2572
1920.0704097747803,2552
1921.067476272583,2518
1922.0654964447021,2510
1923.062801361084,2484
1924.0598678588867,2506
1925.0571727752686,2480
1926.0544776916504,2474
1927.0517826080322,2486
1928.049087524414,2494
1929.0461540222168,2548
1930.0434589385986,2554
1931.0410022735596,2542
1932.0383071899414,2462
1933.0356121063232,2510
1934.0331554412842,2480
1935.030460357666,2432
1936.0277652740479,2470
1937.0250701904297,2498
1938.023567199707,2514
1939.0208721160889,2494
1940.0181770324707,2522
1942.4057006835938,2558
1942.4057006835938,2558
1942.4057006835938,2582
1943.4115886688232,2544
1944.9167251586914,2506
1945.420503616333,2516
1946.4199542999268,2534
1947.4172592163086,2426
1948.4143257141113,2514
1949.4128227233887,2510
1950.4094123840332,2510
1951.406478881836,2522
1952.4037837982178,2510
1953.4013271331787,2550
1954.3983936309814,2536
1955.3966522216797,2514
1956.3937187194824,2494
1957.3907852172852,2430
1958.388090133667,2470
1959.3851566314697,2480
1960.383653640747,2492
1961.3804817199707,2522
1962.3768329620361,2490
1963.374137878418,2510
1964.371681213379,2518
1965.3692245483398,2552
1966.3662910461426,2552
1967.3638343811035,2578
1968.3611392974854,2534
1969.357967376709,2502
1970.3547954559326,2510
1971.3525772094727,2494
1972.3496437072754,2550
1973.3469486236572,2518
1974.344253540039,2506
1975.3553867340088,2506
1976.3538837432861,2548
1977.346420288086,2550
1978.3339500427246,2550
1979.3310165405273,2518
1980.3283214569092,2522
1981.3258647918701,2504
1982.323169708252,2490
1983.3202362060547,2536
1984.3177795410156,2506
1985.3150844573975,2456
1986.3123893737793,2498
1987.309455871582,2524
1988.3067607879639,2514
1989.3043041229248,2520
1990.3018474578857,2528
1991.2989139556885,2544
1992.2964572906494,2532
1993.2937622070312,2518
1994.291067123413,2508
1995.2881336212158,2478
1996.2859153747559,2514
1997.2829818725586,2522
1998.2802867889404,2518
1999.2773532867432,2522
2000.2753734588623,2526
2001.272201538086,2578
2002.2695064544678,2574
2003.2670497894287,2500
2004.2643547058105,2486
2006.2587261199951,2478
2006.2587261199951,2488
2007.256269454956,2478
2008.253574371338,2504
2010.2484226226807,2494
2010.2484226226807,2486
2011.2457275390625,2490
2012.2427940368652,2504
2013.2403373718262,2514
2015.2356624603271,2518
2015.2356624603271,2544
2017.2297954559326,2518
2018.2268619537354,2478
2019.2241668701172,2450
2020.2217102050781,2488
2021.21901512146,2502
2022.2163200378418,2518
2023.2136249542236,2546
2024.2109298706055,2522
2025.2082347869873,2540
2026.2055397033691,2542
2027.20308303833,2536
2028.200387954712,2538
2029.1976928710938,2526
2030.195713043213,2484
2031.1963558197021,2470
2032.1896076202393,2508
2033.186912536621,2482
2034.184455871582,2514
2035.1817607879639,2502
2036.1788272857666,2504
2037.1761322021484,2526
2038.1736755371094,2542
2039.1709804534912,2540
2040.168285369873,2550
2041.165828704834,2486
2042.1628952026367,2468
2043.1602001190186,2518
2044.1575050354004,2478
2045.1836585998535,2472
2046.1809635162354,2514
2047.149896621704,2540
2048.147439956665,2538
2049.144983291626,2526
2050.142526626587,2538
2051.1398315429688,2526
2052.1366596221924,2546
2053.133964538574,2494
2054.131269454956,2492
2055.129051208496,2474
2056.126832962036,2506
2057.1234226226807,2478
2058.1209659576416,2534
2059.1177940368652,2542
2060.1158142089844,2506
2061.1186027526855,2518
2062.10994720459,2518
2063.1072521209717,2536
2064.1045570373535,2542
2065.1023387908936,2528
2066.0994052886963,2534
2067.096710205078,2492
2068.09401512146,2476
2069.091320037842,2460
2070.089101791382,2490
2071.0861682891846,2506
2072.0834732055664,2518
2073.080539703369,2522
2074.077844619751,2542
2075.075387954712,2550
2076.072931289673,2522
2077.0702362060547,2542
2078.0673027038574,2544
2079.0648460388184,2476
2080.061912536621,2474
2081.0625553131104,2470
2082.056999206543,2510
2083.054304122925,2510
2084.0513706207275,2526
2085.0489139556885,2514
2086.045742034912,2494
2087.0437622070312,2518
2088.040590286255,2570
2089.038133621216,2522
2090.035915374756,2510
2091.053247451782,2502
2092.029809951782,2474
2093.026638031006,2490
2094.024419784546,2504
2095.0217247009277,2506
2096.0187911987305,2504
2097.0163345336914,2546
2098.0136394500732,2510
2099.010944366455,2500
2100.008249282837,2506
2101.005792617798,2520
2102.0028591156006,2510
2103.0001640319824,2478
2103.9977073669434,2486
2104.994773864746,2490
2105.992317199707,2516
2106.9905757904053,2518
2108.0162525177,2486
2109.0145111083984,2518
2110.010862350464,2508
2111.0095977783203,2526
2112.0057106018066,2538
2112.973928451538,2534
2113.9707565307617,2508
2114.9682998657227,2502
2115.9656047821045,2510
2116.962671279907,2526
2117.9604530334473,2538
2118.95751953125,2518
2119.954824447632,2536
2120.9521293640137,2522
2121.9515800476074,2510
2122.94864654541,2538
2123.946189880371,2518
2124.9420642852783,2494
2125.938892364502,2506
2126.936197280884,2490
2127.9335021972656,2510
2128.9310455322266,2530
2129.9283504486084,2510
2130.925416946411,2514
2131.922960281372,2554
2132.920265197754,2512
2133.9175701141357,2518
2134.9148750305176,2514
2135.9124183654785,2534
2136.9097232818604,2494
2137.906789779663,2504
2138.904333114624,2506
2139.901638031006,2470
2140.8989429473877,2454
2141.8962478637695,2502
2142.8937911987305,2518
2143.890857696533,2534
2144.888162612915,2518
2145.885705947876,2506
2146.883249282837,2512
2147.8803157806396,2518
2148.8773822784424,2508
2149.8751640319824,2424
2150.872230529785,2474
2151.869535446167,2460
2152.867555618286,2484
2153.8643836975098,2494
2154.864549636841,2494
2155.8587551116943,2494
2156.8562984466553,2526
2157.853603363037,2550
2158.8637828826904,2550
2159.84845161438,2570
2160.8455181121826,2510
2161.8428230285645,2514
2162.8401279449463,2514
2163.837671279907,2480
2164.834976196289,2478
2165.832281112671,2512
2166.8295860290527,2534
2167.8268909454346,2542
2168.8244342803955,2508
2169.8215007781982,2526
2170.819044113159,2502
2171.816349029541,2518
2172.8134155273438,2522
2173.8109588623047,2526
2174.8082637786865,2466
2175.8055686950684,2452
2176.802635192871,2472
2177.800416946411,2506
2178.797721862793,2512
2179.795026779175,2538
2180.7923316955566,2470
2181.7898750305176,2506
2182.7900409698486,2702
2183.7849617004395,2554
2184.7825050354004,2538
2185.779333114624,2526
2186.7763996124268,2506
2187.7739429473877,2504
2188.7717247009277,2504
2189.7692680358887,2506
2190.7663345336914,2522
2191.7638778686523,2522
2192.760467529297,2556
2193.758010864258,2532
2194.755792617798,2520
2195.7528591156006,2538
2196.7499256134033,2526
2197.75390625,2518
2198.745012283325,2502
2199.742317199707,2486
2200.739622116089,2502
2201.73716545105,2518
2202.7339935302734,2486
2203.7315368652344,2530
2204.7290802001953,2514
2205.726146697998,2504
2206.723690032959,2526
2207.7207565307617,2518
2208.7297439575195,2526
2209.7160816192627,2502
2210.712671279907,2506
2211.7104530334473,2470
2212.707281112671,2510
2213.7064933776855,2500
2214.702844619751,2538
2215.6996726989746,2518
2216.6967391967773,2534
2217.694044113159,2536
2218.691110610962,2538
2219.688892364502,2528
2220.6857204437256,2510
2221.713066101074,2512
2222.7108478546143,2502
2223.6783504486084,2488
2224.675178527832,2522
2225.6722450256348,2502
2226.6697883605957,2542
2227.6670932769775,2570
2228.6643981933594,2552
2229.6619415283203,2518
2230.659008026123,2518
2231.656551361084,2526
2232.6536178588867,2522
2233.6511611938477,2518
2234.6482276916504,2518
2235.645532608032,2458
2236.643075942993,2460
2237.640380859375,2486
2238.637685775757,2542
2239.6349906921387,2606
2240.6327724456787,2550
2241.6298389434814,2542
2242.6271438598633,2506
2243.624448776245,2618
2244.621753692627,2532
2245.6188201904297,2512
2246.6161251068115,2510
2247.6136684417725,2482
2248.6109733581543,2494
2249.608278274536,2488
2250.605583190918,2524
2251.6028881073,2538
2252.60066986084,2554
2253.5977363586426,2546
2254.5948028564453,2544
2255.592107772827,2506
2256.589412689209,2538
2257.587432861328,2510
2258.5842609405518,2474
2259.5815658569336,2448
2260.5788707733154,2474
2261.5764141082764,2482
2262.573480606079,2502
2263.570785522461,2522
2264.568328857422,2552
2265.5656337738037,2530
2266.5627002716064,2518
2267.5602436065674,2520
2268.557548522949,2502
2269.554853439331,2490
2270.552158355713,2512
2271.549701690674,2506
2272.5467681884766,2484
2273.5443115234375,2480
2274.5413780212402,2510
2275.5391597747803,2518
2276.536226272583,2538
2277.533531188965,2544
2278.531074523926,2530
2279.5283794403076,2512
2280.5256843566895,2510
2281.5229892730713,2522
2282.520294189453,2526
2283.517599105835,2514
2284.5146656036377,2474
2285.5124473571777,2486
2286.5095138549805,2508
2287.5068187713623,2542
2288.504123687744,2556
2289.509057998657,2532
2290.499210357666,2526
2291.496515274048,2502
2292.4935817718506,2550
2293.4908866882324,2518
2294.4881916046143,2514
2295.485496520996,2514
2296.482801437378,2506
2297.4801063537598,2502
2298.492431640625,2504
2299.4751930236816,2550
2300.4722595214844,2544
2301.4698028564453,2582
2302.466869354248,2558
2303.464412689209,2550
2304.461717605591,2550
2305.4587841033936,2534
2306.4565658569336,2506
2307.4536323547363,2486
2308.450698852539,2494
2309.4482421875,2492
2310.445547103882,2538
2311.4428520202637,2550
2312.4401569366455,2578
2313.4372234344482,2546
2314.4352436065674,2534
2315.4330253601074,2482
2316.4303302764893,2490
2317.427635192871,2486
2318.424940109253,2522
2319.4220066070557,2498
2320.420026779175,2478
2321.4166164398193,2514
2322.4258422851562,2518
2323.410749435425,2544
2324.4082927703857,2518
2325.4055976867676,2536
2326.4026641845703,2518
2327.4004459381104,2470
2328.397512435913,2506
2329.394817352295,2502
2330.3921222686768,2508
2331.3896656036377,2538
2332.3867321014404,2456
2333.3840370178223,2502
2334.381580352783,2510
2335.378885269165,2534
2337.378978729248,2542
2337.378978729248,2558
2338.371515274048,2546
2339.3688201904297,2494
2340.3661251068115,2486
2341.3639068603516,2486
2342.360496520996,2512
2343.357801437378,2502
2344.355344772339,2428
2345.3526496887207,2474
2346.3497161865234,2478
2347.3472595214844,2518
2348.3450412750244,2534
2349.342107772827,2540
2350.3403663635254,2542
2351.337194442749,2502
2352.3340225219727,2514
2353.3315658569336,2522
2354.328393936157,2522
2355.3261756896973,2486
2356.3239574432373,2502
2357.325315475464,2502
2358.31880569458,2504
2359.3156337738037,2548
2360.3131771087646,2552
2361.3107204437256,2554
2362.30731010437,2542
2363.304853439331,2538
2364.301919937134,2514
2365.299940109253,2542
2366.2965297698975,2514
2367.2943115234375,2492
2368.3254718780518,2498
2369.3177700042725,2490
2370.319604873657,2506
2371.317148208618,2492
2373.279571533203,2528
2374.277114868164,2526
2374.277114868164,2514
2375.2732276916504,2506
2376.270532608032,2508
2377.267599105835,2506
2378.265142440796,2518
2380.260705947876,2510
2381.2575340270996,2458
2381.2575340270996,2460
2383.2521438598633,2510
2384.248971939087,2490
2385.2460384368896,2548
2386.2435817718506,2538
2387.2411251068115,2570
2387.2411251068115,2506
2389.2645835876465,2502
2390.2623653411865,2518
2391.258478164673,2502
2392.2553062438965,2514
2393.2526111602783,2494
2394.2503929138184,2472
2395.247459411621,2486
2396.245002746582,2514
2397.2420692443848,2510
2398.2112407684326,2526
2399.2083072662354,2494
2400.205373764038,2510
2401.202917098999,2478
2402.200222015381,2506
2403.1975269317627,2506
2404.1967391967773,2512
2405.1966667175293,2674
2406.1925411224365,2474
2407.196044921875,2524
2408.195972442627,2538
2409.1968536376953,2576
2410.1974964141846,2518
2411.177635192871,2538
2412.1735095977783,2526
2413.17081451416,2512
2414.167881011963,2538
2415.165424346924,2494
2416.1627292633057,2510
2417.1600341796875,2534
2418.1575775146484,2526
2419.1548824310303,2538
2420.152187347412,2548
2421.149492263794,2570
2422.146797180176,2554
2423.1443405151367,2526
2424.1414070129395,2514
2425.1389503479004,2486
2426.136255264282,2506
2427.133560180664,2518
2428.130626678467,2510
2429.1300773620605,2526
2430.1276206970215,2494
2431.133031845093,2512
2432.121753692627,2518
2433.119058609009,2558
2434.1166019439697,2554
2435.1143836975098,2550
2436.1112117767334,2512
2437.1085166931152,2534
2438.105821609497,2504
2439.103126525879,2514
2440.1004314422607,2514
2441.0979747772217,2504
2442.0952796936035,2480
2443.0923461914062,2550
2444.089651107788,2512
2445.1136589050293,2574
2446.1112022399902,2554
2447.108268737793,2546
2448.106050491333,2516
2449.104070663452,2490
2450.101375579834,2492
2451.0974884033203,2462
2452.094793319702,2478
2453.092336654663,2534
2454.090356826782,2476
2455.061197280884,2506
2456.090211868286,2522
2457.0815563201904,2556
2458.0788612365723,2572
2459.076404571533,2542
2460.048198699951,2518
2461.043119430542,2474
2462.0401859283447,2472
2463.0372524261475,2384
2464.0347957611084,2486
2465.0321006774902,2506
2466.029405593872,2478
2467.026948928833,2512
2468.0240154266357,2506
2469.0213203430176,2542
2470.0186252593994,2532
2471.0161685943604,2512
2472.013473510742,2506
2473.010778427124,2502
2474.0078449249268,2478
2475.005626678467,2500
2476.0026931762695,2478
2476.9999980926514,2486
2477.9975414276123,2518
2478.994846343994,2514
2479.992151260376,2508
2480.989456176758,2506
2481.9867610931396,2524
2484.3955039978027,2576
2484.3955039978027,2494
2484.3955039978027,2470
2485.3997230529785,2478
2486.900568008423,2502
2487.403154373169,2506
2488.4016513824463,2510
2489.3994331359863,2504
2490.40150642395,2500
2491.4255142211914,2502
2492.4070835113525,2502
2493.388891220093,2524
2494.414806365967,2544
2495.4121112823486,2490
2496.4094161987305,2470
2497.3790645599365,2498
2498.3768463134766,2522
2499.3736743927,2512
2500.3702640533447,2506
2501.368999481201,2502
2502.3655891418457,2492
2503.3631324768066,2514
2504.387140274048,2522
2505.3844451904297,2510
2506.354808807373,2534
2508.3489418029785,2502
2508.3489418029785,2474
2509.345769882202,2446
2510.343074798584,2488
2511.340379714966,2518
2512.3374462127686,2542
2513.3349895477295,2568
2514.3322944641113,2478
2515.329599380493,2514
2516.327142715454,2518
2517.324447631836,2526
2518.3215141296387,2520
2519.3190574645996,2512
2521.3167667388916,2478
2521.3167667388916,2482
2522.312879562378,2482
2523.3101844787598,2478
2524.3072509765625,2510
2525.3047943115234,2510
2526.3020992279053,2502
2527.299165725708,2514
2528.296709060669,2542
2529.294013977051,2540
2530.291795730591,2510
2531.2891006469727,2478
2532.2859287261963,2456
2533.283233642578,2430
2534.28053855896,2450
2535.2776050567627,2470
2536.275863647461,2498
2537.2726917266846,2500
2538.2697582244873,2508
2539.2673015594482,2522
2540.26460647583,2522
2541.261911392212,2522
2542.259454727173,2542
2543.2567596435547,2522
2544.2538261413574,2506
2545.2511310577393,2510
2546.2486743927,2518
2547.245740890503,2502
2548.243284225464,2522
2549.2405891418457,2506
2550.2378940582275,2504
2551.2354373931885,2548
2553.230047225952,2524
2554.227352142334,2550
2555.2244186401367,2522
2556.2222003936768,2504
2557.2192668914795,2470
2558.2165718078613,2462
2559.213876724243,2458
2560.211420059204,2470
2561.2094402313232,2490
2562.206029891968,2502
2563.2033348083496,2484
2564.2006397247314,2498
2565.1979446411133,2504
2566.195249557495,2540
2566.195249557495,2554
2568.190574645996,2532
2569.1871643066406,2538
2570.1851844787598,2470
2571.1820125579834,2482
2572.1793174743652,2500
2573.176622390747,2522
2574.174165725708,2502
2575.1712322235107,2514
2576.1685371398926,2514
2577.1658420562744,2544
2578.1633853912354,2540
2579.160690307617,2514
2580.158472061157,2504
2581.169605255127,2474
2582.1526050567627,2482
2583.1501483917236,2480
2584.1474533081055,2508
2585.1447582244873,2514
2586.14182472229,2486
2587.139129638672,2470
2588.136672973633,2514
2589.1337394714355,2538
2590.1312828063965,2526
2591.1290645599365,2462
2592.12589263916,2542
2593.123197555542,2524
2594.120502471924,2646
2595.1178073883057,2510
2596.1153507232666,2508
2597.1124172210693,2542
2598.1104373931885,2572
2599.107265472412,2542
2600.105047225952,2540
2601.101875305176,2528
2602.0994186401367,2450
2603.0964851379395,2552
2604.0937900543213,2534
2605.091333389282,2510
2606.0879230499268,2448
2607.0847511291504,2486
2608.081579208374,2502
2609.078884124756,2502
2610.076427459717,2482
2611.0734939575195,2482
2612.0710372924805,2458
2613.0683422088623,2492
2614.065647125244,2512
2615.062952041626,2518
2616.060256958008,2486
2617.0573234558105,2482
2618.0548667907715,2460
2619.0524101257324,2446
2620.049476623535,2514
2621.047019958496,2548
2622.044324874878,2514
2623.0416297912598,2534
2624.0391731262207,2534
2625.0364780426025,2518
2626.0335445404053,2574
2627.030849456787,2574
2628.028392791748,2550
2629.02569770813,2518
2630.0230026245117,2508
2631.0205459594727,2478
2632.0176124572754,2506
2633.014917373657,2534
2634.012222290039,2526
2635.009765625,2502
2636.007070541382,2536
2637.004613876343,2550
2638.0019187927246,2556
2638.9989852905273,2560
2639.996290206909,2542
2640.993356704712,2502
2641.990900039673,2534
2642.9882049560547,2492
2644.0160274505615,2490
2644.9904441833496,2492
2646.0089683532715,2508
2647.0062732696533,2554
2648.002862930298,2526
2649.0046977996826,2518
2649.9991416931152,2550
2650.995969772339,2534
2651.9930362701416,2550
2652.9903411865234,2518
2653.987169265747,2462
2654.984951019287,2646
2655.982732772827,2454
2656.9793224334717,2486
2657.977819442749,2526
2658.97536277771,2542
2659.943103790283,2482
2660.940170288086,2474
2661.937475204468,2506
2662.9350185394287,2540
2663.9323234558105,2574
2664.9296283721924,2550
2665.926694869995,2490
2666.924238204956,2482
2667.921543121338,2506
2668.9188480377197,2500
2669.9163913726807,2510
2670.9136962890625,2534
2671.9107627868652,2542
2672.9085445404053,2542
2673.905611038208,2502
2674.903631210327,2526
2675.9002208709717,2548
2676.8975257873535,2520
2677.8948307037354,2470
2678.892135620117,2460
2679.8903942108154,2474
2680.887222290039,2510
2681.885242462158,2538
2682.8813552856445,2512
2683.8791370391846,2516
2684.8764419555664,2506
2685.873508453369,2498
2686.87105178833,2518
2687.868356704712,2546
2688.8654232025146,2526
2689.8927688598633,2514
2690.8884048461914,2500
2691.8859481811523,2474
2692.8839683532715,2514
2693.881034851074,2508
2694.878339767456,2478
2695.875406265259,2520
2696.8727111816406,2504
2697.843313217163,2506
2698.8468170166016,2526
2699.8376846313477,2526
2700.8347511291504,2512
2701.832056045532,2492
2702.829122543335,2470
2703.826665878296,2468
2704.8237323760986,2480
2705.820322036743,2514
2706.817388534546,2518
2707.8146934509277,2558
2708.8122367858887,2512
2709.8095417022705,2506
2710.8068466186523,2524
2711.8043899536133,2558
2712.801456451416,2546
2713.798761367798,2514
2714.796304702759,2462
2715.7936096191406,2490
2716.7909145355225,2512
2717.7882194519043,2558
2718.785524368286,2578
2719.783067703247,2596
2720.78013420105,2550
2721.77791595459,2526
2722.7823734283447,2542
2723.7722873687744,2550
2724.7695922851562,2546
2725.767135620117,2538
2726.76420211792,2470
2727.7615070343018,2506
2728.7590503692627,2506
2729.7563552856445,2514
2730.7534217834473,2550
2731.750965118408,2582
2732.74827003479,2574
2733.745574951172,2522
2734.7428798675537,2522
2735.7404232025146,2518
2736.7379665374756,2526
2737.734794616699,2514
2738.732099533081,2462
2739.729642868042,2478
2740.726947784424,2490
2741.7242527008057,2514
2742.7213191986084,2518
2743.7191009521484,2554
2744.716167449951,2532
2745.713472366333,2550
2746.711015701294,2534
2747.7192878723145,2554
2748.7056255340576,2522
2749.7029304504395,2494
2750.7002353668213,2510
2751.697778701782,2488
2752.694845199585,2482
2753.692388534546,2526
2754.6894550323486,2546
2755.6867599487305,2550
2756.6845417022705,2506
2757.6816082000732,2546
2758.678913116455,2546
2759.676218032837,2546
2760.6735229492188,2490
2761.6710662841797,2480
2762.6681327819824,2506
2763.6656761169434,2488
2764.6634578704834,2486
2765.660285949707,2458
2766.6573524475098,2486
2767.65513420105,2514
2768.6522006988525,2504
2769.6495056152344,2486
2770.6470489501953,2506
2771.644353866577,2510
2772.641658782959,2534
2773.638963699341,2474
2774.6362686157227,2454
2775.6335735321045,2462
2776.6308784484863,2456
2777.6284217834473,2460
2778.62548828125,2490
2779.623031616211,2526
2780.6200981140137,2502
2781.6176414489746,2536
2782.6149463653564,2526
2783.6122512817383,2554
2784.609317779541,2532
2785.606861114502,2538
2786.604166030884,2522
2787.6014709472656,2506
2788.5990142822266,2512
2789.5965576171875,2542
2790.5936241149902,2554
2791.591167449951,2558
2792.588233947754,2604
2793.5855388641357,2614
2794.5828437805176,2552
2795.5803871154785,2550
2796.5774536132812,2534
2797.574758529663,2546
2798.572540283203,2514
2799.569845199585,2512
2800.5669116973877,2512
2801.5642166137695,2508
2802.5619983673096,2510
2803.5881519317627,2512
2804.5859336853027,2534
2805.5827617645264,2526
2806.5524101257324,2506
2807.5780868530273,2494
2808.5777759552,2474
2809.572219848633,2504
2810.5409145355225,2478
2811.5670680999756,2486
2812.5662803649902,2474
2813.5621547698975,2510
2814.5313262939453,2518
2815.528154373169,2534
2816.5247440338135,2534
2817.5220489501953,2506
2818.5195922851562,2526
2819.5178508758545,2518
2820.514440536499,2506
2821.51198387146,2514
2822.5088119506836,2504
2823.5068321228027,2478
2824.5034217834473,2486
2825.500965118408,2484
2826.49827003479,2490
2827.495336532593,2528
2828.4928798675537,2550
2829.490900039673,2526
2830.4877281188965,2502
2831.4852714538574,2514
2832.482099533081,2516
2833.479881286621,2506
2834.4767093658447,2474
2835.4740142822266,2458
2836.4715576171875,2458
2837.4688625335693,2446
2838.4664058685303,2514
2839.463949203491,2506
2840.461254119873,2554
2841.458559036255,2598
2842.4553871154785,2516
2843.4531688690186,2550
2844.4507122039795,2542
2845.447301864624,2590
2846.444845199585,2578
2847.442150115967,2572
2848.439931869507,2582
2849.4367599487305,2578
2850.4345417022705,2634
2851.4320850372314,2622
2852.4293899536133,2648
2853.425979614258,2630
2854.4235229492188,2610
2855.4208278656006,2602
2856.4186096191406,2598
2857.4159145355225,2598
2858.412981033325,2582
2859.410524368286,2526
2860.4087829589844,2510
2861.405372619629,2486
2862.4019622802734,2518
2863.3997440338135,2546
2864.398717880249,2552
2865.4258251190186,2486
2866.4214611053467,2490
2867.417812347412,2470
2868.414878845215,2426
2869.4136142730713,2482
2870.3832626342773,2486
2871.4077472686768,2456
2872.404098510742,2482
2873.401641845703,2524
2874.398946762085,2518
2875.396251678467,2542
2876.3937950134277,2586
2877.393960952759,2542
2878.3886432647705,2542
2879.359245300293,2586
2880.382537841797,2550
2881.3812732696533,2582
2882.378339767456,2582
2883.3749294281006,2524
2884.3722343444824,2512
2885.3704929351807,2510
2886.366844177246,2518
2887.363910675049,2518
2888.3633613586426,2558
2889.3589973449707,2550
2890.357255935669,2502
2892.322063446045,2494
2892.322063446045,2474
2893.3188915252686,2470
2894.3161964416504,2486
2895.313501358032,2454
2896.311044692993,2460
2897.308111190796,2454
2898.3054161071777,2494
2899.3029594421387,2460
2900.3002643585205,2486
2901.2978076934814,2486
2902.2951126098633,2514
2903.292417526245,2418
2904.289484024048,2446
2905.2867889404297,2482
2906.2840938568115,2476
2907.2816371917725,2478
2908.2789421081543,2470
2909.276247024536,2486
2910.273790359497,2518
2911.2708568573,2512
2912.2681617736816,2480
2913.2654666900635,2486
2914.2630100250244,2514
2915.2603149414062,2446
2916.257381439209,2458
2917.25492477417,2490
2918.2522296905518,2478
2920.2468395233154,2450
2921.2443828582764,2482
2922.241449356079,2500
2923.23899269104,2590
2924.236536026001,2586
2925.2336025238037,2586
2926.2309074401855,2608
2926.2309074401855,2602
2927.2279739379883,2586
2929.222822189331,2522
2930.220365524292,2488
2931.217908859253,2514
2932.2149753570557,2500
2933.2122802734375,2470
2934.2093467712402,2542
2935.206890106201,2510
2936.204433441162,2538
2937.201499938965,2554
2938.199043273926,2548
2939.1963481903076,2510
2940.1938915252686,2470
2941.190719604492,2422
2942.188501358032,2446
2943.185567855835,2482
2944.182872772217,2470
2945.1801776885986,2458
2946.1774826049805,2474
2947.1747875213623,2470
2948.172092437744,2470
2949.169635772705,2442
2950.166940689087,2444
2951.164722442627,2430
2952.162265777588,2406
2953.1898498535156,2456
2954.1943073272705,2486
2955.183982849121,2488
2956.153154373169,2522
2957.1785926818848,2570
2958.176851272583,2600
2959.14363861084,2614
2960.1762294769287,2622
2961.167097091675,2664
2962.1641635894775,2698
2963.1693363189697,2670
2964.158773422241,2670
2965.1567935943604,2630
2966.153621673584,2666
2967.151165008545,2610
2968.1482315063477,2582
2969.1457748413086,2570
2970.1428413391113,2572
2971.1413383483887,2552
2972.1431732177734,2540
2973.134994506836,2542
2974.132299423218,2538
2975.1291275024414,2538
2976.1269092559814,2538
2977.1244525909424,2514
2978.1219959259033,2510
2979.1219234466553,2526
2980.116128921509,2516
2981.116533279419,2502
2982.1102619171143,2490
2983.1082820892334,2520
2984.1079711914062,2580
2985.102891921997,2578
2986.100435256958,2536
2987.09774017334,2442
2988.0950450897217,2382
2989.0925884246826,2382
2990.090847015381,2362
2991.086721420288,2358
2992.0873641967773,2382
2993.08180809021,2410
2994.0788745880127,2442
2995.0759410858154,2490
2997.6773262023926,2494
2997.793197631836,2538
2997.793197631836,2584
2998.797655105591,2610
2999.7966289520264,2554
3000.8020401000977,2544
3001.800298690796,2590
3002.797842025757,2590
3003.7949085235596,2570
3004.7922134399414,2590
3005.7895183563232,2554
3006.787061691284,2576
3007.784366607666,2602
3008.781671524048,2608
3009.779214859009,2602
3010.7762813568115,2602
3011.7735862731934,2558
3012.7711296081543,2538
3013.768434524536,2556
3014.765739440918,2546
3015.7630443573,2554
3016.7601108551025,2634
3017.7576541900635,2598
3018.7549591064453,2586
3019.752264022827,2590
3020.750045776367,2570
3021.74711227417,2526
3022.7458477020264,2558
3023.7419605255127,2550
3024.7390270233154,2524
3025.7363319396973,2506
3026.733636856079,2510
3027.730941772461,2516
3028.728246688843,2494
3029.7257900238037,2482
3030.7228565216064,2506
3031.7203998565674,2522
3032.717704772949,2538
3033.714771270752,2506
3034.712314605713,2486
3035.7096195220947,2446
3036.7069244384766,2422
3037.7042293548584,2368
3038.7017726898193,2384
3039.698839187622,2410
3040.696382522583,2406
3041.693925857544,2422
3042.6909923553467,2460
3043.7166690826416,2460
3044.6865558624268,2486
3045.7112789154053,2534
3046.708106994629,2510
3047.706127166748,2490
3048.703908920288,2482
3049.7002601623535,2446
3050.699472427368,2452
3051.6953468322754,2460
3052.692174911499,2470
3053.689956665039,2430
3054.687023162842,2450
3055.6843280792236,2482
3056.6821098327637,2534
3057.6789379119873,2574
3058.6767196655273,2546
3059.6745014190674,2536
3060.671329498291,2494
3061.6681575775146,2502
3062.6659393310547,2534
3063.6630058288574,2568
3064.633846282959,2540
3065.656900405884,2536
3066.654682159424,2534
3067.6519870758057,2556
3068.6557292938232,2584
3069.648504257202,2542
3070.650577545166,2546
3071.6476440429688,2528
3072.648763656616,2482
3073.6372470855713,2444
3074.639320373535,2456
3075.631618499756,2470
3076.6284465789795,2484
3077.6264667510986,2502
3078.623056411743,2538
3079.6220302581787,2548
3080.6174278259277,2576
3081.6195011138916,2590
3082.6122760772705,2606
3083.6100578308105,2578
3084.6071243286133,2512
3085.6049060821533,2546
3086.601734161377,2538
3087.599039077759,2542
3088.5965824127197,2514
3089.567184448242,2474
3090.5921459198,2482
3091.5884971618652,2456
3092.586040496826,2466
3093.583583831787,2482
3094.5804119110107,2502
3095.5779552459717,2466
3096.5754985809326,2430
3097.5723266601562,2450
3098.5701084136963,2446
3099.5686054229736,2490
3100.56471824646,2490
3101.562023162842,2518
3102.5590896606445,2490
3103.5563945770264,2570
3104.5544147491455,2640
3105.5238246917725,2618
3106.5216064453125,2610
3107.5456142425537,2630
3108.5431575775146,2646
3109.5128059387207,2638
3110.5377674102783,2482
3111.5355491638184,2354
3112.532377243042,2206
3113.5294437408447,2198
3114.5009994506836,2254
3115.5247688293457,2302
3116.5220737457275,2422
3117.518663406372,2500
3118.516445159912,2546
3119.5147037506104,2574
3120.4833984375,2606
3121.5083599090576,2614
3122.5056648254395,2618
3123.502731323242,2646
3124.500036239624,2702
3125.497579574585,2698
3126.495599746704,2654
3127.493381500244,2644
3128.490209579468,2630
3129.4867992401123,2578
3130.485773086548,2538
3131.4537525177,2536
3132.484197616577,2518
3133.476495742798,2474
3134.474754333496,2482
3135.4713439941406,2476
3136.441946029663,2480
3137.4659538269043,2512
3138.4637355804443,2488
3139.4331455230713,2506
3140.45786857605,2524
3141.4566040039062,2546
3142.453670501709,2550
3143.451690673828,2460
3144.449234008789,2354
3145.4458236694336,2256
3146.44455909729,2226
3147.444725036621,2250
3148.4086513519287,2344
3149.4059562683105,2360
3150.4030227661133,2406
3151.400327682495,2460
3152.4057388305664,2540
3153.395175933838,2538
3154.3922424316406,2544
3155.3895473480225,2540
3156.3868522644043,2486
3157.3843955993652,2480
3158.381462097168,2486
3159.379005432129,2510
3160.37654876709,2522
3161.3738536834717,2600
3162.3709201812744,2558
3163.3684635162354,2612
3164.3807888031006,2598
3165.363311767578,2638
3166.3601398468018,2640
3167.357921600342,2668
3168.3549880981445,2646
3169.3522930145264,2614
3170.3498363494873,2610
3171.347141265869,2610
3172.344207763672,2574
3173.341751098633,2538
3174.3390560150146,2518
3175.3363609313965,2428
3176.3336658477783,2366
3177.3312091827393,2350
3178.328275680542,2354
3179.325819015503,2380
3180.3228855133057,2382
3181.3206672668457,2428
3182.3179721832275,2458
3183.314800262451,2494
3185.309648513794,2524
3185.309648513794,2546
3186.306953430176,2534
3187.3042583465576,2570
3188.3015632629395,2546
3190.296411514282,2558
3191.293954849243,2544
3191.293954849243,2554
3192.291021347046,2552
3193.2883262634277,2526
3194.2853927612305,2478
3195.2829360961914,2502
3196.2802410125732,2490
3197.277545928955,2502
3198.275327682495,2526
3199.272394180298,2522
3200.2696990966797,2514
3201.2670040130615,2502
3202.2643089294434,2518
3203.261613845825,2494
3204.258918762207,2498
3205.256462097168,2478
3206.25376701355,2492
3207.2508335113525,2454
3208.2481384277344,2542
3210.2432250976562,2482
3211.240291595459,2510
3212.23783493042,2482
3213.2349014282227,2534
3214.2326831817627,2490
3215.2297496795654,2536
3216.2270545959473,2522
3217.224359512329,2520
3218.221664428711,2526
3219.2187309265137,2538
3220.2162742614746,2518
3221.2138175964355,2538
3222.2108840942383,2542
3223.208427429199,2578
3224.205732345581,2598
3225.202798843384,2582
3226.2001037597656,2588
3227.1978855133057,2550
3228.1949520111084,2566
3229.1924953460693,2542
3230.189561843872,2516
3231.186866760254,2512
3232.1841716766357,2518
3233.1814765930176,2542
3234.1787815093994,2526
3235.2046966552734,2522
3235.2046966552734,2518
3236.2067699432373,2518
3238.1961345672607,2502
3239.194869995117,2574
3240.1914596557617,2550
3241.1885261535645,2538
3242.185354232788,2504
3243.183374404907,2486
3244.180679321289,2506
3245.1775074005127,2502
3246.1750507354736,2514
3247.173070907593,2522
3248.1422424316406,2502
3249.1400241851807,2494
3250.166416168213,2516
3251.162528991699,2514
3252.159595489502,2518
3253.1561851501465,2502
3254.1539669036865,2500
3255.1543712615967,2430
3256.122350692749,2414
3257.145404815674,2462
3258.143424987793,2450
3259.1145038604736,2506
3260.1380348205566,2458
3261.1353397369385,2428
3262.132406234741,2512
3263.129472732544,2518
3264.126777648926,2546
3265.1243209838867,2520
3266.1221027374268,2542
3267.122268676758,2486
3268.1169509887695,2478
3269.1140174865723,2472
3270.085096359253,2502
3271.108865737915,2506
3272.105932235718,2518
3273.1034755706787,2552
3274.1003036499023,2556
3275.0978469848633,2594
3276.094913482666,2620
3277.092456817627,2612
3278.0895233154297,2582
3279.0873050689697,2556
3280.085563659668,2522
3281.0826301574707,2522
3282.0518016815186,2526
3283.076286315918,2542
3284.073829650879,2510
3285.0708961486816,2540
3286.0684394836426,2552
3287.0657444000244,2550
3288.062810897827,2542
3289.0608310699463,2538
3290.0593280792236,2482
3291.05544090271,2506
3292.052984237671,2478
3293.0498123168945,2526
3294.0473556518555,2536
3295.044422149658,2516
3296.041965484619,2514
3297.039270401001,2542
3298.036575317383,2510
3299.0336418151855,2518
3300.032138824463,2542
3301.028251647949,2536
3302.0260334014893,2526
3303.022861480713,2512
3304.020643234253,2514
3305.0174713134766,2526
3305.988311767578,2544
3307.013511657715,2526
3308.011531829834,2534
3309.008836746216,2536
3310.0059032440186,2546
3311.0029697418213,2558
3312.0007514953613,2558
3312.997579574585,2548
3314.00203704834,2506
3314.9936199188232,2482
3315.9897327423096,2458
3316.9870376586914,2482
3317.9843425750732,2512
3318.981647491455,2522
3319.979429244995,2506
3320.9774494171143,2506
3321.9735622406006,2490
3322.944402694702,2544
3323.9405155181885,2546
3324.965238571167,2546
3325.963258743286,2542
3326.960802078247,2518
3327.960729598999,2492
3328.9549350738525,2500
3329.95343208313,2542
3330.949306488037,2546
3331.9473266601562,2576
3332.9153060913086,2574
3333.912134170532,2576
3334.909677505493,2618
3335.906982421875,2610
3336.904287338257,2606
3337.9013538360596,2538
3338.8988971710205,2502
3339.8962020874023,2478
3340.893507003784,2408
3341.890811920166,2446
3342.888116836548,2420
3343.885660171509,2420
3344.8827266693115,2418
3345.8802700042725,2502
3346.8775749206543,2506
3347.874879837036,2554
3348.872184753418,2578
3349.869728088379,2610
3350.8670330047607,2594
3351.8645763397217,2654
3352.8616428375244,2678
3353.858709335327,2674
3354.856252670288,2706
3355.85355758667,2696
3356.8644523620605,2672
3357.8481674194336,2634
3358.8457107543945,2594
3359.855890274048,2546
3360.840320587158,2526
3361.837387084961,2506
3362.834930419922,2454
3363.8322353363037,2418
3364.8295402526855,2418
3365.8270835876465,2424
3366.8243885040283,2392
3367.821455001831,2376
3368.818759918213,2334
3369.816303253174,2288
3370.8136081695557,2320
3371.8109130859375,2410
3372.8084564208984,2466
3373.8057613372803,2550
3374.802827835083,2606
3375.800132751465,2622
3376.797676086426,2646
3377.7949810028076,2662
3378.7922859191895,2702
3379.789352416992,2678
3380.786895751953,2670
3381.784677505493,2654
3382.781744003296,2636
3383.7788105010986,2662
3384.7761154174805,2666
3385.7736587524414,2630
3386.770725250244,2616
3387.768507003784,2582
3388.765573501587,2526
3389.7626399993896,2552
3390.7604217529297,2550
3391.7577266693115,2574
3392.7547931671143,2538
3393.752336502075,2506
3394.749641418457,2458
3395.7467079162598,2394
3396.7442512512207,2394
3397.744655609131,2354
3398.740530014038,2360
3399.73783493042,2382
3400.735378265381,2456
3401.732921600342,2512
3402.7299880981445,2630
3403.7256240844727,2686
3404.7231674194336,2738
3405.7202339172363,2710
3406.717538833618,2662
3407.715082168579,2556
3408.712148666382,2462
3409.709692001343,2414
3410.7067584991455,2368
3411.7043018341064,2318
3412.7016067504883,2360
3413.69891166687,2446
3414.695978164673,2506
3415.693521499634,2574
3416.6908264160156,2606
3417.6881313323975,2522
3418.6854362487793,2450
3419.682741165161,2448
3420.680046081543,2398
3421.677827835083,2418
3422.6748943328857,2478
3423.6721992492676,2448
3424.6695041656494,2428
3425.6668090820312,2486
3426.664113998413,2514
3427.661418914795,2540
3428.658962249756,2542
3429.6562671661377,2558
3430.6535720825195,2542
3431.6506385803223,2550
3432.6484203338623,2556
3433.645725250244,2540
3434.642791748047,2550
3435.640335083008,2542
3436.6376399993896,2558
3437.6347064971924,2542
3438.632011413574,2606
3439.629554748535,2644
3440.626859664917,2672
3441.624164581299,2668
3442.6217079162598,2630
3443.6187744140625,2584
3444.6160793304443,2598
3445.613384246826,2574
3446.610927581787,2470
3447.608232498169,2382
3448.605537414551,2294
3449.6026039123535,2198
3450.6003856658936,2166
3451.5976905822754,2266
3452.594757080078,2380
3453.592300415039,2474
3454.589366912842,2556
3455.5866718292236,2638
3456.5839767456055,2702
3457.5817584991455,2726
3458.5788249969482,2686
3459.57612991333,2614
3460.573434829712,2608
3461.570978164673,2632
3462.5680446624756,2672
3463.5653495788574,2740
3464.5628929138184,2678
3465.5601978302,2646
3466.557502746582,2630
3467.554807662964,2584
3468.5521125793457,2578
3469.5494174957275,2590
3470.5469608306885,2638
3471.5442657470703,2612
3472.541570663452,2610
3473.538637161255,2590
3474.537134170532,2550
3475.5337238311768,2576
3476.5307903289795,2590
3477.5283336639404,2612
3478.525400161743,2574
3479.522705078125,2548
3480.520009994507,2500
3481.517791748047,2520
3482.5148582458496,2536
3483.5121631622314,2542
3484.509229660034,2504
3485.506772994995,2504
3486.504077911377,2486
3487.501382827759,2550
3488.4989261627197,2546
3489.4962310791016,2544
3490.4932975769043,2478
3491.4910793304443,2474
3492.488145828247,2442
3493.485450744629,2478
3494.4827556610107,2478
3495.4802989959717,2504
3496.4776039123535,2486
3497.4746704101562,2478
3498.4724521636963,2486
3499.469518661499,2480
3500.466823577881,2512
3501.4641284942627,2542
3502.4614334106445,2558
3503.4587383270264,2534
3504.456043243408,2494
3505.4540634155273,2526
3506.450891494751,2502
3507.448196411133,2518
3508.4455013275146,2518
3509.4430446624756,2538
3510.4403495788574,2506
3511.4376544952393,2544
3512.434959411621,2570
3513.432264328003,2554
3514.429807662964,2534
3515.4268741607666,2506
3516.4244174957275,2462
3517.4217224121094,2454
3518.418788909912,2458
3519.416332244873,2502
3520.413637161255,2486
3521.4126110076904,2492
3522.409200668335,2508
3523.406505584717,2502
3524.4035720825195,2486
3525.4008769989014,2526
3526.3984203338623,2510
3527.395725250244,2478
3528.393030166626,2456
3529.390573501587,2426
3530.3878784179688,2430
3531.3849449157715,2486
3532.381534576416,2472
3533.3786010742188,2446
3534.3761444091797,2486
3535.3734493255615,2508
3536.3709926605225,2546
3537.3682975769043,2578
3538.365602493286,2550
3539.374351501465,2514
3540.360450744629,2538
3541.3577556610107,2492
3542.3548221588135,2508
3543.3521270751953,2522
3544.349431991577,2542
3545.346736907959,2518
3546.344041824341,2526
3547.3415851593018,2534
3548.3388900756836,2546
3549.3361949920654,2572
3550.3334999084473,2550
3551.3322353363037,2512
3552.3290634155273,2414
3553.32612991333,2386
3554.32391166687,2354
3555.320978164673,2356
3556.3182830810547,2354
3557.3158264160156,2374
3558.3131313323975,2386
3559.3104362487793,2446
3560.3079795837402,2492
3561.305046081543,2570
3562.302350997925,2578
3563.2996559143066,2580
3564.2971992492676,2558
3565.2942657470703,2582
3567.2903060913086,2586
3567.2903060913086,2534
3568.286418914795,2520
3569.2837238311768,2534
3570.2812671661377,2490
3571.2788105010986,2458
3572.2765922546387,2502
3573.2736587524414,2526
3574.2714405059814,2542
3575.268507003784,2534
3576.265811920166,2534
3577.263116836548,2502
3578.260660171509,2486
3580.2557468414307,2506
3580.2557468414307,2512
3581.2528133392334,2506
3582.249879837036,2526
3583.247423171997,2544
3585.2417945861816,2550
3586.2390995025635,2534
3587.2364044189453,2582
3588.233709335327,2546
3589.231252670288,2510
3590.2295112609863,2470
3591.226100921631,2474
3592.2231674194336,2520
3593.2204723358154,2514
3594.2177772521973,2484
3595.215082168579,2428
3596.21262550354,2450
3597.209692001343,2458
3598.205804824829,2510
3599.2026329040527,2550
3600.200414657593,2518
3601.1974811553955,2494
3602.1947860717773,2468
3603.1923294067383,2478
3604.18963432312,2502
3605.186700820923,2518
3606.1840057373047,2502
3607.1815490722656,2486
3608.1788539886475,2508
3609.1761589050293,2506
3610.1739406585693,2514
3611.170768737793,2502
3612.168073654175,2514
3613.1653785705566,2472
3614.1629219055176,2428
3615.1602268218994,2448
3616.157293319702,2448
3617.154598236084,2470
3618.152141571045,2454
3619.1494464874268,2462
3620.1467514038086,2478
3621.1442947387695,2514
3622.1415996551514,2538
3623.138666152954,2514
3624.136209487915,2504
3625.133752822876,2546
3626.1308193206787,2534
3627.1281242370605,2486
3628.1254291534424,2502
3629.1232109069824,2526
3630.120277404785,2514
3631.117820739746,2526
3632.114887237549,2538
3633.1121921539307,2534
3634.1092586517334,2554
3635.1068019866943,2554
3636.104106903076,2550
3637.101411819458,2514
3638.098955154419,2494
3639.096260070801,2482
3640.0935649871826,2490
3641.0906314849854,2540
3642.0881748199463,2522
3643.085479736328,2494
3644.08278465271,2534
3645.080804824829,2522
3646.077871322632,2546
3647.0746994018555,2574
3648.0722427368164,2576
3649.0695476531982,2494
3650.067090988159,2490
3651.064157485962,2492
3652.061700820923,2518
3653.0587673187256,2510
3654.0560722351074,2508
3655.0533771514893,2506
3656.0511589050293,2502
3657.048225402832,2510
3658.0452919006348,2518
3659.0425968170166,2524
3660.0403785705566,2534
3661.0374450683594,2490
3662.034749984741,2448
3663.032293319702,2462
3664.029359817505,2474
3665.0266647338867,2482
3666.0242080688477,2518
3667.0215129852295,2504
3668.0188179016113,2490
3669.016122817993,2490
3670.013427734375,2522
3671.010732650757,2546
3672.0080375671387,2558
3673.0055809020996,2546
3674.0028858184814,2494
3675.0288009643555,2478
3676.025390625,2518
3677.023410797119,2510
3678.020238876343,2518
3679.0173053741455,2520
3680.0153255462646,2520
3680.98521232605,2520
3682.009696960449,2542
3683.00724029541,2578
3684.004306793213,2550
3685.0016117095947,2412
3685.999631881714,2502
3686.9969367980957,2512
3687.9940032958984,2546
3688.991069793701,2558
3689.990997314453,2556
3690.9592151641846,2574
3691.983222961426,2554
3692.9802894592285,2558
3693.9773559570312,2594
3694.974899291992,2602
3695.971965789795,2602
3696.9704627990723,2538
3697.972297668457,2506
3698.9645957946777,2526
3699.963092803955,2522
3700.9589672088623,2522
3701.956272125244,2538
3702.953577041626,2528
3703.951597213745,2470
3704.948902130127,2510
3705.9450149536133,2488
3706.9430351257324,2482
3707.9410552978516,2486
3708.937406539917,2474
3709.937334060669,2416
3710.935354232788,2428
3711.9297981262207,2486
3712.9271030426025,2490
3713.9244079589844,2510
3714.9226665496826,2522
3715.919256210327,2482
3716.916561126709,2502
3717.9131507873535,2506
3718.9111709594727,2506
3719.916343688965,2504
3720.905542373657,2502
3721.876382827759,2478
3722.8734493255615,2482
3723.8709926605225,2490
3724.8682975769043,2492
3725.865602493286,2510
3726.862668991089,2498
3727.86021232605,2524
3728.8577556610107,2524
3729.8591136932373,2520
3730.8528423309326,2520
3731.8499088287354,2502
3732.846975326538,2448
3733.84428024292,2498
3734.841823577881,2462
3735.8391284942627,2474
3736.837387084961,2514
3737.8339767456055,2526
3738.8312816619873,2514
3739.828586578369,2514
3740.82612991333,2528
3741.823196411133,2542
3742.8205013275146,2554
3743.8175678253174,2578
3744.8153495788574,2538
3745.8126544952393,2506
3746.809959411621,2494
3747.814655303955,2514
3748.8045692443848,2542
3749.8016357421875,2598
3750.7991790771484,2578
3751.7967224121094,2574
3752.7942657470703,2574
3753.791093826294,2574
3754.788398742676,2550
3755.7857036590576,2582
3756.7830085754395,2578
3757.7805519104004,2536
3758.777856826782,2478
3759.7758769989014,2484
3760.772466659546,2522
3761.7697715759277,2538
3762.7670764923096,2578
3763.7643814086914,2546
3764.7640705108643,2506
3765.759229660034,2506
3766.756534576416,2572
3767.754077911377,2542
3768.752098083496,2550
3769.749164581299,2526
3770.7457542419434,2470
3771.743059158325,2500
3772.754907608032,2522
3773.737907409668,2572
3774.7349739074707,2578
3775.7322788238525,2546
3776.7298221588135,2538
3777.7271270751953,2518
3778.724431991577,2534
3779.721736907959,2524
3780.71928024292,2542
3781.7165851593018,2494
3782.7136516571045,2502
3783.7116718292236,2526
3784.7084999084473,2510
3785.705804824829,2526
3786.70334815979,2506
3787.700653076172,2502
3788.696527481079,2512
3789.693593978882,2508
3790.6906604766846,2482
3791.6882038116455,2514
3792.6855087280273,2506
3793.682813644409,2482
3794.680118560791,2490
3795.677423477173,2476
3796.6747283935547,2478
3797.6720333099365,2518
3798.6695766448975,2538
3799.6668815612793,2514
3800.664186477661,2518
3801.661252975464,2522
3802.658796310425,2538
3803.6561012268066,2554
3804.6534061431885,2548
3805.6509494781494,2506
3806.648015975952,2472
3807.645320892334,2514
3808.642625808716,2506
3809.640407562256,2522
3810.6374740600586,2538
3811.6347789764404,2558
3812.631845474243,2518
3813.6582374572754,2542
3814.655065536499,2518
3815.657615661621,2518
3816.650152206421,2546
3817.6472187042236,2518
3818.6440467834473,2454
3819.641351699829,2454
3820.612668991089,2486
3821.636438369751,2554
3822.633743286133,2576
3823.631525039673,2606
3824.6283531188965,2558
3825.6256580352783,2478
3826.6241550445557,2550
3827.6209831237793,2550
3828.6194801330566,2526
3829.5888900756836,2514
3830.6121826171875,2476
3831.6092491149902,2466
3832.606554031372,2490
3833.6117267608643,2502
3834.6080780029297,2510
3835.6080055236816,2544
3836.602210998535,2524
3837.599754333496,2518
3838.5918140411377,2538
3839.561700820923,2520
3840.585708618164,2490
3841.583013534546,2484
3842.581033706665,2486
3843.5771465301514,2458
3844.5751667022705,2510
3845.5729484558105,2518
3846.5726375579834,2534
3847.567558288574,2550
3848.564386367798,2518
3849.5631217956543,2510
3850.5592346191406,2574
3851.5570163726807,2554
3852.5543212890625,2512
3853.550910949707,2518
3854.548931121826,2510
3855.5455207824707,2508
3856.548309326172,2506
3857.5408458709717,2486
3858.537435531616,2534
3859.536647796631,2542
3860.53204536438,2522
3861.5310192108154,2518
3862.5271320343018,2542
3863.5244369506836,2534
3864.500045776367,2534
3865.5192852020264,2526
3866.516590118408,2478
3867.513656616211,2474
3868.511438369751,2478
3869.4820404052734,2486
3870.5055713653564,2522
3871.5033531188965,2542
3872.5006580352783,2512
3873.501777648926,2522
3874.495029449463,2516
3875.4656314849854,2516
3876.462697982788,2514
3877.460479736328,2520
3878.457546234131,2506
3879.4548511505127,2502
3880.4519176483154,2502
3881.4496994018555,2510
3882.4472427368164,2510
3883.4445476531982,2504
3884.44185256958,2558
3885.439157485962,2536
3886.4362239837646,2536
3887.4335289001465,2534
3888.4310722351074,2510
3889.4293308258057,2488
3890.4271125793457,2494
3891.423463821411,2518
3892.420530319214,2490
3893.446207046509,2522
3894.4480419158936,2538
3895.4405784606934,2526
3896.437644958496,2542
3897.4344730377197,2536
3898.4363079071045,2486
3899.4357585906982,2490
3900.4271030426025,2486
3901.4241695404053,2506
3903.3901691436768,2514
3903.3901691436768,2546
3905.5016040802,2510
3905.5016040802,2526
3906.8961143493652,2558
3908.17928314209,2550
3910.3260040283203,2552
3910.3260040283203,2550
3911.174535751343,2540
3912.1735095977783,2550
3913.1689071655273,2526
3914.1948223114014,2510
3915.163278579712,2518
3916.1624908447266,2488
3917.1600341796875,2522
3918.2043075561523,2512
3919.193983078003,2558
3920.1760292053223,2526
3921.173572540283,2546
3923.6297607421875,2520
3924.363851547241,2528
3924.363851547241,2514
3925.165891647339,2490
3926.1622428894043,2486
3927.1602630615234,2508
3928.1582832336426,2522
3929.155111312866,2538
3930.1536083221436,2508
3931.1251640319824,2538
3932.1467876434326,2572
3933.1436157226562,2554
3934.1413974761963,2650
3935.1422786712646,2518
3936.136484146118,2502
3937.133312225342,2484
3938.131093978882,2498
3939.1283988952637,2508
3940.1445388793945,2498
3941.1227703094482,2510
3942.121744155884,2506
3943.0885314941406,2516
3944.087028503418,2534
3945.0836181640625,2544
3946.0809230804443,2536
3947.0784664154053,2526
3948.076009750366,2534
3949.073314666748,2538
3950.070858001709,2510
3951.068162918091,2506
3952.0649909973145,2510
3953.0632495880127,2536
3954.0605545043945,2546
3955.057382583618,2518
3956.0604095458984,2554
3957.051992416382,2602
3958.0488204956055,2570
3959.0468406677246,2570
3960.0441455841064,2550
3961.0414505004883,2526
3962.038516998291,2534
3963.0355834960938,2526
3964.0328884124756,2508
3965.0306701660156,2506
3966.0277366638184,2502
3967.0250415802,2526
3968.0261611938477,2534
3969.020366668701,2570
3970.0183868408203,2494
3971.0144996643066,2504
3972.0115661621094,2518
3973.0093479156494,2512
3974.006414413452,2470
3975.003719329834,2474
3976.001024246216,2518
3976.9983291625977,2502
3977.9956340789795,2472
3978.9936542510986,2478
3979.9909591674805,2526
3980.987787246704,2558
3981.985330581665,2544
3982.98978805542,2536
3983.9797019958496,2518
3984.9767684936523,2536
3985.973834991455,2526
3986.971378326416,2508
3987.969160079956,2510
3988.966464996338,2488
3989.964485168457,2486
3990.9610748291016,2514
3991.9581413269043,2554
3992.955207824707,2542
3993.952751159668,2526
3994.95005607605,2510
3995.9473609924316,2506
3996.9449043273926,2510
3997.9429244995117,2522
3998.9399909973145,2488
3999.9375343322754,2474
4000.934600830078,2486
4001.93190574646,2512
4002.929210662842,2526
4003.9267539978027,2542
4004.9240589141846,2522
4005.9213638305664,2512
4006.925106048584,2538
4007.916212081909,2522
4008.91375541687,2512
4009.9098682403564,2470
4010.906934738159,2490
4011.911630630493,2510
4012.9029750823975,2488
4013.8988494873047,2526
4014.8959159851074,2542
4015.8934593200684,2574
4016.89076423645,2554
4017.888069152832,2554
4018.885374069214,2534
4019.8826789855957,2510
4020.8799839019775,2502
4021.8772888183594,2522
4022.874593734741,2540
4023.871898651123,2518
4024.869203567505,2490
4025.866746902466,2510
4026.8640518188477,2526
4027.8613567352295,2582
4028.8870334625244,2578
4029.8593044281006,2606
4030.881643295288,2554
4031.879663467407,2526
4032.87672996521,2520
4033.8737964630127,2542
4034.8706245422363,2526
4035.8688831329346,2538
4036.8659496307373,2550
4037.8642082214355,2554
4038.861036300659,2536
4039.858818054199,2578
4040.8546924591064,2614
4041.8522357940674,2606
4042.8500175476074,2590
4043.846607208252,2550
4044.846773147583,2542
4045.8412170410156,2534
4046.839714050293,2526
4047.809600830078,2486
4048.832893371582,2508
4049.832344055176,2538
4050.8289337158203,2544
4051.8250465393066,2554
4052.825450897217,2550
4053.8198947906494,2604
4054.8171997070312,2582
4055.814504623413,2556
4056.812047958374,2522
4057.8112602233887,2534
4058.8135719299316,2536
4059.8063468933105,2506
4060.774564743042,2516
4061.805486679077,2514
4062.802791595459,2522
4063.793420791626,2558
4064.7904872894287,2614
4065.7904148101807,2586
4066.7848587036133,2550
4067.7826404571533,2538
4068.7875747680664,2534
4069.751501083374,2512
4070.781946182251,2494
4071.7782974243164,2524
4072.7458000183105,2522
4073.768138885498,2538
4074.7694969177246,2546
4075.7336616516113,2546
4076.7383575439453,2576
4077.7292251586914,2608
4078.754186630249,2554
4079.7247886657715,2514
4080.7480812072754,2534
4081.754446029663,2512
4082.7441215515137,2526
4083.7483406066895,2510
4084.712505340576,2534
4085.7083797454834,2506
4086.7040157318115,2516
4087.7010822296143,2534
4088.698625564575,2544
4089.696168899536,2542
4090.693473815918,2538
4091.6905403137207,2494
4092.6880836486816,2482
4093.6851501464844,2482
4094.6829319000244,2490
4095.6802368164062,2478
4096.677303314209,2510
4097.675323486328,2506
4098.671913146973,2472
4099.669456481934,2492
4100.666522979736,2522
4101.663827896118,2526
4102.661609649658,2554
4103.658676147461,2514
4104.655981063843,2522
4105.653285980225,2510
4106.650829315186,2526
4107.647895812988,2528
4108.64520072937,2522
4109.642744064331,2490
4110.640048980713,2504
4111.637353897095,2522
4112.634897232056,2526
4113.631963729858,2536
4114.62926864624,2522
4115.626573562622,2506
4116.624116897583,2482
4117.621421813965,2474
4118.618726730347,2478
4119.615793228149,2478
4120.61333656311,2486
4121.610641479492,2486
4122.607946395874,2490
4123.605489730835,2518
4124.602794647217,2522
4125.600099563599,2526
4126.597166061401,2546
4127.594709396362,2540
4128.592014312744,2516
4129.589319229126,2478
4130.586624145508,2462
4131.584167480469,2502
4132.5812339782715,2510
4133.578538894653,2514
4134.576082229614,2470
4135.573387145996,2548
4136.574506759644,2542
4137.56799697876,2552
4138.565301895142,2540
4139.562606811523,2526
4140.559911727905,2486
4141.557455062866,2542
4142.554521560669,2526
4143.551826477051,2538
4144.549369812012,2508
4145.546674728394,2494
4146.543979644775,2546
4147.541284561157,2510
4148.538589477539,2570
4149.535894393921,2536
4150.533199310303,2594
4151.530742645264,2608
4152.5280475616455,2610
4153.525114059448,2520
4154.52241897583,2518
4155.519962310791,2420
4156.517267227173,2542
4157.514572143555,2536
4158.512115478516,2618
4159.509181976318,2526
4160.5064868927,2598
4161.50426864624,2618
4162.501335144043,2612
4163.498640060425,2514
4164.495944976807,2630
4165.4932498931885,2514
4166.49055480957,2522
4167.487859725952,2574
4168.485164642334,2570
4169.482707977295,2488
4170.480012893677,2572
4171.477317810059,2526
4172.475099563599,2518
4173.471927642822,2664
4174.469232559204,2572
4175.466537475586,2620
4176.464080810547,2526
4177.46114730835,2494
4178.458452224731,2514
4179.4562339782715,2486
4180.453300476074,2546
4181.451082229614,2574
4182.463645935059,2512
4183.445453643799,2534
4184.442520141602,2524
4185.439825057983,2494
4186.437368392944,2538
4187.434673309326,2602
4188.431978225708,2450
4189.429759979248,2510
4190.426588058472,2446
4191.424131393433,2522
4192.421197891235,2502
4193.418741226196,2518
4194.416046142578,2478
4195.413112640381,2538
4196.410417556763,2542
4197.407960891724,2586
4198.4052658081055,2518
4199.402570724487,2524
4200.400114059448,2486
4201.39741897583,2484
4202.394485473633,2478
4203.391790390015,2418
4204.389333724976,2480
4205.386638641357,2520
4206.383943557739,2588
4207.381248474121,2486
4208.378553390503,2586
4209.375858306885,2578
4210.373163223267,2604
4211.3707065582275,2554
4212.36777305603,2540
4213.365077972412,2486
4214.362859725952,2526
4215.360164642334,2598
4216.357231140137,2502
4217.354536056519,2558
4218.3518409729,2602
4219.349384307861,2480
4220.346689224243,2526
4221.344232559204,2538
4222.341299057007,2470
4223.338603973389,2538
4224.3359088897705,2512
4225.333213806152,2482
4226.330518722534,2494
4227.327823638916,2482
4228.325366973877,2474
4229.322671890259,2508
4230.319976806641,2516
4231.317520141602,2506
4232.314586639404,2582
4233.311891555786,2552
4234.309196472168,2522
4235.306739807129,2518
4236.304044723511,2484
4237.3011112213135,2450
4238.298416137695,2458
4239.295959472656,2474
4240.293264389038,2538
4241.29056930542,2606
4242.288112640381,2598
4243.285179138184,2590
4245.282173156738,2590
4245.282173156738,2582
4246.277570724487,2598
4248.272180557251,2582
4249.270439147949,2534
4250.267744064331,2510
4251.265287399292,2510
4252.262115478516,2558
4253.2594203948975,2512
4254.2564868927,2542
4255.253553390503,2502
4256.251573562622,2494
4257.248640060425,2466
4258.245944976807,2478
4259.2432498931885,2454
4260.241746902466,2466
4261.239051818848,2450
4262.234926223755,2406
4263.232469558716,2422
4264.229536056519,2470
4265.227317810059,2470
4266.224384307861,2498
4267.221689224243,2510
4268.218994140625,2534
4269.217014312744,2518
4270.214080810547,2538
4271.211385726929,2550
4272.207975387573,2572
4273.205995559692,2510
4274.202823638916,2508
4275.200366973877,2482
4276.19743347168,2486
4277.194976806641,2514
4278.192520141602,2526
4279.189825057983,2536
4280.187606811523,2582
4281.184673309326,2558
4282.18150138855,2544
4283.179044723511,2578
4284.176349639893,2558
4285.173416137695,2550
4286.170721054077,2518
4287.168264389038,2540
4288.16556930542,2522
4289.163112640381,2580
4290.160894393921,2554
4291.157960891724,2526
4292.154788970947,2524
4293.152093887329,2538
4294.150114059448,2544
4295.147180557251,2546
4296.17166519165,2558
4297.168731689453,2542
4298.166990280151,2526
4299.165487289429,2542
4300.161123275757,2546
4301.16081237793,2582
4302.157163619995,2608
4303.153514862061,2608
4304.15153503418,2570
4305.121898651123,2526
4306.123495101929,2542
4307.116508483887,2506
4308.113574981689,2546
4309.112310409546,2542
4310.10890007019,2574
4311.114311218262,2526
4312.103271484375,2534
4313.101291656494,2586
4314.097881317139,2542
4315.0951862335205,2558
4316.106796264648,2518
4317.089080810547,2494
4318.105936050415,2522
4319.0953731536865,2546
4320.086479187012,2542
4321.07949256897,2514
4322.096109390259,2558
4323.073863983154,2550
4324.070930480957,2536
4325.06799697876,2602
4326.065540313721,2642
4327.0628452301025,2624
4328.060150146484,2602
4329.057455062866,2590
4330.054998397827,2584
4331.063270568848,2598
4332.048654556274,2582
4333.073616027832,2550
4334.070920944214,2538
4335.067987442017,2534
4336.070775985718,2542
4337.06259727478,2526
4338.06037902832,2580
4339.057445526123,2526
4340.054988861084,2534
4341.052055358887,2502
4342.049837112427,2490
4343.049049377441,2510
4344.04444694519,2512
4345.041513442993,2508
4346.038579940796,2462
4347.036600112915,2450
4348.033428192139,2470
4349.030494689941,2478
4350.00205039978,2514
4351.025342941284,2554
4351.994752883911,2528
4353.019714355469,2502
4354.018449783325,2538
4355.015754699707,2510
4356.014251708984,2506
4357.01322555542,2512
4358.009338378906,2470
4359.004735946655,2416
4359.976768493652,2414
4360.999584197998,2426
4361.997365951538,2484
4362.995862960815,2504
4363.992214202881,2510
4364.9890422821045,2462
4365.986347198486,2482
4366.9843673706055,2514
4367.981672286987,2552
4368.97873878479,2512
4369.982481002808,2550
4370.973348617554,2510
4371.970176696777,2502
4372.939109802246,2550
4373.965501785278,2594
4374.962568283081,2608
4375.960111618042,2598
4376.957416534424,2586
4377.955198287964,2572
4378.9520263671875,2578
4379.9543380737305,2610
4380.94687461853,2582
4381.916522979736,2574
4382.913589477539,2582
4383.910655975342,2542
4384.9077224731445,2632
4385.905027389526,2598
4386.902093887329,2576
4387.89963722229,2570
4388.89741897583,2602
4389.894723892212,2546
4390.892028808594,2506
4391.889333724976,2544
4392.886161804199,2538
4393.883943557739,2520
4394.881010055542,2474
4395.878076553345,2486
4396.875619888306,2502
4397.873640060425,2512
4398.870944976807,2478
4399.86777305603,2510
4400.865077972412,2418
4401.862859725952,2486
4402.859926223755,2470
4403.856992721558,2442
4404.854536056519,2490
4405.8802127838135,2486
4406.896591186523,2468
4407.874822616577,2478
4408.900499343872,2502
4409.868955612183,2538
4410.866498947144,2556
4411.864280700684,2594
4412.861585617065,2526
4413.858413696289,2538
4414.856672286987,2536
4415.85373878479,2522
4416.850328445435,2502
4417.847633361816,2482
4418.845415115356,2456
4419.843435287476,2482
4420.840263366699,2502
4421.838045120239,2552
4422.806978225708,2546
4423.831939697266,2538
4424.830436706543,2522
4425.82893371582,2522
4426.823854446411,2534
4427.821159362793,2532
4428.791522979736,2490
4429.822206497192,2470
4430.813312530518,2478
4431.8132400512695,2526
4432.808399200439,2494
4433.8061809539795,2544
4434.802532196045,2558
4435.799598693848,2522
4436.797380447388,2538
4437.795400619507,2488
4438.7922286987305,2506
4439.789295196533,2538
4440.759897232056,2536
4441.784620285034,2480
4442.781686782837,2426
4443.782806396484,2460
4444.74720954895,2486
4445.772647857666,2506
4446.769237518311,2554
4447.738885879517,2542
4448.764085769653,2494
4449.76282119751,2526
4450.758695602417,2510
4451.756000518799,2490
4452.75354385376,2446
4453.7506103515625,2492
4454.747915267944,2494
4455.744743347168,2484
4456.744432449341,2510
4457.7391147613525,2544
4458.737850189209,2558
4459.706544876099,2556
4460.703611373901,2526
4461.701393127441,2502
4462.698459625244,2550
4463.695764541626,2514
4464.693069458008,2542
4465.690612792969,2504
4466.688632965088,2504
4467.6854610443115,2466
4468.682765960693,2474
4469.680070877075,2406
4470.677137374878,2454
4471.67444229126,2474
4472.671985626221,2522
4473.6692905426025,2494
4474.666595458984,2502
4475.692272186279,2506
4476.689577102661,2542
4477.686166763306,2538
4478.684425354004,2550
4479.6812534332275,2534
4480.680704116821,2510
4481.676816940308,2526
4482.678651809692,2570
4483.672618865967,2548
4484.667539596558,2544
4485.664367675781,2540
4486.661434173584,2506
4487.659692764282,2502
4488.657236099243,2514
4489.659547805786,2512
4490.624904632568,2518
4491.621255874634,2514
4492.6183223724365,2486
4493.6158657073975,2550
4494.613170623779,2550
4495.610475540161,2540
4496.607542037964,2554
4497.605085372925,2554
4498.602628707886,2514
4499.5996952056885,2546
4500.597238540649,2506
4501.594543457031,2518
4502.591609954834,2494
4503.588914871216,2502
4504.586458206177,2510
4505.58614730835,2520
4506.583213806152,2574
4507.580280303955,2574
4508.577585220337,2556
4509.574890136719,2526
4510.572195053101,2550
4511.5697383880615,2542
4512.567043304443,2542
4513.564348220825,2542
4514.561414718628,2510
4515.558958053589,2474
4516.556262969971,2502
4517.5535678863525,2510
4518.550872802734,2552
4519.548416137695,2576
4520.545482635498,2530
4521.5418338775635,2550
4522.538900375366,2522
4523.536205291748,2502
4524.533748626709,2510
4525.531053543091,2516
4526.528120040894,2506
4527.525424957275,2486
4528.522968292236,2486
4529.520273208618,2478
4530.517578125,2542
4531.514883041382,2554
4532.512187957764,2582
4533.5094928741455,2546
4534.506797790527,2542
4535.504102706909,2548
4536.501407623291,2534
4537.498950958252,2570
4538.498401641846,2516
4539.495229721069,2516
4540.492296218872,2536
4541.489839553833,2532
4542.486906051636,2558
4543.4839725494385,2558
4544.481515884399,2546
4545.478820800781,2586
4546.476364135742,2552
4547.473669052124,2536
4548.471450805664,2558
4549.468755722046,2514
4550.46534538269,2526
4551.4631271362305,2512
4552.460670471191,2476
4553.457975387573,2518
4554.455280303955,2546
4555.452108383179,2542
4556.448221206665,2590
4557.445287704468,2582
4558.44259262085,2514
4559.439659118652,2506
4560.437440872192,2524
4561.434507369995,2510
4562.431812286377,2534
4563.429117202759,2520
4564.427614212036,2490
4565.4237270355225,2538
4566.421031951904,2542
4567.418575286865,2528
4568.415880203247,2556
4569.413185119629,2570
4570.41072845459,2536
4571.407794952393,2538
4572.405099868774,2522
4573.402404785156,2522
4574.399948120117,2518
4575.39701461792,2542
4576.394557952881,2510
4577.398061752319,2508
4578.3891677856445,2526
4579.386472702026,2538
4580.384016036987,2586
4581.381320953369,2554
4582.378625869751,2526
4583.375930786133,2512
4584.373235702515,2510
4585.3705406188965,2536
4586.367845535278,2546
4587.364912033081,2512
4588.362455368042,2506
4589.369058609009,2510
4590.357065200806,2534
4591.354608535767,2546
4592.351913452148,2584
4593.348979949951,2558
4594.346284866333,2540
4595.343828201294,2538
4596.341133117676,2522
4597.338438034058,2518
4598.335981369019,2502
4599.3332862854,2518
4600.330591201782,2508
4601.327657699585,2550
4602.325201034546,2526
4603.322505950928,2546
4604.31981086731,2546
4605.317115783691,2534
4607.311964035034,2522
4607.311964035034,2518
4608.309507369995,2482
4609.306573867798,2486
4610.304117202759,2486
4611.3011837005615,2492
4612.2987270355225,2472
4613.296031951904,2490
4614.293336868286,2518
4615.291595458984,2522
4616.28794670105,2540
4617.285251617432,2586
4619.280099868774,2540
4619.280099868774,2502
4620.277166366577,2492
4621.274709701538,2510
4622.27201461792,2522
4623.269081115723,2536
4624.266624450684,2494
4625.263690948486,2502
4626.261234283447,2524
4627.258539199829,2526
4628.255605697632,2568
4630.252838134766,2568
4630.252838134766,2586
4631.249666213989,2518
4632.246971130371,2522
4634.242057800293,2502
4635.239124298096,2498
4636.236190795898,2522
4637.23349571228,2514
4638.231039047241,2522
4639.228105545044,2526
4640.226364135742,2578
4641.222953796387,2582
4642.220258712769,2590
4643.217325210571,2598
4644.214868545532,2518
4645.2460289001465,2486
4646.2366580963135,2506
4647.237062454224,2514
4648.23055267334,2534
4649.2297649383545,2534
4650.225400924683,2542
4651.222467422485,2522
4652.220010757446,2522
4653.218030929565,2634
4654.21462059021,2586
4655.211687088013,2570
4656.18371963501,2538
4657.180070877075,2526
4658.205270767212,2540
4659.202575683594,2544
4660.173177719116,2534
4661.202669143677,2502
4662.195444107056,2526
4663.1920337677,2542
4664.190292358398,2538
4665.186405181885,2586
4666.183948516846,2590
4667.18053817749,2552
4668.180227279663,2538
4669.174671173096,2546
4670.17936706543,2534
4671.169757843018,2518
4672.16682434082,2534
4673.164129257202,2540
4674.162149429321,2552
4675.158977508545,2574
4676.128149032593,2538
4677.124977111816,2554
4678.122758865356,2614
4679.119825363159,2586
4680.117130279541,2522
4681.114435195923,2502
4682.111978530884,2476
4683.109998703003,2506
4684.322118759155,2506
4684.322118759155,2502
4685.323238372803,2486
4686.3203048706055,2514
4687.317609786987,2516
4688.315153121948,2572
4689.311504364014,2550
4690.310716629028,2554
4691.306829452515,2526
4692.304372787476,2520
4693.301677703857,2516
4694.298982620239,2522
4695.296049118042,2542
4696.293115615845,2542
4697.290658950806,2574
4698.2879638671875,2542
4699.28503036499,2550
4700.283050537109,2570
4701.279878616333,2590
4702.276945114136,2622
4703.274726867676,2598
4704.272031784058,2574
4705.26909828186,2522
4706.2668800354,2518
4707.264184951782,2490
4708.261251449585,2550
4710.256338119507,2510
4710.256338119507,2518
4711.2531661987305,2520
4712.250471115112,2542
4713.248014450073,2514
4714.245319366455,2502
4715.242624282837,2480
4717.23747253418,2442
4718.234539031982,2422
4719.231843948364,2450
4720.228433609009,2430
4721.225738525391,2474
4722.22375869751,2468
4723.221302032471,2490
4724.2186069488525,2518
4725.215911865234,2538
4726.212978363037,2570
4727.210760116577,2574
4728.20782661438,2526
4729.205131530762,2514
4730.202674865723,2510
4731.200218200684,2498
4732.197284698486,2494
4733.194589614868,2526
4734.191656112671,2524
4735.189437866211,2480
4736.186504364014,2542
4737.1838092803955,2548
4738.181114196777,2566
4739.177703857422,2522
4740.175247192383,2538
4741.172313690186,2554
4742.171049118042,2474
4743.168354034424,2484
4744.165420532227,2522
4745.163202285767,2494
4746.160268783569,2510
4747.157573699951,2518
4748.155117034912,2514
4749.152421951294,2524
4750.149965286255,2546
4751.147270202637,2558
4752.144575119019,2576
4753.140687942505,2538
4754.1656494140625,2482
4755.136489868164,2494
4756.133794784546,2490
4757.129907608032,2488
4758.129835128784,2542
4759.1588497161865,2522
4760.121822357178,2502
4761.11912727356,2518
4762.120008468628,2574
4763.1425857543945,2544
4764.139413833618,2502
4765.109300613403,2518
4766.106605529785,2486
4767.103910446167,2506
4768.10097694397,2532
4769.099235534668,2486
4770.095348358154,2462
4771.093368530273,2502
4772.090435028076,2542
4773.087024688721,2546
4774.0843296051025,2504
4775.081634521484,2544
4776.080131530762,2550
4777.077436447144,2506
4778.074502944946,2542
4779.071092605591,2538
4780.070066452026,2542
4781.067132949829,2538
4782.063722610474,2570
4783.061504364014,2546
4784.058570861816,2538
4785.055637359619,2546
4786.053419113159,2554
4787.050724029541,2548
4788.048028945923,2554
4789.045333862305,2518
4790.043115615845,2480
4791.0401821136475,2450
4792.037010192871,2534
4793.034553527832,2546
4794.032096862793,2538
4795.029163360596,2514
4796.0264682769775,2502
4797.024250030518,2510
4798.022031784058,2550
4799.018621444702,2548
4800.016641616821,2542
4801.013469696045,2476
4802.010536193848,2454
4803.0078411102295,2458
4804.004907608032,2508
4805.002689361572,2522
4805.999040603638,2546
4806.997060775757,2574
4807.994604110718,2546
4808.9919090271,2548
4809.988737106323,2542
4810.9869956970215,2534
4811.984062194824,2494
4812.981128692627,2510
4813.978433609009,2490
4814.976215362549,2452
4815.9730434417725,2530
4816.970586776733,2506
4817.967653274536,2518
4818.965196609497,2494
4819.962024688721,2538
4820.96004486084,2490
4821.957349777222,2526
4822.954893112183,2514
4823.951721191406,2474
4824.949264526367,2424
4825.946569442749,2478
4826.943874359131,2470
4827.941179275513,2478
4828.938722610474,2512
4829.936504364014,2546
4830.933094024658,2574
4831.931114196777,2554
4832.927942276001,2610
4833.925008773804,2582
4834.922313690186,2582
4835.9198570251465,2574
4836.917161941528,2526
4837.91446685791,2526
4838.91749382019,2510
4839.908838272095,2526
4840.906858444214,2522
4841.914176940918,2556
4842.901229858398,2522
4843.89853477478,2506
4844.895839691162,2558
4845.893383026123,2554
4846.890449523926,2542
4847.888231277466,2540
4848.885059356689,2536
4849.882125854492,2462
4850.880146026611,2488
4851.877212524414,2510
4852.874755859375,2510
4853.871822357178,2510
4854.86912727356,2526
4855.866432189941,2526
4856.863975524902,2524
4857.861280441284,2528
4858.863830566406,2554
4859.856367111206,2546
4860.853433609009,2550
4861.8505001068115,2546
4862.847566604614,2506
4863.845348358154,2526
4864.842891693115,2518
4865.839719772339,2522
4866.8372631073,2510
4867.834568023682,2490
4868.8318729400635,2534
4869.829416275024,2550
4870.826721191406,2574
4871.824026107788,2552
4872.821569442749,2580
4873.818635940552,2536
4874.816179275513,2570
4875.813245773315,2606
4876.810312271118,2606
4877.808094024658,2590
4878.805160522461,2598
4879.802942276001,2642
4880.800008773804,2616
4881.797313690186,2606
4882.794618606567,2538
4883.79168510437,2486
4884.789228439331,2478
4885.786533355713,2392
4886.783838272095,2450
4887.781381607056,2416
4888.7786865234375,2466
4889.7764682769775,2466
4890.773773193359,2462
4891.771078109741,2458
4892.768383026123,2472
4893.765449523926,2450
4894.763231277466,2462
4895.760536193848,2510
4896.7578411102295,2526
4897.755861282349,2502
4898.752927780151,2510
4899.750232696533,2528
4900.747537612915,2534
4901.744842529297,2554
4902.742385864258,2570
4903.739452362061,2546
4904.7369956970215,2506
4905.734300613403,2550
4906.732082366943,2554
4907.729387283325,2536
4908.726453781128,2518
4909.72375869751,2514
4910.721063613892,2526
4911.718368530273,2512
4912.715673446655,2550
4913.712978363037,2582
4914.710998535156,2578
4915.70782661438,2550
4916.705131530762,2554
4917.702436447144,2528
4918.699502944946,2522
4919.696807861328,2526
4920.69411277771,2534
4921.691656112671,2474
4922.707319259644,2538
4923.6860275268555,2522
4924.683332443237,2526
4925.679683685303,2534
4926.704168319702,2578
4927.701711654663,2546
4928.699016571045,2594
4929.669380187988,2602
4930.666923522949,2678
4931.663990020752,2678
4932.661056518555,2670
4933.658599853516,2616
4934.655666351318,2606
4935.653209686279,2610
4936.65075302124,2602
4937.660217285156,2574
4938.645124435425,2538
4939.641952514648,2490
4940.640211105347,2486
4941.637277603149,2450
4942.634344100952,2426
4943.631887435913,2430
4944.629192352295,2386
4945.626497268677,2330
4946.623802185059,2290
4947.62110710144,2346
4948.618650436401,2386
4949.615240097046,2460
4950.613498687744,2510
4951.610565185547,2534
4952.608346939087,2520
4953.605175018311,2558
4954.602479934692,2606
4955.600023269653,2616
4956.597805023193,2586
4957.595348358154,2602
4958.592653274536,2534
4959.589958190918,2544
4960.587978363037,2558
4961.584568023682,2558
4962.582111358643,2578
4963.5796546936035,2536
4964.577436447144,2542
4965.574026107788,2518
4966.57133102417,2520
4967.568635940552,2502
4968.565940856934,2488
4969.563722610474,2502
4970.561265945435,2526
4971.557855606079,2492
4972.555160522461,2494
4973.552703857422,2510
4974.550008773804,2558
4975.547313690186,2514
4976.544618606567,2518
4977.54168510437,2542
4978.53946685791,2526
4979.537487030029,2606
4980.534315109253,2612
4981.531381607056,2634
4982.528924942017,2580
4983.525991439819,2578
4984.523057937622,2558
4985.520601272583,2582
4986.518383026123,2534
4987.515449523926,2522
4988.512992858887,2486
4989.511013031006,2468
4990.5078411102295,2482
4991.504430770874,2490
4992.501974105835,2486
4993.499040603638,2472
4994.496583938599,2458
4995.49412727356,2500
4996.4916706085205,2546
4997.488498687744,2534
4998.485803604126,2522
4999.483346939087,2502
5000.480651855469,2500
5001.477956771851,2510
5002.475261688232,2510
5003.4730434417725,2572
5004.469871520996,2526
5005.466938018799,2584
5006.464958190918,2558
5007.462024688721,2526
5008.459091186523,2550
5009.457111358643,2550
5010.454177856445,2586
5011.451005935669,2596
5012.448072433472,2546
5013.4453773498535,2524
5014.457941055298,2570
5015.439987182617,2594
5016.43705368042,2586
5017.435073852539,2610
5018.432378768921,2558
5019.429445266724,2536
5020.4267501831055,2528
5021.423578262329,2554
5022.421836853027,2536
5023.419380187988,2538
5024.416446685791,2502
5025.413751602173,2510
5026.411533355713,2490
5027.408838272095,2480
5029.402494430542,2510
5029.402494430542,2506
5030.40075302124,2510
5031.397819519043,2512
5032.394886016846,2612
5033.392429351807,2506
5034.3897342681885,2502
5035.387277603149,2518
5036.384582519531,2486
5037.382125854492,2512
5038.379192352295,2500
5039.375782012939,2514
5040.373802185059,2542
5041.371583938599,2534
5042.368650436401,2490
5043.3666706085205,2514
5044.363498687744,2510
5045.361042022705,2510
5046.358108520508,2542
5047.355651855469,2534
5048.35319519043,2534
5049.350738525391,2506
5050.347566604614,2500
5051.345109939575,2514
5052.342653274536,2542
5053.33948135376,2544
5054.3372631073,2546
5056.343793869019,2514
5056.343793869019,2536
5057.329416275024,2522
5058.324813842773,2518
5059.321641921997,2526
5060.319423675537,2522
5061.316728591919,2506
5062.313795089722,2512
5064.309597015381,2544
5065.305948257446,2506
5065.305948257446,2526
5067.301034927368,2580
5068.297863006592,2556
5068.297863006592,2550
5070.292711257935,2542
5070.292711257935,2544
5071.290016174316,2602
5072.287082672119,2570
5074.282884597778,2522
5074.282884597778,2526
5075.281858444214,2534
5077.275276184082,2596
5077.275276184082,2574
5079.270124435425,2598
5080.266714096069,2582
5081.263542175293,2546
5082.262754440308,2554
5083.259344100952,2590
5084.258556365967,2612
5085.253953933716,2542
5086.251497268677,2550
5087.2485637664795,2594
5088.244676589966,2544
5089.243173599243,2574
5090.240001678467,2550
5091.23682975769,2538
5092.236280441284,2522
5093.23263168335,2612
5094.229936599731,2590
5095.226049423218,2582
5096.225023269653,2574
5097.220659255981,2574
5098.219394683838,2554
5099.215507507324,2534
5100.214242935181,2524
5101.210355758667,2574
5102.208614349365,2558
5103.206157684326,2538
5104.203462600708,2522
5105.199337005615,2534
5106.198072433472,2570
5107.1953773498535,2576
5108.192920684814,2542
5109.189987182617,2522
5110.1861000061035,2510
5111.183166503906,2522
5112.180709838867,2508
5113.196134567261,2522
5114.175081253052,2526
5115.198612213135,2546
5116.171360015869,2498
5117.196559906006,2492
5118.165969848633,2490
5119.192123413086,2482
5120.161533355713,2512
5121.158599853516,2490
5122.155427932739,2470
5123.152732849121,2444
5124.178409576416,2478
5125.147342681885,2450
5126.144886016846,2482
5127.143621444702,2520
5128.139495849609,2518
5129.167079925537,2494
5130.1329135894775,2534
5131.131172180176,2538
5132.127285003662,2518
5133.127689361572,2526
5134.121894836426,2538
5135.119199752808,2506
5136.118412017822,2488
5137.115478515625,2510
5138.112783432007,2484
5139.111042022705,2462
5140.106439590454,2486
5141.104936599731,2500
5142.102479934692,2488
5143.097639083862,2542
5144.096612930298,2514
5145.092725753784,2510
5146.089792251587,2522
5147.087335586548,2550
5148.085117340088,2522
5149.0819454193115,2538
5150.079727172852,2578
5151.077508926392,2536
5152.074337005615,2538
5153.07092666626,2574
5154.0687084198,2522
5155.066013336182,2574
5156.063556671143,2586
5157.090425491333,2606
5158.089160919189,2618
5159.058570861816,2598
5160.0823402404785,2574
5161.079883575439,2580
5162.078142166138,2602
5163.074731826782,2582
5164.071559906006,2582
5165.040969848633,2578
5166.038274765015,2574
5167.064189910889,2556
5168.06173324585,2538
5169.029951095581,2554
5170.028209686279,2542
5171.025276184082,2526
5172.022342681885,2554
5173.019647598267,2536
5174.016714096069,2570
5175.014019012451,2554
5176.011562347412,2582
5177.008867263794,2550
5178.006649017334,2514
5179.004430770874,2518
5180.000066757202,2542
5180.999279022217,2578
5181.994438171387,2594
5182.991504669189,2558
5183.989763259888,2544
5184.986591339111,2530
5185.983657836914,2534
5186.980724334717,2578
5187.978744506836,2542
5188.976049423218,2544
5189.9733543396,2542
5190.978527069092,2538
5191.967964172363,2538
5192.965030670166,2554
5193.962335586548,2578
5194.960117340088,2550
5195.95742225647,2558
5196.954250335693,2506
5197.952508926392,2536
5198.976755142212,2514
5199.946165084839,2546
5200.971364974976,2528
5201.968193054199,2518
5202.965974807739,2526
5203.963756561279,2548
5204.964160919189,2518
5205.940961837769,2478
5206.928014755249,2520
5207.925081253052,2502
5208.922863006592,2502
5209.920406341553,2474
5210.92414855957,2504
5211.914539337158,2474
5212.911605834961,2474
5213.908433914185,2470
5214.9059772491455,2490
5215.903043746948,2502
5216.900825500488,2504
5217.906951904297,2486
5218.895196914673,2488
5219.892740249634,2492
5220.890045166016,2474
5221.887111663818,2494
5222.884654998779,2486
5223.881959915161,2518
5224.879264831543,2502
5225.876808166504,2490
5226.874113082886,2502
5227.90002822876,2526
5228.8970947265625,2538
5229.893684387207,2582
5230.899095535278,2542
5231.889009475708,2522
5232.885837554932,2520
5233.856201171875,2574
5234.853267669678,2534
5235.85057258606,2554
5236.8481159210205,2544
5237.845420837402,2546
5238.842487335205,2490
5239.840984344482,2540
5240.837574005127,2574
5241.83464050293,2608
5242.831707000732,2576
5243.830442428589,2534
5244.827508926392,2522
5245.824813842773,2550
5246.822357177734,2604
5247.819423675537,2598
5248.81649017334,2608
5249.813079833984,2590
5250.810623168945,2572
5251.808643341064,2550
5252.806663513184,2600
5253.803730010986,2554
5254.800796508789,2542
5255.79833984375,2510
5256.795644760132,2474
5257.792949676514,2458
5258.7902545928955,2460
5259.788036346436,2448
5260.785341262817,2418
5261.782169342041,2422
5262.779474258423,2432
5263.777017593384,2446
5264.774799346924,2462
5265.7716274261475,2502
5266.7694091796875,2502
5267.766714096069,2522
5268.763780593872,2538
5269.761323928833,2550
5270.758628845215,2582
5271.7554569244385,2552
5272.754907608032,2558
5273.75054359436,2542
5274.745941162109,2514
5275.74348449707,2586
5276.740550994873,2558
5277.737855911255,2546
5278.735160827637,2544
5279.732704162598,2510
5280.7300090789795,2542
5281.732559204102,2546
5282.724618911743,2614
5283.722162246704,2610
5284.718990325928,2614
5285.716533660889,2586
5286.7138385772705,2588
5287.711143493652,2610
5288.708448410034,2610
5289.706468582153,2634
5290.703535079956,2606
5291.700601577759,2586
5292.6976680755615,2558
5293.695688247681,2618
5294.692516326904,2622
5295.689821243286,2608
5296.687364578247,2602
5297.702074050903,2586
5298.681974411011,2538
5299.679279327393,2534
5300.6768226623535,2502
5301.673889160156,2504
5302.671194076538,2510
5303.668975830078,2610
5304.665803909302,2450
5305.692911148071,2468
5306.674957275391,2482
5307.689905166626,2494
5308.656454086304,2480
5309.654235839844,2490
5310.650587081909,2478
5311.649322509766,2486
5312.646150588989,2520
5313.64369392395,2482
5314.64147567749,2462
5315.638542175293,2494
5316.635847091675,2480
5317.6329135894775,2484
5318.62998008728,2474
5319.628000259399,2514
5320.624113082886,2550
5321.62070274353,2534
5322.617769241333,2642
5323.617935180664,2514
5324.612140655518,2524
5325.6096839904785,2556
5326.607227325439,2548
5327.604532241821,2526
5328.601837158203,2534
5329.599380493164,2506
5330.596685409546,2510
5331.594228744507,2540
5332.59129524231,2572
5333.588600158691,2504
5334.585905075073,2522
5335.619688034058,2534
5336.609601974487,2576
5337.607145309448,2536
5338.604688644409,2538
5339.574098587036,2502
5340.570449829102,2510
5341.569423675537,2442
5342.566013336182,2534
5343.563079833984,2550
5344.5611000061035,2558
5345.557928085327,2516
5346.555233001709,2510
5347.553014755249,2522
5348.550081253052,2526
5349.546670913696,2534
5350.545406341553,2494
5351.541996002197,2536
5352.539300918579,2526
5353.53684425354,2526
5354.533672332764,2518
5355.531215667725,2570
5356.528520584106,2538
5357.525825500488,2510
5358.523607254028,2542
5359.52091217041,2542
5360.523223876953,2570
5361.515045166016,2548
5362.5123500823975,2536
5363.509893417358,2534
5364.5079135894775,2522
5365.504503250122,2522
5366.501808166504,2548
5367.499351501465,2548
5368.496894836426,2524
5369.494676589966,2554
5370.503664016724,2542
5371.488332748413,2522
5372.485876083374,2520
5373.483419418335,2534
5374.480485916138,2524
5375.478029251099,2542
5376.4753341674805,2534
5377.472639083862,2542
5378.469944000244,2546
5379.467725753784,2574
5380.478143692017,2580
5381.46185874939,2542
5382.45964050293,2514
5383.456468582153,2490
5384.453773498535,2518
5385.451078414917,2538
5386.449098587036,2570
5387.44592666626,2506
5388.443470001221,2486
5389.441251754761,2534
5390.438556671143,2542
5391.435146331787,2534
5392.432451248169,2542
5393.430233001709,2524
5394.427061080933,2536
5395.424842834473,2502
5396.421432495117,2538
5397.4199295043945,2514
5398.417234420776,2492
5399.413585662842,2482
5400.410175323486,2514
5401.409149169922,2486
5402.405738830566,2516
5403.403520584106,2506
5404.400587081909,2522
5405.398368835449,2522
5406.394958496094,2526
5407.392501831055,2490
5408.390045166016,2502
5409.3873500823975,2518
5410.3968143463135,2506
5411.38219833374,2544
5412.379264831543,2526
5413.376331329346,2506
5414.37292098999,2518
5415.3711795806885,2524
5416.36848449707,2542
5417.365550994873,2536
5418.363332748413,2510
5419.360399246216,2522
5420.357465744019,2574
5421.354055404663,2542
5422.35255241394,2540
5423.350095748901,2526
5424.347639083862,2538
5425.344705581665,2526
5427.339792251587,2506
5427.339792251587,2518
5429.334402084351,2550
5430.331230163574,2554
5430.331230163574,2534
5431.328058242798,2538
5432.325601577759,2548
5433.32314491272,2538
5434.320688247681,2604
5435.3179931640625,2558
5437.312602996826,2510
5438.30943107605,2522
5439.307689666748,2518
5440.303802490234,2488
5441.300868988037,2534
5441.300868988037,2514
5443.296432495117,2506
5443.296432495117,2478
5445.29128074646,2544
5445.29128074646,2546
5447.2856521606445,2510
5447.2856521606445,2518
5449.2809772491455,2510
5450.287580490112,2494
5450.287580490112,2510
5452.272176742554,2490
5453.269958496094,2536
5453.269958496094,2550
5455.264329910278,2518
5456.261873245239,2502
5457.259178161621,2502
5458.256483078003,2526
5459.254026412964,2494
5460.251569747925,2510
5461.248874664307,2526
5462.24570274353,2576
5463.243007659912,2514
5464.240312576294,2534
5465.242624282837,2550
5466.2346839904785,2558
5467.232704162598,2514
5468.230724334717,2518
5469.227313995361,2476
5470.223665237427,2514
5471.2207317352295,2534
5472.218990325928,2518
5473.21629524231,2520
5474.2138385772705,2498
5475.210905075073,2526
5476.207971572876,2548
5477.205753326416,2534
5478.203058242798,2498
5479.200124740601,2510
5480.196952819824,2506
5481.194496154785,2532
5482.192039489746,2512
5483.19149017334,2524
5484.187841415405,2530
5485.183238983154,2526
5486.180305480957,2502
5487.178087234497,2538
5488.174915313721,2558
5489.172697067261,2538
5490.172386169434,2550
5491.168737411499,2510
5492.166996002197,2522
5493.163347244263,2528
5494.161367416382,2586
5495.1581954956055,2552
5496.1559772491455,2570
5497.153282165527,2514
5498.150110244751,2546
5499.147891998291,2514
5500.14591217041,2506
5501.142263412476,2550
5502.140522003174,2556
5503.13663482666,2526
5504.134654998779,2470
5505.130290985107,2534
5506.133079528809,2490
5507.126331329346,2538
5508.1236362457275,2538
5509.12070274353,2514
5510.116815567017,2512
5511.1143589019775,2502
5512.113809585571,2550
5513.109922409058,2542
5514.107942581177,2538
5515.1047706604,2502
5516.10255241394,2486
5517.098188400269,2466
5518.097400665283,2526
5519.092559814453,2526
5520.097494125366,2578
5521.090030670166,2578
5522.08685874939,2570
5523.081541061401,2478
5524.081468582153,2556
5525.0794887542725,2550
5526.075839996338,2538
5527.073383331299,2512
5528.07092666626,2552
5529.068231582642,2502
5530.066251754761,2514
5531.062841415405,2554
5532.060384750366,2526
5533.057451248169,2514
5534.054279327393,2484
5535.058259963989,2534
5536.049127578735,2538
5537.046909332275,2538
5538.043975830078,2586
5539.041757583618,2568
5540.0390625,2522
5541.036367416382,2522
5542.0331954956055,2534
5543.0309772491455,2546
5544.028043746948,2552
5545.02534866333,2526
5546.02313041687,2536
5547.019958496094,2514
5548.0170249938965,2522
5549.014329910278,2478
5550.011873245239,2546
5551.0094165802,2502
5552.006959915161,2500
5553.004264831543,2510
5554.001808166504,2514
5554.999113082886,2550
5555.997371673584,2546
5556.994199752808,2570
5557.990550994873,2548
5558.987379074097,2544
5559.985399246216,2508
5560.98198890686,2546
5561.980724334717,2550
5562.978029251099,2554
5563.972949981689,2526
5564.970254898071,2482
5565.9730434417725,2490
5566.967010498047,2540
5567.963600158691,2574
5568.960666656494,2540
5569.958448410034,2482
5570.955514907837,2518
5571.953773498535,2542
5572.95036315918,2494
5573.94814491272,2524
5574.945449829102,2554
5575.942516326904,2538
5576.940298080444,2526
5577.936887741089,2546
5578.934192657471,2510
5579.93221282959,2524
5580.92999458313,2534
5581.926345825195,2526
5584.460973739624,2502
5584.460973739624,2504
5584.944009780884,2524
5585.536003112793,2514
5586.474657058716,2486
5587.586879730225,2490
5588.5865688323975,2550
5589.583873748779,2506
5590.580940246582,2518
5591.578960418701,2476
5592.576265335083,2542
5593.573331832886,2510
5594.570875167847,2526
5595.567941665649,2538
5596.56548500061,2550
5597.562789916992,2546
5598.560094833374,2550
5599.557876586914,2514
5600.554943084717,2500
5601.5520095825195,2500
5602.549076080322,2544
5603.546857833862,2574
5604.544162750244,2510
5605.541467666626,2488
5606.538534164429,2526
5607.53607749939,2524
5608.5333824157715,2552
5609.53164100647,2556
5610.528469085693,2554
5611.525535583496,2506
5612.522840499878,2482
5613.52014541626,2504
5614.5179271698,2534
5615.514755249023,2510
5616.512060165405,2502
5617.509365081787,2502
5618.506669998169,2518
5619.505167007446,2490
5620.501756668091,2538
5621.505260467529,2536
5622.510671615601,2582
5623.493432998657,2546
5624.490022659302,2518
5625.488042831421,2506
5626.485347747803,2538
5627.482175827026,2518
5628.4801959991455,2546
5629.477739334106,2510
5630.490303039551,2542
5631.471633911133,2510
5632.469415664673,2554
5633.4662437438965,2538
5634.464263916016,2542
5635.4615688323975,2542
5636.4593505859375,2538
5637.4671459198,2518
5638.453483581543,2506
5639.451742172241,2534
5640.448093414307,2510
5641.444683074951,2538
5642.442941665649,2506
5643.440008163452,2502
5644.437313079834,2516
5645.4339027404785,2550
5646.434783935547,2586
5647.429943084717,2538
5648.427248001099,2512
5649.424314498901,2542
5651.418447494507,2554
5651.418447494507,2534
5652.416944503784,2546
5653.414487838745,2528
5654.411315917969,2538
5655.408620834351,2518
5656.405925750732,2522
5657.403230667114,2554
5658.428430557251,2570
5659.398078918457,2510
5660.39514541626,2510
5661.391735076904,2510
5662.3899936676025,2538
5663.387060165405,2550
5664.384841918945,2574
5665.381669998169,2546
5666.37921333313,2504
5667.376279830933,2494
5668.375253677368,2484
5669.370174407959,2518
5670.368671417236,2558
5671.365976333618,2534
5672.36328125,2514
5673.360347747803,2486
5674.357652664185,2550
5675.354957580566,2558
5676.352500915527,2586
5678.346395492554,2576
5678.346395492554,2556
5679.3458461761475,2512
5680.342435836792,2526
5681.339263916016,2552
5682.336330413818,2526
5683.333873748779,2522
5684.33141708374,2542
5685.328483581543,2522
5687.323093414307,2518
5687.323093414307,2522
5689.316987991333,2522
5690.314054489136,2514
5690.314054489136,2550
5692.309856414795,2534
5692.309856414795,2546
5693.307399749756,2550
5695.300817489624,2510
5695.300817489624,2512
5697.295427322388,2522
5698.294162750244,2490
5730.208158493042,2506
5730.208158493042,2522
5731.2047481536865,2512
5731.2047481536865,2506
5731.2047481536865,2526
5731.2047481536865,2522
5731.2047481536865,2514
5731.2047481536865,2536
5732.202768325806,2542
5732.202768325806,2544
5732.202768325806,2516
5732.202768325806,2506
5732.202768325806,2518
5732.202768325806,2502
5732.202768325806,2546
5733.199834823608,2614
5733.199834823608,2510
5733.199834823608,2526
5733.199834823608,2514
5733.199834823608,2538
5733.199834823608,2538
5734.19713973999,2506
5734.19713973999,2506
5734.19713973999,2506
5734.19713973999,2514
5734.19713973999,2478
5734.19713973999,2518
5734.19713973999,2486
5734.19713973999,2486
5735.194444656372,2474
5735.194444656372,2536
5735.194444656372,2520
5735.194444656372,2528
5736.191749572754,2526
5736.191749572754,2516
5736.191749572754,2488
5736.191749572754,2514
5736.191749572754,2516
5737.189054489136,2528
5738.1861209869385,2522
5739.183664321899,2538
5740.180969238281,2510
5741.178274154663,2526
5742.19012260437,2508
5743.173122406006,2526
5744.170665740967,2546
5745.168209075928,2514
5746.165752410889,2518
5747.163534164429,2546
5748.160123825073,2546
5749.1631507873535,2516
5768.106937408447,2506
5768.106937408447,2534
5768.106937408447,2506
5768.106937408447,2510
5768.106937408447,2536
5769.10400390625,2522
5769.10400390625,2544
5769.10400390625,2534
5769.10400390625,2490
5769.10400390625,2546
5769.10400390625,2572
5769.10400390625,2550
5770.100831985474,2550
5770.100831985474,2526
5770.100831985474,2502
5770.100831985474,2518
5770.100831985474,2526
5770.100831985474,2590
5770.100831985474,2534
5771.098852157593,2518
5771.098852157593,2538
5771.098852157593,2522
5772.096633911133,2554
5773.092985153198,2570
5774.091005325317,2550
5775.08807182312,2518
5776.084899902344,2514
5777.082920074463,2568
5778.080940246582,2502
5779.078722000122,2534
5780.0750732421875,2542
5781.081438064575,2502
5782.071590423584,2514
5783.066987991333,2508
5784.064292907715,2546
5785.062074661255,2602
5786.059379577637,2584
5787.05620765686,2524
5788.053750991821,2522
5789.050817489624,2508
5790.048122406006,2542
5791.045427322388,2584
5792.043209075928,2550
5793.0402755737305,2524
5794.037580490112,2506
5795.035123825073,2524
5796.032190322876,2550
5797.029733657837,2576
5798.027276992798,2546
5799.025058746338,2514
5800.021648406982,2534
5801.019191741943,2536
5812.9870891571045,2550
5812.9870891571045,2546
5812.9870891571045,2538
5812.9870891571045,2524
5812.9870891571045,2486
5812.9870891571045,2538
5812.9870891571045,2518
5813.984155654907,2510
5813.984155654907,2534
5813.984155654907,2522
5813.984155654907,2480
5813.984155654907,2524
5813.984155654907,2550
5814.981460571289,2582
5815.978765487671,2606
5816.976070404053,2534
5817.973375320435,2508
5818.971395492554,2490
5819.968223571777,2544
5820.965528488159,2554
5821.96307182312,2584
5822.960138320923,2546
5823.957920074463,2510
5824.955463409424,2540
5825.952529907227,2542
5826.94935798645,2556
5827.94713973999,2574
5828.944444656372,2544
5829.941749572754,2518
5830.939054489136,2514
5831.936597824097,2522
5832.934141159058,2500
5833.931446075439,2542
5834.928750991821,2514
5835.925817489624,2488
5836.923122406006,2536
5837.920188903809,2546
5838.9177322387695,2506
5839.9152755737305,2570
5840.912103652954,2570
5841.909646987915,2550
5842.906475067139,2534
5843.919277191162,2510
5844.902038574219,2538
5845.8991050720215,2526
5846.895933151245,2520
5847.893238067627,2522
5848.890781402588,2510
5849.888563156128,2506
5850.886106491089,2542
5851.883411407471,2578
5852.880001068115,2542
5853.877544403076,2518
5854.875087738037,2510
5855.872392654419,2518
5856.869697570801,2546
5857.867240905762,2518
5866.843223571777,2490
5866.843223571777,2510
5869.041681289673,2526
5869.041681289673,2502
5869.041681289673,2518
5869.041681289673,2518
5869.041681289673,2516
5869.041681289673,2518
5870.048046112061,2514
5870.048046112061,2512
5870.048046112061,2538
5870.048046112061,2518
5871.047735214233,2514
5872.053861618042,2550
5873.053073883057,2510
5874.051809310913,2538
5875.048637390137,2506
5876.045703887939,2558
5877.0432472229,2568
5878.040552139282,2522
5879.037618637085,2536
5880.034685134888,2510
5881.03175163269,2570
5882.058382034302,2558
5883.0554485321045,2554
5884.024143218994,2520
5885.020971298218,2502
5886.0182762146,2536
5887.015342712402,2502
5888.012647628784,2542
5889.010429382324,2544
5890.007495880127,2506
5891.005754470825,2514
5892.031908035278,2510
5893.029451370239,2542
5894.026279449463,2518
5895.02739906311,2546
5896.020889282227,2548
5897.021770477295,2502
5898.021936416626,2514
5898.985385894775,2534
5899.982213973999,2514
5900.980472564697,2550
5901.977300643921,2530
5902.974605560303,2538
5903.9716720581055,2518
5904.968500137329,2520
5905.970335006714,2506
5906.963586807251,2550
5907.960414886475,2526
5908.957958221436,2534
5909.954786300659,2518
5910.952091217041,2520
5911.949634552002,2506
5912.946701049805,2502
5913.944482803345,2518
5914.9415493011475,2494
5915.940999984741,2486
5916.938066482544,2514
5917.933940887451,2506
5918.930768966675,2514
5919.929027557373,2508
5920.925617218018,2488
5921.922445297241,2526
5922.92046546936,2520
5923.9208698272705,2526
5924.916982650757,2548
5925.912141799927,2552
5926.90896987915,2538
5927.9069900512695,2514
5928.904294967651,2506
5929.901361465454,2514
5930.898904800415,2570
5931.896448135376,2526
5932.893514633179,2524
5933.890819549561,2550
5934.887886047363,2542
5935.885667800903,2570
5936.883211135864,2574
5937.880277633667,2540
5938.877820968628,2518
5939.87512588501,2526
5940.872669219971,2518
5941.869258880615,2572
5942.866802215576,2574
5943.865776062012,2526
5944.862842559814,2538
5945.859670639038,2514
5946.859121322632,2522
5947.856903076172,2554
5948.850870132446,2548
5949.850797653198,2544
5950.84810256958,2522
5952.840328216553,2538
5952.840328216553,2512
5953.837633132935,2634
5954.835414886475,2528
5955.833435058594,2534
5956.830263137817,2514
5957.827806472778,2518
5958.824872970581,2514
5959.822654724121,2536
5960.822582244873,2550
5961.817264556885,2536
5962.814569473267,2530
5963.812828063965,2482
5964.807987213135,2542
5965.805768966675,2524
5966.805934906006,2494
5967.803716659546,2502
5968.798398971558,2506
5969.796180725098,2486
5970.792770385742,2522
5971.790075302124,2542
5972.787141799927,2538
5973.783731460571,2550
5974.781036376953,2538
5975.778341293335,2538
5976.776123046875,2544
5977.774143218994,2554
5978.771686553955,2542
5979.768991470337,2568
5980.766773223877,2538
5981.763601303101,2524
5982.760906219482,2538
5983.758211135864,2544
5984.755039215088,2554
5985.752582550049,2574
5986.749887466431,2508
5987.747669219971,2528
5988.744258880615,2534
5989.742040634155,2554
5990.739107131958,2534
5991.73641204834,2570
5992.733955383301,2510
5993.731260299683,2542
5994.728565216064,2534
5995.725631713867,2550
5996.723175048828,2578
5997.720241546631,2570
5998.718023300171,2526
5999.715328216553,2530
6000.712871551514,2526
6001.7101764678955,2510
6002.707719802856,2578
6003.70454788208,2546
6004.701614379883,2542
6005.699634552002,2524
6006.697177886963,2546
6007.693767547607,2510
6008.6915493011475,2574
6009.688377380371,2514
6010.685920715332,2506
6011.68417930603,2512
6012.681007385254,2486
6013.6778354644775,2546
6014.675140380859,2554
6015.67268371582,2548
6016.669988632202,2536
6017.666816711426,2538
6018.664360046387,2526
6019.661664962769,2574
6020.661115646362,2602
6021.656274795532,2558
6022.652864456177,2538
6023.651123046875,2522
6024.648427963257,2538
6025.645971298218,2554
6026.6430377960205,2582
6027.640819549561,2550
6028.6664962768555,2502
6029.634714126587,2542
6030.632495880127,2526
6031.630754470825,2570
6032.627105712891,2550
6033.625602722168,2546
6034.621238708496,2502
6035.618543624878,2490
6036.61584854126,2500
6037.615060806274,2522
6038.612365722656,2510
6039.6106243133545,2514
6040.606737136841,2514
6041.602373123169,2502
6042.601585388184,2510
6043.598413467407,2526
6044.594526290894,2554
6045.5920696258545,2572
6046.590566635132,2550
6047.586679458618,2522
6048.583745956421,2514
6049.581289291382,2528
6050.579071044922,2540
6051.577091217041,2574
6052.573680877686,2578
6053.570985794067,2546
6054.56805229187,2534
6055.564880371094,2586
6056.564092636108,2600
6057.560205459595,2578
6058.558702468872,2546
6059.5550537109375,2518
6060.55212020874,2504
6061.5785121917725,2512
6062.549352645874,2558
6063.544034957886,2522
6064.542770385742,2520
6065.567970275879,2490
6066.537618637085,2478
6067.5342082977295,2510
6068.53175163269,2518
6069.529294967651,2508
6070.526838302612,2490
6071.523427963257,2538
6072.520971298218,2522
6073.5182762146,2524
6074.515342712402,2542
6075.512647628784,2544
6076.510190963745,2540
6077.507972717285,2534
6078.50456237793,2542
6079.502820968628,2548
6080.499649047852,2572
6081.496238708496,2598
6082.493543624878,2586
6083.490610122681,2658
6084.4879150390625,2544
6085.485458374023,2534
6086.482763290405,2546
6087.480068206787,2554
6088.477611541748,2514
6089.475154876709,2476
6090.472936630249,2490
6091.469526290894,2502
6092.467784881592,2480
6093.46342086792,2538
6094.4623947143555,2538
6095.459699630737,2478
6096.457004547119,2498
6097.454071044922,2514
6098.4508991241455,2546
6099.448204040527,2522
6100.446701049805,2598
6101.443529129028,2520
6102.440118789673,2506
6103.438377380371,2544
6104.435443878174,2542
6105.432987213135,2556
6106.4300537109375,2598
6107.427597045898,2526
6108.424425125122,2524
6109.422445297241,2542
6110.434055328369,2574
6111.417055130005,2520
6112.414121627808,2554
6113.411426544189,2554
6114.408016204834,2542
6115.406274795532,2534
6116.403102874756,2526
6117.400646209717,2572
6118.398189544678,2518
6120.394706726074,2526
6120.394706726074,2518
6121.389627456665,2506
6122.386932373047,2578
6123.384714126587,2574
6125.378370285034,2550
6126.375913619995,2526
6126.375913619995,2554
6127.374172210693,2514
6129.368305206299,2534
6130.36584854126,2600
6130.36584854126,2536
6131.365537643433,2522
6132.360935211182,2554
6134.356737136841,2526
6134.356737136841,2510
6135.354042053223,2546
6136.350870132446,2538
6138.344526290894,2518
6138.344526290894,2486
6140.339136123657,2502
6141.3373947143555,2534
6141.3373947143555,2514
6143.332719802856,2512
6143.332719802856,2538
6145.327091217041,2502
6146.324872970581,2474
6146.324872970581,2482
6148.320198059082,2526
6148.320198059082,2538
6150.314092636108,2526
6150.314092636108,2480
6152.308225631714,2522
6153.306245803833,2550
6154.303073883057,2538
6155.300855636597,2550
6156.2981605529785,2550
6157.29546546936,2506
6158.292293548584,2490
6159.289598464966,2494
6160.285234451294,2498
6160.285234451294,2520
6162.282228469849,2542
6162.282228469849,2524
6164.275646209717,2486
6165.2727127075195,2538
6165.2727127075195,2520
6167.266368865967,2524
6168.264150619507,2556
6169.26121711731,2518
6170.259714126587,2506
6171.25678062439,2516
6172.2540855407715,2522
6173.251628875732,2572
6174.248456954956,2570
6175.246238708496,2554
6176.243305206299,2550
6177.24084854126,2514
6178.2379150390625,2538
6179.235219955444,2544
6180.232763290405,2538
6181.2310218811035,2544
6182.226181030273,2552
6183.223485946655,2578
6184.220552444458,2546
6185.219287872314,2554
6186.216354370117,2526
6187.213659286499,2526
6188.211441040039,2538
6189.208745956421,2526
6190.206289291382,2542
6191.203832626343,2578
6192.200660705566,2554
6193.197727203369,2558
6194.19527053833,2538
6195.192813873291,2538
6196.189880371094,2580
6197.186231613159,2580
6198.18377494812,2536
6199.180841445923,2550
6200.178384780884,2510
6201.175689697266,2554
6202.172756195068,2550
6203.17006111145,2574
6204.168796539307,2506
6205.166816711426,2520
6206.163644790649,2522
6207.161426544189,2514
6208.158016204834,2550
6209.153890609741,2582
6210.15191078186,2574
6211.149215698242,2506
6212.148666381836,2514
6213.144779205322,2502
6214.142322540283,2526
6215.139150619507,2532
6216.137409210205,2534
6217.134237289429,2514
6218.132019042969,2518
6219.129323959351,2514
6220.126390457153,2522
6221.124649047852,2546
6222.120761871338,2538
6223.118305206299,2544
6224.115371704102,2534
6225.113153457642,2544
6226.1106967926025,2520
6227.107286453247,2554
6228.105545043945,2526
6229.103088378906,2498
6230.099439620972,2516
6231.096029281616,2512
6232.095241546631,2538
6233.091831207275,2546
6234.089612960815,2522
6235.08620262146,2502
6236.084461212158,2538
6237.081289291382,2514
6238.078832626343,2520
6239.0758991241455,2522
6240.072011947632,2542
6241.070747375488,2504
6242.067813873291,2490
6243.065357208252,2526
6244.063138961792,2506
6245.060205459595,2516
6246.056318283081,2514
6247.052907943726,2506
6248.050212860107,2518
6249.047756195068,2510
6250.046253204346,2538
6251.0435581207275,2574
6252.04062461853,2586
6253.037929534912,2534
6254.034996032715,2536
6255.032539367676,2526
6256.030082702637,2570
6257.02691078186,2558
6258.025407791138,2554
6259.02247428894,2554
6260.020732879639,2508
6261.015892028809,2548
6262.014627456665,2554
6263.011932373047,2570
6264.00899887085,2578
6265.006542205811,2574
6266.0040855407715,2542
6267.000913619995,2574
6267.998933792114,2574
6268.996000289917,2558
6269.993543624878,2570
6270.99084854126,2534
6271.988153457642,2514
6272.985219955444,2502
6273.982286453247,2578
6274.980068206787,2570
6275.978088378906,2582
6276.975154876709,2602
6277.971506118774,2554
6278.969287872314,2578
6279.977083206177,2554
6280.963659286499,2586
6281.96120262146,2578
6282.958030700684,2598
6283.955812454224,2558
6284.953355789185,2542
6285.9508991241455,2574
6286.947727203369,2558
6287.945032119751,2552
6288.942813873291,2514
6289.94083404541,2474
6290.937662124634,2512
6291.934251785278,2526
6292.931795120239,2538
6293.929100036621,2522
6294.926643371582,2454
6295.924425125122,2514
6296.921253204346,2482
6297.9185581207275,2482
6298.91562461853,2514
6299.912452697754,2522
6300.910711288452,2508
6301.908016204834,2514
6302.904844284058,2514
6303.902626037598,2516
6304.900169372559,2534
6305.895566940308,2510
6306.892871856689,2514
6307.890176773071,2494
6308.887481689453,2504
6309.884786605835,2526
6310.882091522217,2518
6311.879396438599,2504
6312.8767013549805,2534
6313.874244689941,2502
6314.874172210693,2494
6315.868854522705,2490
6316.865921020508,2522
6317.863941192627,2518
6318.860769271851,2542
6319.858551025391,2502
6320.858716964722,2458
6321.881294250488,2454
6322.852849960327,2520
6323.875904083252,2504
6324.873208999634,2518
6325.84285736084,2486
6326.840162277222,2478
6327.837705612183,2480
6328.835248947144,2490
6329.831838607788,2542
6330.830097198486,2558
6331.82692527771,2542
6332.824230194092,2444
6333.821773529053,2534
6334.818601608276,2516
6335.816383361816,2526
6336.813688278198,2524
6337.811470031738,2534
6338.808536529541,2510
6339.804887771606,2502
6340.803146362305,2506
6341.8004512786865,2536
6342.797756195068,2550
6343.794822692871,2542
6344.791889190674,2542
6345.789670944214,2510
6346.786975860596,2526
6347.783327102661,2502
6348.7818241119385,2512
6349.778413772583,2486
6350.77691078186,2508
6351.773500442505,2494
6352.771759033203,2506
6353.768825531006,2542
6354.765892028809,2546
6355.763912200928,2520
6356.760740280151,2494
6357.758283615112,2520
6358.755826950073,2522
6359.752416610718,2518
6360.750675201416,2526
6361.74750328064,2506
6362.74528503418,2504
6363.7425899505615,2506
6364.739656448364,2524
6365.737676620483,2540
6366.734504699707,2546
6367.731809616089,2536
6368.72935295105,2478
6369.72713470459,2482
6370.724201202393,2500
6371.720790863037,2522
6372.7171421051025,2502
6373.71563911438,2514
6374.712944030762,2490
6375.710725784302,2482
6376.7077922821045,2506
6377.705097198486,2542
6378.713130950928,2536
6379.700660705566,2558
6380.69748878479,2510
6381.694316864014,2490
6382.691144943237,2502
6383.690357208252,2652
6384.68599319458,2540
6385.683536529541,2542
6386.680841445923,2518
6387.678146362305,2518
6388.6754512786865,2548
6389.673948287964,2546
6390.670537948608,2544
6391.667604446411,2550
6392.664432525635,2546
6393.662214279175,2498
6394.659757614136,2484
6395.656585693359,2486
6396.65412902832,2518
6397.650957107544,2514
6398.648738861084,2524
6399.646759033203,2506
6400.644063949585,2490
6401.641130447388,2490
6402.63819694519,2506
6403.635501861572,2498
6404.633045196533,2526
6405.630588531494,2520
6406.627416610718,2474
6407.624959945679,2470
6408.62250328064,2510
6409.620046615601,2544
6410.6175899505615,2508
6411.613941192627,2526
6412.611484527588,2522
6413.60878944397,2534
6414.605617523193,2570
6415.603160858154,2580
6416.600465774536,2582
6417.599678039551,2570
6418.595314025879,2544
6419.593095779419,2522
6420.590400695801,2542
6421.587705612183,2558
6422.584772109985,2486
6423.5827922821045,2524
6424.579381942749,2536
6425.577163696289,2554
6426.574468612671,2574
6427.571773529053,2598
6428.569316864014,2552
6429.5666217803955,2522
6430.563449859619,2506
6431.560754776001,2514
6432.558059692383,2522
6433.555603027344,2534
6434.553146362305,2522
6435.550212860107,2558
6436.547517776489,2526
6437.544822692871,2538
6438.542604446411,2526
6439.540386199951,2554
6440.537452697754,2574
6441.534042358398,2550
6442.531108856201,2506
6443.528890609741,2518
6444.526433944702,2544
6445.523023605347,2534
6446.51985168457,2544
6447.517395019531,2522
6448.514699935913,2508
6449.512720108032,2546
6450.509786605835,2532
6451.506853103638,2546
6452.5041580200195,2554
6453.501224517822,2542
6454.498767852783,2510
6455.510139465332,2576
6456.493616104126,2550
6457.491397857666,2542
6458.488702774048,2518
6459.486722946167,2522
6460.492372512817,2522
6461.479425430298,2514
6462.47673034668,2524
6463.4740352630615,2542
6464.47491645813,2552
6465.468645095825,2542
6466.465950012207,2510
6467.463254928589,2494
6468.46079826355,2506
6469.458341598511,2544
6470.4554080963135,2526
6471.452474594116,2484
6472.450017929077,2504
6473.447322845459,2518
6474.444627761841,2542
6475.442171096802,2550
6476.440906524658,2500
6477.465867996216,2506
6478.435277938843,2554
6479.460954666138,2538
6480.429887771606,2542
6481.427192687988,2534
6482.424259185791,2534
6483.421802520752,2506
6484.419345855713,2522
6485.416889190674,2512
6486.414194107056,2532
6487.4114990234375,2542
6488.408803939819,2534
6489.406585693359,2490
6490.403652191162,2498
6491.400957107544,2504
6492.398023605347,2532
6493.395566940308,2522
6494.392395019531,2540
6495.389938354492,2516
6496.387481689453,2478
6497.384548187256,2514
6498.382091522217,2512
6499.379634857178,2554
6500.3767013549805,2534
6501.373767852783,2510
6502.371311187744,2526
6503.368854522705,2526
6504.366397857666,2554
6505.363464355469,2550
6506.36100769043,2542
6507.357835769653,2538
6508.354902267456,2506
6509.352684020996,2520
6510.350227355957,2598
6511.347532272339,2552
6512.3443603515625,2534
6513.3421421051025,2522
6514.349699020386,2486
6515.336751937866,2476
6516.333818435669,2522
6517.330884933472,2512
6519.326448440552,2510
6520.3235149383545,2514
6520.3235149383545,2514
6521.320343017578,2538
6523.314476013184,2574
6523.314476013184,2520
6525.309324264526,2518
6526.306629180908,2572
6527.30393409729,2524
6528.301239013672,2502
6529.298782348633,2542
6530.295610427856,2568
6530.295610427856,2554
6532.290697097778,2518
6533.28800201416,2510
6534.285306930542,2536
6535.282611846924,2546
6536.279916763306,2570
6537.276983261108,2560
6538.275241851807,2526
6539.272785186768,2520
6540.269613265991,2522
6541.267156600952,2546
6541.267156600952,2516
6543.261766433716,2538
6544.259309768677,2546
6545.256614685059,2522
6546.253681182861,2518
6547.250986099243,2554
6548.248529434204,2584
6549.245834350586,2558
6550.244092941284,2534
6551.239728927612,2512
6552.237749099731,2518
6553.235054016113,2558
6554.231643676758,2546
6555.229425430298,2554
6556.2262535095215,2520
6557.22451210022,2534
6558.220386505127,2538
6559.2286586761475,2540
6560.217380523682,2554
6561.214447021484,2554
6562.211513519287,2518
6563.20858001709,2486
6564.205646514893,2526
6565.203666687012,2534
6566.200494766235,2574
6567.197799682617,2540
6568.197011947632,2502
6569.19264793396,2514
6570.203542709351,2524
6571.186304092407,2524
6572.1845626831055,2530
6573.180913925171,2570
6574.177980422974,2554
6575.175046920776,2482
6576.172113418579,2520
6577.169895172119,2514
6578.167200088501,2546
6579.164266586304,2538
6580.162048339844,2558
6581.159353256226,2538
6582.156419754028,2518
6583.18305015564,2538
6584.180116653442,2534
6585.177659988403,2538
6586.175441741943,2544
6587.144613265991,2514
6588.142156600952,2494
6589.1382694244385,2514
6590.135812759399,2544
6591.183423995972,2574
6592.159032821655,2586
6593.127250671387,2542
6594.154119491577,2532
6595.150470733643,2520
6596.152305603027,2550
6597.116231918335,2458
6598.116397857666,2526
6599.111795425415,2514
6600.11100769043,2528
6601.112127304077,2510
6602.104187011719,2550
6603.101491928101,2550
6604.098796844482,2556
6605.095863342285,2554
6606.093883514404,2534
6607.089519500732,2526
6608.086824417114,2550
6609.085321426392,2554
6610.083818435669,2526
6611.0804080963135,2556
6612.077474594116,2538
6613.075256347656,2542
6614.072322845459,2550
6615.083932876587,2542
6616.066694259644,2570
6617.063999176025,2554
6618.061542510986,2558
6619.058847427368,2546
6620.056629180908,2546
6621.053695678711,2546
6622.050762176514,2554
6623.048305511475,2522
6624.045133590698,2534
6625.042915344238,2500
6626.039981842041,2526
6627.037286758423,2574
6628.034830093384,2546
6629.032135009766,2554
6630.029916763306,2578
6631.027698516846,2576
6632.024049758911,2574
6633.021593093872,2606
6634.018659591675,2606
6635.016202926636,2584
6636.013507843018,2548
6637.01057434082,2574
6638.008117675781,2542
6639.005422592163,2550
6640.002250671387,2548
6641.000509262085,2582
6641.997814178467,2542
6642.9948806762695,2542
6643.991947174072,2524
6644.989252090454,2546
6645.987272262573,2518
6646.984100341797,2514
6647.981882095337,2492
6648.97894859314,2472
6649.975538253784,2460
6650.973796844482,2514
6651.971340179443,2478
6652.968168258667,2488
6655.959367752075,2454
6655.959367752075,2502
6655.959367752075,2498
6656.959533691406,2534
6657.9554080963135,2518
6658.9531898498535,2538
6659.950733184814,2548
6660.947799682617,2516
6661.944627761841,2542
6662.946462631226,2526
6663.9392375946045,2582
6664.9370193481445,2574
6665.934085845947,2578
6666.931390762329,2574
6667.928695678711,2534
6668.926000595093,2546
6669.924020767212,2518
6670.920848846436,2544
6671.917915344238,2498
6672.914266586304,2538
6675.9068965911865,2546
6675.9068965911865,2578
6675.9068965911865,2570
6676.905155181885,2554
6677.929639816284,2506
6678.926944732666,2508
6679.924964904785,2524
6680.922031402588,2518
6681.891202926636,2522
6682.888031005859,2534
6683.885097503662,2526
6684.882879257202,2550
6685.880184173584,2542
6686.877250671387,2538
6687.874794006348,2550
6688.872337341309,2550
6689.869165420532,2542
6690.8674240112305,2570
6691.870927810669,2518
6692.861318588257,2522
6693.859338760376,2584
6694.856405258179,2558
6695.853233337402,2566
6696.849822998047,2526
6697.84688949585,2550
6698.844432830811,2526
6699.8419761657715,2522
6700.839281082153,2542
6701.836347579956,2586
6702.833890914917,2574
6703.83095741272,2550
6704.828262329102,2538
6705.854177474976,2542
6706.851482391357,2550
6707.848310470581,2558
6708.8189125061035,2558
6709.815979003906,2534
6710.813760757446,2538
6711.810350418091,2582
6712.807893753052,2552
6713.805198669434,2542
6714.802980422974,2524
6715.800046920776,2510
6716.797113418579,2522
6717.794418334961,2510
6718.791723251343,2506
6719.7887897491455,2502
6720.786809921265,2504
6721.783876419067,2518
6722.781419754028,2514
6723.77872467041,2518
6724.775791168213,2522
6725.773096084595,2534
6726.770639419556,2506
6727.767705917358,2506
6728.76501083374,2512
6729.761838912964,2522
6730.760335922241,2582
6731.757164001465,2548
6732.754468917847,2538
6733.752012252808,2570
6734.74907875061,2542
6735.74686050415,2542
6736.744403839111,2574
6737.741470336914,2574
6738.738775253296,2548
6739.736795425415,2570
6740.733861923218,2602
6741.7311668396,2608
6742.728233337402,2590
6743.725776672363,2576
6744.723081588745,2586
6745.720148086548,2582
6746.717929840088,2542
6747.715711593628,2550
6748.7123012542725,2570
6749.7100830078125,2538
6750.707387924194,2534
6751.75929069519,2540
6752.7289390563965,2544
6753.726482391357,2554
6754.723310470581,2596
6755.693197250366,2558
6756.690502166748,2606
6757.688045501709,2556
6758.685111999512,2546
6759.682655334473,2568
6760.679721832275,2550
6761.677503585815,2554
6762.674570083618,2522
6763.671636581421,2510
6764.669418334961,2498
6765.666484832764,2518
6766.6637897491455,2510
6767.661094665527,2534
6768.658399581909,2520
6769.656181335449,2528
6770.653247833252,2510
6771.650552749634,2558
6772.655487060547,2546
6773.6451625823975,2542
6774.6422290802,2558
6775.639772415161,2558
6776.637077331543,2538
6777.634382247925,2538
6778.631925582886,2514
6779.628753662109,2538
6780.6267738342285,2520
6781.62407875061,2504
6782.622337341309,2536
6783.618450164795,2524
6784.615516662598,2534
6785.613298416138,2526
6786.61036491394,2486
6787.607669830322,2482
6788.604974746704,2488
6789.6130084991455,2486
6790.600299835205,2494
6791.597127914429,2522
6792.594432830811,2598
6793.591737747192,2514
6794.589042663574,2534
6795.586347579956,2514
6796.583890914917,2502
6797.581195831299,2506
6798.578500747681,2542
6799.5765209198,2510
6800.573348999023,2522
6801.570415496826,2522
6802.567720413208,2542
6803.56502532959,2570
6804.562568664551,2576
6805.5596351623535,2578
6806.557416915894,2548
6807.554483413696,2542
6808.551788330078,2544
6809.549808502197,2542
6810.546636581421,2554
6811.543941497803,2570
6812.5410079956055,2578
6813.538551330566,2526
6814.536333084106,2570
6815.53316116333,2584
6816.530227661133,2572
6817.527770996094,2534
6818.525075912476,2526
6819.5226192474365,2526
6820.519924163818,2586
6821.5172290802,2574
6822.514295578003,2530
6823.512077331543,2550
6824.509143829346,2550
6825.5064487457275,2552
6826.503753662109,2554
6827.502250671387,2596
6828.498601913452,2552
6829.496145248413,2594
6830.493450164795,2602
6831.490516662598,2574
6832.4875831604,2586
6833.484888076782,2546
6834.482431411743,2542
6835.479736328125,2538
6836.477041244507,2578
6837.474346160889,2558
6838.4716510772705,2574
6839.46967124939,2558
6840.466499328613,2538
6843.457937240601,2510
6843.457937240601,2510
6843.457937240601,2506
6844.526767730713,2514
6845.515251159668,2514
6846.8177318573,2522
6847.817659378052,2490
6848.8147258758545,2470
6849.811553955078,2538
6850.809335708618,2542
6851.806402206421,2522
6852.803468704224,2516
6853.8007736206055,2526
6854.798316955566,2526
6855.795621871948,2570
6856.793165206909,2542
6857.790470123291,2556
6858.787775039673,2558
6859.785556793213,2570
6860.7823848724365,2586
6861.779689788818,2590
6862.776756286621,2582
6863.774299621582,2602
6864.772081375122,2580
6865.768909454346,2598
6866.7662143707275,2574
6867.763519287109,2558
6868.7615394592285,2570
6869.759082794189,2538
6870.755672454834,2576
6871.753215789795,2608
6872.750997543335,2582
6873.7475872039795,2598
6874.744653701782,2602
6875.742435455322,2638
6876.739501953125,2630
6877.736806869507,2614
6878.734350204468,2614
6879.731178283691,2542
6880.729198455811,2552
6881.726264953613,2534
6882.723808288574,2542
6883.720874786377,2528
6884.718179702759,2528
6885.71572303772,2520
6886.713027954102,2546
6887.710332870483,2526
6888.707399368286,2526
6889.705657958984,2534
6890.702486038208,2518
6891.699552536011,2492
6892.697095870972,2466
6893.6944007873535,2518
6894.691705703735,2538
6895.688772201538,2502
6896.686315536499,2506
6897.6898193359375,2514
6898.680925369263,2486
6899.677753448486,2508
6900.6757736206055,2512
6901.672840118408,2500
6902.67014503479,2510
6903.667688369751,2494
6904.665231704712,2490
6905.662298202515,2522
6906.659841537476,2520
6907.657146453857,2484
6908.65421295166,2486
6909.652471542358,2508
6910.649061203003,2512
6911.646366119385,2502
6912.6434326171875,2528
6913.640975952148,2522
6914.6387577056885,2542
6915.635824203491,2536
6916.632652282715,2572
6917.630434036255,2570
6918.627738952637,2614
6919.624328613281,2612
6920.621633529663,2630
6921.619415283203,2602
6922.616481781006,2574
6923.6133098602295,2544
6924.610614776611,2550
6925.608158111572,2554
6926.605463027954,2510
6927.602767944336,2470
6928.600072860718,2486
6929.597616195679,2468
6930.594682693481,2516
6931.591987609863,2514
6932.589292526245,2506
6933.586835861206,2490
6934.583902359009,2470
6935.581684112549,2494
6936.578750610352,2486
6937.576055526733,2506
6938.573360443115,2498
6939.570903778076,2482
6940.568208694458,2480
6941.565275192261,2482
6942.562818527222,2518
6943.5601234436035,2558
6944.557189941406,2540
6945.554733276367,2514
6946.552038192749,2546
6947.549343109131,2512
6948.546648025513,2518
6949.544429779053,2550
6950.5414962768555,2576
6951.54070854187,2554
6952.538251876831,2534
6953.535079956055,2500
6954.532861709595,2534
6955.5299282073975,2550
6956.527471542358,2538
6957.524299621582,2526
6958.521842956543,2506
6959.519624710083,2490
6960.516691207886,2526
6961.513996124268,2506
6962.5372886657715,2550
6963.53554725647,2538
6964.505195617676,2518
6965.529918670654,2534
6966.500282287598,2540
6967.4973487854,2578
6968.494653701782,2572
6969.492673873901,2582
6970.489501953125,2538
6971.486568450928,2538
6972.484350204468,2518
6973.48165512085,2578
6974.478721618652,2546
6975.476026535034,2544
6976.473569869995,2486
6977.470874786377,2522
6978.468179702759,2506
6979.46572303772,2526
6980.4627895355225,2542
6981.459856033325,2550
6982.457160949707,2502
6983.454704284668,2502
6984.45200920105,2520
6985.4490756988525,2514
6986.446857452393,2522
6987.443923950195,2534
6989.438772201538,2490
6989.438772201538,2462
6990.437269210815,2472
6991.433143615723,2526
6992.430210113525,2542
6993.427515029907,2502
6994.425058364868,2522
6995.422124862671,2526
6996.419429779053,2504
6997.417211532593,2538
6998.4142780303955,2518
6999.411582946777,2522
7000.408411026001,2526
7001.40643119812,2506
7002.403497695923,2482
7003.400802612305,2526
7004.398345947266,2516
7005.3956508636475,2526
7006.392955780029,2502
7007.390260696411,2494
7008.387565612793,2462
7009.385585784912,2490
7010.382175445557,2552
7011.379718780518,2536
7012.37678527832,2510
7013.374328613281,2514
7014.387130737305,2514
7015.368938446045,2542
7016.366243362427,2544
7017.3633098602295,2578
7018.360614776611,2542
7019.358396530151,2516
7020.356178283691,2538
7021.352767944336,2576
7022.350311279297,2622
7023.347616195679,2570
7024.344682693481,2546
7025.3424644470215,2542
7026.339530944824,2556
7027.336835861206,2518
7028.334140777588,2558
7029.331684112549,2510
7030.329465866089,2510
7031.3262939453125,2504
7032.323598861694,2488
7033.320903778076,2510
7034.318208694458,2514
7035.31551361084,2486
7036.312818527222,2480
7037.310361862183,2462
7039.305210113525,2502
7040.302515029907,2520
7040.302515029907,2534
7041.29958152771,2542
7043.294429779053,2574
7043.294429779053,2554
7044.2914962768555,2614
7046.286821365356,2638
7047.28364944458,2586
7048.280954360962,2598
7049.278974533081,2598
7050.276041030884,2590
7051.2731075286865,2612
7052.270174026489,2582
7053.267240524292,2616
7054.264783859253,2622
7055.262088775635,2602
7056.259632110596,2582
7057.2569370269775,2580
7058.2544803619385,2584
7059.25178527832,2578
7060.249090194702,2540
7061.246395111084,2502
7062.243461608887,2506
7063.240766525269,2498
7064.2383098602295,2470
7065.235614776611,2502
7066.232681274414,2492
7067.230224609375,2482
7068.227529525757,2478
7069.225788116455,2490
7070.221424102783,2502
7071.218490600586,2582
7072.216033935547,2542
7073.214292526245,2574
7074.211597442627,2574
7075.208902359009,2542
7076.206207275391,2550
7077.2035121917725,2552
7078.200817108154,2604
7079.198360443115,2616
7080.195903778076,2602
7081.193208694458,2578
7082.190275192261,2614
7083.187580108643,2602
7084.184646606445,2596
7085.182428359985,2590
7086.179494857788,2558
7087.17679977417,2542
7088.174343109131,2506
7089.170932769775,2482
7090.168237686157,2510
7091.16530418396,2488
7092.163562774658,2462
7093.16086769104,2458
7094.158172607422,2458
7095.155239105225,2446
7096.152782440186,2452
7097.150087356567,2486
7098.147630691528,2490
7099.14493560791,2446
7100.14271736145,2426
7101.139545440674,2458
7102.136850357056,2476
7103.134393692017,2486
7104.131460189819,2514
7105.1294803619385,2550
7106.12678527832,2548
7107.123374938965,2570
7108.120679855347,2590
7109.118461608887,2610
7110.11528968811,2622
7111.112833023071,2644
7112.109899520874,2638
7113.107681274414,2622
7114.104747772217,2638
7115.102291107178,2638
7116.09959602356,2650
7117.096900939941,2666
7118.094205856323,2622
7119.091510772705,2622
7120.08810043335,2612
7121.087074279785,2570
7122.083902359009,2582
7123.081207275391,2514
7124.078273773193,2518
7125.075578689575,2462
7126.072645187378,2488
7127.070426940918,2430
7128.067493438721,2478
7129.0647983551025,2430
7130.063056945801,2422
7131.059885025024,2414
7132.056713104248,2462
7133.05401802063,2500
7134.051561355591,2522
7135.048866271973,2508
7136.046648025513,2462
7137.043714523315,2506
7138.040781021118,2490
7139.0380859375,2538
7140.036344528198,2546
7141.032934188843,2550
7142.030239105225,2506
7143.027544021606,2418
7144.024848937988,2492
7145.02215385437,2486
7146.019458770752,2490
7147.016763687134,2430
7148.014783859253,2406
7149.011611938477,2382
7150.009870529175,2412
7151.005506515503,2454
7152.003765106201,2450
7153.000831604004,2480
7153.997898101807,2486
7154.995441436768,2486
7155.993461608887,2538
7156.99028968811,2550
7157.98807144165,2550
7158.984899520874,2550
7159.982681274414,2574
7160.979270935059,2558
7161.9768142700195,2554
7162.9743576049805,2550
7163.971424102783,2570
7164.969205856323,2554
7165.966033935547,2548
7166.963815689087,2542
7167.960643768311,2518
7168.9581871032715,2538
7169.955015182495,2542
7170.953035354614,2506
7171.950340270996,2486
7172.947883605957,2454
7173.944711685181,2470
7174.9420166015625,2506
7175.939559936523,2522
7176.936864852905,2506
7177.933931350708,2502
7178.931713104248,2526
7179.928302764893,2518
7180.926561355591,2542
7181.924104690552,2538
7182.921648025513,2542
7183.928966522217,2520
7184.915542602539,2482
7185.912847518921,2540
7186.910152435303,2524
7187.907457351685,2544
7188.9073848724365,2542
7189.901828765869,2510
7190.899848937988,2526
7191.896915435791,2516
7192.894220352173,2546
7193.891525268555,2552
7194.8888301849365,2550
7195.886135101318,2502
7196.8834400177,2502
7197.8960037231445,2518
7198.878526687622,2534
7199.876308441162,2558
7200.873136520386,2578
7201.870679855347,2578
7202.868223190308,2578
7203.865528106689,2586
7204.862833023071,2610
7205.859899520874,2594
7206.857442855835,2614
7207.854747772217,2606
7208.852052688599,2558
7209.849834442139,2550
7210.846900939941,2574
7211.843967437744,2586
7212.854862213135,2608
7213.837385177612,2616
7214.834690093994,2578
7215.831995010376,2578
7216.829299926758,2630
7217.82660484314,2596
7218.8239097595215,2588
7219.821214675903,2558
7220.818519592285,2546
7221.816062927246,2574
7222.814321517944,2576
7223.81067276001,2574
7224.8077392578125,2582
7225.805282592773,2542
7226.802587509155,2578
7227.800130844116,2542
7228.79958152771,2590
7229.797124862671,2578
7230.794191360474,2598
7231.7914962768555,2546
7232.788324356079,2554
7233.786106109619,2572
7234.783172607422,2586
7235.780477523804,2602
7236.778020858765,2572
7237.7753257751465,2542
7238.772630691528,2490
7239.769697189331,2462
7240.767240524292,2366
7241.764545440674,2394
7242.761611938477,2384
7243.758916854858,2354
7244.7829246521,2352
7245.780229568481,2378
7246.783018112183,2386
7247.748851776123,2448
7248.744964599609,2482
7249.74250793457,2542
7250.739574432373,2472
7251.736640930176,2480
7252.734184265137,2476
7253.731489181519,2506
7254.7287940979,2526
7255.726337432861,2536
7256.723642349243,2526
7257.720708847046,2500
7258.718252182007,2526
7259.715795516968,2578
7260.7128620147705,2598
7261.710166931152,2576
7262.707710266113,2582
7263.704776763916,2544
7264.702081680298,2546
7265.700101852417,2554
7266.696929931641,2570
7267.6942348480225,2574
7268.691539764404,2576
7269.689321517944,2538
7270.686388015747,2548
7271.683692932129,2542
7272.686719894409,2582
7273.678302764893,2586
7274.675607681274,2552
7275.672912597656,2520
7276.670217514038,2534
7277.66752243042,2502
7278.664827346802,2546
7279.662609100342,2542
7280.6596755981445,2514
7281.656980514526,2542
7282.654047012329,2526
7283.65159034729,2526
7284.648895263672,2550
7285.646200180054,2546
7286.643266677856,2518
7287.640810012817,2542
7288.638353347778,2522
7289.634704589844,2544
7290.6317710876465,2534
7291.629314422607,2538
7292.626619338989,2524
7293.623924255371,2520
7294.621229171753,2520
7295.618772506714,2534
7296.615839004517,2572
7297.62601852417,2578
7298.6109256744385,2550
7299.607992172241,2550
7300.605297088623,2578
7301.602602005005,2550
7302.599906921387,2596
7303.597211837769,2586
7304.596424102783,2602
7305.593490600586,2610
7306.590795516968,2570
7307.58810043335,2578
7308.585405349731,2578
7309.582948684692,2590
7310.580015182495,2638
7311.577558517456,2586
7312.574625015259,2576
7313.571929931641,2574
7314.569711685181,2606
7315.566778182983,2602
7316.564083099365,2618
7317.561149597168,2606
7318.558692932129,2582
7319.556474685669,2622
7320.553541183472,2614
7321.5508460998535,2608
7322.548151016235,2618
7323.545455932617,2602
7324.54252243042,2598
7325.54030418396,2602
7326.537370681763,2598
7327.5346755981445,2614
7328.5322189331055,2610
7329.529762268066,2582
7330.52659034729,2602
7331.524133682251,2638
7332.521438598633,2606
7333.518743515015,2590
7334.5160484313965,2578
7335.541486740112,2574
7336.537837982178,2582
7337.5349044799805,2586
7338.504791259766,2534
7339.502573013306,2558
7340.499639511108,2542
7341.49694442749,2526
7342.494010925293,2514
7343.491554260254,2534
7344.488859176636,2512
7345.486164093018,2510
7346.483469009399,2490
7347.480773925781,2484
7348.478078842163,2448
7349.474668502808,2446
7350.472927093506,2474
7351.470232009888,2430
7352.46729850769,2458
7353.464841842651,2470
7354.462146759033,2474
7355.459451675415,2470
7356.472015380859,2430
7357.454299926758,2454
7358.45160484314,2462
7359.448671340942,2470
7360.446929931641,2422
7361.443519592285,2430
7362.440824508667,2458
7363.438129425049,2468
7364.436149597168,2502
7365.432977676392,2526
7366.430282592773,2522
7367.427110671997,2542
7368.424892425537,2550
7369.422674179077,2582
7370.419263839722,2598
7371.416807174683,2606
7372.414350509644,2590
7373.411417007446,2544
7374.408960342407,2582
7375.40602684021,2574
7376.403570175171,2574
7377.400636672974,2576
7378.398418426514,2582
7379.395246505737,2572
7380.393743515015,2546
7381.390333175659,2572
7382.387399673462,2546
7383.384704589844,2556
7384.382009506226,2542
7385.379314422607,2550
7386.376857757568,2540
7387.37416267395,2538
7388.371706008911,2502
7390.366554260254,2526
7390.366554260254,2542
7391.3633823394775,2538
7392.3609256744385,2518
7393.357992172241,2542
7394.355297088623,2552
7395.352840423584,2544
7396.350145339966,2526
7397.347211837769,2542
7398.3447551727295,2528
7399.342060089111,2544
7400.3400802612305,2518
7401.336669921875,2544
7402.334213256836,2542
7403.331518173218,2546
7404.3288230896,2550
7405.326128005981,2542
7406.323671340942,2542
7407.320737838745,2538
7408.318042755127,2538
7409.315586090088,2510
7410.313129425049,2534
7411.310195922852,2526
7412.307262420654,2554
7414.301633834839,2550
7414.301633834839,2582
7415.299415588379,2542
7416.296720504761,2526
7417.294263839722,2524
7419.288635253906,2512
7420.286417007446,2526
7421.283483505249,2522
7422.280788421631,2502
7423.278331756592,2510
7424.2753982543945,2482
7425.272703170776,2508
7426.270008087158,2478
7427.26731300354,2514
7428.264856338501,2512
7429.262161254883,2482
7430.259943008423,2492
7431.2567710876465,2508
7432.254076004028,2518
7433.25138092041,2520
7434.248924255371,2542
7435.245990753174,2526
7436.243295669556,2524
7437.240839004517,2586
7438.238143920898,2606
7439.23544883728,2588
7440.232276916504,2618
7441.230773925781,2614
7442.2266483306885,2586
7443.224668502808,2558
7444.221258163452,2550
7445.2197551727295,2542
7446.216821670532,2510
7447.214126586914,2514
7448.211669921875,2506
7449.209213256836,2490
7450.20604133606,2546
7451.2035846710205,2580
7452.200889587402,2590
7453.198194503784,2574
7454.195261001587,2588
7455.192804336548,2598
7456.190347671509,2630
7457.1874141693115,2610
7458.1849575042725,2630
7459.182262420654,2580
7460.178852081299,2594
7461.175918579102,2556
7462.172985076904,2614
7463.170528411865,2604
7464.167833328247,2554
7465.166330337524,2584
7466.163396835327,2578
7467.160701751709,2552
7468.15824508667,2578
7469.155311584473,2550
7470.153093338013,2576
7471.150159835815,2542
7472.147464752197,2510
7473.145246505737,2542
7474.14231300354,2504
7475.139379501343,2518
7476.136684417725,2510
7477.134227752686,2494
7478.131532669067,2502
7479.128837585449,2476
7480.126619338989,2518
7481.123924255371,2506
7482.120752334595,2512
7483.118295669556,2608
7484.115362167358,2492
7485.11266708374,2482
7486.110210418701,2514
7487.107276916504,2538
7488.104820251465,2554
7489.102125167847,2546
7490.099906921387,2574
7491.09673500061,2574
7492.094039916992,2570
7493.091344833374,2582
7494.088888168335,2574
7495.085954666138,2554
7496.0832595825195,2582
7497.0808029174805,2558
7498.078346252441,2572
7499.075412750244,2526
7500.073432922363,2504
7501.070261001587,2490
7502.067565917969,2500
7503.0646324157715,2494
7504.061937332153,2482
7505.059480667114,2478
7506.057024002075,2510
7507.054090499878,2514
7508.051633834839,2514
7509.048700332642,2526
7510.046720504761,2516
7511.043548583984,2550
7512.040853500366,2578
7513.037919998169,2582
7514.03546333313,2574
7515.032768249512,2554
7516.030073165894,2538
7517.027139663696,2526
7518.024921417236,2550
7519.021987915039,2576
7520.021200180054,2522
7521.017074584961,2532
7522.014141082764,2542
7523.011922836304,2538
7524.008750915527,2586
7525.006055831909,2574
7526.003360748291,2570
7527.000665664673,2554
7527.998208999634,2550
7528.995513916016,2546
7529.993534088135,2578
7530.991315841675,2524
7531.987428665161,2494
7532.984733581543,2506
7533.982276916504,2494
7534.979343414307,2520
7535.9766483306885,2546
7536.974191665649,2590
7537.971258163452,2554
7538.968801498413,2522
7539.966583251953,2486
7540.963411331177,2474
7541.960954666138,2408
7542.95802116394,2322
7543.955326080322,2312
7544.952630996704,2320
7545.950174331665,2326
7546.947479248047,2386
7547.944784164429,2424
7548.942089080811,2506
7549.9396324157715,2538
7550.936698913574,2598
7551.934480667114,2616
7552.931547164917,2702
7553.928852081299,2640
7554.925918579102,2650
7555.922746658325,2638
7556.920766830444,2642
7557.918071746826,2614
7558.915138244629,2578
7559.912919998169,2574
7560.922384262085,2538
7561.91086769104,2534
7562.904834747314,2518
7563.902139663696,2534
7564.899921417236,2538
7565.89674949646,2510
7566.89453125,2510
7567.891359329224,2520
7568.8886642456055,2512
7569.8864459991455,2534
7570.883512496948,2526
7571.88081741333,2542
7572.878837585449,2510
7573.875427246094,2522
7574.872732162476,2506
7575.870037078857,2478
7576.867341995239,2478
7577.8648853302,2486
7578.861951828003,2516
7579.859972000122,2534
7580.856800079346,2494
7581.8541049957275,2482
7582.85117149353,2510
7583.84895324707,2502
7584.846019744873,2526
7585.843324661255,2526
7586.840629577637,2510
7587.838172912598,2510
7588.8352394104,2514
7589.832305908203,2554
7590.830564498901,2542
7591.827392578125,2578
7592.824697494507,2554
7593.822002410889,2540
7594.8193073272705,2524
7595.816850662231,2498
7596.813917160034,2544
7597.812175750732,2522
7598.808765411377,2526
7599.805593490601,2514
7600.803852081299,2510
7601.800918579102,2490
7602.797985076904,2526
7603.795289993286,2542
7604.792833328247,2526
7605.790138244629,2540
7606.787443161011,2524
7607.784748077393,2514
7608.782052993774,2522
7609.780550003052,2550
7610.776901245117,2542
7611.774206161499,2550
7612.771272659302,2526
7613.7683391571045,2522
7614.765882492065,2534
7615.763187408447,2550
7616.76025390625,2558
7617.757558822632,2550
7618.754863739014,2544
7619.752407073975,2538
7620.750188827515,2550
7621.746778488159,2594
7622.746706008911,2604
7623.741388320923,2572
7624.738693237305,2558
7625.7665157318115,2542
7626.761436462402,2574
7627.758026123047,2602
7628.755331039429,2614
7629.726409912109,2588
7630.723476409912,2606
7631.721019744873,2598
7632.718086242676,2598
7633.715391159058,2550
7634.712696075439,2556
7635.710000991821,2552
7636.707305908203,2512
7637.704849243164,2482
7638.702154159546,2514
7639.700174331665,2502
7640.69676399231,2516
7641.694068908691,2522
7642.691373825073,2490
7643.688917160034,2514
7644.685983657837,2526
7645.683526992798,2574
7646.68083190918,2576
7647.681713104248,2558
7648.675441741943,2522
7649.673223495483,2538
7650.670289993286,2540
7651.667594909668,2544
7652.664661407471,2540
7653.6619663238525,2526
7654.6595096588135,2508
7655.656576156616,2516
7656.654119491577,2502
7657.651662826538,2510
7658.648490905762,2520
7659.645318984985,2506
7660.642623901367,2510
7661.6411209106445,2506
7662.6386642456055,2514
7663.635969161987,2504
7664.633274078369,2514
7665.630578994751,2520
7666.627883911133,2542
7667.625188827515,2526
7668.6224937438965,2510
7669.6202754974365,2546
7670.617341995239,2574
7671.614646911621,2526
7672.634601593018,2586
7673.609256744385,2544
7674.606800079346,2550
7675.603866577148,2558
7676.60117149353,2582
7677.598714828491,2582
7678.596019744873,2570
7679.593563079834,2554
7680.590629577637,2558
7681.588411331177,2572
7682.586193084717,2550
7683.583736419678,2550
7684.5808029174805,2534
7685.577630996704,2522
7686.574697494507,2538
7687.572240829468,2540
7688.569784164429,2574
7689.567804336548,2570
7690.564155578613,2548
7691.561698913574,2534
7692.558765411377,2524
7693.556070327759,2502
7694.55361366272,2486
7695.550918579102,2502
7696.547985076904,2502
7697.545289993286,2480
7698.542833328247,2482
7699.540138244629,2522
7700.537204742432,2570
7701.5345096588135,2534
7702.531814575195,2522
7703.559398651123,2526
7704.552888870239,2516
7705.551624298096,2558
7706.520795822144,2518
7707.518100738525,2526
7708.515167236328,2586
7709.513187408447,2584
7710.51025390625,2586
7711.507320404053,2582
7712.504625320435,2602
7713.501930236816,2586
7714.499711990356,2526
7715.49654006958,2550
7716.494083404541,2542
7717.491388320923,2550
7718.488454818726,2542
7719.486474990845,2522
7720.4835414886475,2456
7721.480846405029,2494
7722.477912902832,2474
7723.475456237793,2458
7724.472761154175,2470
7725.4698276519775,2486
7726.467132568359,2502
7727.464914321899,2514
7728.461980819702,2550
7729.459524154663,2586
7730.456829071045,2638
7731.454133987427,2650
7732.4512004852295,2670
7733.44874382019,2654
7734.446048736572,2638
7735.443592071533,2602
7736.440420150757,2608
7737.438201904297,2572
7738.4352684021,2510
7739.432811737061,2472
7740.43083190918,2454
7741.427421569824,2486
7742.424488067627,2474
7743.422031402588,2522
7744.41933631897,2526
7745.416641235352,2522
7746.413946151733,2526
7747.411251068115,2524
7748.408794403076,2538
7749.418020248413,2590
7750.403881072998,2630
7751.400947570801,2608
7752.3980140686035,2606
7753.395318984985,2610
7754.392385482788,2640
7756.38747215271,2650
7756.38747215271,2606
7757.384777069092,2602
7758.382081985474,2554
7759.3793869018555,2548
7760.377407073975,2522
7761.373996734619,2486
7762.371301651001,2490
7763.368844985962,2452
7764.366865158081,2458
7765.364408493042,2482
7766.361713409424,2504
7767.358064651489,2544
7768.355846405029,2590
7769.35338973999,2608
7770.350694656372,2594
7771.347761154175,2582
7772.345066070557,2546
7774.348020553589,2534
7774.348020553589,2498
7775.337696075439,2476
7776.333808898926,2450
7777.331590652466,2460
7778.328895568848,2458
7780.3239822387695,2506
7781.322002410889,2544
7781.322002410889,2580
7782.318592071533,2578
7783.315658569336,2584
7784.312963485718,2554
7785.3102684021,2578
7787.305116653442,2548
7788.302183151245,2554
7789.302110671997,2538
7790.297031402588,2542
7791.29433631897,2546
7792.291641235352,2542
7793.290376663208,2546
7794.286251068115,2524
7795.283555984497,2554
7796.281337738037,2558
7797.279596328735,2550
7798.274755477905,2518
7799.275159835815,2534
7800.272703170776,2556
7801.269769668579,2550
7802.266836166382,2524
7803.264141082764,2554
7804.2614459991455,2540
7805.258989334106,2568
7806.256055831909,2536
7807.25359916687,2596
7808.249711990356,2578
7809.250354766846,2538
7810.244560241699,2534
7811.241626739502,2586
7812.240362167358,2638
7812.240362167358,2630
7813.746690750122,2606
7814.747095108032,2618
7815.746784210205,2606
7816.743850708008,2574
7817.741394042969,2608
7818.73893737793,2578
7819.736480712891,2550
7820.733547210693,2514
7821.730613708496,2518
7822.728633880615,2534
7823.725461959839,2518
7824.722528457642,2514
7825.7200717926025,2506
7826.717376708984,2526
7827.715158462524,2518
7828.711748123169,2538
7830.218076705933,2582
7831.2177658081055,2554
7832.217454910278,2550
7833.21475982666,2540
7834.212064743042,2518
7835.209608078003,2536
7836.206912994385,2534
7837.204217910767,2518
7838.201522827148,2510
7839.198589324951,2514
7840.196132659912,2504
7841.193675994873,2540
7842.190742492676,2536
7843.189239501953,2546
7844.185352325439,2554
7845.1828956604,2522
7845.1828956604,2542
7846.688747406006,2522
7847.688913345337,2546
7848.68860244751,2546
7849.686861038208,2544
7850.6834506988525,2534
7851.680755615234,2538
7852.678060531616,2522
7853.675365447998,2538
7854.672908782959,2534
7855.670213699341,2558
7856.667518615723,2534
7857.664585113525,2490
7858.662366867065,2482
7859.659910202026,2492
7860.65673828125,2538
7861.653804779053,2510
7863.159894943237,2482
7864.159345626831,2502
7865.157127380371,2480
7866.154193878174,2534
7867.151260375977,2536
7868.1488037109375,2542
7869.146347045898,2552
7870.14365196228,2524
7871.140956878662,2576
7872.138023376465,2534
7873.136520385742,2582
7874.132871627808,2590
7875.12993812561,2570
7876.127243041992,2554
7877.124786376953,2546
7878.121852874756,2558
7879.119157791138,2582
7880.117416381836,2578
7881.114482879639,2538
7882.111310958862,2528
7883.108854293823,2518
7884.105920791626,2576
7885.103225708008,2538
7886.10053062439,2552
7887.098073959351,2558
7888.095140457153,2550
7889.092683792114,2550
7890.089988708496,2552
7891.088247299194,2582
7892.084836959839,2610
7893.081903457642,2586
7894.079208374023,2570
7895.076751708984,2534
7896.073818206787,2544
7897.071599960327,2570
7898.069143295288,2556
7899.065971374512,2550
7900.06422996521,2578
7901.0608196258545,2518
7902.058124542236,2514
7903.055191040039,2522
7904.052734375,2526
7905.050277709961,2522
7906.055688858032,2502
7907.0446491241455,2478
7908.041954040527,2510
7909.039497375488,2538
7910.036087036133,2506
7911.03458404541,2502
7912.031173706055,2486
7913.028717041016,2478
7914.025783538818,2514
7915.023565292358,2542
7916.020631790161,2582
7917.017936706543,2572
7918.015241622925,2602
7919.012784957886,2606
7920.010089874268,2606
7921.00715637207,2632
7922.004699707031,2622
7923.002243041992,2638
7923.999309539795,2612
7924.996852874756,2614
7925.994157791138,2616
7926.99122428894,2582
7927.988529205322,2578
7928.986072540283,2574
7929.982900619507,2598
7930.980205535889,2548
7931.977987289429,2538
7932.97553062439,2736
7933.972597122192,2574
7934.969186782837,2570
7935.966730117798,2542
7936.963796615601,2542
7937.961101531982,2542
7938.958406448364,2550
7939.955949783325,2576
7940.953016281128,2578
7941.952466964722,2532
7943.52912902832,2534
7943.52912902832,2504
7944.61989402771,2498
7946.035146713257,2478
7946.537733078003,2502
7947.536468505859,2470
7948.53949546814,2430
7949.531078338623,2480
7950.5321979522705,2482
7951.539039611816,2506
7952.555894851685,2508
7953.548431396484,2546
7954.5183181762695,2518
7955.51609992981,2554
7956.513404846191,2574
7957.510471343994,2578
7958.508014678955,2570
7959.505558013916,2576
7960.502624511719,2540
7961.50016784668,2498
7962.497234344482,2550
7963.494539260864,2572
7964.492082595825,2606
7965.489387512207,2598
7966.486692428589,2578
7967.483997344971,2534
7968.481063842773,2522
7969.4788455963135,2542
7970.475912094116,2544
7971.473217010498,2542
7972.470760345459,2514
7973.468065261841,2524
7974.465131759644,2486
7975.462436676025,2486
7976.459980010986,2494
7977.457284927368,2482
7978.45458984375,2490
7979.451894760132,2472
7980.45015335083,2460
7981.4465045928955,2492
7982.447862625122,2502
7983.441352844238,2494
7984.438419342041,2534
7985.435962677002,2554
7986.433267593384,2578
7987.430572509766,2558
7988.4278774261475,2574
7989.426374435425,2608
7990.42272567749,2542
7991.420030593872,2554
7992.417335510254,2558
7993.414640426636,2550
7994.411945343018,2574
7995.409250259399,2558
7997.4045753479,2522
7997.4045753479,2510
7998.401165008545,2506
7999.398469924927,2510
8000.396728515625,2554
8001.3933181762695,2538
8002.390623092651,2542
8003.387689590454,2522
8004.385232925415,2542
8005.382537841797,2534
8006.379842758179,2526
8007.377147674561,2526
8008.374452590942,2544
8009.3724727630615,2538
8010.369062423706,2526
8012.3655796051025,2538
8012.3655796051025,2526
8013.361215591431,2534
8014.35923576355,2530
8015.355825424194,2542
8016.353130340576,2550
8017.350673675537,2550
8018.347978591919,2526
8019.345045089722,2538
8020.342826843262,2586
8021.340131759644,2578
8022.337198257446,2542
8023.334503173828,2550
8024.332046508789,2550
8025.329351425171,2598
8026.326417922974,2606
8027.3237228393555,2576
8028.3203125,2558
8029.317855834961,2570
8030.315160751343,2534
8031.3122272491455,2542
8032.309770584106,2522
8033.307075500488,2520
8034.30438041687,2518
8035.301446914673,2482
8036.299228668213,2488
8037.296295166016,2478
8039.2913818359375,2502
8040.28844833374,2506
8041.285514831543,2494
8042.283058166504,2502
8043.280363082886,2514
8044.278860092163,2522
8045.276403427124,2506
8046.273708343506,2522
8047.271013259888,2522
8048.268556594849,2520
8049.26609992981,2546
8050.262928009033,2546
8051.260232925415,2574
8052.257776260376,2558
8053.254842758179,2516
8054.251432418823,2518
8055.249452590942,2526
8056.246995925903,2584
8057.24310874939,2546
8058.2404136657715,2526
8059.237718582153,2552
8060.236692428589,2572
8061.235427856445,2546
8062.231540679932,2546
8063.228368759155,2574
8064.225673675537,2574
8065.22274017334,2594
8066.22052192688,2550
8067.217588424683,2556
8068.214893341064,2588
8069.214344024658,2602
8070.208549499512,2574
8071.205854415894,2598
8072.203159332275,2546
8073.200464248657,2542
8074.209213256836,2528
8075.195789337158,2538
8076.194047927856,2542
8077.191114425659,2544
8078.188180923462,2518
8079.185724258423,2478
8080.181837081909,2500
8081.17938041687,2522
8082.177639007568,2522
8083.173751831055,2554
8084.1710567474365,2526
8085.1686000823975,2526
8086.1656665802,2542
8087.164402008057,2570
8088.1617069244385,2582
8089.158773422241,2558
8090.156555175781,2546
8091.153383255005,2552
8092.150449752808,2578
8093.147754669189,2518
8094.14529800415,2576
8095.142602920532,2558
8096.139669418335,2578
8097.137212753296,2542
8098.135471343994,2518
8099.13182258606,2572
8100.129842758179,2578
8101.126670837402,2580
8102.123737335205,2550
8103.121280670166,2582
8104.118347167969,2556
8105.11589050293,2582
8106.124639511108,2598
8107.110500335693,2582
8108.107566833496,2538
8109.105110168457,2586
8110.103130340576,2534
8111.099720001221,2594
8112.0970249176025,2584
8113.0945682525635,2546
8114.091873168945,2526
8115.089654922485,2542
8116.086483001709,2542
8117.083787918091,2528
8118.080854415894,2542
8119.078636169434,2544
8120.076417922974,2556
8121.073484420776,2476
8122.0703125,2494
8123.068332672119,2518
8124.065160751343,2534
8125.062465667725,2506
8126.059770584106,2526
8127.057075500488,2514
8128.05438041687,2482
8129.05216217041,2504
8130.048990249634,2520
8131.047248840332,2538
8132.043838500977,2490
8133.041143417358,2468
8134.03844833374,2486
8135.035753250122,2494
8136.033535003662,2478
8137.030601501465,2492
8138.027906417847,2510
8139.024972915649,2458
8140.023231506348,2478
8141.020059585571,2490
8142.017602920532,2534
8143.014669418335,2512
8144.011974334717,2522
8145.0090408325195,2514
8146.006345748901,2502
8147.003889083862,2514
8148.001670837402,2518
8148.998498916626,2522
8149.99532699585,2542
8150.993585586548,2518
8151.99089050293,2540
8152.987718582153,2570
8153.985261917114,2590
8154.982566833496,2586
8155.980348587036,2558
8156.981945037842,2536
8157.974481582642,2534
8158.971786499023,2570
8159.968614578247,2550
8160.966873168945,2558
8161.963939666748,2582
8162.96124458313,2570
8163.958311080933,2526
8164.956092834473,2518
8165.953159332275,2544
8166.950464248657,2586
8167.948007583618,2544
8168.945074081421,2536
8169.94309425354,2578
8170.940160751343,2554
8171.9372272491455,2554
8172.934770584106,2552
8173.931837081909,2550
8174.929141998291,2578
8175.926446914673,2526
8176.923751831055,2518
8177.921295166016,2502
8178.9186000823975,2538
8179.9163818359375,2538
8180.912256240845,2570
8181.909799575806,2538
8182.907342910767,2502
8183.904409408569,2502
8184.903144836426,2534
8185.899972915649,2568
8186.897277832031,2550
8187.894582748413,2518
8188.919544219971,2514
8189.918041229248,2526
8190.913915634155,2514
8191.910982131958,2490
8192.908525466919,2524
8193.878650665283,2526
8194.875717163086,2518
8195.873260498047,2514
8196.870565414429,2510
8197.88146018982,2526
8198.865413665771,2534
8199.862003326416,2520
8200.860261917114,2518
8201.857089996338,2500
8202.854633331299,2472
8203.85193824768,2514
8204.849004745483,2542
8205.846309661865,2526
8206.844091415405,2488
8207.841157913208,2478
8208.83846282959,2502
8209.83624458313,2520
8210.833311080933,2536
8211.830615997314,2506
8212.827920913696,2538
8213.825225830078,2542
8214.823007583618,2574
8215.819835662842,2572
8216.817140579224,2554
8217.814445495605,2554
8218.811750411987,2556
8219.808578491211,2550
8220.80683708191,2578
8221.803903579712,2546
8222.801446914673,2546
8223.798513412476,2546
8224.795818328857,2550
8225.79312324524,2560
8226.7906665802,2552
8227.787733078003,2526
8228.785037994385,2546
8229.783296585083,2578
8230.780363082886,2546
8231.777429580688,2514
8232.77473449707,2494
8233.77251625061,2538
8234.769821166992,2576
8235.766887664795,2574
8236.764669418335,2558
8237.762451171875,2550
8238.759994506836,2556
8239.757299423218,2580
8240.75436592102,2586
8241.751909255981,2570
8242.748975753784,2572
8243.746519088745,2534
8244.770765304565,2542
8245.76711654663,2526
8246.76489830017,2534
8247.735500335693,2574
8248.731851577759,2574
8249.728679656982,2534
8250.72717666626,2542
8251.724004745483,2514
8252.721071243286,2586
8253.718376159668,2598
8254.715919494629,2592
8255.71322441101,2554
8256.710529327393,2520
8257.707595825195,2522
8258.705139160156,2518
8259.70196723938,2578
8260.699033737183,2586
8261.696100234985,2554
8262.693643569946,2598
8263.690948486328,2520
8264.688491821289,2586
8265.685558319092,2590
8266.683101654053,2556
8267.680406570435,2518
8268.677473068237,2498
8269.675254821777,2514
8270.67232131958,2540
8271.669626235962,2518
8272.666931152344,2538
8273.664474487305,2514
8274.661540985107,2506
8275.66123008728,2522
8276.684522628784,2520
8277.681589126587,2534
8278.679132461548,2540
8279.649496078491,2526
8280.646800994873,2500
8281.643867492676,2522
8282.640933990479,2510
8283.63847732544,2550
8284.635782241821,2574
8285.633087158203,2558
8286.630392074585,2546
8287.627696990967,2540
8288.625240325928,2554
8289.622068405151,2570
8290.62008857727,2552
8291.62073135376,2594
8292.615175247192,2538
8293.612480163574,2522
8294.609546661377,2528
8295.606851577759,2558
8296.60415649414,2570
8297.601699829102,2546
8298.598527908325,2516
8299.59511756897,2534
8300.593376159668,2534
8301.59044265747,2512
8302.587509155273,2520
8303.585290908813,2506
8304.582595825195,2534
8305.579900741577,2574
8306.576490402222,2542
8307.575464248657,2604
8308.57229232788,2600
8309.568643569946,2554
8310.566663742065,2550
8311.563968658447,2526
8312.56103515625,2578
8313.558340072632,2540
8314.55683708191,2554
8315.553188323975,2522
8316.550254821777,2536
8317.54755973816,2518
8318.5453414917,2504
8319.54312324524,2554
8320.539712905884,2550
8321.537256240845,2510
8322.534561157227,2506
8323.531866073608,2518
8324.528932571411,2502
8325.526475906372,2510
8326.523780822754,2542
8327.521085739136,2522
8328.518629074097,2536
8329.516172409058,2506
8330.51323890686,2522
8331.510543823242,2526
8332.507848739624,2538
8333.505153656006,2536
8334.502220153809,2522
8335.500001907349,2506
8336.49730682373,2516
8337.494373321533,2536
8338.491916656494,2546
8339.488983154297,2554
8340.486764907837,2546
8341.48383140564,2506
8342.481136322021,2506
8343.478441238403,2518
8344.475507736206,2522
8345.472812652588,2558
8346.470594406128,2546
8347.46766090393,2504
8348.465204238892,2488
8349.462985992432,2534
8350.460052490234,2526
8351.457118988037,2540
8352.45418548584,2614
8353.45196723938,2556
8354.449033737183,2542
8355.446338653564,2556
8356.453895568848,2546
8357.441186904907,2554
8358.438491821289,2596
8359.435558319092,2580
8360.43381690979,2518
8361.430406570435,2522
8362.427711486816,2514
8363.425254821777,2550
8364.422798156738,2552
8365.419626235962,2586
8366.417169570923,2538
8367.425441741943,2504
8368.41106414795,2540
8369.408369064331,2538
8370.405435562134,2550
8371.402978897095,2512
8372.400283813477,2518
8373.397588729858,2506
8374.39513206482,2488
8375.392198562622,2534
8376.389503479004,2542
8377.386808395386,2550
8378.384351730347,2548
8379.381656646729,2576
8380.37896156311,2538
8381.376266479492,2556
8383.373022079468,2578
8383.373022079468,2570
8384.369611740112,2550
8385.366678237915,2534
8386.363983154297,2538
8387.361526489258,2554
8388.35883140564,2582
8389.355659484863,2538
8390.353679656982,2554
8391.350746154785,2578
8392.348051071167,2540
8393.345355987549,2522
8394.34289932251,2534
8396.337509155273,2536
8396.337509155273,2526
8397.334337234497,2514
8398.332357406616,2526
8399.329423904419,2518
8400.32696723938,2538
8401.324272155762,2526
8402.321577072144,2526
8403.318881988525,2512
8404.315948486328,2490
8405.313491821289,2504
8406.31079673767,2522
8407.308101654053,2554
8409.303188323975,2522
8410.300016403198,2520
8411.29732131958,2542
8412.294864654541,2554
8413.292169570923,2558
8414.288759231567,2622
8415.297031402588,2618
8416.284322738647,2602
8417.281866073608,2618
8418.27917098999,2574
8419.276475906372,2604
8420.274019241333,2578
8421.271085739136,2534
8422.268390655518,2532
8423.265933990479,2518
8424.263000488281,2518
8425.260543823242,2542
8426.257610321045,2578
8427.254915237427,2594
8428.252220153809,2578
8429.24952507019,2548
8430.245876312256,2558
8431.246042251587,2614
8432.24024772644,2578
8433.237552642822,2572
8434.235095977783,2572
8435.233354568481,2576
8436.230897903442,2586
8437.228202819824,2554
8438.225507736206,2554
8439.223051071167,2574
8440.219402313232,2570
8441.217422485352,2536
8442.214727401733,2542
8443.211078643799,2522
8445.784568786621,2534
8445.899248123169,2516
8445.899248123169,2530
8446.931600570679,2540
8447.958946228027,2552
8449.193477630615,2526
8450.193881988525,2554
8451.19047164917,2582
8452.187538146973,2586
8453.184843063354,2568
8454.182386398315,2550
8455.179691314697,2514
8456.176042556763,2558
8457.190752029419,2558
8458.19067955017,2582
8459.191083908081,2546
8460.192203521729,2524
8461.18950843811,2498
8462.175369262695,2516
8463.158369064331,2546
8464.182615280151,2514
8465.153217315674,2512
8466.177225112915,2470
8467.175245285034,2450
8468.171834945679,2482
8469.16913986206,2488
8470.168113708496,2502
8471.16732597351,2506
8472.161769866943,2470
8473.173379898071,2502
8474.157810211182,2522
8475.152969360352,2542
8476.123571395874,2582
8477.121591567993,2590
8478.118896484375,2550
8479.115962982178,2524
8480.112314224243,2558
8481.109380722046,2578
8482.108354568481,2600
8483.105421066284,2616
8484.102725982666,2544
8485.100030899048,2544
8486.097574234009,2598
8487.094640731812,2598
8488.091945648193,2622
8489.089488983154,2572
8490.087270736694,2534
8491.083860397339,2526
8492.079973220825,2514
8493.077039718628,2526
8494.074583053589,2516
8495.07188796997,2526
8496.069192886353,2486
8497.066736221313,2474
8498.064041137695,2472
8499.061107635498,2512
8500.05841255188,2520
8501.05595588684,2514
8502.053260803223,2522
8503.050565719604,2516
8504.048109054565,2486
8505.045175552368,2494
8506.047248840332,2514
8507.041215896606,2518
8508.065223693848,2522
8509.066104888916,2514
8510.060787200928,2518
8511.059284210205,2540
8512.054443359375,2550
8513.024806976318,2542
8514.0221118927,2546
8515.019655227661,2506
8516.016721725464,2490
8517.014265060425,2522
8518.011569976807,2534
8519.008874893188,2542
8520.005464553833,2550
8521.00396156311,2698
8522.000789642334,2510
8522.998571395874,2484
8523.995876312256,2528
8524.992942810059,2512
8525.990009307861,2544
8526.987791061401,2526
8527.984857559204,2514
8528.981924057007,2510
8529.979705810547,2554
8530.981540679932,2550
8531.974077224731,2574
8532.971382141113,2522
8533.968687057495,2518
8534.965991973877,2542
8535.963535308838,2546
8536.96060180664,2586
8537.958145141602,2554
8538.969993591309,2540
8539.952278137207,2522
8540.950775146484,2546
8541.947603225708,2558
8542.94466972351,2586
8543.941974639893,2558
8544.939517974854,2534
8545.936822891235,2554
8546.933889389038,2556
8547.931432723999,2554
8548.92873764038,2558
8549.92651939392,2554
8550.923824310303,2534
8551.920890808105,2554
8552.918195724487,2546
8553.915023803711,2550
8554.912805557251,2574
8555.909156799316,2556
8556.91123008728,2560
8557.904720306396,2544
8558.9120388031,2538
8559.904336929321,2536
8560.896873474121,2544
8561.893939971924,2570
8562.891483306885,2574
8563.888788223267,2578
8564.886331558228,2546
8565.88363647461,2544
8566.880702972412,2588
8567.878007888794,2528
8568.875312805176,2594
8569.872379302979,2582
8570.870399475098,2572
8571.8674659729,2550
8572.865009307861,2574
8573.862314224243,2526
8574.859380722046,2544
8575.856685638428,2514
8576.85399055481,2518
8577.85153388977,2494
8578.848600387573,2482
8579.845428466797,2550
8580.843925476074,2554
8581.840753555298,2510
8582.8378200531,2486
8583.83560180664,2486
8584.83338356018,2506
8585.830211639404,2518
8586.827754974365,2542
8587.824821472168,2526
8588.82188796997,2522
8589.820146560669,2528
8590.816974639893,2548
8591.814041137695,2576
8592.811346054077,2542
8593.808889389038,2526
8594.80595588684,2520
8595.803499221802,2538
8596.800565719604,2542
8597.798347473145,2550
8598.795413970947,2526
8599.792957305908,2474
8600.79026222229,2500
8601.787567138672,2480
8602.784633636475,2460
8603.781938552856,2448
8604.779481887817,2418
8605.7767868042,2426
8606.774091720581,2388
8607.771635055542,2384
8608.768701553345,2398
8609.768629074097,2478
8610.76283454895,2458
8611.761093139648,2448
8612.75839805603,2482
8613.755464553833,2482
8614.753484725952,2478
8615.749597549438,2482
8616.746664047241,2520
8617.743968963623,2550
8618.741035461426,2574
8619.738578796387,2554
8620.735883712769,2578
8621.73318862915,2686
8622.735261917114,2630
8623.728036880493,2616
8624.725103378296,2610
8625.722408294678,2570
8626.719951629639,2614
8627.71725654602,2600
8628.714561462402,2622
8629.712104797363,2624
8630.711555480957,2620
8631.708145141602,2608
8632.70616531372,2584
8633.703231811523,2552
8634.700775146484,2576
8635.697603225708,2610
8636.69490814209,2614
8637.692213058472,2542
8638.689756393433,2552
8639.68801498413,2522
8640.684127807617,2558
8641.681909561157,2578
8642.70567893982,2542
8643.70346069336,2526
8644.700288772583,2510
8645.700693130493,2518
8646.66771888733,2516
8647.665739059448,2540
8648.662090301514,2538
8649.660110473633,2534
8650.656938552856,2544
8651.65400505066,2538
8652.651309967041,2558
8653.648853302002,2586
8654.645919799805,2570
8655.643463134766,2548
8656.641006469727,2550
8657.63807296753,2574
8658.635139465332,2590
8659.633159637451,2602
8660.630226135254,2606
8661.627531051636,2604
8662.624835968018,2602
8663.6221408844,2570
8664.61992263794,2570
8665.616750717163,2578
8666.613817214966,2576
8667.611360549927,2568
8668.608665466309,2554
8669.60620880127,2520
8670.603513717651,2538
8671.600818634033,2570
8672.614336013794,2582
8673.595428466797,2602
8674.592733383179,2550
8675.59003829956,2534
8676.587343215942,2526
8677.584886550903,2570
8678.581953048706,2494
8679.579019546509,2546
8680.577039718628,2514
8681.57410621643,2490
8682.571411132812,2514
8683.568716049194,2510
8684.566020965576,2538
8685.563564300537,2542
8686.56063079834,2524
8687.557935714722,2510
8688.555479049683,2494
8689.553022384644,2502
8690.550088882446,2526
8691.547632217407,2530
8692.54469871521,2498
8693.542003631592,2492
8694.539070129395,2498
8695.536851882935,2518
8696.533918380737,2492
8697.53122329712,2482
8698.52900505066,2502
8699.526309967041,2486
8700.523376464844,2454
8701.520681381226,2430
8702.517986297607,2454
8703.51529121399,2486
8704.51283454895,2506
8705.510377883911,2472
8706.507444381714,2474
8707.504749298096,2474
8708.501100540161,2482
8709.498882293701,2514
8710.495948791504,2512
8711.493015289307,2550
8712.490558624268,2554
8713.48786354065,2542
8714.485168457031,2582
8715.482473373413,2594
8716.480016708374,2576
8717.477083206177,2582
8718.474388122559,2578
8719.47193145752,2586
8720.469236373901,2610
8721.466541290283,2602
8722.463846206665,2666
8723.460912704468,2622
8724.460124969482,2606
8725.457191467285,2594
8726.454734802246,2578
8727.452039718628,2582
8728.44910621643,2602
8729.44712638855,2602
8730.443954467773,2576
8731.441497802734,2558
8732.438564300537,2602
8733.436107635498,2610
8734.43341255188,2618
8735.430479049683,2610
8736.428022384644,2578
8737.425327301025,2600
8738.422632217407,2618
8739.420413970947,2638
8740.41771888733,2632
8741.414785385132,2662
8742.411851882935,2616
8743.409395217896,2550
8744.406700134277,2514
8745.40400505066,2490
8746.40154838562,2530
8748.396873474121,2514
8748.396873474121,2490
8749.393463134766,2514
8750.390529632568,2506
8751.38807296753,2542
8752.385377883911,2506
8753.382444381714,2518
8754.3785572052,2520
8755.375862121582,2508
8756.373167037964,2506
8757.370471954346,2490
8758.368015289307,2502
8759.36508178711,2538
8760.36262512207,2522
8761.359930038452,2502
8762.357234954834,2506
8764.352083206177,2522
8764.352083206177,2542
8765.3489112854,2510
8766.346454620361,2522
8767.343759536743,2522
8768.341064453125,2522
8769.338607788086,2506
8770.337343215942,2510
8771.334648132324,2526
8772.331953048706,2514
8773.329257965088,2488
8774.32632446289,2486
8775.323867797852,2474
8776.321411132812,2486
8777.318477630615,2474
8778.316020965576,2502
8780.310869216919,2512
8780.310869216919,2518
8781.3081741333,2430
8782.305240631104,2536
8783.302545547485,2518
8784.299850463867,2526
8785.297393798828,2510
8787.292003631592,2510
8787.292003631592,2510
8789.29090499878,2550
8790.283918380737,2534
8791.28098487854,2582
8792.27876663208,2598
8793.275833129883,2550
8794.273138046265,2552
8795.270442962646,2574
8796.267986297607,2630
8797.26529121399,2584
8798.262357711792,2598
8799.260139465332,2574
8800.257444381714,2542
8801.254510879517,2572
8802.25157737732,2554
8803.24912071228,2586
8804.246425628662,2544
8805.242538452148,2492
8806.23984336853,2488
8807.237386703491,2506
8808.234691619873,2518
8809.232234954834,2526
8810.230493545532,2538
8811.227798461914,2526
8812.225103378296,2522
8813.222646713257,2526
8814.219951629639,2534
8815.224170684814,2546
8816.229581832886,2546
8817.210674285889,2538
8818.20797920227,2514
8819.205284118652,2510
8820.202589035034,2514
8821.200132369995,2524
8822.197198867798,2514
8823.194742202759,2582
8824.19466972351,2538
8825.193405151367,2524
8826.194047927856,2582
8827.19373703003,2578
8828.19390296936,2580
8829.193353652954,2556
8830.195188522339,2542
8831.173419952393,2534
8832.193374633789,2570
8833.194494247437,2544
8834.193468093872,2572
8835.191011428833,2578
8836.188793182373,2584
8837.177991867065,2554
8838.15598487854,2518
8839.18023109436,2570
8840.179204940796,2598
8841.174840927124,2576
8842.172384262085,2530
8843.169212341309,2486
8844.167947769165,2526
8845.16429901123,2550
8846.162796020508,2542
8847.15986251831,2546
8848.156213760376,2542
8849.154472351074,2538
8850.152492523193,2546
8851.148128509521,2550
8852.144956588745,2580
8853.115558624268,2558
8854.112386703491,2518
8855.109930038452,2540
8856.107950210571,2510
8857.104778289795,2478
8858.102083206177,2526
8859.099864959717,2526
8860.09693145752,2510
8861.09447479248,2522
8862.091302871704,2514
8863.088607788086,2556
8864.085912704468,2538
8865.083694458008,2550
8866.08099937439,2522
8867.078065872192,2522
8868.075132369995,2502
8869.072914123535,2502
8870.070934295654,2526
8871.067523956299,2512
8872.064590454102,2510
8873.06261062622,2494
8874.059438705444,2542
8875.056743621826,2570
8876.053810119629,2558
8877.05135345459,2550
8878.04889678955,2554
8879.045963287354,2558
8880.043983459473,2622
8881.051778793335,2610
8882.038354873657,2614
8883.03518295288,2606
8884.032726287842,2598
8885.030031204224,2608
8886.027097702026,2602
8887.024641036987,2548
8888.02194595337,2542
8889.01948928833,2526
8890.01727104187,2522
8891.014099121094,2490
8892.011404037476,2492
8893.008947372437,2490
8894.00601387024,2508
8895.003318786621,2526
8896.000623703003,2534
8896.997928619385,2512
8897.995471954346,2526
8898.992538452148,2520
8899.990320205688,2570
8900.98762512207,2570
8901.984691619873,2582
8902.981996536255,2598
8903.979301452637,2544
8904.976606369019,2570
8905.987977981567,2574
8906.971454620361,2550
8907.970666885376,2548
8908.966779708862,2554
8909.975528717041,2526
8910.961866378784,2542
8911.959171295166,2548
8912.956476211548,2578
8913.954019546509,2552
8914.951086044312,2546
8915.948152542114,2502
8916.945219039917,2486
8917.942762374878,2470
8918.94006729126,2518
8919.937372207642,2522
8920.934438705444,2548
8921.931982040405,2488
8922.929525375366,2520
8923.953533172607,2536
8924.952030181885,2574
8925.948143005371,2574
8926.944971084595,2536
8927.915334701538,2552
8928.91263961792,2542
8929.91042137146,2544
8930.919408798218,2538
8931.910991668701,2554
8932.901859283447,2540
8933.899402618408,2524
8934.896469116211,2514
8935.894012451172,2512
8936.891317367554,2518
8937.888383865356,2542
8938.885927200317,2534
8939.883947372437,2534
8940.881490707397,2524
8941.878080368042,2514
8942.875385284424,2546
8943.872928619385,2524
8944.869995117188,2510
8945.86706161499,2534
8946.864604949951,2502
8947.862386703491,2508
8948.859214782715,2512
8949.856042861938,2514
8950.854301452637,2524
8951.85136795044,2542
8952.848434448242,2536
8953.845977783203,2526
8954.86307144165,2542
8955.841541290283,2548
8956.839323043823,2574
8957.836389541626,2586
8958.833932876587,2570
8959.831476211548,2542
8960.828065872192,2542
8961.825370788574,2530
8962.822914123535,2574
8963.819980621338,2556
8964.817762374878,2522
8965.814590454102,2526
8966.812372207642,2534
8967.809677124023,2552
8968.806982040405,2576
8969.831943511963,2598
8970.827341079712,2600
8971.825361251831,2610
8972.795963287354,2610
8973.793029785156,2614
8974.790096282959,2606
8975.787162780762,2600
8976.784467697144,2584
8977.782011032104,2576
8978.779315948486,2514
8979.776859283447,2500
8980.77392578125,2534
8981.771469116211,2546
8982.768535614014,2556
8983.765840530396,2514
8984.763383865356,2484
8985.761165618896,2548
8986.757755279541,2534
8987.755537033081,2534
8988.752603530884,2546
8989.749670028687,2550
8990.747690200806,2512
8991.744756698608,2524
8992.741823196411,2550
8993.739128112793,2522
8994.736433029175,2578
8995.733976364136,2522
8996.731281280518,2510
8997.728824615479,2538
8998.72612953186,2534
8999.722957611084,2518
9000.720977783203,2544
9001.717805862427,2572
9002.715349197388,2540
9003.71265411377,2546
9004.709959030151,2546
9005.707263946533,2550
9006.704807281494,2582
9007.701873779297,2572
9008.6989402771,2514
9009.69648361206,2532
9010.6942653656,2550
9011.691331863403,2558
9012.688875198364,2542
9013.685941696167,2552
9014.683485031128,2542
9015.68055152893,2542
9016.678094863892,2522
9017.675399780273,2502
9018.672466278076,2582
9019.6692943573,2594
9020.667552947998,2588
9021.6646194458,2546
9022.66263961792,2540
9023.659467697144,2574
9024.656534194946,2582
9025.653839111328,2578
9026.651382446289,2534
9027.64868736267,2514
9028.645992279053,2490
9029.642820358276,2490
9030.640840530396,2510
9031.638383865356,2554
9032.63521194458,2502
9033.632755279541,2486
9034.629821777344,2506
9035.627365112305,2514
9036.624908447266,2546
9037.621974945068,2520
9038.61927986145,2522
9039.616107940674,2474
9040.614366531372,2458
9041.611433029175,2474
9042.608499526978,2522
9043.60580444336,2524
9044.60334777832,2522
9045.600652694702,2514
9046.597957611084,2542
9047.595500946045,2542
9048.592805862427,2586
9049.589395523071,2590
9050.58765411377,2602
9051.584720611572,2546
9052.582025527954,2534
9053.579092025757,2550
9054.576635360718,2582
9055.5739402771,2568
9056.571245193481,2552
9057.568550109863,2538
9058.565855026245,2528
9059.562921524048,2568
9060.560703277588,2548
9061.55800819397,2618
9062.556266784668,2606
9063.552618026733,2552
9064.550399780273,2578
9065.547466278076,2550
9066.544532775879,2582
9067.54183769226,2570
9068.5396194458,2574
9069.536924362183,2546
9070.533990859985,2522
9071.531534194946,2546
9072.528600692749,2590
9073.52590560913,2590
9074.522972106934,2582
9075.520753860474,2570
9076.518058776855,2550
9077.515125274658,2506
9078.51243019104,2538
9079.510688781738,2586
9080.507278442383,2582
9081.504583358765,2574
9082.501888275146,2542
9083.499431610107,2538
9084.49649810791,2520
9085.493803024292,2510
9086.491346359253,2478
9087.488651275635,2480
9088.485956192017,2416
9089.484453201294,2388
9090.48056602478,2422
9091.477870941162,2442
9092.475175857544,2470
9093.472719192505,2486
9094.469785690308,2482
9095.46709060669,2510
9096.46463394165,2538
9097.461938858032,2558
9098.459243774414,2526
9099.457025527954,2522
9100.454092025757,2524
9101.451396942139,2550
9102.448463439941,2522
9103.446006774902,2540
9104.443311691284,2576
9105.440616607666,2578
9106.443405151367,2540
9107.435464859009,2510
9108.432531356812,2522
9109.429836273193,2524
9110.428094863892,2548
9111.424684524536,2538
9112.421751022339,2542
9113.419532775879,2504
9114.41707611084,2506
9115.413904190063,2522
9116.411209106445,2532
9117.408752441406,2506
9118.405818939209,2532
9119.403839111328,2458
9120.400428771973,2510
9121.397972106934,2510
9122.395277023315,2526
9123.393297195435,2526
9124.38988685608,2538
9125.38743019104,2500
9126.384496688843,2492
9127.381801605225,2510
9128.379106521606,2490
9129.376411437988,2602
9130.374908447266,2518
9131.37149810791,2526
9132.368564605713,2510
9133.365869522095,2522
9134.362936019897,2526
9135.360717773438,2554
9136.371612548828,2546
9137.355089187622,2550
9138.352632522583,2550
9140.347003936768,2542
9140.347003936768,2574
9141.345500946045,2582
9142.342567443848,2582
9143.33987236023,2574
9144.33741569519,2558
9145.334720611572,2546
9146.332025527954,2522
9147.329330444336,2548
9148.326873779297,2578
9149.3239402771,2578
9150.319814682007,2558
9151.318788528442,2518
9152.316093444824,2538
9153.313398361206,2584
9155.307531356812,2574
9155.307531356812,2550
9157.302141189575,2550
9158.299446105957,2526
9159.297704696655,2534
9160.293340682983,2546
9161.290884017944,2518
9162.289142608643,2546
9163.286209106445,2538
9164.28518295288,2534
9165.280818939209,2550
9166.27836227417,2526
9167.275667190552,2518
9168.272972106934,2524
9169.270277023315,2536
9170.268058776855,2514
9171.26488685608,2502
9172.262191772461,2522
9173.259735107422,2540
9174.257516860962,2538
9175.254344940186,2546
9176.251888275146,2518
9177.24895477295,2538
9178.246259689331,2542
9179.24451828003,2586
9180.239915847778,2544
9181.23745918274,2478
9182.235956192017,2554
9183.233261108398,2522
9184.230327606201,2520
9185.227632522583,2538
9186.224937438965,2546
9187.222480773926,2558
9188.219547271729,2546
9189.21685218811,2518
9190.213203430176,2540
9191.210746765137,2554
9192.20781326294,2546
9193.205118179321,2542
9194.202423095703,2518
9195.199728012085,2526
9196.197032928467,2510
9197.195529937744,2598
9198.192834854126,2602
9199.189901351929,2582
9200.18744468689,2550
9201.184749603271,2546
9202.181339263916,2534
9203.179121017456,2550
9204.177141189575,2574
9205.173254013062,2552
9206.170558929443,2522
9207.167625427246,2484
9208.166122436523,2506
9209.163188934326,2546
9210.16001701355,2578
9211.158275604248,2522
9212.155103683472,2554
9213.152647018433,2556
9214.149713516235,2598
9215.147495269775,2582
9216.144561767578,2590
9217.142343521118,2582
9218.13941001892,2586
9219.136714935303,2606
9220.134496688843,2666
9221.131324768066,2686
9222.128629684448,2718
9223.126411437988,2718
9224.123239517212,2702
9225.120782852173,2670
9226.117849349976,2654
9227.115154266357,2582
9228.11245918274,2570
9229.1100025177,2618
9230.10802268982,2578
9231.104850769043,2550
9232.102155685425,2520
9233.099460601807,2538
9234.09652709961,2546
9235.093832015991,2570
9236.091136932373,2544
9237.088441848755,2544
9238.085746765137,2526
9239.083528518677,2484
9240.081310272217,2466
9241.077899932861,2470
9242.075204849243,2430
9243.072748184204,2406
9244.069814682007,2390
9245.067119598389,2390
9246.06442451477,2390
9247.061967849731,2414
9248.059511184692,2482
9249.056577682495,2480
9250.054597854614,2478
9251.051187515259,2470
9252.04849243164,2406
9253.045797348022,2446
9254.043102264404,2422
9255.040407180786,2456
9256.038665771484,2426
9257.035255432129,2482
9258.03256034851,2520
9259.029865264893,2526
9260.026693344116,2574
9261.024951934814,2554
9262.022018432617,2526
9263.01908493042,2518
9264.01662826538,2522
9265.014171600342,2518
9266.011238098145,2502
9267.008304595947,2478
9268.006086349487,2478
9269.00315284729,2480
9269.999980926514,2494
9270.998239517212,2486
9271.995306015015,2502
9272.993326187134,2512
9273.991107940674,2494
9274.98722076416,2480
9275.984525680542,2486
9276.981830596924,2454
9277.979135513306,2462
9278.977394104004,2450
9279.974460601807,2450
9280.970811843872,2446
9281.968832015991,2454
9282.965898513794,2462
9283.963441848755,2520
9284.960269927979,2506
9285.958290100098,2486
9286.955118179321,2486
9287.952423095703,2510
9288.949728012085,2520
9289.947986602783,2538
9290.944576263428,2514
9291.94188117981,2550
9292.93942451477,2542
9293.936491012573,2558
9294.934272766113,2586
9295.931339263916,2558
9296.928405761719,2596
9297.92594909668,2602
9298.923254013062,2598
9299.920320510864,2574
9300.918102264404,2578
9301.915407180786,2570
9302.912712097168,2546
9303.90977859497,2570
9304.907083511353,2578
9305.904626846313,2508
9306.902170181274,2554
9307.911396026611,2586
9308.896780014038,2570
9309.893369674683,2584
9310.891389846802,2586
9311.888456344604,2534
9312.885999679565,2542
9313.883066177368,2552
9314.880847930908,2534
9315.877676010132,2550
9316.875219345093,2538
9317.872524261475,2542
9318.869829177856,2550
9319.868087768555,2550
9320.864915847778,2574
9321.861982345581,2546
9322.859525680542,2538
9323.856592178345,2550
9324.853897094727,2552
9325.850248336792,2574
9326.847553253174,2558
9327.845096588135,2544
9328.842401504517,2514
9329.839706420898,2548
9330.836772918701,2522
9331.834316253662,2514
9332.831621170044,2504
9333.828926086426,2534
9334.826469421387,2506
9335.82353591919,2552
9336.820840835571,2556
9337.818384170532,2506
9338.815689086914,2500
9339.812994003296,2578
9340.810298919678,2526
9341.807842254639,2558
9342.80514717102,2512
9343.802213668823,2514
9344.799757003784,2522
9345.797061920166,2550
9346.794366836548,2544
9347.79167175293,2544
9348.78921508789,2536
9349.786520004272,2544
9350.783824920654,2546
9351.781368255615,2550
9352.778434753418,2558
9353.7757396698,2544
9354.773044586182,2540
9355.770587921143,2522
9356.769800186157,2512
9357.76686668396,2518
9358.764171600342,2550
9359.761476516724,2544
9360.759019851685,2526
9361.756324768066,2506
9362.75315284729,2510
9363.750457763672,2550
9364.748001098633,2558
9365.745544433594,2526
9366.742610931396,2526
9367.740392684937,2522
9368.737697601318,2556
9369.734764099121,2546
9370.732069015503,2600
9371.729612350464,2586
9372.726917266846,2598
9373.724222183228,2544
9374.72152709961,2576
9375.718832015991,2596
9376.716136932373,2614
9377.713203430176,2598
9378.710746765137,2578
9379.708051681519,2552
9380.705118179321,2574
9381.702661514282,2556
9382.699728012085,2590
9383.697271347046,2580
9384.694337844849,2598
9385.69188117981,2544
9386.689186096191,2554
9387.713432312012,2534
9388.712406158447,2554
9389.681577682495,2554
9390.67816734314,2574
9391.675233840942,2546
9392.672300338745,2542
9393.669843673706,2538
9394.667148590088,2536
9395.66445350647,2602
9396.66199684143,2538
9397.669315338135,2506
9398.656606674194,2502
9399.653196334839,2518
9400.651216506958,2542
9401.64852142334,2558
9402.645111083984,2524
9407.0143699646,2552
9407.0143699646,2522
9407.555341720581,2516
9407.555341720581,2542
9408.561706542969,2526
9408.561706542969,2546
9409.561157226562,2534
9410.558462142944,2544
9412.085771560669,2544
9412.580728530884,2514
9413.577795028687,2522
9414.548397064209,2538
9415.545225143433,2514
9416.542530059814,2514
9418.78867149353,2518
9418.78867149353,2518
9419.535875320435,2570
9420.532941818237,2554
9421.529769897461,2520
9422.526597976685,2502
9423.52557182312,2512
9424.535989761353,2574
9425.51851272583,2538
9426.517009735107,2556
9427.513360977173,2554
9428.512334823608,2542
9429.508447647095,2518
9430.505990982056,2542
9431.503057479858,2546
9432.500123977661,2554
9433.497428894043,2546
9434.494972229004,2536
9435.492277145386,2542
9436.489343643188,2534
9437.48688697815,2536
9438.483953475952,2542
9439.481019973755,2546
9440.478563308716,2538
9441.476106643677,2492
9442.47317314148,2526
9443.47071647644,2548
9444.467782974243,2542
9445.465326309204,2482
9446.462631225586,2546
9447.459697723389,2540
9448.45700263977,2542
9449.454307556152,2482
9450.451850891113,2538
9451.449155807495,2586
9452.446699142456,2550
9453.444004058838,2534
9454.44107055664,2522
9455.43885231018,2576
9456.436157226562,2570
9457.433223724365,2574
9458.430528640747,2546
9459.42759513855,2526
9460.42537689209,2544
9461.422681808472,2712
9462.419748306274,2538
9463.417291641235,2550
9464.414834976196,2526
9465.411901473999,2518
9466.40920639038,2522
9467.406749725342,2522
9468.403816223145,2526
9469.401359558105,2522
9470.399618148804,2546
9471.39596939087,2526
9472.393035888672,2502
9473.390817642212,2526
9474.387884140015,2514
9475.385189056396,2572
9476.382732391357,2534
9477.37979888916,2550
9478.377342224121,2514
9479.37536239624,2518
9480.372190475464,2524
9481.369495391846,2526
9482.366561889648,2542
9483.36410522461,2544
9484.361171722412,2578
9485.358476638794,2574
9486.355781555176,2570
9487.353324890137,2550
9489.353656768799,2582
9489.353656768799,2584
9490.346193313599,2558
9491.342782974243,2650
9492.339849472046,2538
9493.337154388428,2556
9494.334697723389,2574
9495.33200263977,2558
9496.329069137573,2568
9497.326374053955,2520
9498.324155807495,2554
9499.321222305298,2578
9500.318765640259,2578
9501.31607055664,2534
9502.313137054443,2520
9503.310680389404,2526
9504.307985305786,2550
9505.305290222168,2550
9506.30259513855,2542
9507.299661636353,2584
9508.297204971313,2558
9510.292053222656,2642
9511.289358139038,2576
9512.28666305542,2556
9513.283967971802,2538
9514.28246498108,2558
9515.278577804565,2546
9516.275882720947,2534
9517.27318763733,2478
9518.270254135132,2462
9519.268035888672,2500
9520.264863967896,2510
9521.262645721436,2506
9522.259950637817,2474
9523.2572555542,2462
9524.254560470581,2472
9525.251626968384,2478
9526.249408721924,2478
9527.246475219727,2478
9528.243780136108,2484
9529.24132347107,2480
9530.23886680603,2526
9531.236171722412,2484
9532.232999801636,2534
9533.231496810913,2518
9534.226894378662,2534
9535.224199295044,2506
9536.221504211426,2518
9537.220001220703,2554
9538.217067718506,2502
9539.214372634888,2518
9540.21143913269,2616
9541.20922088623,2544
9542.206525802612,2526
9543.204069137573,2534
9544.201135635376,2554
9545.198678970337,2582
9546.195983886719,2552
9547.1932888031,2548
9548.190593719482,2538
9549.187660217285,2550
9550.184488296509,2570
9551.183223724365,2588
9552.17981338501,2558
9553.176164627075,2556
9554.175615310669,2534
9555.171012878418,2554
9556.1683177948,2540
9557.166576385498,2554
9558.164358139038,2550
9559.161901473999,2554
9560.160160064697,2526
9561.156511306763,2550
9562.153100967407,2546
9563.150644302368,2548
9564.14794921875,2554
9565.14573097229,2550
9566.142559051514,2524
9567.140102386475,2522
9568.137168884277,2546
9569.13447380066,2558
9570.132493972778,2546
9571.129560470581,2516
9572.126626968384,2556
9573.135375976562,2510
9574.121952056885,2552
9575.118780136108,2526
9576.115846633911,2558
9577.113151550293,2534
9578.110694885254,2514
9579.107999801636,2532
9580.105781555176,2550
9581.103324890137,2534
9582.10015296936,2518
9583.097457885742,2538
9584.094524383545,2524
9585.092067718506,2526
9586.089134216309,2568
9587.08643913269,2526
9588.08445930481,2542
9589.081287384033,2528
9590.079069137573,2522
9591.075897216797,2522
9592.073202133179,2518
9593.07074546814,2522
9594.067811965942,2514
9595.065355300903,2534
9596.062660217285,2550
9597.059726715088,2558
9598.057508468628,2542
9599.05457496643,2538
9600.051641464233,2554
9601.049661636353,2590
9602.046728134155,2550
9603.044271469116,2546
9604.04109954834,2518
9605.038404464722,2518
9606.037855148315,2538
9607.033729553223,2542
9608.030557632446,2544
9609.028339385986,2514
9610.026121139526,2518
9611.02294921875,2546
9612.020015716553,2550
9613.017559051514,2538
9614.014625549316,2526
9615.017652511597,2538
9616.00947380066,2522
9617.006778717041,2536
9618.00765991211,2518
9619.001865386963,2548
9619.999170303345,2570
9620.995998382568,2576
9621.993064880371,2550
9622.99132347107,2538
9623.987913131714,2534
9624.985218048096,2598
9625.982522964478,2578
9626.980066299438,2586
9627.977132797241,2538
9628.974437713623,2518
9629.971504211426,2540
9630.970001220703,2554
9631.966590881348,2584
9632.96389579773,2542
9634.197473526001,2536
9635.202884674072,2534
9636.202573776245,2518
9637.230634689331,2518
9638.238191604614,2538
9639.224529266357,2550
9640.22159576416,2544
9641.220569610596,2494
9642.216444015503,2526
9643.213987350464,2550
9644.211769104004,2550
9645.209074020386,2576
9646.206378936768,2574
9647.20368385315,2514
9648.20122718811,2524
9649.197816848755,2538
9650.195121765137,2544
9651.193141937256,2542
9652.18997001648,2538
9653.187036514282,2514
9654.184341430664,2538
9655.181646347046,2574
9656.178951263428,2550
9657.176494598389,2578
9658.173322677612,2526
9659.170627593994,2518
9660.168409347534,2540
9661.19122505188,2558
9662.190675735474,2542
9663.188695907593,2526
9664.186000823975,2534
9665.158748626709,2512
9666.18537902832,2506
9667.178630828857,2524
9668.17593574524,2540
9669.173002243042,2522
9670.174598693848,2550
9671.167850494385,2540
9672.164678573608,2514
9673.16198348999,2490
9674.159288406372,2506
9675.156116485596,2538
9676.126480102539,2526
9677.123546600342,2536
9678.120851516724,2500
9679.118156433105,2538
9680.116176605225,2550
9681.113481521606,2570
9682.11030960083,2550
9683.107852935791,2534
9684.104919433594,2510
9685.102224349976,2514
9686.099529266357,2542
9687.09683418274,2538
9688.0943775177,2540
9689.091444015503,2512
9690.089702606201,2542
9691.086292266846,2514
9692.083597183228,2534
9693.08090209961,2540
9694.07844543457,2554
9695.075750350952,2526
9696.073055267334,2534
9697.070121765137,2542
9698.067903518677,2544
9699.06497001648,2544
9700.062990188599,2558
9701.059818267822,2558
9702.056884765625,2572
9703.054189682007,2528
9704.051494598389,2524
9705.04879951477,2534
9706.047058105469,2570
9707.04436302185,2570
9708.041191101074,2570
9709.038496017456,2552
9710.03532409668,2526
9711.033821105957,2578
9712.030410766602,2578
9713.027715682983,2574
9714.024782180786,2546
9715.023040771484,2556
9716.019868850708,2542
9717.01717376709,2548
9718.014478683472,2542
9719.011783599854,2544
9720.008611679077,2534
9721.006631851196,2502
9722.003698348999,2508
9723.00124168396,2500
9723.998069763184,2522
9724.995374679565,2518
9725.993156433105,2474
9726.990222930908,2512
9727.98752784729,2552
9728.985071182251,2522
9729.98309135437,2526
9730.987310409546,2544
9731.976747512817,2536
9732.974290847778,2574
9733.97159576416,2538
9734.968662261963,2538
9735.966444015503,2534
9736.963748931885,2542
9737.960815429688,2514
9738.95812034607,2578
9739.956378936768,2550
9740.953207015991,2526
9741.950273513794,2526
9742.947816848755,2552
9743.944883346558,2558
9744.94218826294,2558
9745.939493179321,2538
9746.937036514282,2534
9747.934341430664,2534
9748.931646347046,2538
9749.929666519165,2558
9750.926494598389,2554
9751.923561096191,2536
9752.921104431152,2542
9753.918409347534,2554
9754.915475845337,2598
9755.923986434937,2574
9756.911039352417,2578
9757.90810585022,2544
9758.905172348022,2546
9759.903192520142,2516
9760.900020599365,2534
9761.897563934326,2550
9762.894630432129,2542
9763.89217376709,2546
9764.88971710205,2546
9765.886783599854,2534
9766.884326934814,2530
9767.881631851196,2526
9768.878698348999,2534
9769.876718521118,2522
9770.87378501892,2522
9771.870851516724,2478
9772.867918014526,2502
9773.892402648926,2540
9774.889469146729,2510
9775.859832763672,2510
9776.856899261475,2506
9777.854204177856,2492
9778.851509094238,2490
9779.8490524292,2518
9780.84659576416,2518
9781.843662261963,2504
9782.840967178345,2548
9783.838033676147,2542
9784.835815429688,2542
9785.83312034607,2532
9786.830186843872,2534
9787.827968597412,2576
9788.825035095215,2578
9789.822816848755,2584
9790.819644927979,2618
9791.81718826294,2610
9792.814254760742,2606
9793.811559677124,2588
9794.808626174927,2586
9795.806407928467,2550
9796.803712844849,2544
9797.80125617981,2558
9798.798322677612,2534
9799.795866012573,2542
9800.792932510376,2554
9801.790475845337,2574
9802.787780761719,2542
9803.7850856781,2542
9804.782152175903,2550
9805.779695510864,2582
9806.777000427246,2526
9807.774305343628,2516
9808.77137184143,2534
9809.768438339233,2510
9810.766696929932,2578
9811.763525009155,2548
9812.760829925537,2536
9813.758373260498,2542
9814.755916595459,2542
9815.752744674683,2542
9816.750288009644,2526
9817.747831344604,2538
9818.744659423828,2538
9819.742918014526,2534
9820.73998451233,2550
9821.736812591553,2726
9822.735071182251,2542
9823.731660842896,2536
9824.728965759277,2550
9825.72627067566,2544
9826.72381401062,2534
9827.720880508423,2512
9828.718185424805,2522
9829.716444015503,2558
9830.713272094727,2572
9831.71033859253,2546
9832.707643508911,2502
9833.704948425293,2514
9834.702253341675,2512
9835.699558258057,2518
9836.69662475586,2526
9837.6944065094,2522
9838.691473007202,2546
9839.6897315979,2542
9840.686559677124,2510
9841.683626174927,2510
9842.68069267273,2578
9843.67847442627,2574
9844.675779342651,2524
9845.672845840454,2510
9846.670150756836,2518
9847.667217254639,2536
9848.665237426758,2556
9849.66254234314,2546
9850.659847259521,2570
9851.657152175903,2504
9852.654218673706,2546
9853.651523590088,2542
9854.64882850647,2582
9855.646133422852,2550
9856.643676757812,2546
9857.641220092773,2538
9858.638286590576,2516
9859.635829925537,2522
9860.63289642334,2522
9861.6304397583,2538
9862.627506256104,2586
9863.624811172485,2538
9864.622592926025,2546
9865.619659423828,2544
9866.61672592163,2554
9867.614269256592,2554
9868.611812591553,2550
9869.609117507935,2546
9870.606184005737,2540
9871.603965759277,2546
9872.601747512817,2522
9873.598337173462,2584
9874.595403671265,2602
9875.592947006226,2574
9876.590251922607,2542
9877.58755683899,2554
9878.58510017395,2588
9879.582643508911,2610
9880.579710006714,2576
9881.576776504517,2514
9882.574319839478,2554
9883.57162475586,2548
9884.568691253662,2546
9885.565996170044,2574
9886.563539505005,2574
9887.560844421387,2560
9888.558149337769,2518
9889.556169509888,2534
9890.552997589111,2518
9891.550302505493,2510
9892.547369003296,2514
9893.544912338257,2490
9894.542455673218,2530
9895.53952217102,2534
9896.537065505981,2518
9897.533893585205,2510
9898.531675338745,2522
9899.529218673706,2536
9900.526285171509,2510
9901.52359008789,2510
9902.520656585693,2534
9903.518438339233,2550
9904.515504837036,2570
9905.512809753418,2542
9906.510353088379,2552
9907.50765800476,2510
9908.504724502563,2542
9909.501791000366,2544
9910.500526428223,2554
9911.497354507446,2526
9912.49418258667,2518
9913.49172592163,2516
9914.489269256592,2542
9915.486335754395,2538
9916.483402252197,2522
9917.480945587158,2538
9918.47825050354,2554
9919.47627067566,2494
9920.473337173462,2512
9921.470403671265,2522
9922.467470169067,2522
9923.46477508545,2524
9924.46231842041,2550
9925.459623336792,2518
9926.456928253174,2526
9927.454471588135,2510
9928.451538085938,2522
9929.44884300232,2550
9930.445671081543,2552
9931.443691253662,2552
9932.440996170044,2554
9933.438301086426,2542
9934.435367584229,2542
9935.43291091919,2534
9936.430215835571,2542
9937.427282333374,2538
9938.425064086914,2546
9939.421892166138,2542
9940.419673919678,2526
9942.41452217102,2558
9943.411827087402,2526
9943.411827087402,2542
9944.409132003784,2518
9945.406675338745,2514
9946.403503417969,2518
9947.40080833435,2518
9948.398351669312,2522
9949.395656585693,2528
9950.392484664917,2542
9951.390266418457,2542
9952.398300170898,2522
9953.38487625122,2554
9954.382181167603,2580
9956.392288208008,2582
9956.392288208008,2546
9957.374811172485,2538
9958.372354507446,2554
9959.370136260986,2582
9960.367202758789,2558
9961.36474609375,2574
9963.358879089355,2570
9964.35523033142,2538
9965.352773666382,2558
9966.350078582764,2526
9967.347621917725,2544
9968.344688415527,2522
9969.342470169067,2474
9970.33977508545,2510
9971.336841583252,2490
9972.334146499634,2470
9973.331928253174,2488
9974.328756332397,2494
9975.326299667358,2514
9976.32384300232,2458
9977.320909500122,2504
9978.317975997925,2486
9979.315280914307,2534
9980.313301086426,2538
9981.310367584229,2550
9982.30767250061,2550
9983.304977416992,2526
9984.302043914795,2544
9985.299348831177,2546
9986.296653747559,2586
9987.29419708252,2578
9988.291501998901,2586
9989.288568496704,2578
9990.286350250244,2570
9991.283416748047,2602
9992.280721664429,2618
9993.27802658081,2596
9994.275569915771,2574
9995.272636413574,2524
9996.269941329956,2522
9997.267246246338,2510
9998.264789581299,2516
9999.26209449768,2520
10000.259160995483,2522
10001.256942749023,2518
10002.254009246826,2510
10003.265857696533,2546
10004.24861907959,2546
10005.245923995972,2522
10006.243228912354,2522
10007.240533828735,2486
10008.238077163696,2510
10009.235382080078,2488
10010.23268699646,2510
10011.229753494263,2546
10012.227058410645,2550
10013.224601745605,2530
10014.24789428711,2542
10015.21921157837,2518
10016.216039657593,2554
10017.213344573975,2514
10018.22805404663,2598
10019.208669662476,2550
10020.205736160278,2518
10021.20327949524,2546
10022.202491760254,2522
10023.197889328003,2534
10024.195194244385,2514
10025.192499160767,2502
10026.190042495728,2502
10027.18710899353,2502
10028.184175491333,2522
10029.181957244873,2528
10030.179262161255,2522
10031.176328659058,2518
10032.190322875977,2510
10033.176898956299,2536
10034.168481826782,2486
10035.197257995605,2534
10036.190509796143,2526
10037.19449043274,2538
10038.193225860596,2568
10039.191007614136,2546
10040.181636810303,2542
10041.18037223816,2576
10042.176008224487,2550
10043.173551559448,2554
10044.17109489441,2554
10045.167922973633,2570
10046.165943145752,2570
10047.162771224976,2574
10048.161268234253,2600
10049.15738105774,2544
10050.14157295227,2612
10051.12338066101,2548
10052.120208740234,2554
10053.117752075195,2558
10054.115295410156,2518
10055.142879486084,2538
10056.110382080078,2554
10057.137489318848,2518
10058.139085769653,2522
10059.132814407349,2544
10060.129404067993,2556
10061.126470565796,2558
10062.123775482178,2494
10063.092708587646,2542
10064.11862373352,2546
10065.087080001831,2510
10066.084146499634,2514
10067.0804977417,2520
10068.077802658081,2500
10069.076538085938,2510
10070.074081420898,2512
10071.071147918701,2510
10072.089195251465,2542
10073.06432723999,2526
10074.061632156372,2542
10075.06012916565,2514
10076.056718826294,2514
10077.054500579834,2514
10078.052043914795,2522
10079.049348831177,2558
10080.048561096191,2512
10081.045150756836,2522
10082.041263580322,2540
10083.038568496704,2536
10084.036111831665,2522
10085.033416748047,2540
10086.030721664429,2522
10087.027788162231,2512
10088.025331497192,2506
10089.022636413574,2534
10090.020179748535,2542
10091.01676940918,2546
10092.01431274414,2534
10093.011617660522,2554
10094.008684158325,2546
10095.006465911865,2570
10096.00305557251,2570
10097.00083732605,2570
10097.998857498169,2570
10098.995685577393,2570
10099.992513656616,2574
10100.990533828735,2534
10101.987600326538,2596
10102.98490524292,2578
10103.982210159302,2556
10104.979515075684,2586
10105.977535247803,2552
10106.974363327026,2558
10107.97142982483,2546
10108.96897315979,2546
10109.965801239014,2542
10110.963821411133,2526
10111.960649490356,2522
10112.958431243896,2506
10113.9554977417,2486
10114.967346191406,2526
10115.950345993042,2534
10116.947650909424,2522
10117.944717407227,2546
10118.942022323608,2542
10119.939088821411,2550
10120.93710899353,2546
10121.934175491333,2544
10122.932195663452,2524
10123.928785324097,2574
10124.926090240479,2546
10125.92363357544,2554
10126.920938491821,2526
10127.918243408203,2546
10128.91936302185,2510
10129.913806915283,2574
10130.924463272095,2558
10131.921529769897,2522
10132.904767990112,2526
10133.902311325073,2526
10134.899377822876,2572
10135.896682739258,2554
10136.894464492798,2518
10137.8915309906,2518
10138.888835906982,2514
10139.886856079102,2538
10140.883684158325,2668
10141.880750656128,2520
10142.87805557251,2526
10143.87559890747,2542
10144.872903823853,2538
10145.870208740234,2534
10146.867513656616,2514
10147.865295410156,2510
10148.86212348938,2542
10149.858951568604,2558
10150.857210159302,2542
10151.854276657104,2522
10152.851581573486,2534
10153.848648071289,2542
10154.84619140625,2558
10155.843496322632,2572
10156.841278076172,2542
10157.838344573975,2546
10158.835649490356,2570
10159.832239151001,2602
10160.830736160278,2584
10161.827564239502,2556
10162.824869155884,2542
10163.822174072266,2550
10164.819955825806,2550
10165.81678390503,2518
10166.814088821411,2520
10167.811155319214,2506
10168.808937072754,2484
10169.805765151978,2506
10170.803785324097,2470
10171.801090240479,2472
10172.798871994019,2478
10173.795461654663,2492
10174.792766571045,2524
10175.790309906006,2534
10176.787614822388,2516
10177.78468132019,2554
10178.78246307373,2558
10179.779052734375,2546
10180.777072906494,2532
10181.77342414856,2550
10182.770490646362,2544
10183.768033981323,2586
10184.765577316284,2572
10185.762643814087,2580
10186.760187149048,2556
10187.75749206543,2550
10188.754796981812,2574
10189.752101898193,2578
10190.749645233154,2594
10191.746711730957,2556
10192.744016647339,2586
10193.7415599823,2522
10194.738626480103,2506
10195.735931396484,2522
10196.762323379517,2554
10197.731733322144,2578
10198.756217956543,2576
10199.72562789917,2542
10200.751066207886,2758
10201.75313949585,2576
10202.725648880005,2554
10203.74345779419,2546
10204.739809036255,2528
10205.710172653198,2502
10206.70771598816,2502
10207.704782485962,2518
10208.702325820923,2538
10209.698915481567,2574
10210.697174072266,2550
10211.694240570068,2518
10212.69154548645,2526
10213.688850402832,2550
10214.686393737793,2576
10215.683460235596,2578
10216.680765151978,2552
10217.678785324097,2526
10218.6758518219,2542
10219.673871994019,2536
10220.670461654663,2576
10221.668243408203,2550
10222.666025161743,2580
10223.662853240967,2554
10224.660158157349,2574
10225.657224655151,2578
10226.654529571533,2586
10227.652072906494,2598
10228.649377822876,2586
10229.646921157837,2586
10230.64374923706,2538
10231.6415309906,2558
10232.638597488403,2522
10233.650922775269,2544
10234.633684158325,2570
10235.630989074707,2542
10236.628293991089,2472
10237.625360488892,2490
10238.622665405273,2430
10239.620208740234,2522
10240.617275238037,2488
10241.613864898682,2492
10242.613077163696,2474
10243.610382080078,2482
10244.60744857788,2526
10245.604753494263,2520
10246.602058410645,2578
10247.597694396973,2550
10248.621940612793,2574
10249.592542648315,2546
10250.618934631348,2578
10251.614332199097,2554
10252.618074417114,2598
10253.617286682129,2610
10254.612922668457,2590
10255.577087402344,2578
10256.574392318726,2582
10257.571458816528,2544
10258.56876373291,2550
10259.565830230713,2526
10260.563611984253,2542
10261.560678482056,2514
10262.558221817017,2522
10263.555526733398,2534
10264.553308486938,2558
10265.550136566162,2554
10266.547441482544,2558
10267.544746398926,2622
10268.542051315308,2534
10269.540071487427,2606
10270.53689956665,2622
10271.534204483032,2578
10272.531270980835,2550
10273.529291152954,2502
10274.526357650757,2466
10275.52342414856,2456
10276.520490646362,2448
10277.518272399902,2450
10278.515577316284,2474
10279.513359069824,2450
10280.510425567627,2450
10281.50749206543,2474
10282.504796981812,2482
10283.502340316772,2510
10284.499406814575,2508
10285.496711730957,2506
10286.494016647339,2492
10287.49132156372,2510
10288.488864898682,2484
10289.486646652222,2510
10290.483713150024,2510
10291.480779647827,2634
10292.478084564209,2514
10293.47538948059,2574
10294.472694396973,2570
10295.470237731934,2600
10296.467304229736,2542
10297.464847564697,2602
10298.462390899658,2586
10299.460172653198,2580
10300.456762313843,2582
10301.454305648804,2578
10302.451372146606,2630
10303.448677062988,2638
10304.44622039795,2648
10305.443525314331,2578
10306.440830230713,2546
10307.438135147095,2582
10308.435678482056,2546
10309.432744979858,2546
10310.43028831482,2584
10311.427593231201,2512
10312.424659729004,2524
10313.421964645386,2574
10314.420461654663,2602
10315.416812896729,2570
10316.41435623169,2538
10317.411184310913,2534
10318.408966064453,2518
10319.406509399414,2534
10320.403575897217,2526
10321.40064239502,2518
10322.39818572998,2518
10323.395490646362,2506
10324.392795562744,2482
10325.402021408081,2510
10326.387405395508,2510
10327.38471031189,2490
10328.38225364685,2522
10329.379320144653,2520
10330.377578735352,2518
10331.374168395996,2526
10332.371473312378,2508
10333.36877822876,2526
10334.366083145142,2492
10335.363149642944,2482
10336.360931396484,2470
10337.357997894287,2494
10338.355541229248,2492
10339.354276657104,2506
10340.350151062012,2508
10341.347455978394,2506
10342.344522476196,2518
10343.342304229736,2522
10344.339370727539,2486
10345.33667564392,2546
10346.334218978882,2522
10347.331285476685,2514
10348.328828811646,2528
10349.325895309448,2512
10350.324153900146,2492
10351.320743560791,2522
10352.318048477173,2542
10353.315591812134,2582
10354.312658309937,2558
10356.308460235596,2552
10356.308460235596,2574
10357.303857803345,2578
10358.301401138306,2608
10360.29577255249,2606
10360.29577255249,2598
10361.293315887451,2546
10363.287925720215,2522
10364.293098449707,2534
10365.282535552979,2574
10366.27984046936,2506
10367.277145385742,2520
10368.274688720703,2506
10369.271993637085,2506
10370.269298553467,2506
10371.26636505127,2526
10372.26390838623,2514
10373.261451721191,2494
10374.258518218994,2490
10375.256061553955,2470
10376.253366470337,2420
10377.25043296814,2446
10378.247737884521,2456
10379.245281219482,2482
10380.242586135864,2494
10381.239891052246,2512
10382.237195968628,2526
10383.23450088501,2546
10384.231805801392,2594
10385.229110717773,2606
10386.226415634155,2622
10387.223958969116,2630
10388.221025466919,2654
10389.21856880188,2672
10390.215873718262,2662
10391.213178634644,2676
10392.210483551025,2634
10393.208026885986,2610
10394.205093383789,2598
10395.20239830017,2558
10396.199941635132,2548
10397.197246551514,2544
10398.194551467896,2542
10399.191856384277,2534
10400.189399719238,2552
10401.186466217041,2586
10402.183771133423,2622
10403.194427490234,2638
10404.178857803345,2672
10406.183242797852,2650
10406.183242797852,2662
10407.191514968872,2598
10407.191514968872,2624
10409.327268600464,2614
10409.327268600464,2632
10410.426378250122,2642
10411.423444747925,2610
10412.420511245728,2634
10413.41757774353,2618
10414.41535949707,2618
10415.412187576294,2538
10416.409492492676,2482
10417.406797409058,2398
10418.404817581177,2350
10419.401168823242,2332
10420.399188995361,2386
10421.396732330322,2394
10422.393798828125,2450
10423.390865325928,2426
10424.40152168274,2498
10425.385475158691,2512
10426.383018493652,2508
10427.380084991455,2544
10428.377866744995,2604
10429.374933242798,2582
10430.371761322021,2646
10431.369543075562,2678
10432.367086410522,2718
10433.364152908325,2764
10434.362411499023,2768
10435.358762741089,2778
10436.35630607605,2738
10437.353610992432,2742
10439.348459243774,2706
10439.348459243774,2674
10440.345764160156,2602
10441.342830657959,2518
10442.34013557434,2462
10444.335222244263,2410
10444.335222244263,2410
10445.332050323486,2394
10446.329832077026,2382
10447.32689857483,2398
10448.324203491211,2406
10449.321508407593,2408
10450.319766998291,2442
10451.316356658936,2486
10452.313423156738,2506
10453.3109664917,2508
10454.308271408081,2474
10455.305337905884,2476
10456.303119659424,2510
10457.300424575806,2518
10458.297491073608,2526
10460.29257774353,2534
10460.29257774353,2502
10461.289644241333,2478
10462.286949157715,2518
10464.285373687744,2550
10465.27886390686,2570
10466.276168823242,2610
10467.273712158203,2610
10468.271017074585,2622
10469.268083572388,2662
10470.265865325928,2702
10471.26293182373,2686
10472.260236740112,2702
10473.257541656494,2654
10474.255084991455,2614
10475.252151489258,2578
10476.24945640564,2588
10477.246761322021,2580
10478.244304656982,2598
10479.241609573364,2552
10480.239152908325,2538
10481.236457824707,2518
10482.23352432251,2534
10483.230829238892,2574
10484.228134155273,2554
10485.224485397339,2514
10486.2220287323,2506
10487.220048904419,2490
10488.217830657959,2454
10489.214897155762,2470
10490.212440490723,2454
10491.209745407104,2410
10492.206811904907,2394
10493.204355239868,2410
10494.20142173767,2426
10495.198011398315,2452
10496.195316314697,2474
10497.19262123108,2486
10498.189926147461,2494
10499.187469482422,2528
10500.184774398804,2542
10501.182079315186,2578
10502.179145812988,2574
10503.176927566528,2552
10504.173994064331,2546
10505.171298980713,2550
10506.168365478516,2580
10507.165908813477,2598
10508.163213729858,2548
10509.16075706482,2546
10510.159730911255,2548
10511.156797409058,2506
10512.154340744019,2482
10513.151407241821,2430
10514.148950576782,2470
10515.146493911743,2468
10516.143560409546,2522
10517.140626907349,2474
10518.13793182373,2518
10519.135475158691,2582
10520.133018493652,2640
10521.130084991455,2630
10522.127628326416,2634
10523.124694824219,2602
10524.12223815918,2550
10525.119304656982,2522
10526.143789291382,2518
10527.14204788208,2510
10528.137922286987,2474
10529.13784980774,2478
10530.132532119751,2472
10531.103134155273,2514
10532.128095626831,2448
10533.097743988037,2500
10534.095048904419,2504
10535.092115402222,2526
10536.089420318604,2534
10537.086963653564,2552
10538.084268569946,2590
10539.081573486328,2602
10540.079832077026,2590
10541.07666015625,2622
10542.074203491211,2618
10543.070554733276,2602
10544.068336486816,2616
10545.065641403198,2624
10546.062707901001,2606
10547.060012817383,2558
10548.058271408081,2520
10549.055099487305,2500
10550.052881240845,2474
10551.049709320068,2542
10552.046775817871,2516
10553.044080734253,2522
10554.041385650635,2534
10555.038690567017,2536
10556.036472320557,2518
10557.03353881836,2514
10558.03108215332,2480
10559.028148651123,2486
10560.025691986084,2494
10561.022758483887,2494
10562.020301818848,2460
10563.01760673523,2474
10564.014673233032,2490
10565.012216567993,2486
10566.009521484375,2488
10567.006826400757,2504
10568.004369735718,2478
10569.00143623352,2484
10569.99921798706,2550
10570.996046066284,2542
10571.993827819824,2574
10572.991132736206,2538
10573.988199234009,2548
10574.985265731812,2498
10575.982809066772,2498
10576.980113983154,2458
10577.977418899536,2466
10578.974962234497,2462
10579.97179031372,2494
10580.977201461792,2480
10581.966638565063,2514
10582.964181900024,2538
10583.961486816406,2514
10584.958553314209,2512
10585.956335067749,2508
10586.953401565552,2526
10587.950468063354,2518
10588.948011398315,2556
10589.945316314697,2554
10590.943098068237,2598
10591.94016456604,2542
10592.937469482422,2558
10593.934774398804,2574
10594.932079315186,2614
10595.929384231567,2630
10596.926927566528,2572
10597.924709320068,2586
10598.921298980713,2552
10599.918127059937,2554
10600.916624069214,2610
10601.913452148438,2586
10602.91075706482,2570
10603.90830039978,2558
10604.905366897583,2524
10605.9091091156,2518
10606.900215148926,2490
10607.897520065308,2460
10608.89458656311,2468
10609.90285873413,2502
10610.889911651611,2538
10611.886978149414,2602
10612.884044647217,2630
10613.881587982178,2666
10614.879131317139,2666
10615.876197814941,2674
10616.873741149902,2664
10617.870807647705,2646
10618.868112564087,2600
10619.865655899048,2554
10620.863199234009,2574
10621.860265731812,2584
10622.858047485352,2542
10623.855113983154,2576
10624.852180480957,2558
10625.849485397339,2576
10626.84679031372,2610
10627.844333648682,2606
10628.841638565063,2574
10629.838228225708,2610
10630.836725234985,2554
10631.833553314209,2584
10632.830619812012,2552
10635.040760040283,2574
10635.040760040283,2518
10636.122465133667,2510
10637.046337127686,2502
10638.167381286621,2484
10639.165878295898,2546
10640.164136886597,2500
10641.162157058716,2454
10642.159223556519,2398
10643.1565284729,2378
10644.154071807861,2410
10645.151138305664,2450
10646.148681640625,2490
10647.145986557007,2538
10648.15640449524,2534
10649.141073226929,2586
10650.167226791382,2616
10651.164293289185,2602
10652.161598205566,2522
10653.157949447632,2510
10654.155254364014,2482
10655.152559280396,2490
10656.121969223022,2470
10657.145977020264,2478
10658.143997192383,2502
10659.113883972168,2506
10660.110712051392,2508
10661.108016967773,2514
10662.105321884155,2546
10663.102626800537,2608
10664.099931716919,2666
10665.098905563354,2730
10666.09525680542,2738
10667.092561721802,2778
10668.090343475342,2782
10669.087648391724,2796
10670.086145401001,2742
10671.083211898804,2698
10672.079801559448,2662
10673.07710647583,2598
10674.074411392212,2576
10675.072193145752,2550
10676.069259643555,2512
10677.066564559937,2450
10678.06363105774,2450
10679.060935974121,2426
10680.058479309082,2424
10681.05673789978,2374
10682.081460952759,2366
10683.078050613403,2384
10684.075117111206,2382
10685.072422027588,2368
10686.06972694397,2390
10687.038660049438,2400
10688.03596496582,2450
10689.033269882202,2452
10690.0315284729,2502
10691.028118133545,2534
10692.025184631348,2492
10693.022727966309,2502
10694.02003288269,2532
10695.017099380493,2590
10696.015357971191,2586
10697.012186050415,2602
10698.009967803955,2572
10699.0065574646,2576
10700.004577636719,2602
10701.001405715942,2610
10701.998710632324,2610
10702.995777130127,2586
10703.993320465088,2572
10704.990863800049,2610
10705.996036529541,2606
10706.985473632812,2618
10707.982778549194,2558
10708.979845046997,2552
10709.977865219116,2526
10710.97469329834,2482
10711.971998214722,2462
10712.969303131104,2430
10713.966846466064,2456
10714.964389801025,2454
10715.961217880249,2456
10716.95852279663,2426
10717.956066131592,2454
10718.953132629395,2442
10719.950199127197,2462
10720.948696136475,2474
10721.94528579712,2454
10722.943782806396,2446
10723.939895629883,2468
10724.937200546265,2490
10725.935220718384,2518
10726.932048797607,2542
10727.929592132568,2550
10728.926658630371,2558
10729.923486709595,2634
10730.924367904663,2582
10731.919288635254,2586
10732.916116714478,2574
10733.91342163086,2574
10734.910726547241,2546
10735.908031463623,2512
10736.918687820435,2490
10737.902641296387,2510
10738.899946212769,2510
10739.897012710571,2542
10740.89503288269,2544
10741.892337799072,2548
10742.889404296875,2552
10743.886709213257,2608
10744.88377571106,2578
10745.88131904602,2582
10746.878862380981,2606
10747.876167297363,2554
10748.873472213745,2606
10749.870300292969,2610
10750.868558883667,2644
10751.86538696289,2638
10752.862691879272,2634
10753.859996795654,2622
10754.857063293457,2558
10755.854845046997,2554
10756.852149963379,2538
10757.84945487976,2520
10758.846521377563,2538
10759.843587875366,2498
10760.841846466064,2512
10761.838674545288,2498
10762.83597946167,2546
10763.833284378052,2518
10764.831066131592,2552
10765.827894210815,2538
10766.825437545776,2578
10767.822742462158,2576
10768.819808959961,2582
10769.816637039185,2602
10770.815134048462,2570
10771.811962127686,2558
10772.809982299805,2554
10773.806810379028,2556
10774.803876876831,2556
10775.801181793213,2526
10776.798725128174,2512
10777.796030044556,2510
10778.793096542358,2506
10779.790163040161,2476
10780.78842163086,2474
10781.785488128662,2450
10782.782554626465,2378
10783.780097961426,2318
10784.777402877808,2238
10785.77470779419,2206
10786.772012710571,2194
10787.769317626953,2250
10788.767099380493,2346
10789.764881134033,2424
10790.761709213257,2506
10791.759252548218,2572
10792.7565574646,2616
10793.75410079956,2638
10794.77834701538,2678
10795.775175094604,2682
10796.745538711548,2710
10797.74284362793,2702
10798.740148544312,2734
10799.737453460693,2726
10800.734758377075,2746
10801.732063293457,2742
10802.729368209839,2726
10803.72667312622,2670
10804.723978042603,2666
10805.721282958984,2602
10806.718587875366,2610
10807.716369628906,2582
10808.71319770813,2538
10809.71097946167,2504
10810.708045959473,2486
10811.705350875854,2450
10812.702655792236,2474
10813.699960708618,2506
10814.697980880737,2526
10815.694808959961,2502
10816.692113876343,2506
10817.692518234253,2488
10818.686723709106,2542
10819.68355178833,2522
10820.68133354187,2484
10821.678638458252,2520
10822.676658630371,2518
10823.673248291016,2540
10824.670553207397,2554
10825.668096542358,2580
10826.66540145874,2546
10827.662706375122,2554
10828.660011291504,2534
10829.656839370728,2522
10830.654621124268,2538
10831.65192604065,2540
10832.64946937561,2536
10833.646774291992,2506
10834.643840789795,2538
10835.641145706177,2510
10836.638689041138,2514
10837.63599395752,2538
10838.633298873901,2506
10839.6315574646,2534
10840.628147125244,2484
10841.625452041626,2510
10842.622518539429,2486
10843.62006187439,2508
10844.617128372192,2510
10845.614671707153,2554
10846.612215042114,2514
10847.609043121338,2502
10848.606586456299,2518
10849.604845046997,2518
10850.601434707642,2538
10851.598739624023,2550
10852.596044540405,2534
10853.593349456787,2522
10854.590654373169,2576
10855.58795928955,2538
10856.58574104309,2552
10857.582807540894,2538
10858.580112457275,2548
10859.577894210815,2526
10860.574960708618,2546
10861.57202720642,2538
10862.569570541382,2550
10863.566637039185,2554
10864.564180374146,2554
10865.561485290527,2554
10866.55855178833,2514
10867.55633354187,2514
10868.553161621094,2526
10869.550943374634,2546
10870.548009872437,2538
10871.545553207397,2512
10872.542381286621,2518
10873.539924621582,2538
10874.537229537964,2594
10875.534534454346,2602
10876.531839370728,2582
10877.52914428711,2546
10878.52668762207,2550
10879.523515701294,2582
10880.521297454834,2554
10881.518840789795,2550
10882.515907287598,2558
10883.51321220398,2598
10884.510517120361,2526
10885.508060455322,2548
10886.505365371704,2574
10887.502431869507,2542
10888.500213623047,2546
10889.498949050903,2550
10890.494585037231,2516
10891.491889953613,2560
10892.489433288574,2546
10893.486738204956,2554
10894.483804702759,2554
10895.481586456299,2556
10896.478652954102,2538
10897.475957870483,2544
10898.473262786865,2534
10899.471521377563,2522
10900.468111038208,2512
10901.46517753601,2516
10902.462720870972,2538
10903.460025787354,2506
10904.457092285156,2542
10905.454635620117,2536
10906.452178955078,2550
10907.44924545288,2558
10908.446550369263,2602
10909.444093704224,2574
10910.442113876343,2578
10911.438703536987,2570
10912.43577003479,2552
10913.433313369751,2550
10914.430856704712,2570
10915.427923202515,2514
10916.425228118896,2512
10917.422771453857,2542
10918.41983795166,2542
10919.418096542358,2534
10920.414686203003,2518
10921.411991119385,2458
10922.409057617188,2456
10923.406839370728,2460
10924.40414428711,2506
10925.401210784912,2494
10926.398515701294,2494
10927.396059036255,2502
10928.393363952637,2474
10929.390668869019,2512
10930.388689041138,2522
10931.385517120361,2516
10932.382583618164,2502
10933.379888534546,2514
10934.377193450928,2514
10935.374736785889,2534
10936.371803283691,2506
10937.369346618652,2526
10939.364671707153,2572
10939.364671707153,2580
10940.377473831177,2570
10941.358804702759,2542
10942.355871200562,2582
10943.353176116943,2584
10944.350719451904,2596
10945.347785949707,2554
10946.345329284668,2558
10947.34263420105,2534
10948.34017753601,2536
10949.337244033813,2538
10950.334787368774,2538
10951.332092285156,2550
10952.329397201538,2546
10953.32670211792,2512
10954.323768615723,2572
10956.324815750122,2542
10956.324815750122,2534
10957.315921783447,2540
10958.31322669983,2574
10959.310293197632,2542
10960.308074951172,2556
10961.305618286133,2540
10962.302684783936,2584
10964.296817779541,2574
10964.296817779541,2610
10965.29483795166,2596
10966.292142868042,2590
10968.286514282227,2534
10969.284057617188,2606
10970.281839370728,2584
10971.278667449951,2554
10972.275972366333,2508
10973.273277282715,2484
10974.270582199097,2520
10975.267887115479,2502
10976.26543045044,2534
10977.262735366821,2538
10978.259801864624,2518
10979.257345199585,2478
10980.254888534546,2486
10981.251955032349,2486
10982.249021530151,2518
10983.246564865112,2546
10984.243869781494,2536
10985.241174697876,2510
10986.238718032837,2536
10987.236022949219,2546
10988.233089447021,2570
10989.236116409302,2546
10990.227460861206,2554
10991.224527359009,2538
10992.221593856812,2558
10993.220090866089,2570
10994.217157363892,2590
10995.214462280273,2598
10996.212005615234,2622
10997.209310531616,2616
10998.206853866577,2594
10999.20392036438,2614
11000.20170211792,2622
11001.198768615723,2638
11002.196073532104,2610
11003.193140029907,2594
11004.190683364868,2558
11005.18798828125,2578
11006.185531616211,2550
11007.182836532593,2544
11008.179903030396,2526
11009.177207946777,2524
11010.173797607422,2526
11011.170864105225,2542
11012.168407440186,2510
11013.166189193726,2522
11014.163970947266,2526
11015.161514282227,2542
11016.15858078003,2536
11017.155885696411,2522
11018.15414428711,2518
11019.150972366333,2544
11020.148277282715,2590
11021.145343780518,2590
11022.1426486969,2536
11023.14043045044,2516
11024.137020111084,2522
11025.134801864624,2538
11026.132106781006,2570
11027.129173278809,2510
11028.12671661377,2518
11029.124021530151,2486
11030.121803283691,2514
11031.118631362915,2510
11032.115936279297,2482
11033.114194869995,2520
11034.11054611206,2548
11035.108089447021,2490
11036.105155944824,2470
11037.102699279785,2468
11038.099765777588,2482
11039.097309112549,2504
11040.094375610352,2492
11041.092157363892,2458
11042.089223861694,2468
11043.086528778076,2478
11044.083833694458,2484
11045.08113861084,2500
11046.0786819458,2518
11047.075748443604,2510
11048.073530197144,2522
11049.070835113525,2514
11050.068616867065,2510
11051.06520652771,2550
11052.062511444092,2544
11053.059816360474,2534
11054.057359695435,2546
11055.054426193237,2550
11056.052207946777,2556
11057.04927444458,2552
11058.04705619812,2550
11059.043884277344,2578
11060.040950775146,2558
11061.038970947266,2534
11062.03579902649,2578
11063.03334236145,2554
11064.030647277832,2546
11065.027952194214,2542
11066.025257110596,2510
11067.022800445557,2536
11068.01986694336,2510
11069.017171859741,2510
11070.014953613281,2534
11071.012020111084,2574
11072.009086608887,2574
11073.013544082642,2542
11074.00393486023,2526
11075.001239776611,2538
11076.01523399353,2574
11076.996564865112,2558
11077.993631362915,2556
11078.990936279297,2552
11079.987287521362,2574
11080.998182296753,2554
11081.982612609863,2546
11082.979917526245,2538
11083.977222442627,2554
11084.974765777588,2534
11085.97183227539,2526
11086.969137191772,2522
11087.966680526733,2542
11088.963985443115,2548
11089.961767196655,2514
11090.958833694458,2506
11091.95590019226,2508
11092.953205108643,2482
11093.950510025024,2490
11094.958782196045,2542
11095.945119857788,2550
11096.942663192749,2502
11097.940444946289,2514
11098.937273025513,2510
11099.934816360474,2554
11100.931882858276,2546
11101.929187774658,2550
11102.92673110962,2538
11103.923797607422,2526
11104.921340942383,2518
11105.92007637024,2546
11106.916189193726,2548
11107.916593551636,2542
11108.912706375122,2550
11109.908103942871,2542
11110.917091369629,2554
11111.912965774536,2582
11112.900018692017,2578
11113.89708518982,2574
11114.895105361938,2548
11115.891933441162,2518
11116.889238357544,2504
11117.886304855347,2554
11118.884086608887,2576
11119.881629943848,2538
11120.87869644165,2542
11121.875762939453,2526
11122.874021530151,2570
11123.870611190796,2578
11124.869108200073,2518
11125.865459442139,2526
11126.86276435852,2538
11127.859830856323,2576
11128.857135772705,2510
11129.854440689087,2522
11130.852460861206,2538
11131.84928894043,2570
11132.846593856812,2570
11133.843898773193,2578
11134.841203689575,2550
11135.838508605957,2570
11136.835813522339,2570
11137.83311843872,2588
11138.830423355103,2574
11139.827251434326,2600
11140.824556350708,2572
11141.82186126709,2548
11142.818927764893,2558
11143.816232681274,2594
11144.813776016235,2590
11145.811080932617,2582
11146.80814743042,2554
11147.80592918396,2534
11148.802995681763,2522
11149.800300598145,2522
11150.797605514526,2502
11151.795148849487,2504
11152.79221534729,2502
11153.789520263672,2502
11154.787063598633,2490
11155.786037445068,2520
11156.810283660889,2484
11157.80758857727,2462
11158.807277679443,2458
11159.775018692017,2418
11160.771369934082,2474
11161.769390106201,2502
11162.766456604004,2526
11163.763761520386,2502
11164.761781692505,2514
11165.758609771729,2490
11166.755676269531,2510
11167.753219604492,2542
11168.750524520874,2536
11169.748544692993,2538
11172.391414642334,2524
11172.739267349243,2546
11172.739267349243,2532
11173.737287521362,2534
11174.666166305542,2546
11175.665855407715,2590
11176.727056503296,2546
11177.724361419678,2584
11178.721904754639,2558
11179.718494415283,2542
11180.71961402893,2542
11181.714296340942,2558
11182.710647583008,2540
11183.708667755127,2554
11184.706449508667,2534
11185.702323913574,2534
11186.70105934143,2552
11187.696933746338,2582
11188.695907592773,2546
11189.69178199768,2572
11190.690517425537,2552
11191.687822341919,2574
11192.683696746826,2546
11193.681716918945,2574
11194.679737091064,2546
11195.675611495972,2554
11196.672916412354,2576
11197.681665420532,2514
11198.668956756592,2552
11199.665069580078,2516
11200.663805007935,2586
11201.65991783142,2578
11202.65793800354,2544
11203.654289245605,2522
11204.652786254883,2502
11205.650568008423,2486
11206.64644241333,2510
11207.64446258545,2534
11208.642482757568,2536
11209.638357162476,2502
11210.636615753174,2478
11211.634397506714,2478
11212.631225585938,2526
11213.62853050232,2514
11214.62631225586,2490
11215.62385559082,2494
11216.620445251465,2506
11217.617988586426,2486
11218.615293502808,2514
11219.611883163452,2504
11220.61038017273,2534
11221.607208251953,2510
11222.606182098389,2518
11223.601818084717,2528
11224.599123001099,2542
11225.59666633606,2548
11226.593971252441,2546
11227.611780166626,2570
11228.588581085205,2548
11229.58493232727,2538
11230.583190917969,2548
11231.58049583435,2578
11232.577800750732,2602
11233.575344085693,2594
11234.572410583496,2548
11235.574007034302,2578
11236.567258834839,2576
11237.56456375122,2578
11238.561868667603,2582
11239.558458328247,2598
11240.557432174683,2586
11241.553783416748,2546
11242.55108833313,2542
11243.54863166809,2578
11244.545698165894,2574
11245.543718338013,2586
11246.540546417236,2586
11247.53737449646,2550
11248.534679412842,2546
11249.533653259277,2550
11250.530004501343,2576
11251.527309417725,2554
11252.524614334106,2560
11253.522157669067,2542
11254.51946258545,2546
11255.516767501831,2538
11256.514310836792,2550
11257.511377334595,2522
11258.508682250977,2546
11259.506702423096,2518
11260.50353050232,2514
11261.500835418701,2526
11262.498140335083,2508
11263.495683670044,2574
11264.493227005005,2550
11265.490055084229,2490
11266.48736000061,2482
11267.484903335571,2498
11268.482208251953,2522
11269.479751586914,2522
11270.476818084717,2518
11271.474123001099,2510
11272.47142791748,2490
11273.468732833862,2514
11274.466276168823,2490
11275.463342666626,2518
11276.460647583008,2522
11277.458429336548,2522
11278.45549583435,2538
11279.453039169312,2552
11280.450105667114,2522
11281.448602676392,2530
11282.444953918457,2516
11283.44202041626,2514
11284.43956375122,2494
11285.436868667603,2458
11286.434173583984,2510
11287.431240081787,2522
11288.428783416748,2514
11289.426326751709,2502
11290.42363166809,2490
11291.420936584473,2510
11292.418241500854,2504
11293.415307998657,2510
11294.412612915039,2514
11295.41015625,2514
11296.407461166382,2522
11297.404766082764,2510
11298.401832580566,2540
11299.399852752686,2522
11300.39668083191,2546
11301.393985748291,2534
11302.391529083252,2534
11303.388833999634,2542
11304.385900497437,2604
11305.383682250977,2578
11306.394100189209,2558
11307.37829208374,2542
11308.375358581543,2560
11309.371709823608,2550
11310.36901473999,2526
11311.366081237793,2542
11312.363386154175,2550
11314.358234405518,2574
11314.358234405518,2550
11315.3555393219,2522
11316.352605819702,2522
11317.350149154663,2526
11318.347454071045,2538
11319.344520568848,2578
11320.34182548523,2554
11321.33936882019,2538
11322.336673736572,2520
11323.333978652954,2510
11324.331521987915,2554
11325.330018997192,2542
11326.327085494995,2542
11327.324628829956,2574
11328.321933746338,2544
11329.31923866272,2538
11331.314325332642,2546
11332.311630249023,2526
11333.308935165405,2514
11334.306240081787,2514
11335.303544998169,2508
11336.30084991455,2504
11337.297916412354,2526
11338.295459747314,2536
11339.29181098938,2536
11340.289115905762,2538
11341.28737449646,2544
11342.284679412842,2526
11343.281745910645,2522
11344.279289245605,2542
11345.276594161987,2600
11346.27389907837,2586
11347.27144241333,2590
11348.268747329712,2554
11349.265098571777,2586
11350.263118743896,2570
11351.260662078857,2574
11352.25796699524,2546
11353.255271911621,2556
11354.252338409424,2570
11355.24868965149,2554
11356.245994567871,2518
11357.243299484253,2526
11358.240604400635,2542
11359.238147735596,2580
11360.235452651978,2534
11361.23251914978,2506
11362.229824066162,2486
11363.227367401123,2504
11364.230632781982,2506
11365.221738815308,2502
11366.219282150269,2514
11367.21658706665,2456
11368.213891983032,2498
11369.211196899414,2500
11370.208740234375,2534
11371.206045150757,2514
11372.203350067139,2550
11373.2008934021,2538
11374.197959899902,2546
11375.195264816284,2556
11376.192808151245,2546
11377.192258834839,2590
11378.19218635559,2582
11379.19306755066,2498
11380.193710327148,2582
11381.179571151733,2550
11382.192611694336,2554
11383.19206237793,2542
11384.19246673584,2546
11385.192394256592,2530
11386.192798614502,2518
11387.16435432434,2538
11388.161420822144,2550
11389.158964157104,2582
11390.156984329224,2542
11391.153573989868,2574
11392.15064048767,2582
11393.148422241211,2574
11394.145488739014,2570
11395.142793655396,2542
11396.139860153198,2518
11397.137641906738,2482
11398.1351852417,2518
11399.132013320923,2522
11400.130271911621,2534
11401.127099990845,2540
11402.124404907227,2538
11403.12147140503,2538
11404.11901473999,2546
11405.116081237793,2544
11406.113862991333,2558
11407.110929489136,2554
11408.107995986938,2570
11409.1055393219,2578
11410.102367401123,2582
11411.100625991821,2578
11412.097454071045,2582
11413.094758987427,2574
11414.09182548523,2574
11415.08960723877,2526
11416.086673736572,2540
11417.083978652954,2546
11418.092250823975,2544
11419.079780578613,2554
11420.076608657837,2502
11421.074151992798,2538
11422.070980072021,2542
11423.068523406982,2522
11424.065351486206,2504
11425.062894821167,2538
11426.060199737549,2558
11427.057266235352,2526
11428.055047988892,2528
11429.052114486694,2540
11430.048942565918,2534
11431.047439575195,2546
11432.044267654419,2550
11433.04181098938,2554
11434.038639068604,2574
11435.035943984985,2546
11436.033487319946,2550
11437.030792236328,2586
11438.02785873413,2586
11439.02564048767,2558
11440.023422241211,2544
11441.020250320435,2548
11442.017316818237,2558
11443.014860153198,2544
11444.01216506958,2512
11445.009469985962,2514
11446.006774902344,2474
11447.004079818726,2482
11448.001623153687,2468
11448.999166488647,2480
11449.996948242188,2514
11450.993776321411,2512
11451.990604400635,2508
11452.988147735596,2520
11453.985452651978,2522
11454.98275756836,2538
11455.982208251953,2546
11456.977605819702,2552
11457.974910736084,2542
11458.971977233887,2540
11459.969997406006,2546
11460.967063903809,2526
11461.964130401611,2578
11462.961673736572,2518
11463.958978652954,2538
11464.956521987915,2506
11465.953350067139,2526
11466.9508934021,2556
11467.948198318481,2544
11468.945503234863,2506
11469.943284988403,2514
11470.940113067627,2506
11471.937417984009,2514
11472.93496131897,2490
11473.932266235352,2506
11474.929332733154,2490
11475.926876068115,2510
11476.923942565918,2528
11477.921485900879,2584
11478.91879081726,2578
11479.916334152222,2542
11480.913162231445,2546
11481.92024230957,2542
11482.908010482788,2598
11483.905553817749,2556
11484.90285873413,2544
11485.899925231934,2522
11486.897468566895,2510
11487.894773483276,2500
11488.892316818237,2518
11489.889860153198,2534
11490.886926651001,2534
11491.884231567383,2522
11492.881298065186,2514
11493.878841400146,2546
11494.876384735107,2520
11495.87345123291,2502
11496.870756149292,2536
11497.868776321411,2510
11498.865604400635,2510
11499.863147735596,2490
11500.860214233398,2510
11501.85751914978,2558
11502.854824066162,2534
11503.852128982544,2518
11504.849672317505,2504
11505.846738815308,2526
11506.844282150269,2518
11507.841348648071,2506
11508.838891983032,2490
11509.836435317993,2490
11510.833501815796,2494
11511.831045150757,2502
11512.82811164856,2522
11513.825416564941,2538
11514.82343673706,2538
11515.820264816284,2538
11516.817569732666,2494
11517.814636230469,2542
11518.812417984009,2586
11519.80972290039,2574
11520.806789398193,2574
11521.804094314575,2578
11522.801876068115,2586
11523.798942565918,2582
11524.79600906372,2570
11525.79402923584,2558
11526.791334152222,2608
11527.788400650024,2580
11528.785705566406,2598
11529.783725738525,2558
11530.780792236328,2550
11531.77809715271,2574
11532.775402069092,2550
11533.772945404053,2534
11534.769773483276,2558
11535.767555236816,2518
11536.764860153198,2508
11537.762641906738,2506
11538.7601852417,2544
11539.757490158081,2538
11540.753364562988,2526
11541.778802871704,2522
11542.77777671814,2510
11543.771743774414,2512
11544.769287109375,2508
11545.740127563477,2538
11546.737670898438,2518
11547.73497581482,2470
11548.732042312622,2502
11549.730062484741,2506
11550.726890563965,2522
11551.724195480347,2502
11552.721500396729,2474
11553.718566894531,2480
11554.716110229492,2462
11555.713415145874,2492
11556.711435317993,2490
11557.708263397217,2538
11558.70532989502,2508
11559.70311164856,2506
11560.700416564941,2510
11561.697483062744,2534
11562.694787979126,2546
11563.692092895508,2570
11564.689874649048,2544
11565.68694114685,2508
11566.684007644653,2530
11567.681550979614,2558
11568.678855895996,2534
11569.67568397522,2522
11570.67346572876,2536
11571.671485900879,2518
11572.672605514526,2510
11573.665857315063,2508
11574.663400650024,2502
11575.660705566406,2494
11576.657772064209,2486
11577.655553817749,2490
11578.652620315552,2446
11579.650402069092,2470
11580.647230148315,2514
11581.645011901855,2486
11582.64183998108,2516
11583.63938331604,2512
11584.636926651001,2524
11585.633993148804,2522
11586.658477783203,2550
11587.654829025269,2522
11588.62590789795,2548
11589.622974395752,2570
11590.620279312134,2558
11591.617345809937,2546
11592.614650726318,2526
11593.6119556427,2544
11594.609498977661,2544
11595.607042312622,2578
11596.604347229004,2558
11597.601890563965,2538
11598.598718643188,2522
11599.596500396729,2536
11600.593566894531,2506
11601.590871810913,2534
11602.587699890137,2550
11603.585481643677,2522
11604.58254814148,2492
11605.58009147644,2486
11606.577634811401,2510
11607.574701309204,2430
11608.572006225586,2478
11609.569787979126,2518
11610.566854476929,2516
11611.56415939331,2510
11612.561464309692,2534
11613.558769226074,2528
11614.556550979614,2522
11615.553379058838,2518
11617.226362228394,2524
11617.729902267456,2514
11618.72935295105,2532
11619.72689628601,2546
11620.723724365234,2550
11621.721744537354,2538
11622.719287872314,2554
11623.716354370117,2544
11624.71342086792,2574
11625.710725784302,2546
11626.708030700684,2542
11627.705812454224,2540
11628.702640533447,2536
11629.700422286987,2546
11630.69772720337,2578
11631.695032119751,2582
11632.692337036133,2558
11633.689403533936,2572
11634.686946868896,2578
11635.684251785278,2584
11636.681318283081,2542
11637.678861618042,2546
11638.676404953003,2540
11639.673948287964,2550
11640.671014785767,2516
11641.668319702148,2494
11642.66562461853,2486
11643.662691116333,2502
11644.660234451294,2518
11645.657777786255,2534
11646.654844284058,2502
11647.652626037598,2522
11648.6496925354,2502
11649.646997451782,2518
11650.644063949585,2510
11651.641607284546,2526
11652.638912200928,2526
11653.63621711731,2546
11654.633283615112,2514
11655.630826950073,2502
11656.628131866455,2490
11657.625436782837,2506
11658.62250328064,2502
11659.619808197021,2494
11660.617589950562,2476
11661.614894866943,2482
11662.612199783325,2490
11663.609504699707,2538
11664.617538452148,2498
11665.605068206787,2482
11666.60213470459,2458
11667.599201202393,2462
11668.596744537354,2486
11669.594287872314,2450
11670.591354370117,2512
11671.588659286499,2506
11672.59955406189,2482
11673.583507537842,2478
11674.580574035645,2474
11675.577402114868,2486
11676.575660705566,2510
11677.57272720337,2502
11678.570032119751,2490
11679.566144943237,2490
11680.56344985962,2506
11681.560754776001,2526
11682.558059692383,2554
11683.555364608765,2534
11684.552907943726,2518
11685.549974441528,2506
11686.54727935791,2544
11687.544822692871,2546
11688.542127609253,2538
11689.54610824585,2542
11690.536975860596,2540
11691.534280776978,2578
11692.53158569336,2550
11694.526672363281,2534
11694.526672363281,2538
11695.523738861084,2574
11696.520805358887,2554
11697.518348693848,2586
11698.51541519165,2578
11699.512720108032,2588
11700.510025024414,2552
11701.507329940796,2574
11702.504634857178,2544
11703.50193977356,2606
11704.499244689941,2558
11705.496788024902,2522
11706.494092941284,2544
11707.491159439087,2510
11708.488941192627,2534
11709.486246109009,2550
11710.48641204834,2532
11711.482524871826,2498
11712.479591369629,2506
11713.47713470459,2506
11714.474439620972,2542
11715.471506118774,2586
11716.468811035156,2570
11717.466354370117,2550
11718.463659286499,2574
11719.46096420288,2578
11720.457792282104,2542
11721.455574035645,2572
11722.452640533447,2584
11723.44994544983,2598
11724.447250366211,2582
11725.444555282593,2594
11726.441860198975,2586
11727.440118789673,2590
11728.436708450317,2572
11729.43377494812,2534
11730.43155670166,2522
11731.428146362305,2544
11732.425451278687,2526
11733.422994613647,2518
11734.42006111145,2518
11735.417604446411,2514
11736.414670944214,2470
11737.412214279175,2534
11738.409519195557,2510
11739.40634727478,2520
11741.401672363281,2504
11741.401672363281,2508
11742.397785186768,2488
11743.395328521729,2540
11744.39263343811,2520
11745.389699935913,2474
11746.387243270874,2478
11747.384786605835,2514
11748.381853103638,2534
11749.37915802002,2524
11750.37670135498,2518
11751.374006271362,2514
11752.371311187744,2522
11753.368616104126,2526
11754.365921020508,2534
11755.36322593689,2514
11756.360530853271,2526
11757.358074188232,2538
11758.355379104614,2558
11759.352684020996,2538
11760.349750518799,2570
11761.34729385376,2514
11762.344598770142,2526
11764.344692230225,2520
11764.344692230225,2556
11766.347885131836,2550
11766.347885131836,2586
11767.331600189209,2572
11768.328666687012,2526
11769.325971603394,2546
11770.323276519775,2542
11771.320819854736,2570
11772.318124771118,2578
11773.31519126892,2554
11774.312496185303,2502
11775.310039520264,2538
11776.307344436646,2558
11778.302192687988,2584
11779.299974441528,2538
11779.299974441528,2474
11781.293869018555,2546
11782.291412353516,2542
11783.288478851318,2544
11784.2857837677,2582
11785.283327102661,2542
11786.280632019043,2526
11787.277936935425,2522
11788.276672363281,2522
11789.275646209717,2576
11790.271759033203,2550
11791.268825531006,2546
11792.265892028809,2536
11793.26343536377,2554
11794.260740280151,2534
11795.257806777954,2518
11796.255111694336,2538
11797.252416610718,2548
11798.249959945679,2550
11799.248218536377,2536
11800.244808197021,2518
11801.240682601929,2538
11802.23822593689,2510
11803.235292434692,2534
11804.232597351074,2534
11805.229902267456,2550
11806.227445602417,2546
11807.22451210022,2534
11808.221817016602,2550
11809.219121932983,2558
11810.216903686523,2516
11811.213970184326,2572
11812.211275100708,2552
11813.20858001709,2576
11814.223051071167,2538
11815.203189849854,2580
11816.200494766235,2598
11817.197799682617,2558
11818.20821762085,2558
11819.19264793396,2534
11820.189952850342,2546
11821.187257766724,2504
11822.184562683105,2534
11823.181867599487,2544
11824.179410934448,2518
11825.176477432251,2474
11826.173782348633,2482
11827.171325683594,2486
11828.168392181396,2504
11829.165697097778,2540
11830.16324043274,2522
11831.160545349121,2482
11832.157850265503,2514
11833.155155181885,2510
11834.18083190918,2542
11835.177898406982,2538
11836.180925369263,2554
11837.172985076904,2542
11838.170051574707,2546
11839.141607284546,2574
11840.164422988892,2536
11841.162204742432,2558
11842.159271240234,2538
11843.156576156616,2550
11844.154357910156,2546
11845.15118598938,2574
11846.14872932434,2554
11847.14674949646,2542
11848.116636276245,2538
11849.113464355469,2542
11850.111722946167,2514
11851.108074188232,2526
11852.105617523193,2540
11853.102684020996,2514
11854.100227355957,2540
11855.09729385376,2520
11856.095790863037,2486
11857.093095779419,2522
11858.090162277222,2538
11859.086990356445,2502
11860.085010528564,2518
11861.082077026367,2522
11862.07914352417,2528
11863.075971603394,2522
11864.073276519775,2550
11865.071535110474,2522
11866.068124771118,2534
11867.06519126892,2538
11868.062734603882,2582
11869.06099319458,2554
11870.058059692383,2588
11871.054649353027,2550
11872.052192687988,2510
11873.050212860107,2534
11874.046564102173,2542
11875.044107437134,2482
11876.041412353516,2514
11877.038717269897,2520
11878.03602218628,2526
11879.03356552124,2554
11880.03158569336,2534
11881.028175354004,2554
11882.025480270386,2534
11883.022785186768,2522
11884.02009010315,2526
11885.018110275269,2514
11886.014938354492,2512
11887.012243270874,2510
11888.009071350098,2490
11889.006853103638,2500
11890.005350112915,2582
11891.001462936401,2542
11891.998529434204,2522
11892.996311187744,2542
11893.993377685547,2522
11894.990682601929,2552
11895.988464355469,2518
11896.985292434692,2542
11897.983074188232,2526
11898.979902267456,2542
11899.978160858154,2454
11900.974988937378,2514
11901.97205543518,2556
11902.969598770142,2574
11903.966665267944,2578
11904.963970184326,2578
11905.962228775024,2536
11906.958818435669,2502
11907.95612335205,2558
11908.953428268433,2536
11909.951448440552,2542
11910.948276519775,2516
11911.945343017578,2514
11912.94264793396,2500
11913.94019126892,2554
11914.937734603882,2546
11915.934562683105,2540
11916.932106018066,2534
11917.929410934448,2578
11918.92671585083,2526
11919.923543930054,2550
11920.921802520752,2546
11921.918630599976,2572
11922.919034957886,2550
11923.913478851318,2536
11924.9107837677,2534
11925.91905593872,2544
11926.905155181885,2574
11927.902698516846,2586
11928.909301757812,2550
11929.896831512451,2550
11930.894136428833,2554
11931.892156600952,2524
11932.889461517334,2550
11933.886528015137,2522
11934.884071350098,2534
11935.88137626648,2518
11936.878681182861,2526
11937.875986099243,2544
11938.873529434204,2526
11939.871549606323,2570
11942.875146865845,2522
11942.875146865845,2548
11942.875146865845,2546
11943.862438201904,2526
11944.990634918213,2518
11945.992708206177,2518
11947.016954421997,2558
11947.985649108887,2534
11949.01156425476,2534
11949.98025894165,2550
11950.977087020874,2550
11951.974391937256,2558
11952.971696853638,2576
11953.96900177002,2558
11954.96654510498,2554
11955.96432685852,2598
11956.961393356323,2574
11957.958459854126,2526
11958.956003189087,2574
11959.953308105469,2550
11960.95085144043,2542
11961.947441101074,2542
11962.945222854614,2534
11963.943004608154,2532
11964.940547943115,2550
11965.937376022339,2524
11966.93468093872,2536
11967.931985855103,2534
11968.929529190063,2538
11969.926834106445,2538
11970.93391418457,2520
11971.92120552063,2510
11972.919940948486,2538
11973.91653060913,2510
11974.913358688354,2550
11975.910186767578,2570
11976.907730102539,2558
11977.90503501892,2578
11978.906869888306,2602
11979.899406433105,2600
11980.897426605225,2574
11981.903314590454,2554
11982.89155960083,2578
11983.889102935791,2558
11984.886169433594,2552
11985.883712768555,2558
11986.881017684937,2576
11987.877607345581,2550
11988.874912261963,2558
11989.872217178345,2548
11990.869522094727,2526
11991.866827011108,2578
11992.86413192749,2542
11993.861436843872,2526
11994.858980178833,2502
11995.856046676636,2476
11996.853351593018,2486
11997.850894927979,2500
11998.84819984436,2462
11999.845504760742,2542
12000.842809677124,2490
12001.840114593506,2500
12002.837657928467,2490
12003.83472442627,2534
12004.83226776123,2518
12005.829572677612,2514
12006.826877593994,2514
12007.823944091797,2522
12008.821725845337,2522
12009.819030761719,2514
12010.816097259521,2518
12011.813640594482,2538
12012.810945510864,2530
12013.808012008667,2540
12014.805316925049,2542
12015.80286026001,2582
12016.800165176392,2614
12017.797470092773,2578
12018.797397613525,2582
12019.794225692749,2586
12020.79176902771,2584
12021.789073944092,2602
12022.786378860474,2606
12023.783206939697,2598
12024.780750274658,2602
12025.77805519104,2570
12026.775360107422,2584
12027.772903442383,2550
12028.770446777344,2518
12029.767513275146,2514
12030.765056610107,2474
12031.76236152649,2516
12032.759428024292,2478
12033.756732940674,2518
12034.753799438477,2534
12035.753011703491,2570
12036.7751121521,2598
12037.772417068481,2638
12038.769483566284,2634
12039.740085601807,2668
12040.73715209961,2622
12041.734218597412,2630
12042.731761932373,2622
12043.729066848755,2620
12044.726133346558,2574
12045.72343826294,2506
12046.7209815979,2524
12047.718524932861,2534
12048.715591430664,2536
12049.7145652771,2530
12050.710916519165,2506
12051.707744598389,2500
12052.704811096191,2514
12053.702592849731,2510
12054.699420928955,2558
12055.696964263916,2548
12056.694507598877,2546
12057.691812515259,2558
12058.688879013062,2574
12059.685707092285,2518
12060.684442520142,2580
12061.681032180786,2546
12062.678098678589,2578
12063.675880432129,2574
12064.681768417358,2558
12065.670490264893,2554
12066.667318344116,2574
12067.665100097656,2534
12068.662166595459,2570
12069.658994674683,2550
12070.65749168396,2490
12071.654319763184,2540
12072.654724121094,2550
12073.649168014526,2578
12074.64623451233,2542
12075.643539428711,2534
12076.640844345093,2510
12077.638387680054,2518
12078.635692596436,2526
12079.63252067566,2514
12080.630540847778,2482
12081.62784576416,2462
12082.624912261963,2458
12083.623886108398,2486
12084.619998931885,2430
12085.617065429688,2454
12086.61413192749,2448
12087.611436843872,2470
12088.608980178833,2490
12089.607000350952,2542
12090.603828430176,2482
12091.601133346558,2514
12092.59819984436,2534
12093.595743179321,2536
12094.592809677124,2514
12095.590353012085,2518
12096.587657928467,2498
12097.585916519165,2526
12098.58250617981,2522
12099.580526351929,2522
12100.576877593994,2546
12101.574659347534,2522
12102.571487426758,2486
12103.569030761719,2510
12104.566097259521,2538
12105.563879013062,2538
12106.561183929443,2550
12107.558250427246,2538
12108.555793762207,2488
12109.553813934326,2506
12110.55040359497,2506
12111.547708511353,2558
12112.545013427734,2570
12113.542556762695,2526
12114.540100097656,2514
12115.537166595459,2554
12116.53447151184,2578
12117.531538009644,2574
12118.528842926025,2542
12119.527101516724,2550
12120.523929595947,2524
12121.52099609375,2540
12122.517824172974,2538
12123.515844345093,2570
12124.512910842896,2580
12125.510215759277,2572
12126.507759094238,2542
12127.50506401062,2546
12128.502130508423,2590
12129.500389099121,2606
12130.496978759766,2554
12131.494045257568,2558
12132.491827011108,2546
12133.48913192749,2576
12134.486198425293,2558
12135.483741760254,2534
12136.480808258057,2544
12137.478351593018,2534
12138.4756565094,2602
12139.474630355835,2554
12140.470743179321,2514
12141.467809677124,2514
12142.465114593506,2538
12143.462181091309,2542
12144.45948600769,2534
12145.457029342651,2518
12146.454095840454,2512
12147.451639175415,2506
12148.449182510376,2518
12149.446249008179,2494
12150.444507598877,2524
12151.441097259521,2486
12152.438163757324,2522
12153.435707092285,2512
12154.433012008667,2506
12155.430316925049,2494
12156.42786026001,2516
12157.424688339233,2490
12158.422231674194,2482
12159.420251846313,2510
12160.416841506958,2506
12161.414384841919,2542
12162.4116897583,2526
12163.408994674683,2522
12164.407014846802,2522
12165.403604507446,2498
12166.400909423828,2478
12167.39821434021,2510
12168.39575767517,2536
12169.392824172974,2518
12170.390844345093,2492
12171.387910842896,2518
12172.384977340698,2546
12173.382759094238,2538
12174.379825592041,2510
12175.377368927002,2520
12176.374673843384,2528
12177.371978759766,2530
12178.369522094727,2518
12179.367303848267,2548
12180.36413192749,2550
12181.362390518188,2526
12182.358980178833,2570
12183.356285095215,2538
12184.353590011597,2556
12185.351133346558,2554
12186.34819984436,2546
12187.345743179321,2518
12189.342975616455,2518
12189.342975616455,2538
12190.33670425415,2546
12191.335916519165,2546
12192.332029342651,2524
12193.329572677612,2514
12194.326639175415,2522
12195.323944091797,2512
12196.321487426758,2518
12197.31855392456,2538
12198.315858840942,2534
12199.313879013062,2546
12200.310707092285,2536
12202.305316925049,2546
12203.30262184143,2546
12204.299926757812,2546
12205.297231674194,2528
12206.294775009155,2550
12207.292079925537,2544
12208.289384841919,2574
12209.287643432617,2594
12210.28447151184,2582
12211.281299591064,2540
12212.278604507446,2522
12213.276147842407,2510
12214.272737503052,2546
12215.270519256592,2510
12216.268301010132,2480
12217.265367507935,2486
12218.262672424316,2514
12219.259977340698,2538
12220.258712768555,2538
12221.25506401062,2514
12222.251892089844,2510
12223.249197006226,2510
12224.246740341187,2526
12225.245714187622,2546
12226.240158081055,2514
12227.237462997437,2518
12228.235006332397,2500
12229.232549667358,2538
12230.230569839478,2538
12231.227397918701,2550
12232.229709625244,2538
12233.221530914307,2526
12234.22122001648,2554
12235.217571258545,2554
12236.214399337769,2510
12237.21194267273,2518
12238.209247589111,2518
12239.205598831177,2504
12240.204811096191,2504
12241.201400756836,2488
12242.198705673218,2522
12243.1960105896,2516
12244.19355392456,2516
12245.190858840942,2506
12246.187925338745,2516
12247.185468673706,2522
12248.182773590088,2536
12249.181747436523,2524
12250.176191329956,2526
12251.173496246338,2510
12252.17056274414,2514
12253.168106079102,2518
12254.165887832642,2546
12255.164384841919,2518
12256.161451339722,2502
12257.158756256104,2522
12258.156299591064,2538
12259.153604507446,2554
12260.151147842407,2506
12261.14797592163,2534
12262.172222137451,2512
12263.170003890991,2536
12264.16802406311,2542
12265.164136886597,2542
12266.165256500244,2534
12267.158508300781,2570
12268.156290054321,2522
12269.125938415527,2522
12270.151853561401,2522
12271.148204803467,2518
12272.14527130127,2526
12273.146152496338,2554
12274.141311645508,2500
12275.138139724731,2514
12276.107788085938,2520
12277.10485458374,2494
12278.102397918701,2518
12279.099464416504,2504
12280.097961425781,2490
12281.094551086426,2504
12282.091617584229,2538
12283.08916091919,2538
12284.086227416992,2546
12285.083532333374,2538
12286.080837249756,2514
12287.078380584717,2548
12288.075685501099,2538
12289.072751998901,2546
12290.0710105896,2578
12291.068077087402,2502
12292.064905166626,2552
12293.062210083008,2550
12294.05951499939,2538
12295.05705833435,2574
12296.054124832153,2578
12297.052383422852,2542
12298.049926757812,2538
12299.046754837036,2542
12300.044298171997,2534
12301.0413646698,2526
12302.038669586182,2518
12303.035736083984,2538
12304.033041000366,2554
12305.030345916748,2546
12306.027889251709,2522
12307.024717330933,2526
12308.022260665894,2538
12309.019565582275,2526
12310.017347335815,2550
12311.014413833618,2526
12312.01195716858,2508
12313.009023666382,2526
12314.006328582764,2526
12315.003871917725,2546
12316.000938415527,2558
12316.99824333191,2544
12317.995309829712,2548
12318.993091583252,2546
12319.989919662476,2574
12320.988178253174,2582
12321.985006332397,2554
12322.982549667358,2556
12323.979616165161,2554
12324.976682662964,2550
12325.974225997925,2548
12326.971530914307,2550
12327.968835830688,2558
12328.96637916565,2510
12329.963207244873,2552
12330.969333648682,2522
12331.958055496216,2542
12332.955598831177,2542
12333.952903747559,2522
12334.949970245361,2488
12335.947751998901,2474
12336.944818496704,2478
12337.942123413086,2500
12338.939428329468,2518
12339.93649482727,2504
12340.93451499939,2494
12341.931343078613,2538
12342.929124832153,2510
12343.926191329956,2532
12344.923496246338,2522
12345.921039581299,2514
12346.91834449768,2520
12347.915887832642,2518
12348.912954330444,2514
12349.909543991089,2554
12350.908041000366,2526
12351.908206939697,2522
12352.90241241455,2550
12353.899717330933,2548
12354.896783828735,2546
12355.895042419434,2570
12356.891870498657,2556
12357.88893699646,2544
12358.88648033142,2538
12359.883069992065,2518
12360.881328582764,2518
12361.878156661987,2546
12362.87546157837,2540
12363.87300491333,2546
12364.87078666687,2546
12365.867376327515,2528
12366.864681243896,2526
12367.862224578857,2534
12368.85952949524,2520
12369.857788085938,2546
12370.854616165161,2524
12371.851682662964,2550
12372.849464416504,2546
12373.846530914307,2546
12374.84359741211,2574
12375.840902328491,2582
12376.838207244873,2546
12377.835512161255,2570
12378.832817077637,2574
12379.830837249756,2578
12380.827903747559,2546
12381.824970245361,2538
12382.822036743164,2534
12383.819341659546,2526
12384.816884994507,2510
12385.814189910889,2514
12386.81149482727,2512
12387.808561325073,2538
12388.806343078613,2538
12389.803171157837,2510
12390.801191329956,2494
12391.798496246338,2476
12392.79556274414,2490
12393.792867660522,2502
12394.789934158325,2510
12395.787477493286,2518
12396.785020828247,2512
12397.783041000366,2486
12398.77963066101,2514
12399.776458740234,2510
12400.774478912354,2546
12401.771783828735,2538
12402.768850326538,2534
12403.76615524292,2538
12404.763460159302,2546
12405.761003494263,2538
12406.758308410645,2606
12407.755613327026,2590
12408.75267982483,2542
12409.749746322632,2544
12410.74800491333,2544
12411.744832992554,2552
12412.742137908936,2580
12413.739442825317,2570
12414.736986160278,2550
12415.734052658081,2538
12416.731595993042,2542
12417.728900909424,2542
12418.725967407227,2520
12419.723272323608,2540
12420.727014541626,2512
12422.786951065063,2536
12422.786951065063,2526
12423.712968826294,2550
12424.73578453064,2554
12426.163673400879,2538
12427.161693572998,2558
12428.159713745117,2558
12429.156303405762,2582
12430.153131484985,2546
12431.150674819946,2522
12432.148933410645,2534
12433.145761489868,2586
12434.14282798767,2546
12435.140132904053,2538
12436.138153076172,2534
12437.134981155396,2558
12438.132524490356,2526
12439.129829406738,2538
12440.127611160278,2510
12441.124439239502,2538
12442.121744155884,2518
12443.119049072266,2538
12444.116353988647,2512
12445.11365890503,2550
12446.11120223999,2550
12447.108268737793,2524
12448.105812072754,2542
12449.103116989136,2520
12450.100898742676,2518
12451.0977268219,2522
12452.09527015686,2524
12453.092575073242,2526
12454.089641571045,2546
12455.086946487427,2536
12456.084728240967,2538
12457.08179473877,2576
12458.079099655151,2570
12459.076166152954,2546
12460.073232650757,2534
12461.071491241455,2546
12462.0680809021,2576
12463.06586265564,2554
12464.062929153442,2554
12465.060710906982,2558
12466.057538986206,2556
12467.055082321167,2574
12468.052625656128,2558
12469.04969215393,2546
12470.046520233154,2524
12471.044778823853,2528
12472.041606903076,2522
12473.039627075195,2534
12474.036455154419,2522
12475.0337600708,2522
12476.030826568604,2502
12477.028369903564,2534
12478.025674819946,2510
12479.022979736328,2506
12480.021238327026,2518
12481.01806640625,2522
12482.015132904053,2542
12483.012676239014,2522
12484.009742736816,2520
12485.007047653198,2578
12486.00435256958,2574
12487.001419067383,2546
12487.999200820923,2550
12488.996267318726,2574
12489.99309539795,2588
12490.991353988647,2582
12491.98842048645,2558
12492.985725402832,2582
12493.982791900635,2586
12494.980335235596,2576
12495.977640151978,2554
12496.97494506836,2574
12497.9727268219,2584
12498.969793319702,2582
12499.966382980347,2558
12500.964879989624,2534
12501.961708068848,2582
12502.95901298523,2542
12503.956317901611,2544
12504.953384399414,2558
12505.959272384644,2518
12506.948232650757,2526
12507.945537567139,2544
12508.9430809021,2554
12509.939908981323,2540
12510.938167572021,2542
12511.935234069824,2542
12512.932300567627,2522
12513.92912864685,2550
12514.927625656128,2546
12515.92469215393,2554
12516.921997070312,2546
12517.919540405273,2550
12518.917083740234,2574
12519.914388656616,2558
12520.911455154419,2548
12521.90899848938,2550
12522.906303405762,2554
12523.903608322144,2574
12524.900674819946,2548
12525.898456573486,2550
12526.895523071289,2542
12527.89282798767,2518
12528.890371322632,2546
12529.887914657593,2524
12530.885457992554,2526
12531.882047653198,2546
12532.87959098816,2540
12533.876895904541,2594
12534.874200820923,2534
12535.871744155884,2544
12536.869049072266,2534
12537.866115570068,2550
12538.86342048645,2526
12539.86120223999,2570
12540.858268737793,2542
12541.855573654175,2574
12542.852878570557,2550
12543.850421905518,2552
12544.84748840332,2550
12545.844793319702,2548
12546.842575073242,2554
12547.839879989624,2542
12548.836946487427,2554
12549.834728240967,2554
12550.83155632019,2546
12551.829099655151,2552
12552.826166152954,2558
12553.823709487915,2538
12554.821014404297,2550
12555.8180809021,2536
12556.816101074219,2568
12557.813167572021,2542
12558.810472488403,2574
12559.80634689331,2534
12560.803413391113,2542
12561.800956726074,2542
12562.798261642456,2518
12563.795566558838,2536
12564.79287147522,2526
12565.79041481018,2526
12566.787481307983,2528
12567.784786224365,2524
12568.782329559326,2544
12569.779634475708,2538
12570.77693939209,2556
12571.774005889893,2558
12572.771787643433,2522
12573.768854141235,2536
12574.766159057617,2548
12575.765609741211,2538
12576.762676239014,2546
12577.760219573975,2538
12578.757524490356,2494
12579.755067825317,2550
12580.7523727417,2526
12581.749677658081,2518
12582.746505737305,2522
12583.743810653687,2526
12584.741353988647,2526
12585.73865890503,2536
12586.735963821411,2542
12587.733030319214,2510
12588.730573654175,2524
12589.726686477661,2488
12590.749025344849,2494
12591.720819473267,2500
12592.718124389648,2518
12593.71566772461,2494
12594.712734222412,2502
12595.710039138794,2518
12596.707582473755,2510
12597.704887390137,2540
12598.70195388794,2546
12599.6994972229,2510
12600.696802139282,2526
12601.694107055664,2542
12602.691411972046,2546
12603.688955307007,2544
12604.68602180481,2558
12605.68380355835,2558
12606.709957122803,2554
12607.706308364868,2522
12608.70361328125,2524
12609.703540802002,2584
12610.67247390747,2590
12611.696004867554,2550
12612.693548202515,2534
12613.66319656372,2534
12614.660739898682,2540
12615.657567977905,2534
12616.655111312866,2516
12617.652177810669,2546
12618.64948272705,2518
12619.64750289917,2490
12620.644330978394,2522
12621.64855003357,2512
12622.640132904053,2546
12623.636484146118,2554
12624.6337890625,2526
12625.631093978882,2510
12626.628160476685,2534
12627.625703811646,2558
12628.623008728027,2538
12629.619836807251,2544
12630.61785697937,2542
12631.615161895752,2526
12632.612466812134,2512
12633.609533309937,2554
12634.606838226318,2534
12635.6041431427,2536
12636.601686477661,2554
12637.604236602783,2510
12638.596296310425,2526
12639.594078063965,2534
12640.591144561768,2524
12641.58844947815,2514
12642.585754394531,2502
12643.583059310913,2506
12644.580364227295,2506
12645.578145980835,2518
12646.574974060059,2542
12647.573709487915,2526
12648.569822311401,2508
12649.567365646362,2500
12650.564432144165,2550
12651.561737060547,2538
12652.559041976929,2514
12653.576850891113,2534
12654.55412864685,2544
12655.551195144653,2542
12656.548261642456,2554
12657.545566558838,2554
12658.54263305664,2554
12659.54041481018,2582
12660.537719726562,2538
12661.535024642944,2570
12662.532567977905,2548
12663.529634475708,2544
12664.527177810669,2546
12665.524005889893,2570
12666.521787643433,2550
12667.518854141235,2542
12668.516874313354,2510
12669.514179229736,2526
12670.51100730896,2518
12671.508312225342,2534
12672.505140304565,2522
12673.503160476685,2518
12674.500226974487,2522
12675.49753189087,2518
12676.49507522583,2520
12677.492141723633,2514
12678.489685058594,2552
12679.487228393555,2522
12680.484294891357,2550
12681.48159980774,2554
12682.478904724121,2550
12683.476209640503,2532
12684.473752975464,2546
12685.470819473267,2518
12686.468362808228,2526
12687.46566772461,2510
12688.462972640991,2554
12689.46099281311,2550
12690.457820892334,2556
12691.455125808716,2554
12692.452430725098,2526
12693.44973564148,2546
12694.446802139282,2536
12695.444107055664,2550
12696.441650390625,2558
12697.438955307007,2518
12698.436260223389,2538
12699.434757232666,2544
12700.430631637573,2518
12701.427936553955,2526
12702.426671981812,2544
12703.423738479614,2536
12704.421043395996,2534
12705.418348312378,2546
12706.41565322876,2520
12707.41319656372,2540
12708.410501480103,2538
12709.408044815063,2506
12710.405349731445,2522
12711.402177810669,2550
12712.39948272705,2546
12714.394330978394,2554
12714.394330978394,2554
12715.391159057617,2518
12716.38798713684,2558
12717.386245727539,2542
12718.383312225342,2550
12719.381332397461,2550
12720.378160476685,2554
12721.375226974487,2554
12722.371816635132,2542
12723.37031364441,2550
12724.367618560791,2552
12725.364923477173,2538
12726.362228393555,2546
12727.359294891357,2514
12728.356838226318,2550
12729.35438156128,2570
12730.351448059082,2580
12731.348991394043,2576
12732.346057891846,2538
12733.343362808228,2520
12734.34066772461,2538
12735.33821105957,2552
12736.335515975952,2586
12737.332820892334,2554
12739.328384399414,2536
12740.323781967163,2546
12741.320848464966,2582
12741.320848464966,2554
12742.319583892822,2552
12743.316650390625,2542
12745.312213897705,2526
12745.312213897705,2542
12746.30880355835,2544
12748.311281204224,2574
12749.300241470337,2570
12750.298023223877,2570
12751.29508972168,2570
12752.29287147522,2544
12753.29065322876,2586
12754.287481307983,2538
12755.284547805786,2542
12756.282091140747,2538
12757.279396057129,2540
12758.27670097351,2538
12759.273767471313,2542
12760.271549224854,2516
12761.26766204834,2556
12762.264728546143,2534
12763.262033462524,2546
12764.259815216064,2510
12765.256881713867,2516
12766.25394821167,2518
12767.251253128052,2522
12768.248796463013,2510
12769.246101379395,2574
12770.243167877197,2554
12771.240949630737,2558
12772.23801612854,2522
12773.235321044922,2550
12774.232625961304,2570
12775.230169296265,2570
12776.227235794067,2550
12777.226209640503,2522
12778.223276138306,2554
12779.220581054688,2552
12780.218601226807,2556
12781.21542930603,2570
12782.212734222412,2542
12783.208847045898,2546
12784.20615196228,2556
12785.203456878662,2534
12786.200761795044,2544
12787.198066711426,2518
12788.195371627808,2542
12789.192914962769,2518
12790.191411972046,2490
12791.192054748535,2492
12792.192220687866,2486
12793.19143295288,2504
12794.193267822266,2506
12795.191764831543,2484
12796.191215515137,2494
12797.192096710205,2522
12798.192977905273,2558
12799.193382263184,2554
12800.191640853882,2532
12801.189184188843,2538
12802.186250686646,2538
12803.183555603027,2526
12804.18086051941,2532
12805.180311203003,2554
12806.17642402649,2574
12807.173252105713,2570
12808.170557022095,2574
12809.167623519897,2570
12810.166120529175,2586
12811.16509437561,2598
12812.16025352478,2574
12813.156604766846,2546
12814.154148101807,2542
12815.151691436768,2546
12816.152811050415,2550
12817.147493362427,2538
12818.143606185913,2576
12819.113731384277,2572
12820.111513137817,2578
12821.108341217041,2514
12822.106122970581,2550
12823.101997375488,2544
12824.09954071045,2572
12825.096845626831,2574
12826.094150543213,2570
12827.091693878174,2578
12828.088760375977,2558
12829.086065292358,2546
12830.08337020874,2580
12831.080913543701,2578
12832.078218460083,2598
12833.075284957886,2570
12834.072828292847,2578
12835.070133209229,2550
12836.06743812561,2570
12837.064504623413,2558
12838.062047958374,2536
12839.08987045288,2526
12840.089797973633,2488
12841.081857681274,2522
12842.081546783447,2520
12843.076944351196,2540
12844.074249267578,2506
12845.051288604736,2506
12846.041679382324,2492
12847.038984298706,2460
12848.036766052246,2484
12849.03359413147,2486
12850.030422210693,2512
12851.028680801392,2526
12852.025508880615,2492
12853.022813796997,2522
12854.01964187622,2534
12855.01766204834,2538
12856.01544380188,2546
12857.012033462524,2540
12858.009576797485,2524
12859.006881713867,2516
12860.004663467407,2542
12861.00172996521,2536
12861.998796463013,2538
12862.996101379395,2534
12863.993406295776,2508
12864.990949630737,2538
12865.98825454712,2546
12866.985321044922,2542
12867.982864379883,2544
12868.979930877686,2526
12869.978427886963,2520
12870.975017547607,2510
12871.97232246399,2510
12872.96986579895,2538
12873.966932296753,2494
12874.964237213135,2514
12875.961542129517,2502
12876.958847045898,2482
12877.95615196228,2490
12878.953456878662,2510
12879.950523376465,2486
12880.948305130005,2508
12881.945610046387,2508
12882.942914962769,2490
12883.94021987915,2470
12884.94324684143,2502
12885.935068130493,2510
12886.932134628296,2534
12887.929439544678,2536
12888.92650604248,2534
12889.93787765503,2586
12890.921592712402,2606
12891.918659210205,2596
12892.916202545166,2608
12893.913507461548,2632
12894.91081237793,2600
12895.90835571289,2590
12896.905660629272,2598
12897.903203964233,2598
12898.910760879517,2606
12899.903297424316,2726
12900.8948802948,2602
12901.892185211182,2602
12902.889728546143,2554
12903.886795043945,2542
12904.884099960327,2558
12905.88092803955,2526
12906.87894821167,2586
12907.876253128052,2548
12908.873558044434,2542
12909.871339797974,2542
12910.868406295776,2550
12911.865711212158,2526
12912.862777709961,2524
12913.860321044922,2518
12914.857625961304,2522
12915.855169296265,2526
12916.852712631226,2518
12917.850017547607,2526
12918.84708404541,2542
12919.84510421753,2522
12920.842170715332,2526
12921.839475631714,2492
12922.837257385254,2506
12923.834085464478,2510
12924.83139038086,2516
12925.828695297241,2478
12926.826238632202,2488
12927.823781967163,2486
12928.821086883545,2504
12929.818630218506,2490
12930.814266204834,2492
12931.811809539795,2476
12932.808637619019,2478
12933.8059425354,2486
12934.803247451782,2510
12935.800790786743,2518
12936.798095703125,2506
12937.795400619507,2534
12938.792943954468,2546
12939.79024887085,2528
12940.787553787231,2522
12941.784620285034,2490
12942.782878875732,2550
12943.807363510132,2570
12944.806575775146,2550
12945.802211761475,2552
12946.773290634155,2572
12947.770118713379,2570
12948.793411254883,2526
12949.764728546143,2550
12950.761318206787,2556
12951.759099960327,2542
12952.75616645813,2534
12953.753471374512,2510
12954.750537872314,2550
12955.748319625854,2546
12956.745624542236,2518
12957.742929458618,2538
12958.740234375,2526
12959.73801612854,2520
12960.734844207764,2518
12961.732149124146,2526
12964.304447174072,2524
12964.304447174072,2506
12964.304447174072,2518
12965.310096740723,2524
12966.309547424316,2518
12967.355489730835,2522
12968.354940414429,2558
12969.352722167969,2534
12970.349788665771,2534
12971.346855163574,2542
12972.344160079956,2526
12973.341703414917,2536
12974.339008331299,2550
12975.336074829102,2558
12976.333379745483,2542
12977.330923080444,2550
12978.328227996826,2542
12979.325532913208,2544
12980.323791503906,2550
12981.32038116455,2538
12982.317447662354,2526
12983.314752578735,2544
12984.312295913696,2514
12985.309362411499,2522
12986.30690574646,2550
12987.303972244263,2558
12989.299058914185,2522
12990.296363830566,2522
12990.296363830566,2536
12991.293668746948,2542
12992.290735244751,2548
12994.285583496094,2518
12994.285583496094,2506
12996.280193328857,2542
12997.27725982666,2540
12998.2750415802,2546
12999.272346496582,2578
13000.269651412964,2542
13001.266956329346,2558
13002.264261245728,2538
13003.26156616211,2550
13004.341840744019,2550
13004.341840744019,2520
13005.341529846191,2538
13006.339073181152,2534
13007.336139678955,2518
13009.330987930298,2550
13010.328531265259,2554
13010.328531265259,2546
13011.325597763062,2538
13012.322664260864,2520
13014.317512512207,2534
13014.317512512207,2518
13015.314817428589,2514
13016.31212234497,2522
13017.309427261353,2494
13018.306732177734,2522
13020.301580429077,2508
13020.301580429077,2506
13021.298885345459,2490
13022.295951843262,2490
13024.290800094604,2522
13024.290800094604,2520
13026.285409927368,2518
13027.28295326233,2512
13028.280258178711,2522
13029.277324676514,2512
13030.274868011475,2646
13031.286478042603,2510
13032.269477844238,2542
13033.26678276062,2534
13034.264326095581,2546
13035.261392593384,2574
13036.258697509766,2542
13037.256002426147,2580
13038.253545761108,2572
13039.25108909607,2554
13040.248155593872,2516
13041.245698928833,2582
13042.242765426636,2570
13043.240070343018,2550
13044.2373752594,2526
13045.23515701294,2540
13046.262264251709,2494
13047.259330749512,2542
13048.256635665894,2548
13049.252271652222,2574
13050.250053405762,2546
13051.249265670776,2554
13052.244186401367,2574
13053.242444992065,2558
13054.23903465271,2576
13055.23657798767,2536
13056.205749511719,2574
13057.202816009521,2570
13058.200120925903,2576
13059.197425842285,2572
13060.194969177246,2606
13061.192035675049,2638
13062.18957901001,2602
13063.18974494934,2590
13064.184188842773,2546
13065.189599990845,2538
13066.189765930176,2578
13067.189455032349,2590
13068.1893825531,2546
13069.170475006104,2536
13070.168256759644,2574
13071.167707443237,2582
13072.164297103882,2574
13073.17042350769,2570
13074.167966842651,2546
13075.156927108765,2544
13076.154232025146,2524
13077.151536941528,2522
13078.148603439331,2522
13079.145908355713,2550
13080.143451690674,2526
13081.141233444214,2544
13082.137823104858,2574
13083.13512802124,2586
13084.132432937622,2554
13085.129976272583,2556
13086.127519607544,2550
13087.124586105347,2538
13088.12165260315,2522
13089.11919593811,2568
13090.11721611023,2536
13091.113090515137,2542
13092.109680175781,2536
13093.135118484497,2552
13094.132900238037,2554
13095.130681991577,2546
13096.131801605225,2518
13097.124338150024,2524
13098.121881484985,2526
13099.120616912842,2538
13100.116491317749,2526
13101.11379623413,2538
13102.0827293396,2546
13103.080034255981,2520
13104.077577590942,2540
13105.074644088745,2546
13106.071949005127,2546
13107.069253921509,2526
13108.06679725647,2540
13109.064102172852,2554
13110.061407089233,2544
13111.058950424194,2574
13112.056016921997,2580
13113.053321838379,2558
13114.05062675476,2574
13115.048170089722,2550
13116.045475006104,2538
13117.042541503906,2580
13118.04175376892,2554
13119.039058685303,2570
13120.036602020264,2550
13121.033906936646,2600
13122.03073501587,2542
13123.028039932251,2548
13124.025583267212,2542
13125.022649765015,2526
13126.020193099976,2518
13127.017974853516,2522
13128.015041351318,2522
13129.0123462677,2518
13130.01012802124,2526
13131.007194519043,2502
13132.004261016846,2494
13133.031845092773,2510
13134.026288986206,2540
13135.023355484009,2522
13136.020421981812,2516
13137.017726898193,2510
13138.014793395996,2494
13139.013051986694,2506
13140.012979507446,2582
13141.00694656372,2534
13142.00496673584,2550
13143.001794815063,2546
13143.998861312866,2546
13144.996166229248,2542
13145.993947982788,2554
13146.99125289917,2546
13147.960186004639,2578
13148.957252502441,2550
13149.954795837402,2546
13150.952100753784,2550
13151.949405670166,2556
13152.946472167969,2542
13153.94401550293,2534
13154.941320419312,2538
13155.944108963013,2510
13156.936168670654,2538
13157.933235168457,2558
13158.930778503418,2544
13159.928321838379,2534
13160.925388336182,2510
13161.922693252563,2518
13162.919998168945,2542
13163.94567489624,2520
13164.943218231201,2538
13165.940046310425,2550
13166.938066482544,2552
13167.935132980347,2586
13168.93196105957,2538
13169.930696487427,2582
13170.90106010437,2586
13171.924829483032,2604
13172.922849655151,2578
13173.918724060059,2590
13174.916505813599,2598
13175.91404914856,2574
13176.911115646362,2550
13177.908658981323,2596
13178.906679153442,2558
13179.877042770386,2534
13180.890560150146,2538
13181.882619857788,2526
13182.868480682373,2526
13183.866262435913,2548
13184.863567352295,2574
13185.861110687256,2526
13186.858177185059,2510
13187.85548210144,2480
13188.852787017822,2526
13189.850330352783,2554
13190.848112106323,2570
13191.844701766968,2536
13192.841529846191,2510
13193.839311599731,2514
13194.836616516113,2526
13195.833683013916,2542
13196.831226348877,2554
13197.82829284668,2502
13198.82607460022,2540
13199.822902679443,2522
13200.820446014404,2574
13201.817750930786,2554
13202.815055847168,2576
13203.81236076355,2550
13204.809665679932,2542
13205.806970596313,2550
13206.804752349854,2538
13207.801818847656,2546
13208.799123764038,2550
13209.824085235596,2554
13210.821628570557,2540
13211.8239402771,2538
13212.815999984741,2540
13213.813304901123,2554
13214.784622192383,2538
13215.810060501099,2534
13216.805219650269,2538
13217.803001403809,2538
13218.800783157349,2522
13219.797611236572,2534
13220.794916152954,2544
13221.792697906494,2542
13222.762107849121,2538
13223.787069320679,2558
13224.784135818481,2574
13225.752115249634,2554
13226.749420166016,2612
13227.746725082397,2556
13228.74402999878,2584
13229.74157333374,2554
13230.738878250122,2584
13231.736183166504,2550
13232.733249664307,2576
13233.730792999268,2546
13234.72809791565,2542
13235.725402832031,2538
13236.722946166992,2554
13237.720012664795,2542
13238.717317581177,2532
13239.714622497559,2526
13240.71216583252,2550
13241.73879623413,2552
13242.736101150513,2542
13243.739604949951,2548
13244.730710983276,2526
13245.728492736816,2542
13246.725797653198,2520
13247.722625732422,2550
13248.719930648804,2526
13249.724388122559,2520
13250.688076019287,2534
13251.712083816528,2570
13252.70962715149,2582
13253.711462020874,2572
13254.703998565674,2534
13255.701065063477,2578
13256.699085235596,2546
13257.697105407715,2554
13258.69345664978,2532
13259.690761566162,2544
13260.659217834473,2542
13261.656284332275,2546
13262.653350830078,2574
13263.65065574646,2538
13264.64819908142,2550
13265.645265579224,2520
13266.642808914185,2510
13267.639875411987,2502
13268.637418746948,2534
13269.63472366333,2522
13270.632028579712,2538
13271.629810333252,2536
13272.626638412476,2526
13273.623943328857,2514
13274.62124824524,2518
13275.6187915802,2534
13276.615858078003,2546
13277.613162994385,2538
13278.610944747925,2526
13279.608011245728,2542
13280.60531616211,2554
13281.60285949707,2586
13282.600164413452,2556
13283.597469329834,2580
13284.594774246216,2554
13285.592079162598,2554
13286.58938407898,2554
13287.58716583252,2554
13288.583993911743,2534
13289.581775665283,2486
13290.579319000244,2510
13291.576147079468,2518
13292.573690414429,2526
13293.57099533081,2546
13294.568061828613,2536
13295.565366744995,2526
13296.562910079956,2534
13297.571897506714,2548
13298.55728149414,2554
13299.554824829102,2542
13300.552129745483,2546
13301.549434661865,2524
13302.547454833984,2578
13303.544521331787,2576
13304.54134941101,2598
13305.538654327393,2586
13306.536197662354,2598
13307.533502578735,2534
13308.530807495117,2556
13309.52787399292,2610
13310.52541732788,2574
13311.522722244263,2586
13312.519788742065,2598
13313.517093658447,2584
13314.514636993408,2582
13315.51194190979,2546
13316.509246826172,2598
13317.506790161133,2570
13318.504095077515,2588
13319.501399993896,2516
13320.498704910278,2550
13321.49600982666,2554
13322.493553161621,2546
13323.491334915161,2512
13324.490547180176,2504
13325.4873752594,2554
13326.484441757202,2510
13327.481746673584,2518
13328.478813171387,2504
13329.476594924927,2490
13330.473899841309,2474
13331.47144317627,2482
13332.468271255493,2478
13333.466291427612,2484
13334.463119506836,2492
13335.460424423218,2510
13336.4577293396,2534
13337.455034255981,2552
13338.452339172363,2554
13339.449644088745,2554
13340.447664260864,2544
13341.444492340088,2538
13342.44179725647,2584
13343.439102172852,2582
13344.436407089233,2586
13345.433712005615,2588
13346.431016921997,2550
13347.428321838379,2534
13348.42562675476,2546
13349.424123764038,2542
13350.420713424683,2554
13351.417779922485,2510
13352.415084838867,2538
13353.412389755249,2522
13354.40969467163,2534
13355.406999588013,2558
13356.40549659729,2570
13357.401847839355,2578
13358.398914337158,2554
13359.39621925354,2554
13360.394954681396,2590
13361.391544342041,2624
13362.388372421265,2610
13363.385677337646,2610
13364.382982254028,2610
13365.378856658936,2590
13366.376161575317,2558
13367.3734664917,2574
13368.370532989502,2524
13369.368314743042,2554
13370.365381240845,2570
13371.362686157227,2546
13372.359991073608,2520
13373.35753440857,2600
13374.354600906372,2600
13375.351905822754,2606
13376.349449157715,2602
13377.346754074097,2590
13378.344058990479,2614
13379.34136390686,2578
13380.367279052734,2554
13381.364107131958,2546
13382.361650466919,2526
13383.358716964722,2504
13384.357452392578,2490
13385.353088378906,2470
13386.352062225342,2520
13388.317584991455,2508
13389.323234558105,2506
13389.323234558105,2472
13391.3094997406,2480
13392.306566238403,2482
13393.303871154785,2518
13394.301414489746,2542
13395.328044891357,2524
13395.328044891357,2534
13396.32534980774,2514
13397.3228931427,2538
13398.320198059082,2516
13400.314807891846,2570
13400.314807891846,2538
13401.312351226807,2556
13402.30941772461,2514
13404.304504394531,2518
13405.301332473755,2502
13406.27121925354,2506
13407.296419143677,2526
13408.293008804321,2538
13409.290552139282,2518
13410.28904914856,2534
13411.285638809204,2510
13412.282943725586,2554
13413.283824920654,2582
13414.257049560547,2574
13415.27533531189,2542
13416.279077529907,2486
13417.274713516235,2520
13418.266773223877,2494
13419.235229492188,2510
13420.260906219482,2500
13421.258687973022,2458
13422.256469726562,2452
13423.253774642944,2490
13424.224615097046,2522
13425.248146057129,2544
13426.244974136353,2518
13427.215814590454,2522
13428.239107131958,2586
13429.23617362976,2612
13430.235147476196,2630
13431.203126907349,2668
13432.228326797485,2650
13433.226108551025,2580
13434.22818183899,2630
13435.219764709473,2622
13436.21802330017,2630
13437.215089797974,2608
13438.211917877197,2578
13439.189672470093,2546
13440.208435058594,2550
13441.203832626343,2510
13442.195415496826,2510
13443.192720413208,2502
13444.188833236694,2490
13445.166826248169,2474
13446.16413116455,2478
13447.161436080933,2490
13448.158502578735,2494
13449.156045913696,2492
13450.154066085815,2474
13451.15065574646,2514
13452.14819908142,2506
13453.145265579224,2510
13454.142808914185,2510
13455.140352249146,2546
13456.137418746948,2536
13457.16643333435,2574
13458.159923553467,2544
13459.160804748535,2574
13460.153818130493,2538
13461.151123046875,2534
13462.147951126099,2558
13463.145732879639,2542
13464.143514633179,2508
13465.140104293823,2518
13466.137409210205,2494
13467.135667800903,2478
13468.132257461548,2516
13469.12956237793,2510
13470.127820968628,2502
13471.124172210693,2478
13472.122430801392,2484
13473.091840744019,2482
13474.116086959839,2508
13475.11339187622,2506
13476.11141204834,2514
13477.109432220459,2538
13478.105783462524,2528
13479.10475730896,2478
13480.103254318237,2518
13481.099367141724,2542
13482.096433639526,2550
13483.093738555908,2544
13484.09104347229,2550
13485.090494155884,2522
13486.086130142212,2556
13487.082958221436,2548
13488.07954788208,2558
13489.050149917603,2542
13490.075826644897,2530
13491.071701049805,2540
13492.071866989136,2534
13493.066549301147,2550
13494.064331054688,2546
13495.06425857544,2518
13496.058464050293,2498
13497.056484222412,2542
13498.053789138794,2520
13499.053478240967,2518
13500.051259994507,2550
13501.045227050781,2550
13502.042531967163,2506
13503.040075302124,2514
13504.008531570435,2542
13505.039930343628,2546
13506.004095077515,2522
13507.0321559906,2512
13508.027076721191,2550
13509.023904800415,2542
13509.992599487305,2546
13511.019468307495,2544
13512.016296386719,2546
13513.019323348999,2542
13514.01162147522,2550
13515.007972717285,2546
13516.005516052246,2538
13516.973733901978,2546
13517.970561981201,2570
13518.967866897583,2526
13519.965410232544,2518
13520.962715148926,2506
13521.959781646729,2578
13522.95732498169,2586
13523.954629898071,2534
13524.951934814453,2542
13525.949239730835,2548
13526.946544647217,2534
13527.944087982178,2512
13528.94115447998,2546
13529.938697814941,2538
13530.936002731323,2534
13531.933307647705,2528
13532.930374145508,2542
13533.927917480469,2538
13534.930944442749,2546
13535.922527313232,2544
13536.920070648193,2542
13537.917375564575,2550
13538.914680480957,2582
13539.91174697876,2524
13540.90929031372,2578
13541.916131973267,2580
13542.903900146484,2556
13543.901443481445,2544
13544.898509979248,2534
13545.89581489563,2542
13546.893119812012,2522
13547.890663146973,2570
13548.887968063354,2534
13549.885272979736,2522
13550.882816314697,2536
13551.8798828125,2514
13552.877187728882,2510
13553.874492645264,2538
13554.885625839233,2538
13555.878400802612,2510
13556.86640739441,2512
13557.86395072937,2486
13558.861494064331,2514
13559.858560562134,2526
13560.855865478516,2526
13561.853408813477,2526
13562.850713729858,2514
13563.847780227661,2514
13564.845323562622,2526
13565.871477127075,2550
13566.86806678772,2538
13567.866325378418,2534
13568.862676620483,2542
13569.86117362976,2542
13570.829629898071,2576
13571.855306625366,2542
13572.853088378906,2574
13573.850154876709,2538
13574.847221374512,2546
13575.844287872314,2518
13576.841831207275,2522
13577.837944030762,2542
13578.838109970093,2556
13579.834938049316,2526
13580.830574035645,2488
13581.827163696289,2512
13582.831621170044,2522
13583.829879760742,2524
13584.827899932861,2526
13585.82329750061,2542
13586.821556091309,2482
13587.812662124634,2598
13588.8090133667,2518
13589.808225631714,2514
13590.803384780884,2512
13591.803073883057,2526
13592.804431915283,2514
13593.802213668823,2540
13594.800233840942,2546
13595.796346664429,2576
13596.794366836548,2570
13597.785711288452,2582
13598.783016204834,2552
13599.780321121216,2544
13600.780725479126,2546
13601.775169372559,2554
13602.77271270752,2556
13603.769779205322,2542
13604.767084121704,2546
13605.764150619507,2522
13606.761455535889,2542
13607.76162147522,2538
13608.755588531494,2558
13609.741926193237,2538
13610.790491104126,2542
13611.748695373535,2532
13612.717628479004,2526
13613.714694976807,2554
13614.711999893188,2544
13615.70930480957,2534
13616.706371307373,2522
13617.703914642334,2542
13618.701219558716,2542
13619.698524475098,2554
13620.696067810059,2510
13621.69337272644,2550
13622.690677642822,2574
13623.687744140625,2582
13624.685287475586,2546
13625.682592391968,2550
13626.67989730835,2558
13627.688884735107,2578
13628.703594207764,2578
13629.701375961304,2552
13630.69748878479,2542
13631.695032119751,2550
13632.692813873291,2550
13633.689641952515,2554
13634.687423706055,2580
13635.684490203857,2540
13636.682748794556,2508
13637.68196105957,2506
13638.676166534424,2510
13639.674425125122,2526
13640.671014785767,2526
13641.668319702148,2526
13642.639875411987,2526
13643.636703491211,2526
13644.641399383545,2512
13646.282434463501,2506
13647.355079650879,2518
13648.285388946533,2538
13649.290561676025,2578
13650.289535522461,2540
13651.286840438843,2538
13652.284383773804,2558
13653.281927108765,2550
13654.278993606567,2534
13655.276536941528,2542
13656.27384185791,2526
13657.270908355713,2520
13658.27226638794,2554
13659.267902374268,2528
13660.26520729065,2542
13661.26275062561,2498
13662.259817123413,2510
13663.256883621216,2514
13664.268016815186,2538
13665.251731872559,2534
13666.24903678894,2522
13667.246341705322,2550
13668.243646621704,2534
13669.240474700928,2550
13670.238256454468,2526
13671.23532295227,2538
13672.232627868652,2522
13673.229694366455,2534
13674.227714538574,2516
13675.224304199219,2524
13676.22184753418,2514
13677.218914031982,2550
13678.216457366943,2534
13679.214000701904,2570
13680.211067199707,2544
13681.223154067993,2554
13682.206869125366,2534
13683.20369720459,2546
13684.20147895813,2554
13685.198307037354,2534
13686.195611953735,2578
13687.19220161438,2578
13688.189506530762,2552
13689.195394515991,2544
13690.213203430176,2570
13691.211223602295,2538
13692.208051681519,2538
13693.204164505005,2550
13694.201469421387,2542
13695.199012756348,2518
13696.197509765625,2534
13697.19934463501,2516
13698.191404342651,2542
13699.188232421875,2542
13700.185537338257,2550
13701.183080673218,2554
13702.179670333862,2558
13703.177452087402,2550
13704.174757003784,2538
13705.171823501587,2526
13706.170082092285,2546
13707.167148590088,2544
13708.16421508789,2522
13709.169387817383,2518
13710.160255432129,2516
13711.156606674194,2538
13712.153196334839,2524
13713.151216506958,2546
13714.14828300476,2548
13715.145111083984,2524
13716.143369674683,2488
13717.139959335327,2520
13718.13702583313,2502
13719.13456916809,2514
13720.10588645935,2548
13721.103191375732,2516
13722.13101387024,2500
13723.125457763672,2514
13724.122047424316,2502
13725.121021270752,2518
13726.117134094238,2526
13727.1146774292,2514
13728.111982345581,2526
13729.111194610596,2518
13730.106592178345,2510
13731.075286865234,2490
13732.102632522583,2550
13733.097553253174,2494
13734.095096588135,2514
13735.092639923096,2510
13736.088991165161,2526
13737.087726593018,2522
13738.0850315094,2594
13739.082098007202,2546
13740.05150794983,2542
13741.07575416565,2546
13742.073059082031,2520
13743.070840835571,2542
13744.068145751953,2538
13745.069026947021,2538
13746.062517166138,2546
13747.063875198364,2542
13748.029708862305,2554
13749.054670333862,2550
13750.052213668823,2512
13751.049280166626,2538
13752.047061920166,2518
13753.044128417969,2518
13754.04167175293,2518
13755.038976669312,2538
13756.008386611938,2510
13757.033586502075,2518
13758.030652999878,2542
13759.02795791626,2514
13759.99665260315,2512
13761.022806167603,2526
13762.020111083984,2538
13763.017654418945,2534
13764.014720916748,2534
13765.019655227661,2518
13766.009330749512,2544
13767.00735092163,2570
13768.004179000854,2528
13769.001722335815,2574
13769.970178604126,2554
13770.99609375,2534
13771.993637084961,2546
13772.961616516113,2528
13773.958921432495,2538
13774.955987930298,2520
13775.95329284668,2540
13776.950597763062,2526
13777.948141098022,2514
13778.945446014404,2542
13779.942750930786,2522
13780.939817428589,2502
13781.937837600708,2514
13782.967567443848,2510
13783.960103988647,2514
13784.958362579346,2502
13785.95519065857,2486
13786.953449249268,2518
13787.950038909912,2494
13788.946866989136,2510
13789.943933486938,2490
13790.944576263428,2480
13791.939735412598,2486
13792.936563491821,2504
13793.933629989624,2498
13794.933319091797,2502
13795.902967453003,2518
13796.898603439331,2502
13797.91283607483,2510
13798.892498016357,2446
13799.88956451416,2546
13800.886869430542,2538
13801.884174346924,2506
13802.881479263306,2526
13803.878545761108,2526
13804.87585067749,2494
13805.882692337036,2448
13806.870698928833,2526
13807.868003845215,2546
13808.865547180176,2518
13809.862852096558,2510
13810.86015701294,2510
13811.857461929321,2540
13812.85548210144,2534
13813.852310180664,2528
13814.849376678467,2536
13815.846920013428,2526
13816.84422492981,2502
13817.841529846191,2534
13818.838596343994,2550
13819.836378097534,2526
13820.833444595337,2534
13821.830749511719,2526
13822.827816009521,2554
13823.825597763062,2538
13824.822664260864,2546
13825.819969177246,2522
13826.817512512207,2552
13827.81720161438,2522
13828.814029693604,2510
13829.811334609985,2526
13830.808877944946,2542
13831.806182861328,2518
13832.80324935913,2542
13833.800554275513,2526
13834.798097610474,2520
13835.795164108276,2520
13836.792469024658,2526
13837.789535522461,2510
13838.787317276001,2522
13839.784383773804,2574
13840.781688690186,2494
13841.778993606567,2510
13842.776536941528,2506
13843.788623809814,2518
13844.79832649231,2494
13845.79610824585,2506
13846.792936325073,2506
13847.764015197754,2558
13848.790884017944,2482
13849.78437423706,2518
13850.781440734863,2514
13851.78017616272,2502
13852.776050567627,2520
13853.775978088379,2502
13854.77066040039,2510
13855.767726898193,2492
13856.73975944519,2538
13857.76972770691,2498
13858.771800994873,2520
13859.759092330933,2514
13860.755443572998,2514
13861.752033233643,2510
13862.749814987183,2518
13863.746881484985,2494
13864.71700668335,2502
13865.714311599731,2486
13866.711378097534,2488
13867.709159851074,2510
13868.706941604614,2522
13869.704008102417,2514
13870.701551437378,2518
13871.69885635376,2512
13872.69639968872,2490
13873.693704605103,2504
13874.690771102905,2494
13875.688076019287,2526
13876.68490409851,2490
13877.682447433472,2506
13878.680229187012,2526
13879.677295684814,2550
13880.674600601196,2544
13881.672382354736,2574
13882.66921043396,2542
13883.666515350342,2554
13884.663820266724,2538
13885.660886764526,2538
13886.658430099487,2536
13887.65573501587,2574
13888.653755187988,2550
13889.650821685791,2534
13890.648126602173,2546
13891.645669937134,2544
13892.642498016357,2558
13893.638849258423,2534
13894.635915756226,2526
13895.633220672607,2506
13896.630764007568,2534
13897.62830734253,2506
13898.625373840332,2526
13899.622440338135,2526
13900.620222091675,2550
13901.617527008057,2500
13902.61459350586,2518
13903.61213684082,2544
13904.609441757202,2550
13905.636310577393,2520
13906.633853912354,2528
13907.630681991577,2526
13908.628225326538,2526
13909.626007080078,2574
13910.62307357788,2510
13911.591529846191,2544
13912.618160247803,2514
13913.614749908447,2542
13914.583206176758,2534
13915.58051109314,2558
13916.579246520996,2538
13917.576313018799,2532
13918.57361793518,2476
13919.569969177246,2494
13920.568466186523,2510
13921.566247940063,2522
13922.568321228027,2504
13923.560619354248,2502
13924.557209014893,2498
13925.554752349854,2512
13926.552057266235,2538
13927.549123764038,2534
13928.547143936157,2540
13929.545402526855,2542
13930.541276931763,2522
13931.549549102783,2524
13932.535648345947,2544
13933.533191680908,2534
13934.53049659729,2538
13935.527801513672,2518
13936.525583267212,2526
13937.522888183594,2534
13938.520193099976,2548
13939.516544342041,2510
13940.515041351318,2552
13941.510915756226,2526
13942.509651184082,2538
13943.506956100464,2526
13944.503784179688,2526
13945.50085067749,2514
13946.498394012451,2516
13947.495937347412,2526
13948.493719100952,2514
13949.491024017334,2526
13950.487852096558,2506
13951.484680175781,2518
13952.482461929321,2522
13953.481674194336,2532
13954.478740692139,2498
13955.475091934204,2518
13956.472396850586,2510
13957.46922492981,2510
13958.46676826477,2486
13959.463119506836,2514
13960.461378097534,2516
13961.458444595337,2534
13963.453769683838,2558
13964.450120925903,2534
13964.450120925903,2546
13965.460777282715,2534
13966.446161270142,2554
13967.443466186523,2550
13968.440294265747,2536
13969.43736076355,2554
13970.435857772827,2550
13971.432209014893,2590
13972.429037094116,2598
13973.426580429077,2556
13974.42364692688,2570
13975.42119026184,2526
13976.418495178223,2526
13977.415561676025,2536
13978.413105010986,2554
13979.411363601685,2532
13980.40795326233,2502
13981.433391571045,2526
13982.430696487427,2548
13983.428001403809,2520
13984.42554473877,2526
13985.422849655151,2514
13986.420154571533,2542
13987.417459487915,2558
13988.414525985718,2542
13989.384889602661,2540
13990.40961265564,2534
13991.408586502075,2582
13992.403984069824,2542
13993.401050567627,2554
13994.399070739746,2546
13995.39566040039,2574
13996.393203735352,2548
13997.391939163208,2582
13998.388051986694,2582
13999.385356903076,2556
14000.355958938599,2546
14001.380205154419,2550
14002.377271652222,2548
14003.37553024292,2546
14004.372358322144,2582
14005.342245101929,2534
14006.366729736328,2526
14007.371187210083,2546
14008.361339569092,2534
14009.332180023193,2526
14010.355949401855,2518
14011.354923248291,2536
14012.35055923462,2542
14013.347625732422,2526
14014.347076416016,2518
14015.342712402344,2522
14016.340970993042,2526
14017.337322235107,2540
14018.335103988647,2526
14020.30324935913,2526
14020.30324935913,2504
14021.326780319214,2546
14023.295164108276,2556
14024.318218231201,2570
14024.318218231201,2534
14025.31623840332,2522
14026.312589645386,2522
14028.295278549194,2554
14029.276371002197,2540
14030.2734375,2550
14031.270742416382,2538
14032.268047332764,2516
14033.265352249146,2522
14034.262657165527,2534
14035.25996208191,2494
14036.25750541687,2512
14037.254571914673,2512
14038.251876831055,2506
14039.249420166016,2520
14040.246725082397,2510
14041.24402999878,2526
14042.241334915161,2534
14043.238639831543,2534
14044.236183166504,2506
14045.233249664307,2514
14046.230792999268,2514
14047.22809791565,2538
14048.225402832031,2578
14049.222469329834,2574
14050.220012664795,2522
14051.217317581177,2538
14052.214622497559,2546
14053.21216583252,2578
14054.209470748901,2556
14055.206537246704,2534
14056.203842163086,2522
14057.201385498047,2526
14058.19845199585,2598
14059.19623374939,2576
14060.22310256958,2570
14061.218976974487,2548
14062.21628189087,2552
14063.214778900146,2524
14064.219951629639,2536
14065.207958221436,2554
14066.205263137817,2542
14067.203283309937,2542
14068.20011138916,2538
14069.198846817017,2554
14070.194959640503,2544
14071.192741394043,2538
14072.189092636108,2576
14073.160409927368,2558
14074.185132980347,2526
14075.181484222412,2518
14076.182842254639,2514
14077.175617218018,2550
14078.173398971558,2546
14079.171180725098,2546
14080.169677734375,2538
14081.13980293274,2558
14082.163095474243,2538
14083.162546157837,2544
14084.157228469849,2518
14085.15477180481,2514
14086.15231513977,2510
14087.149381637573,2506
14088.146686553955,2510
14089.143991470337,2510
14090.115070343018,2534
14091.111898422241,2534
14092.13638305664,2542
14093.13416481018,2478
14094.131469726562,2524
14095.131635665894,2520
14096.125841140747,2518
14097.12290763855,2502
14098.11019897461,2544
14099.117279052734,2486
14100.120544433594,2510
14101.111650466919,2518
14102.109909057617,2502
14103.10673713684,2514
14104.10451889038,2504
14105.10230064392,2512
14106.071949005127,2486
14107.095718383789,2504
14108.09326171875,2506
14109.090566635132,2522
14110.089778900146,2512
14111.085653305054,2534
14112.083435058594,2520
14113.080024719238,2510
14114.07732963562,2472
14115.074634552002,2506
14116.0728931427,2486
14117.07067489624,2510
14118.067979812622,2490
14119.072914123535,2454
14120.062351226807,2454
14121.069431304932,2482
14122.05719947815,2478
14123.055219650269,2472
14124.052047729492,2454
14125.049352645874,2454
14126.046419143677,2488
14127.044200897217,2506
14128.041982650757,2502
14129.039287567139,2482
14130.007266998291,2508
14131.00552558899,2476
14132.030963897705,2506
14133.02993774414,2514
14134.025812149048,2514
14135.02550125122,2526
14136.019945144653,2570
14137.017250061035,2580
14138.014793395996,2602
14139.012098312378,2642
14140.011072158813,2646
14141.006708145142,2638
14142.004013061523,2638
14143.001317977905,2622
14143.999099731445,2600
14144.968271255493,2602
14145.994186401367,2574
14146.995306015015,2546
14147.991418838501,2510
14148.991584777832,2518
14149.984121322632,2510
14150.980710983276,2512
14151.978492736816,2506
14152.974843978882,2488
14153.972148895264,2482
14154.977083206177,2538
14155.93934059143,2526
14156.93473815918,2510
14157.932043075562,2514
14158.929347991943,2482
14159.926414489746,2518
14160.923957824707,2546
14161.921262741089,2610
14162.91856765747,2590
14163.915872573853,2606
14164.9169921875,2578
14165.910482406616,2546
14166.919231414795,2534
14167.91033744812,2530
14168.90263557434,2518
14169.899940490723,2526
14170.897245407104,2500
14171.908617019653,2486
14172.892093658447,2474
14173.88939857483,2494
14174.886465072632,2502
14175.884008407593,2494
14176.881313323975,2506
14177.878618240356,2514
14178.876161575317,2458
14179.87322807312,2476
14180.870771408081,2482
14181.89787864685,2484
14182.901382446289,2488
14183.892726898193,2480
14184.861421585083,2462
14185.887575149536,2486
14186.88416481018,2502
14187.88194656372,2490
14188.87710571289,2474
14189.87488746643,2480
14190.844297409058,2486
14191.869735717773,2490
14192.867517471313,2518
14193.864822387695,2522
14194.862127304077,2520
14195.859432220459,2494
14196.829319000244,2490
14197.853088378906,2558
14198.850631713867,2574
14199.85055923462,2590
14200.846195220947,2550
14201.843976974487,2590
14202.845811843872,2586
14203.843593597412,2614
14204.843044281006,2612
14205.838918685913,2622
14206.835508346558,2606
14207.830905914307,2614
14208.824634552002,2568
14209.821701049805,2550
14210.818529129028,2534
14211.816787719727,2512
14212.815284729004,2504
14213.810443878174,2482
14214.807748794556,2482
14215.808868408203,2450
14216.80235862732,2478
14217.79990196228,2504
14218.801975250244,2542
14219.795942306519,2554
14220.793724060059,2574
14221.788883209229,2570
14222.760915756226,2598
14223.784446716309,2556
14224.78175163269,2546
14225.778579711914,2504
14226.776838302612,2486
14227.773904800415,2490
14228.770971298218,2570
14229.770421981812,2510
14230.765104293823,2510
14231.763362884521,2506
14232.760190963745,2514
14233.757734298706,2526
14234.755039215088,2514
14235.755681991577,2570
14236.750841140747,2538
14237.74790763855,2542
14238.74568939209,2522
14239.716053009033,2582
14240.739822387695,2526
14241.737127304077,2534
14242.734670639038,2534
14243.731498718262,2534
14244.729280471802,2534
14245.726346969604,2520
14246.723890304565,2558
14247.69377708435,2542
14248.718738555908,2542
14249.71604347229,2510
14250.71382522583,2538
14251.710653305054,2534
14252.707719802856,2548
14253.705263137817,2520
14254.702806472778,2520
14255.699872970581,2494
14256.698608398438,2522
14257.694959640503,2518
14258.692264556885,2522
14259.689331054688,2490
14260.65993309021,2526
14261.657238006592,2572
14262.654304504395,2606
14263.651371002197,2558
14264.64867591858,2586
14265.645742416382,2582
14266.642808914185,2544
14267.640113830566,2546
14268.637657165527,2546
14269.635200500488,2574
14270.632028579712,2550
14271.629810333252,2558
14272.63331413269,2546
14273.624420166016,2538
14274.621486663818,2510
14275.619506835938,2526
14276.616334915161,2554
14277.613639831543,2548
14278.610944747925,2534
14279.608726501465,2552
14280.60531616211,2518
14281.60285949707,2546
14282.600402832031,2558
14283.597469329834,2546
14284.59358215332,2522
14285.590648651123,2510
14286.587953567505,2518
14287.585258483887,2534
14288.582563400269,2544
14289.57986831665,2520
14290.57788848877,2542
14291.574954986572,2550
14292.572021484375,2558
14293.569326400757,2544
14294.566631317139,2578
14295.56393623352,2584
14296.561241149902,2534
14297.562599182129,2538
14298.556089401245,2544
14299.553394317627,2544
14300.550699234009,2534
14301.54800415039,2522
14302.545309066772,2518
14303.542375564575,2512
14304.539918899536,2526
14305.537223815918,2526
14306.534767150879,2514
14307.531833648682,2514
14308.529376983643,2516
14309.526681900024,2480
14310.523986816406,2426
14311.521530151367,2430
14312.51859664917,2426
14313.515901565552,2422
14314.512968063354,2462
14315.510511398315,2460
14316.507816314697,2506
14317.505359649658,2510
14318.50266456604,2528
14319.499969482422,2518
14320.497274398804,2538
14321.494579315186,2526
14322.508811950684,2546
14323.48918914795,2490
14324.486494064331,2526
14325.484037399292,2542
14326.481342315674,2550
14327.478408813477,2538
14328.475952148438,2534
14329.47325706482,2550
14330.470561981201,2534
14331.467866897583,2534
14332.465410232544,2522
14333.462476730347,2548
14334.460020065308,2538
14335.45708656311,2534
14337.45288848877,2534
14338.450193405151,2570
14338.450193405151,2538
14339.447021484375,2538
14340.444087982178,2524
14341.44139289856,2542
14342.438459396362,2480
14343.436002731323,2510
14344.433307647705,2492
14345.430374145508,2482
14346.427917480469,2480
14347.42546081543,2518
14348.422527313232,2510
14349.419832229614,2488
14350.417613983154,2518
14351.414680480957,2524
14352.411985397339,2506
14353.40929031372,2514
14354.406595230103,2504
14355.403900146484,2516
14356.401205062866,2522
14357.398748397827,2512
14358.39581489563,2534
14359.39335823059,2468
14360.390663146973,2502
14361.387968063354,2518
14362.385034561157,2512
14364.38012123108,2494
14364.38012123108,2508
14365.379571914673,2554
14366.376399993896,2550
14367.3734664917,2538
14368.397951126099,2508
14369.3687915802,2534
14370.392322540283,2510
14371.390342712402,2542
14372.38883972168,2546
14373.371124267578,2572
14374.38178062439,2542
14375.378847122192,2550
14376.376390457153,2534
14377.374410629272,2502
14378.371238708496,2480
14379.369020462036,2518
14380.33938407898,2482
14381.362676620483,2460
14382.36141204834,2450
14384.337902069092,2470
14385.330438613892,2490
14386.332988739014,2486
14387.330770492554,2558
14388.330698013306,2526
14389.314889907837,2542
14389.314889907837,2550
14391.30973815918,2582
14392.306804656982,2572
14393.304109573364,2582
14394.301652908325,2534
14395.298719406128,2550
14396.296262741089,2538
14397.29380607605,2526
14398.290872573853,2526
14399.289846420288,2540
14400.286436080933,2606
14401.310682296753,2506
14402.308702468872,2482
14403.30719947815,2504
14404.303312301636,2500
14405.29990196228,2534
14406.30578994751,2546
14407.31143951416,2522
14408.305883407593,2534
14409.305095672607,2576
14410.263299942017,2574
14411.30542755127,2538
14412.30845451355,2586
14413.309335708618,2558
14414.250373840332,2546
14415.274620056152,2550
14416.27049446106,2548
14417.26803779602,2544
14418.269395828247,2544
14419.234037399292,2578
14420.23229598999,2554
14421.257257461548,2568
14422.25694656372,2584
14423.25210571289,2586
14424.249172210693,2574
14425.255298614502,2584
14426.244258880615,2582
14427.241086959839,2598
14428.239107131958,2578
14429.207563400269,2550
14430.234432220459,2526
14431.230545043945,2526
14432.227849960327,2516
14433.225154876709,2518
14434.22269821167,2510
14435.22047996521,2502
14436.222314834595,2498
14437.214612960815,2490
14438.2164478302,2510
14439.180374145508,2482
14440.20962715149,2494
14441.187143325806,2494
14442.201137542725,2522
14443.198919296265,2514
14444.168090820312,2540
14445.192813873291,2518
14446.19107246399,2510
14447.187662124634,2526
14448.185205459595,2558
14449.182987213135,2540
14450.180292129517,2536
14451.17735862732,2534
14452.17490196228,2518
14453.171968460083,2542
14454.169273376465,2510
14455.166578292847,2502
14456.164360046387,2518
14457.161664962769,2542
14458.158493041992,2518
14459.156036376953,2514
14460.126638412476,2488
14461.123704910278,2510
14462.153673171997,2518
14463.145732879639,2526
14464.142799377441,2512
14465.146541595459,2534
14466.136693954468,2538
14467.134714126587,2522
14468.13178062439,2518
14469.12956237793,2520
14470.126390457153,2506
14471.124172210693,2486
14472.121238708496,2510
14473.118305206299,2534
14474.11584854126,2514
14475.113153457642,2514
14476.110219955444,2520
14477.107763290405,2506
14478.105545043945,2534
14479.103326797485,2542
14480.07321357727,2552
14481.069564819336,2576
14482.100486755371,2610
14483.099222183228,2590
14484.088897705078,2580
14485.086679458618,2594
14486.083984375,2604
14487.081527709961,2622
14488.078594207764,2594
14489.075660705566,2606
14490.073919296265,2574
14491.076707839966,2584
14492.067813873291,2604
14493.064880371094,2600
14494.062662124634,2590
14495.060205459595,2590
14496.057748794556,2522
14497.0543384552,2546
14498.029947280884,2520
14499.051570892334,2532
14500.018835067749,2512
14501.015901565552,2490
14502.012729644775,2488
14503.010511398315,2466
14504.035472869873,2470
14505.032777786255,2458
14506.00290298462,2458
14507.027864456177,2478
14508.025646209717,2488
14509.02247428894,2490
14510.020971298218,2510
14511.017560958862,2546
14512.015104293823,2548
14513.011932373047,2540
14514.011144638062,2546
14515.012264251709,2554
14516.004800796509,2570
14517.003536224365,2550
14517.999172210693,2588
14518.995523452759,2574
14519.993305206299,2534
14520.99061012268,2522
14521.989583969116,2500
14522.990703582764,2506
14523.98681640625,2502
14524.980068206787,2470
14525.977611541748,2460
14526.975393295288,2458
14527.97269821167,2462
14528.969049453735,2474
14529.971837997437,2474
14530.936241149902,2458
14531.96120262146,2454
14532.930135726929,2470
14533.958673477173,2506
14534.953832626343,2522
14535.950183868408,2534
14536.94772720337,2584
14537.963390350342,2604
14538.942575454712,2636
14539.939641952515,2630
14540.908098220825,2622
14541.911602020264,2610
14542.90246963501,2602
14543.899774551392,2580
14544.897079467773,2558
14545.894622802734,2546
14546.891927719116,2550
14547.888994216919,2548
14548.88653755188,2524
14549.883842468262,2504
14550.881147384644,2534
14551.878452301025,2520
14552.875995635986,2514
14553.873062133789,2490
14554.87036705017,2482
14555.867910385132,2504
14556.865215301514,2510
14557.862520217896,2454
14558.859825134277,2474
14559.85713005066,2458
14560.854434967041,2466
14561.851739883423,2470
14562.848806381226,2478
14563.846588134766,2466
14564.843893051147,2482
14565.84095954895,2494
14566.838502883911,2506
14567.864894866943,2532
14568.862438201904,2474
14569.85878944397,2508
14570.828437805176,2526
14571.853876113892,2534
14572.850227355957,2542
14573.848009109497,2528
14574.846506118774,2522
14575.843811035156,2540
14576.8404006958,2526
14577.836751937866,2526
14578.833818435669,2510
14579.833984375,2542
14580.82890510559,2506
14581.825733184814,2508
14582.823991775513,2494
14583.795309066772,2486
14584.791898727417,2502
14585.789442062378,2526
14586.78650856018,2526
14587.7845287323,2522
14588.781833648682,2492
14589.779376983643,2502
14590.776443481445,2524
14591.773509979248,2490
14592.77081489563,2526
14593.768119812012,2514
14594.765663146973,2522
14595.762729644775,2514
14596.760272979736,2550
14597.757816314697,2538
14598.7548828125,2554
14599.750757217407,2526
14600.74782371521,2558
14601.74536705017,2572
14602.75912284851,2546
14603.741884231567,2578
14604.73895072937,2552
14605.736017227173,2550
14606.733560562134,2554
14607.730865478516,2554
14608.728170394897,2574
14609.73310470581,2590
14610.72301864624,2574
14611.720323562622,2582
14612.717390060425,2578
14613.714933395386,2590
14614.73822593689,2574
14615.736246109009,2558
14616.733312606812,2578
14617.73133277893,2576
14618.728160858154,2574
14619.725704193115,2546
14620.695352554321,2554
14621.721506118774,2552
14622.719526290894,2554
14623.714685440063,2550
14624.712228775024,2558
14625.71930885315,2546
14626.708030700684,2582
14627.705335617065,2540
14628.702402114868,2578
14629.671096801758,2558
14630.669116973877,2574
14631.700038909912,2542
14632.691860198975,2572
14633.689165115356,2548
14634.689331054688,2550
14635.683536529541,2582
14636.681318283081,2558
14637.678861618042,2570
14638.676881790161,2558
14639.644384384155,2596
14640.670537948608,2526
14641.66784286499,2546
14642.665147781372,2550
14643.662929534912,2514
14644.660711288452,2526
14645.629405975342,2516
14646.626949310303,2502
14647.624015808105,2450
14648.649215698242,2478
14649.656057357788,2474
14650.644540786743,2458
14651.641845703125,2422
14652.639150619507,2458
14653.635740280151,2430
14654.633045196533,2472
14655.630826950073,2474
14656.635046005249,2486
14657.625436782837,2486
14658.62226486206,2522
14659.620523452759,2462
14660.618305206299,2518
14661.615371704102,2538
14662.620067596436,2518
14663.609266281128,2486
14664.607048034668,2522
14665.60411453247,2518
14666.601657867432,2514
14667.598724365234,2522
14668.567180633545,2506
14669.56377029419,2526
14670.561075210571,2514
14671.558618545532,2528
14672.555923461914,2510
14673.552989959717,2518
14674.550533294678,2506
14675.54783821106,2522
14676.545143127441,2518
14677.542448043823,2526
14678.539991378784,2522
14679.537296295166,2506
14680.534362792969,2498
14681.53190612793,2510
14682.529211044312,2526
14683.526515960693,2520
14684.523582458496,2482
14685.521125793457,2514
14686.518430709839,2522
14687.51573562622,2518
14688.513278961182,2518
14689.510583877563,2526
14690.507888793945,2526
14691.505193710327,2490
14692.502498626709,2512
14693.49980354309,2546
14694.496870040894,2544
14695.494651794434,2546
14696.491718292236,2542
14697.499513626099,2730
14698.486328125,2546
14699.48410987854,2554
14700.481176376343,2538
14701.478481292725,2546
14702.476024627686,2570
14703.473091125488,2578
14704.47039604187,2558
14705.467700958252,2558
14706.465244293213,2554
14707.464694976807,2586
14708.46176147461,2550
14709.45930480957,2556
14710.456132888794,2558
14711.453914642334,2550
14712.450981140137,2522
14713.44804763794,2538
14714.445352554321,2520
14715.442895889282,2518
14716.439962387085,2558
14717.437267303467,2550
14718.434810638428,2542
14719.43211555481,2546
14720.42989730835,2550
14721.426725387573,2522
14722.424030303955,2544
14723.44970703125,2554
14724.450826644897,2576
14725.443840026855,2578
14726.441144943237,2588
14727.438688278198,2606
14728.43623161316,2606
14729.434490203857,2606
14730.401992797852,2582
14731.399774551392,2574
14732.424974441528,2554
14733.422756195068,2550
14734.419584274292,2526
14735.421419143677,2550
14736.387968063354,2546
14737.412452697754,2514
14738.382816314697,2502
14739.37964439392,2544
14740.377187728882,2546
14741.374731063843,2558
14742.371559143066,2550
14743.36862564087,2548
14744.365692138672,2520
14745.363712310791,2546
14746.360778808594,2536
14747.358083724976,2522
14748.355627059937,2538
14750.3502368927,2548
14750.3502368927,2536
14751.375913619995,2554
14752.371788024902,2546
14753.340005874634,2518
14754.337072372437,2526
14755.334615707397,2516
14756.33192062378,2538
14757.328987121582,2498
14758.326530456543,2512
14759.323835372925,2526
14760.321140289307,2522
14761.318445205688,2510
14762.31575012207,2532
14764.310359954834,2522
14764.310359954834,2484
14765.307903289795,2514
14766.305208206177,2518
14767.30227470398,2518
14769.326448440552,2506
14770.323753356934,2510
14770.323753356934,2486
14771.31986618042,2502
14772.318363189697,2494
14774.312257766724,2494
14774.312257766724,2512
14776.308059692383,2516
14777.30417251587,2514
14778.301477432251,2506
14779.270887374878,2506
14780.295848846436,2490
14781.293630599976,2506
14782.290697097778,2486
14783.28800201416,2498
14784.29102897644,2510
14785.256385803223,2494
14786.280632019043,2482
14787.277698516846,2510
14788.274765014648,2542
14789.24584388733,2518
14790.270328521729,2498
14791.269302368164,2544
14792.264938354492,2552
14793.261528015137,2542
14794.259309768677,2522
14795.255899429321,2534
14796.253681182861,2544
14797.250747680664,2538
14798.248052597046,2586
14799.246788024902,2582
14800.242900848389,2558
14801.24044418335,2570
14802.237033843994,2578
14803.234815597534,2552
14804.232597351074,2558
14805.22894859314,2510
14806.198596954346,2522
14807.22427368164,2522
14808.221101760864,2542
14809.218406677246,2506
14810.217380523682,2546
14811.213254928589,2526
14812.21055984497,2534
14813.212871551514,2524
14814.177513122559,2538
14815.175533294678,2510
14816.203832626343,2538
14817.198038101196,2572
14818.19462776184,2536
14819.192171096802,2534
14820.198059082031,2514
14821.186780929565,2534
14822.183847427368,2510
14823.18115234375,2542
14824.180364608765,2522
14825.175762176514,2530
14826.173067092896,2538
14827.170610427856,2570
14828.168153762817,2570
14829.165697097778,2558
14830.163717269897,2558
14831.160306930542,2568
14832.159757614136,2550
14833.155393600464,2526
14834.15174484253,2526
14835.14952659607,2538
14836.146831512451,2542
14837.143898010254,2518
14838.141441345215,2500
14839.14041519165,2398
14840.109825134277,2500
14841.13335609436,2478
14842.130661010742,2502
14843.128204345703,2480
14844.125270843506,2494
14845.122575759888,2502
14846.11988067627,2502
14847.11742401123,2490
14848.087310791016,2492
14849.112033843994,2506
14850.112199783325,2518
14851.107120513916,2526
14852.104425430298,2518
14853.101253509521,2510
14854.098320007324,2522
14855.095386505127,2540
14856.06575012207,2522
14857.091188430786,2546
14858.08777809143,2536
14859.08579826355,2550
14860.084295272827,2546
14861.079931259155,2538
14862.07890510559,2522
14863.074541091919,2538
14864.07208442688,2526
14865.069150924683,2526
14866.066217422485,2526
14867.063999176025,2542
14868.060827255249,2578
14869.059801101685,2554
14870.028495788574,2552
14871.026277542114,2526
14872.056245803833,2554
14873.04949760437,2550
14874.046564102173,2574
14875.044584274292,2574
14876.042127609253,2558
14877.009391784668,2582
14878.00645828247,2554
14879.003524780273,2552
14880.000829696655,2578
14880.998611450195,2578
14881.995677947998,2542
14882.99298286438,2574
14883.99052619934,2586
14884.987831115723,2570
14885.984897613525,2550
14886.982440948486,2536
14887.979745864868,2540
14888.97705078125,2558
14889.974355697632,2526
14890.971660614014,2520
14891.968965530396,2540
14892.966508865356,2512
14893.963813781738,2492
14894.96111869812,2470
14895.958423614502,2490
14896.955728530884,2494
14897.953033447266,2490
14898.950338363647,2466
14899.94764328003,2488
14900.944948196411,2484
14901.942491531372,2506
14902.939796447754,2506
14903.936862945557,2510
14904.934406280518,2494
14905.9317111969,2506
14906.929016113281,2478
14907.926321029663,2478
14908.923864364624,2486
14909.921169281006,2504
14910.918474197388,2486
14911.91577911377,2488
14912.913084030151,2474
14913.910388946533,2458
14914.907455444336,2494
14915.904998779297,2510
14916.902303695679,2482
14917.89960861206,2474
14918.897151947021,2486
14919.901132583618,2504
14920.891761779785,2518
14921.888828277588,2516
14922.886371612549,2534
14923.912048339844,2540
14924.88145828247,2550
14925.878524780273,2554
14926.875591278076,2550
14927.872896194458,2554
14928.87020111084,2598
14929.8677444458,2582
14930.875301361084,2574
14931.862354278564,2584
14932.859659194946,2582
14933.856964111328,2602
14934.85426902771,2590
14935.851573944092,2594
14936.849117279053,2594
14937.846422195435,2608
14938.843727111816,2582
14939.841270446777,2582
14940.83833694458,2594
14941.835641860962,2582
14942.832946777344,2576
14943.830490112305,2550
14944.827556610107,2512
14945.82486152649,2500
14946.82240486145,2542
14947.819948196411,2510
14948.817014694214,2486
14949.814319610596,2478
14950.811624526978,2482
14951.80892944336,2482
14952.806234359741,2450
14953.803777694702,2428
14956.79783821106,2422
14956.79783821106,2398
14956.79783821106,2426
14958.301305770874,2418
14958.805322647095,2446
14960.308313369751,2442
14961.339235305786,2478
14961.339235305786,2470
14962.33320236206,2450
14964.313507080078,2454
14964.313507080078,2478
14965.325832366943,2486
14966.323137283325,2514
14967.322826385498,2506
14968.318223953247,2522
14970.284700393677,2534
14970.284700393677,2546
14971.308469772339,2544
14973.302841186523,2554
14973.302841186523,2542
14975.297689437866,2538
14976.295471191406,2554
14977.292537689209,2570
14978.29556465149,2586
14979.291200637817,2590
14980.284452438354,2578
14981.281995773315,2554
14982.279300689697,2558
14983.2763671875,2582
14984.273910522461,2574
14985.271215438843,2570
14986.268520355225,2550
14987.265586853027,2590
14988.263130187988,2590
14989.242553710938,2542
14990.231990814209,2578
14991.25623703003,2558
14992.252349853516,2538
14993.250370025635,2518
14994.24695968628,2534
14995.24474143982,2514
14996.246576309204,2554
14997.239589691162,2534
14998.236656188965,2574
14999.234437942505,2542
15000.232934951782,2542
15001.229286193848,2534
15002.226114273071,2554
15003.228902816772,2536
15004.221200942993,2518
15005.218744277954,2548
15006.18839263916,2544
15007.212400436401,2538
15008.209705352783,2558
15009.207487106323,2554
15010.205745697021,2534
15011.202096939087,2538
15012.19916343689,2510
15013.19670677185,2518
15014.199018478394,2522
15015.166521072388,2544
15016.189098358154,2510
15017.186641693115,2526
15018.184185028076,2522
15019.1810131073,2518
15020.179510116577,2478
15021.175384521484,2544
15022.172927856445,2546
15023.170471191406,2538
15024.167776107788,2524
15025.165319442749,2526
15026.162147521973,2522
15027.160167694092,2534
15028.156280517578,2558
15029.154300689697,2538
15030.152797698975,2526
15031.148433685303,2554
15032.145738601685,2554
15033.143043518066,2546
15034.141063690186,2574
15035.139083862305,2526
15036.136865615845,2534
15037.13345527649,2538
15038.130283355713,2518
15039.126873016357,2452
15040.126323699951,2542
15041.122198104858,2522
15042.119026184082,2518
15043.116331100464,2528
15044.114112854004,2516
15045.111894607544,2514
15046.108484268188,2534
15047.107458114624,2554
15048.089981079102,2534
15049.100399017334,2534
15050.09937286377,2522
15051.097869873047,2526
15052.093267440796,2538
15053.090810775757,2532
15054.08763885498,2510
15055.089473724365,2490
15056.082010269165,2546
15057.079792022705,2554
15058.076858520508,2606
15059.07392501831,2550
15060.043334960938,2546
15061.069011688232,2534
15062.066316604614,2558
15063.062906265259,2536
15064.06021118164,2546
15065.05823135376,2534
15066.055297851562,2532
15067.05379486084,2514
15068.050146102905,2570
15069.047927856445,2552
15070.016860961914,2538
15071.042537689209,2526
15072.03984260559,2518
15073.036909103394,2518
15074.034929275513,2514
15075.032234191895,2534
15076.030015945435,2530
15077.027320861816,2546
15078.024864196777,2534
15079.021453857422,2516
15080.020189285278,2514
15080.988645553589,2546
15082.014322280884,2534
15083.011150360107,2542
15084.00845527649,2510
15085.005760192871,2538
15086.003065109253,2510
15087.001085281372,2526
15087.997674942017,2540
15088.994979858398,2548
15089.99228477478,2510
15090.989828109741,2510
15091.987371444702,2554
15092.985153198242,2554
15093.98627281189,2546
15094.979286193848,2520
15095.97635269165,2506
15096.973657608032,2510
15097.971200942993,2538
15098.968744277954,2516
15099.965810775757,2518
15100.963830947876,2534
15101.960897445679,2518
15102.957963943481,2528
15103.955268859863,2542
15104.934692382812,2538
15105.92246055603,2542
15106.947422027588,2520
15107.946872711182,2518
15108.912944793701,2494
15109.939336776733,2480
15110.936641693115,2522
15111.942768096924,2536
15112.931489944458,2526
15113.928318023682,2512
15114.925622940063,2544
15115.922927856445,2546
15116.92762374878,2534
15117.920398712158,2534
15118.915796279907,2510
15119.943857192993,2512
15120.933055877686,2518
15121.906757354736,2506
15122.904777526855,2514
15123.87466430664,2522
15124.871492385864,2512
15125.869035720825,2520
15126.866102218628,2506
15127.86340713501,2526
15128.860473632812,2514
15129.85873222351,2522
15130.856037139893,2510
15131.852865219116,2518
15132.850170135498,2508
15133.84747505188,2522
15134.844779968262,2522
15135.842084884644,2512
15136.839389801025,2520
15137.836694717407,2534
15138.834238052368,2542
15139.830350875854,2538
15140.827178955078,2522
15141.82448387146,2538
15142.821788787842,2534
15143.819093704224,2526
15144.816637039185,2542
15145.813703536987,2522
15146.81100845337,2550
15147.808313369751,2526
15148.805856704712,2546
15149.803161621094,2534
15150.800466537476,2538
15151.797771453857,2534
15152.79507637024,2538
15153.7926197052,2546
15154.789686203003,2542
15155.818223953247,2534
15156.814098358154,2522
15157.811641693115,2538
15158.808708190918,2518
15159.806728363037,2522
15160.804271697998,2526
15161.801099777222,2544
15162.797451019287,2570
15163.794994354248,2526
15164.796113967896,2518
15165.796995162964,2534
15166.78762435913,2540
15167.784452438354,2570
15168.781518936157,2558
15169.779062271118,2576
15170.776844024658,2542
15171.773910522461,2546
15172.743320465088,2600
15173.768520355225,2558
15174.765825271606,2546
15175.763607025146,2606
15176.76067352295,2546
15177.757740020752,2558
15178.760051727295,2572
15179.752349853516,2550
15180.721044540405,2522
15181.717872619629,2522
15182.71517753601,2512
15183.712482452393,2494
15184.709787368774,2506
15185.707092285156,2514
15186.704635620117,2486
15187.702417373657,2514
15188.699007034302,2488
15189.696311950684,2526
15190.693855285645,2490
15191.691160202026,2514
15192.68822669983,2488
15193.68577003479,2502
15194.683074951172,2490
15195.680379867554,2454
15196.677684783936,2512
15197.675228118896,2518
15198.672533035278,2522
15199.66983795166,2548
15200.667142868042,2526
15201.664686203003,2526
15202.661752700806,2546
15203.659057617188,2544
15204.65636253357,2556
15205.653667449951,2550
15206.650972366333,2550
15207.648515701294,2554
15208.645582199097,2542
15209.643125534058,2538
15210.64043045044,2546
15211.637735366821,2518
15212.635040283203,2558
15213.632345199585,2510
15214.629888534546,2502
15215.627193450928,2474
15216.62449836731,2518
15217.654943466187,2488
15218.647241592407,2494
15219.64430809021,2534
15220.614194869995,2538
15221.63987159729,2534
15222.609996795654,2510
15223.634243011475,2514
15224.631309509277,2514
15225.629568099976,2554
15226.6263961792,2570
15227.622985839844,2534
15228.620529174805,2546
15229.620695114136,2570
15230.615139007568,2554
15231.58597946167,2546
15232.609510421753,2526
15233.609437942505,2542
15234.603881835938,2538
15235.602378845215,2522
15236.60135269165,2538
15237.595796585083,2510
15238.593101501465,2490
15239.564895629883,2514
15240.59271812439,2504
15241.594791412354,2506
15242.584466934204,2526
15243.581771850586,2490
15244.579315185547,2490
15245.57614326477,2498
15246.573686599731,2506
15247.542381286621,2536
15248.568773269653,2542
15249.565839767456,2502
15250.564813613892,2480
15251.560926437378,2512
15252.558469772339,2538
15253.555059432983,2546
15254.552364349365,2558
15255.550384521484,2546
15256.547689437866,2550
15257.54427909851,2548
15258.54229927063,2576
15259.539604187012,2548
15260.536670684814,2568
15261.533737182617,2544
15264.188289642334,2538
15264.511585235596,2534
15264.511585235596,2510
15266.057014465332,2554
15266.680717468262,2556
15267.623662948608,2526
15268.739700317383,2514
15269.74630355835,2514
15270.707130432129,2510
15271.70443534851,2526
15272.702693939209,2510
15273.699045181274,2510
15274.696350097656,2534
15275.693655014038,2518
15276.69095993042,2536
15277.68850326538,2570
15278.712272644043,2582
15279.683828353882,2558
15280.706882476807,2584
15281.704902648926,2574
15282.702684402466,2534
15283.699035644531,2570
15284.696102142334,2554
15285.693883895874,2582
15286.696910858154,2556
15287.688493728638,2510
15288.686752319336,2574
15289.686441421509,2586
15290.680170059204,2582
15291.678190231323,2574
15292.674779891968,2598
15293.673038482666,2574
15294.671297073364,2518
15295.66764831543,2498
15296.664476394653,2510
15297.642946243286,2506
15298.651456832886,2480
15299.630165100098,2478
15300.660371780396,2482
15301.65696144104,2472
15302.649021148682,2482
15303.64966392517,2448
15304.643154144287,2466
15305.640459060669,2458
15306.63776397705,2474
15307.635307312012,2478
15308.60424041748,2478
15309.601545333862,2474
15310.598850250244,2482
15311.596155166626,2508
15312.593460083008,2526
15313.59076499939,2518
15314.58830833435,2550
15315.585374832153,2550
15316.582918167114,2544
15317.580223083496,2542
15318.577527999878,2514
15319.57483291626,2494
15320.572137832642,2482
15321.569442749023,2502
15322.566986083984,2484
15323.564291000366,2502
15324.561595916748,2486
15325.56176185608,2500
15326.555967330933,2506
15327.553510665894,2522
15328.550815582275,2514
15329.548358917236,2502
15330.545663833618,2534
15331.54296875,2556
15332.540273666382,2542
15333.537340164185,2548
15334.534883499146,2558
15335.531949996948,2580
15336.52949333191,2584
15337.526798248291,2582
15338.524103164673,2516
15339.521408081055,2582
15340.518951416016,2578
15341.516256332397,2540
15342.51356124878,2522
15343.510866165161,2508
15344.508171081543,2490
15345.505475997925,2470
15346.502780914307,2454
15347.500085830688,2446
15348.49762916565,2454
15349.494934082031,2482
15350.492000579834,2454
15351.489543914795,2448
15352.486848831177,2502
15353.484153747559,2458
15354.48145866394,2472
15355.479001998901,2482
15356.478691101074,2502
15357.475280761719,2506
15358.4725856781,2518
15359.469652175903,2510
15360.467433929443,2558
15361.464738845825,2558
15362.461805343628,2600
15363.45911026001,2572
15364.45665359497,2582
15365.453958511353,2606
15366.451025009155,2622
15367.448568344116,2646
15368.445873260498,2632
15369.44317817688,2606
15370.44072151184,2630
15371.437788009644,2634
15372.470378875732,2654
15373.460054397583,2622
15374.457597732544,2598
15375.455141067505,2590
15376.451969146729,2542
15377.44951248169,2614
15378.446817398071,2522
15379.444599151611,2462
15380.412817001343,2460
15381.439208984375,2478
15382.436513900757,2458
15383.434057235718,2458
15384.4313621521,2426
15385.42890548706,2426
15386.425971984863,2458
15387.423753738403,2474
15388.420343399048,2470
15389.389038085938,2470
15390.414953231812,2480
15391.412496566772,2514
15392.410278320312,2526
15393.407583236694,2544
15394.404172897339,2518
15395.401954650879,2526
15396.399021148682,2534
15397.396564483643,2550
15398.393392562866,2538
15399.391174316406,2538
15400.389432907104,2510
15402.355909347534,2502
15402.355909347534,2506
15403.38110923767,2502
15404.377937316895,2500
15405.38215637207,2500
15406.373023986816,2502
15407.370567321777,2510
15408.36787223816,2492
15409.364938735962,2502
15410.364151000977,2494
15411.360263824463,2502
15412.35613822937,2480
15414.321899414062,2490
15414.321899414062,2480
15415.349960327148,2510
15416.345357894897,2500
15417.34266281128,2502
15418.34044456482,2486
15419.339179992676,2502
15420.308113098145,2510
15421.335935592651,2486
15422.330617904663,2482
15423.328161239624,2482
15424.331903457642,2502
15425.321340560913,2506
15426.32007598877,2538
15427.316427230835,2526
15428.314924240112,2548
15430.281400680542,2582
15431.279420852661,2656
15432.302713394165,2634
15433.30192565918,2614
15434.297323226929,2608
15435.298442840576,2622
15436.29240989685,2602
15437.260389328003,2558
15438.257455825806,2596
15439.269542694092,2550
15440.25206565857,2534
15441.249370574951,2486
15442.246913909912,2474
15443.244218826294,2462
15444.241523742676,2472
15445.238828659058,2470
15446.23613357544,2468
15447.233438491821,2420
15448.230743408203,2416
15449.228286743164,2412
15450.225830078125,2406
15451.222896575928,2410
15452.21996307373,2450
15453.217506408691,2454
15454.214811325073,2446
15455.212116241455,2450
15456.209659576416,2474
15457.206726074219,2510
15458.2040309906,2490
15459.201335906982,2506
15460.199117660522,2494
15461.196184158325,2522
15462.193489074707,2518
15463.191032409668,2526
15464.188814163208,2466
15465.185642242432,2514
15466.183185577393,2540
15467.180252075195,2514
15468.177556991577,2518
15469.174861907959,2510
15470.17240524292,2490
15471.169471740723,2478
15472.166776657104,2486
15473.163843154907,2478
15474.161624908447,2490
15475.15869140625,2460
15476.155996322632,2486
15477.153539657593,2468
15478.150844573975,2538
15479.148149490356,2524
15480.184316635132,2586
15481.172323226929,2548
15482.170104980469,2546
15483.166933059692,2546
15484.164476394653,2558
15485.161066055298,2534
15486.160516738892,2570
15487.15591430664,2574
15488.153457641602,2522
15489.152193069458,2538
15490.172624588013,2570
15491.145372390747,2590
15492.148637771606,2606
15493.140459060669,2572
15494.137525558472,2542
15495.135068893433,2538
15496.133089065552,2538
15497.132778167725,2574
15498.127460479736,2538
15499.123811721802,2550
15500.09274482727,2558
15501.119136810303,2620
15502.116918563843,2602
15503.117561340332,2614
15504.11081314087,2602
15505.108118057251,2582
15506.113529205322,2558
15507.10391998291,2542
15508.102655410767,2578
15509.097814559937,2612
15510.095119476318,2590
15511.064767837524,2586
15512.089967727661,2606
15513.086795806885,2602
15514.089584350586,2608
15515.08116722107,2602
15516.07871055603,2586
15517.077207565308,2610
15518.073558807373,2614
15519.071578979492,2614
15520.07007598877,2586
15521.06499671936,2600
15522.0627784729,2582
15523.067712783813,2546
15524.057865142822,2518
15525.054931640625,2458
15526.024580001831,2458
15527.021646499634,2410
15528.019189834595,2342
15529.016256332397,2358
15530.014038085938,2322
15531.01134300232,2382
15532.008409500122,2414
15533.005714416504,2390
15534.003019332886,2454
15535.000562667847,2490
15535.997867584229,2506
15536.99517250061,2550
15537.992715835571,2558
15538.989782333374,2538
15539.987564086914,2526
15540.984153747559,2526
15541.982412338257,2522
15542.97924041748,2518
15543.976306915283,2522
15544.973611831665,2502
15545.971155166626,2508
15546.968460083008,2518
15547.96552658081,2514
15548.96330833435,2510
15549.960374832153,2524
15550.957679748535,2482
15551.954746246338,2498
15552.952527999878,2494
15553.950071334839,2478
15554.947137832642,2484
15555.944442749023,2498
15556.941747665405,2518
15557.939291000366,2502
15558.936357498169,2510
15559.93366241455,2506
15560.931205749512,2526
15561.928272247314,2520
15562.926054000854,2534
15563.923120498657,2518
15564.920425415039,2532
15565.91796875,2518
15566.915035247803,2514
15567.912578582764,2536
15568.91131401062,2518
15569.907188415527,2526
15570.90449333191,2534
15571.911573410034,2538
15572.89981842041,2546
15573.9107131958,2546
15574.893951416016,2536
15575.891017913818,2550
15576.88856124878,2576
15577.885627746582,2538
15578.883171081543,2522
15579.880237579346,2480
15580.891609191895,2542
15581.875085830688,2514
15582.87239074707,2514
15583.869934082031,2518
15584.867000579834,2508
15585.864305496216,2494
15586.861610412598,2506
15587.88537979126,2490
15588.88292312622,2492
15589.880228042603,2478
15590.87872505188,2502
15591.874599456787,2488
15592.875957489014,2474
15593.868970870972,2494
15594.868421554565,2510
15595.865249633789,2504
15596.861362457275,2502
15597.859144210815,2510
15598.856687545776,2500
15599.854707717896,2498
15600.85129737854,2516
15601.84907913208,2494
15602.845430374146,2508
15603.816032409668,2536
15604.840278625488,2512
15605.84282875061,2518
15606.835126876831,2514
15607.831954956055,2546
15608.829259872437,2512
15609.7993850708,2508
15610.797643661499,2510
15611.794471740723,2512
15612.791538238525,2506
15613.789319992065,2514
15614.786624908447,2522
15615.78392982483,2514
15616.780996322632,2514
15617.805004119873,2518
15618.804931640625,2502
15619.783878326416,2506
15620.771408081055,2504
15621.768951416016,2520
15622.766017913818,2518
15623.763084411621,2502
15624.760389328003,2508
15625.757932662964,2522
15626.755237579346,2536
15627.752304077148,2526
15628.74960899353,2490
15629.747152328491,2506
15630.744457244873,2508
15631.742000579834,2526
15632.739305496216,2524
15633.736610412598,2542
15634.734153747559,2534
15635.73145866394,2502
15636.728525161743,2494
15637.725830078125,2516
15638.722896575928,2568
15639.720678329468,2538
15640.71798324585,2514
15641.715049743652,2514
15642.712593078613,2506
15643.709897994995,2516
15644.707202911377,2514
15645.70426940918,2524
15646.702527999878,2518
15647.699117660522,2510
15648.696422576904,2542
15651.100873947144,2550
15651.100873947144,2554
15652.194499969482,2548
15653.195142745972,2538
15654.205083847046,2546
15655.205011367798,2502
15656.203508377075,2502
15657.19985961914,2524
15658.197164535522,2538
15659.194469451904,2538
15660.192489624023,2512
15661.189317703247,2514
15662.18638420105,2522
15663.18392753601,2538
15664.182186126709,2546
15665.179014205933,2526
15666.202783584595,2538
15667.200326919556,2522
15668.197870254517,2534
15669.195652008057,2518
15670.192241668701,2518
15671.189546585083,2506
15672.192811965942,2486
15673.16746711731,2518
15674.15475845337,2546
15675.150632858276,2518
15676.148176193237,2496
15677.14548110962,2508
15678.14302444458,2504
15679.140329360962,2502
15680.138349533081,2510
15681.135416030884,2518
15682.132005691528,2538
15683.130025863647,2494
15684.126853942871,2490
15685.124397277832,2502
15686.121702194214,2504
15687.118768692017,2538
15688.116550445557,2552
15689.113855361938,2534
15690.111637115479,2534
15691.108703613281,2518
15692.105531692505,2526
15693.130493164062,2540
15694.128513336182,2538
15695.125102996826,2538
15696.122407913208,2526
15697.120189666748,2534
15698.090553283691,2552
15699.086904525757,2578
15700.084924697876,2550
15701.0817527771,2522
15702.079057693481,2510
15703.076839447021,2526
15704.074144363403,2542
15705.071210861206,2552
15706.069946289062,2518
15707.066059112549,2534
15708.06360244751,2518
15709.060668945312,2494
15710.057258605957,2502
15711.055755615234,2534
15712.052583694458,2538
15713.050365447998,2526
15714.047193527222,2502
15715.04521369934,2506
15716.042041778564,2522
15717.039585113525,2542
15718.036651611328,2526
15719.03395652771,2526
15720.03197669983,2522
15721.029281616211,2506
15722.026109695435,2526
15723.023653030396,2542
15724.020719528198,2518
15725.017786026001,2506
15726.015090942383,2514
15727.013111114502,2518
15728.009939193726,2540
15729.007482528687,2498
15730.005502700806,2512
15731.022834777832,2520
15731.999635696411,2522
15732.996702194214,2514
15733.994245529175,2504
15734.991312026978,2514
15735.98861694336,2502
15736.985683441162,2532
15737.983226776123,2542
15738.981008529663,2522
15739.977359771729,2534
15740.975618362427,2518
15741.972923278809,2514
15742.97046661377,2510
15743.967533111572,2506
15744.964599609375,2502
15745.961904525757,2512
15746.959209442139,2514
15747.957468032837,2542
15748.95429611206,2542
15749.950647354126,2524
15750.948905944824,2546
15751.946449279785,2514
15752.943515777588,2512
15753.94082069397,2518
15754.938125610352,2512
15755.935668945312,2512
15756.932497024536,2506
15757.937908172607,2514
15758.926391601562,2506
15759.924173355103,2518
15760.921478271484,2506
15761.918306350708,2506
15762.915849685669,2504
15763.91315460205,2502
15764.910459518433,2494
15765.907526016235,2492
15766.905069351196,2544
15767.902374267578,2512
15768.89944076538,2526
15769.92654800415,2490
15770.922422409058,2510
15771.91948890686,2510
15772.92251586914,2508
15773.914098739624,2514
15774.911642074585,2540
15775.91347694397,2512
15776.906251907349,2554
15777.904033660889,2542
15778.90133857727,2526
15779.898881912231,2518
15780.870914459229,2506
15781.892776489258,2516
15782.891273498535,2488
15783.88786315918,2502
15784.884929656982,2508
15785.881996154785,2518
15786.879539489746,2506
15787.877082824707,2510
15788.847208023071,2578
15789.872646331787,2526
15790.86971282959,2494
15791.867971420288,2504
15792.868614196777,2482
15793.862104415894,2488
15794.832944869995,2462
15795.855522155762,2486
15796.852350234985,2510
15797.850847244263,2518
15798.848390579224,2506
15799.844741821289,2504
15800.843954086304,2494
15801.839351654053,2494
15802.837133407593,2522
15803.835153579712,2514
15804.831981658936,2494
15805.829524993896,2510
15806.829690933228,2558
15807.825088500977,2546
15808.820724487305,2558
15809.79061126709,2538
15810.816049575806,2528
15811.81287765503,2536
15812.8182888031,2534
15813.81344795227,2538
15814.81122970581,2518
15815.813302993774,2534
15816.805839538574,2518
15817.79670715332,2492
15818.795204162598,2506
15819.778680801392,2534
15820.791244506836,2532
15821.78783416748,2510
15822.784900665283,2504
15823.782205581665,2520
15824.779987335205,2522
15825.777769088745,2550
15826.777219772339,2522
15827.771663665771,2526
15828.768730163574,2518
15829.766750335693,2518
15830.763339996338,2526
15831.761121749878,2526
15832.757949829102,2542
15833.755254745483,2528
15834.753036499023,2546
15835.750579833984,2546
15836.747407913208,2542
15837.744951248169,2550
15838.74225616455,2554
15839.747428894043,2518
15840.737104415894,2526
15841.735363006592,2514
15842.732429504395,2522
15843.729734420776,2526
15844.726085662842,2578
15845.72434425354,2526
15846.721410751343,2506
15847.718477249146,2526
15848.716497421265,2524
15849.71284866333,2506
15850.710153579712,2542
15851.707696914673,2538
15852.705478668213,2538
15853.702306747437,2522
15854.69937324524,2518
15855.69715499878,2542
15856.69493675232,2542
15857.692241668701,2534
15858.688831329346,2526
15859.686136245728,2540
15860.684156417847,2536
15861.68122291565,2536
15862.678527832031,2536
15863.675832748413,2514
15864.680528640747,2526
15865.670442581177,2510
15866.667985916138,2522
15867.664575576782,2522
15868.661880493164,2514
15869.659662246704,2536
15870.657444000244,2514
15871.654510498047,2510
15872.623682022095,2504
15873.64935874939,2504
15874.645948410034,2494
15875.643253326416,2514
15876.642227172852,2514
15877.638339996338,2518
15878.63540649414,2510
15879.64129447937,2526
15880.631685256958,2480
15881.627559661865,2508
15882.624864578247,2518
15883.628368377686,2512
15884.61971282959,2518
15885.61749458313,2498
15886.614084243774,2514
15887.611627578735,2518
15888.61060142517,2534
15889.578104019165,2534
15890.604734420776,2522
15891.602039337158,2520
15892.598628997803,2522
15893.596172332764,2522
15894.594430923462,2514
15895.591259002686,2522
15896.587371826172,2542
15897.555828094482,2522
15898.582220077515,2526
15899.580717086792,2514
15900.576829910278,2488
15901.575803756714,2494
15902.57215499878,2518
15903.568983078003,2514
15904.566764831543,2534
15905.563831329346,2518
15906.566858291626,2514
15907.55844116211,2514
15908.555507659912,2546
15909.560203552246,2538
15910.550355911255,2522
15911.547660827637,2538
15912.544965744019,2518
15913.5422706604,2518
15914.543151855469,2522
15915.536880493164,2554
15916.533946990967,2540
15917.536973953247,2514
15918.529272079468,2514
15919.526815414429,2522
15920.529127120972,2510
15921.520471572876,2534
15922.489166259766,2554
15923.515558242798,2522
15924.51286315918,2538
15925.51040649414,2546
15926.498651504517,2534
15927.477836608887,2550
15928.502321243286,2522
15929.501295089722,2522
15930.497169494629,2518
15931.49447441101,2542
15932.49535560608,2522
15933.49003791809,2514
15934.486627578735,2512
15935.48321723938,2542
15936.48099899292,2514
15937.47878074646,2534
15938.475608825684,2502
15939.473152160645,2522
15940.469980239868,2538
15943.139553070068,2518
15943.434953689575,2526
15944.43154335022,2498
15944.939136505127,2490
15945.520639419556,2534
15946.977615356445,2524
15947.97682762146,2546
15948.978662490845,2526
15949.97239112854,2514
15950.969934463501,2532
15951.966762542725,2536
15952.964067459106,2518
15953.961372375488,2514
15954.95891571045,2516
15955.956935882568,2506
15956.981658935547,2542
15957.979917526245,2518
15958.97650718689,2538
15959.975481033325,2514
15960.983037948608,2518
15961.968898773193,2524
15962.966442108154,2550
15963.96279335022,2522
15964.959859848022,2504
15965.95811843872,2510
15966.962099075317,2500
15967.952489852905,2482
15968.957901000977,2478
15969.948053359985,2532
15970.94988822937,2522
15971.942663192749,2510
15972.939729690552,2510
15973.936319351196,2526
15974.936723709106,2518
15975.93879699707,2494
15976.9287109375,2514
15977.925777435303,2526
15978.923320770264,2534
15979.919910430908,2510
15980.92794418335,2518
15981.938123703003,2540
15982.912063598633,2546
15983.909606933594,2522
15984.907865524292,2506
15985.904455184937,2534
15986.901760101318,2538
15987.900018692017,2514
15988.896369934082,2488
15989.895820617676,2502
15990.891218185425,2486
15991.889238357544,2506
15992.885828018188,2512
15993.882894515991,2514
15994.880676269531,2490
15995.877504348755,2520
15996.875524520874,2502
15997.873067855835,2524
15998.86965751648,2524
15999.868392944336,2522
16000.86498260498,2514
16001.862287521362,2512
16002.859354019165,2506
16003.856182098389,2514
16004.854202270508,2522
16005.82218170166,2538
16006.849527359009,2516
16007.846117019653,2538
16008.843898773193,2506
16009.840250015259,2510
16010.83755493164,2518
16011.83557510376,2522
16012.832164764404,2536
16013.829708099365,2512
16014.828443527222,2506
16015.824317932129,2504
16016.822338104248,2542
16017.81940460205,2526
16018.823862075806,2520
16019.784927368164,2506
16020.811080932617,2542
16021.808624267578,2518
16022.80569076538,2510
16023.803234100342,2510
16024.800300598145,2510
16025.804996490479,2480
16026.802062988281,2510
16027.79245376587,2506
16028.789758682251,2490
16029.787063598633,2534
16030.784130096436,2522
16031.789302825928,2526
16032.779216766357,2550
16033.776044845581,2536
16034.773588180542,2540
16035.743236541748,2514
16036.768436431885,2542
16037.770748138428,2542
16038.763046264648,2522
16039.76035118103,2534
16040.757894515991,2538
16041.755437850952,2526
16042.752742767334,2538
16043.750286102295,2522
16044.747114181519,2534
16045.744180679321,2538
16046.749353408813,2524
16047.738790512085,2518
16048.736333847046,2534
16049.733877182007,2514
16050.731182098389,2512
16051.728010177612,2526
16052.725553512573,2520
16053.726434707642,2526
16054.720401763916,2510
16055.71961402893,2546
16056.687831878662,2534
16057.684421539307,2522
16058.681726455688,2524
16059.678077697754,2506
16060.67681312561,2510
16061.673879623413,2550
16062.670469284058,2504
16063.668012619019,2522
16064.666032791138,2506
16065.662860870361,2540
16066.66111946106,2538
16067.656755447388,2546
16068.655252456665,2554
16069.652080535889,2546
16070.650100708008,2550
16071.647644042969,2534
16072.644710540771,2522
16073.641538619995,2518
16074.638843536377,2534
16075.63591003418,2500
16076.632261276245,2520
16077.629566192627,2510
16078.62663269043,2520
16079.62417602539,2506
16080.621480941772,2532
16081.618785858154,2514
16082.616329193115,2492
16083.613395690918,2514
16084.6107006073,2514
16085.60824394226,2522
16086.605548858643,2534
16087.602853775024,2502
16088.600158691406,2588
16089.597225189209,2514
16090.595006942749,2534
16091.59231185913,2536
16092.589378356934,2524
16093.586921691895,2516
16094.584226608276,2552
16095.58129310608,2526
16096.57907485962,2532
16097.576379776001,2526
16098.573446273804,2514
16099.570989608765,2514
16100.568294525146,2538
16101.565599441528,2542
16102.56290435791,2538
16103.560209274292,2530
16104.557514190674,2514
16105.554819107056,2514
16106.552124023438,2506
16107.549667358398,2510
16108.546733856201,2542
16109.544038772583,2518
16110.541582107544,2476
16111.546993255615,2518
16112.536191940308,2522
16113.53349685669,2514
16114.530801773071,2518
16115.528106689453,2532
16116.525411605835,2528
16117.522954940796,2524
16118.520259857178,2500
16119.51756477356,2514
16120.514631271362,2522
16121.512413024902,2534
16122.509717941284,2516
16123.506784439087,2538
16124.504327774048,2526
16125.50163269043,2524
16126.498937606812,2538
16127.496242523193,2546
16128.493547439575,2534
16129.491090774536,2516
16130.488157272339,2518
16131.4857006073,2498
16132.482767105103,2512
16133.480072021484,2490
16134.477376937866,2490
16135.474920272827,2506
16136.472225189209,2544
16137.469291687012,2542
16138.466596603394,2552
16139.464139938354,2514
16140.461444854736,2518
16141.458749771118,2510
16142.45629310608,2518
16143.453359603882,2518
16144.450664520264,2538
16145.448207855225,2518
16146.445512771606,2518
16147.442817687988,2710
16148.44012260437,2518
16149.437665939331,2538
16150.434732437134,2522
16151.432275772095,2526
16152.429580688477,2550
16153.426885604858,2534
16154.42419052124,2526
16155.421495437622,2536
16156.418800354004,2514
16157.448291778564,2520
16158.441543579102,2522
16159.412860870361,2526
16160.436391830444,2554
16161.433696746826,2574
16162.431240081787,2526
16163.431167602539,2506
16164.425373077393,2506
16165.422677993774,2510
16166.425466537476,2482
16167.418479919434,2506
16168.41459274292,2518
16169.41213607788,2546
16170.416831970215,2506
16171.407222747803,2526
16172.404289245605,2534
16173.401832580566,2524
16174.405097961426,2514
16175.3990650177,2514
16176.393985748291,2522
16177.391052246094,2534
16178.388595581055,2520
16179.357767105103,2518
16180.384159088135,2506
16181.385517120361,2494
16182.377815246582,2526
16183.374643325806,2526
16184.372425079346,2526
16185.369968414307,2538
16186.367273330688,2548
16188.333511352539,2526
16189.33081626892,2518
16190.328359603882,2520
16191.328525543213,2506
16192.322731018066,2494
16192.322731018066,2512
16193.320035934448,2510
16194.31757926941,2554
16195.314884185791,2524
16197.312831878662,2522
16197.312831878662,2514
16198.306798934937,2528
16199.304342269897,2480
16200.3014087677,2514
16201.298952102661,2570
16203.293561935425,2490
16204.290866851807,2534
16204.290866851807,2518
16206.28547668457,2512
16207.282781600952,2514
16208.280324935913,2532
16209.277629852295,2514
16210.274934768677,2520
16211.272239685059,2520
16212.26954460144,2550
16213.266849517822,2548
16214.264154434204,2518
16215.261697769165,2534
16216.258764266968,2536
16217.25606918335,2538
16218.253374099731,2546
16219.250917434692,2526
16220.248222351074,2534
16221.245527267456,2518
16222.242832183838,2518
16223.240375518799,2518
16224.237442016602,2516
16225.234746932983,2538
16226.232290267944,2522
16227.229595184326,2502
16228.226661682129,2510
16229.22420501709,2498
16230.221509933472,2542
16231.218814849854,2538
16232.216119766235,2538
16233.213424682617,2512
16234.210968017578,2524
16235.20803451538,2514
16236.205577850342,2542
16237.202882766724,2526
16238.200187683105,2542
16239.197969436646,2508
16240.195274353027,2520
16241.192102432251,2528
16242.189407348633,2522
16243.186950683594,2546
16244.184255599976,2538
16245.181322097778,2514
16246.17862701416,2534
16247.176170349121,2534
16248.173475265503,2526
16249.173879623413,2522
16250.169038772583,2506
16251.166105270386,2506
16252.16555595398,2508
16253.162384033203,2550
16254.159927368164,2506
16255.15604019165,2510
16256.153345108032,2526
16257.150411605835,2542
16258.148193359375,2514
16259.145021438599,2514
16260.143756866455,2522
16261.1403465271,2542
16262.137174606323,2510
16263.134479522705,2520
16264.145612716675,2506
16265.129566192627,2534
16266.12639427185,2534
16267.123937606812,2514
16268.121480941772,2526
16269.118309020996,2518
16270.116567611694,2552
16271.113395690918,2542
16272.11046218872,2526
16273.107767105103,2538
16274.105548858643,2538
16275.102615356445,2514
16276.099681854248,2518
16277.097225189209,2520
16278.09476852417,2522
16279.091835021973,2518
16280.089616775513,2508
16281.086921691895,2520
16282.083749771118,2534
16283.08129310608,2502
16284.078598022461,2508
16285.076141357422,2482
16286.073446273804,2520
16287.070989608765,2518
16288.068056106567,2524
16289.093494415283,2514
16290.091276168823,2514
16291.088104248047,2502
16292.085647583008,2524
16293.082475662231,2510
16294.080257415771,2518
16295.079469680786,2506
16296.075105667114,2518
16297.072649002075,2554
16298.069715499878,2546
16299.071073532104,2526
16300.065517425537,2518
16301.061630249023,2534
16302.059173583984,2538
16303.056240081787,2520
16304.053544998169,2542
16305.050611495972,2538
16306.020498275757,2522
16307.032108306885,2514
16308.0472946167,2524
16309.040069580078,2502
16310.0106716156,2478
16311.007022857666,2514
16312.032222747803,2494
16313.03334236145,2526
16314.027070999146,2510
16315.041542053223,2490
16316.02144241333,2514
16317.023038864136,2522
16318.015813827515,2522
16319.014310836792,2520
16320.011138916016,2526
16321.008443832397,2550
16322.00574874878,2522
16322.97420501709,2522
16323.972702026367,2534
16324.974536895752,2526
16325.966835021973,2542
16326.964139938354,2534
16327.961206436157,2538
16328.958511352539,2522
16329.95581626892,2526
16330.953598022461,2520
16331.950664520264,2526
16332.948207855225,2532
16333.945512771606,2520
16334.94257926941,2518
16335.939884185791,2526
16336.936950683594,2510
16337.934494018555,2514
16338.932037353516,2514
16339.929819107056,2526
16340.927124023438,2506
16341.92419052124,2502
16342.921733856201,2486
16343.918561935425,2508
16344.915866851807,2514
16345.91293334961,2510
16346.91071510315,2506
16347.90849685669,2546
16348.905324935913,2486
16349.902629852295,2512
16350.900411605835,2518
16351.897716522217,2514
16352.894306182861,2518
16353.891849517822,2526
16354.889154434204,2518
16355.90147972107,2522
16356.883764266968,2524
16357.881546020508,2542
16358.87885093689,2518
16359.876871109009,2534
16360.873699188232,2540
16361.871004104614,2508
16362.867832183838,2524
16363.865613937378,2522
16364.86291885376,2534
16365.859746932983,2514
16366.857051849365,2512
16367.854595184326,2510
16368.852138519287,2504
16369.849681854248,2510
16370.847225189209,2522
16371.844291687012,2522
16372.841596603394,2538
16373.838424682617,2544
16374.835968017578,2534
16375.83303451538,2556
16376.830577850342,2522
16377.827644348145,2502
16378.825426101685,2526
16379.822731018066,2518
16380.819320678711,2506
16381.817817687988,2522
16382.814407348633,2514
16383.811712265015,2506
16384.809017181396,2516
16385.806560516357,2518
16386.80386543274,2536
16387.8014087677,2522
16388.79895210266,2524
16389.796257019043,2510
16390.793561935425,2534
16391.791105270386,2520
16392.78769493103,2510
16393.78547668457,2510
16394.782543182373,2526
16395.779848098755,2490
16396.777153015137,2458
16397.774934768677,2518
16398.772478103638,2514
16399.76954460144,2518
16400.7670879364,2502
16401.764154434204,2538
16402.761697769165,2506
16403.758764266968,2546
16404.75583076477,2522
16405.753135681152,2542
16406.750917434692,2502
16407.747745513916,2538
16408.745527267456,2526
16409.743070602417,2538
16410.7403755188,2518
16411.73768043518,2524
16412.734270095825,2526
16413.732051849365,2550
16414.729356765747,2522
16415.72642326355,2510
16416.72396659851,2536
16417.721271514893,2554
16418.719053268433,2552
16419.716358184814,2522
16420.713663101196,2526
16421.710968017578,2510
16422.7077960968,2538
16423.70557785034,2520
16424.702644348145,2514
16425.699710845947,2478
16426.69701576233,2518
16427.69455909729,2518
16428.69210243225,2574
16429.689407348633,2526
16430.687189102173,2510
16431.684255599976,2494
16432.6810836792,2534
16433.67838859558,2512
16434.675216674805,2486
16435.675144195557,2502
16436.6717338562,2506
16437.668323516846,2506
16438.665628433228,2522
16439.663410186768,2516
16440.66047668457,2526
16441.657543182373,2546
16442.654609680176,2538
16443.65167617798,2546
16444.64921951294,2520
16445.64652442932,2518
16446.643829345703,2542
16447.641849517822,2522
16448.638916015625,2514
16449.63550567627,2518
16450.63328742981,2518
16451.63059234619,2538
16452.627420425415,2518
16453.624963760376,2510
16454.62203025818,2518
16455.61933517456,2526
16456.61735534668,2504
16457.614183425903,2518
16458.611965179443,2502
16459.609746932983,2486
16460.606575012207,2510
16461.60387992859,2548
16462.60094642639,2538
16463.598012924194,2536
16464.596033096313,2514
16465.593099594116,2542
16466.59016609192,2552
16467.5874710083,2526
16468.58501434326,2526
16469.58303451538,2514
16470.579624176025,2508
16471.577167510986,2518
16472.58973121643,2514
16473.57177734375,2510
16474.568843841553,2522
16475.566387176514,2522
16476.563453674316,2540
16477.5607585907,2506
16478.55830192566,2524
16479.55584526062,2502
16480.552434921265,2518
16481.549501419067,2510
16482.54656791687,2510
16483.543872833252,2486
16484.541416168213,2490
16485.538721084595,2490
16486.536026000977,2478
16487.533569335938,2518
16488.53087425232,2498
16489.5281791687,2492
16490.525245666504,2522
16491.522789001465,2522
16492.520093917847,2534
16493.51739883423,2514
16494.51494216919,2506
16495.51224708557,2522
16496.509552001953,2526
16497.506618499756,2502
16498.504161834717,2524
16499.5014667511,2526
16500.49877166748,2494
16501.496076583862,2526
16502.493381500244,2544
16503.490686416626,2538
16504.488706588745,2522
16505.485773086548,2492
16506.48283958435,2490
16507.479906082153,2506
16508.477449417114,2486
16509.474754333496,2510
16510.472059249878,2484
16511.49821281433,2510
16512.495756149292,2508
16513.492584228516,2518
16514.490127563477,2520
16515.48719406128,2526
16516.4897441864,2514
16517.481565475464,2526
16518.479585647583,2526
16519.476652145386,2506
16520.447492599487,2544
16521.473169326782,2554
16522.46904373169,2570
16523.471355438232,2546
16524.463415145874,2544
16525.460720062256,2510
16526.443004608154,2542
16527.454614639282,2584
16528.452157974243,2576
16529.42395210266,2554
16530.44843673706,2554
16531.44598007202,2554
16532.442808151245,2552
16533.445835113525,2582
16534.437894821167,2554
16535.43472290039,2550
16536.43250465393,2558
16537.429332733154,2550
16538.427114486694,2498
16539.424180984497,2522
16540.39454460144,2534
16541.41855239868,2548
16542.4165725708,2534
16543.416738510132,2516
16544.410943984985,2520
16545.408248901367,2506
16546.40531539917,2516
16547.40285873413,2522
16548.40040206909,2522
16549.398183822632,2540
16550.395011901855,2498
16551.392316818237,2506
16552.38962173462,2524
16553.386926651,2506
16554.384469985962,2490
16555.381774902344,2478
16556.379318237305,2482
16557.37614631653,2450
16558.37345123291,2458
16560.368061065674,2478
16561.366319656372,2510
16561.366319656372,2510
16562.363147735596,2506
16564.329624176025,2474
16564.329624176025,2462
16565.356731414795,2500
16566.35332107544,2476
16567.349910736084,2456
16569.318056106567,2454
16569.318056106567,2418
16570.34206390381,2426
16571.340084075928,2446
16573.33493232727,2470
16574.33319091797,2498
16575.32811164856,2490
16576.3258934021,2498
16577.329874038696,2518
16578.320264816284,2514
16579.317569732666,2538
16580.286026000977,2570
16581.312894821167,2586
16582.313776016235,2586
16583.306550979614,2572
16584.304094314575,2574
16585.302352905273,2576
16586.300134658813,2596
16587.29648590088,2610
16588.297843933105,2598
16589.263200759888,2574
16590.288400650024,2580
16591.291666030884,2590
16592.28277206421,2550
16593.282222747803,2534
16594.27762031555,2506
16595.27587890625,2488
16596.275568008423,2458
16597.275257110596,2462
16598.26683998108,2466
16599.265098571777,2416
16600.261449813843,2442
16601.259231567383,2492
16602.256298065186,2494
16603.253602981567,2502
16604.25114631653,2542
16605.24821281433,2526
16606.245517730713,2542
16607.243537902832,2542
16608.240365982056,2554
16609.237670898438,2552
16610.2077960968,2554
16611.204147338867,2526
16612.229824066162,2506
16613.227128982544,2510
16614.19677734375,2506
16615.226984024048,2484
16616.219520568848,2510
16617.21658706665,2510
16618.212938308716,2510
16619.210481643677,2494
16620.209455490112,2502
16621.2055683136,2490
16622.20335006714,2506
16623.199939727783,2502
16624.19891357422,2474
16625.19359588623,2474
16626.192092895508,2524
16627.18939781189,2544
16628.186464309692,2538
16629.184246063232,2534
16630.181312561035,2522
16631.18314743042,2522
16632.176637649536,2534
16633.17346572876,2518
16635.841608047485,2516
16635.92839241028,2522
16636.165618896484,2538
16637.162685394287,2522
16638.229370117188,2490
16639.22905921936,2518
16639.732599258423,2522
16640.761852264404,2534
16641.75820350647,2558
16642.755270004272,2538
16643.75352859497,2548
16644.750118255615,2582
16645.747661590576,2574
16646.715879440308,2558
16647.74203300476,2580
16648.74005317688,2558
16649.73783493042,2518
16650.707721710205,2542
16651.731729507446,2548
16652.729272842407,2534
16653.727293014526,2514
16654.723167419434,2518
16655.721187591553,2498
16656.71944618225,2502
16657.715797424316,2494
16658.71787071228,2480
16659.7101688385,2514
16660.707712173462,2506
16661.705017089844,2502
16662.702322006226,2502
16663.699626922607,2502
16664.69717025757,2518
16665.700674057007,2530
16666.691780090332,2526
16667.689561843872,2524
16668.687105178833,2508
16669.683694839478,2518
16670.68099975586,2520
16671.67854309082,2528
16672.647953033447,2554
16673.673152923584,2574
16674.670934677124,2554
16675.66728591919,2586
16676.66506767273,2604
16677.66237258911,2598
16678.659915924072,2578
16679.66341972351,2582
16680.655479431152,2554
16681.65159225464,2550
16682.62028694153,2556
16683.621644973755,2550
16684.64756011963,2534
16685.641050338745,2518
16686.638832092285,2514
16687.636137008667,2502
16688.63272666931,2490
16689.603805541992,2470
16690.598964691162,2490
16691.625118255615,2478
16692.628383636475,2500
16693.62449645996,2482
16694.61703300476,2524
16695.614337921143,2502
16696.611642837524,2524
16697.601795196533,2506
16698.606252670288,2494
16699.604034423828,2490
16700.605869293213,2486
16701.598405838013,2490
16702.59666442871,2512
16703.593015670776,2430
16704.59032058716,2470
16705.58762550354,2470
16706.5851688385,2462
16707.582473754883,2478
16708.584785461426,2534
16709.57851409912,2458
16710.57438850403,2510
16711.57193183899,2488
16712.568759918213,2490
16713.566303253174,2514
16714.537143707275,2502
16715.561151504517,2522
16716.52913093567,2506
16717.52619743347,2504
16718.523502349854,2502
16719.520807266235,2514
16720.518112182617,2514
16721.515417099,2514
16722.51296043396,2502
16723.51026535034,2508
16724.507570266724,2512
16725.504636764526,2534
16726.50194168091,2542
16727.49948501587,2532
16728.498220443726,2538
16729.530334472656,2576
16730.520963668823,2570
16731.51969909668,2550
16732.515573501587,2534
16733.513593673706,2554
16734.510898590088,2574
16735.507249832153,2558
16736.505031585693,2576
16737.502098083496,2586
16738.499402999878,2570
16739.498615264893,2582
16740.50211906433,2586
16741.491556167603,2524
16742.489099502563,2526
16743.486404418945,2514
16744.483709335327,2506
16745.48101425171,2544
16746.47879600525,2518
16747.462272644043,2522
16748.475551605225,2534
16749.470472335815,2522
16750.468254089355,2550
16751.46484375,2540
16752.462148666382,2576
16753.459453582764,2550
16754.456758499146,2524
16755.454778671265,2498
16756.451845169067,2508
16757.44915008545,2502
16758.450508117676,2474
16759.414434432983,2486
16760.411500930786,2474
16761.408805847168,2430
16762.40611076355,2482
16763.40341567993,2470
16764.400959014893,2482
16765.398263931274,2506
16766.395568847656,2478
16767.392873764038,2506
16768.38994026184,2510
16769.3874835968,2522
16770.384788513184,2522
16771.382093429565,2538
16772.379636764526,2514
16773.37694168091,2510
16774.37686920166,2526
16775.373935699463,2550
16776.371002197266,2572
16777.368307113647,2546
16778.36561203003,2526
16779.36315536499,2538
16781.36968612671,2506
16781.36968612671,2514
16782.355070114136,2532
16783.352375030518,2490
16784.3496799469,2474
16785.346746444702,2488
16786.344289779663,2514
16787.341117858887,2526
16789.33620452881,2506
16790.332794189453,2518
16790.332794189453,2536
16791.32914543152,2538
16792.32621192932,2506
16793.323516845703,2546
16794.320821762085,2558
16795.318126678467,2534
16797.31273651123,2542
16798.310041427612,2514
16799.307346343994,2510
16800.304889678955,2518
16801.302194595337,2526
16802.29949951172,2510
16803.2968044281,2494
16804.294109344482,2488
16805.291414260864,2510
16806.288957595825,2506
16807.286024093628,2554
16808.28356742859,2534
16809.28087234497,2526
16810.277938842773,2514
16811.275720596313,2550
16812.272787094116,2550
16813.26985359192,2574
16814.26763534546,2522
16815.26494026184,2510
16816.262006759644,2474
16817.259311676025,2442
16818.256855010986,2502
16819.254159927368,2506
16820.25146484375,2502
16821.277379989624,2522
16822.274684906006,2516
16823.27151298523,2508
16824.26953315735,2518
16825.266122817993,2490
16826.263666152954,2520
16827.261924743652,2502
16828.258275985718,2494
16829.256772994995,2482
16830.25598526001,2504
16831.250190734863,2518
16832.24868774414,2512
16833.245038986206,2486
16834.242820739746,2490
16835.23988723755,2486
16836.215257644653,2490
16837.214469909668,2502
16838.21415901184,2486
16839.20121192932,2474
16840.21544456482,2460
16841.195344924927,2480
16842.192888259888,2494
16843.19019317627,2490
16844.18749809265,2482
16845.184564590454,2504
16846.18377685547,2504
16847.18084335327,2516
16848.178386688232,2518
16849.175453186035,2490
16850.175619125366,2482
16851.170301437378,2478
16852.194786071777,2482
16853.191375732422,2492
16854.189157485962,2480
16855.186700820923,2490
16856.157302856445,2486
16857.205867767334,2490
16858.152389526367,2474
16859.177827835083,2470
16860.14676094055,2492
16861.170053482056,2490
16862.168073654175,2506
16863.168954849243,2506
16864.156246185303,2504
16865.15974998474,2550
16866.15777015686,2522
16867.154359817505,2538
16868.12686920166,2530
16869.12202835083,2546
16870.148181915283,2574
16871.147871017456,2558
16872.141361236572,2550
16873.122453689575,2554
16874.109029769897,2534
16875.1060962677,2544
16876.132249832153,2558
16877.128839492798,2550
16878.1259059906,2542
16879.12368774414,2570
16880.120038986206,2580
16881.117343902588,2570
16882.11417198181,2546
16883.083820343018,2526
16884.10973548889,2520
16885.106563568115,2490
16886.103868484497,2474
16887.101411819458,2468
16888.09847831726,2482
16889.0962600708,2504
16890.066862106323,2478
16891.090631484985,2506
16892.091512680054,2486
16893.08500289917,2494
16894.083261489868,2502
16895.079851150513,2500
16896.077394485474,2480
16897.074937820435,2488
16898.067474365234,2502
16899.0421295166,2718
16900.0403881073,2510
16901.036739349365,2518
16902.03356742859,2512
16903.03134918213,2514
16904.02865409851,2502
16905.025959014893,2474
16906.022548675537,2470
16907.01937675476,2508
16908.016681671143,2494
16909.013986587524,2490
16910.011529922485,2486
16911.008596420288,2484
16912.00613975525,2494
16913.00344467163,2510
16914.03079032898,2510
16915.027618408203,2518
16916.024923324585,2526
16917.021989822388,2504
16918.022871017456,2510
16918.989419937134,2502
16920.01986503601,2490
16920.98355293274,2504
16922.009229660034,2504
16923.008918762207,2522
16924.00312423706,2538
16925.00138282776,2524
16925.998210906982,2522
16926.995515823364,2508
16927.994966506958,2548
16928.98988723755,2550
16929.988861083984,2548
16930.956840515137,2546
16931.982278823853,2526
16932.979583740234,2546
16933.976650238037,2554
16934.982299804688,2546
16935.97173690796,2542
16936.96904182434,2526
16937.970399856567,2534
16938.966751098633,2518
16939.960956573486,2502
16940.958976745605,2514
16941.96629524231,2518
16942.952871322632,2490
16943.954706192017,2450
16946.7511177063,2472
16946.7511177063,2490
16946.914196014404,2490
16947.93963432312,2510
16949.00631904602,2510
16950.035333633423,2550
16951.19833946228,2542
16952.19588279724,2520
16953.192949295044,2538
16954.190731048584,2546
16955.188035964966,2546
16956.185817718506,2554
16957.183122634888,2578
16958.179712295532,2554
16959.17844772339,2574
16960.174798965454,2538
16961.171865463257,2538
16962.143182754517,2538
16963.16647529602,2538
16964.17760848999,2522
16965.161085128784,2554
16966.158151626587,2524
16967.156410217285,2538
16968.15276145935,2576
16969.15030479431,2450
16970.11923789978,2502
16971.144914627075,2500
16972.142457962036,2482
16973.139762878418,2482
16974.137544631958,2486
16975.135564804077,2480
16976.104497909546,2486
16977.10132598877,2492
16978.09934616089,2478
16979.096174240112,2458
16980.09419441223,2490
16981.090784072876,2454
16982.08785057068,2514
16983.08515548706,2484
16984.0829372406,2486
16985.094785690308,2490
16986.10544204712,2538
16987.101316452026,2502
16988.09862136841,2518
16989.068269729614,2502
16990.09394645691,2492
16991.09125137329,2494
16992.07353591919,2484
16993.08443069458,2488
16994.085788726807,2486
16995.079517364502,2478
16996.077299118042,2506
16997.081995010376,2504
16998.077869415283,2518
16999.080657958984,2572
17000.040292739868,2550
17001.070737838745,2534
17002.061128616333,2544
17003.058910369873,2550
17004.056215286255,2526
17005.053758621216,2580
17006.05082511902,2552
17007.021188735962,2550
17008.04591178894,2546
17009.042739868164,2556
17010.04195213318,2546
17011.037349700928,2546
17012.033700942993,2512
17013.03458213806,2518
17014.029264450073,2518
17015.026092529297,2538
17016.023635864258,2524
17017.027139663696,2534
17018.02635192871,2518
17019.022226333618,2502
17020.014762878418,2508
17021.0177898407,2532
17021.980047225952,2502
17022.976875305176,2526
17023.974657058716,2520
17024.97172355652,2526
17025.9690284729,2488
17026.966333389282,2550
17027.963638305664,2554
17028.961181640625,2526
17029.958486557007,2540
17030.95579147339,2522
17031.95309638977,2510
17032.950401306152,2506
17033.947706222534,2490
17034.945011138916,2470
17035.942316055298,2470
17036.93962097168,2468
17037.965536117554,2422
17038.962364196777,2478
17039.960145950317,2518
17040.929317474365,2486
17041.954517364502,2518
17042.952299118042,2514
17043.949365615845,2534
17044.947385787964,2522
17045.944452285767,2526
17046.94104194641,2514
17047.93953895569,2514
17048.935413360596,2490
17049.93438720703,2510
17050.93550682068,2522
17051.92804336548,2538
17052.92534828186,2500
17053.896188735962,2522
17054.893255233765,2546
17055.891275405884,2538
17056.88762664795,2548
17057.88516998291,2550
17058.882474899292,2578
17059.88049507141,2546
17060.877561569214,2524
17061.874866485596,2518
17062.8719329834,2490
17063.86923789978,2482
17064.86701965332,2500
17065.864086151123,2522
17066.861152648926,2512
17067.858695983887,2510
17068.884134292603,2510
17069.852590560913,2486
17070.878267288208,2486
17071.87581062317,2506
17072.87311553955,2482
17073.871612548828,2502
17074.86844062805,2502
17075.865745544434,2502
17076.862812042236,2522
17077.860355377197,2534
17078.85766029358,2544
17079.85520362854,2526
17080.82413673401,2516
17081.849813461304,2518
17082.846879959106,2526
17083.84418487549,2522
17084.841012954712,2546
17085.83950996399,2534
17086.835861206055,2538
17087.833166122437,2522
17088.83047103882,2518
17089.82825279236,2534
17090.824842453003,2502
17091.82596206665,2508
17092.819929122925,2482
17093.824863433838,2494
17094.81453895569,2502
17095.811367034912,2510
17096.809148788452,2506
17097.806692123413,2526
17098.803758621216,2514
17099.801540374756,2526
17100.76951980591,2526
17101.76658630371,2526
17102.763652801514,2546
17103.760957717896,2570
17104.758501052856,2550
17105.75556755066,2598
17106.75287246704,2544
17107.750415802002,2574
17108.747720718384,2584
17109.745025634766,2572
17110.742330551147,2570
17111.73987388611,2570
17112.73694038391,2550
17113.734245300293,2558
17114.731788635254,2582
17115.729331970215,2542
17116.726398468018,2546
17117.724418640137,2522
17118.72124671936,2526
17119.718551635742,2510
17120.715856552124,2518
17121.713161468506,2488
17122.710704803467,2490
17123.70777130127,2506
17124.704837799072,2490
17125.702381134033,2514
17126.699686050415,2514
17127.696990966797,2510
17128.6940574646,2486
17129.69183921814,2454
17130.6893825531,2470
17131.686449050903,2510
17132.683753967285,2506
17133.681058883667,2506
17134.67836380005,2504
17135.67543029785,2482
17136.672973632812,2482
17137.670278549194,2486
17138.667583465576,2494
17139.665126800537,2486
17140.66243171692,2476
17141.65949821472,2476
17142.657041549683,2486
17143.654346466064,2514
17144.651651382446,2520
17145.654678344727,2520
17146.64649963379,2510
17147.64380455017,2526
17148.640871047974,2508
17149.638652801514,2534
17150.635719299316,2542
17151.6330242157,2540
17152.63032913208,2514
17153.627634048462,2514
17154.624938964844,2526
17155.622243881226,2542
17156.619787216187,2738
17157.61709213257,2522
17158.61415863037,2526
17159.611701965332,2548
17160.609006881714,2526
17161.63682937622,2526
17162.63175010681,2546
17163.62953186035,2522
17164.626359939575,2526
17165.623903274536,2518
17166.621446609497,2546
17167.6185131073,2532
17168.61581802368,2524
17169.61431503296,2512
17170.61972618103,2514
17171.608686447144,2510
17172.585010528564,2518
17173.603296279907,2512
17174.60060119629,2518
17175.597190856934,2506
17176.594495773315,2502
17177.563905715942,2488
17178.560972213745,2514
17179.558277130127,2490
17180.55558204651,2490
17181.55312538147,2526
17182.560920715332,2518
17183.547735214233,2506
17184.545040130615,2502
17185.542345046997,2502
17186.53964996338,2510
17187.53695487976,2506
17188.534259796143,2512
17189.531564712524,2520
17190.528869628906,2514
17191.526651382446,2510
17192.52371788025,2516
17193.52102279663,2502
17194.518089294434,2506
17195.515632629395,2502
17196.512937545776,2542
17197.510480880737,2536
17198.50778579712,2514
17199.5050907135,2526
17200.502395629883,2526
17201.499462127686,2544
17202.497005462646,2526
17203.49431037903,2522
17204.49161529541,2538
17205.48915863037,2522
17206.486463546753,2508
17207.483768463135,2542
17208.480834960938,2518
17209.4783782959,2490
17210.47568321228,2474
17211.472988128662,2494
17212.470531463623,2494
17213.467597961426,2514
17214.475870132446,2506
17215.46244621277,2500
17216.45998954773,2516
17217.457056045532,2508
17218.454360961914,2518
17219.451904296875,2508
17220.449209213257,2522
17221.44651412964,2482
17222.44358062744,2502
17223.472118377686,2480
17224.46846961975,2492
17225.465774536133,2500
17226.463079452515,2512
17227.46515274048,2512
17228.458166122437,2502
17229.45499420166,2514
17230.422973632812,2520
17231.449127197266,2510
17232.446432113647,2512
17233.444213867188,2482
17234.440803527832,2500
17235.438346862793,2516
17236.435651779175,2506
17237.433195114136,2526
17238.43002319336,2508
17239.452600479126,2518
17240.423917770386,2506
17241.42098426819,2518
17242.41805076599,2502
17244.413375854492,2506
17244.413375854492,2510
17245.41163444519,2522
17246.413230895996,2522
17247.406482696533,2504
17248.40545654297,2510
17249.401569366455,2518
17250.37169456482,2488
17251.39594078064,2520
17252.39372253418,2530
17253.39150428772,2536
17254.358530044556,2520
17255.35559654236,2526
17256.35290145874,2506
17257.350206375122,2518
17258.347749710083,2540
17259.345054626465,2526
17260.342359542847,2526
17261.33966445923,2526
17262.33696937561,2490
17263.334274291992,2506
17264.331579208374,2548
17265.329122543335,2522
17266.326427459717,2522
17267.32349395752,2526
17269.31858062744,2524
17270.315885543823,2508
17270.315885543823,2526
17272.310495376587,2530
17273.30756187439,2520
17274.30486679077,2490
17275.302410125732,2542
17276.299715042114,2514
17277.297019958496,2600
17278.294324874878,2550
17279.29186820984,2544
17280.28893470764,2534
17281.286239624023,2522
17282.283782958984,2526
17283.281087875366,2526
17284.27815437317,2518
17285.3045463562,2526
17286.304235458374,2522
17287.299156188965,2524
17288.298845291138,2462
17289.266347885132,2524
17290.29130935669,2534
17291.287899017334,2526
17292.285442352295,2520
17293.282985687256,2504
17294.28005218506,2506
17295.2778339386,2476
17296.2749004364,2482
17297.27268218994,2482
17298.27308654785,2458
17299.266815185547,2476
17300.265550613403,2484
17301.249027252197,2462
17302.258491516113,2478
17303.25675010681,2474
17304.253816604614,2450
17305.250644683838,2452
17306.220293045044,2472
17307.24549293518,2488
17308.24565887451,2468
17309.239387512207,2470
17310.237407684326,2498
17311.23423576355,2502
17312.23154067993,2522
17313.230752944946,2508
17314.200162887573,2514
17315.223217010498,2512
17316.195249557495,2518
17317.19183921814,2514
17318.18914413452,2522
17319.18692588806,2538
17320.183753967285,2534
17321.181058883667,2494
17322.17812538147,2510
17323.17566871643,2512
17324.17321205139,2508
17325.170278549194,2502
17326.167821884155,2524
17327.164888381958,2534
17328.16219329834,2556
17329.1597366333,2476
17330.15727996826,2522
17331.181526184082,2520
17332.178831100464,2514
17333.175897598267,2548
17334.173679351807,2508
17335.17050743103,2518
17336.167812347412,2534
17337.16583251953,2576
17338.162422180176,2546
17339.136362075806,2534
17340.15703201294,2514
17341.1545753479,2534
17342.15211868286,2536
17343.149185180664,2512
17344.147443771362,2468
17345.144033432007,2506
17346.14109992981,2534
17347.110509872437,2534
17348.10757637024,2534
17349.1051197052,2530
17350.102186203003,2526
17351.099491119385,2550
17352.097034454346,2502
17353.094339370728,2488
17354.09140586853,2522
17355.088710784912,2494
17356.086254119873,2486
17357.084035873413,2506
17358.080863952637,2508
17359.078407287598,2472
17360.07571220398,2512
17361.07301712036,2510
17362.070083618164,2518
17363.067626953125,2498
17364.064931869507,2510
17365.06223678589,2522
17366.05978012085,2508
17367.056846618652,2552
17368.054151535034,2526
17369.051456451416,2490
17370.048999786377,2512
17371.04630470276,2514
17372.04360961914,2538
17373.0411529541,2538
17374.038219451904,2516
17375.035524368286,2518
17376.032829284668,2538
17377.03037261963,2526
17378.02767753601,2522
17379.024744033813,2534
17380.022525787354,2514
17381.019830703735,2526
17382.016897201538,2510
17383.01420211792,2528
17384.0115070343,2502
17385.009050369263,2510
17386.006116867065,2504
17387.003660202026,2502
17388.00096511841,2490
17388.99827003479,2508
17389.995574951172,2516
17390.992879867554,2486
17391.990184783936,2526
17392.987489700317,2506
17393.98503303528,2538
17394.98233795166,2514
17395.979404449463,2538
17396.976709365845,2520
17397.974252700806,2538
17398.971557617188,2526
17399.96886253357,2546
17400.96640586853,2572
17401.963472366333,2550
17402.960777282715,2570
17403.958082199097,2538
17404.955625534058,2522
17405.95293045044,2550
17406.95023536682,2522
17407.947778701782,2538
17408.947467803955,2540
17409.94429588318,2514
17410.94136238098,2510
17411.938667297363,2522
17412.935972213745,2524
17413.933277130127,2510
17414.930820465088,2522
17415.92788696289,2486
17416.93615913391,2524
17417.922735214233,2502
17418.919801712036,2498
17419.917106628418,2506
17420.91464996338,2514
17421.91195487976,2506
17422.909259796143,2512
17423.906803131104,2522
17424.90243911743,2526
17425.899505615234,2518
17426.897048950195,2522
17427.894115447998,2522
17428.89165878296,2534
17429.88896369934,2518
17430.886268615723,2540
17431.883573532104,2518
17432.880878448486,2514
17433.878183364868,2522
17434.87548828125,2514
17435.87303161621,2510
17436.870336532593,2514
17437.867403030396,2514
17438.864946365356,2506
17439.891815185547,2542
17440.887928009033,2520
17441.85757637024,2502
17442.854404449463,2502
17443.851709365845,2520
17444.848775863647,2490
17445.84608078003,2522
17446.84362411499,2494
17447.840929031372,2506
17448.838233947754,2512
17449.835777282715,2504
17450.833082199097,2498
17451.8301486969,2510
17452.82745361328,2506
17453.824996948242,2514
17454.850912094116,2478
17455.82938194275,2494
17456.84576034546,2502
17457.84282684326,2502
17458.840131759644,2520
17459.838151931763,2534
17460.835456848145,2502
17461.832284927368,2510
17462.82911300659,2482
17463.826894760132,2516
17464.824676513672,2520
17465.821266174316,2514
17466.820001602173,2530
17467.81873703003,2486
17468.81341934204,2482
17469.81167793274,2486
17470.80969810486,2522
17471.808195114136,2522
17472.81002998352,2504
17473.80542755127,2482
17474.802494049072,2492
17475.801706314087,2526
17476.797342300415,2522
17477.78820991516,2540
17478.785514831543,2512
17479.785442352295,2502
17480.777978897095,2510
17481.777667999268,2534
17482.781410217285,2534
17483.7806224823,2544
17484.77602005005,2554
17485.77356338501,2518
17486.77086830139,2540
17487.761735916138,2470
17488.76118659973,2522
17489.758729934692,2516
17490.75412750244,2536
17491.754293441772,2534
17492.75517463684,2538
17493.752002716064,2556
17494.749546051025,2542
17495.74637413025,2544
17496.746063232422,2538
17497.73645401001,2526
17498.73375892639,2512
17499.73201751709,2522
17500.727891921997,2542
17501.6987323761,2570
17502.695560455322,2526
17503.692865371704,2534
17504.690170288086,2542
17505.687475204468,2574
17506.68478012085,2570
17507.68280029297,2520
17508.67986679077,2510
17509.67764854431,2522
17510.674476623535,2542
17511.672019958496,2538
17512.669324874878,2546
17513.66639137268,2526
17514.66393470764,2522
17515.661478042603,2534
17516.660690307617,2536
17517.656326293945,2514
17518.653392791748,2518
17519.651174545288,2516
17520.64800262451,2506
17521.645307540894,2518
17522.642612457275,2514
17523.639917373657,2512
17524.63722229004,2522
17525.63452720642,2526
17526.63230895996,2510
17527.629137039185,2494
17528.626441955566,2486
17529.623985290527,2524
17530.62129020691,2514
17531.61883354187,2518
17532.61637687683,2518
17533.613443374634,2526
17534.610509872437,2506
17535.608053207397,2522
17536.605834960938,2506
17537.60266304016,2510
17538.599729537964,2526
17539.597749710083,2526
17540.594339370728,2510
17541.59188270569,2514
17542.58942604065,2524
17543.586492538452,2524
17544.583797454834,2540
17545.581102371216,2518
17546.578645706177,2522
17547.57595062256,2538
17548.572778701782,2506
17549.602270126343,2542
17550.594806671143,2550
17551.591634750366,2554
17552.588939666748,2526
17553.586959838867,2538
17554.58354949951,2526
17555.58180809021,2542
17556.578636169434,2554
17557.575225830078,2514
17558.573246002197,2522
17559.5703125,2516
17560.54162979126,2502
17561.565160751343,2516
17562.562465667725,2514
17563.560962677002,2478
17564.557313919067,2518
17565.55461883545,2494
17566.551446914673,2522
17567.548990249634,2502
17568.55082511902,2514
17569.544792175293,2516
17570.541381835938,2542
17571.53844833374,2522
17572.50952720642,2502
17573.532819747925,2506
17574.530124664307,2524
17575.528144836426,2524
17576.530694961548,2546
17577.52752304077,2506
17578.499794006348,2532
17579.490661621094,2526
17580.48725128174,2522
17581.485748291016,2574
17582.483053207397,2554
17583.4801197052,2526
17584.47766304016,2556
17585.474729537964,2526
17586.472272872925,2514
17587.46910095215,2518
17588.46664428711,2490
17589.46466445923,2534
17590.461015701294,2526
17591.458797454834,2538
17592.455863952637,2514
17593.480110168457,2548
17594.47693824768,2518
17595.47448158264,2512
17596.472024917603,2526
17597.45192527771,2534
17598.46830368042,2532
17599.463939666748,2526
17600.46148300171,2514
17601.458311080933,2514
17602.455854415894,2538
17603.45411300659,2514
17604.4499874115,2514
17605.448007583618,2544
17606.44507408142,2550
17608.413457870483,2514
17609.410762786865,2526
17609.410762786865,2534
17610.417127609253,2522
17611.405611038208,2520
17612.401008605957,2508
17613.39807510376,2490
17614.39561843872,2512
17615.392923355103,2494
17616.389989852905,2514
17617.387533187866,2510
17618.384838104248,2510
17619.38214302063,2510
17620.37944793701,2502
17621.376991271973,2512
17622.374057769775,2514
17623.371362686157,2506
17624.369382858276,2490
17625.3662109375,2490
17626.363515853882,2398
17627.360820770264,2526
17628.358125686646,2546
17629.355669021606,2536
17630.35297393799,2514
17631.35027885437,2516
17632.347583770752,2514
17633.344888687134,2494
17634.341955184937,2510
17635.339498519897,2518
17636.33680343628,2514
17637.33410835266,2502
17638.331651687622,2506
17640.326499938965,2494
17640.326499938965,2518
17641.32332801819,2528
17642.32087135315,2534
17644.315481185913,2502
17644.315481185913,2490
17646.310091018677,2544
17647.30739593506,2506
17648.30470085144,2500
17649.30248260498,2508
17650.299549102783,2502
17651.296854019165,2510
17652.294158935547,2502
17653.29146385193,2506
17654.28876876831,2510
17655.28631210327,2510
17656.283617019653,2522
17657.280921936035,2534
17658.277988433838,2518
17659.2755317688,2514
17660.27307510376,2508
17661.270141601562,2534
17662.267446517944,2510
17663.264989852905,2518
17664.262294769287,2550
17665.25936126709,2532
17666.25690460205,2514
17667.254209518433,2542
17668.251514434814,2546
17669.248819351196,2518
17670.246601104736,2506
17671.24342918396,2508
17672.24073410034,2504
17673.238277435303,2520
17674.235582351685,2522
17675.232887268066,2510
17676.22995376587,2550
17677.22749710083,2518
17678.224802017212,2506
17679.222106933594,2506
17680.219650268555,2546
17681.216955184937,2534
17682.21402168274,2526
17683.21132659912,2510
17684.20910835266,2510
17685.206174850464,2510
17686.23185157776,2550
17687.22939491272,2546
17688.22693824768,2542
17689.19801712036,2510
17690.221309661865,2522
17691.218852996826,2526
17692.21568107605,2538
17693.21298599243,2546
17694.21124458313,2538
17695.207595825195,2510
17696.210145950317,2570
17697.202920913696,2538
17698.19951057434,2526
17699.19776916504,2536
17700.20031929016,2534
17701.191663742065,2534
17702.188968658447,2510
17703.160762786865,2518
17704.15759086609,2484
17705.15465736389,2504
17706.152200698853,2502
17707.149267196655,2508
17708.146333694458,2616
17709.14387702942,2498
17710.14142036438,2514
17711.138486862183,2528
17712.135791778564,2500
17713.132858276367,2486
17714.14589881897,2490
17715.12770652771,2534
17716.124773025513,2542
17717.121839523315,2526
17718.11819076538,2518
17719.115495681763,2514
17720.112800598145,2514
17721.109867095947,2466
17722.10741043091,2490
17723.10471534729,2490
17724.102020263672,2506
17725.099325180054,2510
17726.096868515015,2488
17727.094173431396,2522
17728.09147834778,2504
17729.08902168274,2516
17730.08632659912,2486
17731.083393096924,2474
17732.080936431885,2482
17733.078241348267,2474
17734.07554626465,2508
17735.07285118103,2502
17736.070156097412,2494
17737.067461013794,2490
17738.064765930176,2490
17739.062070846558,2450
17740.05961418152,2508
17741.0569190979,2506
17742.053985595703,2494
17743.051528930664,2492
17744.048833847046,2490
17745.046138763428,2508
17746.04344367981,2542
17747.04074859619,2518
17748.03853034973,2510
17749.035358428955,2518
17750.032901763916,2514
17751.030206680298,2514
17752.02751159668,2526
17753.02481651306,2510
17754.022121429443,2510
17755.019426345825,2506
17756.016731262207,2526
17757.014274597168,2510
17758.01157951355,2490
17759.00888442993,2514
17760.006189346313,2514
17761.003494262695,2516
17762.000799179077,2510
17762.99810409546,2502
17764.024019241333,2494
17765.021085739136,2486
17766.018629074097,2516
17767.0156955719,2514
17768.01323890686,2506
17769.010066986084,2494
17770.007610321045,2504
17771.005153656006,2518
17772.002935409546,2526
17772.99952507019,2522
17773.99706840515,2518
17774.994134902954,2506
17775.991201400757,2512
17776.988744735718,2500
17777.986526489258,2514
17778.98383140564,2510
17779.982328414917,2502
17780.951499938965,2526
17781.975984573364,2506
17782.973289489746,2484
17783.97035598755,2500
17784.969091415405,2524
17785.96520423889,2518
17786.962270736694,2502
17787.959337234497,2476
17788.95664215088,2502
17789.955377578735,2490
17790.95149040222,2486
17791.94927215576,2490
17792.946338653564,2506
17793.91574859619,2474
17794.913291931152,2484
17795.910358428955,2486
17796.907663345337,2504
17797.90496826172,2478
17798.90251159668,2486
17799.90005493164,2474
17800.897121429443,2484
17801.894664764404,2474
17802.891731262207,2458
17803.88879776001,2510
17804.88610267639,2534
17805.946826934814,2510
17806.90884590149,2510
17807.909965515137,2494
17808.876276016235,2512
17809.90171432495,2518
17810.90521812439,2518
17811.8953704834,2490
17812.89315223694,2518
17813.89021873474,2494
17814.887762069702,2542
17815.885305404663,2546
17816.882371902466,2512
17817.8813457489,2512
17818.87674331665,2534
17819.875955581665,2534
17820.871353149414,2510
17821.870803833008,2534
17822.867155075073,2510
17823.863983154297,2530
17824.862003326416,2502
17825.859308242798,2512
17826.857328414917,2612
17827.853679656982,2542
17828.850030899048,2510
17829.848766326904,2526
17830.843210220337,2514
17831.844568252563,2512
17832.84616470337,2526
17833.84346961975,2528
17834.842205047607,2518
17835.838079452515,2522
17836.835384368896,2514
17837.826013565063,2486
17838.823080062866,2494
17839.79320526123,2522
17840.818166732788,2518
17841.815948486328,2514
17842.820644378662,2508
17843.81675720215,2504
17844.81382369995,2520
17845.811128616333,2536
17846.807956695557,2518
17847.79977798462,2500
17848.79732131958,2490
17849.795818328857,2500
17850.791215896606,2526
17851.789474487305,2518
17852.786540985107,2526
17853.784561157227,2516
17854.78138923645,2514
17855.762243270874,2520
17856.74738883972,2542
17857.744693756104,2518
17858.742237091064,2502
17859.739542007446,2510
17860.73660850525,2520
17861.73415184021,2522
17862.73145675659,2512
17863.728761672974,2518
17864.726066589355,2518
17865.723609924316,2522
17866.7209148407,2518
17867.7179813385,2526
17868.71576309204,2522
17869.713068008423,2510
17870.710134506226,2510
17871.707439422607,2502
17872.705221176147,2518
17873.70204925537,2510
17874.699354171753,2534
17875.696897506714,2522
17876.693964004517,2502
17877.691507339478,2502
17878.68857383728,2504
17879.68611717224,2514
17880.683422088623,2510
17881.680965423584,2486
17882.678508758545,2494
17883.675575256348,2514
17884.67264175415,2480
17885.669946670532,2470
17886.667490005493,2490
17887.665271759033,2480
17888.662099838257,2492
17889.659881591797,2490
17890.65670967102,2520
17891.65425300598,2510
17892.651319503784,2518
17893.648862838745,2514
17894.645929336548,2518
17895.64323425293,2492
17896.64077758789,2514
17897.638082504272,2514
17898.635387420654,2518
17899.632692337036,2518
17900.630235671997,2502
17901.62754058838,2526
17902.62484550476,2534
17903.622150421143,2522
17904.619455337524,2540
17905.616760253906,2510
17906.614065170288,2512
17907.61137008667,2536
17908.60867500305,2538
17909.606218338013,2534
17910.603523254395,2518
17911.600828170776,2494
17912.59789466858,2506
17913.59543800354,2526
17914.592742919922,2512
17915.590047836304,2556
17916.587352752686,2516
17917.584896087646,2526
17918.58196258545,2502
17919.57950592041,2568
17920.576810836792,2534
17921.574115753174,2538
17922.571420669556,2506
17923.568725585938,2508
17924.5662689209,2506
17925.56357383728,2546
17926.560640335083,2518
17927.558660507202,2578
17928.557872772217,2534
17929.5551776886,2522
17930.552005767822,2510
17931.549310684204,2580
17932.546377182007,2522
17933.544158935547,2510
17934.54122543335,2502
17935.538291931152,2490
17936.535596847534,2514
17937.533140182495,2498
17938.530445098877,2502
17939.528465270996,2492
17940.526247024536,2520
17942.826747894287,2514
17942.826747894287,2522
17944.09441947937,2510
17945.021867752075,2506
17946.03180885315,2522
17947.03221321106,2534
17948.02951812744,2554
17949.026346206665,2554
17950.026512145996,2542
17951.02095603943,2542
17952.038288116455,2550
17953.01580429077,2538
17954.039812088013,2518
17955.037355422974,2516
17956.008434295654,2514
17957.032442092896,2546
17958.030223846436,2518
17959.026336669922,2506
17960.023880004883,2526
17961.021423339844,2518
17962.02039718628,2514
17963.01555633545,2502
17964.01286125183,2502
17964.982509613037,2510
17965.97981452942,2522
17966.97688102722,2514
17967.974185943604,2514
17968.971729278564,2544
17969.969034194946,2490
17970.966339111328,2500
17971.96388244629,2500
17972.96094894409,2490
17973.958492279053,2488
17974.955558776855,2524
17975.953102111816,2510
17976.9504070282,2518
17977.94771194458,2514
17978.945016860962,2542
17979.942560195923,2540
17980.939865112305,2538
17981.937170028687,2528
17982.93447494507,2538
17983.93177986145,2518
17984.928846359253,2524
17985.926628112793,2538
17986.923694610596,2534
17987.920999526978,2514
17988.91854286194,2494
17989.91584777832,2522
17990.912914276123,2526
17991.910219192505,2518
17992.907762527466,2538
17993.905067443848,2538
17994.90237236023,2480
17995.92876434326,2512
17996.89745903015,2522
17997.894287109375,2518
17998.891592025757,2506
17999.889135360718,2512
18000.8864402771,2506
18001.88374519348,2510
18002.880811691284,2510
18003.878355026245,2508
18004.875659942627,2526
18005.873203277588,2544
18006.87050819397,2528
18007.86781311035,2550
18008.864879608154,2534
18009.862661361694,2518
18010.860443115234,2526
18011.85703277588,2524
18012.85433769226,2542
18013.85188102722,2542
18014.849185943604,2526
18015.846252441406,2538
18016.843557357788,2526
18017.854690551758,2542
18018.83840560913,2534
18019.83594894409,2554
18020.861864089966,2522
18021.85869216919,2520
18022.85599708557,2510
18023.85425567627,2478
18024.879693984985,2490
18025.848627090454,2484
18026.819229125977,2446
18027.81629562378,2484
18028.812170028687,2490
18029.83856201172,2510
18030.838012695312,2518
18031.804084777832,2494
18032.800912857056,2526
18033.798217773438,2502
18034.7957611084,2506
18035.79306602478,2492
18036.80109977722,2526
18037.787914276123,2522
18038.785219192505,2552
18039.783239364624,2526
18040.781021118164,2534
18041.780710220337,2522
18042.77491569519,2518
18043.771982192993,2512
18044.768810272217,2534
18045.766592025757,2518
18046.76365852356,2506
18047.76096343994,2506
18048.758506774902,2514
18049.755811691284,2506
18050.753116607666,2510
18051.750659942627,2514
18052.74796485901,2482
18053.74503135681,2490
18054.742336273193,2506
18055.739879608154,2492
18056.737184524536,2506
18057.764291763306,2578
18058.759927749634,2506
18059.757232666016,2470
18060.729026794434,2494
18061.753034591675,2510
18062.750577926636,2502
18063.748836517334,2486
18064.717292785645,2518
18065.74320793152,2518
18066.73836708069,2548
18067.736625671387,2542
18068.734407424927,2526
18069.731950759888,2514
18070.72877883911,2510
18072.70884513855,2510
18072.70884513855,2510
18073.692083358765,2538
18074.68891143799,2542
18075.68645477295,2512
18076.68375968933,2526
18077.681064605713,2526
18078.678369522095,2522
18079.675912857056,2544
18080.673217773438,2524
18081.67052268982,2526
18082.667589187622,2506
18083.665132522583,2542
18084.662437438965,2534
18085.659742355347,2554
18086.65680885315,2550
18087.65459060669,2534
18088.651657104492,2490
18089.649200439453,2526
18090.646505355835,2526
18091.643810272217,2542
18092.64087677002,2498
18093.6381816864,2508
18094.635725021362,2490
18095.633029937744,2570
18096.630334854126,2538
18097.627639770508,2542
18098.62494468689,2534
18099.62248802185,2514
18100.62003135681,2486
18101.617097854614,2514
18102.614402770996,2494
18103.6114692688,2508
18104.61115837097,2512
18105.607748031616,2514
18106.605291366577,2486
18107.60259628296,2478
18108.59990119934,2486
18109.59792137146,2506
18110.594511032104,2514
18111.591815948486,2490
18112.589120864868,2486
18113.58666419983,2472
18114.58396911621,2506
18115.581035614014,2506
18116.578817367554,2504
18117.575883865356,2508
18118.57318878174,2546
18119.598865509033,2522
18120.594263076782,2526
18121.593236923218,2544
18122.5905418396,2534
18123.587131500244,2510
18124.558210372925,2536
18125.582933425903,2550
18126.580238342285,2520
18127.57706642151,2534
18128.546476364136,2546
18129.544019699097,2526
18130.572080612183,2534
18131.566524505615,2538
18132.563829421997,2524
18133.5608959198,2542
18134.530782699585,2538
18135.527849197388,2542
18136.52515411377,2574
18137.52317428589,2576
18138.52047920227,2550
18139.51802253723,2554
18140.515089035034,2570
18141.512632369995,2546
18142.509937286377,2516
18143.5067653656,2534
18144.50430870056,2544
18145.501852035522,2518
18146.498918533325,2508
18147.496938705444,2514
18148.493766784668,2490
18149.49131011963,2538
18150.486946105957,2520
18151.48615837097,2526
18152.483224868774,2514
18153.480291366577,2492
18154.477834701538,2518
18155.47490119934,2538
18156.471014022827,2576
18157.47022628784,2554
18158.467054367065,2546
18159.465074539185,2550
18160.46166419983,2550
18161.45920753479,2522
18162.456512451172,2526
18163.453817367554,2534
18164.450883865356,2526
18165.448427200317,2526
18166.472911834717,2522
18167.46997833252,2548
18168.468236923218,2554
18169.466018676758,2554
18170.462608337402,2538
18171.459913253784,2526
18172.441482543945,2518
18173.45404624939,2510
18174.45182800293,2510
18175.44913291931,2522
18176.446676254272,2478
18177.443504333496,2490
18178.4405708313,2460
18179.441213607788,2470
18181.406259536743,2446
18182.403326034546,2470
18183.40039253235,2454
18184.39769744873,2472
18184.39769744873,2512
18185.39524078369,2610
18186.392545700073,2486
18187.389612197876,2486
18188.386917114258,2498
18189.38446044922,2490
18190.3817653656,2502
18191.378831863403,2534
18192.376375198364,2502
18193.373680114746,2474
18194.370985031128,2508
18195.36828994751,2550
18196.364164352417,2510
18197.36123085022,2506
18198.3585357666,2486
18199.355840682983,2466
18200.353145599365,2482
18201.350450515747,2470
18202.34775543213,2470
18203.34529876709,2474
18204.342365264893,2478
18205.339908599854,2462
18206.337213516235,2518
18207.334518432617,2500
18209.32936668396,2544
18210.326433181763,2542
18211.323738098145,2574
18212.35179901123,2558
18212.35179901123,2554
18214.317321777344,2572
18215.343236923218,2598
18216.3405418396,2582
18217.337131500244,2584
18218.334436416626,2582
18219.302892684937,2552
18220.330476760864,2554
18221.327543258667,2542
18222.32413291931,2542
18223.294258117676,2514
18224.319458007812,2506
18225.316286087036,2488
18226.314544677734,2506
18227.31065750122,2512
18228.307247161865,2504
18229.305028915405,2498
18230.302333831787,2516
18231.27269744873,2488
18232.268810272217,2490
18233.266353607178,2482
18234.26389694214,2494
18235.260725021362,2522
18236.258268356323,2514
18237.255573272705,2522
18238.28077316284,2510
18239.250898361206,2512
18240.275859832764,2490
18241.273164749146,2522
18242.276668548584,2518
18243.24083328247,2536
18244.237661361694,2510
18245.234727859497,2514
18246.232509613037,2514
18247.22981452942,2544
18248.22688102722,2522
18249.224424362183,2514
18250.2224445343,2490
18251.219272613525,2512
18252.21610069275,2516
18253.21364402771,2510
18254.21094894409,2510
18255.208253860474,2510
18256.205797195435,2502
18257.203102111816,2506
18258.2004070282,2474
18259.19795036316,2474
18260.195016860962,2512
18261.196613311768,2494
18262.190341949463,2524
18263.187170028687,2494
18264.18447494507,2506
18265.18177986145,2486
18266.179084777832,2510
18267.176389694214,2502
18268.173456192017,2534
18269.1707611084,2504
18270.16830444336,2538
18271.16632461548,2502
18272.162914276123,2524
18273.160457611084,2534
18274.155855178833,2522
18275.153160095215,2490
18276.16238594055,2512
18277.1475315094,2534
18278.14483642578,2642
18279.142379760742,2542
18280.170440673828,2510
18281.1381816864,2514
18282.16528892517,2518
18283.133029937744,2510
18284.1579914093,2518
18285.12740135193,2494
18286.12446784973,2516
18287.121772766113,2510
18288.119554519653,2488
18289.116382598877,2514
18290.114402770996,2482
18291.11123085022,2484
18292.10925102234,2486
18293.106079101562,2486
18294.103145599365,2506
18295.100927352905,2498
18296.097993850708,2514
18297.09506034851,2534
18298.09284210205,2514
18299.089193344116,2518
18300.086498260498,2518
18301.0835647583,2494
18302.080869674683,2546
18303.077936172485,2522
18304.075479507446,2524
18305.072784423828,2510
18306.07581138611,2506
18307.06787109375,2514
18308.064937591553,2538
18309.062004089355,2514
18310.059309005737,2526
18311.057090759277,2538
18312.05415725708,2534
18313.051462173462,2504
18314.049005508423,2522
18315.046310424805,2544
18316.043376922607,2538
18317.04068183899,2534
18318.03822517395,2522
18319.035530090332,2534
18320.03355026245,2544
18321.06328010559,2550
18322.056531906128,2502
18323.054313659668,2510
18324.05185699463,2522
18325.04892349243,2538
18326.04670524597,2542
18327.043533325195,2548
18328.040838241577,2478
18329.03814315796,2552
18330.03568649292,2548
18331.034183502197,2546
18332.030534744263,2542
18333.028078079224,2546
18334.024906158447,2542
18335.02221107483,2534
18335.99042892456,2526
18336.987495422363,2554
18337.985038757324,2538
18338.982343673706,2534
18339.979887008667,2510
18340.97695350647,2502
18341.97425842285,2488
18342.971563339233,2520
18343.968868255615,2522
18344.966411590576,2510
18345.96347808838,2524
18346.96102142334,2510
18347.958087921143,2514
18348.955631256104,2492
18349.952936172485,2522
18350.950241088867,2510
18351.977586746216,2534
18352.946281433105,2518
18353.971242904663,2518
18354.969263076782,2514
18355.937957763672,2526
18356.945991516113,2536
18357.961654663086,2518
18358.95824432373,2522
18359.955549240112,2546
18360.953330993652,2578
18361.976385116577,2542
18362.94722557068,2526
18363.94500732422,2518
18364.941358566284,2512
18365.939617156982,2498
18366.910696029663,2546
18367.90680885315,2520
18369.83013153076,2506
18369.83013153076,2498
18370.837211608887,2494
18371.838331222534,2534
18372.849464416504,2522
18373.879194259644,2506
18374.84860420227,2522
18375.84614753723,2486
18376.84392929077,2480
18377.83932685852,2500
18378.83758544922,2494
18379.84013557434,2522
18380.831241607666,2544
18381.829977035522,2514
18382.826805114746,2480
18383.824110031128,2484
18384.835481643677,2502
18385.81871986389,2518
18386.816263198853,2490
18387.813568115234,2502
18388.810634613037,2474
18389.809131622314,2514
18390.805959701538,2514
18391.80326461792,2504
18392.8005695343,2486
18393.798112869263,2478
18394.795417785645,2486
18395.792484283447,2512
18396.79002761841,2502
18397.78757095337,2540
18398.81181716919,2510
18399.81198310852,2502
18400.80714225769,2510
18401.804208755493,2486
18402.80055999756,2492
18403.797149658203,2518
18404.794454574585,2506
18405.780792236328,2486
18406.790256500244,2582
18407.787561416626,2486
18408.785104751587,2490
18409.78240966797,2486
18410.77971458435,2510
18411.778688430786,2460
18412.774562835693,2474
18413.771867752075,2482
18414.74151611328,2500
18415.766716003418,2510
18416.7640209198,2510
18417.760848999023,2480
18418.75910758972,2526
18419.755935668945,2558
18420.753479003906,2538
18421.751499176025,2512
18422.746419906616,2490
18423.746824264526,2502
18424.741506576538,2502
18425.73881149292,2510
18426.7361164093,2510
18427.73461341858,2524
18428.73215675354,2524
18429.729223251343,2506
18430.726766586304,2518
18431.723833084106,2518
18432.721614837646,2506
18433.71844291687,2490
18434.715747833252,2490
18435.7168674469,2494
18436.711311340332,2504
18437.708139419556,2490
18438.705444335938,2520
18439.711570739746,2518
18440.7000541687,2522
18441.697359085083,2518
18442.69323348999,2502
18443.690538406372,2514
18444.688081741333,2518
18445.685148239136,2514
18446.682453155518,2522
18447.65329360962,2506
18448.678493499756,2510
18449.676036834717,2534
18450.67310333252,2518
18451.67088508606,2502
18452.66842842102,2490
18453.665256500244,2486
18454.662561416626,2502
18455.659866333008,2480
18456.657648086548,2518
18457.653522491455,2480
18458.651542663574,2488
18459.65051651001,2480
18460.649490356445,2486
18461.642503738403,2502
18462.641716003418,2490
18463.639497756958,2486
18464.636087417603,2490
18465.633869171143,2478
18466.635942459106,2512
18467.63324737549,2486
18468.62530708313,2512
18469.624042510986,2494
18470.619916915894,2474
18471.617221832275,2494
18472.588539123535,2494
18473.61135482788,2508
18474.60961341858,2502
18475.5802154541,2522
18476.604461669922,2526
18477.601289749146,2500
18478.598833084106,2534
18479.596614837646,2536
18480.59368133545,2522
18481.590509414673,2512
18482.593774795532,2478
18483.585596084595,2514
18484.582662582397,2520
18485.580444335938,2518
18486.57727241516,2518
18487.5750541687,2512
18488.571882247925,2518
18489.570379257202,2510
18490.537643432617,2526
18491.53470993042,2522
18492.531776428223,2502
18493.529319763184,2506
18494.526624679565,2502
18495.524168014526,2478
18496.52123451233,2510
18497.51877784729,2506
18498.515844345093,2518
18499.513387680054,2494
18500.510692596436,2500
18501.507997512817,2478
18502.50506401062,2510
18503.50260734558,2522
18504.499912261963,2478
18505.499601364136,2488
18506.49619102478,2510
18507.493495941162,2506
18508.48960876465,2510
18509.48667526245,2542
18510.484218597412,2538
18511.481285095215,2534
18512.478590011597,2486
18513.4756565094,2518
18514.47319984436,2526
18515.470504760742,2526
18516.467809677124,2518
18517.465353012085,2510
18518.462657928467,2490
18519.460201263428,2494
18520.45702934265,2524
18521.484375,2542
18522.473096847534,2538
18523.479223251343,2534
18524.477243423462,2486
18525.47860145569,2522
18526.47089958191,2512
18527.46891975403,2538
18528.43737602234,2510
18529.462337493896,2506
18530.43293952942,2510
18531.45742416382,2534
18532.455682754517,2522
18533.45251083374,2518
18534.449100494385,2534
18535.446643829346,2554
18536.414623260498,2546
18537.4116897583,2546
18538.40923309326,2506
18539.406538009644,2534
18540.403842926025,2538
18541.401147842407,2520
18542.39845275879,2510
18543.39575767517,2512
18545.390605926514,2542
18545.390605926514,2546
18546.387910842896,2478
18547.385215759277,2502
18548.38252067566,2514
18549.38006401062,2522
18550.377130508423,2520
18551.41043663025,2510
18552.401065826416,2492
18553.399085998535,2510
18554.396390914917,2512
18555.39298057556,2516
18556.393146514893,2528
18557.38854408264,2510
18558.39204788208,2528
18559.385299682617,2518
18560.37998199463,2502
18561.38324737549,2534
18562.37483024597,2518
18563.373804092407,2514
18564.369916915894,2514
18565.367221832275,2514
18567.33250617981,2518
18567.33250617981,2518
18568.35913658142,2522
18569.35715675354,2522
18570.355653762817,2512
18571.351766586304,2502
18572.34764099121,2502
18573.346614837646,2486
18574.34368133545,2498
18575.34146308899,2486
18576.337814331055,2506
18578.33194732666,2488
18579.32949066162,2510
18580.32751083374,2522
18581.324338912964,2500
18582.294940948486,2494
18583.291053771973,2502
18584.288358688354,2514
18585.285425186157,2518
18586.283206939697,2492
18587.2802734375,2510
18588.277578353882,2500
18589.275121688843,2506
18590.272188186646,2536
18591.269969940186,2510
18592.267274856567,2512
18593.26434135437,2502
18594.261646270752,2510
18595.258712768555,2518
18596.256256103516,2480
18597.288370132446,2534
18598.27756881714,2514
18599.275827407837,2510
18600.272178649902,2518
18601.269960403442,2510
18602.272987365723,2484
18603.264093399048,2514
18604.262113571167,2526
18605.25894165039,2514
18606.25648498535,2514
18607.254028320312,2520
18608.255863189697,2502
18609.248876571655,2510
18610.2192401886,2506
18611.216068267822,2506
18612.213134765625,2494
18613.20948600769,2510
18614.20702934265,2490
18615.214824676514,2542
18616.214513778687,2538
18617.21444129944,2514
18618.21413040161,2480
18619.19331550598,2502
18620.190620422363,2492
18621.187686920166,2534
18622.185230255127,2514
18623.18253517151,2510
18624.17984008789,2508
18625.177145004272,2494
18626.174449920654,2544
18627.171754837036,2510
18628.169059753418,2522
18629.16660308838,2510
18630.16390800476,2520
18631.16145133972,2504
18632.158517837524,2504
18633.155822753906,2522
18634.153127670288,2526
18635.15043258667,2506
18636.14797592163,2518
18637.145280838013,2506
18638.142585754395,2522
18639.140367507935,2518
18640.137434005737,2510
18641.13450050354,2506
18642.131805419922,2518
18643.129348754883,2486
18644.126653671265,2490
18645.153284072876,2514
18646.150827407837,2506
18647.14789390564,2514
18648.15330505371,2484
18649.143934249878,2518
18650.140047073364,2510
18651.139736175537,2516
18652.136087417603,2484
18653.13196182251,2526
18654.12950515747,2510
18655.12752532959,2542
18656.124353408813,2558
18657.121419906616,2522
18658.11848640442,2552
18659.1157913208,2518
18660.11381149292,2506
18661.110401153564,2512
18662.10889816284,2508
18663.105487823486,2512
18664.09969329834,2506
18665.09962081909,2518
18666.097164154053,2532
18667.094469070435,2514
18668.092012405396,2548
18669.095993041992,2526
18670.0599193573,2510
18671.08726501465,2486
18672.080993652344,2506
18673.078775405884,2514
18674.075841903687,2510
18675.077199935913,2474
18676.07045173645,2506
18677.06799507141,2494
18678.06577682495,2484
18679.062604904175,2494
18680.060386657715,2518
18681.057453155518,2510
18682.05451965332,2514
18683.051586151123,2494
18684.04984474182,2526
18685.046911239624,2538
18686.043977737427,2526
18687.04128265381,2546
18688.03906440735,2520
18689.035892486572,2504
18690.03653526306,2504
18691.02931022644,2538
18692.02709197998,2522
18693.024158477783,2510
18694.021463394165,2494
18695.018768310547,2490
18696.01583480835,2506
18697.01313972473,2538
18698.01640510559,2522
18699.008464813232,2514
18700.00648498535,2478
18701.003074645996,2504
18702.000617980957,2502
18702.998876571655,2500
18703.997135162354,2490
18704.99300956726,2526
18705.962419509888,2510
18706.986904144287,2510
18707.984447479248,2518
18708.981037139893,2522
18709.980249404907,2526
18710.976123809814,2514
18711.974143981934,2504
18712.980031967163,2502
18713.97042274475,2526
18714.966535568237,2514
18715.97456932068,2542
18716.96138381958,2506
18717.958450317383,2522
18718.955516815186,2494
18719.953775405884,2514
18720.950841903687,2518
18721.92072868347,2540
18722.94545173645,2512
18723.97470474243,2512
18724.939823150635,2522
18725.937604904175,2502
18726.941347122192,2536
18727.93459892273,2536
18728.92951965332,2518
18729.926824569702,2504
18730.896949768066,2526
18731.921911239624,2502
18732.919454574585,2512
18733.917951583862,2536
18734.913110733032,2546
18735.91136932373,2536
18736.908197402954,2536
18737.905263900757,2514
18738.903045654297,2578
18739.87102508545,2558
18740.89765548706,2526
18741.8954372406,2506
18742.892026901245,2514
18743.889331817627,2522
18744.886875152588,2542
18745.884656906128,2548
18746.88148498535,2514
18747.852087020874,2502
18748.84867668152,2490
18749.844551086426,2516
18750.84161758423,2512
18751.83868408203,2500
18752.83694267273,2494
18753.862142562866,2470
18754.85897064209,2450
18755.84101676941,2474
18756.853818893433,2494
18757.851600646973,2506
18758.84771347046,2470
18759.84501838684,2474
18760.814905166626,2478
18761.84105873108,2482
18762.837648391724,2490
18763.834238052368,2480
18764.83130455017,2520
18765.828847885132,2502
18766.826391220093,2506
18767.80343055725,2502
18768.79334449768,2522
18769.790649414062,2502
18770.787715911865,2522
18771.785020828247,2526
18772.782564163208,2526
18773.77986907959,2522
18774.77717399597,2546
18775.774478912354,2538
18776.771783828735,2536
18777.769088745117,2520
18778.7663936615,2518
18779.76393699646,2520
18780.76124191284,2538
18781.78834915161,2518
18782.789945602417,2504
18783.782482147217,2518
18784.780502319336,2512
18785.781145095825,2526
18786.77535057068,2506
18787.771940231323,2524
18788.776397705078,2490
18789.76798057556,2502
18790.764093399048,2486
18791.76139831543,2514
18792.75870323181,2522
18793.758392333984,2514
18794.753551483154,2506
18795.753002166748,2512
18796.74768447876,2506
18797.7454662323,2508
18798.742532730103,2488
18799.739837646484,2494
18800.737142562866,2454
18801.734924316406,2482
18802.732229232788,2510
18803.72905731201,2502
18804.728746414185,2514
18805.724382400513,2498
18806.721687316895,2490
18807.718515396118,2482
18808.71558189392,2506
18809.7140789032,2502
18810.71186065674,2486
18811.715126037598,2486
18812.705516815186,2494
18813.673734664917,2478
18814.6710395813,2510
18815.66834449768,2510
18816.665410995483,2518
18817.662954330444,2516
18818.660259246826,2506
18819.65732574463,2478
18820.65510749817,2482
18821.65241241455,2482
18822.649717330933,2506
18823.646545410156,2494
18824.644088745117,2482
18825.6413936615,2534
18826.674938201904,2514
18827.66556739807,2518
18828.662395477295,2526
18829.664945602417,2518
18830.665111541748,2522
18831.655025482178,2538
18832.65209197998,2524
18833.653688430786,2526
18834.646940231323,2518
18835.643768310547,2514
18836.641788482666,2514
18837.63861656189,2454
18838.63592147827,2522
18839.633464813232,2522
18840.631008148193,2544
18841.628313064575,2518
18844.592094421387,2530
18844.592094421387,2522
18844.592094421387,2546
18846.155405044556,2526
18846.77743911743,2526
18847.716093063354,2518
18848.80042076111,2522
18849.80297088623,2502
18850.764989852905,2546
18851.792573928833,2536
18852.789640426636,2518
18853.786945343018,2488
18854.784727096558,2522
18855.79228401184,2510
18856.778383255005,2520
18857.775926589966,2510
18858.745336532593,2508
18859.77005958557,2514
18860.767602920532,2494
18861.76562309265,2520
18862.762212753296,2534
18863.7592792511,2534
18864.75706100464,2538
18865.75412750244,2526
18866.751194000244,2458
18867.748498916626,2494
18868.746042251587,2486
18869.74334716797,2506
18870.71204185486,2490
18871.73819541931,2492
18872.735738754272,2494
18873.733043670654,2518
18874.730110168457,2518
18875.72717666626,2506
18876.72448158264,2510
18877.721786499023,2510
18878.719806671143,2484
18879.687786102295,2502
18880.713939666748,2504
18881.71148300171,2510
18882.70854949951,2528
18883.705615997314,2492
18884.703874588013,2518
18885.70213317871,2510
18886.698246002197,2542
18887.6953125,2514
18888.692378997803,2536
18889.66155052185,2526
18890.695333480835,2538
18891.685009002686,2538
18892.652988433838,2520
18893.64981651306,2522
18894.647121429443,2510
18895.644664764404,2542
18896.641969680786,2520
18897.639274597168,2516
18898.63681793213,2510
18899.63388442993,2514
18900.631189346313,2492
18901.628494262695,2514
18902.626037597656,2518
18903.623342514038,2538
18904.62040901184,2510
18905.617713928223,2506
18906.615257263184,2476
18907.612562179565,2508
18908.609867095947,2506
18909.60741043091,2534
18910.60447692871,2536
18911.601781845093,2512
18912.599086761475,2486
18913.596630096436,2502
18914.593935012817,2502
18915.59100151062,2534
18916.58854484558,2538
18917.585849761963,2502
18918.583154678345,2510
18919.580459594727,2506
18920.578002929688,2528
18921.58317565918,2520
18922.57261276245,2468
18923.569917678833,2492
18924.567222595215,2500
18925.564527511597,2486
18926.56183242798,2514
18927.55937576294,2512
18928.556442260742,2518
18929.553747177124,2502
18930.551290512085,2510
18931.548595428467,2492
18932.54590034485,2532
18933.54296684265,2550
18934.540510177612,2528
18935.537815093994,2522
18936.535358428955,2510
18937.532663345337,2512
18938.52996826172,2534
18939.5272731781,2542
18940.524339675903,2510
18941.526412963867,2518
18942.519187927246,2498
18943.516492843628,2518
18944.51403617859,2514
18945.51110267639,2724
18946.508407592773,2490
18947.506189346313,2510
18948.503255844116,2470
18949.500560760498,2490
18950.49786567688,2524
18951.496362686157,2494
18952.49319076538,2510
18953.49168777466,2490
18954.516887664795,2506
18955.514192581177,2488
18956.51149749756,2490
18957.50856399536,2506
18958.506107330322,2512
18959.503412246704,2460
18960.474014282227,2482
18961.498260498047,2506
18962.496042251587,2506
18963.49287033081,2490
18964.490175247192,2470
18965.48843383789,2510
18966.456651687622,2506
18967.482089996338,2504
18968.47915649414,2514
18969.47741508484,2518
18970.474243164062,2518
18971.471309661865,2494
18972.45144844055,2500
18973.474264144897,2514
18974.46346282959,2522
18975.460529327393,2514
18976.457595825195,2514
18977.456092834473,2518
18978.452444076538,2490
18979.450225830078,2520
18980.44729232788,2490
18981.444597244263,2522
18982.450008392334,2486
18983.439207077026,2512
18984.44366455078,2510
18985.43405532837,2514
18986.432313919067,2518
18987.42938041687,2522
18988.425731658936,2516
18989.423274993896,2538
18990.420818328857,2514
18991.418838500977,2522
18992.4156665802,2506
18993.412494659424,2494
18994.41146850586,2514
18995.412588119507,2510
18996.405601501465,2514
18997.40171432495,2508
18998.39973449707,2482
19000.394105911255,2518
19000.394105911255,2526
19001.393795013428,2506
19002.388954162598,2522
19003.38578224182,2446
19004.383087158203,2542
19005.385637283325,2552
19006.378173828125,2554
19007.375478744507,2518
19008.37278366089,2538
19009.36985015869,2516
19010.36763191223,2512
19011.364698410034,2510
19012.361764907837,2526
19013.359546661377,2502
19014.357089996338,2518
19015.35391807556,2544
19016.351222991943,2500
19017.348289489746,2506
19018.34750175476,2470
19020.341873168945,2510
19021.338939666748,2502
19021.338939666748,2514
19023.33378791809,2478
19024.329662322998,2502
19025.327920913696,2482
19026.325941085815,2508
19027.32229232788,2516
19028.319597244263,2506
19029.31809425354,2522
19030.32159805298,2486
19031.311750411987,2490
19032.30905532837,2502
19033.311128616333,2488
19034.30461883545,2506
19035.301446914673,2520
19036.298513412476,2506
19037.296056747437,2522
19038.29312324524,2456
19039.262294769287,2542
19040.287494659424,2504
19041.285276412964,2538
19042.28663444519,2510
19043.27940940857,2510
19044.278383255005,2490
19045.274019241333,2514
19046.271085739136,2514
19047.26815223694,2538
19048.269271850586,2508
19049.26347732544,2510
19050.26602745056,2520
19051.257848739624,2522
19052.255392074585,2522
19053.253412246704,2506
19054.250240325928,2518
19055.250883102417,2522
19056.244611740112,2514
19057.241678237915,2514
19058.24041366577,2518
19059.24153327942,2510
19060.235261917114,2508
19061.230897903442,2512
19062.22891807556,2538
19063.225746154785,2540
19064.19539451599,2598
19065.220832824707,2544
19066.21789932251,2538
19067.21544265747,2526
19068.21894645691,2526
19069.209814071655,2550
19070.212841033936,2522
19071.204662322998,2516
19072.202920913696,2510
19073.19927215576,2518
19074.196577072144,2522
19075.193643569946,2542
19076.191425323486,2542
19077.18825340271,2534
19078.18603515625,2520
19079.18357849121,2522
19080.18159866333,2518
19081.15005493164,2522
19082.1750164032,2504
19083.17255973816,2490
19084.1703414917,2490
19085.167169570923,2510
19086.164474487305,2516
19087.162017822266,2498
19088.15908432007,2526
19089.141845703125,2514
19090.12484550476,2482
19091.151237487793,2494
19092.148542404175,2506
19093.146562576294,2512
19094.143629074097,2542
19095.14021873474,2510
19096.143007278442,2534
19097.137928009033,2502
19098.138093948364,2534
19099.129915237427,2546
19100.127935409546,2534
19101.12500190735,2518
19102.12206840515,2512
19103.119373321533,2514
19104.116678237915,2520
19105.11612892151,2518
19106.082677841187,2544
19107.07926750183,2516
19108.076333999634,2532
19109.073877334595,2522
19110.071182250977,2544
19111.06848716736,2542
19112.06603050232,2520
19113.063097000122,2522
19114.060401916504,2502
19115.057706832886,2534
19116.055250167847,2532
19117.05231666565,2546
19118.04986000061,2526
19119.047164916992,2522
19120.044469833374,2534
19121.041774749756,2514
19122.039556503296,2536
19123.0366230011,2538
19124.03392791748,2540
19125.030994415283,2554
19126.028537750244,2534
19127.025842666626,2526
19128.023147583008,2534
19129.02021408081,2526
19130.01823425293,2550
19131.01577758789,2516
19132.012605667114,2518
19133.010149002075,2504
19134.007215499878,2494
19135.00428199768,2522
19136.00206375122,2492
19136.999130249023,2454
19137.996673583984,2482
19138.993740081787,2474
19139.99891281128,2486
19140.98834991455,2510
19141.985654830933,2556
19142.982959747314,2542
19143.980503082275,2550
19144.977807998657,2570
19145.97511291504,2550
19146.97241783142,2594
19147.969961166382,2546
19148.967504501343,2574
19149.964332580566,2506
19150.961875915527,2506
19151.95918083191,2494
19152.95720100403,2510
19153.95426750183,2466
19154.951095581055,2502
19155.948400497437,2484
19156.94570541382,2490
19157.94324874878,2510
19158.940315246582,2514
19159.937858581543,2502
19160.943746566772,2486
19161.932468414307,2490
19162.92977333069,2478
19163.92707824707,2514
19164.924383163452,2520
19165.921926498413,2494
19166.918992996216,2478
19167.945861816406,2482
19168.941974639893,2486
19169.939756393433,2518
19170.90892791748,2510
19171.934366226196,2514
19172.93119430542,2482
19173.92921447754,2508
19174.92985725403,2484
19175.923109054565,2508
19176.920652389526,2514
19177.918434143066,2534
19178.91573905945,2508
19179.913997650146,2526
19180.883169174194,2546
19181.90908432007,2522
19182.877779006958,2526
19183.902978897095,2518
19184.900283813477,2526
19185.89687347412,2536
19186.8953704834,2554
19187.891244888306,2526
19188.89021873474,2526
19189.887285232544,2526
19190.88315963745,2518
19191.88117980957,2498
19192.87872314453,2516
19193.875312805176,2498
19194.872617721558,2506
19195.870876312256,2510
19196.868419647217,2478
19197.8657245636,2474
19198.862314224243,2506
19199.862003326416,2538
19200.856924057007,2506
19201.854705810547,2510
19202.85129547119,2480
19203.848361968994,2490
19204.846382141113,2490
19205.817222595215,2506
19206.840753555298,2480
19207.83829689026,2490
19208.835124969482,2494
19209.806442260742,2488
19210.829496383667,2482
19211.827278137207,2506
19212.825298309326,2490
19213.82236480713,2492
19214.82014656067,2512
19215.821266174316,2518
19216.819524765015,2556
19217.81086921692,2538
19218.81055831909,2512
19219.780206680298,2494
19220.803022384644,2518
19221.80223464966,2514
19222.803831100464,2514
19223.801851272583,2502
19224.798679351807,2534
19225.79598426819,2514
19226.794242858887,2522
19227.784395217896,2512
19228.781938552856,2542
19229.780435562134,2534
19230.765104293823,2518
19231.773853302002,2518
19232.7778339386,2502
19233.77537727356,2494
19234.77268218994,2510
19235.769510269165,2454
19236.766815185547,2510
19237.75839805603,2526
19238.755702972412,2526
19239.75658416748,2554
19240.750312805176,2542
19241.74737930298,2518
19242.74468421936,2508
19243.7424659729,2522
19244.74048614502,2514
19245.736837387085,2526
19246.734142303467,2520
19247.703552246094,2542
19248.700380325317,2506
19249.69792366028,2514
19250.69499015808,2514
19251.692533493042,2518
19252.689838409424,2530
19253.686904907227,2502
19254.68420982361,2518
19255.68199157715,2478
19256.67905807495,2502
19257.676362991333,2494
19258.673906326294,2502
19259.671211242676,2484
19260.66827774048,2482
19261.66605949402,2458
19262.66312599182,2490
19263.660430908203,2474
19264.657735824585,2482
19265.655279159546,2506
19266.65234565735,2482
19267.64965057373,2458
19268.646955490112,2490
19269.644498825073,2474
19270.641803741455,2472
19271.639108657837,2482
19272.63641357422,2494
19273.6337184906,2502
19274.631023406982,2478
19275.628328323364,2502
19276.626586914062,2518
19277.623414993286,2510
19278.62024307251,2490
19279.61802482605,2494
19280.615091323853,2490
19281.612396240234,2490
19282.609701156616,2478
19283.607244491577,2494
19284.60431098938,2494
19285.60161590576,2504
19286.599159240723,2514
19287.596464157104,2514
19288.593769073486,2518
19289.591312408447,2526
19290.58837890625,2522
19291.616439819336,2506
19292.612075805664,2480
19293.60866546631,2486
19294.60620880127,2510
19295.604944229126,2520
19296.601057052612,2522
19297.598838806152,2504
19298.59948158264,2534
19299.593925476074,2534
19300.59003829956,2534
19301.58758163452,2518
19302.584886550903,2502
19303.582429885864,2506
19304.579496383667,2506
19305.57680130005,2534
19306.574821472168,2522
19307.574033737183,2414
19308.568716049194,2498
19309.56721305847,2502
19310.563325881958,2536
19311.56039237976,2534
19312.5581741333,2478
19313.55905532837,2486
19314.526796340942,2474
19315.550088882446,2508
19316.547632217407,2476
19317.54493713379,2500
19318.541765213013,2504
19319.541454315186,2502
19320.537328720093,2472
19321.537256240845,2486
19322.504997253418,2500
19323.52876663208,2514
19324.52630996704,2478
19325.523853302002,2498
19326.520442962646,2502
19327.519178390503,2446
19328.51529121399,2486
19329.513549804688,2506
19330.51037788391,2540
19331.50839805603,2498
19332.504987716675,2534
19333.503246307373,2524
19334.500312805176,2550
19335.49690246582,2534
19336.494207382202,2550
19337.464809417725,2544
19338.461875915527,2522
19339.45941925049,2540
19340.45648574829,2526
19341.45450592041,2526
19342.451333999634,2542
19343.448638916016,2528
19344.446182250977,2526
19345.44324874878,2526
19346.44079208374,2586
19347.439289093018,2570
19348.435401916504,2540
19349.432706832886,2526
19350.430727005005,2494
19353.02424430847,2494
19353.02424430847,2478
19354.071855545044,2480
19355.010986328125,2502
19356.04953765869,2506
19356.583833694458,2490
19357.611894607544,2500
19358.609199523926,2518
19359.61365699768,2522
19360.575199127197,2494
19361.60135269165,2504
19362.600803375244,2506
19363.596200942993,2480
19364.56537246704,2502
19365.591287612915,2484
19366.58787727356,2514
19367.58542060852,2510
19368.58344078064,2506
19369.579792022705,2538
19370.577335357666,2518
19371.58155441284,2494
19372.544765472412,2490
19373.57234954834,2462
19374.566555023193,2484
19375.56552886963,2506
19376.561880111694,2510
19377.55846977234,2526
19378.55577468872,2538
19379.554271697998,2518
19380.550861358643,2520
19381.522178649902,2518
19382.51757621765,2516
19383.515119552612,2554
19384.511947631836,2582
19385.50901412964,2546
19386.50631904602,2534
19387.50410079956,2540
19388.530015945435,2518
19389.501571655273,2542
19390.52414894104,2530
19391.493558883667,2522
19392.49014854431,2518
19393.51534843445,2518
19394.514083862305,2522
19395.51091194153,2536
19396.507501602173,2554
19397.491455078125,2518
19398.503303527832,2486
19399.50156211853,2490
19400.49719810486,2510
19401.4949798584,2512
19402.491807937622,2510
19403.489589691162,2502
19404.457569122314,2522
19405.454397201538,2522
19406.4519405365,2546
19407.4490070343,2522
19408.446550369263,2538
19409.443855285645,2506
19410.441160202026,2512
19411.43846511841,2506
19412.43553161621,2508
19413.43331336975,2494
19414.430618286133,2514
19415.427684783936,2512
19416.425228118896,2502
19417.42253303528,2512
19418.41983795166,2518
19419.417142868042,2536
19420.414447784424,2490
19421.411752700806,2506
19422.410488128662,2510
19423.40660095215,2518
19424.40390586853,2518
19425.401210784912,2530
19426.398515701294,2532
19427.395820617676,2526
19429.390907287598,2542
19429.390907287598,2542
19430.38845062256,2526
19431.385278701782,2510
19432.382822036743,2520
19433.379888534546,2486
19434.377193450928,2522
19435.37449836731,2526
19436.37180328369,2538
19438.366889953613,2522
19439.364433288574,2524
19439.364433288574,2510
19441.359996795654,2514
19441.359996795654,2506
19442.35587120056,2558
19443.353176116943,2546
19444.350719451904,2502
19445.35541534424,2490
19446.345567703247,2526
19447.34239578247,2522
19448.33993911743,2546
19449.337482452393,2538
19450.334548950195,2516
19451.332092285156,2546
19452.32915878296,2538
19453.32646369934,2554
19454.323768615723,2570
19455.321073532104,2558
19456.318616867065,2534
19457.315683364868,2522
19459.31077003479,2514
19460.307836532593,2502
19461.305141448975,2538
19462.302684783936,2526
19463.29975128174,2516
19464.29705619812,2524
19465.29459953308,2518
19466.291904449463,2514
19467.289209365845,2534
19468.286514282227,2510
19469.31529045105,2514
19470.31283378601,2472
19471.30799293518,2502
19472.30625152588,2510
19473.30379486084,2482
19474.287509918213,2494
19475.29649734497,2518
19476.293802261353,2542
19477.291107177734,2522
19478.288173675537,2534
19479.28524017334,2534
19480.283975601196,2524
19481.282234191895,2518
19482.277393341064,2506
19483.275651931763,2534
19484.272241592407,2558
19485.270500183105,2526
19486.26685142517,2522
19487.26463317871,2534
19488.261461257935,2508
19489.239931106567,2512
19490.257740020752,2546
19491.238594055176,2518
19492.238759994507,2506
19493.221521377563,2490
19494.218826293945,2490
19495.216369628906,2516
19496.213674545288,2514
19497.21050262451,2518
19498.213529586792,2538
19499.205350875854,2510
19500.216245651245,2506
19501.21521949768,2506
19502.197265625,2498
19503.194332122803,2518
19504.191875457764,2506
19505.188941955566,2518
19506.186723709106,2510
19507.182598114014,2502
19508.179664611816,2520
19509.1769695282,2524
19510.17451286316,2514
19511.17181777954,2510
19512.169122695923,2490
19513.166189193726,2510
19514.171600341797,2528
19515.16103744507,2546
19516.15834236145,2522
19517.155647277832,2494
19518.153190612793,2488
19519.150257110596,2474
19520.147562026978,2486
19521.14510536194,2508
19522.1426486969,2492
19523.14019203186,2506
19524.137020111084,2518
19525.134563446045,2524
19526.131868362427,2540
19527.12893486023,2518
19528.12671661377,2522
19529.123783111572,2486
19530.121088027954,2512
19531.118392944336,2512
19532.115697860718,2512
19533.113479614258,2510
19534.11054611206,2506
19535.107851028442,2522
19536.105155944824,2526
19537.102460861206,2538
19538.099765777588,2534
19539.09730911255,2532
19540.09461402893,2522
19541.091680526733,2522
19542.089223861694,2502
19543.086528778076,2510
19544.08359527588,2526
19545.08113861084,2510
19546.07844352722,2526
19547.075748443604,2458
19548.073053359985,2494
19549.070119857788,2536
19550.067901611328,2506
19551.06520652771,2502
19552.062273025513,2486
19553.060293197632,2484
19554.057359695435,2506
19555.054426193237,2518
19556.0519695282,2522
19557.049036026,2486
19558.046340942383,2482
19559.043645858765,2478
19560.041189193726,2482
19561.038494110107,2490
19562.03579902649,2510
19563.03334236145,2510
19564.030408859253,2502
19565.027713775635,2506
19566.025018692017,2506
19567.022562026978,2506
19568.01962852478,2512
19569.01717185974,2506
19570.014715194702,2506
19571.019411087036,2524
19572.009086608887,2522
19573.006629943848,2534
19574.00417327881,2538
19575.00123977661,2534
19575.998544692993,2510
19577.0103931427,2490
19577.993154525757,2484
19578.99045944214,2502
19579.98776435852,2502
19580.98530769348,2502
19581.982374191284,2472
19582.979679107666,2494
19583.977699279785,2514
19584.97452735901,2526
19585.97183227539,2518
19586.969137191772,2510
19587.966680526733,2510
19588.963985443115,2492
19589.961051940918,2502
19590.95859527588,2506
19591.96424484253,2490
19592.953205108643,2510
19593.950510025024,2490
19594.947814941406,2490
19595.945119857788,2522
19596.94242477417,2514
19597.93996810913,2518
19598.937273025513,2518
19599.934577941895,2490
19600.931644439697,2514
19601.92918777466,2534
19602.92649269104,2540
19603.923559188843,2520
19604.921340942383,2538
19605.918407440186,2506
19606.915712356567,2502
19607.91301727295,2518
19608.91056060791,2522
19609.907865524292,2482
19610.917806625366,2510
19611.902475357056,2486
19612.899780273438,2482
19613.89708518982,2520
19614.896774291992,2510
19615.893602371216,2522
19616.89066886902,2510
19617.88821220398,2480
19618.88551712036,2500
19619.882583618164,2512
19620.880126953125,2522
19621.877670288086,2546
19622.87473678589,2516
19623.87204170227,2538
19624.86958503723,2524
19625.866651535034,2510
19626.863956451416,2526
19627.861499786377,2550
19628.85880470276,2514
19629.85610961914,2516
19630.854606628418,2504
19631.851196289062,2492
19632.848024368286,2510
19633.845567703247,2490
19634.84287261963,2482
19635.84017753601,2458
19636.837482452393,2558
19637.835264205933,2470
19638.832330703735,2486
19639.829397201538,2518
19640.827178955078,2510
19641.82424545288,2482
19642.821550369263,2490
19643.818616867065,2518
19644.815921783447,2550
19645.8420753479,2546
19646.831274032593,2520
19647.835969924927,2494
19648.83327484131,2506
19649.831295013428,2490
19650.829315185547,2514
19651.82638168335,2534
19652.82654762268,2522
19653.826236724854,2512
19654.81734275818,2514
19655.78556060791,2550
19656.81219100952,2578
19657.809495925903,2554
19658.806324005127,2534
19659.77716445923,2534
19660.772562026978,2526
19661.79847717285,2538
19662.79625892639,2522
19663.793802261353,2516
19664.790868759155,2528
19665.789127349854,2510
19666.78500175476,2506
19667.7827835083,2512
19668.779850006104,2494
19669.777870178223,2494
19670.774698257446,2478
19671.77176475525,2460
19672.76954650879,2458
19673.768997192383,2478
19674.763917922974,2470
19675.760984420776,2470
19676.758527755737,2480
19677.727460861206,2450
19678.75337600708,2454
19679.75091934204,2458
19680.74893951416,2486
19681.745052337646,2494
19682.742595672607,2478
19683.73966217041,2462
19684.73768234253,2482
19685.739278793335,2492
19686.731338500977,2512
19687.73055076599,2528
19688.726663589478,2512
19689.7234916687,2492
19690.72151184082,2492
19691.718578338623,2504
19692.687034606934,2514
19693.713903427124,2526
19694.71263885498,2526
19695.70755958557,2524
19696.705102920532,2486
19697.702646255493,2482
19698.700189590454,2474
19699.697017669678,2514
19700.69432258606,2486
19701.6921043396,2486
19702.692985534668,2490
19703.686475753784,2482
19704.684019088745,2508
19705.682277679443,2508
19706.67839050293,2482
19707.648754119873,2472
19708.64510536194,2466
19709.6426486969,2470
19710.63995361328,2486
19711.637258529663,2510
19712.634086608887,2512
19713.63139152527,2502
19714.62917327881,2510
19715.62623977661,2494
19716.623544692993,2514
19717.620849609375,2490
19718.618631362915,2490
19719.61545944214,2534
19720.613479614258,2514
19721.61054611206,2486
19722.60856628418,2480
19723.605394363403,2490
19724.601984024048,2502
19725.59952735901,2494
19726.59707069397,2486
19727.594137191772,2474
19728.591918945312,2468
19729.588747024536,2502
19730.586528778076,2488
19731.584072113037,2490
19732.58066177368,2482
19733.57844352722,2506
19734.575510025024,2478
19735.572576522827,2510
19736.570119857788,2482
19737.56766319275,2480
19738.56544494629,2478
19739.56251144409,2510
19740.559816360474,2518
19741.557121276855,2494
19742.55418777466,2506
19743.55149269104,2512
19744.548797607422,2518
19745.546102523804,2514
19746.543169021606,2538
19747.541427612305,2514
19748.538494110107,2542
19749.53579902649,2502
19750.53334236145,2534
19751.530647277832,2518
19752.527475357056,2514
19753.525733947754,2482
19754.52208518982,2490
19755.5193901062,2482
19756.5176486969,2492
19757.514476776123,2454
19758.511781692505,2488
19759.50860977173,2446
19760.506629943848,2478
19761.50393486023,2484
19762.500762939453,2486
19763.498306274414,2522
19764.496326446533,2520
19765.492916107178,2512
19766.48998260498,2502
19767.487287521362,2512
19768.485069274902,2522
19769.482612609863,2506
19770.479917526245,2524
19771.477460861206,2538
19772.475004196167,2518
19773.47159385681,2542
19774.468660354614,2542
19775.466203689575,2534
19776.463508605957,2474
19777.46081352234,2508
19778.45859527588,2518
19779.455423355103,2534
19780.453205108643,2514
19781.45933151245,2520
19782.447576522827,2556
19783.445119857788,2536
19784.441471099854,2538
19785.44020652771,2520
19786.436796188354,2526
19787.434101104736,2482
19788.431882858276,2514
19789.429426193237,2506
19790.42649269104,2486
19791.42427444458,2482
19792.420864105225,2512
19793.418407440186,2522
19794.41547393799,2522
19795.41254043579,2486
19796.410083770752,2482
19797.406673431396,2486
19798.404932022095,2450
19799.401998519897,2474
19800.400257110596,2458
19801.39708518982,2486
19802.393674850464,2426
19803.391218185425,2446
19804.388761520386,2458
19805.38558959961,2506
19806.389808654785,2490
19807.38067626953,2522
19808.377981185913,2534
19809.37623977661,2534
19810.372829437256,2582
19811.370134353638,2598
19812.36720085144,2588
19813.3647441864,2598
19814.362049102783,2602
19815.359115600586,2580
19816.35618209839,2578
19817.354202270508,2574
19818.35126876831,2554
19820.34707069397,2520
19821.343660354614,2538
19822.34025001526,2522
19823.3380317688,2510
19824.3350982666,2522
19825.332641601562,2490
19826.329708099365,2474
19827.327489852905,2486
19828.324794769287,2454
19829.32186126709,2480
19830.331802368164,2480
19831.316232681274,2512
19832.334518432617,2486
19833.31346511841,2474
19834.309577941895,2490
19835.307121276855,2486
19836.30394935608,2506
19837.30673789978,2480
19838.29927444458,2482
19839.2972946167,2474
19840.294122695923,2502
19841.291427612305,2512
19842.288494110107,2502
19843.285083770752,2502
19844.31266784668,2502
19845.30806541443,2482
19846.277475357056,2506
19847.27454185486,2494
19848.27208518982,2484
19849.269151687622,2526
19850.266933441162,2494
19851.264476776123,2492
19852.261304855347,2502
19853.25860977173,2546
19854.25591468811,2526
19855.253219604492,2518
19856.250762939453,2506
19857.248067855835,2486
19858.245372772217,2522
19859.2426776886,2554
19860.24022102356,2572
19861.237287521362,2536
19862.23340034485,2522
19863.23046684265,2518
19864.227771759033,2534
19865.225076675415,2546
19866.222381591797,2578
19867.21968650818,2546
19868.21699142456,2582
19869.214296340942,2568
19870.212078094482,2558
19871.209144592285,2578
19872.206211090088,2574
19873.20375442505,2554
19874.20344352722,2546
19875.200271606445,2538
19876.197338104248,2546
19877.195119857788,2518
19878.207445144653,2572
19879.189491271973,2514
19880.187273025513,2510
19881.184577941895,2512
19882.181644439697,2470
19883.1787109375,2426
19884.176015853882,2446
19885.173082351685,2446
19886.170625686646,2414
19887.168169021606,2458
19888.16523551941,2474
19889.178037643433,2506
19890.16032218933,2534
19891.157865524292,2546
19892.155647277832,2576
19893.151998519897,2578
19894.14954185486,2542
19895.14660835266,2550
19896.143913269043,2542
19897.141456604004,2506
19898.138523101807,2514
19899.13582801819,2478
19900.133848190308,2478
19901.13091468811,2458
19902.127742767334,2446
19903.125047683716,2448
19904.122829437256,2492
19905.120134353638,2518
19906.118631362915,2520
19907.11545944214,2558
19908.140659332275,2570
19909.137725830078,2582
19910.134315490723,2578
19911.13233566284,2542
19912.129402160645,2542
19913.126468658447,2494
19914.0944480896,2470
19915.120363235474,2480
19916.117906570435,2470
19917.086362838745,2452
19918.083667755127,2458
19919.08097267151,2490
19920.07827758789,2494
19921.075582504272,2500
19922.072887420654,2494
19923.070430755615,2506
19924.067735671997,2526
19925.0648021698,2520
19926.06234550476,2510
19927.059650421143,2514
19928.056716918945,2482
19929.054260253906,2486
19930.051803588867,2466
19931.04887008667,2498
19932.04617500305,2490
19933.043718338013,2486
19934.041023254395,2480
19935.038328170776,2514
19936.03563308716,2550
19937.03293800354,2526
19938.030242919922,2526
19939.029693603516,2536
19940.026998519897,2570
19941.0240650177,2586
19943.446397781372,2582
19943.446397781372,2538
19943.446397781372,2542
19944.45252418518,2538
19945.958375930786,2538
19946.462869644165,2524
19947.463750839233,2516
19948.460340499878,2508
19949.458360671997,2522
19950.45518875122,2506
19951.45273208618,2462
19952.449798583984,2500
19953.447103500366,2476
19954.444885253906,2478
19955.44171333313,2474
19956.43925666809,2478
19957.436323165894,2454
19958.433628082275,2494
19959.431171417236,2494
19960.428953170776,2490
19961.42578125,2478
19962.423086166382,2484
19963.420391082764,2484
19964.417934417725,2512
19965.415000915527,2538
19966.41254425049,2520
19967.40984916687,2522
19968.406915664673,2508
19969.404935836792,2538
19970.40033340454,2526
19971.397638320923,2548
19972.404718399048,2544
19973.392009735107,2554
19974.38931465149,2574
19975.38685798645,2582
19976.384162902832,2606
19977.381467819214,2630
19978.378534317017,2622
19979.376077651978,2642
19980.37362098694,2630
19981.37068748474,2638
19982.368230819702,2638
19983.365535736084,2642
19984.362602233887,2648
19986.358165740967,2630
19986.358165740967,2610
19987.391471862793,2604
19988.381385803223,2606
19990.347385406494,2578
19990.347385406494,2586
19991.373777389526,2546
19992.37084388733,2516
19993.36814880371,2498
19994.36664581299,2466
19995.36418914795,2460
19996.360063552856,2486
19998.356103897095,2468
19999.353170394897,2454
20000.351190567017,2450
20001.347541809082,2450
20002.345323562622,2482
20003.34334373474,2458
20004.33874130249,2470
20005.33628463745,2442
20006.335020065308,2430
20007.33232498169,2424
20008.328437805176,2422
20009.326219558716,2426
20010.32304763794,2442
20011.321544647217,2422
20012.317180633545,2428
20013.316869735718,2426
20014.284372329712,2432
20015.30957221985,2430
20016.30687713623,2426
20017.304182052612,2422
20018.301248550415,2426
20019.299268722534,2442
20020.296812057495,2406
20021.29340171814,2406
20022.29118347168,2382
20023.288249969482,2406
20024.285793304443,2430
20025.282621383667,2418
20026.281356811523,2430
20027.27746963501,2450
20028.27501296997,2422
20029.272079467773,2450
20030.242681503296,2458
20031.267881393433,2474
20032.23490715027,2472
20033.23197364807,2452
20034.229516983032,2484
20035.226821899414,2490
20036.224126815796,2494
20037.221431732178,2522
20038.21897506714,2550
20039.21604156494,2570
20040.213346481323,2578
20041.210889816284,2578
20042.208194732666,2598
20043.205499649048,2608
20044.20256614685,2638
20045.20010948181,2638
20046.197414398193,2666
20047.194719314575,2722
20048.192262649536,2606
20049.189567565918,2618
20050.193786621094,2630
20051.218271255493,2600
20052.210807800293,2590
20053.21478843689,2580
20054.205179214478,2544
20055.202960968018,2554
20056.2002658844,2570
20057.197093963623,2550
20058.19535255432,2534
20059.191942214966,2554
20060.189962387085,2534
20061.18679046631,2554
20062.18433380127,2548
20063.152313232422,2538
20064.149618148804,2522
20065.146684646606,2570
20066.144227981567,2514
20067.14129447937,2526
20068.13883781433,2514
20069.136142730713,2516
20070.133447647095,2498
20071.130752563477,2482
20072.12805747986,2482
20073.13823699951,2500
20074.122667312622,2490
20075.119972229004,2462
20076.117515563965,2446
20077.114820480347,2430
20078.126192092896,2450
20079.139232635498,2430
20080.139875411987,2450
20081.133365631104,2422
20082.130908966064,2426
20083.127975463867,2414
20084.12528038025,2448
20085.123538970947,2462
20086.12060546875,2442
20087.11838722229,2446
20088.114500045776,2470
20089.082956314087,2470
20090.110540390015,2498
20091.10713005066,2522
20092.104196548462,2500
20093.10507774353,2514
20094.10071372986,2494
20095.101594924927,2514
20096.09365463257,2522
20097.09095954895,2546
20098.087787628174,2548
20099.085807800293,2522
20100.082635879517,2490
20101.080656051636,2502
20102.077960968018,2488
20103.07478904724,2478
20104.071855545044,2458
20105.069160461426,2442
20106.066942214966,2470
20107.06377029419,2476
20108.06131362915,2482
20109.06147956848,2486
20110.06450653076,2490
20111.053228378296,2516
20112.050771713257,2510
20113.048315048218,2504
20114.046096801758,2536
20115.04292488098,2546
20116.04070663452,2582
20117.037534713745,2550
20118.035078048706,2570
20119.03214454651,2576
20120.02944946289,2586
20121.026754379272,2574
20122.02477455139,2558
20123.021841049194,2542
20124.018907546997,2514
20125.015020370483,2538
20126.012802124023,2534
20127.009630203247,2522
20128.007411956787,2502
20129.00400161743,2518
20130.002737045288,2480
20130.972146987915,2482
20131.996870040894,2478
20132.996559143066,2490
20133.992433547974,2474
20134.99140739441,2512
20135.958433151245,2474
20136.95526123047,2502
20137.952089309692,2494
20138.978242874146,2472
20139.947175979614,2490
20140.944957733154,2470
20141.969919204712,2474
20142.966985702515,2470
20143.964290618896,2486
20144.962549209595,2466
20145.95913887024,2506
20146.960020065308,2474
20147.953510284424,2482
20148.951530456543,2498
20149.95002746582,2542
20150.946140289307,2534
20151.94320678711,2522
20152.94098854065,2494
20153.937816619873,2494
20154.934644699097,2526
20155.90524673462,2614
20156.92973136902,2520
20157.92727470398,2494
20158.923864364624,2502
20159.926652908325,2490
20160.92014312744,2494
20161.91864013672,2500
20162.914991378784,2522
20163.912057876587,2502
20164.910316467285,2510
20165.913820266724,2490
20166.90468788147,2506
20167.901754379272,2502
20168.899297714233,2498
20169.896364212036,2514
20170.893669128418,2490
20171.8647480011,2458
20172.861099243164,2476
20173.857927322388,2494
20174.854040145874,2516
20175.85062980652,2486
20176.8479347229,2470
20177.84547805786,2452
20178.842782974243,2454
20179.840087890625,2486
20180.837631225586,2490
20181.835174560547,2490
20182.83200263977,2486
20183.829307556152,2488
20184.826850891113,2518
20185.824155807495,2542
20186.829805374146,2586
20187.81876564026,2510
20188.81607055664,2514
20189.8136138916,2510
20190.810680389404,2494
20191.808223724365,2490
20192.805290222168,2526
20193.80259513855,2486
20194.80013847351,2506
20195.797443389893,2486
20196.794509887695,2510
20197.792053222656,2480
20198.789596557617,2494
20199.78666305542,2490
20200.7839679718,2478
20201.810598373413,2478
20202.810525894165,2486
20203.805446624756,2486
20204.8020362854,2494
20205.783367156982,2506
20206.796407699585,2470
20207.79323577881,2486
20208.79578590393,2518
20209.79142189026,2554
20210.785388946533,2550
20211.782693862915,2560
20212.78691291809,2524
20213.783979415894,2542
20214.749813079834,2606
20215.779304504395,2682
20216.77589416504,2632
20217.769622802734,2618
20218.76573562622,2576
20219.76351737976,2598
20220.759868621826,2612
20221.755504608154,2606
20222.72777557373,2598
20223.756551742554,2554
20224.754333496094,2590
20225.75283050537,2586
20226.7484664917,2594
20227.74028778076,2614
20228.737354278564,2590
20229.73585128784,2550
20230.764150619507,2534
20231.701612472534,2514
20232.698440551758,2520
20233.69598388672,2534
20234.6932888031,2546
20235.690593719482,2534
20236.688137054443,2526
20237.685441970825,2510
20238.682508468628,2506
20239.68005180359,2522
20240.67735671997,2500
20241.674661636353,2482
20242.671966552734,2450
20243.669509887695,2478
20244.666576385498,2494
20245.66411972046,2492
20246.66118621826,2596
20247.65968322754,2490
20248.685359954834,2470
20249.68457221985,2478
20250.680208206177,2466
20251.67727470398,2504
20252.674341201782,2490
20253.677129745483,2480
20254.669666290283,2482
20255.667448043823,2494
20256.665229797363,2502
20257.66348838806,2490
20258.65864753723,2502
20259.656190872192,2506
20260.653495788574,2494
20261.651277542114,2510
20262.648582458496,2494
20263.645887374878,2518
20264.615058898926,2514
20265.639781951904,2490
20266.637802124023,2526
20267.635345458984,2510
20268.632173538208,2514
20269.62924003601,2558
20270.62749862671,2538
20271.624326705933,2494
20272.59349822998,2492
20273.619174957275,2490
20274.587631225586,2514
20275.586128234863,2534
20276.582956314087,2510
20277.580499649048,2518
20278.57804298401,2510
20279.574871063232,2508
20280.572414398193,2510
20281.569719314575,2540
20282.567024230957,2502
20283.56432914734,2510
20284.56163406372,2494
20285.55917739868,2524
20286.556243896484,2522
20287.553787231445,2552
20288.551092147827,2550
20289.54839706421,2538
20290.54570198059,2514
20291.54324531555,2500
20292.540311813354,2534
20293.537855148315,2524
20294.535160064697,2538
20295.53246498108,2482
20296.52976989746,2514
20297.525882720947,2502
20298.524856567383,2534
20299.522161483765,2524
20300.517559051514,2520
20301.514625549316,2510
20302.5119304657,2478
20303.50947380066,2500
20304.50677871704,2510
20305.503845214844,2486
20306.501388549805,2518
20307.498693466187,2512
20308.49599838257,2514
20309.4961643219,2524
20310.492277145386,2520
20311.489582061768,2528
20312.48712539673,2502
20313.48443031311,2526
20314.481735229492,2502
20315.479516983032,2522
20316.476345062256,2522
20317.47341156006,2542
20318.47095489502,2516
20319.4682598114,2522
20320.465803146362,2510
20321.463108062744,2504
20322.460889816284,2502
20323.457956314087,2512
20324.455499649048,2520
20325.45280456543,2500
20326.449871063232,2552
20327.446937561035,2502
20328.444242477417,2506
20329.441785812378,2526
20330.43932914734,2506
20331.43639564514,2482
20332.433700561523,2470
20333.431005477905,2482
20334.428310394287,2540
20335.425853729248,2510
20336.42315864563,2488
20337.420225143433,2506
20338.417530059814,2502
20339.414834976196,2486
20340.412855148315,2516
20341.409921646118,2512
20342.40698814392,2506
20343.404293060303,2514
20344.401597976685,2510
20345.398902893066,2542
20346.39620780945,2546
20347.39589691162,2546
20348.39105606079,2522
20349.388122558594,2512
20350.386142730713,2474
20351.383209228516,2490
20352.380514144897,2484
20353.3775806427,2502
20354.37536239624,2494
20355.399131774902,2510
20356.396198272705,2510
20357.394218444824,2518
20358.391523361206,2526
20359.38858985901,2508
20360.357761383057,2514
20361.382722854614,2512
20362.380504608154,2490
20363.378286361694,2510
20364.375352859497,2534
20365.373134613037,2516
20366.37020111084,2518
20367.367029190063,2506
20369.333744049072,2542
20369.333744049072,2538
20371.357202529907,2550
20372.353553771973,2512
20373.352766036987,2534
20374.34983253479,2530
20375.345468521118,2542
20376.343727111816,2546
20377.340078353882,2536
20378.33857536316,2544
20379.335403442383,2542
20380.33390045166,2538
20381.330251693726,2534
20382.32684135437,2494
20383.325576782227,2494
20384.321689605713,2514
20385.319471359253,2510
20386.289358139038,2510
20387.287616729736,2510
20388.31090927124,2526
20389.280319213867,2494
20390.305519104004,2492
20391.303539276123,2476
20392.3020362854,2462
20393.298387527466,2510
20394.296169281006,2502
20395.29323577881,2514
20396.29054069519,2506
20397.287368774414,2524
20398.284673690796,2524
20399.281978607178,2528
20400.28429031372,2502
20401.249885559082,2526
20402.247428894043,2506
20403.244495391846,2544
20404.241800308228,2534
20405.241012573242,2606
20406.240940093994,2534
20407.240629196167,2516
20408.241033554077,2526
20409.24072265625,2522
20410.24136543274,2514
20411.240816116333,2498
20412.23931312561,2514
20413.217067718506,2538
20414.21627998352,2522
20415.21191596985,2486
20416.20922088623,2512
20417.205333709717,2514
20418.2026386261,2554
20419.19994354248,2518
20420.197248458862,2522
20421.194553375244,2500
20422.192096710205,2490
20423.189163208008,2470
20424.18646812439,2504
20425.18401145935,2474
20426.181077957153,2480
20427.178621292114,2490
20428.175926208496,2498
20429.173707962036,2510
20430.17053604126,2520
20431.16784095764,2518
20432.165384292603,2518
20433.162689208984,2506
20434.159755706787,2502
20435.15706062317,2494
20436.15460395813,2554
20437.15190887451,2570
20438.148975372314,2542
20439.146757125854,2536
20440.144062042236,2558
20441.14112854004,2576
20442.13843345642,2522
20443.135976791382,2534
20444.133043289185,2536
20445.130586624146,2510
20446.12765312195,2490
20447.12519645691,2504
20448.12250137329,2512
20449.119806289673,2486
20450.117349624634,2486
20451.114654541016,2446
20452.11172103882,2474
20453.10926437378,2466
20454.10656929016,2470
20455.103874206543,2478
20456.101179122925,2478
20457.098722457886,2454
20458.096027374268,2470
20459.09309387207,2478
20460.09063720703,2514
20461.087942123413,2508
20462.085247039795,2508
20463.082551956177,2518
20464.09034729004,2542
20465.07740020752,2548
20466.074466705322,2518
20467.072010040283,2554
20468.069314956665,2538
20469.066619873047,2504
20470.06392478943,2518
20471.06146812439,2542
20472.058534622192,2502
20473.055839538574,2522
20474.053382873535,2502
20475.050687789917,2512
20476.0479927063,2514
20477.0450592041,2534
20478.042602539062,2506
20479.069709777832,2506
20480.066776275635,2482
20481.064319610596,2468
20482.062578201294,2482
20483.05869102478,2494
20484.05623435974,2488
20485.057830810547,2502
20486.050605773926,2512
20487.048387527466,2512
20488.04521560669,2516
20489.04275894165,2526
20490.04077911377,2550
20491.03808403015,2518
20492.03610420227,2522
20493.032693862915,2512
20494.029998779297,2508
20495.027542114258,2514
20496.023893356323,2536
20497.024059295654,2546
20498.018980026245,2524
20499.022722244263,2518
20500.014781951904,2536
20501.01089477539,2510
20502.008199691772,2516
20503.011226654053,2546
20504.002809524536,2510
20504.99987602234,2546
20505.99718093872,2514
20506.994485855103,2538
20507.991552352905,2526
20508.994340896606,2526
20509.986639022827,2490
20510.984420776367,2474
20511.99722290039,2482
20512.978553771973,2482
20513.976335525513,2502
20514.991283416748,2462
20515.976667404175,2482
20516.96801185608,2458
20517.96555519104,2470
20518.962860107422,2474
20519.96088027954,2506
20520.957946777344,2486
20521.954774856567,2502
20522.959232330322,2482
20523.94938468933,2482
20524.919033050537,2506
20525.943756103516,2486
20526.941299438477,2494
20527.93860435486,2474
20528.93590927124,2458
20529.905557632446,2474
20530.903100967407,2490
20531.90040588379,2484
20532.897233963013,2482
20533.894538879395,2494
20534.891843795776,2482
20535.917282104492,2498
20536.917209625244,2494
20537.912130355835,2510
20538.915395736694,2522
20539.877891540527,2518
20540.9038066864,2512
20541.902780532837,2506
20542.898654937744,2518
20543.895721435547,2524
20544.893741607666,2542
20545.891046524048,2534
20546.88835144043,2514
20547.885179519653,2534
20548.882484436035,2534
20549.880266189575,2526
20550.877809524536,2506
20551.88035964966,2514
20552.87265777588,2506
20553.86972427368,2542
20554.866790771484,2536
20555.863857269287,2554
20556.83207511902,2524
20557.82961845398,2522
20558.826684951782,2534
20559.823989868164,2538
20560.821294784546,2532
20561.818599700928,2510
20562.81590461731,2514
20563.81320953369,2494
20564.810752868652,2520
20565.808057785034,2542
20566.805124282837,2550
20567.80242919922,2544
20568.79997253418,2538
20569.79727745056,2534
20570.794820785522,2550
20571.792125701904,2540
20572.789192199707,2542
20573.786735534668,2526
20574.78380203247,2510
20575.78134536743,2458
20576.778650283813,2478
20577.775716781616,2482
20578.773260116577,2502
20579.770803451538,2486
20580.76810836792,2454
20581.765174865723,2466
20582.762718200684,2462
20583.759784698486,2510
20584.757089614868,2510
20585.75487136841,2540
20586.75193786621,2534
20587.749242782593,2534
20588.746547698975,2518
20589.743852615356,2542
20590.74115753174,2534
20591.73846244812,2536
20592.73600578308,2534
20593.733310699463,2504
20594.730615615845,2476
20595.727682113647,2472
20596.72522544861,2430
20597.72253036499,2422
20598.719835281372,2398
20599.717378616333,2418
20600.714683532715,2426
20601.711988449097,2450
20602.7090549469,2474
20603.70659828186,2510
20604.703903198242,2550
20605.701208114624,2614
20606.698751449585,2594
20607.696056365967,2586
20608.69312286377,2584
20609.69042778015,2546
20610.68820953369,2526
20611.685276031494,2494
20612.682580947876,2492
20613.680124282837,2502
20614.67719078064,2514
20615.67449569702,2490
20616.672039031982,2478
20617.669343948364,2446
20618.666648864746,2470
20619.663953781128,2472
20620.66125869751,2450
20621.65904045105,2470
20622.655868530273,2462
20623.653173446655,2474
20624.650716781616,2482
20625.64778327942,2482
20626.6450881958,2508
20627.64263153076,2494
20628.639936447144,2462
20629.637241363525,2474
20630.634546279907,2502
20631.66069984436,2514
20632.657527923584,2518
20633.654832839966,2514
20634.652376174927,2516
20635.650396347046,2490
20636.65246963501,2498
20637.643814086914,2504
20638.641595840454,2522
20639.638900756836,2526
20640.637636184692,2576
20641.63327217102,2550
20642.63081550598,2538
20643.628358840942,2548
20644.625663757324,2576
20645.622730255127,2576
20646.620988845825,2546
20647.589683532715,2574
20648.618459701538,2578
20649.61576461792,2608
20650.609731674194,2630
20651.607275009155,2618
20652.6038646698,2606
20653.60379219055,2606
20654.598712921143,2600
20655.595779418945,2600
20656.566619873047,2570
20657.60087966919,2558
20658.594131469727,2552
20659.586668014526,2524
20660.589694976807,2542
20663.546562194824,2570
20663.546562194824,2528
20663.546562194824,2494
20665.046453475952,2478
20665.549278259277,2410
20667.0503616333,2366
20668.048858642578,2338
20669.04616355896,2302
20670.04346847534,2314
20671.041011810303,2330
20672.038078308105,2322
20673.035383224487,2346
20674.03268814087,2352
20675.02999305725,2376
20676.027536392212,2386
20677.024602890015,2396
20678.024291992188,2420
20679.02112007141,2454
20680.01914024353,2482
20681.015729904175,2472
20682.013034820557,2488
20683.010578155518,2470
20684.0078830719,2512
20685.003757476807,2510
20686.00082397461,2524
20686.99812889099,2506
20687.995433807373,2526
20688.992738723755,2514
20689.990043640137,2522
20690.98734855652,2538
20691.98489189148,2538
20692.981958389282,2572
20693.9799785614,2552
20694.976568222046,2542
20695.974111557007,2566
20696.97141647339,2574
20697.96872138977,2606
20698.96626472473,2604
20699.963569641113,2578
20700.960874557495,2618
20701.957941055298,2608
20702.95548439026,2614
20703.95278930664,2596
20704.950094223022,2608
20705.947637557983,2594
20706.95471763611,2544
20707.942008972168,2526
20708.93931388855,2542
20709.93685722351,2570
20710.93440055847,2554
20711.931467056274,2522
20712.928771972656,2526
20713.926076889038,2518
20714.92338180542,2538
20715.9206867218,2542
20716.918230056763,2486
20717.915296554565,2502
20718.912601470947,2480
20719.910383224487,2490
20720.90744972229,2514
20721.904754638672,2512
20722.901821136475,2488
20723.929166793823,2512
20724.926710128784,2506
20725.929260253906,2516
20726.921558380127,2480
20727.925300598145,2474
20728.91592979431,2466
20729.912996292114,2502
20730.881452560425,2494
20731.907844543457,2514
20732.905387878418,2518
20733.904361724854,2516
20734.899520874023,2520
20735.897302627563,2518
20736.894130706787,2522
20737.892866134644,2520
20738.88874053955,2526
20739.856958389282,2520
20740.854024887085,2526
20741.851329803467,2486
20742.84863471985,2510
20743.84593963623,2518
20744.84348297119,2518
20745.840787887573,2510
20746.837854385376,2490
20747.835636138916,2480
20748.833417892456,2482
20749.83048439026,2494
20750.827312469482,2488
20751.824855804443,2506
20752.821922302246,2518
20753.819465637207,2514
20754.817485809326,2542
20755.814790725708,2522
20756.84094429016,2490
20757.838010787964,2498
20758.83436203003,2490
20759.83238220215,2490
20760.830879211426,2482
20761.829137802124,2506
20762.823820114136,2510
20763.821363449097,2522
20764.8184299469,2674
20765.820741653442,2516
20766.818523406982,2492
20767.813444137573,2506
20768.810510635376,2538
20769.79660987854,2540
20770.774841308594,2548
20771.774291992188,2546
20772.77112007141,2548
20773.79536628723,2558
20774.792909622192,2614
20775.790214538574,2586
20776.787757873535,2582
20777.784824371338,2578
20778.782606124878,2556
20779.78014945984,2520
20780.747890472412,2540
20781.774282455444,2514
20782.771348953247,2528
20783.76865386963,2534
20784.76643562317,2536
20785.76421737671,2538
20786.768913269043,2510
20787.75906562805,2510
20788.756132125854,2502
20789.753198623657,2476
20790.75002670288,2448
20791.74757003784,2462
20792.74582862854,2458
20793.74933242798,2474
20794.740200042725,2478
20795.73702812195,2492
20796.733856201172,2538
20797.732830047607,2572
20798.729419708252,2600
20799.726247787476,2614
20800.724029541016,2618
20801.721334457397,2600
20802.7184009552,2604
20803.719997406006,2578
20804.712772369385,2540
20805.709838867188,2502
20806.70738220215,2486
20807.70468711853,2490
20808.70246887207,2524
20809.67092514038,2538
20810.701370239258,2500
20811.695337295532,2546
20812.662363052368,2530
20813.65942955017,2514
20814.656734466553,2510
20815.682411193848,2474
20816.680431365967,2454
20817.676782608032,2498
20818.673849105835,2488
20819.64373588562,2488
20820.6684589386,2486
20821.671724319458,2516
20822.6637840271,2506
20823.66180419922,2526
20824.66197013855,2522
20825.655460357666,2526
20826.653003692627,2512
20827.65030860901,2522
20828.64761352539,2510
20829.646587371826,2530
20830.647706985474,2498
20831.61163330078,2486
20832.608699798584,2470
20833.606004714966,2498
20834.603309631348,2502
20835.60061454773,2486
20836.59791946411,2482
20837.595224380493,2468
20838.592767715454,2454
20839.590072631836,2486
20840.587377548218,2490
20841.5846824646,2478
20842.58198738098,2492
20843.579530715942,2514
20844.576597213745,2536
20845.574140548706,2506
20846.571445465088,2528
20847.56875038147,2510
20848.56653213501,2518
20849.563598632812,2542
20850.560903549194,2534
20851.558208465576,2538
20852.555513381958,2522
20853.55281829834,2542
20854.55012321472,2536
20855.547189712524,2522
20856.544971466064,2532
20857.542037963867,2514
20858.53934288025,2514
20859.53712463379,2506
20860.533952713013,2510
20861.531257629395,2498
20862.528562545776,2496
20863.526105880737,2488
20864.52341079712,2486
20865.5207157135,2480
20866.518020629883,2480
20867.515325546265,2446
20868.512868881226,2454
20869.510412216187,2450
20870.50747871399,2458
20871.50478363037,2448
20872.502088546753,2478
20873.499631881714,2428
20874.496698379517,2480
20875.4940032959,2468
20876.49130821228,2482
20877.48885154724,2502
20878.485918045044,2506
20879.486560821533,2510
20880.483388900757,2504
20881.50691986084,2526
20882.50470161438,2538
20883.506536483765,2542
20884.499073028564,2544
20885.50090789795,2542
20886.49344444275,2540
20887.49051094055,2554
20888.487815856934,2542
20889.45722579956,2558
20890.456199645996,2530
20891.45302772522,2546
20892.449617385864,2578
20894.44351196289,2550
20894.44351196289,2546
20895.440816879272,2554
20896.437883377075,2552
20897.435665130615,2540
20899.4300365448,2550
20899.4300365448,2518
20900.42734146118,2536
20901.424884796143,2534
20902.421951293945,2538
20903.419494628906,2518
20904.41656112671,2538
20905.41410446167,2526
20906.41140937805,2540
20907.408714294434,2520
20908.406019210815,2514
20909.403562545776,2526
20910.40086746216,2542
20911.39793395996,2522
20912.395477294922,2520
20913.392782211304,2518
20914.390087127686,2490
20915.387392044067,2484
20916.38469696045,2534
20917.38200187683,2514
20918.379306793213,2506
20919.376850128174,2518
20920.373916625977,2490
20921.37122154236,2506
20922.383069992065,2518
20923.3660697937,2506
20924.363374710083,2516
20925.360679626465,2506
20926.357984542847,2490
20927.35528945923,2470
20928.35259437561,2482
20930.347442626953,2480
20930.347442626953,2506
20931.344747543335,2506
20932.341814041138,2494
20934.33666229248,2506
20935.333967208862,2518
20936.331510543823,2508
20937.328815460205,2534
20938.325881958008,2502
20939.323663711548,2534
20940.322399139404,2518
20941.31851196289,2544
20943.094968795776,2542
20943.312883377075,2548
20944.309949874878,2534
20945.31488418579,2556
20946.313619613647,2522
20946.816444396973,2550
20947.81517982483,2534
20948.812246322632,2538
20949.809551239014,2510
20950.806617736816,2514
20951.804161071777,2502
20952.80146598816,2506
20953.79877090454,2550
20954.796075820923,2526
20955.793619155884,2518
20956.791162490845,2442
20957.788228988647,2510
20958.78577232361,2514
20959.78307723999,2526
20960.780382156372,2520
20961.777448654175,2550
20962.774991989136,2508
20963.77205848694,2502
20964.76936340332,2526
20965.76690673828,2526
20966.764211654663,2508
20967.761516571045,2510
20968.758821487427,2510
20969.75612640381,2514
20970.75343132019,2522
20971.750736236572,2506
20972.748279571533,2548
20973.745584487915,2486
20974.742889404297,2478
20975.7399559021,2488
20976.73749923706,2504
20977.734804153442,2524
20978.732109069824,2524
20979.729652404785,2478
20980.726957321167,2506
20981.72426223755,2518
20982.72132873535,2522
20983.718872070312,2542
20984.716176986694,2514
20985.713481903076,2506
20986.711025238037,2478
20987.74003982544,2502
20988.733768463135,2530
20989.731073379517,2552
20990.700721740723,2552
20991.72592163086,2556
20992.724180221558,2522
20993.722200393677,2522
20994.717836380005,2518
20995.714902877808,2486
20996.71173095703,2546
20997.697591781616,2534
20998.679161071777,2526
20999.676942825317,2522
21000.674724578857,2510
21001.700162887573,2538
21002.697706222534,2538
21003.694534301758,2552
21004.69207763672,2502
21005.690097808838,2478
21006.685733795166,2506
21007.683753967285,2514
21008.68034362793,2510
21009.67764854431,2478
21010.676860809326,2476
21011.672496795654,2488
21012.670040130615,2478
21013.66686820984,2504
21014.6644115448,2498
21015.661478042603,2504
21016.65949821472,2474
21017.65727996826,2486
21018.654346466064,2472
21019.65641975403,2486
21020.64824104309,2474
21021.64626121521,2538
21022.615909576416,2502
21023.640632629395,2492
21024.64008331299,2490
21025.636196136475,2514
21026.63254737854,2514
21027.629613876343,2518
21028.629541397095,2510
21029.625415802002,2516
21030.622482299805,2526
21031.620025634766,2522
21032.61661529541,2534
21033.616065979004,2532
21034.610986709595,2524
21035.608768463135,2510
21036.606311798096,2502
21037.60313987732,2512
21038.60092163086,2520
21039.599180221558,2548
21040.59648513794,2526
21041.592836380005,2526
21042.589902877808,2522
21043.58720779419,2524
21044.58475112915,2538
21045.581817626953,2474
21046.579837799072,2518
21047.5492477417,2522
21048.574209213257,2518
21049.54481124878,2546
21050.57191848755,2542
21051.56660079956,2542
21052.563905715942,2518
21053.566217422485,2484
21054.558277130127,2516
21055.559158325195,2536
21056.55312538147,2526
21057.550191879272,2522
21058.547019958496,2518
21059.545516967773,2512
21060.54186820984,2494
21061.5394115448,2534
21062.53671646118,2518
21063.534259796143,2502
21064.531087875366,2510
21065.528631210327,2482
21066.529750823975,2490
21067.52300262451,2486
21068.49241256714,2502
21069.48947906494,2506
21070.486783981323,2490
21072.49426841736,2486
21072.49426841736,2506
21073.47869873047,2510
21074.47600364685,2482
21075.47354698181,2472
21076.470613479614,2470
21077.468156814575,2452
21078.465461730957,2494
21079.46276664734,2494
21080.46007156372,2502
21081.45761489868,2518
21082.454681396484,2510
21083.451986312866,2542
21084.449529647827,2546
21085.44683456421,2578
21086.44413948059,2540
21087.441205978394,2558
21089.436292648315,2546
21089.436292648315,2598
21090.433597564697,2568
21091.43090248108,2586
21092.427968978882,2546
21093.425512313843,2514
21094.422578811646,2556
21095.420122146606,2550
21096.41742706299,2548
21097.41473197937,2542
21098.412036895752,2546
21099.409580230713,2526
21100.406646728516,2554
21101.404428482056,2542
21102.40149497986,2526
21103.39879989624,2522
21104.395866394043,2486
21105.393648147583,2472
21106.390714645386,2454
21107.388019561768,2482
21109.395503997803,2466
21109.395503997803,2486
21110.38041114807,2462
21111.37890815735,2482
21112.403631210327,2456
21113.404035568237,2488
21114.39847946167,2518
21115.395307540894,2510
21116.392850875854,2514
21117.389678955078,2526
21118.38674545288,2506
21119.356632232666,2524
21120.381832122803,2546
21121.384620666504,2570
21122.377157211304,2518
21123.374223709106,2512
21124.37129020691,2512
21125.368356704712,2482
21126.36661529541,2490
21127.362966537476,2480
21129.358768463135,2482
21130.356073379517,2506
21131.353855133057,2510
21132.35068321228,2502
21133.34822654724,2526
21134.344816207886,2522
21135.342836380005,2552
21136.341094970703,2508
21137.337684631348,2534
21138.33498954773,2532
21139.333724975586,2542
21140.33007621765,2570
21141.326189041138,2572
21142.30990409851,2574
21143.292903900146,2550
21144.32120323181,2558
21145.31683921814,2534
21146.315813064575,2540
21147.311449050903,2518
21148.309230804443,2506
21149.30748939514,2494
21150.27666091919,2514
21151.300191879272,2500
21152.297735214233,2486
21153.294801712036,2478
21154.292583465576,2478
21155.28917312622,2506
21156.28719329834,2526
21157.283782958984,2508
21158.282041549683,2498
21159.279346466064,2510
21160.27593612671,2510
21161.277055740356,2546
21162.271738052368,2534
21163.267850875854,2538
21164.26682472229,2546
21165.263652801514,2550
21166.26024246216,2514
21167.25778579712,2542
21168.25532913208,2518
21169.25287246704,2534
21170.25089263916,2534
21171.247243881226,2516
21172.24383354187,2522
21173.24185371399,2522
21174.23939704895,2534
21175.23694038391,2544
21176.23472213745,2548
21177.230834960938,2538
21178.22790145874,2558
21179.2254447937,2544
21180.2237033844,2582
21181.221961975098,2554
21182.218551635742,2584
21183.216094970703,2554
21184.21196937561,2534
21185.20951271057,2514
21186.206579208374,2502
21187.20507621765,2518
21188.201427459717,2522
21189.171075820923,2508
21190.16933441162,2524
21191.193342208862,2536
21192.195892333984,2534
21193.187952041626,2550
21194.185733795166,2558
21195.185899734497,2546
21196.179628372192,2534
21197.177410125732,2502
21198.18663597107,2478
21199.146032333374,2482
21200.169324874878,2454
21201.16662979126,2454
21202.16417312622,2428
21203.16243171692,2422
21204.163789749146,2414
21205.163955688477,2430
21206.153392791748,2430
21207.15093612671,2456
21208.14824104309,2454
21209.150075912476,2458
21210.153818130493,2518
21211.139678955078,2510
21212.137699127197,2518
21213.13524246216,2536
21214.10346031189,2544
21215.129613876343,2558
21216.13383293152,2576
21217.124462127686,2574
21218.12152862549,2556
21219.119548797607,2552
21220.088720321655,2522
21221.11225128174,2524
21222.110271453857,2522
21223.106861114502,2518
21224.109888076782,2480
21225.101709365845,2488
21226.099014282227,2474
21227.097272872925,2478
21228.09386253357,2462
21229.09116744995,2474
21230.093002319336,2472
21231.06074333191,2474
21232.05614089966,2462
21233.05368423462,2466
21234.050750732422,2470
21235.077619552612,2482
21236.07301712036,2472
21237.072229385376,2478
21238.06667327881,2504
21239.06445503235,2508
21240.062713623047,2510
21241.061210632324,2510
21242.056846618652,2510
21243.053913116455,2490
21244.051456451416,2502
21245.048761367798,2490
21246.0458278656,2480
21247.042894363403,2490
21248.040199279785,2514
21249.037504196167,2490
21250.006914138794,2516
21251.005172729492,2514
21252.03013420105,2538
21253.03053855896,2538
21254.024267196655,2520
21255.053758621216,2518
21256.020069122314,2510
21257.017135620117,2522
21258.014678955078,2502
21259.01198387146,2490
21259.98067855835,2506
21261.00754737854,2514
21262.011766433716,2510
21263.001203536987,2542
21263.999223709106,2522
21264.99581336975,2522
21265.965700149536,2526
21267.001152038574,2514
21267.988681793213,2510
21268.988847732544,2490
21269.983053207397,2502
21270.98059654236,2494
21272.00198173523,2462
21272.974967956543,2502
21273.991346359253,2510
21274.97124671936,2514
21275.96688270569,2482
21276.963710784912,2490
21277.96173095703,2486
21278.961420059204,2486
21279.95729446411,2486
21280.925512313843,2510
21281.95095062256,2486
21282.9487323761,2518
21283.945560455322,2494
21284.942865371704,2538
21285.93873977661,2510
21286.93675994873,2522
21287.93454170227,2516
21288.931846618652,2538
21289.929389953613,2534
21290.9255027771,2518
21291.923761367798,2492
21292.922019958496,2494
21293.91860961914,2514
21294.9161529541,2538
21295.91393470764,2524
21296.911001205444,2518
21297.908306121826,2508
21298.905611038208,2504
21299.90315437317,2554
21300.90022087097,2550
21301.897287368774,2524
21302.894830703735,2502
21303.89165878296,2490
21304.890632629395,2486
21305.85813522339,2534
21306.886911392212,2600
21307.882070541382,2522
21308.879852294922,2518
21309.849500656128,2518
21310.87374687195,2538
21311.87081336975,2550
21312.868356704712,2528
21313.865184783936,2526
21314.863204956055,2512
21315.861463546753,2504
21316.85757637024,2546
21317.85535812378,2534
21318.852186203003,2514
21319.823265075684,2518
21320.846796035767,2510
21321.845293045044,2498
21322.84164428711,2510
21323.83942604065,2534
21324.807167053223,2538
21325.803995132446,2520
21326.801300048828,2528
21327.79860496521,2506
21328.79614830017,2514
21329.793453216553,2510
21330.790758132935,2522
21331.788301467896,2518
21332.7853679657,2504
21333.78267288208,2538
21334.779977798462,2522
21335.777521133423,2534
21336.774587631226,2526
21337.771892547607,2526
21338.76919746399,2508
21339.76697921753,2504
21340.764045715332,2526
21341.761350631714,2534
21342.759132385254,2542
21343.756198883057,2514
21344.75326538086,2518
21345.75057029724,2534
21346.748113632202,2522
21347.745418548584,2510
21348.742485046387,2544
21349.740266799927,2534
21350.737810134888,2528
21351.73487663269,2510
21352.731943130493,2542
21353.729486465454,2546
21354.726552963257,2558
21355.727434158325,2550
21356.72163963318,2552
21357.71870613098,2526
21358.716011047363,2546
21359.713554382324,2544
21360.710859298706,2576
21361.70792579651,2558
21362.70523071289,2522
21363.70277404785,2516
21364.700078964233,2520
21365.697383880615,2542
21366.694450378418,2510
21367.69199371338,2520
21368.68929862976,2514
21369.686603546143,2516
21370.684146881104,2516
21371.681451797485,2518
21372.678756713867,2502
21373.67820739746,2486
21374.70269203186,2506
21375.7004737854,2506
21376.697540283203,2478
21377.69913673401,2502
21378.692150115967,2486
21379.690408706665,2506
21380.68699836731,2500
21381.684064865112,2456
21382.68256187439,2502
21383.678913116455,2516
21384.676218032837,2528
21385.674238204956,2510
21386.6708278656,2484
21387.668132781982,2502
21388.6661529541,2502
21389.633893966675,2526
21390.632152557373,2522
21391.65759086609,2522
21392.654418945312,2502
21393.652200698853,2510
21394.649982452393,2514
21395.646572113037,2502
21396.64363861084,2514
21397.613286972046,2502
21398.643255233765,2482
21399.63674545288,2506
21400.634050369263,2514
21401.631355285645,2506
21402.628183364868,2546
21403.62572669983,2518
21404.622554779053,2506
21405.620098114014,2510
21406.620740890503,2506
21407.614707946777,2490
21408.612489700317,2540
21409.60955619812,2538
21410.60709953308,2506
21411.604166030884,2486
21412.601709365845,2518
21413.598775863647,2510
21414.59608078003,2534
21415.59910774231,2534
21416.59116744995,2520
21417.588472366333,2512
21418.585300445557,2514
21419.55590248108,2534
21420.5801486969,2542
21421.57816886902,2534
21422.55163192749,2494
21423.572301864624,2502
21424.569129943848,2512
21425.56667327881,2532
21426.56421661377,2490
21427.56938934326,2518
21428.56192588806,2516
21429.556131362915,2510
21430.55486679077,2486
21431.550979614258,2520
21432.54804611206,2514
21433.54558944702,2510
21434.542417526245,2510
21435.540914535522,2498
21436.537504196167,2474
21437.53457069397,2506
21438.53235244751,2510
21439.50319290161,2502
21440.526723861694,2510
21441.524028778076,2476
21442.521810531616,2502
21443.519592285156,2536
21444.523334503174,2544
21445.513010025024,2502
21446.510791778564,2512
21447.495937347412,2494
21448.47846031189,2518
21449.47385787964,2526
21450.47163963318,2518
21451.469659805298,2506
21452.465772628784,2512
21453.462600708008,2522
21454.46014404297,2518
21455.45744895935,2494
21456.464529037476,2504
21457.451820373535,2518
21458.449363708496,2510
21459.446668624878,2514
21460.44397354126,2510
21461.44151687622,2514
21462.438583374023,2518
21463.435888290405,2526
21464.433670043945,2506
21465.430736541748,2488
21467.42606163025,2504
21467.42606163025,2520
21468.42312812805,2538
21469.420433044434,2526
21470.417499542236,2510
21471.415042877197,2508
21472.41735458374,2518
21473.409414291382,2510
21474.406719207764,2508
21475.404024124146,2518
21476.401567459106,2534
21477.39863395691,2518
21478.39617729187,2526
21479.393482208252,2542
21480.390548706055,2522
21481.387853622437,2514
21482.38778114319,2510
21483.384370803833,2494
21484.381675720215,2486
21485.378980636597,2526
21486.37628555298,2522
21489.42232131958,2516
21489.42232131958,2490
21489.42232131958,2506
21490.3666973114,2486
21491.48440361023,2510
21492.918491363525,2518
21493.92008781433,2522
21494.916200637817,2534
21495.91374397278,2512
21496.91104888916,2470
21497.90859222412,2514
21498.905420303345,2506
21499.902963638306,2522
21500.900745391846,2518
21501.89781188965,2488
21502.894639968872,2514
21503.892183303833,2542
21504.889488220215,2522
21505.886793136597,2490
21506.884574890137,2510
21507.88164138794,2484
21508.878707885742,2512
21509.876012802124,2510
21510.873794555664,2514
21511.871099472046,2490
21512.86816596985,2486
21513.866424560547,2514
21514.86301422119,2518
21515.860080718994,2518
21516.857862472534,2514
21517.854928970337,2548
21518.85223388672,2518
21519.84930038452,2494
21520.84708213806,2522
21521.844387054443,2510
21522.841453552246,2508
21523.838758468628,2522
21524.83630180359,2522
21525.83336830139,2510
21526.830911636353,2512
21527.828216552734,2534
21528.825521469116,2554
21529.824018478394,2552
21530.82036972046,2514
21531.81767463684,2494
21532.814979553223,2510
21533.812046051025,2522
21534.809589385986,2520
21535.80665588379,2526
21536.80419921875,2550
21537.801265716553,2522
21538.798809051514,2520
21539.796113967896,2526
21540.793657302856,2550
21541.79096221924,2500
21542.78826713562,2534
21543.785572052002,2474
21544.78144645691,2490
21545.778512954712,2522
21546.776056289673,2534
21547.773122787476,2542
21548.770427703857,2534
21549.76773262024,2542
21550.7652759552,2534
21551.762580871582,2550
21552.759647369385,2534
21553.757190704346,2514
21554.754495620728,2514
21555.75180053711,2522
21556.74910545349,2474
21557.746648788452,2486
21558.743953704834,2474
21559.741735458374,2510
21560.767889022827,2518
21561.765432357788,2520
21562.76273727417,2510
21563.759803771973,2534
21564.757585525513,2524
21565.759420394897,2520
21566.751956939697,2490
21567.75689125061,2512
21568.74656677246,2522
21569.744110107422,2526
21570.712566375732,2526
21571.738719940186,2526
21572.736263275146,2534
21573.737382888794,2510
21574.73111152649,2514
21575.698614120483,2516
21576.695919036865,2512
21577.692985534668,2536
21578.69052886963,2506
21579.68783378601,2494
21580.68537712097,2514
21581.682920455933,2512
21582.679986953735,2522
21583.677291870117,2534
21584.67435836792,2514
21585.67190170288,2536
21586.669206619263,2538
21587.666273117065,2546
21588.664054870605,2546
21589.66112136841,2522
21590.65842628479,2514
21591.65620803833,2482
21592.653274536133,2490
21593.650579452515,2526
21594.647884368896,2532
21595.645427703857,2586
21596.64249420166,2554
21597.639799118042,2524
21598.63781929016,2514
21599.634647369385,2536
21600.631952285767,2534
21601.62925720215,2506
21602.62680053711,2518
21603.623867034912,2516
21604.621171951294,2500
21605.618476867676,2506
21606.616258621216,2526
21607.61308670044,2518
21608.61039161682,2530
21609.607934951782,2534
21610.605239868164,2514
21611.602544784546,2520
21612.599849700928,2508
21613.59715461731,2506
21614.59445953369,2474
21615.591764450073,2482
21616.589307785034,2486
21617.586374282837,2514
21618.583917617798,2506
21619.58122253418,2510
21620.57852745056,2508
21621.575832366943,2500
21622.573137283325,2514
21623.570680618286,2518
21624.56774711609,2546
21625.56505203247,2582
21626.562356948853,2518
21627.559900283813,2514
21628.557205200195,2538
21629.554271697998,2520
21630.55181503296,2550
21631.54935836792,2526
21632.546424865723,2522
21633.543729782104,2538
21634.541273117065,2526
21635.538339614868,2514
21636.53564453125,2430
21637.53342628479,2486
21638.530492782593,2482
21639.527797698975,2506
21640.525102615356,2514
21641.522645950317,2510
21642.5199508667,2488
21643.517017364502,2488
21644.514560699463,2474
21645.511865615845,2486
21646.509170532227,2488
21647.50623703003,2502
21648.50401878357,2502
21649.50132369995,2502
21650.498390197754,2502
21651.495933532715,2458
21652.493238449097,2478
21653.49054336548,2506
21654.48784828186,2522
21655.485153198242,2486
21656.482458114624,2516
21657.479763031006,2510
21658.477306365967,2506
21659.47461128235,2534
21660.47191619873,2506
21661.469221115112,2514
21662.466526031494,2510
21663.463830947876,2490
21664.461135864258,2478
21665.45867919922,2502
21666.45574569702,2500
21667.453050613403,2510
21668.480396270752,2490
21669.476985931396,2490
21670.475006103516,2504
21671.478509902954,2544
21672.444105148315,2508
21673.466205596924,2518
21674.464225769043,2518
21675.461053848267,2510
21676.458597183228,2506
21677.456378936768,2538
21678.45320701599,2520
21679.450511932373,2520
21680.421113967896,2534
21681.445360183716,2526
21682.443141937256,2546
21683.412313461304,2536
21684.43775177002,2546
21685.434818267822,2520
21686.431884765625,2534
21687.429189682007,2534
21688.42649459839,2558
21689.39757347107,2532
21690.42181968689,2534
21691.418886184692,2546
21692.416191101074,2510
21693.421125411987,2522
21694.41056251526,2456
21696.378469467163,2510
21696.378469467163,2514
21697.38459587097,2506
21698.370456695557,2494
21699.368000030518,2482
21700.3653049469,2490
21701.362371444702,2532
21702.359676361084,2510
21703.356981277466,2504
21704.363107681274,2488
21705.35182952881,2472
21706.34913444519,2510
21708.343982696533,2522
21708.343982696533,2538
21710.338354110718,2510
21711.33589744568,2492
21712.33320236206,2486
21713.330268859863,2486
21714.328050613403,2518
21715.325355529785,2510
21716.322422027588,2504
21717.31972694397,2514
21718.31727027893,2470
21719.314336776733,2510
21720.311880111694,2510
21721.309185028076,2518
21722.306489944458,2522
21723.30379486084,2486
21724.30109977722,2472
21725.298404693604,2480
21726.295948028564,2478
21727.293014526367,2510
21728.290557861328,2502
21729.28786277771,2500
21730.28516769409,2490
21731.282472610474,2494
21732.279777526855,2526
21733.277082443237,2534
21734.27438735962,2510
21735.27193069458,2490
21736.268997192383,2514
21737.266302108765,2490
21738.263607025146,2510
21739.261150360107,2514
21740.25869369507,2538
21741.25576019287,2500
21742.253303527832,2506
21743.250370025635,2522
21744.247674942017,2536
21745.245456695557,2514
21746.24252319336,2526
21747.23982810974,2514
21748.236894607544,2494
21749.234437942505,2530
21750.231981277466,2526
21751.229286193848,2546
21752.22635269165,2510
21753.22389602661,2510
21754.221200942993,2512
21755.218267440796,2494
21756.215810775757,2510
21757.21311569214,2526
21758.21042060852,2538
21759.207725524902,2514
21760.205268859863,2526
21761.205673217773,2520
21762.20154762268,2526
21763.198614120483,2538
21764.19687271118,2534
21765.193700790405,2514
21766.191005706787,2526
21767.18807220459,2538
21768.185138702393,2542
21769.182682037354,2582
21770.180463790894,2552
21771.177530288696,2544
21772.174835205078,2502
21773.17214012146,2526
21774.16944503784,2550
21775.166511535645,2558
21776.174545288086,2542
21777.188062667847,2558
21778.189182281494,2522
21779.184103012085,2534
21780.179977416992,2552
21781.177043914795,2572
21782.174587249756,2544
21783.172607421875,2510
21784.16919708252,2490
21785.16674041748,2502
21786.163806915283,2512
21787.164211273193,2506
21788.159370422363,2506
21789.12901878357,2516
21790.154457092285,2506
21791.126489639282,2518
21792.121171951294,2518
21793.118715286255,2504
21794.115781784058,2510
21795.11332511902,2490
21796.1106300354,2492
21797.10817337036,2474
21798.105239868164,2532
21799.102544784546,2518
21800.100564956665,2542
21801.097869873047,2524
21802.09469795227,2510
21803.09224128723,2526
21804.089546203613,2554
21805.086612701416,2572
21806.083917617798,2544
21807.081937789917,2534
21808.07876586914,2508
21809.076070785522,2518
21810.100078582764,2534
21811.100482940674,2554
21812.095880508423,2514
21813.09199333191,2514
21814.087867736816,2554
21815.08708000183,2554
21816.084384918213,2526
21817.081212997437,2522
21818.08090209961,2518
21819.076776504517,2502
21820.074558258057,2510
21821.070671081543,2518
21822.067975997925,2526
21823.065757751465,2506
21824.06258583069,2532
21825.06036758423,2518
21826.057195663452,2502
21827.054977416992,2514
21828.052282333374,2522
21829.049348831177,2548
21830.047845840454,2526
21831.04372024536,2518
21832.041263580322,2494
21833.03928375244,2502
21834.036111831665,2522
21835.03293991089,2540
21836.03024482727,2510
21836.999893188477,2502
21837.99695968628,2500
21838.99426460266,2510
21839.9920463562,2516
21840.989112854004,2542
21841.986417770386,2488
21842.98348426819,2474
21843.98102760315,2470
21844.97833251953,2486
21845.975637435913,2510
21846.973180770874,2486
21847.970485687256,2494
21848.967790603638,2480
21849.96509552002,2476
21850.97074508667,2502
21851.959943771362,2518
21853.01423072815,2510
21853.983640670776,2504
21854.981184005737,2482
21855.97848892212,2470
21856.991052627563,2470
21857.973098754883,2486
21859.000205993652,2490
21859.939336776733,2474
21860.965251922607,2478
21861.99402809143,2474
21862.95986175537,2518
21863.96551132202,2526
21864.954471588135,2526
21865.951538085938,2486
21866.950750350952,2500
21867.94662475586,2486
21868.91484260559,2526
21869.912147521973,2526
21870.909690856934,2532
21871.906995773315,2520
21872.904062271118,2492
21873.9013671875,2470
21874.89891052246,2528
21875.896215438843,2540
21876.893281936646,2522
21877.890825271606,2516
21878.88789176941,2506
21879.88519668579,2514
21880.882501602173,2516
21881.91032409668,2518
21882.907152175903,2518
21883.904695510864,2520
21884.901762008667,2502
21885.89859008789,2482
21886.89613342285,2508
21887.893199920654,2518
21888.890743255615,2546
21889.888048171997,2520
21890.85865020752,2486
21891.88289642334,2474
21892.8804397583,2514
21893.877744674683,2522
21894.881010055542,2526
21895.871877670288,2508
21896.869897842407,2542
21897.86696434021,2502
21898.863554000854,2510
21899.861574172974,2534
21900.831937789917,2538
21901.85594558716,2514
21902.8537273407,2494
21903.85150909424,2506
21904.847860336304,2500
21905.81774711609,2526
21906.842470169067,2514
21907.84001350403,2490
21908.83755683899,2546
21909.83510017395,2512
21910.831928253174,2526
21911.829471588135,2526
21912.826538085938,2510
21913.82932662964,2512
21914.82162475586,2490
21915.791273117065,2488
21916.78810119629,2482
21917.78516769409,2506
21918.782711029053,2502
21919.780492782593,2524
21920.777320861816,2514
21921.774864196777,2504
21922.77216911316,2522
21923.76947402954,2526
21924.766540527344,2526
21925.764083862305,2520
21926.761388778687,2494
21927.75869369507,2502
21928.75623703003,2542
21929.75378036499,2534
21930.75203895569,2526
21931.748151779175,2506
21932.74426460266,2506
21933.77113342285,2538
21934.767961502075,2512
21935.765743255615,2526
21936.76257133484,2522
21937.75987625122,2514
21938.75741958618,2492
21939.754486083984,2510
21940.75298309326,2534
21943.35103034973,2518
21943.35103034973,2518
21943.716764450073,2508
21945.276021957397,2518
21945.780038833618,2502
21946.78831100464,2506
21947.7801322937,2534
21948.77791404724,2534
21949.80216026306,2506
21950.77157020569,2514
21951.79557800293,2478
21952.79288291931,2506
21953.790187835693,2490
21954.787731170654,2522
21955.75737953186,2508
21956.782579421997,2502
21957.77988433838,2494
21958.74834060669,2514
21959.74588394165,2514
21960.74628829956,2526
21961.74168586731,2506
21962.767362594604,2514
21963.764190673828,2494
21964.73217010498,2494
21965.728998184204,2518
21966.726303100586,2518
21967.72336959839,2518
21968.72115135193,2518
21969.71845626831,2542
21970.715522766113,2542
21971.712827682495,2570
21972.710371017456,2546
21973.707675933838,2542
21974.70498085022,2514
21975.70252418518,2522
21976.699590682983,2534
21977.72717475891,2574
21978.724002838135,2558
21979.721069335938,2552
21980.69167137146,2548
21981.71591758728,2546
21982.713222503662,2570
21983.710289001465,2584
21984.708786010742,2582
21985.705614089966,2548
21986.70220375061,2538
21987.70499229431,2546
21988.669395446777,2554
21989.696264266968,2558
21990.69309234619,2546
21991.689920425415,2518
21992.687463760376,2518
21993.68453025818,2534
21994.68207359314,2538
21995.6796169281,2580
21996.6778755188,2510
21997.674465179443,2512
21998.671770095825,2488
21999.66788291931,2488
22000.665426254272,2514
22001.662731170654,2504
22002.660274505615,2514
22003.657341003418,2526
22004.65440750122,2482
22005.656480789185,2502
22006.65020942688,2514
22007.646799087524,2514
22008.644104003906,2536
22009.64093208313,2520
22010.63871383667,2502
22011.63601875305,2478
22012.633562088013,2502
22013.630151748657,2542
22014.627933502197,2534
22015.597105026245,2514
22016.622304916382,2518
22017.62318611145,2494
22018.616676330566,2542
22019.587755203247,2520
22020.612001419067,2510
22021.60906791687,2514
22022.578477859497,2498
22023.576021194458,2490
22024.57284927368,2492
22025.569915771484,2518
22026.567220687866,2518
22027.565002441406,2506
22028.562307357788,2508
22029.560565948486,2490
22030.55739402771,2502
22031.55493736267,2492
22032.551527023315,2486
22033.549308776855,2472
22034.54637527466,2462
22035.572290420532,2462
22036.569595336914,2474
22037.566661834717,2494
22038.5639667511,2506
22039.56127166748,2490
22040.5592918396,2498
22041.55969619751,2482
22042.553186416626,2494
22043.550968170166,2486
22044.54755783081,2494
22045.552492141724,2478
22046.542406082153,2478
22047.513723373413,2476
22048.537254333496,2514
22049.535036087036,2502
22050.53162574768,2482
22051.52916908264,2486
22052.526235580444,2494
22053.523540496826,2498
22054.521322250366,2494
22055.490970611572,2468
22056.488275527954,2482
22057.485580444336,2500
22058.48264694214,2478
22059.4801902771,2474
22060.47773361206,2506
22061.473608016968,2490
22062.472343444824,2536
22063.469409942627,2514
22064.466953277588,2502
22065.46401977539,2482
22066.461324691772,2510
22067.458391189575,2506
22068.455934524536,2516
22069.453954696655,2506
22070.451259613037,2490
22071.44832611084,2502
22072.4458694458,2538
22073.442459106445,2506
22074.440002441406,2520
22075.437307357788,2510
22076.43461227417,2510
22077.43191719055,2510
22078.429222106934,2510
22079.426527023315,2518
22080.424308776855,2526
22081.42137527466,2494
22082.41868019104,2474
22083.415985107422,2474
22084.413051605225,2506
22085.437059402466,2502
22086.435317993164,2506
22087.43166923523,2510
22088.42921257019,2506
22089.426517486572,2506
22090.397596359253,2490
22092.390537261963,2514
22093.387365341187,2524
22094.385147094727,2480
22095.38221359253,2478
22096.37951850891,2518
22097.376823425293,2486
22098.374366760254,2546
22098.374366760254,2522
22100.375652313232,2518
22100.375652313232,2518
22101.39489173889,2502
22102.391958236694,2514
22103.389501571655,2516
22104.39133644104,2512
22105.38387298584,2490
22106.38165473938,2526
22107.37943649292,2506
22108.37745666504,2538
22109.374284744263,2546
22110.370635986328,2534
22111.369371414185,2518
22112.36572265625,2528
22113.362550735474,2498
22114.36104774475,2482
22115.358352661133,2490
22117.32578277588,2504
22118.32284927368,2506
22119.325160980225,2512
22120.332717895508,2516
22121.323347091675,2522
22122.321605682373,2494
22123.324155807495,2526
22124.321222305298,2518
22125.32138824463,2502
22126.300811767578,2502
22127.29811668396,2492
22128.29542160034,2506
22129.29344177246,2550
22130.290985107422,2534
22131.293058395386,2526
22132.2922706604,2502
22133.291959762573,2510
22134.292125701904,2532
22135.27536392212,2534
22136.27290725708,2536
22137.27045059204,2506
22138.267517089844,2480
22139.264822006226,2502
22140.262365341187,2502
22141.25967025757,2520
22142.25697517395,2526
22143.254280090332,2482
22144.251585006714,2488
22145.248889923096,2510
22146.246194839478,2514
22147.24373817444,2510
22148.24080467224,2502
22149.238109588623,2510
22150.238275527954,2516
22151.26371383667,2514
22152.259826660156,2526
22153.257369995117,2518
22154.25443649292,2506
22155.25197982788,2482
22156.249284744263,2490
22157.246112823486,2490
22158.243656158447,2546
22159.242153167725,2534
22160.23874282837,2514
22161.243438720703,2494
22162.232637405396,2502
22163.230419158936,2532
22164.198637008667,2522
22165.224313735962,2518
22166.22304916382,2522
22167.219877243042,2504
22168.220281600952,2514
22169.214010238647,2524
22170.231103897095,2524
22171.20885848999,2510
22172.206163406372,2454
22173.174619674683,2518
22174.206733703613,2504
22175.198316574097,2494
22176.196336746216,2506
22177.19316482544,2520
22178.197383880615,2510
22179.193258285522,2506
22180.185079574585,2502
22181.183576583862,2534
22182.183980941772,2510
22183.148860931396,2546
22184.146404266357,2524
22185.14370918274,2510
22186.140775680542,2502
22187.138319015503,2518
22188.16375732422,2526
22189.133405685425,2552
22190.158128738403,2538
22191.155910491943,2514
22192.152738571167,2478
22193.150281906128,2506
22194.14710998535,2538
22195.14489173889,2516
22196.142435073853,2516
22197.139978408813,2500
22198.137044906616,2514
22199.134349822998,2518
22200.1314163208,2518
22201.12943649292,2550
22202.126502990723,2538
22203.09615135193,2514
22204.09345626831,2508
22205.090761184692,2516
22206.088066101074,2520
22207.085132598877,2520
22208.082675933838,2500
22209.0802192688,2502
22210.07776260376,2502
22211.074829101562,2494
22212.071895599365,2522
22213.069438934326,2534
22214.067459106445,2512
22215.118646621704,2482
22216.08829498291,2486
22217.085599899292,2486
22218.082666397095,2510
22219.081163406372,2484
22220.07727622986,2518
22221.075296401978,2498
22222.0721244812,2506
22223.04129600525,2514
22224.038124084473,2514
22225.0497341156,2518
22226.032972335815,2506
22227.030515670776,2514
22228.02782058716,2502
22229.02488708496,2502
22230.03363609314,2518
22231.020212173462,2524
22232.017040252686,2538
22233.014345169067,2510
22234.01188850403,2498
22235.00895500183,2510
22236.006259918213,2502
22237.003564834595,2522
22238.001108169556,2512
22238.998413085938,2494
22240.02981185913,2500
22241.02473258972,2494
22242.018461227417,2486
22243.016719818115,2510
22244.014263153076,2556
22245.01061439514,2488
22246.009349822998,2498
22247.005701065063,2480
22248.002290725708,2506
22248.99983406067,2542
22249.99761581421,2522
22250.995635986328,2510
22251.993894577026,2492
22252.989530563354,2504
22253.987073898315,2520
22254.9889087677,2506
22255.95450401306,2534
22256.951570510864,2508
22257.948875427246,2526
22258.946180343628,2522
22259.944677352905,2544
22260.94102859497,2550
22261.938095092773,2538
22262.935876846313,2514
22263.933420181274,2526
22264.930725097656,2490
22265.928030014038,2502
22266.92509651184,2506
22267.9226398468,2502
22268.919944763184,2518
22269.917011260986,2516
22270.915031433105,2510
22271.91209793091,2522
22272.90916442871,2554
22273.90694618225,2518
22274.904012680054,2514
22275.901317596436,2510
22276.89838409424,2482
22277.89616584778,2522
22278.89323234558,2522
22279.890537261963,2502
22280.88879585266,2494
22281.885623931885,2494
22282.88245201111,2518
22283.87975692749,2550
22284.87730026245,2542
22285.886764526367,2534
22286.898374557495,2510
22287.89520263672,2524
22288.893938064575,2524
22289.89553451538,2552
22290.888786315918,2518
22291.884899139404,2506
22292.882919311523,2502
22293.879747390747,2480
22294.881343841553,2542
22295.847177505493,2518
22296.87190055847,2506
22297.869205474854,2506
22298.866033554077,2518
22299.86524581909,2506
22300.86088180542,2512
22301.85842514038,2480
22302.855491638184,2502
22303.853511810303,2488
22304.850339889526,2504
22305.835247039795,2454
22306.845664978027,2478
22307.843685150146,2502
22308.84075164795,2526
22309.839248657227,2516
22310.834884643555,2490
22311.831951141357,2486
22312.829732894897,2490
22313.827753067017,2502
22314.82458114624,2490
22315.821409225464,2506
22316.818952560425,2462
22317.817211151123,2502
22318.812131881714,2488
22319.812059402466,2508
22320.80912590027,2518
22321.805953979492,2526
22322.811126708984,2494
22323.805332183838,2520
22324.803113937378,2512
22325.800895690918,2506
22326.797246932983,2534
22327.789068222046,2542
22328.786373138428,2502
22329.784631729126,2522
22330.80816268921,2540
22331.778526306152,2534
22332.776308059692,2534
22333.775520324707,2514
22334.771871566772,2516
22335.773706436157,2488
22336.767435073853,2490
22337.761878967285,2490
22338.760137557983,2500
22339.730501174927,2490
22340.7564163208,2502
22341.753721237183,2490
22342.75531768799,2518
22343.75286102295,2538
22344.75016593933,2534
22345.746994018555,2522
22346.744298934937,2492
22347.709894180298,2518
22348.705291748047,2514
22349.70259666443,2518
22350.699424743652,2514
22351.696729660034,2494
22352.694272994995,2506
22353.691577911377,2510
22354.68864440918,2502
22355.68594932556,2506
22356.683492660522,2526
22357.681035995483,2510
22358.678102493286,2522
22359.675645828247,2512
22360.67295074463,2518
22361.67025566101,2488
22362.673044204712,2522
22363.664865493774,2502
22364.662170410156,2520
22365.659475326538,2510
22366.65678024292,2480
22367.6540851593,2510
22368.651390075684,2538
22369.648694992065,2524
22370.646238327026,2502
22371.64354324341,2478
22372.64084815979,2478
22373.638153076172,2510
22374.635457992554,2502
22375.632762908936,2512
22376.630067825317,2482
22377.62761116028,2506
22378.62491607666,2498
22379.622220993042,2510
22380.619525909424,2522
22381.617069244385,2526
22382.614135742188,2518
22383.61144065857,2512
22384.60898399353,2494
22385.606050491333,2482
22386.603355407715,2490
22387.600898742676,2502
22388.598203659058,2504
22389.59574699402,2510
22390.59281349182,2510
22391.590118408203,2538
22392.587423324585,2522
22393.584966659546,2538
22394.582509994507,2526
22395.57957649231,2486
22396.57688140869,2458
22397.574186325073,2498
22398.571491241455,2514
22399.568796157837,2514
22400.56610107422,2514
22401.56364440918,2512
22402.560710906982,2490
22403.558254241943,2534
22404.555320739746,2518
22405.552864074707,2526
22406.550645828247,2510
22407.54771232605,2502
22408.54501724243,2514
22409.542560577393,2514
22410.539388656616,2494
22411.537170410156,2494
22412.53423690796,2486
22413.53154182434,2514
22414.528846740723,2516
22415.526151657104,2514
22416.523456573486,2516
22417.520761489868,2518
22418.51806640625,2512
22419.51560974121,2482
22420.512914657593,2522
22421.509981155396,2500
22422.507524490356,2514
22423.50482940674,2510
22424.5023727417,2518
22425.499439239502,2508
22426.496982574463,2508
22427.494049072266,2526
22428.491353988647,2518
22429.489135742188,2550
22430.48620223999,2542
22431.483507156372,2542
22432.480573654175,2518
22433.478116989136,2524
22434.475421905518,2518
22435.4727268219,2544
22436.47027015686,2514
22437.467575073242,2552
22438.464641571045,2534
22439.461946487427,2540
22440.459966659546,2542
22441.45679473877,2524
22442.45433807373,2520
22443.451642990112,2466
22444.448709487915,2494
22445.446014404297,2502
22446.44331932068,2510
22447.44110107422,2490
22448.43816757202,2462
22449.435472488403,2510
22450.433015823364,2506
22451.430320739746,2508
22452.42738723755,2542
22453.42469215393,2432
22454.42223548889,2514
22455.419540405273,2490
22456.416845321655,2482
22457.414150238037,2458
22458.41145515442,2508
22459.40899848938,2512
22460.406064987183,2514
22461.403608322144,2510
22462.400674819946,2518
22463.397979736328,2526
22464.39552307129,2542
22465.39282798767,2534
22466.390132904053,2494
22467.387437820435,2498
22468.384981155396,2534
22469.3820476532,2534
22470.37935256958,2522
22472.40376472473,2514
22472.40376472473,2514
22473.39916229248,2516
22474.3971824646,2510
22476.37152671814,2528
22477.36096382141,2502
22477.36096382141,2504
22479.355573654175,2518
22480.352640151978,2502
22481.350660324097,2486
22482.34987258911,2514
22483.351230621338,2506
22484.349250793457,2518
22485.35132408142,2502
22486.337423324585,2494
22487.35022544861,2488
22488.34776878357,2506
22489.328861236572,2520
22490.326166152954,2518
22491.323471069336,2510
22492.321014404297,2516
22493.3180809021,2486
22494.31538581848,2502
22495.312690734863,2512
22496.309995651245,2510
22497.307538986206,2484
22498.30460548401,2500
22499.30238723755,2506
22500.29945373535,2506
22501.296758651733,2522
22502.294540405273,2538
22503.291606903076,2510
22504.28867340088,2508
22505.28597831726,2486
22506.28352165222,2510
22507.280826568604,2510
22508.278131484985,2506
22509.275436401367,2514
22510.272979736328,2542
22511.27004623413,2536
22512.267351150513,2526
22513.264894485474,2540
22514.262199401855,2534
22515.259504318237,2516
22516.25657081604,2534
22517.254114151,2522
22518.251657485962,2514
22519.248962402344,2522
22520.246267318726,2520
22521.243572235107,2512
22522.24087715149,2510
22523.24676513672,2526
22524.235486984253,2524
22525.232791900635,2546
22526.229858398438,2554
22527.227640151978,2542
22528.22494506836,2506
22529.22224998474,2534
22530.221223831177,2526
22531.21829032898,2534
22532.214641571045,2510
22533.212661743164,2518
22534.209489822388,2446
22535.20655632019,2518
22536.203861236572,2534
22537.201404571533,2522
22538.198947906494,2516
22539.196491241455,2502
22540.193796157837,2508
22541.19110107422,2488
22542.187929153442,2518
22543.185472488403,2502
22544.183015823364,2514
22545.180082321167,2482
22546.17738723755,2540
22547.17469215393,2446
22548.17247390747,2486
22549.169778823853,2486
22550.16803741455,2506
22551.164865493774,2490
22552.16121673584,2470
22553.15852165222,2474
22554.155826568604,2504
22555.153369903564,2536
22556.150674819946,2546
22557.147979736328,2506
22558.14552307129,2486
22559.14282798767,2526
22560.140371322632,2512
22561.137914657593,2536
22562.134742736816,2536
22563.1320476532,2554
22564.12935256958,2518
22565.12689590454,2514
22566.123962402344,2506
22567.121267318726,2528
22568.118572235107,2528
22569.116353988647,2526
22570.11365890503,2510
22571.110725402832,2506
22572.108507156372,2502
22573.105096817017,2522
22574.102640151978,2534
22575.09994506836,2514
22576.09748840332,2510
22577.094793319702,2502
22578.091859817505,2510
22579.089641571045,2498
22580.087900161743,2502
22581.084728240967,2518
22582.111120224,2538
22583.107709884644,2524
22584.105253219604,2538
22585.102558135986,2490
22586.09938621521,2482
22587.09716796875,2522
22588.093996047974,2502
22589.064598083496,2510
22590.088844299316,2520
22591.089010238647,2536
22592.08345413208,2518
22593.08433532715,2508
22594.085693359375,2504
22595.075130462646,2482
22596.073865890503,2506
22597.073078155518,2514
22598.06752204895,2506
22599.064111709595,2516
22600.035429000854,2498
22601.059675216675,2474
22602.056741714478,2494
22603.05428504944,2514
22604.05397415161,2526
22605.01980781555,2510
22606.034994125366,2502
22607.013940811157,2500
22608.011484146118,2494
22609.0087890625,2514
22610.00633239746,2522
22611.003637313843,2522
22612.000942230225,2510
22612.998008728027,2518
22613.99531364441,2492
22614.99285697937,2544
22615.990161895752,2524
22616.987466812134,2556
22617.984771728516,2506
22618.98684501648,2506
22619.97938156128,2486
22620.97668647766,2510
22621.98257446289,2526
22622.971534729004,2522
22623.968601226807,2474
22624.966144561768,2508
22625.96368789673,2510
22626.96075439453,2506
22627.957820892334,2542
22628.955602645874,2534
22629.952669143677,2520
22630.94997406006,2502
22631.94751739502,2514
22632.9448223114,2532
22633.941888809204,2526
22634.939193725586,2516
22635.936737060547,2518
22636.93404197693,2492
22637.93134689331,2508
22638.92889022827,2510
22639.925956726074,2494
22640.923500061035,2518
22641.926288604736,2516
22642.94719696045,2522
22643.943786621094,2510
22644.941568374634,2506
22645.938634872437,2506
22646.93570137024,2526
22647.905588150024,2522
22648.9315032959,2512
22649.901628494263,2510
22650.925159454346,2514
22651.922941207886,2514
22652.91976928711,2522
22653.91707420349,2506
22654.91485595703,2504
22655.911207199097,2518
22656.908988952637,2506
22657.906770706177,2514
22658.90407562256,2550
22659.87467765808,2520
22660.898208618164,2482
22661.89670562744,2488
22662.895679473877,2542
22663.890600204468,2542
22664.891481399536,2526
22665.89069366455,2512
22666.88323020935,2510
22667.880058288574,2522
22668.877363204956,2534
22669.875860214233,2522
22670.871257781982,2518
22671.842575073242,2524
22672.839641571045,2510
22673.836708068848,2498
22674.83401298523,2510
22675.83155632019,2518
22676.828861236572,2512
22677.825927734375,2534
22678.823947906494,2542
22679.821252822876,2512
22680.81831932068,2518
22681.81562423706,2546
22682.8134059906,2574
22683.810472488403,2542
22684.807777404785,2534
22685.804843902588,2606
22686.80238723755,2518
22687.79993057251,2538
22688.82703781128,2536
22689.794778823853,2554
22690.81974029541,2516
22691.815853118896,2520
22692.813634872437,2538
22693.81070137024,2554
22694.80800628662,2546
22695.805072784424,2468
22696.803331375122,2506
22697.79920578003,2514
22698.79722595215,2506
22699.79429244995,2526
22700.793743133545,2522
22701.789379119873,2546
22702.785968780518,2538
22703.757762908936,2518
22704.75459098816,2514
22705.770254135132,2518
22706.749439239502,2538
22707.746505737305,2522
22708.743810653687,2502
22709.741830825806,2510
22710.73842048645,2504
22711.73596382141,2502
22712.733030319214,2506
22713.730573654175,2510
22714.727878570557,2514
22715.72518348694,2504
22716.72248840332,2494
22717.72003173828,2512
22718.7442779541,2510
22719.7425365448,2506
22720.738410949707,2498
22721.735954284668,2492
22722.736835479736,2506
22723.730325698853,2506
22724.728107452393,2526
22725.725412368774,2480
22726.722717285156,2476
22727.720499038696,2462
22728.71732711792,2484
22729.71534729004,2518
22730.690717697144,2502
22731.714248657227,2502
22732.678413391113,2492
22733.675479888916,2486
22734.67254638672,2514
22735.6698513031,2482
22736.66739463806,2514
22737.664699554443,2514
22738.662004470825,2518
22739.659309387207,2508
22740.656852722168,2518
22741.65391921997,2522
22742.65146255493,2534
22743.648767471313,2544
22744.646072387695,2520
22745.643377304077,2514
22746.64068222046,2542
22747.63822555542,2506
22748.6355304718,2518
22749.633073806763,2526
22750.630378723145,2520
22751.627445220947,2540
22752.62475013733,2538
22753.62205505371,2518
22754.619598388672,2514
22755.616664886475,2534
22756.613969802856,2522
22757.611513137817,2514
22758.6088180542,2510
22759.60612297058,2522
22760.603189468384,2536
22761.600732803345,2554
22762.598037719727,2526
22763.59534263611,2518
22764.59288597107,2524
22765.618562698364,2542
22766.615867614746,2544
22767.61293411255,2546
22768.61047744751,2538
22769.60778236389,2534
22770.57719230652,2538
22771.602392196655,2582
22772.57251739502,2544
22773.597240447998,2536
22774.5943069458,2508
22775.591373443604,2522
22776.589155197144,2514
22777.585983276367,2510
22778.583526611328,2506
22779.582500457764,2490
22780.577898025513,2506
22781.575441360474,2510
22782.57393836975,2514
22783.56981277466,2522
22784.56735610962,2542
22785.56489944458,2518
22786.563634872437,2538
22787.559509277344,2514
22788.557291030884,2514
22789.528131484985,2522
22790.551900863647,2526
22791.54944419861,2502
22792.55175590515,2490
22793.543577194214,2422
22794.540882110596,2460
22795.51124572754,2482
22796.536207199097,2454
22797.545194625854,2470
22798.530340194702,2472
22799.501657485962,2510
22800.525426864624,2504
22801.522731781006,2508
22802.520036697388,2540
22803.51734161377,2538
22804.51512336731,2488
22805.51242828369,2486
22806.509256362915,2482
22807.507276535034,2480
22808.504104614258,2492
22809.47494506836,2518
22810.498476028442,2486
22811.468839645386,2490
22812.49475479126,2502
22813.49015235901,2526
22814.48745727539,2542
22815.484523773193,2536
22816.482543945312,2502
22817.48342514038,2490
22818.476676940918,2510
22819.47612762451,2486
22820.47176361084,2500
22822.43847846985,2526
22823.455810546875,2518
22823.455810546875,2518
22824.462175369263,2520
22825.43110847473,2540
22827.45385169983,2526
22828.450202941895,2538
22829.45203781128,2522
22830.445528030396,2502
22830.445528030396,2518
22831.44760131836,2540
22832.440614700317,2522
22833.43815803528,2520
22834.43522453308,2522
22835.432767868042,2474
22836.430311203003,2486
22837.427139282227,2518
22838.424921035767,2532
22839.42222595215,2542
22840.41976928711,2518
22841.416597366333,2514
22842.414379119873,2486
22843.411684036255,2550
22844.411849975586,2526
22845.427751541138,2538
22847.371816635132,2512
22847.371816635132,2522
22849.368810653687,2518
22849.368810653687,2532
22851.391077041626,2536
22851.391077041626,2554
22853.384971618652,2526
22854.382038116455,2502
22855.38148880005,2486
22856.377124786377,2510
22857.37419128418,2514
22858.37411880493,2516
22859.368801116943,2518
22860.3675365448,2510
22861.363649368286,2510
22862.36047744751,2518
22863.360166549683,2520
22864.35556411743,2540
22865.326166152954,2524
22866.3227558136,2482
22867.3198223114,2486
22868.316888809204,2468
22869.314193725586,2502
22870.312452316284,2470
22871.30904197693,2458
22872.30634689331,2502
22873.332738876343,2498
22874.330043792725,2526
22875.327587127686,2518
22876.323699951172,2550
22877.321481704712,2502
22878.318309783936,2506
22879.315614700317,2510
22880.284070968628,2502
22881.282091140747,2506
22882.307529449463,2506
22883.304834365845,2534
22884.303331375122,2546
22885.29944419861,2538
22886.298179626465,2510
22887.294054031372,2558
22888.291597366333,2582
22889.261722564697,2554
22890.287399291992,2524
22891.25633239746,2526
22892.281770706177,2534
22893.27883720398,2526
22894.27614212036,2526
22895.273447036743,2498
22896.24261856079,2494
22897.268295288086,2488
22898.265600204468,2498
22899.26314353943,2494
22900.230884552002,2508
22901.227951049805,2478
22902.255535125732,2474
22903.25164794922,2472
22904.24871444702,2488
22905.219554901123,2482
22906.243324279785,2506
22907.241106033325,2494
22908.23793411255,2502
22909.23523902893,2474
22910.234212875366,2490
22911.230087280273,2470
22912.226676940918,2502
22913.22350502014,2510
22914.201021194458,2512
22915.218353271484,2494
22916.216135025024,2486
22917.21272468567,2510
22918.210744857788,2494
22919.207334518433,2506
22920.178651809692,2502
22921.204566955566,2490
22922.200679779053,2500
22923.198223114014,2502
22924.195528030396,2526
22925.192832946777,2490
22926.19776725769,2548
22927.18768119812,2510
22928.184747695923,2504
22929.18634414673,2502
22930.180549621582,2538
22931.149005889893,2518
22932.180404663086,2534
22933.171033859253,2526
22934.168815612793,2510
22935.137033462524,2554
22936.134099960327,2526
22937.13140487671,2506
22938.12847137451,2484
22939.126014709473,2506
22940.123319625854,2494
22941.120624542236,2486
22942.117929458618,2482
22943.115234375,2510
22944.112539291382,2502
22945.109844207764,2518
22946.107387542725,2502
22947.104692459106,2502
22948.10199737549,2500
22949.09930229187,2514
22950.096607208252,2488
22951.80368423462,2488
22952.09240913391,2502
22953.09066772461,2514
22954.172611236572,2518
22955.10220527649,2514
22955.607652664185,2506
22956.621170043945,2524
22957.606077194214,2514
22958.603143692017,2508
22959.601640701294,2502
22960.5975151062,2526
22961.595058441162,2524
22962.592124938965,2506
22963.589191436768,2514
22964.586973190308,2534
22965.58403968811,2528
22966.58158302307,2534
22967.578411102295,2506
22968.575954437256,2510
22969.573259353638,2492
22970.57056427002,2490
22971.56810760498,2510
22972.565412521362,2538
22973.562717437744,2510
22974.559545516968,2490
22975.55708885193,2474
22976.55439376831,2490
22977.55193710327,2538
22978.549242019653,2528
22979.547023773193,2538
22980.544090270996,2500
22981.541633605957,2494
22982.539176940918,2514
22983.53600502014,2526
22984.533071517944,2532
22985.530614852905,2518
22986.527919769287,2516
22987.52522468567,2522
22988.521099090576,2518
22989.518404006958,2526
22990.51570892334,2520
22991.512775421143,2506
22992.510318756104,2522
22993.507385253906,2486
22994.504928588867,2514
22995.50223350525,2514
22996.49953842163,2534
22997.496843338013,2502
22998.494386672974,2490
22999.491453170776,2482
23000.48875808716,2510
23001.48630142212,2490
23002.483367919922,2510
23003.480672836304,2514
23004.478216171265,2524
23005.475521087646,2502
23006.47282600403,2506
23007.47013092041,2518
23008.46767425537,2506
23009.464740753174,2514
23010.462284088135,2488
23011.459589004517,2506
23012.4568939209,2534
23013.45419883728,2546
23014.451503753662,2518
23015.448808670044,2508
23016.446113586426,2506
23017.443418502808,2512
23018.44096183777,2518
23019.43826675415,2538
23020.435571670532,2534
23021.432876586914,2506
23022.435665130615,2506
23023.427486419678,2518
23024.42479133606,2538
23025.42233467102,2542
23026.419401168823,2502
23027.416706085205,2546
23028.414249420166,2526
23029.411792755127,2492
23030.40885925293,2506
23031.40616416931,2518
23032.403707504272,2534
23033.400774002075,2510
23034.398317337036,2520
23035.39538383484,2506
23036.3929271698,2474
23037.39023208618,2512
23038.387298583984,2520
23039.384841918945,2522
23040.382385253906,2490
23041.37945175171,2510
23042.37675666809,2490
23043.37430000305,2518
23044.371604919434,2534
23045.368671417236,2614
23047.36375808716,2490
23048.36082458496,2490
23049.358129501343,2506
23050.355672836304,2508
23051.352977752686,2510
23052.35004425049,2522
23053.34758758545,2504
23054.34489250183,2514
23055.342197418213,2494
23056.339502334595,2502
23057.336807250977,2518
23058.33411216736,2538
23059.361457824707,2488
23060.32943725586,2470
23061.355352401733,2478
23062.352180480957,2480
23063.350677490234,2486
23064.347505569458,2534
23065.344095230103,2506
23066.34259223938,2490
23067.338705062866,2500
23068.336725234985,2512
23069.305181503296,2522
23070.33085823059,2526
23071.32887840271,2502
23072.325944900513,2490
23073.323011398315,2510
23074.320554733276,2548
23075.36220550537,2550
23076.355934143066,2542
23077.313899993896,2510
23078.31382751465,2508
23079.307556152344,2482
23080.278635025024,2514
23081.303596496582,2524
23082.29947090149,2550
23083.29701423645,2510
23084.294080734253,2514
23085.291385650635,2500
23086.289405822754,2534
23087.2859954834,2538
23088.284015655518,2538
23089.282512664795,2510
23090.278387069702,2516
23091.275691986084,2494
23092.273235321045,2526
23093.275785446167,2538
23094.26760673523,2544
23095.26491165161,2510
23096.262454986572,2504
23097.259759902954,2480
23098.257064819336,2538
23099.25413131714,2542
23100.22497177124,2538
23101.24897956848,2538
23102.246522903442,2518
23103.243350982666,2510
23104.241132736206,2526
23105.23796081543,2550
23106.23598098755,2538
23107.23376274109,2526
23108.230113983154,2520
23109.227418899536,2518
23110.225915908813,2522
23111.23037338257,2526
23112.1928691864,2520
23113.189697265625,2538
23114.187002182007,2526
23115.18406867981,2526
23116.181135177612,2538
23117.178440093994,2546
23118.1800365448,2554
23119.173288345337,2534
23120.171308517456,2508
23121.16837501526,2526
23122.165203094482,2526
23123.162508010864,2546
23124.159812927246,2546
23125.157117843628,2552
23126.15466117859,2538
23127.15196609497,2550
23128.148794174194,2542
23129.146575927734,2550
23130.144357681274,2554
23131.141185760498,2546
23132.13872909546,2540
23133.13579559326,2550
23134.133100509644,2542
23135.130405426025,2556
23136.128187179565,2526
23137.12501525879,2542
23138.12208175659,2538
23139.119863510132,2526
23140.117406845093,2522
23141.114473342896,2522
23142.1115398407,2542
23143.10908317566,2538
23144.10662651062,2506
23145.103693008423,2522
23146.101236343384,2548
23147.098541259766,2540
23148.09560775757,2544
23149.09338951111,2522
23150.09093284607,2510
23151.087522506714,2490
23152.085542678833,2518
23153.082609176636,2542
23154.079914093018,2538
23155.07698059082,2524
23156.074285507202,2550
23157.071590423584,2534
23158.06770324707,2518
23159.065008163452,2524
23160.064935684204,2518
23161.06152534485,2538
23162.05859184265,2534
23163.055658340454,2502
23164.05415534973,2514
23165.050506591797,2534
23166.04781150818,2544
23167.07420349121,2554
23168.07723045349,2514
23169.038772583008,2518
23170.064687728882,2486
23171.064615249634,2506
23172.060251235962,2504
23173.056840896606,2518
23174.05414581299,2520
23175.0590801239,2506
23176.053047180176,2522
23177.046060562134,2510
23178.043842315674,2522
23179.043531417847,2512
23180.03821372986,2518
23181.0085773468,2482
23182.03353881836,2502
23183.031797409058,2496
23184.028387069702,2590
23185.026168823242,2502
23186.02204322815,2490
23187.01934814453,2490
23188.01712989807,2490
23189.014434814453,2502
23189.982891082764,2510
23191.028833389282,2510
23192.01683998108,2518
23193.003177642822,2514
23194.000482559204,2516
23194.998264312744,2502
23195.995807647705,2520
23197.01838493347,2486
23197.962999343872,2510
23198.986768722534,2510
23199.957609176636,2506
23200.98066329956,2500
23201.97820663452,2508
23202.97598838806,2524
23203.973054885864,2510
23204.970359802246,2522
23205.96742630005,2514
23206.966161727905,2514
23207.96298980713,2526
23208.96005630493,2522
23209.95831489563,2512
23210.954189300537,2514
23211.95387840271,2492
23212.9487991333,2514
23213.94634246826,2526
23214.94483947754,2542
23215.941429138184,2522
23216.938257217407,2522
23217.93556213379,2506
23218.93262863159,2506
23219.932079315186,2504
23220.92866897583,2502
23221.925020217896,2490
23222.895622253418,2490
23223.91986846924,2494
23224.916696548462,2502
23225.914001464844,2524
23226.911544799805,2526
23227.908849716187,2514
23228.880882263184,2504
23229.87723350525,2504
23230.875253677368,2480
23231.871366500854,2470
23232.868671417236,2506
23233.866691589355,2470
23234.863996505737,2522
23235.86130142212,2534
23236.858367919922,2526
23237.855672836304,2510
23238.852977752686,2534
23239.850997924805,2542
23240.84782600403,2486
23241.84513092041,2486
23242.842435836792,2518
23243.840217590332,2532
23244.83585357666,2546
23245.832920074463,2514
23246.829986572266,2522
23247.827291488647,2522
23248.82483482361,2526
23249.82237815857,2518
23250.819444656372,2526
23251.816749572754,2502
23252.814054489136,2512
23253.811359405518,2526
23254.8086643219,2544
23255.80620765686,2522
23256.803512573242,2516
23257.800817489624,2522
23258.798122406006,2534
23259.825468063354,2522
23260.823011398315,2522
23261.81960105896,2514
23262.81714439392,2522
23263.814210891724,2518
23264.812231063843,2522
23265.809535980225,2522
23266.80612564087,2518
23267.804384231567,2510
23268.80121231079,2504
23269.798517227173,2518
23270.768880844116,2518
23271.792888641357,2490
23272.79019355774,2502
23273.78749847412,2514
23274.785041809082,2526
23275.782585144043,2534
23276.779890060425,2518
23277.777671813965,2526
23278.774976730347,2502
23279.74510192871,2526
23280.739784240723,2510
23281.766653060913,2518
23282.763481140137,2538
23283.761739730835,2510
23284.75856781006,2546
23285.755395889282,2532
23286.752939224243,2550
23287.75644302368,2544
23288.749933242798,2546
23289.71791267395,2522
23290.714740753174,2502
23291.73970222473,2518
23292.73796081543,2518
23293.734788894653,2518
23294.731616973877,2506
23295.729160308838,2514
23296.727418899536,2538
23297.72400856018,2540
23298.720836639404,2546
23299.718618392944,2518
23300.715446472168,2506
23301.71298980713,2490
23302.71077156067,2502
23303.707599639893,2488
23304.710865020752,2520
23305.67479133606,2526
23306.699991226196,2518
23307.697296142578,2508
23308.69436264038,2514
23309.691429138184,2520
23310.689210891724,2536
23311.686038970947,2518
23312.684535980225,2518
23313.68112564087,2512
23314.67866897583,2522
23315.675735473633,2526
23316.673040390015,2538
23317.670583724976,2512
23318.66765022278,2510
23319.66495513916,2484
23320.66249847412,2488
23321.640253067017,2480
23322.629690170288,2502
23323.62699508667,2514
23324.62430000305,2486
23325.621128082275,2482
23326.618194580078,2486
23327.61573791504,2510
23328.61304283142,2506
23329.61082458496,2538
23330.607652664185,2516
23331.605195999146,2518
23332.602500915527,2498
23333.59980583191,2510
23334.59711074829,2534
23335.594415664673,2554
23336.591482162476,2548
23337.605714797974,2510
23338.585138320923,2524
23339.582443237305,2534
23340.579748153687,2526
23341.57681465149,2514
23342.58198738098,2546
23343.571662902832,2518
23344.568729400635,2534
23345.566034317017,2526
23346.563577651978,2526
23347.56088256836,2542
23348.57130050659,2548
23349.58505630493,2526
23350.58283805847,2516
23351.579189300537,2490
23352.549076080322,2512
23353.5737991333,2526
23354.572534561157,2522
23355.5691242218,2522
23356.56690597534,2514
23357.564210891724,2506
23358.561277389526,2526
23359.55810546875,2538
23360.55564880371,2518
23361.553192138672,2510
23362.550497055054,2498
23363.547563552856,2510
23364.54486846924,2498
23365.54265022278,2538
23366.540670394897,2542
23367.54274368286,2520
23368.534088134766,2514
23369.531631469727,2506
23370.52893638611,2526
23371.52600288391,2514
23372.495412826538,2522
23373.520851135254,2506
23374.517917633057,2550
23375.51522254944,2502
23376.5127658844,2516
23377.51078605652,2514
23378.507375717163,2514
23379.505157470703,2504
23380.502462387085,2502
23381.505966186523,2502
23382.49635696411,2510
23383.467435836792,2534
23384.49239730835,2522
23385.489225387573,2508
23386.486053466797,2502
23387.484312057495,2486
23388.48090171814,2506
23389.47820663452,2502
23390.475511550903,2510
23391.473054885864,2490
23392.469882965088,2476
23393.46718788147,2454
23394.46759223938,2486
23395.468950271606,2506
23396.459579467773,2500
23397.428035736084,2484
23398.454189300537,2458
23399.451732635498,2478
23400.42233467102,2508
23401.446104049683,2510
23402.44436264038,2494
23403.444528579712,2502
23404.438018798828,2510
23405.43532371521,2510
23406.437873840332,2510
23407.429933547974,2526
23408.427715301514,2538
23409.398317337036,2522
23410.422325134277,2510
23411.41986846924,2482
23412.420749664307,2502
23413.414001464844,2492
23414.41249847412,2506
23415.408849716187,2520
23416.40615463257,2506
23417.404174804688,2492
23418.40147972107,2506
23420.369148254395,2534
23420.369148254395,2534
23422.361135482788,2514
23422.361135482788,2494
23423.38752746582,2512
23425.38332939148,2486
23426.379442214966,2496
23427.377700805664,2544
23428.380012512207,2550
23429.3429851532,2534
23430.340051651,2514
23431.368112564087,2526
23432.363510131836,2542
23433.361291885376,2542
23434.359788894653,2538
23435.355186462402,2518
23436.352968215942,2538
23437.350511550903,2534
23438.34900856018,2546
23439.31794166565,2572
23440.315008163452,2534
23441.311597824097,2510
23442.30842590332,2542
23444.974899291992,2538
23444.974899291992,2538
23445.328950881958,2542
23446.327686309814,2550
23447.3614692688,2522
23447.3614692688,2526
23448.612689971924,2532
23449.583292007446,2538
23450.607538223267,2534
23451.610326766968,2542
23452.601671218872,2538
23453.599214553833,2526
23454.596757888794,2520
23455.594539642334,2538
23456.595420837402,2546
23457.58843421936,2570
23458.58645439148,2550
23459.58375930786,2530
23460.58177947998,2506
23461.578130722046,2542
23462.57495880127,2522
23463.572025299072,2538
23464.570999145508,2536
23465.567111968994,2510
23466.564655303955,2520
23467.561960220337,2536
23468.56689453125,2550
23469.55704689026,2526
23470.55411338806,2520
23471.55261039734,2490
23472.548723220825,2518
23473.546028137207,2502
23474.54333305359,2510
23475.54063796997,2510
23476.537942886353,2534
23477.535247802734,2506
23478.532314300537,2508
23479.530096054077,2514
23480.52740097046,2506
23481.525182724,2494
23482.5222492218,2488
23483.526706695557,2478
23484.516143798828,2478
23485.514163970947,2454
23486.51099205017,2474
23487.508535385132,2502
23488.506317138672,2502
23489.489793777466,2474
23490.5002117157,2490
23491.498470306396,2476
23492.49505996704,2486
23493.49308013916,2506
23494.489908218384,2506
23495.487213134766,2494
23496.485471725464,2486
23497.453927993774,2466
23498.47936630249,2490
23500.444889068604,2506
23500.444889068604,2482
23501.441955566406,2506
23502.43902206421,2494
23503.43632698059,2484
23504.43387031555,2486
23505.431175231934,2482
23506.428241729736,2462
23507.425785064697,2492
23508.42308998108,2486
23509.42039489746,2482
23510.417938232422,2474
23511.415243148804,2494
23512.412309646606,2472
23513.40961456299,2474
23514.40715789795,2454
23515.40446281433,2474
23516.401529312134,2490
23517.398834228516,2502
23518.396377563477,2510
23519.39368247986,2510
23520.39098739624,2486
23522.386074066162,2474
23522.386074066162,2506
23523.382902145386,2490
23524.380207061768,2490
23525.37775039673,2480
23526.37505531311,2506
23527.372360229492,2498
23528.369903564453,2518
23530.364274978638,2520
23531.36157989502,2520
23532.3588848114,2520
23533.356189727783,2516
23534.353733062744,2518
23535.351276397705,2514
23536.348342895508,2538
23537.34564781189,2524
23538.34295272827,2518
23539.340496063232,2526
23540.337800979614,2534
23541.335105895996,2542
23542.332410812378,2540
23543.32971572876,2538
23544.32702064514,2532
23545.324325561523,2522
23546.321868896484,2520
23547.33681678772,2520
23548.31624031067,2518
23549.31402206421,2546
23550.31108856201,2526
23551.313400268555,2516
23552.31499671936,2510
23553.303003311157,2506
23554.30030822754,2530
23555.29761314392,2522
23556.295156478882,2506
23557.292461395264,2486
23558.289527893066,2502
23559.28683280945,2490
23560.28437614441,2492
23561.28168106079,2498
23562.278985977173,2488
23563.276529312134,2478
23564.273834228516,2478
23565.27090072632,2490
23566.2682056427,2490
23567.26574897766,2502
23568.263053894043,2508
23569.260358810425,2494
23570.257902145386,2518
23571.255207061768,2510
23572.25227355957,2490
23573.249578475952,2526
23574.247121810913,2490
23575.244426727295,2484
23576.241493225098,2482
23577.23903656006,2498
23578.23634147644,2510
23579.233646392822,2502
23580.230951309204,2510
23581.228494644165,2516
23582.225561141968,2510
23583.22548866272,2514
23584.222316741943,2522
23585.219383239746,2522
23586.216688156128,2538
23587.21399307251,2542
23588.21129798889,2550
23589.208364486694,2542
23590.205907821655,2552
23591.203689575195,2538
23592.200756072998,2526
23593.19806098938,2534
23594.19560432434,2526
23595.192670822144,2510
23596.190214157104,2516
23597.190856933594,2518
23598.212480545044,2510
23599.180936813354,2502
23600.2140045166,2518
23601.205110549927,2518
23602.20217704773,2510
23603.198766708374,2502
23604.196786880493,2482
23605.193614959717,2458
23606.191396713257,2482
23607.188940048218,2474
23608.18648338318,2486
23609.183073043823,2512
23610.15295982361,2510
23611.17720603943,2506
23612.175226211548,2490
23613.171815872192,2522
23614.141941070557,2538
23615.167140960693,2512
23616.164684295654,2506
23617.162942886353,2510
23618.15905570984,2520
23619.15612220764,2506
23620.16201019287,2518
23621.151208877563,2522
23622.149229049683,2506
23623.145580291748,2524
23624.143838882446,2514
23625.14019012451,2524
23626.137733459473,2526
23627.135038375854,2514
23628.132343292236,2514
23629.130601882935,2482
23630.128145217896,2506
23631.12473487854,2510
23632.121801376343,2518
23633.12005996704,2516
23634.117126464844,2526
23635.11371612549,2502
23636.11078262329,2518
23637.108325958252,2482
23638.10658454895,2510
23639.075756072998,2522
23640.101432800293,2526
23641.098022460938,2514
23642.0955657959,2490
23643.092393875122,2490
23644.098043441772,2510
23645.059823989868,2518
23646.085500717163,2506
23647.053718566895,2514
23648.051500320435,2502
23649.04832839966,2486
23650.045156478882,2472
23651.04341506958,2504
23652.040243148804,2512
23653.038263320923,2506
23654.035329818726,2482
23655.032873153687,2458
23656.03017807007,2462
23657.055139541626,2490
23658.052682876587,2502
23659.050941467285,2502
23660.04753112793,2488
23661.043882369995,2542
23662.041664123535,2518
23663.044214248657,2538
23664.00980949402,2522
23665.03357887268,2500
23666.0315990448,2494
23667.028188705444,2482
23668.033599853516,2482
23669.029712677002,2506
23669.99363899231,2538
23671.01740837097,2538
23672.02115058899,2534
23673.012733459473,2538
23674.009561538696,2516
23675.006866455078,2536
23676.020860671997,2542
23677.009344100952,2526
23677.999258041382,2492
23678.996086120605,2512
23679.994106292725,2522
23680.99093437195,2582
23681.98847770691,2534
23682.986736297607,2546
23683.987855911255,2526
23684.983015060425,2526
23685.977697372437,2522
23686.978101730347,2512
23687.97254562378,2498
23688.974857330322,2512
23689.966917037964,2516
23690.935373306274,2518
23691.962003707886,2502
23692.95859336853,2536
23693.95613670349,2534
23694.95439529419,2544
23695.951223373413,2520
23696.956634521484,2500
23697.927951812744,2510
23698.94289970398,2518
23699.91159439087,2534
23700.942516326904,2520
23701.935291290283,2520
23702.932596206665,2506
23703.929662704468,2502
23704.927921295166,2518
23705.926656723022,2536
23706.926345825195,2526
23707.918167114258,2526
23708.915948867798,2520
23709.88655090332,2508
23710.885047912598,2520
23711.880922317505,2542
23712.87775039673,2542
23713.87553215027,2522
23714.87283706665,2502
23715.870141983032,2506
23716.867208480835,2518
23717.864513397217,2526
23718.8618183136,2526
23719.860315322876,2542
23720.85666656494,2526
23721.85468673706,2514
23722.851514816284,2538
23723.848819732666,2538
23724.84588623047,2544
23725.84342956543,2514
23726.84073448181,2494
23727.837800979614,2490
23728.835344314575,2500
23729.832649230957,2522
23730.832815170288,2518
23731.827974319458,2514
23732.82480239868,2518
23733.821153640747,2596
23734.819650650024,2502
23735.816955566406,2514
23736.814498901367,2518
23737.81132698059,2490
23738.808631896973,2478
23739.806413650513,2484
23740.803241729736,2506
23741.800785064697,2506
23742.79808998108,2516
23743.79539489746,2518
23744.792699813843,2500
23745.789766311646,2468
23746.787309646606,2478
23747.78461456299,2502
23748.78191947937,2506
23749.77970123291,2506
23750.776529312134,2458
23751.774072647095,2486
23752.771854400635,2474
23753.768920898438,2490
23754.76598739624,2516
23755.76400756836,2502
23756.75940513611,2490
23757.756233215332,2478
23758.753776550293,2486
23759.751081466675,2482
23760.748147964478,2490
23761.74545288086,2502
23762.74299621582,2498
23763.740301132202,2480
23764.737606048584,2476
23765.735149383545,2502
23766.732215881348,2504
23767.72975921631,2522
23768.72730255127,2514
23769.724369049072,2472
23770.721673965454,2500
23771.718740463257,2494
23772.716760635376,2526
23773.71382713318,2538
23774.71089363098,2498
23775.708198547363,2522
23776.705503463745,2510
23777.703046798706,2502
23778.70011329651,2506
23779.69789505005,2524
23780.69496154785,2522
23781.692266464233,2526
23782.689332962036,2518
23783.687114715576,2518
23784.68418121338,2520
23785.68148612976,2518
23786.67902946472,2520
23787.676334381104,2506
23788.673400878906,2508
23789.671182632446,2486
23790.66824913025,2510
23791.66555404663,2522
23792.662858963013,2526
23793.660402297974,2548
23794.657468795776,2638
23795.65477371216,2500
23796.6525554657,2526
23797.6496219635,2526
23798.649549484253,2526
23799.646854400635,2486
23800.6432056427,2494
23801.64074897766,2528
23802.638053894043,2502
23803.635358810425,2486
23804.632663726807,2482
23805.62996864319,2484
23806.62751197815,2482
23807.62481689453,2486
23808.621883392334,2482
23809.619665145874,2480
23810.616731643677,2474
23811.614274978638,2460
23812.610149383545,2504
23813.637018203735,2480
23814.606189727783,2506
23815.630674362183,2490
23816.628217697144,2500
23817.625761032104,2482
23818.623065948486,2504
23819.620847702026,2510
23820.61791419983,2534
23821.61521911621,2518
23822.612047195435,2538
23823.61340522766,2546
23824.607610702515,2546
23825.607776641846,2518
23826.602697372437,2572
23827.598810195923,2532
23828.598976135254,2538
23829.593896865845,2518
23830.591201782227,2508
23831.588745117188,2512
23832.58557319641,2502
23833.583116531372,2518
23834.580183029175,2484
23835.578680038452,2476
23836.575984954834,2478
23837.57209777832,2466
23838.569402694702,2458
23839.575052261353,2474
23840.564012527466,2486
23841.562509536743,2482
23842.559576034546,2478
23843.55616569519,2490
23844.55370903015,2486
23845.523357391357,2522
23846.548080444336,2516
23847.51796722412,2484
23848.543643951416,2490
23849.512338638306,2494
23850.53825378418,2518
23851.536512374878,2522
23852.532148361206,2542
23853.53660583496,2552
23854.527711868286,2550
23855.52430152893,2542
23856.521606445312,2552
23857.51986503601,2550
23858.51788520813,2554
23859.51519012451,2552
23860.512018203735,2534
23861.509084701538,2550
23862.505435943604,2574
23863.503456115723,2542
23864.500284194946,2542
23865.497827529907,2548
23866.49513244629,2510
23867.49839782715,2510
23868.494272232056,2506
23869.487285614014,2490
23870.485067367554,2486
23871.481895446777,2514
23872.451305389404,2512
23873.47650527954,2540
23874.473571777344,2524
23875.470399856567,2544
23876.452684402466,2518
23877.46572494507,2514
23878.46326828003,2506
23879.43387031555,2512
23880.46431541443,2514
23881.454944610596,2504
23882.452726364136,2524
23884.41801071167,2548
23884.41801071167,2538
23885.415077209473,2536
23886.412382125854,2506
23887.409448623657,2542
23888.406991958618,2550
23889.404296875,2546
23890.401601791382,2516
23891.398906707764,2510
23892.396450042725,2570
23893.393516540527,2576
23894.39082145691,2604
23895.38836479187,2540
23897.395849227905,2526
23897.395849227905,2546
23899.377584457397,2482
23899.377584457397,2512
23900.37488937378,2498
23901.37243270874,2490
23902.369499206543,2482
23904.364109039307,2478
23905.361652374268,2488
23906.371116638184,2482
23907.35650062561,2478
23908.353805541992,2456
23909.351348876953,2446
23910.348653793335,2458
23911.345958709717,2486
23912.3432636261,2506
23913.3403301239,2506
23914.341926574707,2510
23915.335178375244,2520
23916.332483291626,2510
23917.329788208008,2518
23918.32685470581,2534
23919.32439804077,2550
23920.321702957153,2526
23921.319007873535,2512
23922.316074371338,2524
23923.313856124878,2542
23924.31092262268,2528
23925.308227539062,2548
23926.305532455444,2512
23927.302837371826,2502
23928.300142288208,2488
23929.29744720459,2508
23930.29499053955,2474
23931.292295455933,2482
23932.289361953735,2486
23933.286905288696,2510
23934.284210205078,2478
23935.28151512146,2462
23936.27905845642,2470
23937.276363372803,2450
23938.273668289185,2422
23939.270973205566,2420
23940.29951095581,2458
23941.296577453613,2446
23943.76516342163,2462
23943.76516342163,2502
23944.286584854126,2534
23944.81921195984,2546
23945.847511291504,2550
23946.818828582764,2570
23947.819232940674,2524
23948.816537857056,2558
23949.814319610596,2544
23950.81114768982,2526
23951.80869102478,2536
23952.805757522583,2528
23953.803300857544,2534
23954.80990409851,2526
23955.796718597412,2534
23956.79545402527,2534
23957.792043685913,2484
23958.789587020874,2478
23959.786891937256,2488
23960.784435272217,2446
23961.78150177002,2472
23962.778568267822,2488
23963.775873184204,2510
23964.773178100586,2526
23965.770721435547,2528
23966.76778793335,2538
23967.76533126831,2550
23968.790769577026,2542
23969.759702682495,2520
23970.757007598877,2508
23971.755743026733,2502
23972.7520942688,2520
23973.74963760376,2544
23974.746704101562,2538
23975.744009017944,2526
23976.741552352905,2502
23977.739095687866,2524
23978.76477241516,2514
23979.76589202881,2506
23980.788707733154,2482
23981.75621032715,2482
23982.75351524353,2502
23983.750820159912,2522
23984.748125076294,2518
23985.7177734375,2506
23986.746549606323,2506
23987.740516662598,2498
23988.738298416138,2498
23989.73512649536,2494
23990.732431411743,2512
23991.73092842102,2518
23992.73133277893,2526
23993.72434616089,2514
23994.72141265869,2502
23995.71943283081,2480
23996.716499328613,2490
23997.721195220947,2478
23998.711109161377,2480
23999.708652496338,2502
24000.70548057556,2478
24001.709699630737,2502
24002.699851989746,2512
24003.698110580444,2524
24004.695177078247,2514
24005.67865371704,2522
24006.69002532959,2498
24007.686853408813,2504
24008.683919906616,2486
24009.681463241577,2502
24010.679006576538,2502
24011.676788330078,2510
24012.64452934265,2510
24013.641595840454,2514
24014.638662338257,2520
24015.636205673218,2526
24016.6335105896,2538
24017.630577087402,2542
24018.628358840942,2498
24019.625663757324,2488
24020.622730255127,2482
24021.62003517151,2490
24022.61757850647,2526
24023.614645004272,2542
24024.612188339233,2538
24025.609254837036,2520
24026.606798171997,2522
24027.60410308838,2550
24028.60140800476,2526
24029.598712921143,2530
24030.596256256104,2510
24031.593561172485,2508
24032.590866088867,2504
24033.58817100525,2526
24034.58523750305,2574
24035.582542419434,2548
24036.580324172974,2542
24037.577390670776,2574
24038.57469558716,2522
24039.57223892212,2538
24040.5695438385,2538
24041.566610336304,2514
24042.563915252686,2502
24043.561697006226,2518
24044.55876350403,2504
24045.55606842041,2536
24046.55361175537,2518
24047.551155090332,2510
24048.548221588135,2510
24049.545526504517,2506
24050.5428314209,2490
24051.54013633728,2502
24052.537202835083,2518
24053.534507751465,2510
24054.532289505005,2514
24055.529356002808,2470
24056.52666091919,2490
24057.52420425415,2494
24058.521509170532,2514
24059.518814086914,2502
24060.516357421875,2524
24061.513662338257,2474
24062.51072883606,2488
24063.50827217102,2490
24064.505338668823,2512
24065.502643585205,2514
24066.499948501587,2512
24067.505836486816,2490
24068.523406982422,2482
24069.52214241028,2446
24070.517778396606,2502
24071.516513824463,2504
24072.486639022827,2502
24073.482751846313,2494
24074.507474899292,2462
24075.504541397095,2482
24076.502323150635,2490
24077.49915122986,2502
24078.49621772766,2494
24079.49471473694,2470
24080.490589141846,2458
24081.489324569702,2462
24082.485914230347,2470
24083.483457565308,2510
24084.480047225952,2538
24085.47878265381,2506
24086.475133895874,2502
24087.47363090515,2502
24088.473081588745,2514
24089.441537857056,2538
24090.465545654297,2538
24091.464519500732,2494
24093.42908859253,2510
24093.42908859253,2518
24094.427585601807,2518
24095.42465209961,2534
24097.419500350952,2524
24097.419500350952,2538
24098.416566848755,2522
24099.414110183716,2482
24100.41093826294,2546
24101.4084815979,2542
24102.405548095703,2508
24103.403091430664,2512
24104.400634765625,2504
24105.397939682007,2502
24106.39500617981,2506
24107.39231109619,2500
24109.38811302185,2502
24109.38811302185,2490
24110.384464263916,2490
24111.382007598877,2478
24112.37907409668,2474
24113.37637901306,2478
24114.3741607666,2482
24115.371227264404,2494
24116.368293762207,2474
24118.36314201355,2490
24119.36044692993,2502
24120.357751846313,2512
24121.355056762695,2506
24122.353553771973,2534
24123.34966659546,2506
24124.34720993042,2534
24125.372171401978,2554
24126.368522644043,2556
24127.365589141846,2578
24128.364324569702,2586
24129.36019897461,2582
24130.36322593689,2574
24131.35600090027,2518
24132.35378265381,2546
24133.350133895874,2552
24134.34886932373,2514
24135.34426689148,2542
24136.343002319336,2514
24137.340545654297,2510
24138.336658477783,2506
24139.312982559204,2502
24140.303373336792,2490
24141.312837600708,2478
24142.29726791382,2502
24143.2945728302,2502
24144.291877746582,2488
24145.289421081543,2502
24146.286725997925,2522
24147.284030914307,2514
24148.281574249268,2506
24149.27864074707,2518
24150.275945663452,2494
24151.273727416992,2490
24152.270793914795,2510
24153.268098831177,2506
24154.26516532898,2502
24155.264854431152,2490
24156.262159347534,2494
24157.258987426758,2510
24158.25653076172,2506
24159.25359725952,2504
24160.25161743164,2488
24161.248445510864,2484
24162.245750427246,2500
24163.24496269226,2490
24164.240837097168,2482
24165.23790359497,2476
24166.234970092773,2492
24167.232513427734,2506
24168.229579925537,2506
24169.227361679077,2518
24170.252561569214,2518
24171.241998672485,2486
24172.219038009644,2486
24173.216104507446,2492
24174.213886260986,2490
24175.211191177368,2500
24176.20849609375,2494
24177.205562591553,2518
24178.202867507935,2520
24179.200410842896,2522
24180.1974773407,2526
24181.195974349976,2534
24182.19304084778,2526
24183.19010734558,2542
24184.186935424805,2506
24185.184478759766,2518
24186.182022094727,2538
24187.17908859253,2548
24188.17639350891,2546
24189.173698425293,2526
24190.171480178833,2538
24191.168069839478,2516
24192.165851593018,2506
24193.1631565094,2526
24194.16046142578,2542
24195.157766342163,2544
24196.155071258545,2552
24197.152376174927,2518
24198.14944267273,2522
24199.14722442627,2544
24200.14476776123,2558
24201.140642166138,2558
24202.139616012573,2530
24203.136444091797,2538
24204.133987426758,2522
24205.13105392456,2518
24206.128358840942,2518
24207.125663757324,2526
24208.122968673706,2522
24209.120273590088,2514
24210.11757850647,2510
24211.11512184143,2514
24212.112188339233,2518
24213.109970092773,2522
24214.107036590576,2510
24215.104341506958,2474
24216.10188484192,2482
24217.09942817688,2490
24218.096256256104,2510
24219.093561172485,2510
24220.091342926025,2502
24221.08817100525,2490
24222.08571434021,2518
24223.08301925659,2522
24224.080562591553,2512
24225.077629089355,2516
24226.074934005737,2526
24227.0724773407,2502
24228.06978225708,2494
24229.067087173462,2506
24230.064392089844,2514
24231.061697006226,2506
24232.059478759766,2518
24233.05630683899,2520
24234.05361175537,2510
24235.051155090332,2522
24236.048221588135,2546
24237.045764923096,2514
24238.043069839478,2544
24239.041090011597,2518
24240.03839492798,2516
24241.034984588623,2484
24242.032289505005,2530
24243.029594421387,2522
24244.027137756348,2526
24245.02420425415,2508
24246.021509170532,2482
24247.02000617981,2482
24248.01754951477,2542
24249.014377593994,2556
24250.011920928955,2556
24251.009464263916,2542
24252.00605392456,2526
24253.003358840942,2512
24254.000902175903,2538
24254.998207092285,2558
24255.99503517151,2518
24256.99234008789,2542
24257.989645004272,2526
24258.987188339233,2526
24259.984254837036,2504
24260.981559753418,2550
24261.987447738647,2534
24262.97688484192,2508
24263.97395133972,2504
24264.97173309326,2470
24265.969038009644,2450
24266.966342926025,2480
24267.963647842407,2482
24268.959045410156,2458
24269.956350326538,2450
24270.95341682434,2462
24271.950721740723,2470
24272.948026657104,2502
24273.945569992065,2510
24274.942636489868,2478
24275.94017982483,2450
24276.93748474121,2460
24277.934789657593,2486
24278.932094573975,2502
24279.929161071777,2502
24280.92670440674,2486
24281.92400932312,2508
24282.921314239502,2518
24283.918857574463,2550
24284.915924072266,2570
24285.913467407227,2590
24286.91053390503,2598
24287.90807723999,2582
24288.905382156372,2578
24289.902687072754,2638
24290.900468826294,2602
24291.897535324097,2598
24292.8946018219,2606
24293.89214515686,2552
24294.889450073242,2550
24295.886754989624,2520
24296.884059906006,2536
24297.881603240967,2518
24298.87866973877,2502
24299.87597465515,2422
24300.873279571533,2482
24301.870822906494,2486
24302.868127822876,2518
24303.86519432068,2510
24304.86273765564,2516
24305.86004257202,2490
24306.857347488403,2492
24307.854652404785,2490
24308.852195739746,2494
24309.84926223755,2502
24310.84656715393,2504
24311.84411048889,2472
24312.841415405273,2484
24313.838720321655,2478
24314.835786819458,2502
24315.83333015442,2518
24316.8306350708,2514
24317.827939987183,2536
24318.825483322144,2546
24319.822788238525,2570
24320.820093154907,2558
24321.81715965271,2578
24322.81470298767,2582
24323.812007904053,2544
24324.811697006226,2522
24325.80852508545,2526
24326.80583000183,2518
24327.803134918213,2490
24328.800201416016,2506
24329.798221588135,2478
24330.797910690308,2478
24331.79259300232,2472
24332.789659500122,2482
24333.786964416504,2484
24334.784507751465,2490
24335.781812667847,2482
24336.77911758423,2490
24337.77642250061,2474
24338.773727416992,2460
24339.771032333374,2470
24340.76714515686,2450
24341.766119003296,2470
24342.7631855011,2488
24343.76049041748,2482
24344.757556915283,2482
24345.755100250244,2494
24346.752405166626,2482
24347.74947166443,2494
24348.74725341797,2498
24349.74431991577,2526
24350.741624832153,2540
24351.738929748535,2586
24352.736473083496,2550
24353.734016418457,2546
24354.73084449768,2558
24355.7288646698,2538
24356.72664642334,2546
24357.753038406372,2550
24358.749866485596,2544
24359.75193977356,2542
24360.743522644043,2522
24361.74178123474,2550
24362.738370895386,2536
24363.735675811768,2538
24364.733695983887,2544
24365.73815345764,2558
24366.72806739807,2546
24367.727756500244,2574
24368.72124671936,2570
24369.7190284729,2578
24370.68819999695,2558
24371.713638305664,2554
24372.710704803467,2546
24373.708724975586,2506
24374.706983566284,2526
24375.702381134033,2526
24376.70612335205,2526
24377.702713012695,2518
24378.694534301758,2526
24379.69183921814,2494
24380.66554069519,2502
24381.693363189697,2486
24382.684230804443,2502
24383.682250976562,2514
24384.685754776,2512
24385.67614555359,2514
24386.672019958496,2502
24387.669801712036,2526
24388.667345046997,2522
24389.636278152466,2506
24390.661239624023,2500
24391.6597366333,2514
24392.656087875366,2512
24393.62645149231,2508
24394.651174545288,2530
24395.649433135986,2526
24396.617650985718,2524
24397.61471748352,2538
24398.611783981323,2526
24399.609327316284,2548
24400.606632232666,2550
24401.60369873047,2550
24402.601718902588,2550
24403.59878540039,2570
24404.596090316772,2554
24405.593395233154,2550
24406.590700149536,2536
24407.588005065918,2538
24408.58507156372,2514
24409.58285331726,2506
24410.580158233643,2512
24411.577224731445,2510
24412.574529647827,2480
24413.572072982788,2450
24414.56937789917,2458
24415.56668281555,2414
24416.564226150513,2478
24418.56074333191,2502
24418.56074333191,2536
24419.586658477783,2550
24420.612335205078,2578
24421.58007621765,2554
24422.549724578857,2776
24423.57850074768,2558
24424.5707988739,2578
24425.572872161865,2526
24426.566123962402,2510
24427.562952041626,2494
24428.560256958008,2494
24429.55780029297,2502
24430.52864074707,2502
24431.55264854431,2492
24432.552814483643,2506
24433.546543121338,2510
24434.545278549194,2478
24435.54186820984,2470
24436.538696289062,2478
24437.537908554077,2492
24438.533306121826,2470
24439.532041549683,2494
24440.53077697754,2494
24441.524744033813,2502
24442.52848625183,2482
24443.526029586792,2486
24444.523334503174,2492
24445.522785186768,2502
24446.51770591736,2506
24448.529720306396,2474
24448.529720306396,2474
24449.506521224976,2470
24450.501203536987,2486
24451.500177383423,2494
24452.497482299805,2486
24453.49431037903,2474
24454.499006271362,2476
24455.48915863037,2502
24456.486701965332,2478
24457.48496055603,2474
24458.481788635254,2474
24459.479570388794,2480
24460.476875305176,2478
24461.47322654724,2478
24462.470293045044,2494
24464.436292648315,2512
24464.436292648315,2474
24465.462684631348,2486
24466.46022796631,2474
24467.45729446411,2474
24468.461513519287,2492
24469.451904296875,2490
24470.423221588135,2474
24472.416400909424,2476
24472.416400909424,2482
24473.441123962402,2470
24474.4393825531,2446
24475.435733795166,2474
24476.433515548706,2466
24477.430820465088,2478
24479.433059692383,2490
24480.422496795654,2486
24480.422496795654,2486
24481.420516967773,2474
24482.417345046997,2512
24483.4144115448,2500
24484.41243171692,2520
24485.41021347046,2520
24486.406326293945,2518
24487.411499023438,2542
24489.370822906494,2518
24490.398406982422,2534
24490.398406982422,2510
24491.39428138733,2522
24492.390632629395,2534
24493.388652801514,2538
24495.38230895996,2540
24496.38032913208,2510
24497.36523628235,2510
24498.374223709106,2494
24499.372482299805,2482
24500.370502471924,2472
24501.36661529541,2512
24502.36487388611,2490
24503.361225128174,2502
24504.36019897461,2502
24505.35774230957,2506
24506.354331970215,2514
24507.3504447937,2534
24508.34894180298,2518
24509.346961975098,2518
24510.314226150513,2504
24511.313676834106,2514
24512.339115142822,2536
24513.336420059204,2522
24514.333486557007,2522
24515.329599380493,2542
24516.327619552612,2548
24517.324686050415,2578
24518.32127571106,2554
24519.28997039795,2550
24520.318269729614,2522
24521.31485939026,2526
24522.318840026855,2528
24523.308038711548,2510
24524.30534362793,2522
24525.30336380005,2486
24526.301860809326,2482
24527.297973632812,2486
24528.294563293457,2486
24529.292583465576,2484
24530.26056289673,2486
24531.258821487427,2484
24532.291412353516,2482
24533.281803131104,2474
24534.279584884644,2494
24535.276651382446,2502
24536.27347946167,2458
24537.270069122314,2470
24538.26880455017,2450
24539.265394210815,2482
24540.262699127197,2490
24541.260480880737,2486
24542.25778579712,2506
24543.254137039185,2486
24544.252157211304,2506
24545.248985290527,2494
24546.247243881226,2490
24547.24383354187,2494
24548.24137687683,2526
24549.23915863037,2522
24550.237894058228,2506
24551.233291625977,2486
24552.230834960938,2488
24553.22813987732,2486
24554.225206375122,2546
24555.222988128662,2544
24556.19239807129,2534
24557.217121124268,2518
24558.215379714966,2490
24559.212684631348,2490
24560.20975112915,2422
24561.20777130127,2470
24562.204837799072,2478
24563.202381134033,2486
24564.198970794678,2470
24565.19651412964,2470
24566.19381904602,2486
24567.190408706665,2482
24568.188905715942,2514
24569.185495376587,2490
24570.15562057495,2478
24571.18010520935,2474
24572.176218032837,2502
24573.173761367798,2522
24574.171543121338,2522
24575.168132781982,2514
24576.1661529541,2522
24577.162981033325,2526
24578.160047531128,2534
24579.15687561035,2546
24580.156326293945,2522
24581.152200698853,2522
24582.149744033813,2522
24583.1196308136,2514
24584.14387702942,2514
24585.14404296875,2518
24586.138248443604,2514
24587.135553359985,2526
24588.106870651245,2510
24589.104652404785,2510
24590.101718902588,2514
24591.09854698181,2510
24592.095851898193,2500
24593.092918395996,2504
24594.090700149536,2492
24595.088243484497,2538
24596.08554840088,2504
24597.08285331726,2506
24598.085641860962,2506
24599.077463150024,2506
24600.075483322144,2498
24601.072549819946,2506
24602.06961631775,2508
24603.06668281555,2536
24604.09188270569,2536
24605.089902877808,2518
24606.087923049927,2526
24607.084035873413,2554
24608.081817626953,2542
24609.079360961914,2552
24610.048055648804,2542
24611.07325553894,2530
24612.07151412964,2510
24613.068342208862,2526
24614.036321640015,2538
24615.062713623047,2534
24616.060256958008,2554
24617.05732345581,2558
24618.077754974365,2528
24619.052410125732,2546
24620.049476623535,2522
24621.046543121338,2570
24622.0440864563,2538
24623.04186820984,2546
24624.040842056274,2538
24625.036478042603,2550
24626.033544540405,2534
24627.037286758423,2534
24628.028869628906,2512
24629.02593612671,2512
24629.995822906494,2482
24631.020545959473,2474
24632.017374038696,2480
24633.0144405365,2502
24634.010553359985,2490
24635.007858276367,2502
24636.006116867065,2506
24637.003421783447,2490
24638.00001144409,2514
24639.017581939697,2512
24639.968872070312,2494
24640.99669456482,2512
24641.989946365356,2492
24642.98725128174,2482
24643.984079360962,2498
24644.986152648926,2512
24645.978689193726,2534
24646.976709365845,2534
24647.97329902649,2522
24648.97084236145,2514
24649.94192123413,2550
24650.965213775635,2526
24651.962995529175,2522
24652.960777282715,2488
24653.95712852478,2506
24654.954433441162,2506
24655.95245361328,2514
24656.949520111084,2514
24657.946825027466,2536
24658.94389152527,2550
24659.943103790283,2514
24660.939931869507,2514
24661.93652153015,2518
24662.936210632324,2534
24663.930892944336,2546
24664.90077972412,2532
24665.92574119568,2538
24666.92352294922,2526
24667.92058944702,2506
24668.917179107666,2520
24669.88706588745,2524
24670.91178894043,2554
24671.90909385681,2546
24672.90711402893,2534
24673.903942108154,2526
24674.901962280273,2506
24675.899028778076,2548
24676.896572113037,2520
24677.892923355103,2514
24678.8911819458,2486
24679.86011505127,2462
24680.857181549072,2462
24681.854724884033,2478
24682.851791381836,2428
24683.849096298218,2472
24684.8464012146,2498
24685.84370613098,2472
24686.841249465942,2486
24687.838554382324,2478
24688.836097717285,2512
24689.833402633667,2522
24690.83046913147,2504
24691.82801246643,2510
24692.825317382812,2514
24693.822622299194,2510
24694.819927215576,2582
24695.84608078003,2550
24696.843147277832,2546
24697.840452194214,2554
24698.837995529175,2544
24699.835777282715,2520
24700.804471969604,2526
24701.8301486969,2512
24702.827215194702,2486
24703.824281692505,2474
24704.82301712036,2470
24705.79218864441,2482
24706.816911697388,2506
24707.813024520874,2492
24708.812952041626,2514
24709.80930328369,2514
24710.779428482056,2514
24711.776733398438,2522
24712.77356147766,2518
24713.770627975464,2506
24714.767932891846,2574
24715.765476226807,2522
24716.76278114319,2526
24717.76056289673,2574
24718.75762939453,2584
24719.75541114807,2578
24720.752000808716,2582
24721.749544143677,2574
24722.747087478638,2550
24723.74415397644,2598
24724.741458892822,2538
24725.739002227783,2518
24726.736545562744,2538
24727.733612060547,2510
24728.73067855835,2536
24729.72822189331,2518
24730.72648048401,2536
24731.723308563232,2538
24732.746839523315,2536
24733.74366760254,2518
24734.7412109375,2518
24735.738515853882,2508
24736.736297607422,2512
24737.733602523804,2504
24738.730430603027,2498
24739.72773551941,2482
24740.726947784424,2476
24741.694688796997,2446
24742.6917552948,2510
24743.68906021118,2492
24744.686603546143,2494
24745.683670043945,2510
24746.680974960327,2502
24747.678518295288,2510
24748.67582321167,2494
24749.67312812805,2514
24750.670433044434,2514
24751.667976379395,2486
24752.665042877197,2518
24753.66258621216,2486
24754.65965270996,2460
24755.6574344635,2484
24756.656885147095,2486
24757.65371322632,2506
24758.65077972412,2486
24759.648323059082,2486
24760.645866394043,2480
24761.643171310425,2524
24762.640237808228,2518
24763.63754272461,2512
24764.634370803833,2492
24765.6307220459,2510
24766.6277885437,2518
24767.625093460083,2518
24768.622398376465,2524
24769.620180130005,2510
24770.617246627808,2488
24771.61478996277,2502
24772.61209487915,2506
24773.609161376953,2498
24774.606466293335,2522
24775.603771209717,2494
24776.601314544678,2506
24777.59861946106,2510
24778.59592437744,2526
24779.593467712402,2514
24780.591011047363,2550
24781.587839126587,2550
24782.58514404297,2550
24783.58244895935,2578
24784.579753875732,2554
24785.577058792114,2550
24786.574602127075,2554
24787.571907043457,2576
24788.56921195984,2552
24789.56651687622,2554
24790.563821792603,2548
24791.561126708984,2528
24792.558431625366,2546
24793.556213378906,2522
24794.55327987671,2534
24795.55058479309,2518
24796.547651290894,2510
24797.545194625854,2514
24798.542499542236,2538
24799.539804458618,2504
24800.53734779358,2544
24801.53465270996,2518
24804.144144058228,2518
24804.144144058228,2522
24804.526567459106,2522
24806.026697158813,2498
24806.52928352356,2510
24808.030366897583,2506
24809.02910232544,2506
24810.026168823242,2494
24811.023473739624,2514
24812.020778656006,2526
24813.018321990967,2506
24814.02635574341,2490
24815.01269340515,2502
24816.010236740112,2504
24817.007541656494,2502
24818.004846572876,2510
24819.03076171875,2520
24820.030212402344,2508
24821.024894714355,2494
24822.022199630737,2496
24823.01950454712,2522
24824.01728630066,2510
24825.014352798462,2518
24826.011657714844,2494
24827.009677886963,2478
24828.006267547607,2470
24829.00357246399,2462
24830.002307891846,2480
24830.998420715332,2472
24831.995487213135,2466
24832.993507385254,2486
24833.990335464478,2518
24834.96141433716,2510
24835.9854221344,2490
24836.982488632202,2494
24837.980270385742,2518
24838.978052139282,2522
24839.975595474243,2510
24840.97146987915,2518
24841.96925163269,2570
24842.96679496765,2554
24843.963623046875,2550
24844.961404800415,2546
24845.959901809692,2548
24846.95601463318,2526
24847.95308113098,2526
24848.950386047363,2522
24849.9493598938,2526
24850.944995880127,2534
24851.943254470825,2524
24852.93960571289,2518
24853.93714904785,2522
24854.934453964233,2498
24855.904579162598,2506
24856.902599334717,2482
24857.89918899536,2492
24858.8969707489,2514
24859.893321990967,2522
24860.891819000244,2512
24861.889123916626,2542
24862.88595199585,2554
24863.88349533081,2514
24864.88103866577,2516
24865.878105163574,2526
24866.875410079956,2514
24867.87247657776,2574
24868.8702583313,2550
24869.866847991943,2526
24870.86510658264,2522
24871.862649917603,2542
24872.859716415405,2538
24873.857021331787,2550
24874.85408782959,2506
24875.851154327393,2516
24876.848459243774,2504
24877.846002578735,2486
24878.843545913696,2510
24879.840850830078,2482
24880.839109420776,2520
24881.83569908142,2506
24882.833003997803,2490
24883.830308914185,2492
24884.828090667725,2508
24885.825157165527,2512
24886.82246208191,2486
24887.82000541687,2494
24888.817310333252,2492
24889.81556892395,2490
24890.812158584595,2502
24891.809463500977,2512
24892.80652999878,2518
24893.80383491516,2486
24894.801378250122,2506
24895.79749107361,2514
24896.796941757202,2530
24897.793769836426,2542
24898.79083633423,2526
24899.78837966919,2536
24900.785207748413,2542
24901.782989501953,2546
24902.780055999756,2502
24903.77712249756,2548
24904.77466583252,2554
24905.77220916748,2590
24906.776666641235,2546
24907.767057418823,2550
24908.76269340515,2554
24909.759759902954,2554
24910.757064819336,2554
24911.754608154297,2534
24912.75143623352,2542
24913.74921798706,2570
24914.746284484863,2502
24915.743589401245,2514
24916.741132736206,2506
24917.73819923401,2508
24918.73550415039,2490
24919.732809066772,2502
24920.730352401733,2514
24921.727657318115,2534
24922.724723815918,2542
24923.7220287323,2546
24924.71957206726,2538
24925.716876983643,2518
24926.714181900024,2510
24927.711725234985,2540
24928.708791732788,2530
24929.706573486328,2536
24930.70411682129,2508
24931.700944900513,2538
24932.698249816895,2586
24933.695316314697,2556
24934.693098068237,2574
24935.69016456604,2532
24936.687469482422,2528
24937.684774398804,2510
24938.682079315186,2502
24939.679622650146,2514
24940.67692756653,2518
24941.68496131897,2518
24942.67249107361,2514
24943.669319152832,2526
24944.666385650635,2518
24945.663690567017,2514
24946.66075706482,2538
24947.65830039978,2534
24948.655605316162,2510
24949.652910232544,2478
24950.650215148926,2482
24951.647758483887,2506
24952.64506340027,2534
24953.64212989807,2536
24954.639434814453,2522
24955.636978149414,2520
24956.634283065796,2526
24957.631587982178,2524
24958.62913131714,2522
24959.62643623352,2518
24960.623741149902,2506
24961.620807647705,2534
24962.618350982666,2540
24963.615655899048,2558
24964.61272239685,2532
24965.610027313232,2522
24966.607570648193,2518
24967.604637145996,2518
24968.602180480957,2512
24969.59948539734,2506
24970.59679031372,2478
24971.594095230103,2494
24972.591400146484,2462
24973.589181900024,2502
24974.586009979248,2486
24975.58355331421,2482
24976.58085823059,2488
24977.578163146973,2510
24978.575468063354,2520
24979.572772979736,2456
24980.570316314697,2482
24981.56762123108,2518
24982.564687728882,2518
24983.562231063843,2494
24984.559535980225,2506
24985.556840896606,2482
24986.55390739441,2522
24987.55145072937,2518
24988.54923248291,2542
24989.546060562134,2534
24990.543603897095,2546
24991.541147232056,2534
24992.53821372986,2566
24993.53528022766,2542
24994.532823562622,2542
24995.530128479004,2548
24996.527433395386,2538
24997.524976730347,2522
24998.52204322815,2514
24999.51958656311,2502
25000.516653060913,2506
25001.514196395874,2522
25002.511501312256,2534
25003.508806228638,2508
25004.50873374939,2506
25005.505323410034,2512
25006.502628326416,2506
25007.499933242798,2514
25008.4969997406,2502
25009.49478149414,2472
25010.49256324768,2482
25011.489629745483,2502
25012.486457824707,2510
25013.484001159668,2538
25014.48130607605,2514
25015.478372573853,2506
25016.475915908813,2494
25017.473220825195,2494
25018.470525741577,2502
25019.46759223938,2486
25020.4656124115,2510
25021.4626789093,2506
25022.459745407104,2514
25023.457527160645,2526
25024.454593658447,2520
25025.45189857483,2522
25026.448965072632,2522
25027.446508407593,2526
25028.443813323975,2508
25029.441118240356,2522
25030.439376831055,2522
25031.436443328857,2538
25032.43327140808,2522
25033.430337905884,2542
25034.427881240845,2526
25035.423755645752,2518
25036.421060562134,2534
25037.418127059937,2550
25038.41543197632,2534
25039.41297531128,2542
25040.41028022766,2510
25041.407585144043,2510
25042.404651641846,2526
25043.402194976807,2542
25044.39949989319,2514
25045.39680480957,2542
25047.404289245605,2534
25047.404289245605,2522
25048.388719558716,2526
25050.383806228638,2550
25050.383806228638,2542
25051.38087272644,2554
25052.378177642822,2546
25053.375482559204,2544
25054.372787475586,2544
25056.36739730835,2538
25056.36739730835,2558
25057.36470222473,2518
25059.359550476074,2490
25060.356855392456,2492
25061.354160308838,2472
25062.35146522522,2522
25063.34900856018,2542
25064.346313476562,2508
25065.343618392944,2504
25066.340923309326,2522
25067.338228225708,2502
25068.33553314209,2496
25069.33283805847,2512
25070.330381393433,2506
25071.327447891235,2490
25072.340965270996,2508
25073.322057724,2510
25074.31960105896,2490
25075.31690597534,2532
25076.314210891724,2518
25077.311277389526,2514
25078.308820724487,2510
25079.30612564087,2522
25080.30366897583,2518
25081.30121231079,2542
25082.298278808594,2540
25083.295583724976,2492
25084.29265022278,2520
25085.29019355774,2538
25086.28749847412,2538
25087.284564971924,2522
25088.282346725464,2498
25089.279413223267,2494
25090.276956558228,2486
25091.27402305603,2510
25092.27156639099,2510
25093.268632888794,2518
25094.265937805176,2522
25095.263719558716,2494
25096.26078605652,2490
25097.261428833008,2490
25098.28495979309,2506
25099.28870201111,2502
25100.28028488159,2514
25101.277828216553,2522
25102.281093597412,2514
25103.27172279358,2662
25104.26902770996,2510
25105.266094207764,2514
25106.26482963562,2518
25107.260942459106,2518
25108.258485794067,2494
25109.25579071045,2502
25110.252618789673,2518
25111.25087738037,2526
25112.22004890442,2574
25113.21711540222,2512
25114.214658737183,2542
25115.211725234985,2514
25116.209030151367,2542
25117.20633506775,2538
25118.20363998413,2534
25119.20118331909,2574
25120.198726654053,2518
25121.195793151855,2534
25122.193098068237,2584
25123.1906414032,2552
25124.18794631958,2550
25125.185251235962,2538
25126.182556152344,2554
25127.179622650146,2526
25128.196239471436,2552
25129.173040390015,2538
25130.170345306396,2542
25131.16765022278,2578
25132.16471672058,2522
25133.162021636963,2526
25134.159564971924,2520
25135.156631469727,2522
25136.154174804688,2518
25137.15147972107,2536
25138.14878463745,2538
25139.146089553833,2538
25140.143632888794,2536
25141.140937805176,2534
25142.13800430298,2540
25143.13530921936,2534
25144.1330909729,2526
25145.130157470703,2514
25146.127462387085,2538
25147.125005722046,2542
25148.125648498535,2534
25149.11937713623,2514
25150.11692047119,2518
25151.114225387573,2522
25152.111530303955,2494
25153.108835220337,2534
25154.10590171814,2518
25155.1034450531,2508
25156.100749969482,2520
25157.098054885864,2522
25158.095359802246,2502
25159.09504890442,2476
25160.09211540222,2502
25161.089181900024,2512
25162.086725234985,2500
25163.084030151367,2504
25164.08133506775,2462
25165.077209472656,2458
25166.07427597046,2510
25167.07134246826,2514
25168.068647384644,2494
25169.066190719604,2502
25170.063734054565,2494
25171.061038970947,2486
25172.070503234863,2486
25173.055410385132,2550
25174.053192138672,2518
25175.050020217896,2520
25176.047563552856,2524
25177.04486846924,2522
25178.04193496704,2522
25179.039478302002,2524
25180.036783218384,2534
25181.034088134766,2542
25182.035446166992,2518
25183.02893638611,2486
25184.02624130249,2468
25185.023307800293,2486
25186.020851135254,2534
25187.018156051636,2506
25188.015460968018,2478
25189.014673233032,2462
25190.01054763794,2498
25191.007375717163,2510
25192.004680633545,2518
25193.002223968506,2506
25193.999528884888,2478
25194.99659538269,2450
25195.99437713623,2472
25196.991443634033,2470
25197.988748550415,2506
25198.986053466797,2514
25199.983596801758,2510
25200.98090171814,2482
25201.977968215942,2534
25202.975273132324,2518
25203.972816467285,2514
25204.970121383667,2510
25205.971002578735,2502
25206.966400146484,2482
25207.963943481445,2494
25208.961248397827,2508
25209.95855331421,2540
25210.95585823059,2538
25211.953163146973,2518
25212.950468063354,2516
25213.947772979736,2510
25214.945077896118,2574
25215.94262123108,2508
25216.939687728882,2516
25217.936992645264,2518
25218.934535980225,2510
25219.932079315186,2506
25220.929384231567,2526
25221.92645072937,2526
25222.923755645752,2526
25223.921298980713,2546
25224.918365478516,2534
25225.915908813477,2506
25226.91297531128,2522
25227.91028022766,2546
25228.907823562622,2550
25229.905366897583,2536
25230.9091091156,2524
25231.899976730347,2510
25232.89680480957,2522
25233.89458656311,2542
25234.891653060913,2550
25235.889673233032,2526
25236.886501312256,2550
25237.883806228638,2538
25238.88111114502,2546
25239.87889289856,2510
25240.875959396362,2518
25241.873025894165,2522
25242.870330810547,2506
25243.867874145508,2512
25244.86494064331,2490
25245.862245559692,2490
25246.859788894653,2524
25247.857093811035,2522
25248.854637145996,2540
25249.8517036438,2512
25250.87594985962,2504
25251.874446868896,2506
25252.869844436646,2498
25253.86929512024,2514
25254.865169525146,2502
25255.836248397827,2502
25256.85954093933,2502
25257.856845855713,2504
25258.854150772095,2518
25259.852170944214,2522
25260.85066795349,2514
25261.847496032715,2518
25262.8436088562,2518
25263.840913772583,2510
25264.838457107544,2508
25265.809059143066,2488
25266.80612564087,2482
25267.804384231567,2482
25268.80145072937,2470
25269.79899406433,2460
25270.795822143555,2490
25271.793127059937,2494
25272.79043197632,2488
25273.78797531128,2490
25274.785041809082,2494
25275.782346725464,2506
25276.779651641846,2502
25277.776956558228,2534
25278.77449989319,2538
25279.77204322815,2546
25280.768871307373,2554
25281.76498413086,2554
25282.762050628662,2574
25283.759355545044,2582
25284.756660461426,2586
25285.753965377808,2594
25286.751747131348,2550
25287.74881362915,2542
25288.746118545532,2546
25289.743423461914,2570
25290.740966796875,2534
25291.738033294678,2554
25292.735815048218,2540
25293.73288154602,2524
25294.730186462402,2514
25295.727491378784,2534
25296.724557876587,2542
25297.722578048706,2526
25298.71940612793,2518
25299.71671104431,2494
25300.714254379272,2504
25301.711320877075,2510
25302.708625793457,2542
25303.70593070984,2518
25304.7034740448,2452
25305.70101737976,2502
25306.711673736572,2490
25307.695627212524,2506
25308.692932128906,2526
25309.70001220703,2506
25310.68730354309,2506
25311.68508529663,2480
25312.682151794434,2446
25313.679456710815,2500
25314.677000045776,2502
25315.67430496216,2472
25316.67137145996,2474
25317.668676376343,2470
25318.666219711304,2502
25319.663524627686,2474
25320.660829544067,2506
25321.65789604187,2502
25322.65543937683,2490
25323.652744293213,2426
25324.650049209595,2494
25325.647354125977,2506
25326.64465904236,2510
25327.64196395874,2526
25328.639268875122,2518
25329.637050628662,2522
25330.64079284668,2522
25331.631183624268,2550
25332.62872695923,2550
25333.62603187561,2540
25334.623336791992,2534
25335.620880126953,2526
25336.618185043335,2526
25337.615489959717,2516
25338.6127948761,2518
25339.61033821106,2512
25340.607404708862,2510
25341.604709625244,2514
25342.602252960205,2514
25343.599557876587,2500
25344.59662437439,2490
25345.59392929077,2534
25346.591472625732,2534
25347.588777542114,2546
25348.586082458496,2538
25349.583625793457,2574
25350.58069229126,2582
25351.57799720764,2606
25352.575302124023,2580
25353.572845458984,2578
25354.570150375366,2582
25355.567455291748,2582
25356.56452178955,2560
25357.56206512451,2574
25358.559370040894,2546
25359.586477279663,2548
25360.58282852173,2542
25361.584186553955,2546
25362.577199935913,2516
25363.57808113098,2524
25364.5441532135,2526
25365.569829940796,2520
25366.567134857178,2512
25367.56443977356,2488
25368.561267852783,2488
25369.558334350586,2526
25370.529413223267,2502
25371.55318260193,2514
25372.523307800293,2510
25373.54803085327,2492
25374.545335769653,2498
25375.542402267456,2510
25376.540899276733,2490
25377.537488937378,2490
25378.53455543518,2512
25379.533052444458,2514
25380.529403686523,2498
25381.527185440063,2510
25382.523775100708,2536
25383.52131843567,2542
25384.51862335205,2542
25385.515928268433,2546
25386.512994766235,2542
25387.511014938354,2544
25388.507843017578,2520
25389.506816864014,2522
25390.50245285034,2520
25391.502857208252,2534
25392.497539520264,2534
25393.494606018066,2518
25394.49191093445,2498
25395.493030548096,2520
25397.456645965576,2506
25397.456645965576,2514
25398.481607437134,2512
25399.479150772095,2512
25400.47550201416,2526
25401.4732837677,2514
25402.47106552124,2526
25403.467655181885,2504
25405.434370040894,2522
25406.437158584595,2518
25406.437158584595,2518
25408.44178199768,2518
25408.44178199768,2526
25409.42358970642,2500
25410.420894622803,2498
25411.418199539185,2486
25412.415504455566,2508
25413.41280937195,2532
25414.41011428833,2490
25415.407180786133,2482
25416.404724121094,2478
25417.402029037476,2468
25418.399333953857,2478
25420.3941822052,2482
25420.3941822052,2506
25422.388792037964,2506
25422.388792037964,2490
25423.386335372925,2508
25424.383401870728,2514
25425.38070678711,2514
25427.375555038452,2526
25427.375555038452,2518
25428.372621536255,2512
25429.369926452637,2506
25431.36477470398,2514
25432.361841201782,2526
25433.359146118164,2538
25434.356689453125,2550
25435.353994369507,2524
25436.37990951538,2546
25437.37745285034,2522
25438.37547302246,2550
25439.371585845947,2526
25440.370559692383,2522
25441.36619567871,2512
25443.12024116516,2506
25443.360567092896,2504
25444.358110427856,2538
25444.358110427856,2526
25445.494651794434,2526
25446.521043777466,2514
25447.59511947632,2512
25448.59290122986,2514
25449.59020614624,2512
25451.217651367188,2514
25452.2442817688,2490
25453.243017196655,2514
25454.23936843872,2534
25455.23762702942,2540
25456.233739852905,2526
25457.231044769287,2546
25458.22834968567,2534
25459.227561950684,2544
25460.22367477417,2526
25461.220502853394,2540
25462.218284606934,2526
25463.214635849,2498
25464.1854763031,2522
25465.210676193237,2522
25466.2082195282,2518
25467.19264984131,2520
25468.20330619812,2534
25469.200611114502,2572
25470.171213150024,2542
25471.20189666748,2518
25472.193479537964,2522
25473.18983078003,2534
25474.186897277832,2534
25475.184202194214,2586
25476.182460784912,2554
25477.193593978882,2542
25478.177785873413,2538
25479.1738986969,2526
25480.170965194702,2514
25481.16898536682,2546
25482.165098190308,2536
25483.162879943848,2548
25484.160661697388,2512
25485.130548477173,2534
25486.127614974976,2518
25487.124919891357,2502
25488.12198638916,2538
25489.119052886963,2506
25490.117073059082,2490
25491.113901138306,2500
25492.111682891846,2498
25493.10874938965,2534
25494.10581588745,2524
25495.103120803833,2522
25496.100425720215,2514
25497.097969055176,2494
25498.122692108154,2518
25499.12667274475,2506
25500.117540359497,2506
25501.11484527588,2480
25502.11238861084,2458
25503.10969352722,2460
25504.10771369934,2474
25505.1052570343,2474
25506.101608276367,2484
25507.099151611328,2486
25508.09669494629,2488
25509.09376144409,2480
25510.064363479614,2502
25511.088609695435,2518
25512.08543777466,2514
25513.100624084473,2518
25514.053106307983,2526
25515.07806777954,2522
25516.075134277344,2546
25517.073154449463,2554
25518.070936203003,2542
25519.068241119385,2542
25520.03812789917,2546
25521.061182022095,2550
25522.058963775635,2526
25523.085355758667,2534
25524.054527282715,2506
25525.05111694336,2518
25526.04842185974,2518
25527.045726776123,2522
25528.047800064087,2514
25529.05583381653,2534
25530.044317245483,2516
25531.036138534546,2526
25532.044172286987,2514
25533.029794692993,2514
25534.026861190796,2482
25535.0239276886,2502
25536.021947860718,2514
25537.025690078735,2522
25538.04326057434,2522
25538.984537124634,2522
25540.010929107666,2506
25541.008472442627,2504
25542.046785354614,2538
25543.00308227539,2536
25544.00062561035,2522
25544.997215270996,2554
25545.995473861694,2542
25546.993017196655,2536
25547.98984527588,2526
25548.95806312561,2526
25549.955129623413,2538
25550.952434539795,2534
25551.949501037598,2518
25552.94680595398,2540
25553.94411087036,2534
25554.941654205322,2542
25555.938720703125,2522
25556.936264038086,2522
25557.933568954468,2538
25558.93087387085,2514
25559.92841720581,2518
25560.925483703613,2550
25561.923027038574,2534
25562.920331954956,2522
25563.917636871338,2524
25564.91494178772,2506
25565.9122467041,2534
25566.909551620483,2522
25567.906856536865,2534
25568.904399871826,2546
25569.90146636963,2522
25570.89877128601,2518
25571.89631462097,2514
25572.893619537354,2526
25573.890924453735,2538
25574.888229370117,2518
25575.8855342865,2522
25576.88283920288,2520
25577.880144119263,2522
25578.877687454224,2534
25579.874992370605,2512
25580.872297286987,2514
25581.86936378479,2524
25582.86690711975,2518
25583.864212036133,2518
25584.861516952515,2494
25585.859060287476,2514
25586.85612678528,2518
25587.85343170166,2538
25588.850736618042,2534
25589.848279953003,2518
25590.846061706543,2518
25591.842889785767,2534
25592.840433120728,2522
25593.83773803711,2520
25594.834804534912,2510
25595.832109451294,2508
25596.829652786255,2518
25597.826957702637,2544
25598.82426261902,2544
25599.82180595398,2514
25600.818872451782,2522
25601.818799972534,2514
25602.843523025513,2502
25603.841066360474,2522
25604.839086532593,2534
25605.835914611816,2518
25606.833934783936,2520
25607.83052444458,2510
25608.827590942383,2526
25609.79676246643,2488
25610.792875289917,2542
25611.81879043579,2554
25612.81657218933,2526
25613.815307617188,2524
25614.810943603516,2470
25615.808725357056,2510
25616.806268692017,2534
25617.80333518982,2526
25618.8063621521,2522
25619.800806045532,2492
25620.795488357544,2506
25621.792316436768,2494
25622.79438972473,2514
25623.78716468811,2512
25624.784469604492,2506
25625.782012939453,2508
25626.779079437256,2502
25627.77590751648,2512
25628.7739276886,2524
25629.77147102356,2522
25630.740642547607,2534
25631.765842437744,2538
25632.763147354126,2582
25633.760452270508,2510
25634.75775718689,2550
25635.754823684692,2546
25636.75093650818,2552
25637.74824142456,2538
25638.74626159668,2542
25639.74404335022,2582
25640.745162963867,2538
25641.738414764404,2544
25642.735242843628,2546
25643.73278617859,2538
25644.73009109497,2534
25645.726919174194,2538
25646.724224090576,2542
25647.695064544678,2542
25648.71907234192,2554
25649.718523025513,2546
25650.713682174683,2512
25651.71456336975,2522
25652.707815170288,2514
25653.708457946777,2526
25654.70242500305,2540
25655.69758415222,2514
25656.70108795166,2526
25657.69624710083,2524
25658.69927406311,2534
25659.691095352173,2538
25660.688638687134,2542
25661.686897277832,2534
25662.683248519897,2518
25663.68055343628,2518
25664.677619934082,2510
25665.67587852478,2510
25666.672706604004,2526
25669.72064971924,2538
25669.72064971924,2512
25669.72064971924,2508
25670.755624771118,2510
25672.348260879517,2522
25672.88112640381,2540
25673.909664154053,2492
25674.907445907593,2508
25675.90379714966,2480
25676.87201499939,2474
25677.86931991577,2514
25678.866386413574,2506
25679.863691329956,2534
25680.860996246338,2526
25681.8585395813,2524
25682.8556060791,2542
25683.854579925537,2558
25684.880256652832,2548
25685.877799987793,2532
25686.875581741333,2536
25687.872648239136,2522
25688.8689994812,2526
25689.8672580719,2546
25690.864324569702,2558
25691.861629486084,2558
25692.859172821045,2582
25693.856239318848,2550
25694.85330581665,2558
25695.850610733032,2570
25696.847677230835,2558
25697.845697402954,2540
25698.842763900757,2522
25699.824571609497,2490
25700.83785057068,2512
25701.83539390564,2510
25702.83341407776,2504
25703.829050064087,2506
25704.827547073364,2514
25705.801010131836,2492
25706.822872161865,2506
25707.79323577881,2482
25708.816051483154,2486
25709.813833236694,2478
25710.810661315918,2458
25711.81344985962,2456
25712.804794311523,2470
25713.802099227905,2490
25714.800119400024,2506
25715.797185897827,2502
25716.801643371582,2492
25717.79227256775,2474
25718.79005432129,2490
25719.786643981934,2502
25720.783948898315,2510
25721.781492233276,2490
25722.77855873108,2486
25723.74725341797,2508
25724.777698516846,2486
25725.775003433228,2470
25726.768016815186,2502
25727.770805358887,2534
25728.76262664795,2522
25729.73108291626,2550
25730.729818344116,2534
25731.754541397095,2546
25732.75589942932,2494
25733.74915122986,2518
25734.7469329834,2484
25735.7439994812,2514
25736.74201965332,2490
25737.738370895386,2510
25738.735914230347,2518
25739.73512649536,2522
25740.73076248169,2542
25741.73593521118,2538
25742.725133895874,2514
25743.722200393677,2546
25744.720458984375,2534
25745.718717575073,2528
25746.71506881714,2522
25747.7126121521,2514
25748.709440231323,2508
25749.706745147705,2518
25750.704050064087,2542
25751.701593399048,2530
25752.698183059692,2554
25753.695726394653,2524
25754.693269729614,2552
25755.661487579346,2550
25756.688117980957,2534
25757.68518447876,2516
25758.682250976562,2504
25759.679555892944,2486
25760.677576065063,2482
25761.674880981445,2470
25762.671947479248,2490
25763.669729232788,2486
25764.66679573059,2486
25765.66791534424,2506
25766.66212081909,2514
25767.659187316895,2506
25768.65577697754,2514
25769.65308189392,2514
25770.65086364746,2538
25771.648168563843,2514
25772.61734008789,2526
25773.642539978027,2518
25774.63984489441,2542
25775.636911392212,2538
25776.633739471436,2538
25777.63342857361,2522
25778.6283493042,2538
25779.627323150635,2522
25780.627250671387,2534
25781.620979309082,2554
25782.618284225464,2546
25783.61487388611,2538
25784.61265563965,2532
25785.60972213745,2542
25786.606788635254,2542
25787.604331970215,2544
25788.601398468018,2554
25789.599657058716,2554
25790.596961975098,2582
25791.56756401062,2554
25792.564868927002,2570
25793.561697006226,2550
25794.559240341187,2554
25795.556783676147,2586
25796.55361175537,2554
25797.550678253174,2518
25798.547983169556,2526
25799.546003341675,2538
25800.5428314209,2558
25801.5398979187,2554
25802.537441253662,2542
25803.534746170044,2526
25804.53062057495,2486
25805.527925491333,2504
25806.524991989136,2514
25807.5590133667,2500
25808.549642562866,2472
25809.547185897827,2458
25810.51516532898,2474
25811.541080474854,2450
25812.540292739868,2478
25813.540935516357,2490
25814.533948898315,2476
25815.53053855896,2482
25816.52808189392,2486
25817.525148391724,2482
25818.522453308105,2474
25819.493055343628,2502
25820.51730155945,2486
25822.48544692993,2490
25822.48544692993,2502
25823.51016998291,2486
25824.506521224976,2506
25825.50358772278,2512
25826.50136947632,2508
25827.49843597412,2506
25828.495979309082,2502
25829.49423789978,2498
25830.490350723267,2510
25831.487894058228,2550
25832.48543739319,2522
25833.482027053833,2526
25834.479808807373,2538
25835.476875305176,2542
25837.44478225708,2550
25837.44478225708,2542
25838.441848754883,2554
25840.437412261963,2556
25841.432332992554,2536
25842.430114746094,2512
25842.430114746094,2542
25843.42932701111,2552
25844.4561958313,2558
25845.42226791382,2544
25847.418308258057,2546
25848.416328430176,2526
25849.41267967224,2534
25850.41117668152,2558
25851.408004760742,2554
25852.405071258545,2536
25853.402614593506,2542
25854.41517829895,2542
25855.39746284485,2546
25856.394052505493,2576
25857.391357421875,2538
25858.3881855011,2542
25859.38596725464,2518
25860.384225845337,2502
25861.38081550598,2502
25862.37859725952,2514
25863.376140594482,2546
25864.373207092285,2534
25865.370273590088,2516
25866.36710166931,2512
25867.36559867859,2522
25868.36290359497,2534
25869.359493255615,2538
25870.356798171997,2538
25871.354818344116,2538
25872.350454330444,2510
25873.358249664307,2520
25874.345779418945,2518
25875.344276428223,2542
25876.341342926025,2558
25877.338409423828,2558
25878.336191177368,2534
25879.332542419434,2506
25880.329608917236,2534
25881.32667541504,2542
25882.338047027588,2504
25883.321523666382,2512
25884.3252658844,2506
25885.315895080566,2506
25886.313438415527,2518
25887.31050491333,2510
25888.31400871277,2518
25889.304161071777,2498
25890.302896499634,2482
25891.299962997437,2478
25892.311334609985,2502
25893.2945728302,2502
25894.291400909424,2516
25895.288705825806,2518
25896.290063858032,2518
25897.284030914307,2512
25898.296356201172,2502
25899.288654327393,2534
25900.29001235962,2518
25901.273488998413,2540
25902.270317077637,2526
25903.268575668335,2536
25904.26516532898,2514
25905.261993408203,2494
25906.26049041748,2502
25907.256841659546,2544
25908.254384994507,2502
25909.25097465515,2510
25910.24947166443,2482
25911.246299743652,2482
25912.243843078613,2506
25913.241147994995,2546
25914.238691329956,2510
25915.23575782776,2534
25916.23330116272,2520
25917.230129241943,2542
25918.227672576904,2524
25919.225215911865,2538
25920.231342315674,2552
25921.220302581787,2542
25922.21736907959,2518
25923.21467399597,2514
25924.211502075195,2534
25925.209045410156,2526
25926.207065582275,2534
25927.223920822144,2570
25928.2009601593,2538
25929.19945716858,2542
25930.196285247803,2518
25931.193590164185,2538
25932.18994140625,2534
25933.187007904053,2582
25934.184312820435,2522
25935.181379318237,2490
25936.1789226532,2502
25937.17622756958,2516
25938.202381134033,2522
25939.172744750977,2518
25940.195322036743,2520
25941.194534301758,2518
25942.163944244385,2526
25943.16029548645,2528
25944.18692588806,2520
25945.15562057495,2510
25946.152925491333,2510
25947.150230407715,2518
25948.147535324097,2534
25949.14484024048,2534
25950.14190673828,2510
25951.138973236084,2510
25952.135801315308,2598
25953.13310623169,2526
25954.13064956665,2506
25955.127954483032,2512
25956.125259399414,2526
25957.122564315796,2506
25958.1196308136,2514
25959.144830703735,2506
25960.116147994995,2510
25961.141347885132,2516
25962.138175964355,2550
25963.13428878784,2534
25964.146852493286,2530
25965.129613876343,2518
25966.129064559937,2546
25967.124938964844,2570
25968.122243881226,2574
25969.11931037903,2542
25970.11709213257,2548
25971.086740493774,2540
25972.084283828735,2526
25973.08087348938,2538
25974.07817840576,2546
25975.074768066406,2532
25976.072072982788,2534
25977.099180221558,2522
25978.095769882202,2510
25979.092836380005,2506
25980.0922870636,2490
25981.091022491455,2518
25982.09857940674,2506
25983.08229446411,2494
25984.08555984497,2472
25985.079050064087,2486
25986.074924468994,2510
25987.075805664062,2512
25988.077640533447,2518
25989.039182662964,2526
25990.071773529053,2526
25991.032361984253,2550
25992.033004760742,2544
25993.027210235596,2546
25994.054555892944,2538
25995.03803253174,2522
25996.050119400024,2522
25997.01690673828,2550
25998.01468849182,2570
25999.011754989624,2582
26000.00834465027,2554
26001.009464263916,2550
26002.008199691772,2494
26003.00097465515,2558
26003.998041152954,2558
26004.995346069336,2538
26005.993366241455,2546
26006.99019432068,2536
26007.98749923706,2546
26008.98504257202,2538
26009.981870651245,2534
26010.979652404785,2546
26011.977195739746,2550
26012.97402381897,2534
26013.97657394409,2544
26014.968872070312,2542
26015.966415405273,2534
26016.963243484497,2526
26017.96054840088,2526
26018.958568572998,2514
26019.954919815063,2526
26020.95341682434,2510
26021.950721740723,2534
26022.947788238525,2514
26023.944854736328,2534
26024.94192123413,2504
26025.93994140625,2482
26026.936769485474,2458
26027.934312820435,2468
26028.931856155396,2480
26029.92844581604,2502
26030.92670440674,2500
26031.92377090454,2462
26032.920837402344,2492
26033.918380737305,2494
26034.915447235107,2478
26035.92801094055,2514
26036.91005706787,2518
26037.907361984253,2520
26038.904905319214,2524
26039.902448654175,2502
26040.899753570557,2514
26041.89705848694,2522
26042.893886566162,2546
26043.891668319702,2518
26044.888734817505,2510
26045.886039733887,2506
26046.88334465027,2500
26047.881364822388,2522
26048.87843132019,2542
26049.875497817993,2524
26050.873279571533,2518
26051.870346069336,2526
26052.86717414856,2544
26053.8649559021,2534
26054.862022399902,2534
26055.858612060547,2542
26056.857347488403,2510
26057.854175567627,2506
26058.851718902588,2508
26059.848308563232,2526
26060.84680557251,2558
26061.843633651733,2548
26062.840700149536,2522
26063.83776664734,2510
26064.835786819458,2536
26065.83285331726,2548
26066.8306350708,2538
26067.827463150024,2542
26068.825006484985,2542
26069.822788238525,2514
26070.81937789917,2546
26071.81715965271,2550
26072.81517982483,2526
26073.811531066895,2528
26074.808835983276,2538
26075.80614089966,2534
26076.80344581604,2510
26077.800750732422,2540
26078.798532485962,2522
26079.795360565186,2516
26080.792903900146,2526
26081.79020881653,2538
26082.78751373291,2502
26083.784341812134,2514
26084.781646728516,2534
26085.779428482056,2522
26086.77625656128,2518
26087.77379989624,2500
26088.7713432312,2502
26089.768171310425,2538
26090.766191482544,2534
26091.763496398926,2542
26092.76032447815,2522
26093.75786781311,2520
26094.754934310913,2514
26095.752954483032,2526
26096.749782562256,2518
26097.747564315796,2514
26098.7446308136,2510
26099.741220474243,2520
26100.73947906494,2520
26101.736783981323,2516
26102.733612060547,2506
26103.73091697693,2542
26104.72822189331,2518
26105.72648048401,2522
26106.723070144653,2514
26107.720613479614,2494
26108.717679977417,2510
26109.71450805664,2524
26110.713005065918,2510
26111.7103099823,2518
26112.707138061523,2494
26113.704442977905,2538
26114.702224731445,2546
26115.699291229248,2550
26116.69611930847,2550
26117.693662643433,2512
26118.69168281555,2510
26119.688034057617,2506
26120.686292648315,2510
26121.683597564697,2546
26122.6806640625,2544
26123.677968978882,2534
26124.675035476685,2526
26125.672340393066,2536
26126.66964530945,2550
26127.66718864441,2546
26128.66473197937,2550
26129.661321640015,2514
26130.659818649292,2502
26131.656885147095,2546
26132.65371322632,2544
26133.65125656128,2546
26134.64856147766,2530
26135.646104812622,2522
26136.642932891846,2522
26137.640714645386,2518
26138.638019561768,2506
26139.634609222412,2512
26140.63310623169,2542
26141.63041114807,2542
26142.627000808716,2518
26143.624544143677,2502
26144.622325897217,2506
26145.61939239502,2518
26146.616458892822,2518
26147.613525390625,2522
26148.611307144165,2514
26149.60813522339,2510
26150.606155395508,2524
26151.60369873047,2522
26152.600288391113,2522
26153.598070144653,2518
26154.594898223877,2522
26155.592679977417,2518
26156.5899848938,2526
26157.58728981018,2502
26158.61177444458,2482
26159.58309173584,2502
26160.606622695923,2516
26161.609411239624,2518
26162.601232528687,2514
26163.59853744507,2526
26164.59584236145,2522
26165.59338569641,2554
26166.59140586853,2540
26167.589902877808,2512
26168.58744621277,2502
26169.557571411133,2484
26170.583486557007,2506
26171.579122543335,2522
26172.584056854248,2478
26175.326824188232,2522
26175.326824188232,2526
26176.331758499146,2550
26177.361249923706,2582
26178.430795669556,2542
26179.4331073761,2554
26179.4331073761,2538
26181.426286697388,2526
26182.422876358032,2502
26183.420419692993,2504
26184.417724609375,2514
26185.415267944336,2524
26185.415267944336,2526
26187.419891357422,2534
26188.40765953064,2514
26189.40496444702,2526
26190.402507781982,2518
26191.399097442627,2522
26192.39616394043,2502
26193.39346885681,2490
26194.391012191772,2490
26195.38903236389,2502
26196.385622024536,2502
26197.384119033813,2514
26198.380708694458,2534
26199.37777519226,2546
26200.3755569458,2520
26201.372861862183,2574
26202.369689941406,2554
26203.367233276367,2550
26204.36453819275,2552
26205.36184310913,2546
26206.35938644409,2536
26207.356214523315,2522
26208.353996276855,2534
26209.35106277466,2554
26210.349798202515,2542
26211.34638786316,2538
26212.342977523804,2534
26213.340282440186,2538
26214.338541030884,2542
26215.335369110107,2554
26216.33219718933,2542
26217.329502105713,2518
26218.327522277832,2502
26219.324111938477,2474
26220.322608947754,2468
26221.318244934082,2490
26222.318172454834,2482
26223.31404685974,2490
26224.311590194702,2486
26225.309371948242,2482
26226.306438446045,2482
26227.30326652527,2486
26228.30104827881,2510
26229.29811477661,2486
26230.295419692993,2482
26231.293439865112,2458
26232.290506362915,2502
26233.28733444214,2514
26234.2848777771,2524
26235.28218269348,2550
26236.27996444702,2534
26237.276792526245,2502
26238.274097442627,2526
26239.271640777588,2518
26240.269422531128,2522
26241.26625061035,2514
26242.263555526733,2542
26243.260860443115,2522
26244.258165359497,2500
26245.2552318573,2516
26246.25301361084,2542
26247.25031852722,2542
26248.247385025024,2526
26249.244928359985,2518
26250.242233276367,2540
26251.239776611328,2524
26252.238035202026,2550
26253.23534011841,2546
26254.231929779053,2506
26255.229234695435,2518
26256.226778030396,2522
26257.224082946777,2542
26258.22162628174,2534
26259.21893119812,2514
26260.216236114502,2514
26261.213302612305,2534
26262.210607528687,2514
26263.20791244507,2516
26264.20545578003,2510
26265.20276069641,2518
26266.200065612793,2518
26267.231702804565,2474
26268.222332000732,2510
26269.218921661377,2520
26270.21861076355,2518
26271.214485168457,2538
26272.21131324768,2546
26273.208141326904,2542
26274.210691452026,2522
26275.20728111267,2534
26276.201725006104,2550
26277.19807624817,2548
26278.19514274597,2522
26279.19292449951,2518
26280.163049697876,2526
26281.16250038147,2550
26282.21845626831,2546
26283.18190574646,2538
26284.17944908142,2546
26285.176515579224,2574
26286.177396774292,2552
26287.171125411987,2556
26288.16866874695,2558
26289.13712501526,2534
26290.13681411743,2550
26291.16654396057,2574
26292.158126831055,2538
26293.155431747437,2514
26294.1255569458,2520
26295.122385025024,2534
26296.119689941406,2546
26297.11675643921,2534
26298.114776611328,2554
26299.111366271973,2522
26300.10938644409,2526
26301.105976104736,2534
26302.103519439697,2526
26303.10106277466,2534
26304.09836769104,2506
26305.095434188843,2514
26306.092977523804,2514
26307.090282440186,2526
26308.08734893799,2542
26309.08489227295,2526
26310.08267402649,2514
26311.079502105713,2518
26312.076807022095,2510
26313.074588775635,2534
26314.07141685486,2520
26315.06872177124,2514
26316.0662651062,2534
26317.062377929688,2526
26318.05944442749,2520
26319.056510925293,2522
26320.053815841675,2522
26321.051120758057,2542
26322.048664093018,2538
26323.04573059082,2528
26324.04327392578,2510
26325.040578842163,2534
26326.037883758545,2526
26327.034950256348,2518
26328.03249359131,2514
26329.02979850769,2526
26330.027103424072,2514
26331.024646759033,2526
26332.021713256836,2518
26333.019018173218,2534
26334.01656150818,2524
26335.018157958984,2502
26336.011171340942,2498
26337.008476257324,2510
26338.006019592285,2534
26339.003324508667,2538
26340.000867843628,2522
26340.99769592285,2522
26342.0090675354,2502
26342.992544174194,2506
26343.989849090576,2500
26344.987154006958,2538
26345.98445892334,2526
26346.98176383972,2526
26347.979068756104,2536
26348.976612091064,2512
26349.973917007446,2504
26350.97098350525,2520
26351.96852684021,2558
26352.96583175659,2526
26353.963136672974,2512
26354.960441589355,2494
26355.957984924316,2490
26356.95505142212,2524
26357.9523563385,2534
26358.949899673462,2532
26359.976768493652,2522
26360.974073410034,2518
26361.971616744995,2536
26362.96820640564,2542
26363.966464996338,2518
26364.96901512146,2526
26365.962028503418,2502
26366.958379745483,2488
26367.956161499023,2502
26368.958473205566,2508
26369.950532913208,2514
26370.947122573853,2540
26371.944665908813,2522
26372.91407585144,2518
26373.939275741577,2514
26374.935150146484,2526
26375.933408737183,2522
26376.931190490723,2526
26377.927541732788,2510
26378.92484664917,2512
26379.923820495605,2522
26380.92279434204,2522
26381.889581680298,2526
26382.88688659668,2538
26383.88442993164,2512
26384.881258010864,2502
26385.878801345825,2518
26386.903524398804,2518
26387.89987564087,2526
26388.903856277466,2538
26389.901399612427,2518
26390.899658203125,2522
26391.89600944519,2514
26392.893314361572,2516
26393.893003463745,2518
26394.887924194336,2546
26395.898818969727,2534
26396.878004074097,2516
26397.875547409058,2490
26398.873329162598,2514
26399.87015724182,2520
26400.86817741394,2544
26401.865005493164,2522
26402.869701385498,2522
26403.85937690735,2470
26404.85668182373,2502
26405.85494041443,2470
26406.85248374939,2514
26407.848834991455,2522
26408.846139907837,2526
26409.84344482422,2534
26410.8407497406,2526
26411.837816238403,2550
26412.835597991943,2540
26413.80524635315,2550
26414.830207824707,2526
26415.828704833984,2518
26416.82481765747,2492
26417.82259941101,2502
26418.819427490234,2506
26419.816255569458,2546
26420.814037322998,2542
26421.811819076538,2538
26422.80888557434,2520
26423.805952072144,2540
26424.803256988525,2538
26425.800800323486,2542
26426.798343658447,2520
26427.79541015625,2490
26428.792476654053,2490
26429.79097366333,2514
26430.757999420166,2522
26431.768894195557,2522
26432.754039764404,2526
26433.750867843628,2518
26434.74841117859,2518
26435.74547767639,2516
26436.74325942993,2526
26437.740087509155,2518
26438.737869262695,2522
26439.73445892334,2520
26440.73176383972,2492
26441.730499267578,2514
26442.726850509644,2518
26443.75228881836,2514
26444.72098350525,2506
26445.717811584473,2534
26446.715116500854,2522
26447.712421417236,2526
26448.709726333618,2502
26449.70726966858,2522
26450.70457458496,2506
26451.702117919922,2510
26452.698945999146,2470
26453.696489334106,2514
26454.69379425049,2526
26455.70397377014,2534
26456.68864250183,2554
26457.685708999634,2538
26458.683013916016,2542
26459.680318832397,2518
26460.67786216736,2554
26461.67516708374,2542
26462.672233581543,2554
26463.669776916504,2516
26464.667081832886,2534
26465.664386749268,2522
26466.66169166565,2520
26467.65923500061,2532
26468.656539916992,2542
26469.653844833374,2536
26470.651149749756,2558
26471.648454666138,2520
26472.64575958252,2538
26473.6430644989,2542
26474.640369415283,2522
26475.637912750244,2532
26476.634979248047,2522
26477.632522583008,2506
26478.62982749939,2494
26479.62713241577,2518
26480.62491416931,2550
26481.621980667114,2556
26482.619047164917,2546
26483.616828918457,2522
26484.61413383484,2526
26485.61143875122,2546
26486.608505249023,2538
26487.605571746826,2538
26488.603115081787,2504
26489.60041999817,2490
26490.59772491455,2508
26491.59526824951,2506
26492.592334747314,2502
26493.589639663696,2538
26494.586944580078,2526
26495.58448791504,2534
26496.58179283142,2514
26497.579097747803,2526
26498.576641082764,2518
26499.573707580566,2518
26500.57101249695,2506
26501.56855583191,2522
26502.56586074829,2706
26503.563165664673,2544
26504.560470581055,2574
26505.557775497437,2548
26506.55508041382,2538
26507.5523853302,2536
26508.549690246582,2542
26509.547233581543,2526
26510.544538497925,2518
26511.541843414307,2526
26512.53914833069,2552
26513.53693008423,2524
26514.533758163452,2544
26515.531063079834,2518
26516.528606414795,2522
26517.525672912598,2524
26518.52297782898,2534
26519.52052116394,2518
26520.517826080322,2512
26521.515130996704,2506
26522.512435913086,2526
26523.509740829468,2550
26524.50704574585,2538
26525.50435066223,2520
26526.501893997192,2522
26527.499198913574,2518
26529.494524002075,2526
26529.494524002075,2518
26530.492305755615,2554
26531.516790390015,2526
26532.519102096558,2526
26533.51140022278,2570
26534.509897232056,2574
26535.5064868927,2536
26536.503791809082,2542
26537.500858306885,2550
26538.497924804688,2546
26539.49546813965,2534
26540.465116500854,2510
26541.490077972412,2522
26542.48881340027,2522
26543.485164642334,2526
26545.483589172363,2526
26546.476364135742,2526
26547.497272491455,2506
26548.471450805664,2522
26549.468755722046,2570
26549.468755722046,2542
26550.440311431885,2510
26551.464319229126,2510
26552.462339401245,2514
26553.4610748291,2520
26554.45647239685,2522
26555.453777313232,2538
26556.451320648193,2534
26557.448625564575,2510
26558.445692062378,2512
26559.4162940979,2522
26560.442209243774,2542
26561.43832206726,2510
26562.435150146484,2534
26563.432455062866,2546
26564.430236816406,2534
26565.42730331421,2522
26566.42436981201,2522
26567.42215156555,2512
26568.418979644775,2518
26570.415019989014,2514
26570.415019989014,2526
26572.40891456604,2524
26572.40891456604,2506
26574.403047561646,2508
26575.400829315186,2518
26576.398134231567,2504
26577.39520072937,2512
26578.39274406433,2504
26579.389810562134,2502
26580.387592315674,2504
26581.384658813477,2538
26582.38172531128,2522
26583.38236808777,2514
26584.376573562622,2514
26585.373878479004,2510
26586.370944976807,2514
26587.36824989319,2534
26588.36579322815,2514
26589.36381340027,2510
26590.36087989807,2510
26591.359615325928,2510
26592.355251312256,2506
26593.352794647217,2506
26594.350814819336,2520
26595.348119735718,2534
26596.344709396362,2534
26597.312927246094,2516
26598.339796066284,2502
26599.33829307556,2538
26600.334644317627,2534
26601.332426071167,2526
26602.329969406128,2534
26603.325843811035,2518
26604.329109191895,2526
26605.320930480957,2514
26606.31823539734,2538
26607.31554031372,2536
26608.312129974365,2522
26609.31086540222,2542
26610.280513763428,2534
26611.277103424072,2534
26612.302780151367,2534
26613.301038742065,2538
26614.296674728394,2506
26615.294456481934,2506
26616.291761398315,2526
26617.28835105896,2538
26618.29137802124,2544
26619.290351867676,2542
26620.280265808105,2522
26621.278285980225,2522
26622.246503829956,2540
26623.27218055725,2526
26624.269723892212,2522
26625.269889831543,2542
26626.265287399292,2526
26627.261877059937,2514
26628.259420394897,2542
26629.25696372986,2522
26630.227088928223,2512
26631.251335144043,2542
26632.248640060425,2542
26633.246421813965,2526
26634.24324989319,2518
26635.24055480957,2518
26636.23833656311,2524
26637.24160194397,2534
26638.233184814453,2506
26639.230012893677,2522
26640.227794647217,2494
26641.225337982178,2514
26642.221689224243,2506
26643.218755722046,2538
26644.216299057007,2514
26645.21360397339,2520
26646.21138572693,2488
26647.20845222473,2538
26648.205995559692,2526
26649.203300476074,2522
26650.200128555298,2522
26651.198387145996,2538
26652.19521522522,2510
26653.192043304443,2502
26654.19030189514,2482
26655.187606811523,2518
26656.184434890747,2546
26657.18150138855,2542
26658.17952156067,2528
26659.176111221313,2538
26660.176753997803,2534
26661.170959472656,2512
26662.169218063354,2548
26663.16866874695,2538
26664.135217666626,2502
26665.160417556763,2506
26666.15867614746,2506
26667.155504226685,2536
26668.153285980225,2546
26669.12055015564,2534
26670.11785507202,2522
26671.115159988403,2514
26672.112226486206,2578
26673.109769821167,2540
26674.10707473755,2542
26675.10437965393,2514
26676.101684570312,2508
26677.099227905273,2510
26678.096294403076,2526
26679.093599319458,2518
26680.09114265442,2518
26681.0884475708,2522
26682.085752487183,2538
26683.082818984985,2550
26684.109926223755,2522
26685.106992721558,2522
26686.105251312256,2522
26687.10207939148,2526
26688.098907470703,2534
26689.06807899475,2522
26690.12475013733,2522
26691.09058380127,2544
26692.088842391968,2538
26693.08590888977,2538
26694.084405899048,2550
26695.08123397827,2538
26696.077823638916,2534
26697.075366973877,2550
26698.075771331787,2542
26699.095249176025,2514
26700.040340423584,2490
26701.064348220825,2542
26702.061653137207,2506
26703.059196472168,2528
26704.05912399292,2512
26705.05952835083,2558
26706.02321624756,2544
26707.048416137695,2542
26708.045959472656,2506
26709.043264389038,2532
26710.04056930542,2506
26711.03858947754,2528
26712.040662765503,2524
26713.032245635986,2518
26714.003562927246,2512
26714.998722076416,2506
26716.02463722229,2514
26717.04387664795,2542
26718.019008636475,2534
26719.016551971436,2528
26720.01361846924,2522
26721.011877059937,2518
26722.00870513916,2518
26723.006010055542,2514
26724.003314971924,2518
26725.001096725464,2504
26725.99768638611,2490
26726.99546813965,2502
26727.992296218872,2516
26728.99055480957,2520
26729.986906051636,2522
26730.984926223755,2534
26731.982469558716,2540
26732.982397079468,2506
26733.97922515869,2526
26734.974145889282,2524
26735.971212387085,2514
26736.968278884888,2492
26737.966060638428,2478
26738.97647857666,2506
26739.93182182312,2522
26740.957736968994,2538
26741.95671081543,2542
26742.952823638916,2558
26743.950128555298,2516
26744.94695663452,2518
26745.944261550903,2520
26746.941804885864,2528
26747.938871383667,2518
26748.943328857422,2510
26749.93371963501,2524
26750.93388557434,2514
26751.928329467773,2532
26752.926349639893,2538
26753.92436981201,2546
26754.920721054077,2542
26755.91778755188,2518
26756.91533088684,2540
26757.91358947754,2542
26758.910179138184,2524
26759.907484054565,2502
26760.875463485718,2518
26761.90161705017,2510
26762.899160385132,2542
26763.896942138672,2514
26764.86587524414,2532
26765.891313552856,2538
26766.89386367798,2582
26767.885446548462,2550
26768.88346672058,2534
26769.854068756104,2490
26770.878076553345,2516
26771.875858306885,2550
26772.873640060425,2486
26773.87022972107,2492
26774.866819381714,2522
26775.864839553833,2520
26776.83448791504,2534
26777.831315994263,2530
26778.828620910645,2526
26779.826402664185,2538
26780.823469161987,2528
26781.82077407837,2524
26782.817840576172,2522
26783.815383911133,2526
26784.812688827515,2514
26785.809755325317,2528
26786.807537078857,2524
26787.80460357666,2518
26788.801908493042,2510
26789.79992866516,2542
26790.796756744385,2552
26791.794061660767,2534
26792.792081832886,2522
26793.78890991211,2522
26794.785976409912,2510
26795.783519744873,2538
26796.781063079834,2524
26797.778129577637,2522
26798.77519607544,2514
26799.77297782898,2522
26800.770044326782,2518
26801.767349243164,2526
26802.764654159546,2516
26803.76172065735,2526
26804.75950241089,2534
26805.75656890869,2524
26806.754112243652,2502
26807.74998664856,2522
26808.747053146362,2542
26809.744596481323,2532
26810.741901397705,2506
26811.738967895508,2514
26812.73651123047,2522
26813.73381614685,2532
26814.731121063232,2554
26815.728187561035,2548
26816.725730895996,2514
26817.723035812378,2498
26818.72034072876,2540
26819.71788406372,2538
26820.715188980103,2522
26821.712255477905,2522
26822.711944580078,2492
26823.7087726593,2496
26824.705839157104,2544
26825.703144073486,2524
26826.700687408447,2534
26827.69775390625,2522
26828.693866729736,2544
26829.69093322754,2518
26830.699682235718,2526
26831.685781478882,2542
26832.682847976685,2538
26833.680391311646,2712
26834.677696228027,2550
26835.67500114441,2528
26836.67230606079,2510
26837.669610977173,2528
26838.667154312134,2518
26839.664459228516,2518
26840.662002563477,2530
26841.65906906128,2542
26842.65637397766,2534
26843.653678894043,2526
26844.651222229004,2526
26845.648288726807,2522
26846.64559364319,2524
26847.64313697815,2522
26848.64044189453,2494
26849.637746810913,2508
26850.634813308716,2546
26851.632595062256,2536
26852.62966156006,2542
26853.62696647644,2538
26854.62474822998,2518
26855.64088821411,2542
26856.619119644165,2526
26857.616186141968,2546
26858.61372947693,2512
26859.61103439331,2522
26860.608339309692,2542
26861.605644226074,2514
26862.602949142456,2534
26863.600254058838,2524
26864.59755897522,2522
26865.59510231018,2554
26866.592407226562,2546
26867.589473724365,2522
26868.587255477905,2526
26869.585037231445,2534
26870.59235572815,2552
26871.57893180847,2534
26872.576236724854,2538
26873.573541641235,2510
26874.570846557617,2518
26875.568389892578,2508
26876.56569480896,2538
26877.56299972534,2520
26878.560304641724,2494
26879.557847976685,2538
26880.555152893066,2538
26882.55023956299,2506
26882.55023956299,2526
26883.575916290283,2446
26884.54580307007,2546
26885.570287704468,2542
26886.569023132324,2538
26887.567043304443,2526
26888.562440872192,2534
26889.559030532837,2516
26890.528917312622,2534
26891.55411720276,2538
26892.552375793457,2542
26893.54944229126,2508
26894.546031951904,2536
26895.543336868286,2526
26896.54493331909,2512
26897.538423538208,2506
26898.53525161743,2518
26899.504899978638,2512
26900.50172805786,2536
26901.52907371521,2512
26902.526140213013,2540
26903.522968292236,2554
26904.52003479004,2536
26905.519008636475,2522
26906.5158367157,2538
26907.512664794922,2542
26908.510446548462,2496
26909.506797790527,2554
26910.510301589966,2522
26912.479877471924,2522
26912.479877471924,2474
26914.464950561523,2520
26914.464950561523,2524
26915.491580963135,2542
26916.488647460938,2544
26917.489051818848,2542
26918.482780456543,2514
26919.48175430298,2534
26920.478105545044,2514
26922.444343566895,2514
26922.444343566895,2526
26923.4721660614,2490
26924.46756362915,2522
26925.464153289795,2534
26926.462173461914,2542
26927.45876312256,2538
26928.45630645752,2546
26929.4536113739,2526
26930.452823638916,2546
26931.448698043823,2550
26932.445764541626,2546
26933.443069458008,2544
26934.44037437439,2526
26935.43767929077,2528
26936.43617630005,2542
26937.432289123535,2542
26939.398050308228,2590
26940.39559364319,2554
26940.39559364319,2528
26941.42174720764,2542
26942.421913146973,2526
26943.416118621826,2544
26944.413661956787,2536
26946.40803337097,2526
26947.37982749939,2518
26948.386430740356,2510
26949.37300682068,2510
26950.37031173706,2502
26951.366901397705,2516
26952.36372947693,2554
26953.36151123047,2514
26954.358339309692,2514
26955.355644226074,2520
26956.353664398193,2526
26957.34977722168,2494
26958.34708213806,2512
26959.347248077393,2524
26960.341691970825,2536
26961.339235305786,2494
26962.34941482544,2526
26963.33384513855,2522
26964.33115005493,2518
26965.328454971313,2514
26966.325998306274,2576
26967.323064804077,2520
26968.32036972046,2518
26969.31767463684,2518
26970.3152179718,2506
26971.312761306763,2512
26972.328424453735,2514
26973.307371139526,2534
26974.30443763733,2522
26975.301504135132,2522
26976.299047470093,2524
26977.296352386475,2548
26978.293657302856,2550
26979.29096221924,2568
26980.28826713562,2536
26981.28914833069,2526
26982.289791107178,2542
26983.289003372192,2546
26984.289169311523,2570
26985.29028892517,2534
26986.289024353027,2538
26987.269639968872,2518
26988.267183303833,2518
26989.264249801636,2522
26990.261554718018,2554
26991.2588596344,2542
26992.25640296936,2542
26993.253469467163,2546
26994.259357452393,2546
26995.248317718506,2518
26996.245622634888,2554
26997.24268913269,2540
26998.24023246765,2536
26999.237537384033,2536
27000.235080718994,2522
27001.237869262695,2542
27002.229690551758,2538
27003.22699546814,2546
27004.224061965942,2538
27005.221605300903,2538
27006.218910217285,2526
27007.216215133667,2526
27008.217096328735,2526
27009.21130180359,2520
27010.20836830139,2542
27011.205434799194,2528
27012.202978134155,2526
27013.200283050537,2580
27014.19758796692,2544
27015.1948928833,2520
27016.192197799683,2548
27017.189502716064,2524
27018.186807632446,2518
27019.184112548828,2518
27020.18165588379,2522
27021.17896080017,2542
27022.209644317627,2538
27023.173809051514,2526
27024.171113967896,2582
27025.1681804657,2540
27026.16572380066,2534
27027.16302871704,2538
27028.160095214844,2538
27029.157638549805,2546
27030.155181884766,2534
27031.15224838257,2534
27032.14955329895,2534
27033.14709663391,2538
27034.144401550293,2550
27035.141468048096,2546
27036.139011383057,2546
27037.13631629944,2518
27038.13362121582,2504
27039.130926132202,2534
27040.128469467163,2518
27041.125535964966,2534
27042.122840881348,2546
27043.12038421631,2544
27044.11768913269,2526
27045.114994049072,2538
27046.112060546875,2530
27047.109603881836,2542
27048.106908798218,2534
27049.1042137146,2536
27050.10199546814,2522
27051.099061965942,2534
27052.096128463745,2534
27053.093433380127,2532
27054.09336090088,2618
27055.090188980103,2526
27056.087493896484,2522
27057.084560394287,2542
27058.08186531067,2538
27059.07940864563,2546
27060.07695198059,2526
27061.074018478394,2550
27062.071084976196,2546
27063.068628311157,2542
27064.06593322754,2536
27065.06323814392,2542
27066.060543060303,2536
27067.057847976685,2534
27068.055391311646,2550
27069.05245780945,2534
27070.06573677063,2552
27071.04778289795,2534
27072.07226753235,2542
27073.070764541626,2542
27074.06735420227,2538
27075.071334838867,2516
27076.061487197876,2538
27077.059984207153,2544
27078.056573867798,2538
27079.05387878418,2526
27080.052137374878,2538
27081.048488616943,2542
27082.048416137695,2574
27083.046913146973,2510
27084.04016494751,2534
27085.01958847046,2518
27087.058305740356,2538
27087.058305740356,2526
27088.029623031616,2512
27089.13826942444,2520
27090.140104293823,2518
27091.363430023193,2550
27092.333555221558,2570
27093.33109855652,2512
27094.330072402954,2524
27095.354557037354,2542
27096.35281562805,2542
27097.31888771057,2542
27098.345518112183,2538
27099.342346191406,2514
27100.3155708313,2506
27101.338386535645,2518
27102.335214614868,2534
27103.33299636841,2542
27104.33006286621,2542
27105.32784461975,2550
27106.296062469482,2534
27107.322454452515,2526
27108.318328857422,2522
27109.31658744812,2510
27110.312938690186,2516
27111.311197280884,2522
27112.30969429016,2538
27113.30509185791,2506
27114.30263519287,2540
27115.300178527832,2538
27116.270303726196,2536
27117.297887802124,2538
27118.292093276978,2526
27119.292736053467,2536
27120.259761810303,2546
27121.283531188965,2522
27122.283935546875,2534
27123.279809951782,2526
27124.28116798401,2518
27125.277996063232,2522
27126.244068145752,2542
27127.2714138031,2578
27128.2639503479,2538
27129.261255264282,2522
27130.25951385498,2524
27131.227731704712,2526
27132.225036621094,2536
27133.222341537476,2534
27134.219646453857,2512
27135.21671295166,2502
27136.21425628662,2526
27137.211561203003,2528
27138.208866119385,2516
27139.206409454346,2540
27140.203714370728,2546
27141.20101928711,2550
27142.198085784912,2558
27143.195629119873,2524
27144.192934036255,2526
27145.190000534058,2522
27146.18730545044,2536
27147.18508720398,2534
27148.182153701782,2526
27149.179458618164,2518
27150.177001953125,2526
27151.174545288086,2538
27152.17137336731,2534
27153.16867828369,2534
27154.166221618652,2534
27155.163526535034,2540
27156.161069869995,2538
27157.158374786377,2534
27158.15567970276,2526
27159.15298461914,2542
27160.1505279541,2546
27161.147832870483,2538
27162.144899368286,2554
27163.171768188477,2516
27164.140939712524,2534
27165.165901184082,2542
27166.162729263306,2542
27167.160034179688,2540
27168.15686225891,2540
27169.155836105347,2484
27170.151948928833,2534
27171.149015426636,2526
27172.146797180176,2536
27173.14386367798,2494
27174.14116859436,2514
27175.138473510742,2510
27176.1372089386,2526
27177.133798599243,2534
27178.131818771362,2538
27179.12793159485,2514
27180.126667022705,2512
27181.122541427612,2494
27182.09218978882,2508
27183.122396469116,2520
27184.114694595337,2514
27185.11199951172,2534
27186.110258102417,2526
27187.106609344482,2534
27188.10772895813,2534
27189.074516296387,2544
27190.072774887085,2514
27191.10059738159,2538
27192.10171699524,2544
27193.06230545044,2518
27194.05961036682,2516
27195.056676864624,2510
27196.054220199585,2522
27197.051525115967,2534
27198.04859161377,2544
27199.04613494873,2526
27200.04367828369,2510
27201.040744781494,2548
27202.038288116455,2538
27203.035593032837,2574
27204.03289794922,2546
27205.0302028656,2536
27206.027507781982,2520
27207.025051116943,2544
27208.022117614746,2554
27209.02180671692,2546
27210.01887321472,2528
27211.015939712524,2550
27212.013244628906,2546
27213.009119033813,2534
27214.006423950195,2538
27215.007066726685,2516
27216.00103378296,2534
27216.99833869934,2542
27217.995405197144,2520
27218.992710113525,2518
27219.990253448486,2522
27220.987558364868,2542
27221.98486328125,2546
27222.98240661621,2522
27223.979473114014,2514
27224.977016448975,2490
27225.974082946777,2526
27226.97162628174,2554
27227.96893119812,2554
27228.965997695923,2536
27229.963779449463,2518
27230.960845947266,2520
27231.958150863647,2532
27232.95545578003,2518
27233.95299911499,2542
27234.950065612793,2518
27235.947370529175,2516
27236.945152282715,2518
27237.942218780518,2534
27238.9395236969,2522
27239.93706703186,2518
27240.934371948242,2538
27241.931676864624,2510
27242.928981781006,2522
27243.926286697388,2524
27244.92359161377,2538
27245.92089653015,2538
27246.918201446533,2526
27247.915506362915,2536
27248.913049697876,2514
27249.91011619568,2536
27250.90765953064,2534
27251.90496444702,2534
27252.902030944824,2524
27253.899335861206,2510
27254.897117614746,2518
27255.894422531128,2514
27256.89148902893,2534
27257.88903236389,2518
27258.886337280273,2542
27259.883642196655,2526
27260.880708694458,2526
27261.87825202942,2510
27262.8755569458,2534
27263.872861862183,2512
27264.869928359985,2538
27265.867710113525,2486
27266.864776611328,2520
27267.86208152771,2508
27268.85962486267,2514
27269.856929779053,2526
27270.88451385498,2540
27271.881103515625,2558
27272.87793159485,2486
27273.876190185547,2506
27274.873971939087,2510
27275.87056159973,2520
27276.867628097534,2520
27277.865648269653,2552
27278.862714767456,2546
27279.85954284668,2540
27280.831575393677,2524
27281.85486793518,2540
27282.851934432983,2518
27283.849477767944,2542
27284.846544265747,2532
27285.84337234497,2506
27286.84091567993,2486
27287.83869743347,2534
27288.835763931274,2520
27289.833545684814,2518
27290.83013534546,2520
27291.828870773315,2518
27292.82546043396,2510
27293.823957443237,2536
27294.819831848145,2546
27295.816898345947,2526
27296.81420326233,2514
27297.81150817871,2518
27298.815727233887,2510
27299.779415130615,2514
27300.803661346436,2534
27301.800966262817,2536
27302.798748016357,2542
27303.79557609558,2570
27304.79907989502,2520
27305.76252937317,2546
27306.787729263306,2546
27307.78956413269,2542
27308.78186225891,2516
27309.781551361084,2514
27310.77790260315,2536
27311.774969100952,2538
27312.771797180176,2544
27313.769102096558,2550
27314.76640701294,2512
27315.764665603638,2534
27316.733360290527,2542
27317.758560180664,2520
27318.756103515625,2512
27319.753646850586,2522
27320.75023651123,2518
27321.74849510193,2520
27322.74556159973,2534
27323.742866516113,2520
27324.740171432495,2518
27325.737714767456,2546
27326.738357543945,2526
27327.73184776306,2536
27328.731775283813,2542
27329.726457595825,2518
27330.695867538452,2558
27331.72106742859,2554
27332.71884918213,2518
27333.715438842773,2516
27334.71369743347,2506
27335.710048675537,2506
27336.707830429077,2524
27337.70489692688,2538
27338.70220184326,2534
27339.70022201538,2536
27340.667724609375,2536
27341.665029525757,2528
27342.66233444214,2534
27343.65963935852,2518
27344.656705856323,2522
27345.654249191284,2542
27346.651554107666,2526
27347.648859024048,2518
27348.64640235901,2518
27349.64370727539,2520
27350.640773773193,2542
27351.638078689575,2580
27352.635622024536,2526
27353.632926940918,2520
27354.62999343872,2534
27355.62777519226,2546
27356.624841690063,2542
27357.622146606445,2510
27358.619451522827,2506
27359.616994857788,2514
27360.61429977417,2522
27361.61160469055,2526
27362.609148025513,2550
27363.606214523315,2526
27364.603519439697,2544
27365.60082435608,2532
27366.59812927246,2518
27367.595434188843,2510
27368.592739105225,2512
27369.590520858765,2528
27370.587587356567,2514
27372.584342956543,2538
27372.584342956543,2538
27373.57997894287,2546
27374.577283859253,2558
27375.60248374939,2552
27376.599550247192,2534
27377.597093582153,2522
27378.594636917114,2522
27379.592180252075,2534
27380.59115409851,2544
27381.587266921997,2554
27382.5843334198,2546
27383.58163833618,2534
27384.578943252563,2516
27385.576486587524,2522
27386.57784461975,2542
27387.571334838867,2546
27388.56863975525,2544
27389.567375183105,2526
27390.562534332275,2544
27391.559839248657,2598
27392.55714416504,2514
27393.5284614563,2534
27394.524812698364,2538
27395.522117614746,2542
27396.519422531128,2522
27397.51672744751,2520
27398.51403236389,2518
27399.51181411743,2558
27400.508880615234,2550
27401.505947113037,2554
27402.50325202942,2544
27403.50103378296,2546
27404.4988155365,2546
27405.495643615723,2544
27406.493425369263,2550
27407.490491867065,2538
27408.488273620605,2534
27409.485578536987,2526
27410.48264503479,2534
27411.48018836975,2534
27412.477254867554,2548
27413.474559783936,2542
27414.471864700317,2538
27415.46893119812,2546
27416.466236114502,2532
27417.464017868042,2526
27418.461084365845,2534
27419.458389282227,2538
27420.455932617188,2574
27422.45101928711,2536
27422.45101928711,2470
27423.44856262207,2542
27424.445629119873,2550
27425.442457199097,2526
27426.43976211548,2554
27427.43706703186,2542
27428.434371948242,2524
27429.432153701782,2512
27430.428981781006,2550
27431.426763534546,2548
27432.42383003235,2538
27433.42113494873,2544
27434.41867828369,2542
27435.415744781494,2554
27436.413288116455,2546
27437.410354614258,2550
27438.40789794922,2538
27439.4052028656,2544
27440.40274620056,2518
27441.400289535522,2538
27442.397117614746,2538
27443.394422531128,2526
27444.39172744751,2544
27446.386337280273,2554
27447.396278381348,2550
27448.38285446167,2546
27449.378728866577,2538
27450.37579536438,2546
27451.37667655945,2538
27452.375888824463,2544
27453.37748527527,2512
27454.375505447388,2512
27455.408573150635,2518
27456.406116485596,2550
27457.404851913452,2554
27458.4059715271,2542
27459.37967300415,2506
27460.384607315063,2522
27461.38024330139,2532
27462.382316589355,2538
27463.379621505737,2514
27464.383125305176,2532
27465.38019180298,2538
27466.37511253357,2538
27467.358112335205,2512
27468.356609344482,2518
27469.352960586548,2524
27470.35050392151,2522
27471.349477767944,2518
27472.316026687622,2518
27473.34337234497,2518
27474.340438842773,2514
27475.33679008484,2518
27476.335763931274,2512
27477.33211517334,2510
27478.328943252563,2492
27479.327917099,2508
27480.33118247986,2518
27481.293201446533,2526
27482.31792449951,2512
27483.317136764526,2520
27484.315872192383,2514
27485.310077667236,2498
27486.278533935547,2514
27487.27560043335,2510
27488.27290534973,2542
27489.270210266113,2504
27490.267515182495,2512
27491.264820098877,2520
27492.292881011963,2542
27493.28923225403,2542
27494.28653717041,2538
27495.283603668213,2538
27496.280670166016,2526
27497.278451919556,2514
27498.275756835938,2522
27499.274730682373,2538
27500.270128250122,2538
27501.267433166504,2546
27502.272129058838,2520
27503.26180458069,2542
27504.259824752808,2524
27505.25712966919,2526
27506.25443458557,2550
27507.251262664795,2536
27508.248805999756,2522
27509.246110916138,2502
27510.21695137024,2522
27511.24119758606,2524
27512.238264083862,2534
27513.235330581665,2534
27514.207124710083,2538
27515.22994041443,2520
27516.228199005127,2538
27517.231225967407,2518
27518.224000930786,2550
27519.219636917114,2550
27520.217180252075,2526
27521.214723587036,2534
27522.212743759155,2522
27523.20909500122,2516
27524.20711517334,2522
27525.203466415405,2526
27526.201009750366,2536
27527.19783782959,2552
27528.200387954712,2526
27529.194355010986,2542
27530.163049697876,2534
27532.77897834778,2534
27532.77897834778,2538
27533.182382583618,2542
27534.17921066284,2518
27535.260915756226,2504
27536.28897666931,2514
27537.291526794434,2522
27538.2559299469,2522
27539.28232192993,2546
27540.289878845215,2538
27541.27526283264,2538
27542.272806167603,2546
27543.270587921143,2552
27544.267416000366,2542
27545.264720916748,2526
27546.262502670288,2522
27547.25956916809,2510
27548.256635665894,2518
27549.253940582275,2518
27550.223112106323,2552
27551.249265670776,2544
27552.24657058716,2536
27553.24363708496,2546
27554.240942001343,2534
27555.238008499146,2534
27556.235313415527,2544
27557.23285675049,2518
27558.231115341187,2522
27559.22842025757,2522
27560.22548675537,2510
27561.229467391968,2534
27562.219381332397,2550
27563.22169303894,2576
27564.21446800232,2526
27565.211296081543,2548
27566.208839416504,2546
27567.206621170044,2554
27568.204641342163,2534
27569.201231002808,2550
27570.199012756348,2518
27571.19584083557,2504
27572.192668914795,2542
27573.190212249756,2524
27574.187517166138,2524
27575.1850605011,2556
27576.181888580322,2550
27577.179431915283,2538
27578.183889389038,2520
27579.174041748047,2524
27580.171585083008,2512
27581.169605255127,2512
27582.16643333435,2522
27583.163261413574,2518
27584.160804748535,2514
27585.158586502075,2538
27586.156368255615,2526
27587.15319633484,2526
27588.15026283264,2548
27589.120626449585,2538
27590.14654159546,2552
27591.11499786377,2538
27592.140197753906,2542
27593.13702583313,2526
27594.133377075195,2532
27595.131874084473,2570
27596.128940582275,2550
27597.097158432007,2538
27598.09422492981,2506
27599.09152984619,2518
27600.089073181152,2546
27601.086378097534,2546
27602.083444595337,2504
27603.08074951172,2526
27604.07829284668,2538
27605.075359344482,2544
27606.072902679443,2522
27607.070446014404,2522
27608.067512512207,2510
27609.06481742859,2502
27610.062837600708,2524
27611.05990409851,2526
27612.056970596313,2542
27613.054275512695,2496
27614.051818847656,2526
27615.04888534546,2518
27616.04619026184,2518
27617.043495178223,2506
27618.04246902466,2518
27619.07172203064,2540
27620.071172714233,2526
27621.062517166138,2526
27622.05934524536,2542
27623.06523323059,2554
27624.05490875244,2526
27625.05841255188,2534
27626.049280166626,2534
27627.046585083008,2522
27628.045797348022,2526
27629.047393798828,2540
27630.038738250732,2526
27631.035566329956,2520
27632.046222686768,2524
27633.031368255615,2534
27634.0274810791,2516
27635.025024414062,2522
27636.02352142334,2526
27637.020349502563,2554
27638.016939163208,2546
27638.98801803589,2526
27640.03896713257,2514
27640.981674194336,2510
27642.00520515442,2548
27643.00227165222,2546
27643.999814987183,2534
27644.997596740723,2544
27645.994424819946,2544
27646.991729736328,2550
27647.989749908447,2550
27648.98657798767,2518
27649.983644485474,2534
27650.981426239014,2534
27651.978492736816,2542
27652.97555923462,2508
27653.97357940674,2524
27654.970169067383,2538
27655.941009521484,2554
27656.938076019287,2548
27657.935619354248,2538
27658.93316268921,2522
27659.93094444275,2526
27660.927534103394,2518
27661.925077438354,2556
27662.922382354736,2526
27663.919925689697,2546
27664.91746902466,2534
27665.91453552246,2522
27666.911840438843,2534
27667.909383773804,2554
27668.906688690186,2534
27669.90375518799,2522
27670.90106010437,2526
27671.92506790161,2526
27672.922372817993,2514
27673.919916152954,2514
27674.917459487915,2554
27675.915002822876,2516
27676.912546157837,2512
27677.90985107422,2520
27678.905963897705,2534
27679.909229278564,2550
27680.87339401245,2578
27681.898593902588,2510
27682.89613723755,2512
27683.89320373535,2526
27684.890508651733,2526
27685.888051986694,2540
27686.885595321655,2526
27687.85572052002,2534
27688.852787017822,2526
27689.850568771362,2542
27690.847396850586,2556
27691.844940185547,2538
27692.84224510193,2534
27693.83955001831,2514
27694.836854934692,2542
27695.834159851074,2518
27696.831703186035,2546
27697.828769683838,2534
27698.82607460022,2510
27699.824571609497,2534
27700.82116127014,2538
27701.818466186523,2520
27702.815532684326,2540
27703.840970993042,2536
27704.838037490845,2570
27705.80744743347,2534
27706.83264732361,2552
27707.80301094055,2534
27708.826065063477,2526
27709.82551574707,2520
27710.821628570557,2526
27711.81845664978,2534
27712.815761566162,2582
27713.813066482544,2550
27714.810371398926,2554
27715.807676315308,2534
27717.775106430054,2554
27717.775106430054,2536
27718.80006790161,2542
27719.79808807373,2544
27720.79348564148,2538
27721.79079055786,2514
27722.76210784912,2522
27723.79231452942,2514
27724.7896194458,2542
27725.786685943604,2518
27726.784229278564,2546
27727.778434753418,2546
27728.77335548401,2534
27729.770183563232,2556
27730.741262435913,2550
27731.738328933716,2544
27733.73293876648,2538
27733.73293876648,2526
27734.73024368286,2506
27735.727071762085,2544
27736.724138259888,2540
27737.72144317627,2544
27738.71922492981,2540
27739.721298217773,2550
27740.71455001831,2546
27741.711616516113,2550
27742.708683013916,2520
27743.706226348877,2524
27744.7030544281,2526
27745.70059776306,2524
27746.697902679443,2542
27747.695684432983,2512
27748.692989349365,2538
27749.690771102905,2550
27750.68736076355,2546
27751.68490409851,2552
27752.681970596313,2544
27753.679275512695,2546
27754.676580429077,2518
27755.674600601196,2542
27756.671905517578,2514
27757.668495178223,2526
27758.666276931763,2518
27759.664058685303,2510
27760.660886764526,2540
27761.65795326233,2552
27762.655019760132,2534
27763.652801513672,2552
27764.650583267212,2518
27765.647172927856,2526
27766.644716262817,2538
27767.6420211792,2536
27768.63956451416,2534
27769.636869430542,2538
27770.634412765503,2526
27771.631479263306,2538
27772.629499435425,2552
27773.62608909607,2538
27774.623155593872,2546
27775.620460510254,2542
27776.617765426636,2556
27777.615308761597,2548
27778.612852096558,2538
27779.60968017578,2526
27780.606269836426,2554
27781.605005264282,2522
27782.601833343506,2542
27783.599615097046,2522
27784.59668159485,2544
27785.59374809265,2534
27786.591053009033,2554
27787.588834762573,2538
27788.61427307129,2550
27789.5827293396,2536
27790.611505508423,2738
27791.606426239014,2520
27792.603254318237,2536
27793.601751327515,2522
27794.59834098816,2518
27795.596837997437,2504
27796.592712402344,2504
27797.59454727173,2544
27798.592805862427,2554
27799.558401107788,2542
27800.58264732361,2526
27801.579475402832,2544
27802.576541900635,2522
27803.574085235596,2538
27804.572343826294,2542
27805.56893348694,2522
27806.56599998474,2506
27807.563304901123,2514
27808.560848236084,2542
27809.531450271606,2542
27810.556173324585,2546
27811.553478240967,2574
27812.55006790161,2526
27813.547372817993,2532
27814.545154571533,2538
27815.542459487915,2514
27816.539764404297,2520
27817.54446029663,2514
27818.53485107422,2502
27819.533586502075,2546
27820.528984069824,2506
27821.527004241943,2526
27822.524309158325,2538
27823.52042198181,2570
27824.51844215393,2558
27825.515508651733,2544
27826.512813568115,2534
27827.510118484497,2570
27829.476833343506,2542
27829.476833343506,2558
27830.47342300415,2570
27831.499814987183,2578
27832.4978351593,2554
27833.49871635437,2558
27834.491729736328,2538
27835.48855781555,2536
27836.48657798767,2534
27837.483406066895,2534
27838.480472564697,2542
27839.45107460022,2550
27840.446710586548,2552
27841.472625732422,2524
27842.470407485962,2534
27843.467473983765,2508
27844.464540481567,2578
27845.46184539795,2550
27846.45986557007,2544
27847.429037094116,2492
27848.45471382141,2510
27849.451303482056,2512
27851.417779922485,2514
27852.41436958313,2526
27852.41436958313,2522
27853.41167449951,2514
27854.408740997314,2526
27855.406284332275,2526
27857.40065574646,2546
27858.40392112732,2526
27858.40392112732,2520
27860.392808914185,2538
27861.39488220215,2544
27862.387657165527,2550
27863.38472366333,2550
27864.382028579712,2546
27865.379571914673,2538
27866.376876831055,2538
27867.374181747437,2550
27868.37124824524,2546
27869.36902999878,2582
27870.366096496582,2538
27871.363401412964,2544
27872.360944747925,2544
27873.358249664307,2544
27874.35531616211,2582
27875.35262107849,2558
27876.350164413452,2534
27877.347469329834,2534
27878.344774246216,2522
27879.342317581177,2514
27880.33962249756,2536
27881.33692741394,2574
27882.333993911743,2486
27883.331537246704,2502
27884.328842163086,2508
27885.32590866089,2510
27886.32345199585,2518
27887.32123374939,2528
27888.318061828613,2498
27889.315843582153,2538
27890.312910079956,2538
27891.310214996338,2538
27892.30751991272,2494
27893.3048248291,2656
27894.302129745483,2528
27895.299434661865,2536
27896.296977996826,2524
27897.294282913208,2534
27898.29158782959,2522
27899.288654327393,2518
27900.286436080933,2542
27901.283502578735,2548
27902.280807495117,2546
27903.278350830078,2550
27904.27565574646,2542
27905.272722244263,2542
27906.270027160645,2538
27907.267570495605,2550
27908.264875411987,2514
27909.26218032837,2522
27910.259246826172,2522
27911.256790161133,2524
27912.254333496094,2534
27913.251399993896,2558
27914.258241653442,2556
27915.24624824524,2546
27916.243314743042,2538
27917.240619659424,2548
27918.238401412964,2538
27919.235467910767,2552
27920.23277282715,2534
27921.23031616211,2526
27922.227382659912,2528
27923.224687576294,2526
27924.221992492676,2552
27925.219297409058,2554
27926.21684074402,2550
27927.21390724182,2546
27928.211450576782,2546
27929.208755493164,2544
27930.206298828125,2538
27931.21838569641,2552
27932.20090866089,2542
27933.200359344482,2534
27934.22508239746,2546
27935.221910476685,2544
27936.219453811646,2548
27937.216997146606,2542
27938.21430206299,2542
27939.183950424194,2542
27940.208435058594,2542
27942.678689956665,2514
27942.678689956665,2538
27943.201065063477,2518
27943.830013275146,2526
27944.762229919434,2504
27945.88279724121,2510
27946.910858154297,2510
27947.880506515503,2490
27948.877096176147,2518
27949.874877929688,2538
27950.90079307556,2550
27951.898097991943,2538
27952.895641326904,2542
27953.893184661865,2534
27954.88953590393,2528
27955.88755607605,2538
27956.85577392578,2534
27957.881927490234,2534
27958.879709243774,2524
27959.877014160156,2526
27960.87408065796,2550
27961.877822875977,2550
27962.868213653564,2584
27963.865756988525,2582
27964.864015579224,2574
27965.860843658447,2568
27966.85743331909,2544
27967.82612800598,2534
27968.85323524475,2536
27969.849824905396,2574
27970.847129821777,2578
27971.845388412476,2538
27972.8422164917,2526
27973.83952140808,2550
27974.83801841736,2550
27975.834369659424,2578
27976.832628250122,2554
27977.828979492188,2542
27978.82628440857,2502
27979.794025421143,2522
27980.791091918945,2526
27981.788873672485,2542
27982.785940170288,2550
27983.78324508667,2534
27984.78078842163,2542
27985.777854919434,2538
27986.775398254395,2554
27987.772464752197,2554
27988.770246505737,2574
27989.76731300354,2574
27990.764379501343,2542
27991.761445999146,2570
27992.788314819336,2558
27993.78538131714,2542
27994.78316307068,2538
27995.779991149902,2546
27996.78373336792,2526
27997.775077819824,2550
27998.772621154785,2556
27999.769926071167,2554
28000.7381439209,2542
28001.76453590393,2512
28002.761602401733,2510
28003.758907318115,2516
28004.756450653076,2520
28005.725860595703,2552
28006.75106048584,2554
28007.7486038208,2574
28008.74614715576,2570
28009.742736816406,2578
28010.741233825684,2578
28011.737823486328,2590
28012.735843658447,2574
28013.731956481934,2574
28014.729738235474,2526
28015.727043151855,2520
28016.7293548584,2522
28017.72165298462,2542
28018.71967315674,2542
28019.716262817383,2546
28020.713806152344,2534
28021.711111068726,2518
28022.708892822266,2526
28023.707628250122,2546
28024.70374107361,2550
28025.708198547363,2546
28026.697158813477,2552
28027.694940567017,2542
28028.692960739136,2538
28029.66284751892,2538
28030.659437179565,2558
28031.689167022705,2574
28032.681703567505,2598
28033.679008483887,2590
28034.676551818848,2542
28035.67385673523,2550
28036.67140007019,2556
28037.66894340515,2550
28038.665771484375,2558
28039.636850357056,2538
28040.660858154297,2546
28041.65816307068,2546
28042.65809059143,2552
28043.652057647705,2546
28044.649362564087,2536
28045.646905899048,2518
28046.64444923401,2522
28047.64199256897,2516
28048.639059066772,2510
28049.610137939453,2526
28050.639629364014,2522
28051.631212234497,2494
28052.62851715088,2482
28053.62582206726,2490
28054.62336540222,2482
28055.59730529785,2498
28056.618213653564,2490
28057.61957168579,2490
28058.61258506775,2484
28059.60965156555,2486
28060.61291694641,2480
28061.604738235474,2504
28062.601327896118,2522
28063.599348068237,2518
28064.59665298462,2502
28065.59419631958,2510
28066.59173965454,2504
28067.588090896606,2524
28069.554328918457,2534
28069.554328918457,2514
28070.581674575806,2522
28071.57802581787,2522
28072.574853897095,2538
28073.572158813477,2526
28074.56946372986,2508
28075.567722320557,2540
28076.56455039978,2490
28077.561140060425,2534
28078.559398651123,2542
28079.555988311768,2534
28080.554246902466,2558
28081.55655860901,2550
28082.549333572388,2550
28083.545446395874,2522
28084.542512893677,2534
28085.540294647217,2538
28086.53736114502,2542
28087.53490447998,2538
28088.53268623352,2550
28089.529991149902,2542
28090.527296066284,2574
28091.524362564087,2574
28092.522382736206,2578
28093.519926071167,2546
28094.51675415039,2546
28095.514059066772,2534
28096.510887145996,2546
28097.509622573853,2526
28098.50788116455,2522
28099.50280189514,2546
28100.502490997314,2542
28101.498126983643,2550
28102.495670318604,2550
28103.492259979248,2544
28104.490041732788,2538
28105.48710823059,2546
28106.48465156555,2526
28107.481718063354,2512
28108.482599258423,2506
28109.48419570923,2522
28110.47410964966,2550
28111.47117614746,2542
28112.468719482422,2542
28113.466024398804,2550
28114.463090896606,2546
28115.460872650146,2514
28116.45770072937,2550
28118.42632293701,2510
28118.42632293701,2516
28119.450330734253,2512
28120.447158813477,2510
28122.41268157959,2640
28122.41268157959,2538
28123.438835144043,2538
28124.436378479004,2534
28125.433683395386,2506
28126.431226730347,2538
28127.43592262268,2522
28128.42893600464,2534
28130.393505096436,2542
28130.393505096436,2538
28131.417751312256,2510
28132.415056228638,2516
28134.417057037354,2506
28135.41603088379,2516
28136.404037475586,2514
28137.401580810547,2544
28138.397932052612,2522
28139.382362365723,2486
28140.392780303955,2538
28141.390085220337,2542
28142.38739013672,2526
28143.38493347168,2526
28144.381761550903,2510
28145.38025856018,2504
28146.376371383667,2510
28147.35198020935,2504
28148.37098121643,2510
28149.368286132812,2538
28150.391340255737,2526
28151.38006210327,2518
28152.379751205444,2558
28153.38087081909,2534
28154.380559921265,2534
28155.38191795349,2506
28156.38017654419,2514
28157.34839439392,2510
28158.345699310303,2518
28159.344911575317,2540
28160.341262817383,2520
28161.338090896606,2512
28162.33515739441,2522
28163.33270072937,2522
28164.33024406433,2534
28165.327548980713,2546
28166.325569152832,2542
28167.323112487793,2526
28168.319940567017,2544
28169.31700706482,2518
28170.286655426025,2514
28171.310901641846,2526
28172.279119491577,2526
28173.309326171875,2478
28174.30353164673,2534
28175.30083656311,2524
28176.297903060913,2514
28177.294969558716,2526
28178.293228149414,2526
28179.28981781006,2510
28180.260181427002,2534
28181.25629425049,2506
28182.25383758545,2524
28183.279037475586,2510
28184.277057647705,2538
28185.27340888977,2502
28186.27095222473,2512
28187.268018722534,2514
28188.236713409424,2504
28189.263105392456,2510
28190.26017189026,2494
28191.256761550903,2506
28192.253828048706,2510
28193.251132965088,2506
28194.24843788147,2482
28195.247173309326,2526
28196.222066879272,2526
28197.213888168335,2516
28198.237895965576,2514
28199.23734664917,2536
28200.234174728394,2542
28201.22981071472,2526
28202.227354049683,2550
28203.226804733276,2540
28204.222917556763,2526
28205.219984054565,2502
28206.225156784058,2492
28207.21483230591,2538
28208.21189880371,2514
28209.21564102173,2526
28210.180044174194,2522
28211.204290390015,2526
28212.202072143555,2516
28213.1986618042,2506
28214.19668197632,2512
28215.19374847412,2518
28216.190576553345,2544
28217.187881469727,2510
28218.18971633911,2470
28219.18296813965,2482
28220.18003463745,2518
28221.17853164673,2550
28222.174644470215,2528
28223.172426223755,2510
28224.170207977295,2534
28225.167274475098,2506
28226.1643409729,2526
28227.161645889282,2544
28228.15990447998,2522
28229.156255722046,2512
28230.154037475586,2546
28231.15110397339,2560
28232.15341567993,2578
28233.14595222473,2538
28234.142541885376,2570
28235.141038894653,2502
28236.137628555298,2526
28237.10584640503,2582
28238.102912902832,2542
28239.099979400635,2518
28240.097522735596,2570
28241.094827651978,2544
28242.09213256836,2534
28243.08967590332,2538
28244.086980819702,2544
28245.084047317505,2538
28246.081352233887,2560
28247.078895568848,2534
28248.081922531128,2544
28249.07350540161,2542
28250.071048736572,2574
28251.079559326172,2550
28252.065420150757,2536
28253.06272506714,2534
28254.0602684021,2498
28255.05757331848,2504
28256.054878234863,2526
28257.064819335938,2558
28258.05163383484,2524
28259.0594291687,2524
28260.054111480713,2514
28261.043310165405,2502
28262.04013824463,2536
28263.03791999817,2546
28264.03570175171,2512
28265.032529830933,2534
28266.029834747314,2524
28267.027139663696,2522
28268.024682998657,2540
28269.02151107788,2544
28270.01976966858,2550
28271.016359329224,2640
28272.013664245605,2546
28273.011207580566,2550
28274.007081985474,2542
28275.004386901855,2574
28276.001691818237,2550
28276.99875831604,2588
28277.996301651,2554
28278.993606567383,2546
28279.990911483765,2542
28280.988216400146,2550
28281.98552131653,2542
28282.98282623291,2524
28283.980131149292,2554
28284.977674484253,2514
28285.974979400635,2492
28286.972045898438,2482
28287.96935081482,2470
28288.967847824097,2480
28289.96467590332,2480
28290.989875793457,2484
28291.987419128418,2470
28292.9847240448,2458
28293.981790542603,2476
28294.979333877563,2494
28295.976400375366,2482
28296.974658966064,2506
28297.97077178955,2500
28298.96855354309,2518
28299.96657371521,2554
28300.965070724487,2546
28301.959991455078,2554
28302.9625415802,2550
28303.926944732666,2586
28304.92401123047,2550
28305.92131614685,2558
28306.91885948181,2538
28307.916164398193,2544
28308.913469314575,2546
28309.911012649536,2546
28310.90807914734,2524
28311.90538406372,2534
28312.90292739868,2518
28313.916206359863,2518
28314.897537231445,2518
28315.894842147827,2534
28316.89214706421,2534
28317.88945198059,2542
28318.886756896973,2538
28319.8983669281,2526
28320.881605148315,2532
28321.878910064697,2514
28322.8759765625,2526
28323.87351989746,2502
28324.870824813843,2542
28325.868129730225,2522
28326.865673065186,2534
28327.86273956299,2518
28328.86004447937,2518
28329.857349395752,2520
28330.855131149292,2516
28331.852197647095,2522
28332.849502563477,2510
28333.84656906128,2494
28334.84411239624,2510
28335.841417312622,2514
28336.838722229004,2516
28337.836265563965,2538
28338.833570480347,2534
28339.838981628418,2582
28340.82841873169,2576
28341.82572364807,2550
28342.822790145874,2554
28343.820095062256,2558
28344.817638397217,2554
28345.8149433136,2570
28346.8120098114,2586
28347.809553146362,2542
28348.806858062744,2582
28349.804162979126,2570
28350.801467895508,2580
28351.79901123047,2558
28352.79607772827,2570
28353.793382644653,2582
28354.790925979614,2552
28355.787992477417,2594
28356.785535812378,2590
28357.78260231018,2546
28358.78014564514,2538
28359.777450561523,2542
28360.774755477905,2584
28361.772298812866,2574
28362.769603729248,2540
28363.76667022705,2520
28364.76469039917,2512
28365.761518478394,2554
28366.758823394775,2526
28367.756128311157,2522
28368.753671646118,2520
28369.7509765625,2526
28370.748281478882,2522
28371.745347976685,2470
28372.742891311646,2534
28373.73995780945,2512
28374.73726272583,2526
28375.734567642212,2542
28376.732110977173,2538
28377.729415893555,2534
28378.726720809937,2518
28379.724264144897,2526
28380.725622177124,2570
28381.71887397766,2552
28382.715940475464,2536
28383.713722229004,2552
28384.710788726807,2570
28385.70809364319,2570
28386.70563697815,2550
28387.70294189453,2558
28388.700008392334,2554
28389.697551727295,2568
28390.694856643677,2558
28391.69216156006,2582
28392.68946647644,2554
28393.6870098114,2578
28394.684076309204,2546
28395.681381225586,2578
28396.678924560547,2588
28397.67622947693,2598
28398.67353439331,2570
28399.670839309692,2570
28400.668144226074,2528
28401.665449142456,2518
28402.662754058838,2550
28403.6602973938,2514
28404.65760231018,2502
28405.654907226562,2478
28406.651973724365,2490
28407.649517059326,2490
28408.646821975708,2506
28409.64412689209,2510
28410.64167022705,2504
28411.638975143433,2514
28412.638664245605,2526
28413.63525390625,2542
28414.632558822632,2546
28415.629863739014,2552
28416.627168655396,2556
28417.624473571777,2582
28418.62177848816,2590
28419.61979866028,2576
28420.616626739502,2554
28421.613693237305,2558
28422.611236572266,2586
28423.608779907227,2542
28424.60584640503,2550
28425.60315132141,2546
28426.600694656372,2570
28427.598237991333,2578
28428.595066070557,2582
28429.592847824097,2554
28430.591821670532,2558
28431.58721923828,2570
28432.584524154663,2538
28433.581829071045,2552
28434.579133987427,2542
28435.57620048523,2570
28436.57350540161,2570
28437.57128715515,2532
28438.568353652954,2546
28439.565658569336,2522
28440.563440322876,2538
28441.56050682068,2552
28442.55781173706,2570
28443.553686141968,2576
28444.55075263977,2570
28445.547819137573,2570
28446.545362472534,2544
28447.542905807495,2522
28448.539972305298,2522
28449.537754058838,2542
28450.53482055664,2546
28451.532125473022,2538
28452.529668807983,2522
28453.526735305786,2532
28454.524040222168,2522
28455.52134513855,2548
28456.51888847351,2526
28457.516193389893,2502
28458.513498306274,2518
28459.512948989868,2526
28460.53671836853,2670
28461.536645889282,2510
28462.531089782715,2502
28463.528156280518,2480
28464.499473571777,2494
28465.52300453186,2490
28466.521978378296,2490
28467.517614364624,2470
28468.515157699585,2478
28469.515562057495,2474
28470.483779907227,2510
28471.50731086731,2512
28472.477436065674,2426
28474.470853805542,2480
28475.467920303345,2500
28476.465225219727,2532
28477.462768554688,2542
28478.46007347107,2544
28478.46007347107,2534
28480.462074279785,2538
28481.45627975464,2542
28482.455492019653,2550
28482.455492019653,2536
28483.446836471558,2540
28484.44414138794,2528
28485.44144630432,2536
28486.438751220703,2524
28487.435817718506,2518
28489.431858062744,2534
28489.431858062744,2554
28490.46015739441,2536
28492.422819137573,2542
28492.422819137573,2522
28494.417667388916,2510
28495.41473388672,2518
28496.4120388031,2522
28497.409343719482,2552
28498.406887054443,2550
28499.40800666809,2546
28500.401496887207,2550
28501.402378082275,2574
28502.3992061615,2494
28503.401041030884,2578
28504.39953804016,2546
28505.41639328003,2548
28506.413459777832,2550
28507.410764694214,2554
28508.409023284912,2534
28509.406089782715,2542
28510.403394699097,2526
28511.4004611969,2548
28512.40062713623,2550
28513.394594192505,2546
28514.392137527466,2574
28515.389919281006,2580
28516.390085220337,2574
28517.38452911377,2544
28518.385648727417,2524
28519.378900527954,2546
28520.378351211548,2538
28521.35419845581,2550
28522.343158721924,2546
28523.340225219727,2576
28524.33753013611,2554
28525.33459663391,2542
28526.332139968872,2558
28527.329444885254,2578
28528.326749801636,2596
28529.324293136597,2572
28530.3213596344,2580
28531.31866455078,2550
28532.315969467163,2570
28533.31470489502,2556
28534.31510925293,2548
28535.31527519226,2550
28536.315202713013,2534
28537.315845489502,2554
28538.31934928894,2586
28539.31450843811,2558
28540.294885635376,2550
28541.29195213318,2546
28542.28925704956,2596
28543.28680038452,2528
28544.284105300903,2550
28545.281410217285,2522
28546.278476715088,2534
28547.276258468628,2512
28548.27332496643,2514
28549.270629882812,2532
28550.268173217773,2534
28551.265478134155,2534
28552.262544631958,2538
28553.25984954834,2538
28554.2573928833,2526
28555.254697799683,2538
28556.252002716064,2538
28557.249546051025,2534
28558.246612548828,2534
28559.24391746521,2522
28560.24146080017,2536
28561.238765716553,2534
28562.236070632935,2558
28563.233137130737,2578
28564.23044204712,2558
28565.22798538208,2554
28566.225290298462,2542
28567.225694656372,2546
28568.22180747986,2544
28569.2195892334,2550
28570.216417312622,2542
28571.214199066162,2544
28572.211027145386,2558
28573.208570480347,2538
28574.20587539673,2538
28575.20294189453,2570
28576.200246810913,2546
28577.197790145874,2542
28578.194856643677,2534
28579.192399978638,2518
28580.190181732178,2520
28581.1870098114,2574
28582.18479156494,2542
28583.181619644165,2538
28584.179162979126,2546
28585.17622947693,2534
28586.17377281189,2544
28587.17107772827,2526
28588.168382644653,2536
28589.165687561035,2524
28590.16180038452,2534
28591.158628463745,2536
28592.156171798706,2538
28593.153476715088,2518
28594.15054321289,2526
28595.147848129272,2546
28596.145629882812,2558
28597.17106819153,2570
28598.16837310791,2548
28599.138021469116,2550
28600.163221359253,2550
28601.159811019897,2554
28602.15735435486,2542
28603.15489768982,2558
28604.1522026062,2552
28605.15308380127,2534
28606.147289276123,2534
28607.145309448242,2550
28608.141660690308,2550
28609.13872718811,2538
28610.10980606079,2542
28611.133575439453,2538
28612.131595611572,2550
28613.101720809937,2534
28614.09878730774,2526
28615.095853805542,2542
28616.093397140503,2542
28617.090702056885,2544
28618.088006973267,2522
28619.085550308228,2534
28620.083570480347,2546
28621.078968048096,2540
28622.0760345459,2574
28623.07333946228,2550
28624.070644378662,2530
28625.067949295044,2534
28626.065254211426,2546
28627.062797546387,2548
28628.060340881348,2514
28629.06265258789,2516
28630.054712295532,2526
28631.052255630493,2534
28632.049560546875,2542
28633.046627044678,2526
28634.04417037964,2540
28635.04147529602,2550
28636.038541793823,2538
28637.035846710205,2508
28638.033390045166,2542
28639.030694961548,2528
28640.02799987793,2544
28641.02554321289,2462
28642.022848129272,2526
28643.020153045654,2514
28644.02198791504,2542
28645.014762878418,2550
28646.0120677948,2542
28647.00937271118,2534
28648.006439208984,2524
28649.003982543945,2526
28650.001525878906,2524
28650.99859237671,2538
28651.99613571167,2548
28652.99367904663,2526
28653.990745544434,2524
28654.988050460815,2522
28655.985593795776,2546
28656.98266029358,2526
28657.97996520996,2526
28658.977508544922,2528
28659.974575042725,2522
28660.971879959106,2510
28661.969423294067,2510
28662.96672821045,2526
28663.96427154541,2526
28664.961338043213,2542
28665.958881378174,2522
28666.955947875977,2522
28667.95325279236,2502
28668.95079612732,2518
28669.9481010437,2526
28670.945405960083,2522
28671.942710876465,2512
28672.940015792847,2514
28673.93732070923,2516
28674.93486404419,2514
28675.93216896057,2506
28676.929473876953,2510
28677.926540374756,2514
28678.923845291138,2512
28679.921627044678,2516
28680.91869354248,2512
28681.915998458862,2506
28682.913541793823,2518
28683.910608291626,2502
28684.907913208008,2514
28685.90521812439,2514
28686.90276145935,2506
28687.900066375732,2522
28688.91143798828,2526
28689.895153045654,2538
28690.892219543457,2522
28691.889762878418,2538
28692.88659095764,2546
28693.884134292603,2538
28694.881439208984,2534
28695.878505706787,2550
28696.876049041748,2532
28697.87335395813,2510
28698.87065887451,2534
28699.868202209473,2558
28700.865507125854,2542
28701.862812042236,2518
28702.85987854004,2550
28703.857421875,2538
28706.850051879883,2554
28706.850051879883,2538
28706.850051879883,2554
28708.34994316101,2534
28708.853483200073,2538
28710.355520248413,2548
28711.354732513428,2550
28712.35203742981,2570
28713.34958076477,2546
28714.346647262573,2542
28715.343713760376,2546
28716.341257095337,2536
28717.341661453247,2542
28718.33562850952,2546
28719.333171844482,2542
28720.33452987671,2582
28721.330642700195,2574
28722.342491149902,2550
28723.325490951538,2538
28724.32279586792,2518
28725.319623947144,2546
28726.316928863525,2554
28727.314949035645,2546
28728.31153869629,2574
28729.30932044983,2540
28730.30662536621,2554
28731.30440711975,2550
28732.311010360718,2556
28733.2980632782,2536
28734.29536819458,2538
28735.29291152954,2542
28736.310243606567,2526
28737.287044525146,2534
28738.286018371582,2538
28739.28213119507,2522
28740.27943611145,2522
28741.276741027832,2546
28742.274284362793,2546
28743.271589279175,2546
28744.268894195557,2546
28745.26596069336,2554
28746.26350402832,2538
28747.26152420044,2550
28748.257875442505,2542
28749.255657196045,2546
28750.253677368164,2550
28751.25002861023,2544
28752.24733352661,2546
28753.24535369873,2534
28754.241943359375,2526
28755.239248275757,2542
28756.237030029297,2542
28757.23433494568,2534
28758.23140144348,2542
28759.228229522705,2542
28760.22434234619,2554
28761.221647262573,2550
28762.220859527588,2550
28763.21792602539,2586
28764.215230941772,2552
28765.212297439575,2546
28766.23773574829,2554
28767.235040664673,2542
28768.231868743896,2550
28769.2289352417,2528
28770.227670669556,2542
28771.223783493042,2518
28772.22180366516,2532
28773.218154907227,2540
28774.215936660767,2514
28775.217294692993,2518
28776.21030807495,2518
28777.179718017578,2518
28778.204917907715,2538
28779.201984405518,2522
28780.200958251953,2520
28781.169652938843,2520
28782.166719436646,2574
28783.164024353027,2514
28784.16109085083,2534
28785.15863418579,2550
28786.155700683594,2536
28787.153482437134,2502
28788.150787353516,2514
28789.148330688477,2510
28790.144443511963,2538
28791.141271591187,2534
28792.13857650757,2514
28793.13611984253,2510
28794.133186340332,2512
28795.130729675293,2526
28796.127796173096,2542
28798.123121261597,2518
28798.123121261597,2512
28799.120903015137,2522
28800.11773109436,2514
28801.114797592163,2522
28802.111864089966,2518
28803.109169006348,2500
28804.10647392273,2542
28805.10401725769,2522
28806.10156059265,2504
28807.099103927612,2532
28808.126211166382,2522
28809.093952178955,2502
28810.092210769653,2534
28811.089277267456,2518
28812.11519241333,2526
28813.085079193115,2538
28814.082384109497,2546
28815.07897377014,2532
28816.076517105103,2538
28817.073822021484,2538
28818.071126937866,2526
28819.068670272827,2526
28820.06597518921,2542
28821.06328010559,2542
28822.060346603394,2542
28823.057889938354,2534
28824.055194854736,2526
28825.05226135254,2520
28826.0498046875,2546
28827.047109603882,2542
28828.044891357422,2574
28829.041719436646,2548
28830.039262771606,2560
28831.03656768799,2538
28832.03387260437,2546
28833.031177520752,2576
28834.028482437134,2554
28835.025787353516,2550
28836.023092269897,2558
28837.02063560486,2558
28838.019847869873,2546
28839.015245437622,2552
28840.013027191162,2550
28841.009855270386,2574
28842.00692176819,2542
28843.00398826599,2584
28844.029903411865,2544
28845.02625465393,2554
28846.02379798889,2546
28847.02467918396,2550
28848.018407821655,2546
28849.016904830933,2526
28850.013256072998,2528
28851.01079940796,2546
28852.007389068604,2534
28853.005409240723,2550
28854.001760482788,2538
28854.999542236328,2526
28855.99684715271,2550
28856.99439048767,2554
28857.991695404053,2554
28858.98995399475,2542
28859.98797416687,2538
28860.9836101532,2540
28861.98616027832,2554
28862.94937133789,2534
28863.94691467285,2542
28864.943981170654,2534
28865.941286087036,2542
28866.94049835205,2546
28867.971658706665,2570
28868.93343925476,2558
28869.93098258972,2544
28870.928525924683,2546
28871.927976608276,2534
28872.923135757446,2550
28873.923778533936,2518
28874.92036819458,2514
28875.917434692383,2540
28876.91903114319,2552
28877.91156768799,2536
28878.90887260437,2546
28879.90641593933,2544
28880.90443611145,2534
28881.89959526062,2534
28882.914066314697,2538
28883.895874023438,2540
28884.91988182068,2526
28885.91718673706,2532
28886.91520690918,2550
28887.912034988403,2536
28888.909578323364,2526
28889.877796173096,2550
28890.8748626709,2572
28891.87216758728,2546
28892.869234085083,2534
28893.867015838623,2510
28894.86527442932,2534
28895.890474319458,2534
28896.868467330933,2522
28897.886276245117,2534
28898.883819580078,2534
28899.884462356567,2514
28900.87842941284,2494
28901.875495910645,2526
28902.873277664185,2550
28903.84292602539,2542
28904.83784675598,2544
28905.834913253784,2550
28906.86297416687,2542
28907.8311920166,2570
28908.82706642151,2534
28909.826040267944,2546
28910.82262992859,2546
28911.81969642639,2534
28912.816762924194,2546
28913.814544677734,2550
28914.812088012695,2548
28915.809154510498,2546
28916.80645942688,2544
28917.803525924683,2548
28918.801069259644,2522
28919.798851013184,2540
28920.796394348145,2536
28921.793222427368,2538
28922.79076576233,2530
28923.787832260132,2526
28924.784898757935,2538
28925.781965255737,2534
28926.779985427856,2538
28927.7765750885,2542
28928.77435684204,2538
28929.771423339844,2528
28930.768251419067,2550
28931.766748428345,2540
28932.76357650757,2582
28933.76064300537,2514
28934.759378433228,2554
28935.75644493103,2550
28936.78855895996,2526
28937.77823448181,2546
28938.77601623535,2574
28939.7451877594,2554
28940.742015838623,2546
28941.74027442932,2540
28942.736864089966,2526
28943.734645843506,2514
28944.73171234131,2534
28945.72901725769,2546
28946.757555007935,2522
28947.723865509033,2526
28948.74930381775,2494
28949.71990585327,2518
28950.74462890625,2546
28951.740980148315,2526
28952.738523483276,2514
28953.73582839966,2514
28954.73313331604,2516
28955.714464187622,2522
28956.727027893066,2524
28957.72385597229,2518
28958.72139930725,2534
28959.69319343567,2542
28960.71720123291,2558
28961.714267730713,2556
28962.719202041626,2538
28963.709354400635,2506
28964.706897735596,2522
28965.70372581482,2546
28966.7010307312,2534
28967.698335647583,2526
28968.697547912598,2514
28969.693183898926,2506
28970.690965652466,2520
28971.68803215027,2510
28972.691297531128,2542
28973.68550300598,2544
28974.680185317993,2522
28975.677251815796,2550
28976.674795150757,2534
28977.672815322876,2534
28978.66916656494,2534
28979.666233062744,2538
28980.63635826111,2534
28981.68683052063,2550
28982.658624649048,2526
28983.65569114685,2544
28984.65323448181,2558
28985.650539398193,2532
28986.647605895996,2534
28987.645864486694,2546
28988.642930984497,2526
28989.641189575195,2526
28990.63730239868,2548
28991.639375686646,2558
28992.632150650024,2534
28993.63684654236,2528
28994.626760482788,2526
28995.62430381775,2546
28996.60038948059,2526
28997.592210769653,2544
28998.588800430298,2534
28999.586820602417,2522
29000.584602355957,2538
29001.5811920166,2542
29002.578020095825,2542
29003.575563430786,2544
29004.572868347168,2522
29005.570650100708,2538
29006.567239761353,2534
29007.564783096313,2540
29008.562088012695,2534
29009.557962417603,2550
29010.558128356934,2544
29011.552333831787,2526
29012.54892349243,2518
29013.546466827393,2550
29014.543771743774,2542
29015.540838241577,2558
29016.538381576538,2526
29017.53568649292,2514
29018.5329914093,2518
29019.530534744263,2550
29020.527839660645,2552
29021.525144577026,2550
29022.52221107483,2576
29023.51975440979,2520
29024.517059326172,2530
29025.514364242554,2526
29026.511430740356,2526
29027.53758430481,2522
29028.534412384033,2552
29029.532432556152,2518
29030.530214309692,2522
29031.529664993286,2526
29032.52387046814,2548
29033.5214138031,2532
29035.48836708069,2544
29036.486625671387,2550
29037.48369216919,2524
29038.48099708557,2512
29039.48950767517,2522
29040.476083755493,2522
29040.476083755493,2542
29041.473388671875,2550
29042.470455169678,2534
29043.49422454834,2544
29044.49200630188,2548
29045.48954963684,2544
29046.4870929718,2526
29047.456979751587,2538
29048.481225967407,2518
29049.450874328613,2534
29050.47583580017,2522
29051.473140716553,2522
29052.470207214355,2506
29053.467750549316,2526
29054.465293884277,2518
29055.466175079346,2508
29056.459665298462,2494
29058.42661857605,2518
29059.42392349243,2524
29060.426950454712,2510
29061.43021583557,2514
29062.415838241577,2510
29063.41314315796,2506
29064.41020965576,2526
29065.407752990723,2522
29066.405057907104,2502
29067.402362823486,2518
29068.39942932129,2524
29069.39721107483,2522
29070.394277572632,2526
29071.391582489014,2518
29072.389125823975,2516
29073.41480255127,2518
29074.413537979126,2506
29075.409412384033,2516
29076.407194137573,2526
29077.404022216797,2538
29078.402042388916,2536
29079.39887046814,2546
29080.397367477417,2542
29081.393718719482,2542
29082.391023635864,2542
29083.388566970825,2542
29084.385633468628,2526
29085.38246154785,2570
29086.380004882812,2548
29087.37802505493,2546
29088.375091552734,2548
29089.346170425415,2582
29090.34276008606,2554
29091.339826583862,2492
29092.337369918823,2578
29093.334674835205,2550
29094.331979751587,2544
29095.329523086548,2540
29096.32682800293,2574
29097.32484817505,2546
29098.321199417114,2546
29099.318742752075,2546
29100.31747817993,2542
29101.319551467896,2582
29102.31637954712,2576
29103.316068649292,2520
29104.31671142578,2576
29105.315685272217,2570
29106.315851211548,2546
29107.31601715088,2538
29108.294248580933,2544
29109.29226875305,2538
29110.289096832275,2538
29111.286163330078,2550
29112.28346824646,2518
29113.28101158142,2518
29114.278554916382,2528
29115.275621414185,2552
29116.273164749146,2550
29117.270469665527,2544
29118.26753616333,2540
29119.26770210266,2524
29120.291709899902,2574
29121.28734588623,2546
29122.287034988403,2538
29123.2807636261,2514
29124.278783798218,2544
29125.2760887146,2526
29126.27339363098,2544
29127.270698547363,2546
29128.267526626587,2470
29129.265546798706,2520
29130.264043807983,2554
29131.26039505005,2542
29132.256984710693,2518
29133.254766464233,2550
29134.251832962036,2518
29135.249137878418,2520
29136.246919631958,2522
29137.24422454834,2518
29138.24200630188,2526
29139.23978805542,2546
29140.236377716064,2544
29141.233205795288,2536
29142.231464385986,2540
29143.230676651,2522
29144.225358963013,2522
29145.22385597229,2524
29146.220207214355,2542
29147.217512130737,2506
29148.21434020996,2518
29149.21236038208,2522
29150.182723999023,2542
29151.206493377686,2538
29152.204275131226,2538
29153.201580047607,2538
29154.19864654541,2546
29155.195713043213,2534
29156.193256378174,2538
29157.190799713135,2510
29158.18762779236,2500
29159.1854095459,2514
29160.184144973755,2538
29161.179542541504,2550
29162.176609039307,2538
29163.174152374268,2506
29164.172172546387,2522
29165.16923904419,2542
29166.16725921631,2524
29167.16480255127,2526
29168.161392211914,2526
29169.158697128296,2520
29170.161724090576,2528
29171.15306854248,2540
29172.15085029602,2546
29173.147916793823,2530
29174.145460128784,2514
29175.142288208008,2548
29176.140785217285,2550
29177.13761329651,2522
29178.13467979431,2510
29179.165840148926,2510
29180.135011672974,2526
29181.09893798828,2518
29182.096004486084,2534
29183.093070983887,2530
29184.090614318848,2542
29185.08791923523,2544
29186.084985733032,2546
29187.082290649414,2526
29188.079595565796,2526
29189.077138900757,2542
29190.07444381714,2538
29191.0719871521,2526
29192.069053649902,2532
29193.066596984863,2518
29194.064140319824,2520
29195.061206817627,2514
29196.058988571167,2550
29197.0636844635,2526
29198.057174682617,2522
29199.052333831787,2518
29200.050830841064,2538
29201.061248779297,2510
29202.054023742676,2526
29203.041553497314,2526
29204.039096832275,2520
29205.036163330078,2522
29206.03346824646,2534
29207.03148841858,2522
29208.028316497803,2538
29209.02419090271,2518
29210.023880004883,2546
29211.021423339844,2538
29212.045431137085,2534
29214.725494384766,2514
29214.725494384766,2510
29214.725494384766,2526
29215.842723846436,2536
29216.78638458252,2546
29217.915058135986,2538
29218.91450881958,2554
29219.911575317383,2554
29220.908880233765,2558
29221.906661987305,2558
29222.90349006653,2574
29223.90079498291,2574
29224.89857673645,2538
29225.895643234253,2546
29226.892948150635,2534
29227.890014648438,2526
29228.8875579834,2550
29229.8846244812,2550
29230.881929397583,2554
29231.879949569702,2542
29232.877016067505,2534
29233.900785446167,2542
29234.901666641235,2538
29235.899209976196,2546
29236.896514892578,2526
29237.863779067993,2546
29238.89183998108,2542
29239.858388900757,2554
29240.85569381714,2522
29241.854429244995,2538
29242.879390716553,2550
29243.847846984863,2570
29244.874000549316,2578
29245.84436416626,2550
29246.86861038208,2550
29247.83706665039,2546
29248.834371566772,2558
29249.831914901733,2576
29250.828981399536,2540
29251.857042312622,2510
29252.8235912323,2554
29253.849983215332,2544
29254.818439483643,2546
29255.815505981445,2550
29256.813764572144,2538
29257.84182548523,2538
29258.80765914917,2534
29259.832620620728,2510
29260.802507400513,2530
29261.80076599121,2522
29262.797117233276,2526
29263.80968093872,2512
29264.79196548462,2522
29265.823125839233,2510
29266.786575317383,2538
29267.81415939331,2546
29268.780946731567,2546
29269.808769226074,2518
29270.78676223755,2518
29271.773099899292,2478
29272.770404815674,2518
29273.795127868652,2516
29274.792671203613,2542
29275.790452957153,2514
29276.789903640747,2528
29277.7841091156,2518
29278.782606124878,2550
29279.783248901367,2542
29280.750513076782,2538
29281.77499771118,2542
29282.772541046143,2514
29283.770084381104,2534
29284.772396087646,2534
29285.764694213867,2546
29286.762475967407,2546
29287.75930404663,2536
29288.763284683228,2526
29289.753913879395,2542
29290.751218795776,2494
29291.748762130737,2568
29292.74582862854,2570
29293.742895126343,2550
29294.74115371704,2526
29295.737981796265,2536
29296.735048294067,2526
29297.704935073853,2526
29298.72989654541,2538
29299.727201461792,2534
29300.724744796753,2528
29301.722288131714,2534
29302.719116210938,2536
29303.687810897827,2546
29304.685831069946,2570
29305.684089660645,2550
29306.67996406555,2534
29307.70707130432,2516
29308.673858642578,2544
29309.671640396118,2546
29310.698986053467,2522
29311.666250228882,2534
29312.69335746765,2534
29313.69376182556,2538
29314.658403396606,2550
29315.685749053955,2546
29316.65325164795,2534
29317.68012046814,2542
29318.647623062134,2522
29319.676160812378,2512
29320.642471313477,2534
29321.63953781128,2524
29322.63684272766,2510
29323.66371154785,2526
29324.631452560425,2542
29325.657844543457,2538
29326.626539230347,2536
29327.65221595764,2546
29328.62091064453,2542
29329.617977142334,2558
29330.615758895874,2546
29331.612825393677,2546
29332.610368728638,2516
29333.63699913025,2542
29334.604740142822,2538
29335.602045059204,2522
29336.616277694702,2538
29337.597370147705,2538
29338.645458221436,2526
29339.59174156189,2534
29340.590238571167,2526
29341.586112976074,2540
29342.583656311035,2544
29343.610525131226,2538
29344.578742980957,2534
29345.5867767334,2534
29346.574068069458,2538
29347.570419311523,2546
29348.597764968872,2570
29349.565029144287,2558
29350.592613220215,2546
29351.55987739563,2542
29352.556943893433,2542
29353.588581085205,2550
29354.551792144775,2526
29355.584383010864,2538
29356.54640197754,2570
29357.544660568237,2540
29358.57105255127,2578
29360.535383224487,2550
29360.535383224487,2546
29361.568927764893,2522
29362.53046989441,2546
29363.527297973633,2538
29364.524841308594,2542
29365.521907806396,2544
29366.519689559937,2534
29367.54584312439,2534
29368.517875671387,2542
29369.542121887207,2510
29370.509386062622,2526
29371.506214141846,2544
29373.50106239319,2526
29374.49836730957,2534
29374.49836730957,2554
29375.495433807373,2550
29377.490520477295,2546
29377.490520477295,2538
29379.48489189148,2550
29380.48243522644,2542
29380.48243522644,2546
29381.479501724243,2550
29382.476329803467,2538
29383.473873138428,2526
29384.47117805481,2528
29386.465787887573,2538
29387.462854385376,2546
29388.47017288208,2554
29388.47017288208,2558
29389.458179473877,2558
29390.45524597168,2544
29391.452312469482,2554
29392.449617385864,2536
29393.447160720825,2554
29394.444465637207,2574
29395.442008972168,2538
29396.43883705139,2534
29397.436380386353,2534
29398.433685302734,2552
29400.429010391235,2534
29400.429010391235,2550
29401.42583847046,2536
29402.42290496826,2526
29403.420209884644,2522
29405.415058135986,2538
29406.412363052368,2554
29407.40990638733,2546
29408.40721130371,2528
29409.404516220093,2518
29410.402297973633,2542
29411.399364471436,2536
29412.396907806396,2550
29413.39373588562,2518
29414.39151763916,2502
29415.39430618286,2506
29416.386365890503,2526
29417.386054992676,2546
29418.380975723267,2558
29419.378519058228,2526
29420.37534713745,2528
29421.372652053833,2522
29422.369956970215,2522
29423.367023468018,2534
29424.3643283844,2518
29425.36187171936,2518
29426.368713378906,2534
29427.356243133545,2510
29428.353786468506,2522
29429.351329803467,2522
29430.34839630127,2518
29431.34570121765,2542
29432.343006134033,2542
29433.340311050415,2536
29434.337615966797,2536
29435.335159301758,2542
29436.33246421814,2538
29437.329530715942,2534
29438.326835632324,2518
29439.324378967285,2514
29440.321922302246,2534
29441.31898880005,2558
29442.31653213501,2490
29443.31383705139,2548
29444.311141967773,2536
29445.308208465576,2550
29446.305751800537,2556
29447.325944900513,2526
29448.3003616333,2534
29449.29790496826,2542
29450.294971466064,2554
29451.292276382446,2538
29452.289581298828,2518
29453.28712463379,2552
29454.28442955017,2538
29455.281496047974,2550
29456.279039382935,2554
29457.276344299316,2526
29458.2736492157,2532
29459.2707157135,2572
29460.26849746704,2542
29461.265563964844,2510
29462.263107299805,2526
29463.260412216187,2534
29464.25771713257,2520
29465.25526046753,2514
29466.252326965332,2520
29467.249631881714,2500
29468.246936798096,2518
29469.244241714478,2538
29470.242023468018,2528
29471.23908996582,2514
29472.23711013794,2510
29473.233938217163,2516
29474.231004714966,2506
29475.228309631348,2498
29476.22561454773,2502
29477.22315788269,2502
29478.220462799072,2512
29479.217529296875,2542
29480.215311050415,2510
29481.212377548218,2518
29482.2096824646,2526
29483.20698738098,2514
29484.204530715942,2542
29485.201597213745,2534
29486.199140548706,2518
29487.19620704651,2520
29488.19375038147,2534
29489.19105529785,2522
29490.188360214233,2542
29491.185903549194,2490
29492.182970046997,2522
29493.18027496338,2538
29494.17757987976,2538
29495.17512321472,2514
29496.172428131104,2506
29497.169494628906,2510
29498.167037963867,2502
29499.16434288025,2524
29500.16164779663,2544
29501.158952713013,2522
29502.156496047974,2518
29503.153562545776,2538
29504.178762435913,2544
29505.176544189453,2544
29506.173849105835,2510
29507.171154022217,2528
29508.169412612915,2526
29509.138107299805,2526
29510.16330718994,2512
29511.159896850586,2512
29512.15934753418,2526
29513.156175613403,2524
29514.13917541504,2544
29515.149354934692,2526
29516.15262031555,2546
29517.11654663086,2556
29518.113613128662,2550
29519.110918045044,2538
29520.108461380005,2550
29521.105527877808,2510
29522.10283279419,2536
29523.10037612915,2556
29524.097442626953,2528
29525.094747543335,2522
29526.092290878296,2550
29527.089595794678,2538
29528.08690071106,2534
29529.08420562744,2538
29530.081748962402,2554
29531.078815460205,2570
29532.076358795166,2578
29533.073902130127,2546
29534.07096862793,2554
29535.069227218628,2546
29536.09848022461,2558
29537.092924118042,2554
29538.092136383057,2548
29539.058923721313,2526
29540.088653564453,2540
29541.053771972656,2554
29542.079210281372,2526
29543.076753616333,2554
29544.073820114136,2574
29545.07064819336,2546
29546.0684299469,2526
29547.0712184906,2522
29548.07424545288,2526
29549.060344696045,2526
29550.067901611328,2510
29551.055669784546,2548
29552.067756652832,2510
29553.04980278015,2514
29554.064750671387,2534
29555.044651031494,2550
29556.042194366455,2550
29557.06834793091,2514
29558.03632736206,2510
29559.0341091156,2542
29560.00256538391,2540
29561.028480529785,2538
29562.026500701904,2534
29563.023567199707,2534
29563.992738723755,2534
29565.01793861389,2542
29566.02144241333,2542
29567.012548446655,2514
29568.009853363037,2518
29569.00668144226,2522
29570.00422477722,2532
29571.00200653076,2510
29571.999311447144,2514
29572.997093200684,2526
29573.993921279907,2522
29574.991464614868,2514
29575.98829269409,2518
29576.98631286621,2526
29577.98671722412,2550
29578.980207443237,2530
29579.978466033936,2522
29580.97505569458,2534
29581.972360610962,2504
29582.969903945923,2518
29583.966970443726,2518
29584.964990615845,2538
29585.96181869507,2514
29586.95936203003,2534
29587.95714378357,2526
29588.929891586304,2558
29589.958906173706,2542
29590.948820114136,2554
29591.94588661194,2534
29592.94319152832,2572
29593.94097328186,2538
29594.938278198242,2526
29595.935583114624,2542
29596.932649612427,2538
29597.92995452881,2542
29598.92749786377,2512
29599.924325942993,2552
29600.895404815674,2522
29601.919174194336,2512
29602.916479110718,2526
29603.91354560852,2522
29604.91108894348,2522
29605.88002204895,2538
29606.87828063965,2510
29607.87558555603,2518
29608.872890472412,2550
29609.870672225952,2554
29610.867261886597,2548
29611.891508102417,2550
29612.860918045044,2522
29613.88611793518,2514
29614.88366127014,2536
29615.880966186523,2522
29616.880655288696,2514
29617.875337600708,2518
29618.87240409851,2528
29619.86994743347,2542
29620.8393573761,2522
29621.866464614868,2512
29622.865676879883,2534
29623.85869026184,2514
29624.8562335968,2526
29625.853300094604,2538
29626.850605010986,2506
29627.849102020264,2526
29628.846168518066,2528
29629.84538078308,2534
29630.813360214233,2538
29631.83856010437,2538
29632.835626602173,2524
29633.833408355713,2546
29634.830474853516,2540
29635.82730293274,2520
29636.8248462677,2526
29637.821674346924,2538
29638.822078704834,2518
29639.817714691162,2532
29640.815019607544,2540
29641.8137550354,2546
29642.81463623047,2526
29643.80645751953,2548
29644.775390625,2546
29645.772457122803,2538
29646.769523620605,2540
29647.766828536987,2526
29648.76437187195,2526
29649.76191520691,2536
29650.758981704712,2514
29651.756525039673,2538
29652.753591537476,2510
29653.750896453857,2524
29654.74820137024,2546
29655.7457447052,2580
29656.743049621582,2542
29657.740354537964,2534
29658.76579284668,2518
29659.735441207886,2538
29660.760641098022,2538
29661.757946014404,2536
29662.755966186523,2546
29663.752555847168,2514
29664.74938392639,2518
29665.74764251709,2552
29666.744709014893,2542
29667.747259140015,2538
29668.740034103394,2550
29669.737100601196,2572
29670.73369026184,2538
29671.73194885254,2534
29672.702074050903,2538
29673.7003326416,2550
29674.697160720825,2542
29675.694465637207,2530
29676.69177055359,2540
29677.68883705139,2528
29678.686141967773,2538
29679.683208465576,2570
29680.680751800537,2578
29681.678295135498,2554
29682.6753616333,2526
29683.672666549683,2548
29684.670448303223,2550
29685.667276382446,2526
29686.664581298828,2526
29687.66164779663,2522
29688.65942955017,2534
29689.655542373657,2542
29690.65237045288,2574
29691.649675369263,2582
29692.646980285645,2538
29693.644523620605,2574
29694.64159011841,2546
29695.63889503479,2546
29696.636199951172,2550
29697.633743286133,2536
29698.630809783936,2524
29699.628353118896,2538
29700.625896453857,2540
29701.62296295166,2556
29702.620267868042,2536
29703.617572784424,2536
29704.615116119385,2516
29705.612897872925,2540
29706.60972595215,2516
29707.60703086853,2514
29708.604335784912,2524
29709.601640701294,2546
29710.599184036255,2516
29711.596488952637,2514
29712.59355545044,2522
29713.59086036682,2524
29714.588403701782,2542
29715.585708618164,2524
29716.583013534546,2520
29717.580556869507,2520
29718.57762336731,2556
29719.57492828369,2570
29720.57342529297,2558
29721.569776535034,2532
29722.567081451416,2532
29723.564386367798,2544
29724.5614528656,2570
29725.55899620056,2572
29726.556301116943,2538
29728.551626205444,2554
29728.551626205444,2582
29729.578256607056,2574
29730.581521987915,2556
29731.57262802124,2558
29732.569694519043,2542
29733.567714691162,2546
29734.564304351807,2574
29735.546112060547,2550
29736.530542373657,2526
29737.529039382935,2542
29738.55471611023,2546
29739.522457122803,2546
29740.519523620605,2554
29741.546630859375,2538
29743.51167678833,2518
29743.51167678833,2524
29744.53830718994,2540
29745.535373687744,2522
29746.532440185547,2518
29747.501134872437,2518
29748.52728843689,2514
29749.5334148407,2532
29750.52809715271,2538
29751.519203186035,2512
29752.516746520996,2534
29753.51357460022,2554
29754.51707839966,2544
29755.508422851562,2534
29756.508588790894,2548
29757.503032684326,2550
29758.50009918213,2550
29759.499073028564,2556
29760.49542427063,2550
29761.492490768433,2544
29762.489795684814,2542
29763.487100601196,2546
29764.491081237793,2556
29765.48171043396,2554
29766.4794921875,2538
29767.447233200073,2534
29768.444299697876,2544
29769.441604614258,2548
29770.43890953064,2570
29772.433757781982,2528
29772.433757781982,2542
29773.430824279785,2538
29774.428367614746,2520
29775.425672531128,2540
29776.42297744751,2542
29777.42028236389,2516
29779.414892196655,2514
29780.412197113037,2518
29781.409740447998,2514
29782.40704536438,2512
29783.4050655365,2510
29784.4021320343,2510
29785.399436950684,2514
29787.01686859131,2518
29787.393808364868,2510
29788.39111328125,2526
29789.39652442932,2522
29790.395736694336,2506
29790.898323059082,2642
29791.897296905518,2512
29792.89436340332,2522
29793.891668319702,2536
29794.889211654663,2526
29795.886516571045,2526
29796.883821487427,2550
29797.88112640381,2546
29798.87843132019,2526
29799.87597465515,2538
29800.873279571533,2544
29801.870584487915,2540
29802.867889404297,2546
29803.86519432068,2540
29804.86226081848,2536
29805.86004257202,2518
29806.857585906982,2510
29807.854652404785,2510
29808.851718902588,2514
29809.84926223755,2550
29810.84632873535,2558
29811.84434890747,2546
29812.841176986694,2546
29813.838481903076,2544
29814.83745574951,2546
29815.863132476807,2570
29816.85996055603,2558
29817.85750389099,2578
29818.85528564453,2574
29819.852113723755,2582
29820.820331573486,2570
29821.846961975098,2550
29822.843551635742,2582
29823.840856552124,2550
29824.83983039856,2532
29825.80804824829,2534
29826.807260513306,2518
29827.803373336792,2534
29828.828811645508,2538
29829.795837402344,2526
29830.793380737305,2516
29831.790447235107,2538
29832.78775215149,2512
29833.78505706787,2526
29834.782361984253,2518
29835.779428482056,2552
29836.776971817017,2546
29837.7742767334,2580
29838.77158164978,2536
29839.76912498474,2602
29840.766429901123,2558
29841.763734817505,2554
29842.760801315308,2558
29843.75834465027,2554
29844.756364822388,2566
29845.75343132019,2554
29846.750736236572,2554
29847.748041152954,2570
29848.745346069336,2570
29849.742889404297,2548
29850.740432739258,2592
29851.73749923706,2542
29852.73504257202,2522
29853.732585906982,2550
29854.729652404785,2550
29855.72648048401,2544
29856.72378540039,2546
29857.72132873535,2542
29858.718633651733,2532
29859.715938568115,2544
29860.713481903076,2542
29861.71054840088,2452
29862.70785331726,2510
29863.705158233643,2546
29864.702701568604,2520
29865.699768066406,2516
29866.697072982788,2498
29867.69413948059,2510
29868.69168281555,2522
29869.689226150513,2546
29870.686531066895,2546
29871.684074401855,2526
29872.681379318237,2514
29873.67844581604,2558
29874.675750732422,2528
29875.673294067383,2544
29876.670360565186,2576
29877.667903900146,2546
29878.665447235107,2558
29879.66275215149,2574
29880.66005706787,2534
29881.657361984253,2550
29882.654666900635,2558
29883.651733398438,2586
29884.6492767334,2540
29885.64658164978,2538
29886.643886566162,2538
29887.641191482544,2538
29888.638734817505,2548
29889.636278152466,2640
29890.63334465027,2520
29891.63041114807,2534
29892.627954483032,2542
29893.625259399414,2542
29894.622564315796,2574
29895.620584487915,2526
29896.617650985718,2512
29897.6149559021,2506
29898.61226081848,2526
29899.609804153442,2546
29900.606632232666,2522
29901.603937149048,2540
29902.60148048401,2518
29903.59878540039,2534
29904.595851898193,2550
29905.593872070312,2558
29906.591176986694,2558
29907.58776664734,2538
29908.5853099823,2546
29909.58285331726,2550
29910.580158233643,2542
29911.577224731445,2544
29912.574768066406,2574
29913.57183456421,2594
29914.570093154907,2550
29915.56692123413,2554
29916.564226150513,2534
29917.561531066895,2538
29918.559074401855,2546
29919.55590248108,2542
29920.5539226532,2544
29921.55146598816,2534
29922.548532485962,2550
29923.545837402344,2550
29924.542665481567,2534
29925.53997039795,2522
29926.53727531433,2518
29927.534818649292,2528
29928.532361984253,2536
29929.530382156372,2542
29930.527210235596,2634
29931.524753570557,2526
29932.52158164978,2542
29933.518886566162,2538
29934.516191482544,2526
29935.513257980347,2550
29936.511039733887,2538
29937.50762939453,2526
29938.50541114807,2550
29939.50343132019,2552
29941.505670547485,2546
29942.495584487915,2578
29942.495584487915,2570
29943.49193572998,2550
29944.48947906494,2590
29945.486783981323,2586
29946.484088897705,2586
29947.481870651245,2600
29948.478937149048,2586
29949.476718902588,2574
29950.473308563232,2578
29952.481508255005,2570
29953.466176986694,2582
29954.463958740234,2546
29955.46245574951,2546
29956.485748291016,2542
29956.485748291016,2538
29957.45539665222,2538
29958.481550216675,2538
29959.4783782959,2470
29960.474729537964,2538
29961.47131919861,2520
29962.469816207886,2514
29964.436292648315,2520
29965.433835983276,2526
29966.43114089966,2518
29967.429876327515,2494
29968.426942825317,2510
29969.42448616028,2526
29970.421075820923,2540
29971.418380737305,2512
29972.415685653687,2538
29973.41251373291,2554
29974.409818649292,2536
29975.407361984253,2526
29976.404666900635,2534
29977.401971817017,2524
29978.399753570557,2514
29979.39658164978,2522
29980.39484024048,2540
29981.39214515686,2522
29982.388734817505,2540
29983.396768569946,2514
29984.39908027649,2518
29985.395908355713,2538
29986.396312713623,2520
29987.374305725098,2492
29988.37161064148,2514
29989.375352859497,2506
29990.36741256714,2512
29991.370677947998,2486
29992.366313934326,2496
29993.367910385132,2494
29994.367599487305,2518
29995.363235473633,2540
29996.362686157227,2522
29997.347831726074,2522
29998.37350845337,2508
29999.37105178833,2532
30000.36907196045,2534
