Time (ms),Mic Value
0.9984970092773438,1846
1.9948482513427734,1806
2.9926300048828125,1810
3.989696502685547,1806
4.987478256225586,1850
5.984067916870117,1898
6.983280181884766,1880
7.979393005371094,1882
8.976936340332031,1888
9.973287582397461,1878
10.9710693359375,1852
11.968135833740234,1864
12.965202331542969,1842
13.962984085083008,1790
14.97197151184082,1846
15.95759391784668,1870
16.954660415649414,1854
17.95220375061035,1832
18.949270248413086,1810
19.947052001953125,1850
20.943880081176758,1880
21.941423416137695,1818
22.943973541259766,1782
23.935317993164062,1766
24.9330997467041,1760
25.93064308166504,1770
26.930570602416992,1770
27.926206588745117,1774
28.92303466796875,1770
29.922962188720703,1780
30.916929244995117,1842
31.91375732421875,1838
32.91130065917969,1816
33.91146659851074,1834
34.90710258483887,1850
35.9041690826416,1838
36.90147399902344,1850
37.89854049682617,1826
38.90633583068848,1854
39.89291191101074,1850
40.89069366455078,1854
41.89181327819824,1864
42.88744926452637,1852
43.88546943664551,1838
44.88492012023926,1882
45.87984085083008,1886
46.90361022949219,1872
47.902822494506836,1850
48.897504806518555,1830
49.895286560058594,1766
50.86708068847656,1758
51.86295509338379,1820
52.85978317260742,1870
53.856611251831055,1818
54.86035346984863,1854
55.85289001464844,1872
56.84971809387207,1918
57.84773826599121,1944
58.84385108947754,1892
59.88192558288574,1870
60.87231636047363,1820
61.86318397521973,1854
62.860965728759766,1886
63.8425350189209,1854
64.85533714294434,1842
65.86027145385742,1870
66.85018539428711,1852
67.82031059265137,1874
68.84431838989258,1906
69.84186172485352,1930
70.83964347839355,1854
71.84100151062012,1832
72.80659675598145,1812
73.80437850952148,1778
74.80359077453613,1836
75.80995559692383,1850
76.80344581604004,1838
77.79550552368164,1870
78.79090309143066,1870
79.78701591491699,1886
80.78432083129883,1898
81.78162574768066,1914
82.7789306640625,1876
83.77575874328613,1814
84.77497100830078,1836
85.7992172241211,1850
86.79795265197754,1814
87.76640892028809,1822
88.79542350769043,1862
89.78891372680664,1874
90.79551696777344,1876
91.78662300109863,1894
92.7581787109375,1958
93.78337860107422,1968
94.7566032409668,1966
95.74604034423828,1914
96.74310684204102,1934
97.73898124694824,1886
98.76465797424316,1872
99.7617244720459,1882
100.73280334472656,1846
101.74036026000977,1754
102.72598266601562,1758
103.75332832336426,1810
104.7217845916748,1812
105.74769973754883,1822
106.71496391296387,1778
107.7117919921875,1802
108.71195793151855,1864
109.73858833312988,1850
110.7337474822998,1862
111.70291900634766,1886
112.69879341125488,1934
113.69585990905762,1910
114.69483375549316,1902
115.6914234161377,1898
116.68848991394043,1972
117.68651008605957,1964
118.68429183959961,1908
119.68111991882324,1878
120.67818641662598,1848
121.67739868164062,1838
122.67351150512695,1806
123.6715316772461,1750
124.70078468322754,1730
125.66828727722168,1742
126.66177749633789,1816
127.66051292419434,1804
128.68356704711914,1790
129.68730926513672,1806
130.67865371704102,1866
131.67643547058105,1830
132.6756477355957,1838
133.64267349243164,1800
134.63973999023438,1834
135.63895225524902,1882
136.63554191589355,1866
137.6333236694336,1878
138.63277435302734,1870
139.62888717651367,1874
140.6259536743164,1910
141.65377616882324,1862
142.6565647125244,1842
143.61572265625,1834
144.61302757263184,1790
145.61033248901367,1744
146.6081142425537,1716
147.60780334472656,1770
148.63300323486328,1816
149.6291160583496,1836
150.59947967529297,1780
151.5965461730957,1834
152.59313583374023,1818
153.59091758728027,1838
154.58917617797852,1850
155.58624267578125,1856
156.5835475921631,1784
157.62019157409668,1814
158.61058235168457,1806
159.57403182983398,1834
160.6006622314453,1790
161.56864166259766,1820
162.59479522705078,1820
163.5909080505371,1848
164.58964347839355,1886
165.5583381652832,1894
166.55540466308594,1902
167.55366325378418,1878
168.56074333190918,1882
169.54660415649414,1880
170.55368423461914,1830
171.54335975646973,1862
172.54018783569336,1898
173.5377311706543,1910
174.53455924987793,1902
175.53234100341797,1878
176.5294075012207,1938
177.52695083618164,1970
178.52377891540527,1932
179.5210838317871,1846
180.51815032958984,1838
181.51426315307617,1870
182.5110912322998,1834
183.50839614868164,1834
184.50570106506348,1830
185.5030059814453,1874
186.50054931640625,1874
187.4978542327881,1848
188.49515914916992,1862
189.49222564697266,1902
190.4897689819336,1882
191.48707389831543,1910
192.48414039611816,1882
193.4814453125,1810
194.47898864746094,1850
195.47629356384277,1866
196.47717475891113,1848
197.47233390808105,1818
198.49824905395508,1842
199.4953155517578,1878
200.46448707580566,1852
201.4904022216797,1782
202.48937606811523,1774
203.48477363586426,1802
204.481840133667,1770
205.47866821289062,1774
206.47668838500977,1718
207.4739933013916,1734
208.47249031066895,1788
209.46884155273438,1790
210.4663848876953,1750
211.43603324890137,1758
212.46051788330078,1778
213.45806121826172,1754
214.45608139038086,1778
215.4536247253418,1750
216.45140647888184,1770
217.44751930236816,1754
218.4445858001709,1752
219.44284439086914,1768
220.43919563293457,1744
221.4367389678955,1746
222.43404388427734,1774
223.4358787536621,1754
224.43437576293945,1774
225.42595863342285,1746
226.42803192138672,1742
227.39171981811523,1818
228.38926315307617,1806
229.4166088104248,1784
230.41343688964844,1786
231.41026496887207,1844
232.407808303833,1878
233.40511322021484,1874
234.40217971801758,1874
235.3987693786621,1906
236.39774322509766,1902
237.3950481414795,1866
238.39163780212402,1842
239.38894271850586,1830
240.3886318206787,1810
241.38116836547852,1770
242.37847328186035,1770
243.3760166168213,1770
244.37642097473145,1790
245.37038803100586,1838
246.3679313659668,1854
247.34044075012207,1816
248.3651638031006,1882
249.36223030090332,1906
250.380277633667,1850
251.36160850524902,1810
252.35438346862793,1828
253.35121154785156,1818
254.3485164642334,1830
255.34605979919434,1786
256.3433647155762,1770
257.3404312133789,1830
258.33654403686523,1874
259.3343257904053,1826
260.3316307067871,1864
261.32965087890625,1788
262.3269557952881,1830
263.3237838745117,1834
264.32085037231445,1792
265.3183937072754,1806
266.3149833679199,1774
267.2865390777588,1854
268.3119773864746,1834
269.30689811706543,1838
270.30444145202637,1850
271.3024616241455,1808
272.29952812194824,1830
273.3025550842285,1830
274.2948532104492,1802
275.29287338256836,1744
276.2885093688965,1782
277.28724479675293,1790
278.28407287597656,1770
279.2818546295166,1770
280.27868270874023,1774
281.27598762512207,1810
282.2730541229248,1836
283.27059745788574,1838
284.2681407928467,1810
285.2649688720703,1790
286.236047744751,1810
287.2600555419922,1814
288.2580757141113,1786
289.2575263977051,1772
290.2536392211914,1776
291.2580966949463,1770
292.2494411468506,1830
293.2446002960205,1822
294.24071311950684,1832
295.2439785003662,1830
296.2355613708496,1846
297.2073554992676,1802
298.2306480407715,1806
299.2284297943115,1828
300.2281188964844,1820
301.2223243713379,1802
302.2193908691406,1768
303.2193183898926,1810
304.2135238647461,1806
305.203914642334,1816
306.20861053466797,1822
307.17968940734863,1858
308.20369720458984,1834
309.2021942138672,1810
310.1997375488281,1830
311.19632720947266,1840
312.1938705444336,1832
313.19141387939453,1802
314.18919563293457,1790
315.1860237121582,1832
316.18332862854004,1834
317.1849250793457,1846
318.1777000427246,1850
319.17548179626465,1772
320.1727867126465,1784
321.169376373291,1786
322.16644287109375,1758
323.1635093688965,1814
324.1608142852783,1806
325.15883445739746,1802
326.1561393737793,1782
327.12626457214355,1782
328.15027236938477,1810
329.15282249450684,1810
330.11746406555176,1806
331.1421871185303,1766
332.1390151977539,1802
334.1071605682373,1810
334.1071605682373,1816
335.1325988769531,1810
336.12966537475586,1790
337.1274471282959,1770
338.12499046325684,1770
339.12181854248047,1790
340.1191234588623,1846
342.085599899292,1842
342.085599899292,1832
343.1122303009033,1854
344.10834312438965,1874
345.1054096221924,1874
346.1029529571533,1826
347.10073471069336,1830
348.0982780456543,1848
349.09749031066895,1838
350.0986099243164,1828
351.0899543762207,1810
352.08749771118164,1814
353.0845642089844,1874
354.0828227996826,1876
355.0858497619629,1898
356.0764789581299,1876
357.0737838745117,1846
358.07156562805176,1806
359.0695858001709,1786
360.0654602050781,1806
361.06371879577637,1810
362.0615005493164,1746
363.05785179138184,1750
364.05491828918457,1774
365.0522232055664,1790
367.0186996459961,1846
367.0186996459961,1810
368.05272102355957,1738
369.04215812683105,1770
370.0389862060547,1774
371.0365295410156,1774
372.03311920166016,1734
373.0316162109375,1758
374.02796745300293,1778
375.9946823120117,1790
375.9946823120117,1828
377.01892852783203,1806
378.01671028137207,1846
379.0140151977539,1810
381.0133934020996,1828
382.02714920043945,1786
383.00538063049316,1784
384.0024471282959,1802
384.99927520751953,1818
385.99610328674316,1826
386.9669437408447,1790
387.99190521240234,1788
388.9882564544678,1770
389.9857997894287,1776
390.98310470581055,1778
391.9668197631836,1774
392.9779529571533,1750
393.97716522216797,1764
394.9730396270752,1754
395.97010612487793,1754
396.9402313232422,1742
397.9368209838867,1758
398.93412590026855,1766
399.9311923980713,1766
400.9287357330322,1750
401.92580223083496,1804
402.9231071472168,1810
403.92041206359863,1816
404.9181938171387,1802
405.9152603149414,1806
406.91256523132324,1776
407.9098701477051,1738
408.9081287384033,1790
409.90495681762695,1790
410.9020233154297,1804
411.8995666503906,1816
412.9292964935303,1830
413.9220714569092,1856
414.92724418640137,1850
415.91644287109375,1870
416.9149398803711,1866
417.88482666015625,1870
418.90883445739746,1842
419.9068546295166,1786
420.90344429016113,1820
421.9012260437012,1870
422.8992462158203,1828
423.89583587646484,1784
424.8921871185303,1834
425.8913993835449,1850
426.88894271850586,1854
427.884578704834,1842
428.8814067840576,1832
429.88038063049316,1814
430.8784008026123,1814
431.87880516052246,1774
432.8773021697998,1774
433.8698387145996,1754
434.86714363098145,1770
435.8634948730469,1754
436.83362007141113,1790
437.85810470581055,1832
438.8554096221924,1832
439.8524761199951,1818
440.84978103637695,1758
441.8494701385498,1810
442.8439140319824,1778
443.84217262268066,1756
444.8394775390625,1754
445.83606719970703,1726
446.8071460723877,1738
447.8318691253662,1708
448.82845878601074,1692
449.8264789581299,1716
450.82855224609375,1710
451.82061195373535,1712
452.817440032959,1688
453.815221786499,1740
454.81300354003906,1738
455.8107852935791,1690
456.78091049194336,1692
457.80467987060547,1718
458.7724208831787,1750
459.76948738098145,1770
460.7667922973633,1750
461.7640972137451,1778
462.76164054870605,1838
463.7589454650879,1838
464.7562503814697,1838
465.75379371643066,1790
466.7508602142334,1748
467.74816513061523,1758
468.74547004699707,1766
469.743013381958,1766
470.74031829833984,1746
471.7376232147217,1720
472.7346897125244,1750
475.36683082580566,1782
475.36683082580566,1758
475.72851181030273,1810
476.7568111419678,1754
477.89740562438965,1812
478.9259433746338,1850
479.9230098724365,1758
480.92055320739746,1714
481.9178581237793,1768
482.91516304016113,1754
483.9165210723877,1742
484.91692543029785,1782
485.90898513793945,1808
486.9050979614258,1774
487.9031181335449,1830
488.90066146850586,1790
489.8698329925537,1814
490.86570739746094,1718
491.8630123138428,1678
492.8603172302246,1718
493.85762214660645,1734
494.8551654815674,1744
495.8524703979492,1718
496.84953689575195,1770
497.8470802307129,1734
498.8441467285156,1778
499.84169006347656,1786
500.8389949798584,1782
501.83629989624023,1750
502.8338432312012,1706
503.831148147583,1726
504.82821464538574,1702
505.85389137268066,1736
506.824254989624,1718
507.84873962402344,1714
508.8536739349365,1714
509.8440647125244,1742
510.84017753601074,1830
511.8377208709717,1782
512.8347873687744,1770
513.8325691223145,1758
514.8336887359619,1806
515.826940536499,1782
516.7977809906006,1738
517.8215503692627,1736
518.8188552856445,1782
519.822359085083,1790
520.8137035369873,1766
521.81077003479,1780
522.8080749511719,1752
523.8056182861328,1770
524.803876876831,1836
525.8004665374756,1844
526.8054008483887,1802
527.7948379516602,1750
528.7919044494629,1772
529.7894477844238,1806
530.7869911193848,1758
531.7840576171875,1734
532.7823162078857,1736
533.7510108947754,1758
534.7809791564941,1810
535.7732772827148,1806
536.7426872253418,1806
537.7397537231445,1790
538.7368202209473,1726
539.73388671875,1690
540.748119354248,1722
541.7301654815674,1754
542.7272319793701,1734
543.7242984771729,1784
544.722318649292,1782
545.7191467285156,1802
546.7157363891602,1776
547.713041305542,1848
548.7096309661865,1872
549.7090816497803,1818
550.7073402404785,1822
551.7020225524902,1822
552.6986122131348,1790
553.6963939666748,1786
554.6934604644775,1818
555.6907653808594,1816
556.6890239715576,1822
557.6858520507812,1806
558.6836338043213,1830
559.6809387207031,1814
560.6775283813477,1810
561.6748332977295,1776
562.6721382141113,1754
563.6701583862305,1754
564.6677017211914,1742
565.664529800415,1738
566.6623115539551,1714
567.6658153533936,1714
568.6905384063721,1722
569.6570873260498,1726
570.6806182861328,1690
571.6784000396729,1694
572.6752281188965,1700
573.6722946166992,1662
574.669599533081,1716
575.6380558013916,1712
576.6346454620361,1674
577.6360034942627,1702
578.6607265472412,1748
579.6289443969727,1748
580.6548595428467,1754
581.6528797149658,1758
582.6506614685059,1754
583.6491584777832,1776
584.6164226531982,1818
585.639476776123,1802
586.6177082061768,1786
587.6071453094482,1790
588.6313915252686,1826
589.6289348602295,1810
590.6262397766113,1842
591.6228294372559,1820
592.5953388214111,1814
593.590497970581,1810
594.5878028869629,1818
595.5851078033447,1786
596.5836048126221,1806
597.5813865661621,1792
598.5777378082275,1772
599.5776653289795,1742
600.576639175415,1710
601.6008853912354,1702
602.5965213775635,1726
603.5933494567871,1738
604.5901775360107,1738
605.5867671966553,1768
606.5564155578613,1758
607.5553894042969,1742
608.5798740386963,1750
609.5762252807617,1758
610.5780601501465,1742
611.5713119506836,1702
612.5736236572266,1704
613.5654449462891,1730
614.56298828125,1746
615.532636642456,1740
616.5289878845215,1742
617.5312995910645,1784
618.5245513916016,1786
619.5235252380371,1814
620.5461025238037,1774
621.549129486084,1752
622.5411891937256,1744
623.5382556915283,1734
624.535322189331,1758
625.5064010620117,1682
626.5034675598145,1658
627.5012493133545,1734
628.525972366333,1758
629.5232772827148,1786
630.5279731750488,1734
631.5188407897949,1768
632.4868202209473,1770
633.5139274597168,1790
634.4826221466064,1806
635.5054378509521,1770
636.4872455596924,1754
637.4740600585938,1732
638.4975910186768,1808
639.4956111907959,1820
640.4938697814941,1782
641.4918899536133,1782
642.4620151519775,1818
643.4581279754639,1842
644.4549560546875,1854
645.4522609710693,1842
646.4517116546631,1820
647.4499702453613,1766
648.4475135803223,1724
649.4433879852295,1742
650.4487991333008,1758
651.482343673706,1750
652.4617671966553,1702
653.4600257873535,1778
654.456377029419,1782
655.4539203643799,1770
656.4242839813232,1788
657.4218273162842,1746
658.4489345550537,1778
659.4161987304688,1778
660.4125499725342,1782
661.4096164703369,1746
662.4069213867188,1744
663.4058952331543,1738
664.4024848937988,1764
665.3988361358643,1782
666.4001941680908,1806
667.3994064331055,1750
668.4198379516602,1806
669.3882942199707,1810
670.4139709472656,1738
671.4112758636475,1712
672.4095344543457,1722
673.4061241149902,1674
674.4034290313721,1674
675.3745079040527,1704
676.3708591461182,1694
677.3681640625,1718
678.3647537231445,1722
679.3637275695801,1736
680.3610324859619,1734
681.3571453094482,1738
682.384729385376,1734
683.382511138916,1738
684.349775314331,1770
685.3737831115723,1742
686.3420009613037,1758
687.3698234558105,1750
688.3659362792969,1754
689.3336772918701,1786
690.3307437896729,1842
691.3280487060547,1818
692.3253536224365,1790
693.3269500732422,1840
694.3202018737793,1850
695.317268371582,1838
696.314811706543,1786
697.3140239715576,1782
698.310136795044,1754
699.3067264556885,1790
700.3045082092285,1812
701.3015747070312,1842
702.2988796234131,1830
703.2961845397949,1786
704.2934894561768,1766
705.294132232666,1810
706.2911987304688,1814
707.2885036468506,1750
708.2855701446533,1726
709.282398223877,1738
710.2794647216797,1758
711.2765312194824,1770
712.2740745544434,1738
713.2713794708252,1706
714.2691612243652,1758
715.266227722168,1784
716.2752151489258,1754
717.2636985778809,1770
718.259334564209,1750
719.2554473876953,1750
720.2816009521484,1738
721.2774753570557,1698
722.2750186920166,1722
723.2718467712402,1710
724.2693901062012,1750
725.2669334411621,1750
726.2372970581055,1778
727.2346019744873,1790
728.2309532165527,1744
729.2306423187256,1760
730.2277088165283,1742
731.2235832214355,1702
732.2349548339844,1702
733.2472801208496,1722
734.2157363891602,1712
735.2392673492432,1708
736.2115383148193,1722
737.2078895568848,1774
738.2311820983887,1748
739.2301559448242,1732
740.2265071868896,1754
741.2242889404297,1756
742.1951293945312,1718
743.192195892334,1738
744.1885471343994,1726
745.1856136322021,1726
746.1848258972168,1718
747.1837997436523,1718
748.1794357299805,1742
749.1941452026367,1778
750.2031326293945,1754
751.1711120605469,1778
752.2022724151611,1804
753.1919479370117,1774
754.19020652771,1778
755.1870346069336,1746
756.1571598052979,1734
757.1549415588379,1742
758.1510543823242,1736
759.1500282287598,1742
760.1447105407715,1786
761.1415386199951,1774
762.1386051177979,1846
763.136625289917,1770
764.1339302062988,1770
765.1307582855225,1754
767.1282291412354,1712
768.1248188018799,1750
768.1248188018799,1680
769.1214084625244,1718
770.146369934082,1714
771.1472511291504,1710
772.1400260925293,1706
773.1378078460693,1718
774.1353511810303,1738
776.1032581329346,1746
776.1032581329346,1726
777.101993560791,1714
778.0988216400146,1722
780.1024913787842,1750
780.1024913787842,1678
781.1176776885986,1650
782.0870876312256,1690
784.0807437896729,1694
785.0794792175293,1722
785.0794792175293,1776
786.076545715332,1714
787.0743274688721,1738
789.0675067901611,1710
790.0655269622803,1718
791.0721302032471,1722
792.062520980835,1706
793.0624485015869,1686
794.0590381622314,1710
794.0590381622314,1712
796.0491180419922,1720
797.046422958374,1750
797.046422958374,1786
799.0427017211914,1780
799.0427017211914,1770
800.0390529632568,1756
801.0389804840088,1746
802.0334243774414,1726
803.030252456665,1688
804.027795791626,1646
805.0251007080078,1646
806.0243129730225,1672
807.0201873779297,1642
808.0174922943115,1652
810.0128173828125,1686
810.0128173828125,1706
812.006950378418,1722
813.0037784576416,1698
814.0017986297607,1662
814.9991035461426,1682
815.9976005554199,1718
817.0197010040283,1652
817.9926872253418,1650
818.988561630249,1658
819.9853897094727,1734
820.9829330444336,1766
821.9797611236572,1770
822.9770660400391,1754
823.9743709564209,1758
824.9716758728027,1818
825.969934463501,1744
826.9665241241455,1736
827.9638290405273,1738
828.963041305542,1752
829.9586772918701,1750
830.958366394043,1690
831.9551944732666,1720
832.9565525054932,1710
833.9509963989258,1742
834.946870803833,1754
835.9439373016357,1756
836.9400501251221,1722
837.9368782043457,1722
838.9358520507812,1754
839.9620056152344,1718
840.9576416015625,1702
841.9556617736816,1646
842.9274559020996,1680
843.921422958374,1662
844.9335098266602,1714
845.9179401397705,1734
846.9138145446777,1732
847.9113578796387,1686
848.9353656768799,1658
849.9372005462646,1674
850.9032726287842,1640
851.9301414489746,1640
852.9243469238281,1642
853.924036026001,1706
854.9191951751709,1678
855.8902740478516,1690
856.9135665893555,1694
857.8851222991943,1742
858.8817119598389,1782
859.907865524292,1754
860.8760833740234,1734
861.872673034668,1782
862.8709316253662,1740
863.8961315155029,1716
864.8955821990967,1688
865.8754825592041,1714
866.8651580810547,1682
867.861270904541,1682
868.85666847229,1694
869.8794841766357,1778
870.8770275115967,1786
871.8736171722412,1804
872.8723526000977,1776
873.8691806793213,1754
874.8652935028076,1776
875.8358955383301,1758
876.8343925476074,1758
877.831220626831,1694
878.8282871246338,1692
879.8272609710693,1686
880.8236122131348,1646
881.8209171295166,1678
882.8451633453369,1706
883.8248252868652,1686
884.8395347595215,1706
885.8108520507812,1712
886.8074417114258,1678
887.803316116333,1690
888.8282775878906,1734
889.8255825042725,1714
890.8228874206543,1678
891.8204307556152,1698
892.791748046875,1722
893.7876224517822,1724
894.7851657867432,1718
895.7996368408203,1734
896.784782409668,1710
897.7797031402588,1676
898.7758159637451,1680
899.7821807861328,1682
900.7713794708252,1688
901.7953872680664,1694
902.7924537658691,1706
903.7942886352539,1730
904.7725200653076,1720
905.7555198669434,1768
906.7554473876953,1766
907.752275466919,1770
908.7603092193604,1750
909.7464084625244,1726
910.743236541748,1716
911.7403030395508,1722
912.7395153045654,1710
913.7363433837891,1710
914.7331714630127,1650
915.7302379608154,1682
916.7277812957764,1726
917.7889823913574,1734
918.7500476837158,1734
920.8095073699951,1774
920.8095073699951,1742
921.743631362915,1682
922.7957725524902,1656
923.8255023956299,1638
924.9541759490967,1690
925.9235858917236,1686
926.922082901001,1674
927.9170036315918,1654
928.9155006408691,1702
929.9149513244629,1718
930.9110641479492,1722
931.9071769714355,1716
932.9371452331543,1734
933.903694152832,1770
934.9269866943359,1754
935.8968734741211,1746
936.9280338287354,1734
937.9258155822754,1754
938.9166831970215,1726
939.9151802062988,1738
940.9122467041016,1742
941.9093132019043,1734
942.878246307373,1810
943.8745975494385,1806
944.8719024658203,1782
945.8696842193604,1746
946.8891620635986,1746
947.8654861450195,1752
948.8625526428223,1738
949.8872756958008,1722
950.8576393127441,1686
951.880693435669,1684
952.8772830963135,1708
953.8753032684326,1734
954.8721313476562,1748
955.8448791503906,1750
956.841230392456,1734
957.8676223754883,1742
958.8363170623779,1744
959.8329067230225,1742
960.8292579650879,1682
961.8263244628906,1690
962.8252983093262,1758
963.8230800628662,1736
964.8191928863525,1722
965.8162593841553,1748
966.8154716491699,1810
967.8127765655518,1822
968.808650970459,1818
969.834566116333,1738
970.8399772644043,1772
971.8291759490967,1742
972.8260040283203,1754
973.8273620605469,1750
974.8210906982422,1746
975.79026222229,1760
976.8157005310059,1724
977.7853488922119,1714
978.8112640380859,1750
979.7804355621338,1802
980.8056354522705,1790
981.8017482757568,1742
982.8002452850342,1758
983.7696552276611,1766
984.792947769165,1774
985.7628345489502,1754
986.7606163024902,1746
987.7886772155762,1746
988.7814521789551,1778
989.7792339324951,1808
990.7758235931396,1778
991.7740821838379,1802
992.746114730835,1774
993.7417507171631,1812
994.7383403778076,1782
995.736837387085,1738
996.7358112335205,1720
997.7331161499023,1738
998.7285137176514,1736
999.7258186340332,1742
1000.7250308990479,1750
1001.7611980438232,1724
1002.7439594268799,1744
1003.7455558776855,1776
1004.7388076782227,1778
1005.7086944580078,1734
1006.7071914672852,1770
1007.7333450317383,1718
1008.7020397186279,1706
1009.728193283081,1734
1010.7250213623047,1758
1011.7237567901611,1766
1012.6950740814209,1734
1013.6902332305908,1782
1014.6868228912354,1804
1015.6841278076172,1778
1016.6831016540527,1814
1017.6784992218018,1778
1018.6753273010254,1766
1019.700288772583,1744
1020.6968784332275,1748
1021.6941833496094,1774
1022.6922035217285,1804
1023.6611366271973,1790
1024.658203125,1808
1025.6574153900146,1834
1026.6525745391846,1786
1027.651309967041,1806
1028.64670753479,1844
1029.6456813812256,1834
1030.6427478790283,1806
1031.6386222839355,1792
1032.6361656188965,1746
1033.6339473724365,1810
1034.6341133117676,1830
1035.6297492980957,1846
1036.6275310516357,1774
1037.6243591308594,1786
1038.620948791504,1830
1039.6184921264648,1872
1040.6155586242676,1870
1041.6126251220703,1782
1042.6182746887207,1770
1043.6077117919922,1808
1044.604778289795,1844
1045.6035137176514,1806
1046.6032028198242,1802
1047.5988388061523,1842
1048.595905303955,1846
1049.6242046356201,1862
1050.5914688110352,1856
1051.6200065612793,1848
1052.6134967803955,1876
1053.6110401153564,1840
1054.6085834503174,1902
1055.5751323699951,1836
1056.6096305847168,1778
1057.6000213623047,1782
1058.5670471191406,1808
1059.5641136169434,1804
1060.561180114746,1802
1061.5582466125488,1786
1062.5557899475098,1814
1063.5530948638916,1810
1064.5503997802734,1842
1065.5572414398193,1802
1066.5464401245117,1776
1067.5444602966309,1722
1068.5405731201172,1774
1069.5371627807617,1770
1070.5342292785645,1766
1071.5315341949463,1810
1072.5290775299072,1756
1073.5557079315186,1822
1074.5530128479004,1840
1075.5243301391602,1830
1076.5204429626465,1842
1077.5179862976074,1844
1078.5150527954102,1806
1079.512119293213,1820
1080.5096626281738,1806
1081.5067291259766,1778
1082.5042724609375,1816
1083.5013389587402,1806
1084.4991207122803,1830
1085.5050086975098,1822
1086.4942073822021,1846
1087.4912738800049,1834
1088.486671447754,1834
1089.4834995269775,1822
1090.4810428619385,1810
1091.4783477783203,1788
1092.4758911132812,1746
1093.4734344482422,1754
1094.4702625274658,1808
1095.4680442810059,1830
1096.466064453125,1806
1097.4628925323486,1814
1098.4606742858887,1826
1099.457025527954,1846
1100.4555225372314,1810
1101.4516353607178,1818
1102.4489402770996,1826
1103.4462451934814,1814
1104.4456958770752,1806
1105.4637432098389,1774
1106.4410209655762,1822
1107.438325881958,1842
1108.4353923797607,1818
1109.4329357147217,1810
1110.4297637939453,1848
1111.4256381988525,1878
1112.4248504638672,1830
1113.4223937988281,1842
1114.4192218780518,1806
1115.4170036315918,1840
1116.41526222229,1780
1117.4135208129883,1774
1118.4096336364746,1782
1119.4067001342773,1780
1120.4018592834473,1784
1121.4303970336914,1778
1122.4267482757568,1808
1123.4238147735596,1802
1124.4211196899414,1806
1125.3907680511475,1822
1126.387596130371,1862
1127.413034439087,1838
1128.4101009368896,1786
1129.3787956237793,1810
1130.4054260253906,1828
1131.401538848877,1822
1132.3719024658203,1838
1133.3999633789062,1814
1134.3708038330078,1868
1135.3697776794434,1854
1136.3894939422607,1836
1137.3870372772217,1838
1138.3826732635498,1818
1139.3797397613525,1788
1140.3768062591553,1788
1141.3726806640625,1776
1142.371654510498,1776
1143.3699131011963,1802
1144.3383693695068,1802
1145.3359127044678,1790
1146.3613510131836,1818
1147.3298072814941,1806
1148.327112197876,1828
1149.3542194366455,1814
1150.3219604492188,1786
1151.3206958770752,1786
1152.3442268371582,1766
1153.34153175354,1778
1154.339075088501,1756
1155.318260192871,1786
1156.3353538513184,1766
1157.3035717010498,1754
1158.3011150360107,1768
1159.2984199523926,1778
1160.2954864501953,1782
1161.292552947998,1758
1162.2898578643799,1766
1163.2874011993408,1766
1164.2849445343018,1750
1165.282964706421,1716
1166.2790775299072,1778
1167.2768592834473,1772
1169.7173118591309,1778
1169.7173118591309,1766
1170.7725524902344,1768
1171.7729568481445,1778
1172.7802753448486,1778
1173.781156539917,1814
1174.7791767120361,1770
1175.7779121398926,1776
1176.7873764038086,1746
1177.7756214141846,1718
1178.8270473480225,1738
1179.7912120819092,1702
1180.7878017425537,1778
1181.7588806152344,1742
1182.7583312988281,1774
1183.753490447998,1778
1184.7538948059082,1782
1185.7507228851318,1790
1186.7456436157227,1834
1187.743902206421,1752
1188.7435913085938,1772
1189.741611480713,1806
1190.7358169555664,1776
1191.73264503479,1782
1192.7306652069092,1786
1193.7286853790283,1770
1194.7319507598877,1818
1195.7221031188965,1806
1196.721076965332,1782
1197.7171897888184,1830
1198.7183094024658,1838
1199.7103691101074,1816
1200.7079124450684,1774
1201.7054557800293,1790
1202.7029991149902,1778
1203.7005424499512,1802
1204.6988010406494,1812
1205.6972980499268,1834
1206.6936492919922,1846
1207.690954208374,1788
1208.6865901947021,1814
1209.684133529663,1786
1210.6828689575195,1808
1211.6811275482178,1820
1212.6789093017578,1768
1213.6900424957275,1778
1214.6711349487305,1758
1215.6682014465332,1782
1216.6657447814941,1810
1217.663288116455,1782
1218.6601161956787,1808
1219.6576595306396,1830
1220.6544876098633,1818
1221.6520309448242,1818
1222.6488590240479,1814
1223.6464023590088,1806
1224.644422531128,1782
1225.6441116333008,1750
1226.6416549682617,1766
1227.6394367218018,1766
1228.6334037780762,1778
1229.6390533447266,1818
1230.6571006774902,1818
1231.6553592681885,1814
1232.6531410217285,1792
1233.6435317993164,1782
1234.6186637878418,1818
1235.6147766113281,1810
1236.6137504577637,1744
1237.6117706298828,1746
1238.607406616211,1758
1239.6042346954346,1792
1240.6015396118164,1810
1241.5995597839355,1826
1242.5963878631592,1830
1243.5927391052246,1846
1244.591236114502,1812
1245.5883026123047,1880
1246.5898990631104,1884
1247.5829124450684,1818
1248.579978942871,1812
1249.5770454406738,1808
1250.5743503570557,1806
1251.5721321105957,1770
1252.5687217712402,1786
1253.5662651062012,1850
1254.5630931854248,1808
1255.5627822875977,1750
1256.559133529663,1786
1257.5569152832031,1770
1258.5558891296387,1770
1259.5500946044922,1752
1260.547399520874,1706
1261.5444660186768,1714
1262.5434398651123,1690
1263.5395526885986,1714
1264.5375728607178,1752
1265.535593032837,1770
1266.5324211120605,1784
1267.5294876098633,1748
1268.5258388519287,1782
1269.5236206054688,1790
1270.5206871032715,1818
1271.5179920196533,1786
1272.515058517456,1780
1273.5130786895752,1782
1274.510383605957,1762
1275.5091190338135,1786
1276.505708694458,1818
1277.503490447998,1850
1278.4998416900635,1850
1279.496431350708,1846
1280.493974685669,1788
1281.4910411834717,1820
1282.4883460998535,1840
1283.4858894348145,1814
1284.4839096069336,1802
1285.4807376861572,1754
1286.47780418396,1800
1287.475824356079,1790
1288.4747982025146,1786
1289.4718647003174,1814
1290.468692779541,1814
1291.4655208587646,1804
1292.4656867980957,1812
1293.4610843658447,1814
1294.4583892822266,1818
1295.4561710357666,1804
1296.452522277832,1770
1297.4493503570557,1722
1298.447608947754,1752
1299.4441986083984,1770
1300.4422187805176,1786
1301.438808441162,1808
1302.4370670318604,1792
1303.4429550170898,1828
1304.4307231903076,1820
1305.4287433624268,1778
1306.4279556274414,1784
1307.4231147766113,1782
1308.4228038787842,1818
1309.429407119751,1750
1310.417652130127,1762
1311.4173412322998,1810
1312.4101161956787,1822
1313.408374786377,1808
1314.4056797027588,1818
1315.4022693634033,1882
1316.3988590240479,1866
1317.396640777588,1884
1318.3929920196533,1876
1319.3910121917725,1884
1320.387363433838,1838
1321.385145187378,1822
1322.382926940918,1840
1323.3795166015625,1844
1324.3770599365234,1894
1325.3757953643799,1904
1326.37619972229,1838
1327.3727893829346,1882
1328.3681869506836,1886
1329.3657302856445,1854
1330.3616046905518,1902
1331.3584327697754,1846
1332.3559761047363,1834
1333.353042602539,1818
1334.3513011932373,1850
1335.34836769104,1870
1336.3447189331055,1856
1337.3427391052246,1862
1338.3417129516602,1870
1339.339256286621,1888
1340.3351306915283,1866
1341.332197189331,1902
1342.329740524292,1898
1343.3270454406738,1928
1344.3269729614258,1914
1345.320701599121,1868
1346.318006515503,1896
1347.3153114318848,1832
1348.3126163482666,1870
1349.3096828460693,1882
1350.3074645996094,1872
1351.3050079345703,1838
1352.302074432373,1766
1353.2991409301758,1750
1354.2978763580322,1776
1355.2958965301514,1842
1356.2922477722168,1786
1357.2893142700195,1774
1358.2868576049805,1844
1359.2877388000488,1850
1360.2840900421143,1884
1361.279010772705,1950
1362.2758388519287,1958
1363.2733821868896,1964
1364.2709255218506,1958
1365.2679920196533,1974
1366.264820098877,1964
1367.2621250152588,1978
1368.2591915130615,1930
1369.2564964294434,1904
1370.2538013458252,1970
1371.2513446807861,1944
1372.2484111785889,1974
1373.246192932129,2004
1374.243974685669,2030
1375.260591506958,1980
1376.23929977417,1948
1377.2366046905518,1904
1378.2331943511963,1892
1379.230260848999,1898
1381.225347518921,1850
1381.225347518921,1846
1382.2224140167236,1842
1383.2197189331055,1894
1384.2182159423828,1916
1385.2152824401855,1970
1386.21187210083,2060
1387.2098922729492,1976
1388.206958770752,2010
1389.2040252685547,2034
1390.230417251587,2002
1391.2270069122314,1982
1392.1964168548584,1916
1393.2299613952637,1914
1394.219160079956,1946
1395.216941833496,1966
1396.1865901947021,1938
1397.1831798553467,1958
1398.1807231903076,1972
1399.1777896881104,1928
1400.1750946044922,1974
1401.1735916137695,1946
1402.1704196929932,1890
1403.1672477722168,1928
1404.1647911071777,1950
1405.1620960235596,1946
1406.1596393585205,1874
1407.1581363677979,1914
1408.1544876098633,1902
1409.1517925262451,1976
1410.1488590240479,2022
1411.146640777588,2006
1412.1425151824951,2028
1413.1391048431396,2006
1414.1366481781006,1996
1415.1339530944824,2044
1416.1314964294434,2022
1417.1290397644043,2014
1418.1263446807861,1970
1419.123649597168,1934
1420.1207160949707,1976
1421.1177825927734,1992
1422.1148490905762,1978
1423.112392425537,1954
1424.109697341919,1910
1425.107717514038,1886
1426.10502243042,1910
1428.0993938446045,1886
1428.0993938446045,1908
1429.1253089904785,1878
1430.126667022705,1902
1431.119680404663,1934
1432.116985321045,1934
1433.1140518188477,1962
1434.1120719909668,2014
1436.0804557800293,2014
1436.0804557800293,2022
1437.1063709259033,2058
1438.089370727539,1986
1439.1005039215088,1980
1440.0687217712402,1988
1442.0626163482666,1976
1442.0626163482666,1930
1443.0887699127197,1946
1444.0863132476807,1974
1445.0562000274658,2014
1446.0842609405518,2038
1447.0491409301758,2006
1448.0459690093994,2034
1449.075698852539,1982
1450.0703811645508,1978
1451.0667324066162,1962
1452.066421508789,1970
1453.061819076538,2020
1454.0610313415527,1970
1455.0566673278809,1968
1457.054615020752,1986
1458.019495010376,2002
1459.017276763916,2010
1460.0141048431396,2046
1461.0111713409424,2006
1462.0087146759033,1978
1463.005781173706,1938
1464.003086090088,1922
1465.0006294250488,1934
1465.9979343414307,1854
1466.9957160949707,1814
1467.9930210113525,1898
1468.9903259277344,1910
1469.987392425537,1896
1470.9844589233398,1910
1471.9820022583008,1912
1472.9793071746826,1904
1474.0068912506104,1874
1475.0034809112549,1854
1476.0010242462158,1872
1476.9985675811768,1886
1477.968692779541,1900
1478.9927005767822,1882
1479.9911975860596,1894
1480.987548828125,1902
1481.9848537445068,1878
1482.9821586608887,1942
1483.9789867401123,1962
1484.9765300750732,1978
1485.9464168548584,1980
1486.9425296783447,1978
1487.9395961761475,1948
1488.938570022583,1910
1489.9356365203857,1898
1490.962028503418,1882
1491.9419288635254,1882
1492.9559230804443,1902
1493.9541816711426,1896
1494.950771331787,1934
1495.9499835968018,1950
1496.9463348388672,1958
1497.9145526885986,1908
1498.9404678344727,1880
1499.9372959136963,1886
1500.9350776672363,1874
1501.9326210021973,1898
1502.929925918579,1936
1503.9260387420654,1888
1504.9231052398682,1872
1505.920648574829,1868
1506.889820098877,1898
1507.887363433838,1904
1508.8846683502197,1938
1509.8814964294434,1898
1510.8778476715088,1898
1511.8753910064697,1846
1512.873888015747,1872
1513.8719081878662,1910
1514.8699283599854,1934
1515.8658027648926,1822
1516.8631076812744,1954
1517.8604125976562,1966
1518.857717514038,2012
1519.8562145233154,2002
1520.853042602539,1942
1521.8501091003418,1896
1522.8478908538818,1872
1523.8451957702637,1846
1524.8422622680664,1862
1525.8400440216064,1842
1526.8375873565674,1850
1527.8353691101074,1854
1528.8317203521729,1872
1529.829740524292,1882
1530.827522277832,1914
1531.8231582641602,1942
1532.8197479248047,1940
1533.8168144226074,1910
1534.8165035247803,1934
1535.8121395111084,1938
1536.8123054504395,1906
1537.8069877624512,1910
1538.8176441192627,1880
1539.8004055023193,1880
1540.7986640930176,1870
1541.7954921722412,1906
1542.7944660186768,1918
1543.7922477722168,1970
1544.7897911071777,1906
1545.7868576049805,1930
1546.7846393585205,1940
1547.7821826934814,1914
1548.7794876098633,1884
1549.774408340454,1870
1550.779104232788,1874
1551.771879196167,1846
1552.7660846710205,1866
1553.7919998168945,1774
1554.7614097595215,1832
1555.7582378387451,1866
1556.7553043365479,1866
1557.7528476715088,1874
1558.7501525878906,1854
1559.7660541534424,1866
1560.7445240020752,1866
1561.744213104248,1914
1562.739610671997,1930
1563.737154006958,1988
1564.7363662719727,1946
1565.7317638397217,1988
1566.7293071746826,2030
1567.7263736724854,1990
1568.7236785888672,2034
1569.7214603424072,1990
1570.71852684021,1900
1571.7158317565918,1910
1572.7133750915527,1862
1573.7128257751465,1870
1574.7082233428955,1818
1575.7052898406982,1806
1576.70259475708,1788
1577.699899673462,1822
1578.6969661712646,1820
1579.6949863433838,1870
1580.6918144226074,1860
1581.6893577575684,1842
1582.6866626739502,1862
1583.6844444274902,1854
1584.681510925293,1896
1585.679292678833,1870
1586.6773128509521,1864
1587.6734256744385,1898
1588.670253753662,1930
1589.6711349487305,1934
1590.6651020050049,1918
1591.6643142700195,1964
1592.6597118377686,2006
1593.6756134033203,1960
1594.6540832519531,1910
1595.6518650054932,1884
1596.649408340454,1910
1597.646713256836,1890
1598.6435413360596,1906
1599.6410846710205,1818
1600.6388664245605,1854
1601.635456085205,1872
1602.632999420166,1866
1603.630781173706,1906
1604.6278476715088,1898
1606.6224575042725,1898
1606.6224575042725,1898
1607.6200008392334,1854
1608.6177825927734,1842
1609.6155643463135,1850
1610.6150150299072,1866
1611.6111278533936,1898
1612.6086711883545,1902
1613.605260848999,1884
1614.6023273468018,1938
1615.6001091003418,1942
1616.5978908538818,1934
1617.5951957702637,1946
1618.5922622680664,1902
1619.5900440216064,1902
1620.6018924713135,1906
1621.584177017212,1918
1622.5814819335938,1958
1623.5790252685547,2010
1624.5765686035156,1994
1625.5724430084229,2000
1626.5692710876465,1958
1627.5663375854492,1950
1628.563642501831,1942
1629.560947418213,1936
1630.5592060089111,1818
1631.5555572509766,1778
1632.5531005859375,1778
1633.573293685913,1802
1634.547233581543,1818
1635.5443000793457,1770
1636.5418434143066,1786
1637.5391483306885,1778
1638.5364532470703,1830
1639.5339965820312,1850
1640.531063079834,1818
1641.531229019165,1806
1642.5278186798096,1782
1643.5251235961914,1838
1644.5224285125732,1806
1645.519733428955,1804
1646.5175151824951,1814
1647.515058517456,1842
1648.5121250152588,1870
1649.5091915130615,1870
1650.5062580108643,1822
1651.5038013458252,1850
1652.500867843628,1906
1653.4981727600098,1872
1654.4957160949707,1858
1655.4937362670898,1790
1656.4908027648926,1760
1657.4881076812744,1790
1658.492088317871,1776
1659.4822406768799,1786
1660.4788303375244,1758
1661.4761352539062,1756
1662.473201751709,1772
1663.4705066680908,1806
1664.4678115844727,1818
1665.4653549194336,1782
1666.4633750915527,1810
1667.4604415893555,1818
1668.4582233428955,1802
1669.4543361663818,1782
1670.4518795013428,1822
1671.4489459991455,1862
1672.447681427002,1822
1673.4447479248047,1842
1674.4418144226074,1868
1675.4393577575684,1842
1676.4371395111084,1842
1677.433729171753,1832
1678.4303188323975,1850
1679.4285774230957,1830
1680.4261207580566,1810
1681.4227104187012,1742
1682.420015335083,1802
1683.4180355072021,1838
1684.42702293396,1848
1685.4143142700195,1834
1686.4092350006104,1816
1687.4089241027832,1830
1688.403844833374,1850
1689.4032955169678,1860
1690.4003620147705,1832
1691.396713256836,1802
1692.3928260803223,1802
1693.3925151824951,1814
1694.3888664245605,1830
1695.3859329223633,1822
1696.3834762573242,1784
1697.380542755127,1814
1698.378086090088,1828
1699.3749141693115,1834
1700.3729343414307,1808
1701.3695240020752,1842
1702.366828918457,1818
1703.3648490905762,1810
1704.362154006958,1822
1705.3592205047607,1834
1706.3562870025635,1818
1707.3538303375244,1818
1708.3518505096436,1808
1709.3486785888672,1862
1710.34574508667,1838
1711.3432884216309,1750
1712.3405933380127,1786
1713.3479118347168,1802
1714.3352031707764,1834
1715.3325080871582,1814
1716.3302898406982,1766
1717.3283100128174,1714
1718.3256149291992,1770
1719.3222045898438,1838
1720.3192710876465,1836
1721.3165760040283,1880
1722.3138809204102,1844
1723.311185836792,1914
1724.3082523345947,1936
1725.306510925293,1928
1726.3031005859375,1876
1727.3011207580566,1864
1728.2977104187012,1892
1729.295253753662,1906
1730.292558670044,1890
1731.2896251678467,1870
1732.2871685028076,1914
1733.2863807678223,1914
1734.2808246612549,1934
1735.2778911590576,1898
1736.2747192382812,1962
1737.2725009918213,1886
1738.2698059082031,1886
1739.2668724060059,1882
1740.2639389038086,1846
1741.2614822387695,1804
1742.2587871551514,1758
1743.2560920715332,1810
1744.2536354064941,1770
1745.250940322876,1806
1746.2480068206787,1810
1747.2453117370605,1786
1748.2430934906006,1822
1749.2761611938477,1842
1750.2844333648682,1838
1751.2648105621338,1770
1752.2327899932861,1818
1753.2601356506348,1810
1754.227638244629,1850
1755.253791809082,1834
1756.2527656555176,1846
1757.249116897583,1854
1758.2457065582275,1830
1759.2434883117676,1766
1760.2407932281494,1782
1761.2383365631104,1818
1762.235403060913,1834
1763.2322311401367,1778
1764.2285823822021,1782
1765.2268409729004,1846
1766.223669052124,1806
1767.2216892242432,1818
1768.1901454925537,1818
1769.2155838012695,1832
1770.2124118804932,1832
1771.2104320526123,1842
1772.2077369689941,1874
1773.205041885376,1878
1774.2047309875488,1830
1775.2001285552979,1836
1776.1971950531006,1822
1777.195692062378,1770
1778.1918048858643,1830
1779.1900634765625,1838
1780.1899909973145,1864
1781.1846733093262,1874
1782.179355621338,1810
1783.1816673278809,1878
1784.1761112213135,1870
1785.1817607879639,1886
1786.142349243164,1854
1787.168264389038,1872
1788.1665229797363,1842
1789.1631126403809,1874
1790.1601791381836,1822
1791.1574840545654,1816
1792.1555042266846,1846
1793.1530475616455,1862
1794.14963722229,1864
1795.1483726501465,1868
1796.1182594299316,1880
1797.1422672271729,1850
1798.1393337249756,1842
1799.1387844085693,1822
1800.138235092163,1838
1801.131248474121,1814
1802.1292686462402,1818
1803.1260967254639,1906
1804.1229248046875,1934
1805.1207065582275,1910
1806.1175346374512,1906
1807.0881366729736,1902
1808.112621307373,1882
1809.110164642334,1862
1810.0776672363281,1838
1811.07497215271,1848
1812.0722770690918,1854
1813.0693435668945,1846
1814.0668869018555,1848
1815.0641918182373,1870
1816.0614967346191,1886
1817.058801651001,1846
1818.0561065673828,1854
1819.0534114837646,1866
1820.0507164001465,1878
1821.0482597351074,1904
1822.0455646514893,1886
1823.042631149292,1894
1824.0399360656738,1850
1825.037956237793,1846
1826.0350227355957,1828
1827.0323276519775,1842
1828.0296325683594,1850
1829.0269374847412,1830
1830.024003982544,1856
1831.0213088989258,1868
1832.0188522338867,1846
1833.0161571502686,1846
1835.0214958190918,1850
1835.0214958190918,1878
1837.005376815796,1894
1837.005376815796,1874
1838.0029201507568,1870
1839.0002250671387,1902
1840.9972190856934,1904
1841.9945240020752,1934
1841.9945240020752,1918
1843.9886569976807,1900
1844.9857234954834,1946
1845.9830284118652,1908
1846.980333328247,1920
1847.978115081787,1912
1848.9749431610107,1882
1849.9722480773926,1868
1850.9697914123535,1886
1851.9670963287354,1874
1852.9644012451172,1886
1853.961706161499,1918
1854.95924949646,1958
1855.9565544128418,1898
1856.95481300354,1902
1857.9795360565186,1930
1858.9775562286377,1930
1859.9774837493896,1898
1860.9709739685059,1852
1861.968755722046,1878
1862.9655838012695,1868
1863.9686107635498,1914
1864.964485168457,1878
1865.9584522247314,1884
1866.9304847717285,1918
1867.9535388946533,1946
1868.950605392456,1910
1869.9469566345215,1908
1870.9461688995361,1874
1871.9141483306885,1914
1872.9112148284912,1886
1873.908281326294,1856
1874.9055862426758,1850
1875.9031295776367,1854
1876.9004344940186,1840
1877.8979778289795,1894
1878.8950443267822,1902
1879.892349243164,1908
1880.889654159546,1866
1881.8869590759277,1834
1882.8847408294678,1874
1883.882761001587,1878
1884.8788738250732,1846
1885.8764171600342,1880
1886.9025707244873,1862
1887.9003524780273,1870
1888.8976573944092,1894
1889.8954391479492,1902
1890.8929824829102,1966
1891.8893337249756,1930
1892.8859233856201,1884
1893.8841819763184,1894
1894.8802947998047,1954
1895.8790302276611,1918
1896.8486785888672,1902
1897.843360900879,1904
1898.8709449768066,1918
1899.8675346374512,1946
1900.8660316467285,1916
1901.8330574035645,1914
1902.860403060913,1978
1903.8562774658203,1970
1904.8550128936768,1938
1905.8566093444824,1942
1906.8496227264404,1962
1907.8452587127686,1974
1908.843755722046,1960
1909.8408222198486,1950
1910.8376502990723,1884
1911.8351936340332,1928
1912.832260131836,1942
1913.8298034667969,1962
1914.8280620574951,1966
1915.8244132995605,1974
1916.8219566345215,1962
1917.8192615509033,1934
1918.816089630127,1946
1919.813871383667,1930
1920.8111763000488,1902
1921.8320846557617,1912
1922.8055477142334,1910
1923.8026142120361,1914
1924.8015880584717,1870
1925.8008003234863,1964
1926.7683029174805,2010
1927.7927875518799,2014
1928.7896156311035,1994
1929.7873973846436,1978
1930.7849407196045,2010
1931.7569732666016,2010
1932.77907371521,2022
1933.777093887329,1986
1934.7736835479736,2038
1935.7707500457764,2030
1936.7685317993164,2010
1937.7660751342773,2078
1938.76314163208,2082
1939.7611618041992,2110
1940.7575130462646,2078
1941.7548179626465,2070
1942.7521228790283,2034
1943.7496662139893,1998
1944.7474479675293,1974
1945.7452297210693,1958
1946.7430114746094,1940
1947.7386474609375,1934
1948.7361907958984,1974
1949.7339725494385,2014
1950.7312774658203,1990
1951.730728149414,1968
1952.7256488800049,1970
1953.7229537963867,1998
1954.7204971313477,1968
1955.7230472564697,1886
1956.7162990570068,1854
1957.7174186706543,1866
1958.709478378296,1846
1959.7084522247314,1854
1960.7043266296387,1790
1961.7016315460205,1846
1962.670087814331,1944
1963.6969566345215,1976
1964.693546295166,1962
1965.6929969787598,1914
1966.6616916656494,1912
1967.6575660705566,1988
1968.684434890747,1978
1969.6862697601318,1934
1970.6778526306152,1942
1971.6756343841553,1974
1972.672700881958,2004
1973.6700057983398,1968
1974.6670722961426,1994
1975.6653308868408,1994
1976.6347408294678,1942
1977.6628017425537,1978
1978.6269664764404,1970
1979.6268939971924,1942
1980.6513786315918,1946
1981.6484451293945,1944
1982.649803161621,1944
1983.614206314087,1938
1984.6115112304688,1930
1985.6085777282715,2006
1986.6058826446533,1990
1987.602949142456,1982
1988.6295795440674,1992
1989.6271228790283,2002
1990.6256198883057,2012
1991.6224479675293,1940
1992.6073551177979,1962
1993.6180114746094,1998
1994.6136474609375,1976
1995.5830574035645,1974
1996.6096878051758,1982
1997.5786209106445,1962
1998.603343963623,2004
1999.605655670166,2030
2000.5979537963867,2002
2001.5952587127686,1962
2002.5930404663086,1906
2003.5943984985352,1958
2004.5883655548096,1986
2005.5842399597168,1946
2006.5834522247314,1906
2007.580041885376,1934
2008.5780620574951,1982
2009.5748901367188,2002
2010.572910308838,1986
2011.5697383880615,1966
2012.5672817230225,1946
2013.5653018951416,1942
2014.5618915557861,1950
2015.5577659606934,1906
2016.5290832519531,1902
2017.5256729125977,1894
2018.5496807098389,1902
2019.5472240447998,1910
2020.5442905426025,1946
2021.5418338775635,1982
2022.5391387939453,1990
2023.5364437103271,2012
2024.5041847229004,1974
2025.5014896392822,2000
2026.498556137085,1960
2027.496337890625,1990
2028.4934043884277,1964
2029.4907093048096,1966
2030.4877758026123,1946
2031.4853191375732,1950
2032.482624053955,1958
2033.479928970337,1982
2034.4774723052979,2008
2035.4750156402588,2004
2036.4723205566406,2006
2037.4696254730225,1994
2038.4666919708252,2010
2039.463996887207,2004
2040.478229522705,2004
2041.4607524871826,2006
2042.4585342407227,1970
2043.4551239013672,1970
2044.452428817749,1946
2045.4497337341309,2030
2046.4470386505127,1994
2047.4448204040527,1990
2048.4421253204346,1970
2049.438714981079,1978
2050.4372119903564,1958
2051.4347553253174,1878
2052.431583404541,1814
2053.429126739502,1894
2054.426431655884,1894
2055.452346801758,1870
2056.4217567443848,1878
2057.417869567871,1888
2058.4161281585693,1936
2059.4425201416016,1972
2060.4395866394043,2014
2061.438798904419,1958
2062.4337196350098,1938
2063.431739807129,1938
2064.427137374878,1990
2065.424680709839,1994
2066.422700881958,1934
2067.3911571502686,1902
2068.3882236480713,1974
2069.385051727295,1994
2070.382833480835,2002
2071.380138397217,1994
2072.3769664764404,1978
2073.3749866485596,2002
2074.371814727783,1966
2075.3698348999023,1962
2076.366901397705,1966
2077.364683151245,1974
2078.361749649048,1930
2079.3583393096924,1914
2080.3558826446533,1942
2081.352949142456,1962
2082.350492477417,1974
2083.347797393799,1998
2084.3453407287598,2010
2085.3428840637207,1974
2086.355209350586,1980
2087.3377323150635,1938
2088.334560394287,1934
2089.331865310669,1958
2090.329170227051,1962
2091.3262367248535,1986
2092.3242568969727,1958
2093.3218002319336,1958
2094.3188667297363,1978
2095.3171253204346,1994
2096.3141918182373,1992
2097.31125831604,1946
2098.308324813843,1950
2099.304676055908,1942
2100.313186645508,1936
2101.300001144409,1934
2102.297067642212,1934
2103.2941341400146,1970
2104.2916774749756,1966
2105.2889823913574,1998
2106.28604888916,1992
2107.2843074798584,1994
2108.281135559082,2002
2109.2779636383057,1990
2110.2757453918457,1990
2111.2728118896484,1958
2112.269878387451,1948
2113.266944885254,1930
2114.2642498016357,1956
2115.2615547180176,1942
2116.2588596343994,1946
2117.2561645507812,1904
2118.253707885742,1902
2119.251012802124,1942
2120.2480792999268,1966
2121.245861053467,1938
2122.2429275512695,1918
2123.2402324676514,1902
2124.237537384033,1878
2125.235080718994,1948
2126.232147216797,1960
2127.2294521331787,1966
2128.2269954681396,1978
2129.2243003845215,1990
2130.221366882324,2022
2131.218671798706,2022
2132.216453552246,2030
2133.213758468628,1994
2134.2108249664307,2006
2135.2086067199707,1942
2136.2054347991943,1898
2137.2029781341553,1870
2138.200044631958,1934
2139.197587966919,1908
2140.194892883301,1898
2141.1921977996826,1914
2142.1897411346436,1958
2143.1868076324463,1962
2144.184112548828,1966
2145.18141746521,1934
2146.179676055908,1904
2147.176742553711,1896
2148.1738090515137,1886
2149.1711139678955,1880
2150.1681804656982,1894
2151.16548538208,1914
2152.162551879883,1926
2153.160572052002,1910
2154.1574001312256,1930
2155.1547050476074,1990
2156.1524868011475,2002
2157.1497917175293,1944
2158.146858215332,1938
2159.1439247131348,1878
2160.1414680480957,1896
2161.1387729644775,1898
2162.1358394622803,1918
2163.1343364715576,1954
2164.130687713623,1918
2165.128231048584,1960
2167.1230792999268,1942
2167.1230792999268,1966
2168.120861053467,1962
2169.1179275512695,1938
2170.1149940490723,1882
2171.112537384033,1918
2172.109365463257,1886
2173.107147216797,1886
2174.1042137145996,1906
2175.1015186309814,1934
2176.0988235473633,1910
2178.0946254730225,1882
2178.0946254730225,1894
2179.091215133667,1938
2180.088520050049,1938
2181.0858249664307,1898
2183.0804347991943,1902
2183.0804347991943,1874
2185.075044631958,1860
2186.07234954834,1910
2187.070608139038,1886
2188.06791305542,1880
2189.0716552734375,1892
2190.0625228881836,1944
2191.0605430603027,1898
2192.056894302368,1874
2193.05419921875,1882
2193.05419921875,1900
2195.049285888672,1878
2196.0465908050537,1838
2197.0436573028564,1862
2198.040723800659,1856
2199.03826713562,1916
2200.040340423584,1886
2201.0326385498047,1898
2202.0299434661865,1894
2203.0270099639893,1934
2204.0252685546875,1942
2205.021858215332,1902
2206.0189247131348,1914
2207.016706466675,1874
2208.014488220215,1870
2209.0113162994385,1822
2210.008382797241,1830
2211.005926132202,1844
2212.002992630005,1846
2213.0095958709717,1874
2213.9973640441895,1854
2214.9951457977295,1870
2215.9924507141113,1880
2216.989755630493,1942
2217.986822128296,1902
2218.984365463257,1874
2219.9857234954834,1878
2220.9789752960205,1878
2221.9765186309814,1910
2222.9738235473633,1906
2223.971128463745,1934
2224.968433380127,1914
2225.965738296509,1910
2226.9632816314697,2022
2227.9603481292725,1886
2228.9578914642334,1900
2229.954957962036,1904
2230.952501296997,1874
2231.949806213379,1854
2232.9471111297607,1778
2233.9444160461426,1814
2234.9417209625244,1848
2235.9392642974854,1854
2236.9368076324463,1842
2237.934350967407,1850
2238.931655883789,1882
2239.928722381592,1882
2240.9260272979736,1862
2241.9230937957764,1828
2242.9206371307373,1814
2243.9181804656982,1770
2244.915246963501,1880
2245.912551879883,1818
2246.9100952148438,1830
2247.907876968384,1852
2248.9047050476074,1850
2249.9020099639893,1854
2250.8997917175293,1834
2251.896619796753,1834
2252.8939247131348,1846
2253.9072036743164,1862
2254.8887729644775,1806
2255.8863162994385,1830
2256.883144378662,1822
2257.880449295044,1784
2258.877754211426,1826
2259.8748207092285,1828
2260.8914375305176,1806
2261.8696689605713,1810
2262.866973876953,1800
2263.864040374756,1802
2264.861583709717,1828
2265.8586502075195,1810
2266.8566703796387,1838
2267.8539752960205,1814
2268.8515186309814,1820
2269.848346710205,1822
2270.845890045166,1808
2271.843194961548,1850
2272.840738296509,1894
2273.8378047943115,1880
2274.8353481292725,1910
2275.8328914642334,1886
2276.829957962036,1870
2277.827501296997,1894
2278.8245677948,1914
2279.8221111297607,1850
2280.8196544647217,1818
2281.8167209625244,1810
2282.8142642974854,1846
2283.811330795288,1838
2284.809112548828,1848
2285.806179046631,1840
2286.8034839630127,1846
2287.8003120422363,1866
2288.7980937957764,1848
2289.7958755493164,1836
2290.79270362854,1770
2291.790246963501,1754
2292.7873134613037,1746
2293.7850952148438,1746
2294.7819232940674,1786
2295.7794666290283,1758
2296.7772483825684,1758
2297.773838043213,1782
2298.771381378174,1830
2299.7689247131348,1790
2300.7659912109375,1754
2301.7632961273193,1784
2302.7608394622803,1828
2303.757905960083,1814
2304.755687713623,1784
2305.752992630005,1780
2306.7502975463867,1758
2307.7473640441895,1810
2308.744430541992,1778
2309.741973876953,1782
2310.739755630493,1770
2311.737060546875,1782
2312.7341270446777,1818
2313.7311935424805,1772
2314.7287368774414,1806
2315.725803375244,1734
2316.723585128784,1772
2317.720890045166,1770
2318.7215328216553,1786
2319.715976715088,1816
2320.7128047943115,1838
2321.7098712921143,1842
2322.707176208496,1830
2323.704957962036,1850
2324.7017860412598,1870
2325.6988525390625,1896
2326.6966342926025,1870
2327.6937007904053,1840
2328.690767288208,1780
2329.68807220459,1778
2330.685615539551,1748
2331.683874130249,1706
2332.6807022094727,1704
2333.6784839630127,1718
2334.6755504608154,1654
2335.672616958618,1676
2336.669683456421,1662
2337.667226791382,1638
2338.6645317077637,1682
2339.6618366241455,1706
2340.6591415405273,1710
2341.6576385498047,1734
2342.653751373291,1750
2343.6508178710938,1810
2344.6483612060547,1806
2345.6456661224365,1810
2346.6432094573975,1806
2347.6407527923584,1810
2348.637580871582,1814
2349.634885787964,1814
2350.6319522857666,1814
2351.6294956207275,1826
2352.6268005371094,1790
2353.624105453491,1804
2354.621410369873,1836
2355.618953704834,1828
2356.616497039795,1876
2357.6138019561768,1868
2358.6111068725586,1874
2359.6138954162598,1822
2360.605478286743,1802
2361.602783203125,1834
2362.600326538086,1854
2363.5973930358887,1810
2364.5946979522705,1838
2365.5922412872314,1810
2366.5897846221924,1822
2367.587089538574,1852
2368.584394454956,1844
2369.581460952759,1850
2370.5790042877197,1818
2371.5760707855225,1778
2372.5736141204834,1782
2373.5709190368652,1842
2374.568223953247,1806
2375.565767288208,1790
2376.56307220459,1806
2377.56085395813,1754
2378.55863571167,1822
2379.5552253723145,1786
2380.552291870117,1802
2381.549596786499,1854
2382.5466632843018,1832
2383.5442066192627,1862
2384.5415115356445,1814
2385.5388164520264,1788
2386.5365982055664,1806
2387.5339031219482,1846
2388.530969619751,1866
2389.5280361175537,1848
2390.5255794525146,1768
2391.5228843688965,1818
2392.5201892852783,1842
2393.5182094573975,1882
2394.515037536621,1878
2395.512342453003,1854
2396.5094089508057,1842
2397.5069522857666,1862
2398.5042572021484,1854
2399.5015621185303,1894
2400.499105453491,1874
2401.496410369873,1826
2402.493715286255,1830
2403.4910202026367,1874
2404.4885635375977,1900
2405.4856300354004,1942
2406.4831733703613,1902
2407.480478286743,1918
2408.477544784546,1886
2409.4748497009277,1862
2410.4723930358887,1852
2411.4694595336914,1866
2412.4667644500732,1866
2413.463830947876,1846
2414.461612701416,1854
2415.458917617798,1862
2416.4562225341797,1874
2417.4540042877197,1876
2418.4510707855225,1902
2419.448137283325,1918
2420.445442199707,1854
2421.442985534668,1844
2422.4400520324707,1862
2423.4373569488525,1894
2424.4353771209717,1916
2425.4324436187744,1870
2426.429510116577,1844
2427.426815032959,1864
2428.42435836792,1870
2429.4214248657227,1904
2430.4189682006836,1878
2431.4160346984863,1884
2432.4135780334473,1878
2433.410882949829,1878
2434.408187866211,1886
2435.405492782593,1882
2436.4030361175537,1878
2437.4003410339355,1848
2438.3974075317383,1854
2439.3951892852783,1826
2440.392255783081,1866
2441.389322280884,1882
2442.387104034424,1932
2443.3841705322266,1870
2444.3814754486084,1894
2445.3790187835693,1868
2446.376323699951,1854
2447.373628616333,1854
2448.370933532715,1832
2449.368476867676,1834
2450.3657817840576,1830
2451.3628482818604,1788
2452.3682594299316,1842
2453.357696533203,1894
2454.355001449585,1918
2455.3704261779785,1906
2456.3498497009277,1886
2457.3469161987305,1872
2458.3442211151123,1882
2459.341287612915,1862
2460.3445529937744,1862
2461.336135864258,1850
2462.3334407806396,1846
2463.3309841156006,1840
2464.3285274505615,1868
2465.3258323669434,1898
2466.323137283325,1878
2467.320442199707,1900
2468.3175086975098,1914
2469.3148136138916,1912
2470.3123569488525,1854
2471.3101387023926,1910
2472.306966781616,1884
2473.304033279419,1886
2474.30157661438,1898
2475.2988815307617,1902
2476.296901702881,1902
2477.2937297821045,1942
2478.290796279907,1978
2479.28786277771,1950
2480.285406112671,1942
2481.282949447632,1868
2482.2802543640137,1874
2483.2773208618164,1882
2484.2748641967773,1862
2485.272169113159,1910
2486.269474029541,1844
2487.26749420166,1846
2488.264322280884,1846
2489.2613887786865,1822
2490.2589321136475,1854
2491.2562370300293,1894
2492.2540187835693,1872
2493.250846862793,1894
2494.2479133605957,1854
2495.245933532715,1894
2496.2432384490967,1916
2497.2400665283203,1882
2498.2378482818604,1894
2499.234914779663,1938
2500.232219696045,1902
2501.2292861938477,1916
2502.227306365967,1938
2503.236770629883,1948
2504.2216777801514,1958
2505.218982696533,1906
2506.216526031494,1894
2507.213830947876,1902
2508.211135864258,1918
2509.2084407806396,1916
2510.2057456970215,1854
2511.2030506134033,1854
2512.2005939483643,1868
2513.197660446167,1910
2514.195203781128,1966
2515.1925086975098,1942
2516.1895751953125,1938
2517.1868801116943,1886
2518.1844234466553,1950
2519.181489944458,1960
2520.17879486084,1918
2521.176338195801,1870
2522.1736431121826,1874
2523.1709480285645,1878
2524.1682529449463,1910
2525.165319442749,1974
2526.163101196289,2002
2527.160406112671,1912
2528.157949447632,1942
2529.1550159454346,1934
2530.1520824432373,1918
2531.1496257781982,1910
2532.14693069458,1904
2533.144235610962,1950
2534.1415405273438,2008
2535.1388454437256,1958
2537.137746810913,1962
2537.137746810913,1974
2538.130760192871,1980
2539.128065109253,2010
2540.125608444214,2002
2541.1226749420166,1978
2542.1199798583984,1958
2543.1172847747803,1948
2544.1150665283203,1956
2545.112133026123,1966
2546.109437942505,1936
2547.106981277466,1946
2549.1015911102295,1962
2549.1015911102295,2006
2550.0991344451904,1970
2551.096200942993,1970
2552.093505859375,1972
2553.0905723571777,1970
2554.0881156921387,1942
2555.0854206085205,1942
2556.0827255249023,1990
2558.077573776245,1958
2559.074640274048,1936
2560.0719451904297,1942
2561.0694885253906,1936
2562.0670318603516,1956
2563.0640983581543,1978
2564.0616416931152,1968
2564.0616416931152,1978
2565.058708190918,1944
2567.0535564422607,1918
2568.0508613586426,1946
2569.0481662750244,1946
2569.0481662750244,1938
2571.043014526367,1932
2572.04008102417,1930
2573.0373859405518,1962
2574.0346908569336,1958
2575.0322341918945,1958
2576.0295391082764,1992
2577.026844024658,1962
2578.023910522461,1914
2579.02193069458,1918
2580.018997192383,1940
2581.0160636901855,1978
2582.0136070251465,1970
2583.0109119415283,1970
2584.0084552764893,1982
2585.005283355713,1976
2586.002826690674,1998
2587.0001316070557,2034
2588.0069732666016,2030
2589.0016555786133,1994
2589.992046356201,1980
2590.989351272583,1966
2591.986656188965,1976
2592.9839611053467,1970
2593.9815044403076,1942
2594.9790477752686,1982
2595.9763526916504,1978
2596.973419189453,2010
2597.970962524414,2002
2598.968267440796,1974
2599.9655723571777,2006
2600.9626388549805,1978
2601.9599437713623,1938
2602.9574871063232,1906
2603.954792022705,1918
2604.951858520508,1938
2605.949640274048,1930
2606.9469451904297,1898
2607.9440116882324,1896
2608.9413166046143,1946
2609.938859939575,1970
2610.936403274536,1988
2611.933469772339,1998
2612.9305362701416,1978
2613.9280796051025,2002
2614.9253845214844,2000
2615.922689437866,1930
2616.920232772827,1962
2617.917537689209,1958
2618.9146041870117,1976
2619.9119091033936,1968
2620.9094524383545,1962
2621.9067573547363,1990
2622.904062271118,1998
2623.901605606079,2000
2624.898910522461,1936
2625.896453857422,1966
2626.8932819366455,1948
2627.8908252716064,1950
2628.887891769409,1966
2629.894971847534,1920
2630.892038345337,1936
2631.8917274475098,1950
2632.8914165496826,1936
2633.892297744751,1950
2634.8721981048584,1978
2635.8695030212402,2002
2636.866807937622,1994
2637.864589691162,2008
2638.861656188965,1974
2639.8589611053467,1950
2640.8565044403076,1946
2641.8545246124268,1958
2642.850875854492,1950
2643.847942352295,1968
2644.845485687256,1950
2645.8427906036377,1970
2646.8403339385986,2030
2647.8381156921387,2014
2648.8349437713623,1990
2649.832248687744,1946
2650.829315185547,1964
2651.826858520508,1960
2652.8241634368896,1930
2653.8214683532715,1930
2654.818534851074,1962
2655.8163166046143,1950
2656.813621520996,1948
2657.810688018799,1966
2658.8079929351807,1966
2659.8052978515625,1992
2660.8028411865234,2010
2661.8003845214844,1994
2662.797451019287,1990
2663.794755935669,1938
2664.792060852051,1938
2665.7896041870117,2006
2666.7871475219727,1962
2667.7844524383545,1936
2668.7817573547363,1980
2669.779062271118,1984
2670.7763671875,2002
2671.7734336853027,1990
2672.7733612060547,1958
2673.7680435180664,1974
2674.7653484344482,1940
2675.762891769409,1916
2676.760673522949,1914
2677.757740020752,1934
2678.755044937134,1946
2679.7521114349365,1954
2680.7494163513184,1958
2681.7467212677,1934
2682.743787765503,1974
2683.741569519043,1976
2684.738874435425,2038
2685.7361793518066,2038
2686.7334842681885,2022
2687.7310276031494,1994
2688.7283325195312,2010
2689.725160598755,2022
2690.722703933716,1998
2691.7200088500977,2010
2692.7173137664795,1998
2693.7148571014404,1998
2694.7121620178223,2046
2695.709228515625,2028
2696.707010269165,1998
2697.704076766968,1946
2698.7013816833496,1930
2699.6986865997314,1884
2700.6962299346924,1914
2701.693296432495,1968
2702.690839767456,1958
2703.687906265259,1962
2704.6854496002197,1930
2705.6829929351807,1966
2706.6800594329834,1950
2707.6776027679443,1954
2708.674907684326,2008
2709.672212600708,2022
2710.6692790985107,1974
2711.6668224334717,1942
2712.6641273498535,1930
2713.6614322662354,1936
2714.6589756011963,1960
2715.656042098999,1934
2716.65358543396,1942
2717.651128768921,2002
2718.648672103882,1974
2719.6455001831055,2002
2720.6428050994873,2002
2721.640110015869,1966
2722.637414932251,1906
2723.634719848633,1882
2724.6317863464355,1930
2725.6298065185547,1958
2726.6268730163574,1938
2727.6244163513184,1964
2728.621482849121,1950
2729.618787765503,1914
2730.6160926818848,1956
2731.6136360168457,1994
2732.6107025146484,2002
2733.6080074310303,1938
2734.605550765991,1968
2735.603094100952,1936
2736.599922180176,1918
2737.5974655151367,1906
2738.5952472686768,1934
2739.5927906036377,1962
2740.5898571014404,1962
2741.586923599243,1946
2742.584466934204,1982
2743.581533432007,1978
2744.5788383483887,1934
2745.5763816833496,1930
2746.5736865997314,1908
2747.5709915161133,1902
2748.567819595337,1908
2749.566078186035,1910
2750.563144683838,1970
2751.5621185302734,1930
2752.5579929351807,1914
2753.5550594329834,1936
2754.5523643493652,1912
2755.549430847168,1978
2756.546974182129,1980
2757.54451751709,1978
2758.5415840148926,1962
2759.5391273498535,1938
2760.5364322662354,1970
2761.533737182617,1966
2762.53080368042,1918
2763.5281085968018,1942
2764.5256519317627,1978
2765.5229568481445,1966
2766.5257453918457,1954
2767.5201892852783,1960
2768.517255783081,1974
2769.514799118042,1974
2770.512104034424,1906
2771.5094089508057,1896
2772.5067138671875,1898
2773.5037803649902,1888
2774.5015621185303,1936
2775.498628616333,1942
2776.495933532715,1914
2777.4932384490967,1906
2778.4905433654785,1914
2779.4880867004395,1898
2780.4853916168213,1962
2781.9855213165283,1958
2782.984495162964,1938
2783.9865684509277,1916
2784.9793434143066,1894
2785.9766483306885,1930
2786.9741916656494,1942
2787.9719734191895,1938
2788.968801498413,1934
2789.965867996216,1882
2790.9631729125977,1970
2791.9607162475586,2008
2792.9580211639404,1964
2793.9553260803223,1958
2794.9628829956055,1914
2795.959234237671,1934
2796.9589233398438,1934
2797.945022583008,1910
2798.4485626220703,1942
2799.447774887085,1964
2800.447463989258,1966
2801.4447689056396,1962
2802.4423122406006,1994
2803.4393787384033,2006
2804.4369220733643,2002
2805.434226989746,1998
2806.431770324707,1932
2807.4288368225098,1940
2808.4263801574707,1892
2809.4234466552734,1882
2810.4209899902344,1930
2811.418056488037,1970
2812.415361404419,1946
2813.412666320801,1930
2814.9139881134033,1970
2815.912961959839,1974
2816.917657852173,1970
2817.9075717926025,1934
2818.9046382904053,1906
2819.901943206787,1882
2820.899724960327,1910
2821.89679145813,1902
2822.8940963745117,1918
2823.8916397094727,1970
2824.8889446258545,1976
2825.8864879608154,1946
2826.883554458618,1994
2827.881097793579,1982
2828.878402709961,2006
2829.875707626343,1966
2830.873489379883,1968
2831.93302154541,1910
2832.9296112060547,1934
2833.925485610962,1912
2834.9249362945557,1940
2835.9222412109375,1954
2836.9176387786865,1994
2837.9170894622803,1958
2838.913917541504,1938
2839.9109840393066,1958
2840.9080505371094,1962
2841.907501220703,1946
2842.902898788452,1940
2843.899965286255,1910
2844.895839691162,1886
2845.893621444702,1910
2846.891164779663,1914
2847.888231277466,1962
2848.8855361938477,1918
2849.8826026916504,1898
2850.8925437927246,1898
2851.8807888031006,1930
2852.874755859375,1930
2853.8715839385986,1950
2854.8691272735596,1930
2855.8664321899414,1908
2856.8646907806396,1894
2857.8617572784424,1842
2858.858823776245,1906
2859.8573207855225,1906
2860.853672027588,1910
2861.8524074554443,1930
2862.8478050231934,1910
2863.8479709625244,1934
2864.8428916931152,1936
2865.84210395813,1934
2866.837501525879,1918
2867.8348064422607,1930
2868.8340187072754,1898
2869.831323623657,1886
2870.828628540039,1906
2871.8268871307373,1940
2872.82133102417,1966
2873.8183975219727,1932
2874.8183250427246,1888
2875.8132457733154,1894
2876.812696456909,1942
2877.81023979187,1978
2878.805637359619,1940
2879.8229694366455,1906
2880.8021545410156,1902
2881.7973136901855,1930
2882.7970027923584,1906
2883.791923522949,1972
2884.789228439331,1986
2885.786533355713,1950
2886.784076690674,1978
2887.7811431884766,1974
2888.7789249420166,1948
2889.7757530212402,1946
2890.773296356201,1914
2891.772747039795,1934
2892.768144607544,1906
2893.766164779663,1912
2894.7625160217285,1940
2895.7602977752686,1966
2896.7578411102295,1978
2897.7575302124023,1946
2898.751974105835,1978
2899.749279022217,1918
2900.7465839385986,1934
2901.7438888549805,1912
2902.7411937713623,1944
2903.7387371063232,1902
2904.735803604126,1906
2905.733108520508,1910
2906.7306518554688,1934
2907.7279567718506,1940
2908.7252616882324,1930
2909.7280502319336,1934
2910.719871520996,1914
2911.717176437378,1930
2912.7144813537598,1934
2913.7120246887207,1894
2914.7093296051025,1908
2915.7066345214844,1898
2916.7041778564453,1876
2917.7017211914062,1862
2918.69854927063,1866
2919.6982383728027,1886
2920.6957817077637,1874
2921.6907024383545,1906
2922.6880073547363,1942
2923.685312271118,1918
2924.6826171875,1876
2925.6796836853027,1886
2926.6772270202637,1918
2927.6745319366455,1906
2928.6718368530273,1878
2929.6693801879883,1898
2930.666923522949,1880
2931.663990020752,1946
2932.661533355713,1942
2933.6585998535156,1970
2934.6561431884766,1914
2935.6532096862793,1946
2936.650514602661,1878
2937.648057937622,1918
2938.654899597168,1918
2939.6605491638184,1904
2940.6397342681885,1878
2941.6372776031494,1882
2942.6345825195312,1878
2943.631887435913,1870
2944.629430770874,1912
2945.6262588500977,1942
2946.6238021850586,1898
2947.6211071014404,1914
2948.6186504364014,1974
2949.615955352783,1918
2950.613260269165,1870
2951.610803604126,1854
2952.6078701019287,1874
2953.6051750183105,1904
2954.6024799346924,1882
2955.599784851074,1912
2956.597328186035,1954
2957.594394683838,1934
2958.591938018799,1942
2959.5892429351807,1916
2960.5863094329834,1916
2961.5838527679443,1886
2962.581157684326,1898
2963.578462600708,1902
2964.57576751709,1934
2965.573310852051,1912
2966.5708541870117,1930
2967.5707817077637,1910
2968.567371368408,1910
2969.562768936157,1948
2970.560073852539,1930
2971.557140350342,1930
2972.557306289673,1886
2973.5519886016846,1942
2974.5490550994873,1970
2975.5470752716064,1898
2976.5443801879883,1856
2977.541208267212,1870
2978.5382747650146,1944
2979.5358180999756,1904
2980.5333614349365,1870
2981.5306663513184,1956
2982.5279712677,1990
2983.532428741455,1966
2984.522581100464,1918
2985.5198860168457,1914
2986.5174293518066,1930
2987.5147342681885,1936
2988.511800765991,1910
2989.509105682373,1906
2990.506649017334,1934
2991.5037155151367,1882
2992.5012588500977,1914
2993.4985637664795,1938
2994.4958686828613,1906
2995.493173599243,1902
2996.4914321899414,1914
2997.488021850586,1878
2998.485326766968,1910
2999.4826316833496,1880
3000.4801750183105,1898
3001.4772415161133,1874
3002.474784851074,1874
3003.471851348877,1906
3004.469394683838,1944
3005.4666996002197,1976
3006.4640045166016,1932
3007.4613094329834,1980
3008.4586143493652,1918
3009.455919265747,1898
3010.453224182129,1902
3011.45076751709,1918
3012.44854927063,1934
3013.4477615356445,1918
3014.4448280334473,1882
3015.470266342163,1936
3016.4542198181152,1942
3017.434597015381,1942
3018.4319019317627,1870
3019.429922103882,1930
3020.4267501831055,1910
3021.4242935180664,1906
3022.4215984344482,1902
3023.418426513672,1918
3024.416923522949,1898
3025.4135131835938,1884
3026.4105796813965,1878
3027.4081230163574,1874
3028.4054279327393,1930
3029.402494430542,1934
3030.400037765503,1910
3031.3990116119385,1906
3032.3946475982666,1866
3033.3917140960693,1918
3034.389019012451,1914
3035.3870391845703,1870
3036.383867263794,1878
3037.381172180176,1864
3038.378953933716,1870
3039.3760204315186,1886
3040.374517440796,1872
3041.370630264282,1894
3042.368173599243,1990
3043.383836746216,1958
3044.3625450134277,1934
3045.3596115112305,1900
3046.3573932647705,1898
3047.3546981811523,1930
3048.352003097534,1868
3049.349308013916,1814
3050.346851348877,1834
3051.344156265259,1850
3052.3412227630615,1894
3053.3385276794434,1942
3054.335832595825,1894
3055.333137512207,1886
3056.330680847168,1906
3057.3277473449707,1904
3058.3252906799316,1880
3059.3225955963135,1818
3060.3199005126953,1842
3061.317205429077,1878
3062.314510345459,1870
3063.31205368042,1850
3064.3093585968018,1880
3065.3066635131836,1966
3066.3037300109863,1902
3067.3022270202637,1914
3068.29833984375,1916
3069.295883178711,1898
3070.2946186065674,1874
3071.29168510437,1910
3072.288990020752,1894
3073.2858180999756,1872
3074.2835998535156,1854
3075.279951095581,1902
3076.277732849121,1886
3077.2757530212402,1894
3078.2718658447266,1906
3079.2696475982666,1866
3080.2664756774902,1870
3081.2642574310303,1866
3082.2620391845703,1818
3083.258628845215,1838
3084.2559337615967,1866
3085.2532386779785,1866
3086.2507820129395,1802
3087.2483253479004,1840
3088.245391845703,1878
3089.242696762085,1854
3090.2397632598877,1898
3091.2389755249023,1870
3092.2350883483887,1814
3093.231678009033,1866
3094.229221343994,1884
3095.226764678955,1870
3096.224069595337,1808
3097.2211360931396,1804
3098.2189178466797,1830
3099.2159843444824,1874
3100.2132892608643,1790
3101.210594177246,1842
3102.214574813843,1896
3103.2052040100098,1850
3104.2025089263916,1846
3105.2002906799316,1802
3106.1975955963135,1770
3107.194662094116,1808
3108.191967010498,1808
3109.189748764038,1730
3111.1836433410645,1734
3111.1836433410645,1786
3112.1814250946045,1842
3113.178491592407,1874
3114.175796508789,1834
3115.173101425171,1774
3116.170644760132,1854
3117.1679496765137,1850
3119.1625595092773,1826
3119.1625595092773,1770
3120.15962600708,1766
3121.156930923462,1814
3122.1563816070557,1810
3123.1517791748047,1812
3124.1488456726074,1870
3125.1466274261475,1854
3126.1439323425293,1854
3127.141237258911,1850
3128.138303756714,1830
3129.1356086730957,1832
3130.1331520080566,1812
3131.1304569244385,1764
3133.1253051757812,1768
3133.1253051757812,1804
3134.122848510742,1810
3135.119676589966,1782
3136.1169815063477,1788
3137.1142864227295,1854
3138.1115913391113,1810
3139.1091346740723,1842
3140.106439590454,1840
3142.101287841797,1782
3142.101287841797,1778
3143.099069595337,1810
3144.0958976745605,1818
3146.0916996002197,1778
3147.0882892608643,1768
3148.085355758667,1766
3149.082660675049,1766
3149.082660675049,1834
3151.078462600708,1804
3152.0745754241943,1806
3153.0721187591553,1790
3154.069423675537,1778
3155.066967010498,1810
3156.0637950897217,1766
3157.0615768432617,1736
3158.0588817596436,1758
3159.0559482574463,1722
3160.053491592407,1754
3161.05055809021,1750
3162.048101425171,1708
3163.0451679229736,1770
3164.0424728393555,1782
3165.0400161743164,1818
3166.0373210906982,1738
3167.03462600708,1750
3168.032169342041,1758
3169.0292358398438,1754
3170.0263023376465,1778
3171.0245609283447,1718
3172.0218658447266,1782
3173.0191707611084,1754
3174.015760421753,1806
3175.013780593872,1830
3176.010847091675,1818
3177.0079135894775,1788
3178.0056953430176,1756
3179.0027618408203,1724
3179.999828338623,1758
3180.997610092163,1806
3181.994676589966,1752
3182.9922199249268,1766
3183.9895248413086,1774
3184.987783432007,1804
3185.9893798828125,1818
3186.9819164276123,1810
3187.9796981811523,1818
3188.976764678955,1786
3189.974069595337,1784
3190.972089767456,1738
3191.9686794281006,1738
3192.9664611816406,1766
3193.9632892608643,1748
3194.960832595825,1810
3195.958137512207,1788
3196.9549655914307,1774
3197.964906692505,1802
3198.949098587036,1822
3199.946641921997,1838
3200.944185256958,1806
3201.9412517547607,1752
3202.9385566711426,1778
3203.9358615875244,1742
3204.9331665039062,1720
3205.930233001709,1748
3206.928014755249,1790
3207.925319671631,1802
3208.9223861694336,1814
3209.9199295043945,1766
3210.9172344207764,1814
3211.914539337158,1870
3212.91184425354,1810
3213.9108180999756,1750
3214.907646179199,1784
3215.9039974212646,1750
3216.9017791748047,1778
3217.8988456726074,1758
3218.89591217041,1768
3219.8946475982666,1818
3220.890760421753,1790
3221.8878269195557,1766
3222.886562347412,1830
3223.8824367523193,1842
3224.879741668701,1848
3225.878953933716,1774
3226.874828338623,1726
3227.872133255005,1714
3228.8691997528076,1712
3229.8665046691895,1752
3230.8640480041504,1758
3231.861114501953,1778
3232.858657836914,1780
3233.855724334717,1804
3234.858512878418,1802
3235.8505725860596,1846
3236.8476390838623,1802
3237.8451824188232,1818
3238.842487335205,1774
3239.839792251587,1754
3240.8370971679688,1786
3241.835117340088,1786
3242.8321838378906,1838
3243.8290119171143,1838
3244.826555252075,1854
3245.823860168457,1854
3246.821165084839,1862
3247.8184700012207,1896
3248.8157749176025,1842
3249.8133182525635,1854
3250.810384750366,1774
3251.807928085327,1750
3252.805233001709,1768
3253.802537918091,1790
3254.7998428344727,1838
3255.7971477508545,1830
3256.7944526672363,1834
3257.791519165039,1814
3258.789539337158,1780
3259.786605834961,1834
3260.7836723327637,1846
3261.7809772491455,1786
3262.7785205841064,1746
3263.7758255004883,1774
3264.772891998291,1766
3265.770435333252,1790
3266.767740249634,1770
3267.7650451660156,1790
3268.7621116638184,1818
3269.7596549987793,1790
3270.756959915161,1750
3271.754264831543,1786
3272.751808166504,1818
3273.7505435943604,1758
3274.747371673584,1738
3275.744676589966,1686
3276.7419815063477,1712
3277.7395248413086,1756
3278.7375450134277,1726
3279.7341346740723,1734
3280.731439590454,1790
3281.731605529785,1748
3282.726764678955,1818
3283.7233543395996,1854
3284.7206592559814,1814
3285.7179641723633,1814
3286.715030670166,1830
3287.7120971679688,1846
3288.710594177246,1834
3289.707660675049,1848
3290.7044887542725,1914
3291.701555252075,1874
3292.6993370056152,1878
3293.696641921997,1886
3294.693946838379,1914
3295.6912517547607,1882
3296.6887950897217,1870
3297.6861000061035,1870
3298.6834049224854,1830
3299.680709838867,1814
3300.678014755249,1782
3301.6750812530518,1832
3302.6723861694336,1844
3303.6701679229736,1846
3304.6677112579346,1878
3305.664539337158,1882
3306.6627979278564,1892
3307.658910751343,1934
3308.656692504883,1894
3309.6535205841064,1894
3310.6510639190674,1846
3311.647891998291,1826
3312.645673751831,1816
3313.6425018310547,1842
3314.640522003174,1870
3315.6373500823975,1906
3316.634178161621,1862
3317.631483078003,1916
3318.6287879943848,1894
3319.6260929107666,1870
3320.6236362457275,1862
3321.6207027435303,1826
3322.632312774658,1806
3323.615312576294,1810
3324.612617492676,1802
3325.6101608276367,1790
3326.6074657440186,1786
3327.6047706604004,1808
3328.6023139953613,1842
3329.599380493164,1830
3330.596685409546,1894
3331.596612930298,1878
3332.5936794281006,1866
3333.5888385772705,1854
3334.588050842285,1866
3335.585594177246,1882
3336.5821838378906,1810
3337.5802040100098,1842
3338.5772705078125,1854
3339.574098587036,1902
3340.571880340576,1878
3341.568946838379,1870
3342.5679206848145,1894
3343.594789505005,1870
3344.589948654175,1818
3345.590114593506,1782
3346.554756164551,1802
3347.5823402404785,1782
3348.5794067382812,1816
3349.576711654663,1806
3350.543737411499,1804
3351.5408039093018,1830
3352.5378704071045,1806
3353.5354137420654,1852
3354.5327186584473,1874
3355.530023574829,1874
3356.527090072632,1914
3357.524871826172,1878
3358.5383892059326,1870
3359.5192432403564,1838
3360.5167865753174,1840
3361.514091491699,1846
3362.511396408081,1850
3363.508462905884,1912
3364.5060062408447,1918
3365.5033111572266,1894
3366.5032386779785,1918
3367.499828338623,1908
3368.5288429260254,1874
3369.5223331451416,1866
3370.5203533172607,1900
3371.5169429779053,1850
3372.514247894287,1898
3373.511552810669,1870
3374.508857727051,1874
3375.5059242248535,1906
3376.5039443969727,1910
3377.474069595337,1886
3378.497838973999,1938
3379.495620727539,1866
3380.492925643921,1918
3381.4609050750732,1938
3382.457971572876,1902
3383.455514907837,1842
3384.4525814056396,1842
3385.4498863220215,1870
3386.4471912384033,1904
3387.444496154785,1906
3388.442039489746,1886
3389.439821243286,1938
3390.4366493225098,1930
3391.4339542388916,1946
3392.4314975738525,1902
3393.4288024902344,1906
3394.425868988037,1930
3395.423412322998,1880
3396.421194076538,1898
3397.418737411499,1914
3398.4158039093018,1918
3399.4128704071045,1918
3400.4101753234863,1898
3401.407241821289,1938
3402.4360179901123,1930
3403.432607650757,1910
3404.430389404297,1926
3405.428886413574,1960
3406.426429748535,1930
3407.3944091796875,1874
3408.425807952881,1806
3409.4181060791016,1832
3410.414934158325,1862
3411.391258239746,1882
3412.4081134796143,1882
3413.405418395996,1900
3414.402961730957,1902
3415.400505065918,1880
3416.3966178894043,1878
3417.393922805786,1896
3418.3928966522217,1886
3419.388771057129,1838
3420.38631439209,1846
3421.384572982788,1870
3422.3809242248535,1884
3423.3791828155518,1936
3424.375057220459,1938
3425.3451824188232,1930
3426.3415336608887,1966
3427.3388385772705,1942
3428.3359050750732,1914
3429.333448410034,1940
3430.330753326416,1918
3431.328058242798,1934
3432.3251247406006,1876
3433.3224296569824,1878
3434.3202114105225,1894
3435.317039489746,1874
3436.314105987549,1894
3437.312126159668,1906
3438.3089542388916,1866
3439.3062591552734,1892
3440.3035640716553,1910
3441.3297176361084,1906
3442.328929901123,1906
3443.324565887451,1870
3444.321393966675,1932
3445.3210830688477,1870
3446.3160037994385,1878
3447.2875595092773,1918
3448.3108520507812,1962
3449.3091106414795,1930
3450.2782821655273,1870
3451.3027667999268,1886
3452.2995948791504,1930
3453.2980918884277,1960
3454.294204711914,1894
3455.291509628296,1878
3456.2885761260986,1882
3457.258462905884,1934
3458.2576751708984,1918
3459.2556953430176,1902
3460.2527618408203,1914
3461.249589920044,1936
3462.2466564178467,1966
3463.2444381713867,1918
3464.2412662506104,1904
3465.238571166992,1866
3466.235876083374,1942
3467.233657836914,1958
3468.2304859161377,1914
3469.2280292510986,1894
3470.2255725860596,1886
3471.2226390838623,1970
3472.219944000244,1970
3473.2179641723633,1970
3474.214792251587,1976
3475.212335586548,2000
3476.2094020843506,2002
3477.2071838378906,1996
3478.2044887542725,1994
3479.201316833496,2014
3480.198860168457,1990
3481.1959266662598,1986
3482.193946838379,1942
3483.1910133361816,1966
3484.1880798339844,1978
3485.185384750366,1960
3486.182451248169,1910
3487.180471420288,1842
3488.175630569458,1854
3489.17293548584,1906
3490.1700019836426,1862
3491.1673069000244,1874
3492.1646118164062,1886
3493.161916732788,1878
3494.15922164917,1934
3495.156764984131,1956
3496.1538314819336,1946
3497.1513748168945,1936
3498.1486797332764,1934
3499.145984649658,1938
3500.143527984619,1910
3501.140832901001,1918
3502.138137817383,1962
3503.1352043151855,1944
3504.178524017334,1900
3505.160331726074,1850
3506.129741668701,1886
3507.1542263031006,1934
3508.1515312194824,1966
3509.1488361358643,1902
3510.146379470825,1878
3511.143684387207,1914
3512.148857116699,1904
3513.139009475708,1880
3514.1360759735107,1894
3515.1326656341553,1898
3516.130208969116,1878
3517.0984268188477,1854
3518.096685409546,1878
3520.1196670532227,1886
3521.118402481079,1876
3522.113800048828,1882
3523.1118202209473,1940
3524.10888671875,1878
3525.1071453094482,1884
3526.1056423187256,1902
3526.1056423187256,1914
3527.101993560791,1906
3528.099298477173,1846
3530.0896167755127,1874
3530.0896167755127,1898
3531.090497970581,1904
3532.086133956909,1890
3533.0848693847656,1940
3534.0545177459717,1946
3535.080671310425,1950
3537.0452404022217,1910
3537.0452404022217,1912
3538.04349899292,1942
3539.069414138794,1914
3540.067195892334,1942
3542.031764984131,1958
3542.031764984131,1930
3543.0593490600586,1874
3544.0568923950195,2010
3546.051263809204,1968
3547.018527984619,1962
3548.045873641968,1966
3549.044132232666,1970
3550.0102043151855,1992
3551.0075092315674,1948
3552.00457572937,1950
3553.001880645752,1902
3553.999423980713,1950
3554.9967288970947,1930
3555.9940338134766,1938
3556.9915771484375,1902
3557.9886436462402,1918
3558.986186981201,1958
3559.983253479004,1946
3560.9805583953857,1902
3561.9781017303467,1854
3562.9754066467285,1900
3563.9729499816895,1966
3564.970016479492,1948
3565.9680366516113,1902
3566.965341567993,1934
3567.962646484375,1934
3568.9594745635986,1930
3569.9567794799805,1918
3570.9540843963623,1902
3571.951150894165,1950
3572.948455810547,1936
3573.945999145508,1942
3574.9433040618896,1934
3575.9406089782715,1930
3576.9381523132324,1948
3577.9354572296143,1910
3578.932523727417,1902
3579.929828643799,1950
3580.9273719787598,1962
3581.9246768951416,1974
3582.9217433929443,2008
3583.9195251464844,1938
3584.916591644287,1966
3585.913896560669,1946
3586.911201477051,1946
3587.9087448120117,1908
3588.9058113098145,1942
3589.9035930633545,1966
3590.9008979797363,1962
3591.897964477539,1914
3592.895269393921,1946
3593.8925743103027,1982
3594.8901176452637,2002
3595.8871841430664,2006
3596.8878269195557,1976
3597.883939743042,1914
3598.8810062408447,1946
3599.8787879943848,1932
3600.8758544921875,1908
3601.8731594085693,1894
3602.8707027435303,1876
3603.868007659912,1894
3604.865074157715,1958
3605.8623790740967,1960
3606.8601608276367,1938
3607.8574657440186,1944
3608.8545322418213,1918
3609.8523139953613,1898
3610.849380493164,1934
3611.8781566619873,1906
3612.8737926483154,1894
3613.870143890381,1858
3614.870309829712,1870
3615.866184234619,1882
3616.863489151001,1898
3617.8293228149414,1918
3618.8573837280273,1906
3619.8549270629883,1962
3620.851755142212,1930
3621.8490600585938,1916
3622.8463649749756,1930
3623.8441467285156,1914
3624.84073638916,1912
3625.8385181427,1898
3626.807928085327,1930
3627.8326511383057,1918
3628.8299560546875,1942
3629.8277378082275,1966
3630.8252811431885,1992
3631.821870803833,2010
3632.8189373016357,1998
3633.816957473755,1996
3634.8214149475098,1978
3635.812282562256,1974
3636.8091106414795,1992
3637.805938720703,2002
3638.803005218506,1996
3639.800548553467,1956
3640.7978534698486,1978
3641.80326461792,2014
3642.79842376709,2026
3643.8045501708984,1962
3644.7935104370117,1966
3645.7865238189697,1994
3646.754026412964,1956
3647.777795791626,1916
3648.775577545166,1866
3649.772882461548,1850
3650.77805519104,1874
3651.7677307128906,1878
3652.7647972106934,1894
3653.7623405456543,1934
3654.759407043457,1934
3655.76434135437,1950
3656.754493713379,1914
3657.759666442871,1878
3658.7212085723877,1870
3659.747362136841,1838
3660.7487201690674,1818
3661.743640899658,1802
3662.7397537231445,1854
3663.736581802368,1822
3664.734363555908,1854
3665.7347679138184,1864
3666.728734970093,1970
3667.7262783050537,1994
3668.7233448028564,1994
3669.7208881378174,1972
3670.71795463562,2002
3671.715259552002,2040
3672.712564468384,2026
3673.6793518066406,1994
3674.6766567230225,1994
3675.6763458251953,2032
3676.673173904419,2038
3677.670955657959,2002
3678.6680221557617,2010
3679.6655654907227,1962
3680.6626319885254,1940
3681.659936904907,1854
3682.65700340271,1854
3683.654546737671,1846
3684.652090072632,1830
3685.6491565704346,1854
3686.6464614868164,1882
3687.6440048217773,1818
3688.641309738159,1842
3689.638376235962,1874
3690.6354427337646,1882
3691.6327476501465,1916
3692.629814147949,1914
3693.6280727386475,1942
3694.6260929107666,1944
3695.650100708008,1974
3696.6183185577393,1946
3697.6444721221924,1948
3698.6451148986816,1918
3699.6400356292725,1946
3700.637102127075,1938
3701.634407043457,2008
3702.6312351226807,1966
3703.6285400390625,1976
3704.6263217926025,1980
3705.6267261505127,1930
3706.5935134887695,1902
3707.618474960327,1854
3708.6386680603027,1886
3709.6126079559326,1874
3710.6101512908936,1868
3711.6076946258545,1852
3712.6049995422363,1870
3713.602304458618,1910
3714.599609375,1874
3715.5966758728027,1916
3716.5653705596924,1946
3717.5915241241455,1902
3718.5897827148438,1872
3719.586133956909,1902
3720.5541133880615,1874
3721.5511798858643,1882
3722.548484802246,1906
3723.546028137207,1944
3724.5430946350098,1976
3725.5403995513916,2008
3726.5377044677734,2014
3727.5352478027344,2064
3728.532552719116,2026
3729.529857635498,1966
3730.527400970459,1968
3731.5244674682617,1966
3732.5217723846436,1970
3733.525037765503,1968
3734.5166206359863,1894
3735.5446815490723,1914
3736.5119457244873,1914
3737.5380992889404,1914
3738.535165786743,1958
3739.5334243774414,1886
3740.530014038086,1894
3741.528034210205,1910
3742.525100708008,1914
3743.5219287872314,1896
3744.5194721221924,1872
3745.516777038574,1882
3746.4871406555176,1914
3747.511625289917,1910
3748.509407043457,1878
3749.5057582855225,1868
3750.5033016204834,1894
3751.471757888794,1926
3752.4969577789307,1938
3753.4961700439453,1870
3754.4946670532227,1880
3755.488634109497,1902
3756.489038467407,1930
3757.4844360351562,1930
3758.481979370117,1962
3759.479522705078,1946
3760.478734970093,2006
3761.4777088165283,2014
3762.4709606170654,2046
3763.4689807891846,2034
3764.4660472869873,2026
3765.4635906219482,2002
3766.46089553833,1946
3767.4639225006104,1914
3768.4266567230225,1884
3769.4544792175293,1870
3770.4503536224365,1846
3771.4529037475586,1872
3772.4509239196777,1886
3773.448705673218,1934
3774.439573287964,1898
3775.4087448120117,1910
3776.4360904693604,1902
3777.4319648742676,1906
3778.4292697906494,1914
3779.4265747070312,1840
3780.423402786255,1822
3781.39328956604,1864
3782.388925552368,1854
3783.385992050171,1882
3784.3832969665527,1896
3785.3806018829346,1950
3786.3781452178955,2002
3787.3754501342773,2038
3788.372755050659,2096
3789.369583129883,2068
3790.367364883423,1992
3791.3646697998047,1958
3792.3617362976074,1960
3793.3595180511475,1946
3794.35658454895,1918
3795.353889465332,1894
3796.351432800293,1880
3797.349214553833,1942
3798.3460426330566,1910
3799.3433475494385,1894
3800.351142883301,1894
3801.337957382202,1828
3802.335262298584,1842
3803.332805633545,1846
3804.3298721313477,1850
3805.3271770477295,1866
3806.3247203826904,1878
3807.3222637176514,1882
3808.3198070526123,1942
3809.316635131836,1906
3810.314178466797,1938
3811.3112449645996,1992
3812.3085498809814,2010
3813.3060932159424,1936
3814.303398132324,1914
3815.300703048706,1978
3816.297769546509,1872
3817.295551300049,1896
3818.2928562164307,1898
3819.2899227142334,1942
3820.2872276306152,1970
3821.284770965576,2064
3822.282075881958,2128
3823.2791423797607,2122
3824.2764472961426,2164
3825.2739906311035,2172
3826.2712955474854,2226
3827.2688388824463,2190
3828.266382217407,2186
3829.263687133789,2134
3830.260753631592,2106
3831.2580585479736,2026
3832.2553634643555,1990
3833.252429962158,1940
3834.24973487854,1830
3835.247278213501,1774
3836.244583129883,1742
3837.242364883423,1770
3838.239908218384,1834
3839.2367362976074,1888
3840.23380279541,1930
3841.231107711792,1962
3842.228889465332,2008
3843.226194381714,1958
3844.252824783325,1934
3845.2560901641846,1812
3846.2483882904053,1782
3847.245931625366,1850
3848.2515811920166,1850
3849.2486476898193,1868
3850.2187728881836,1842
3851.2356281280518,1810
3852.233409881592,1802
3853.2302379608154,1774
3854.2325496673584,1724
3855.2303314208984,1732
3856.2214374542236,1750
3857.189178466797,1878
3858.187675476074,1938
3859.185218811035,2000
3860.182285308838,2078
3861.179828643799,2118
3862.1771335601807,2104
3863.1744384765625,2106
3864.1715049743652,1994
3865.1692867279053,1918
3866.166591644287,1830
3867.1624660491943,1812
3868.159532546997,1814
3869.1587448120117,1814
3870.1555728912354,1838
3871.152877807617,1872
3872.150659561157,1918
3873.14772605896,1946
3874.145269393921,1940
3875.142812728882,1942
3876.1396408081055,1910
3877.1374225616455,1930
3878.1354427337646,1970
3879.132032394409,1974
3880.128860473633,1992
3881.1264038085938,2014
3882.124185562134,1992
3883.1212520599365,2010
3884.1187953948975,1968
3885.1163387298584,1876
3886.113166809082,1832
3887.110948562622,1846
3888.108015060425,1886
3889.1053199768066,1886
3890.1023864746094,1894
3891.0982608795166,1928
3892.0953273773193,1962
3893.092632293701,1974
3894.089698791504,1976
3895.087242126465,1968
3896.0845470428467,1914
3897.0820903778076,1938
3898.0793952941895,1932
3899.0767002105713,1838
3900.073766708374,1838
3901.071071624756,1874
3902.068614959717,1890
3903.0661582946777,1882
3904.0632247924805,1902
3905.0607681274414,1886
3906.0873985290527,1898
3907.057762145996,1878
3908.0822467803955,1898
3909.0805053710938,1908
3910.076856613159,1866
3911.074161529541,1850
3912.071466445923,1842
3914.0849113464355,1838
3914.0849113464355,1838
3915.0638580322266,1842
3917.0289039611816,1838
3917.0289039611816,1814
3918.056011199951,1828
3919.052839279175,1854
3921.0197925567627,1872
3922.0447540283203,1854
3922.0447540283203,1878
3923.041582107544,1906
3925.036668777466,1950
3926.0056018829346,2010
3927.004098892212,2038
3928.0006885528564,2070
3928.9979934692383,2040
3929.995059967041,2020
3930.992364883423,2004
3931.9896697998047,2022
3932.9867362976074,1966
3933.9845180511475,1930
3934.981346130371,1898
3935.978889465332,1962
3936.9757175445557,1902
3937.9727840423584,1940
3938.981533050537,1966
3939.9807453155518,2022
3940.964698791504,2002
3941.962242126465,1946
3942.9590702056885,1900
3943.9566135406494,1934
3944.9539184570312,1978
3945.951223373413,1944
3946.948766708374,1914
3947.9458332061768,1874
3948.9431381225586,1884
3949.9406814575195,1918
3950.9377479553223,1902
3951.935291290283,1906
3952.9645442962646,1886
3953.961133956909,1910
3954.962968826294,1914
3955.9555053710938,1868
3956.9523334503174,1898
3957.9224586486816,1910
3958.951950073242,1872
3959.9523544311523,1872
3960.952043533325,1854
3961.9102478027344,1854
3962.9526138305664,1874
3963.9334678649902,1870
3964.9312496185303,1886
3965.9295082092285,1930
3966.895818710327,1870
3967.923402786255,1880
3968.9202308654785,1900
3969.9177742004395,1878
3970.914125442505,1908
3971.9114303588867,1846
3972.9087352752686,1886
3973.9065170288086,1854
3974.903106689453,1854
3975.9016036987305,1936
3976.8710136413574,1958
3977.895498275757,1966
3978.8925647735596,1940
3979.896068572998,1934
3980.8878898620605,1966
3981.886863708496,1978
3982.853889465332,1994
3983.851671218872,1942
3984.848737716675,1938
3985.8458042144775,1958
3986.8435859680176,1990
3987.8408908843994,2000
3988.8381958007812,1990
3989.8359775543213,1970
3990.832805633545,1990
3991.837501525879,1978
3992.8271770477295,1962
3993.8244819641113,1960
3994.8220252990723,1946
3995.819091796875,1910
3996.816635131836,1866
3997.814655303955,1844
3998.812198638916,1838
3999.8087882995605,1894
4000.8068084716797,1938
4001.8036365509033,1904
4002.800703048706,1870
4003.798246383667,1898
4004.795789718628,1948
4005.7930946350098,1938
4006.7903995513916,1894
4007.7884197235107,1842
4008.7852478027344,1834
4009.782552719116,1814
4010.779619216919,1832
4011.77716255188,1870
4012.7744674682617,1876
4013.7717723846436,1906
4014.76788520813,1874
4015.770196914673,1914
4016.7627334594727,1940
4017.7628993988037,1938
4018.789529800415,1930
4019.784927368164,1932
4020.781993865967,1888
4021.7790603637695,1882
4022.775888442993,1930
4023.7746238708496,1976
4024.7714519500732,1966
4025.768756866455,1960
4026.766538619995,1990
4027.735471725464,2008
4028.7671089172363,2010
4029.728889465332,1962
4030.7259559631348,1938
4031.7232608795166,1902
4032.7205657958984,1898
4033.7181091308594,1878
4034.7156524658203,1852
4035.712480545044,1886
4036.710262298584,1884
4037.7166271209717,1910
4038.7048721313477,1906
4039.7026538848877,1906
4040.6997203826904,1880
4041.6970252990723,1884
4042.6948070526123,1908
4043.691873550415,1878
4044.6887016296387,1886
4045.713424682617,1846
4046.71311378479,1874
4047.708749771118,1854
4048.7070083618164,1886
4049.7028827667236,1902
4050.672769546509,1902
4051.6979694366455,1938
4052.6957511901855,1942
4053.6935329437256,1978
4054.689884185791,1950
4055.6955337524414,1978
4056.657552719116,1944
4057.6820373535156,1940
4058.651924133301,1990
4059.6487522125244,1964
4060.6725215911865,1988
4061.6707801818848,1970
4062.6683235168457,1970
4063.664674758911,1938
4064.662218093872,1904
4065.659999847412,1898
4066.6580200195312,1918
4067.6538944244385,1958
4068.6511993408203,1906
4069.6489810943604,1882
4070.647954940796,1910
4071.645498275757,1906
4072.6425647735596,1906
4073.639154434204,1932
4074.636459350586,1910
4075.610637664795,1918
4076.6046047210693,1934
4077.6290893554688,1966
4078.6256790161133,1918
4079.6239376068115,1896
4080.620288848877,1904
4081.6190242767334,1902
4082.6210975646973,1894
4083.5845470428467,1938
4084.581136703491,1976
4085.6072902679443,1946
4086.575746536255,1958
4087.60142326355,1916
4088.599443435669,1936
4089.5965099334717,1894
4090.5942916870117,1918
4091.597080230713,1892
4092.5889015197754,1880
4093.586206436157,1872
4094.583034515381,1868
4095.5810546875,1882
4096.579074859619,1874
4097.5751876831055,1872
4098.573207855225,1898
4099.573612213135,1918
4100.567579269409,1866
4101.56512260437,1902
4102.561950683594,1900
4103.5590171813965,1888
4104.5567989349365,1864
4105.554103851318,1862
4106.524467468262,1902
4107.520580291748,1938
4108.5405349731445,1962
4109.544992446899,1946
4110.540390014648,1910
4111.539125442505,1914
4112.536430358887,1926
4113.534450531006,1910
4114.53104019165,1866
4115.528583526611,1856
4116.495609283447,1862
4117.4938678741455,1848
4118.519306182861,1822
4119.517087936401,1872
4120.514392852783,1878
4121.511936187744,1866
4122.509241104126,1896
4123.508930206299,1888
4124.503374099731,1904
4125.472784042358,1894
4126.471519470215,1902
4127.495527267456,1898
4128.493309020996,1880
4129.490852355957,1854
4130.489826202393,1866
4131.497144699097,1874
4132.482051849365,1920
4133.479356765747,1936
4134.482145309448,1918
4135.478973388672,1900
4136.444568634033,1888
4137.4688148498535,1866
4138.472318649292,1906
4139.463663101196,1862
4140.460729598999,1838
4141.458749771118,1850
4142.455816268921,1842
4143.4526443481445,1862
4144.4501876831055,1866
4145.447492599487,1886
4146.415710449219,1906
4147.445440292358,1870
4148.442029953003,1876
4149.436712265015,1910
4150.4340171813965,1866
4151.432037353516,1886
4152.428865432739,1908
4153.426885604858,1888
4154.423713684082,1898
4155.420303344727,1894
4156.418561935425,1932
4157.388687133789,1930
4158.41269493103,1894
4159.410238265991,1886
4160.407304763794,1894
4161.404848098755,1870
4162.402153015137,1858
4163.399457931519,1894
4164.396524429321,1838
4165.394306182861,1788
4166.3641929626465,1778
4167.388916015625,1838
4169.960975646973,1888
4170.35174369812,1872
4170.35174369812,1836
4171.36549949646,1866
4172.4913120269775,1870
4173.518896102905,1850
4174.515962600708,1904
4175.5053997039795,1886
4176.485538482666,1862
4177.48236656189,1902
4178.478956222534,1876
4179.503679275513,1884
4180.498838424683,1874
4181.471109390259,1874
4182.49773979187,1926
4183.496475219727,1894
4184.491395950317,1872
4185.488224029541,1848
4186.485767364502,1850
4187.482595443726,1842
4188.450574874878,1840
4189.448118209839,1818
4190.446615219116,1818
4191.4427280426025,1810
4192.439794540405,1806
4193.437337875366,1878
4194.434642791748,1886
4195.4333782196045,1906
4196.429491043091,1866
4197.427749633789,1860
4198.425769805908,1866
4199.422359466553,1878
4200.418710708618,1838
4201.415777206421,1864
4202.413082122803,1864
4203.4101486206055,1882
4204.407691955566,1878
4205.404996871948,1874
4206.402540206909,1884
4207.40008354187,1868
4208.397150039673,1870
4209.394454956055,1758
4210.391998291016,1788
4211.3893032073975,1750
4212.3863697052,1840
4213.383913040161,1760
4214.381694793701,1758
4215.378522872925,1746
4216.375827789307,1766
4217.372894287109,1814
4218.37043762207,1774
4219.367742538452,1774
4220.365047454834,1814
4221.362352371216,1804
4222.359657287598,1802
4223.3569622039795,1776
4224.35450553894,1782
4225.351810455322,1772
4226.349115371704,1786
4227.346420288086,1754
4228.343725204468,1782
4229.34103012085,1820
4230.348825454712,1810
4231.335401535034,1782
4232.332944869995,1758
4233.330249786377,1774
4234.32731628418,1814
4235.32509803772,1866
4236.3221645355225,1878
4237.319707870483,1848
4238.317489624023,1814
4239.314556121826,1822
4240.311622619629,1854
4241.308927536011,1864
4242.306470870972,1854
4243.3037757873535,1878
4244.301080703735,1882
4245.300769805908,1866
4246.298789978027,1806
4247.324466705322,1836
4248.319387435913,1842
4249.317169189453,1786
4250.287294387817,1812
4251.3108253479,1786
4252.310514450073,1842
4253.305673599243,1838
4254.302263259888,1842
4255.303144454956,1826
4256.298542022705,1778
4257.296562194824,1802
4258.293628692627,1766
4259.29069519043,1784
4260.288715362549,1756
4261.286020278931,1758
4262.280702590942,1770
4263.282060623169,1774
4264.276742935181,1734
4265.273571014404,1766
4266.26992225647,1758
4267.270565032959,1784
4268.267631530762,1814
4269.262075424194,1770
4270.259618759155,1778
4271.260738372803,1798
4272.255659103394,1862
4273.252964019775,1834
4274.250030517578,1756
4275.218725204468,1830
4276.216983795166,1848
4277.244806289673,1898
4278.23805809021,1874
4279.238700866699,1864
4280.234575271606,1814
4281.231641769409,1810
4282.229900360107,1826
4283.226490020752,1790
4284.224033355713,1782
4285.221099853516,1822
4286.191940307617,1814
4287.2161865234375,1778
4288.213491439819,1770
4289.214372634888,1768
4290.207862854004,1822
4291.210174560547,1834
4292.201995849609,1786
4293.198585510254,1766
4294.195890426636,1754
4295.193195343018,1758
4296.190500259399,1786
4297.18804359436,1770
4298.185110092163,1774
4299.182653427124,1790
4300.183057785034,1818
4301.178216934204,1842
4302.173852920532,1868
4303.174734115601,1870
4304.168462753296,1846
4305.166006088257,1830
4307.135581970215,1788
4308.132648468018,1768
4308.132648468018,1774
4309.129476547241,1780
4310.153245925903,1768
4311.153888702393,1736
4312.150716781616,1750
4313.14754486084,1854
4314.149856567383,1878
4315.142393112183,1850
4316.140174865723,1806
4317.10958480835,1862
4318.134546279907,1878
4319.132089614868,1808
4320.128679275513,1766
4321.1259841918945,1814
4322.124004364014,1836
4323.121070861816,1782
4324.118375778198,1758
4325.115203857422,1774
4326.113700866699,1792
4327.080249786377,1790
4328.07993888855,1782
4329.1051387786865,1750
4330.107688903809,1778
4331.099510192871,1742
4332.096576690674,1754
4333.093881607056,1746
4334.091663360596,1714
4335.0889682769775,1722
4336.08603477478,1734
4338.053226470947,1770
4339.05029296875,1784
4340.047597885132,1842
4341.0444259643555,1870
4342.041730880737,1870
4343.03879737854,1848
4344.036102294922,1850
4345.033645629883,1832
4346.030950546265,1846
4347.028732299805,1818
4348.025798797607,1786
4349.02286529541,1774
4350.020408630371,1742
4351.017475128174,1734
4352.015018463135,1770
4353.012561798096,1766
4354.009628295898,1770
4355.006694793701,1778
4356.004238128662,1766
4357.001781463623,1754
4357.998847961426,1790
4358.996391296387,1814
4359.993696212769,1816
4360.9912395477295,1814
4361.988067626953,1846
4362.985610961914,1854
4363.982915878296,1872
4364.980220794678,1906
4365.977764129639,1898
4366.974830627441,1854
4367.972612380981,1832
4368.970155715942,1822
4369.996070861816,1838
4370.992660522461,1850
4371.990203857422,1838
4372.987747192383,1882
4373.984813690186,1882
4374.982833862305,1866
4375.979661941528,1886
4376.977205276489,1872
4377.974033355713,1866
4378.977060317993,1782
4379.968643188477,1810
4380.966424942017,1782
4381.964206695557,1814
4382.96103477478,1808
4383.958101272583,1804
4384.955167770386,1776
4385.952711105347,1782
4386.92307472229,1760
4387.918710708618,1746
4388.944625854492,1782
4389.945983886719,1692
4390.911340713501,1660
4391.909599304199,1698
4392.905235290527,1650
4393.902540206909,1714
4394.899845123291,1720
4395.9033489227295,1782
4396.9221115112305,1816
4397.890567779541,1838
4398.919105529785,1862
4399.886846542358,1846
4400.884389877319,1898
4401.880979537964,1902
4402.878284454346,1882
4403.875827789307,1830
4404.8731327056885,1854
4405.870676040649,1882
4406.868457794189,1906
4407.865285873413,1882
4408.862590789795,1834
4409.859895706177,1818
4410.857200622559,1820
4411.8547439575195,1806
4412.851810455322,1806
4413.849353790283,1786
4414.846658706665,1764
4415.843963623047,1742
4416.842222213745,1750
4417.839288711548,1778
4418.835878372192,1790
4419.833183288574,1788
4420.830488204956,1786
4421.827554702759,1782
4422.82509803772,1830
4423.822641372681,1816
4424.819707870483,1830
4425.817251205444,1790
4426.814794540405,1780
4427.811861038208,1764
4428.810119628906,1758
4429.80694770813,1770
4430.814027786255,1806
4431.801319122314,1790
4432.798385620117,1830
4433.796405792236,1834
4434.793472290039,1842
4435.791015625,1842
4436.78879737854,1814
4437.785863876343,1832
4438.782691955566,1786
4439.780235290527,1770
4440.777540206909,1776
4441.774845123291,1778
4442.772388458252,1778
4443.769693374634,1766
4444.767236709595,1782
4445.762634277344,1830
4446.759939193726,1806
4447.757244110107,1814
4448.754549026489,1834
4449.751615524292,1814
4450.749158859253,1758
4451.746463775635,1776
4452.743768692017,1778
4453.740835189819,1774
4454.738616943359,1790
4455.735683441162,1822
4456.733226776123,1846
4457.730531692505,1810
4458.727836608887,1808
4459.724903106689,1846
4460.722208023071,1838
4461.748838424683,1862
4462.746620178223,1826
4463.744163513184,1812
4464.741230010986,1820
4465.738534927368,1818
4466.735601425171,1866
4467.73362159729,1882
4468.730449676514,1866
4469.727993011475,1830
4470.725297927856,1854
4471.722364425659,1866
4472.719669342041,1940
4473.71768951416,1822
4474.714994430542,1838
4475.712060928345,1852
4476.7091274261475,1842
4477.6771068573,1814
4478.674411773682,1810
4479.6717166900635,1852
4480.669021606445,1842
4481.666326522827,1874
4482.66339302063,1818
4483.661413192749,1846
4484.658241271973,1874
4485.6555461883545,1862
4486.653089523315,1822
4487.650394439697,1788
4488.647699356079,1826
4489.645004272461,1838
4490.642309188843,1854
4491.639614105225,1870
4492.64931678772,1842
4493.6363697052,1842
4494.633913040161,1854
4495.638132095337,1822
4496.628046035767,1790
4497.625827789307,1814
4498.6231327056885,1804
4499.620199203491,1810
4500.617265701294,1772
4501.615047454834,1754
4502.612352371216,1836
4503.609657287598,1882
4504.6067237854,1864
4505.60450553894,1828
4506.601572036743,1832
4507.59744644165,1874
4508.600473403931,1868
4509.591579437256,1838
4510.589122772217,1812
4511.586427688599,1772
4512.5837326049805,1790
4513.580799102783,1850
4514.578342437744,1850
4515.575647354126,1850
4516.572952270508,1882
4517.570495605469,1870
4518.567800521851,1870
4519.564867019653,1830
4520.562410354614,1814
4521.559953689575,1846
4522.557020187378,1810
4523.55432510376,1806
4524.5513916015625,1810
4525.5491733551025,1806
4526.5491008758545,1830
4527.545690536499,1862
4528.574228286743,1810
4529.573678970337,1846
4530.5657386779785,1834
4531.562566757202,1902
4532.559156417847,1874
4534.615039825439,1782
4534.615039825439,1744
4535.576105117798,1732
4536.535024642944,1790
4537.6036167144775,1718
4538.604259490967,1722
4539.600372314453,1768
4540.597677230835,1834
4541.594982147217,1834
4542.608976364136,1790
4543.591737747192,1862
4544.589042663574,1850
4545.586347579956,1854
4546.584367752075,1806
4547.581195831299,1832
4548.578500747681,1810
4549.5758056640625,1786
4550.573348999023,1834
4551.570415496826,1772
4552.567958831787,1790
4553.565502166748,1838
4554.562091827393,1880
4555.58967590332,1846
4556.58745765686,1820
4557.583808898926,1802
4558.550119400024,1806
4559.578895568848,1844
4560.574769973755,1774
4561.572074890137,1790
4562.574863433838,1830
4563.566446304321,1870
4564.56446647644,1864
4565.561771392822,1842
4566.559076309204,1836
4567.527770996094,1818
4568.555116653442,1750
4569.523811340332,1736
4570.548295974731,1734
4571.54655456543,1732
4572.543144226074,1694
4573.540449142456,1740
4574.538230895996,1750
4575.5345821380615,1754
4576.5321254730225,1806
4577.4993896484375,1806
4578.527212142944,1808
4579.524755477905,1810
4580.52134513855,1782
4581.519603729248,1810
4582.515716552734,1838
4583.513975143433,1810
4584.511280059814,1766
4585.479736328125,1774
4586.478710174561,1834
4587.47410774231,1854
4588.500261306763,1864
4589.498281478882,1848
4590.495347976685,1854
4591.493129730225,1874
4592.48948097229,1822
4593.487024307251,1832
4594.484090805054,1842
4595.482349395752,1818
4596.478700637817,1766
4597.4485874176025,1742
4598.473310470581,1754
4599.470615386963,1786
4600.437879562378,1782
4601.438045501709,1726
4602.434873580933,1806
4603.431701660156,1806
4604.428768157959,1786
4605.42631149292,1774
4606.423854827881,1772
4607.421636581421,1788
4608.418941497803,1746
4609.4160079956055,1724
4610.412836074829,1738
4611.409902572632,1828
4612.407684326172,1830
4613.404750823975,1818
4614.401817321777,1830
4615.399360656738,1832
4616.4257526397705,1868
4617.392778396606,1866
4618.391036987305,1846
4619.418144226074,1838
4620.415210723877,1846
4621.413230895996,1874
4622.409820556641,1854
4623.406887054443,1846
4624.405860900879,1842
4625.372648239136,1878
4626.399993896484,1822
4627.395868301392,1810
4628.3934116363525,1808
4629.3909549713135,1810
4630.388498306274,1822
4631.385803222656,1770
4632.3816776275635,1736
4633.379220962524,1778
4634.376287460327,1810
4635.373830795288,1802
4636.371374130249,1808
4637.369632720947,1810
4638.3655071258545,1806
4639.363050460815,1766
4640.3608322143555,1758
4641.357421875,1780
4642.35520362854,1770
4643.352508544922,1782
4644.349575042725,1778
4645.346879959106,1786
4646.317720413208,1740
4647.314786911011,1802
4648.31018447876,1826
4649.337530136108,1814
4650.306224822998,1806
4651.331424713135,1778
4652.329921722412,1786
4653.324127197266,1778
4654.321670532227,1802
4655.323505401611,1786
4656.2910079956055,1758
4657.317399978638,1774
4658.312559127808,1776
4659.309387207031,1810
4660.309553146362,1814
4661.304950714111,1818
4662.301063537598,1806
4663.27166557312,1842
4664.268970489502,1766
4665.266036987305,1774
4666.2633419036865,1818
4667.261362075806,1802
4668.258428573608,1784
4669.255495071411,1782
4670.252799987793,1808
4671.250104904175,1814
4672.2471714019775,1780
4673.244476318359,1806
4674.2424964904785,1854
4675.23980140686,1814
4676.236867904663,1804
4677.235126495361,1814
4678.229808807373,1864
4679.229497909546,1838
4680.22608757019,1802
4681.223392486572,1812
4682.220935821533,1880
4683.218002319336,1906
4684.215545654297,2010
4685.212850570679,1886
4686.210155487061,1882
4687.207937240601,1874
4688.205003738403,1866
4689.202308654785,1806
4690.199375152588,1828
4691.196918487549,1840
4692.19446182251,1870
4693.18962097168,1830
4694.1869258880615,1758
4695.184230804443,1766
4696.181535720825,1822
4697.179079055786,1818
4698.176383972168,1782
4699.173450469971,1724
4700.178146362305,1746
4701.1682987213135,1754
4702.165603637695,1748
4703.162670135498,1764
4704.15997505188,1774
4705.15775680542,1738
4706.154823303223,1754
4707.1521282196045,1786
4708.149671554565,1786
4709.177732467651,1834
4710.175037384033,1842
4711.172103881836,1846
4712.169647216797,1870
4713.1667137146,1850
4714.164733886719,1842
4715.161323547363,1818
4716.131210327148,1830
4717.158555984497,1790
4718.153238296509,1786
4719.151258468628,1754
4720.14856338501,1776
4721.146106719971,1822
4722.142219543457,1830
4723.140001296997,1834
4724.1370677948,1774
4725.106477737427,1742
4726.10330581665,1766
4727.099418640137,1734
4728.096485137939,1738
4729.095935821533,1682
4730.093002319336,1688
4731.090307235718,1734
4732.0873737335205,1710
4733.084678649902,1742
4734.082221984863,1806
4735.079526901245,1786
4736.076831817627,1772
4737.074613571167,1770
4738.071441650391,1770
4739.0687465667725,1834
4740.0946617126465,1812
4742.060661315918,1774
4742.060661315918,1786
4743.087291717529,1778
4744.084358215332,1778
4745.081424713135,1778
4746.05131149292,1782
4748.044967651367,1806
4748.044967651367,1766
4749.070882797241,1732
4750.071048736572,1766
4751.065492630005,1782
4752.062559127808,1804
4753.060340881348,1788
4755.054950714111,1820
4756.052017211914,1878
4757.049322128296,1886
4758.046388626099,1894
4759.044408798218,1930
4760.0414752960205,1850
4761.039257049561,1836
4762.036085128784,1834
4763.033628463745,1786
4764.031171798706,1738
4765.027761459351,1814
4766.0253047943115,1766
4766.995429992676,1718
4767.990827560425,1758
4769.017457962036,1722
4770.01428604126,1750
4770.993709564209,1774
4772.009611129761,1812
4773.0066776275635,1814
4774.003267288208,1758
4774.973154067993,1774
4776.000499725342,1774
4776.965856552124,1778
4777.993440628052,1780
4778.989553451538,1816
4779.98685836792,1814
4780.984401702881,1836
4781.982183456421,1870
4782.979488372803,1882
4783.976793289185,1898
4784.973621368408,1846
4785.952806472778,1782
4786.940813064575,1822
4787.966728210449,1834
4788.9368534088135,1790
4789.962530136108,1802
4790.960311889648,1778
4791.927814483643,1758
4792.951822280884,1736
4793.949842453003,1704
4794.947147369385,1734
4795.944452285767,1706
4796.9419956207275,1674
4797.912359237671,1654
4798.936605453491,1656
4799.934387207031,1618
4800.930976867676,1612
4801.900863647461,1640
4802.925109863281,1678
4803.921937942505,1690
4804.919242858887,1740
4805.916786193848,1802
4806.917190551758,1734
4807.912826538086,1738
4808.915138244629,1750
4809.908628463745,1746
4810.90521812439,1758
4811.901569366455,1766
4812.90078163147,1766
4813.896417617798,1790
4814.894437789917,1788
4815.892219543457,1790
4816.877603530884,1786
4817.886114120483,1786
4818.882942199707,1782
4819.880247116089,1756
4820.8770751953125,1766
4821.873426437378,1766
4822.87073135376,1770
4823.8685131073,1702
4824.8655796051025,1716
4825.863838195801,1740
4826.834440231323,1686
4827.857494354248,1682
4828.856945037842,1646
4829.85258102417,1678
4830.849885940552,1766
4831.85338973999,1782
4832.849979400635,1750
4833.845138549805,1736
4834.8400592803955,1746
4835.838317871094,1770
4836.8353843688965,1778
4837.804555892944,1834
4838.828325271606,1838
4839.829683303833,1810
4840.82293510437,1830
4841.822147369385,1834
4842.8192138671875,1854
4843.815088272095,1854
4844.812870025635,1822
4845.810174942017,1802
4846.778631210327,1810
4847.776174545288,1778
4848.77347946167,1778
4849.770545959473,1774
4850.7678508758545,1706
4851.765394210815,1654
4852.762699127197,1690
4853.760004043579,1750
4854.757308959961,1806
4855.754613876343,1790
4856.751918792725,1768
4857.749223709106,1774
4858.746767044067,1752
4859.744071960449,1714
4860.741376876831,1742
4861.738920211792,1752
4862.748384475708,1742
4863.733530044556,1746
4864.730596542358,1750
4865.728139877319,1746
4866.725444793701,1776
4867.722749710083,1804
4868.720293045044,1788
4869.717359542847,1734
4870.7146644592285,1736
4871.71196937561,1746
4872.70975112915,1774
4873.706817626953,1766
4874.704122543335,1690
4875.701427459717,1722
4876.698970794678,1748
4877.6960372924805,1714
4878.695964813232,1710
4879.692792892456,1712
4880.690097808838,1688
4881.687164306641,1704
4882.6844692230225,1710
4883.6822509765625,1714
4884.679317474365,1758
4885.676622390747,1790
4886.673927307129,1804
4887.671947479248,1782
4888.669013977051,1786
4889.665842056274,1842
4890.662908554077,1878
4891.660690307617,1832
4892.65775680542,1802
4893.655776977539,1758
4894.680500030518,1738
4895.67756652832,1730
4896.676778793335,1722
4897.645711898804,1778
4898.673295974731,1768
4899.667739868164,1722
4900.665283203125,1770
4901.670455932617,1786
4902.660608291626,1782
4903.6571979522705,1784
4904.654979705811,1832
4905.651807785034,1786
4906.649112701416,1726
4907.647132873535,1682
4908.620357513428,1646
4909.672260284424,1658
4910.6433391571045,1598
4911.634922027588,1520
4912.632942199707,1562
4913.632869720459,1622
4914.626836776733,1618
4915.623903274536,1594
4916.594505310059,1618
4917.619943618774,1610
4918.61629486084,1644
4919.613838195801,1638
4920.6109046936035,1630
4921.610355377197,1650
4922.610521316528,1750
4923.602819442749,1774
4924.570798873901,1758
4925.567865371704,1746
4926.565408706665,1772
4927.562475204468,1850
4928.560256958008,1802
4929.55756187439,1770
4930.554628372192,1756
4931.552171707153,1770
4932.549476623535,1754
4933.548212051392,1710
4934.544563293457,1734
4935.54162979126,1722
4936.5386962890625,1718
4937.536001205444,1658
4938.533544540405,1678
4939.530611038208,1734
4940.528154373169,1714
4941.52569770813,1766
4942.522764205933,1692
4943.520069122314,1650
4944.517374038696,1686
4945.514917373657,1710
4946.512222290039,1742
4947.509527206421,1734
4948.507070541382,1714
4949.504137039185,1748
4950.501203536987,1768
4951.498508453369,1768
4952.49605178833,1736
4953.493356704712,1718
4954.490900039673,1678
4955.519676208496,1734
4956.486225128174,1718
4957.513093948364,1706
4958.509206771851,1734
4959.514379501343,1718
4960.505962371826,1718
4961.50279045105,1738
4962.500810623169,1754
4963.500738143921,1776
4964.494705200195,1750
4965.492010116577,1752
4966.489791870117,1758
4967.48685836792,1718
4968.484163284302,1686
4969.4812297821045,1694
4970.478057861328,1726
4971.477031707764,1718
4972.47314453125,1746
4973.474740982056,1882
4974.467754364014,1770
4975.464344024658,1726
4976.43518447876,1738
4977.45943069458,1738
4978.457450866699,1712
4979.454040527344,1706
4980.456352233887,1702
4981.448650360107,1714
4982.445478439331,1776
4983.442783355713,1742
4984.440326690674,1740
4985.438108444214,1754
4986.406326293945,1754
4987.403631210327,1786
4988.430023193359,1742
4989.463567733765,1706
4990.423679351807,1702
4991.42050743103,1694
4992.417812347412,1656
4993.416786193848,1678
4994.412899017334,1674
4995.410203933716,1700
4996.381044387817,1742
4997.4048137664795,1694
4998.402118682861,1740
4999.40037727356,1714
5000.396728515625,1738
5001.394748687744,1758
5002.390623092651,1758
5003.3886432647705,1750
5004.386901855469,1722
5005.3839683532715,1718
5006.380081176758,1736
5007.352352142334,1754
5008.377313613892,1736
5009.3748569488525,1734
5010.371446609497,1758
5011.3685131073,1758
5012.368679046631,1770
5013.370990753174,1750
5014.360427856445,1746
5015.357494354248,1710
5016.35479927063,1726
5017.35258102417,1742
5018.353700637817,1786
5019.347906112671,1770
5020.344257354736,1760
5021.341562271118,1784
5022.3388671875,1822
5023.336172103882,1790
5024.335622787476,1774
5025.30312538147,1758
5026.328325271606,1756
5027.3261070251465,1758
5028.323650360107,1714
5029.320001602173,1718
5030.317544937134,1702
5031.315565109253,1718
5032.312870025635,1778
5033.311367034912,1730
5034.307479858398,1712
5035.304307937622,1736
5036.30256652832,1766
5037.299394607544,1750
5038.296937942505,1722
5039.293527603149,1662
5040.290832519531,1678
5041.288137435913,1718
5042.288064956665,1702
5043.283462524414,1746
5044.280290603638,1738
5045.2775955200195,1738
5046.282529830933,1732
5047.243118286133,1716
5048.241376876831,1714
5049.267768859863,1750
5050.238132476807,1712
5051.262378692627,1710
5052.2589683532715,1710
5053.256273269653,1734
5054.254531860352,1720
5055.251359939575,1736
5056.248188018799,1748
5057.218790054321,1754
5058.243274688721,1770
5059.24129486084,1782
5060.2381229400635,1814
5061.234951019287,1810
5062.231779098511,1804
5063.22979927063,1752
5064.227104187012,1774
5065.224647521973,1722
5066.193580627441,1766
5067.192554473877,1810
5068.187952041626,1778
5069.213628768921,1770
5070.211172103882,1750
5071.208238601685,1770
5072.205305099487,1834
5073.203325271606,1806
5074.200630187988,1782
5075.169324874878,1754
5076.195001602173,1742
5078.160524368286,1782
5078.160524368286,1808
5079.187393188477,1768
5080.1842212677,1774
5081.18200302124,1778
5082.178592681885,1844
5083.177328109741,1838
5084.177255630493,1754
5085.171937942505,1774
5086.16828918457,1818
5087.167024612427,1770
5088.163137435913,1734
5089.160203933716,1770
5090.157508850098,1782
5091.155052185059,1778
5092.15235710144,1750
5093.149662017822,1818
5094.1455364227295,1756
5095.143556594849,1778
5096.140384674072,1770
5097.111463546753,1772
5098.135232925415,1774
5099.132776260376,1734
5100.130081176758,1746
5101.128578186035,1740
5102.124929428101,1778
5103.123188018799,1806
5104.120254516602,1810
5105.116605758667,1830
5106.114149093628,1810
5107.112646102905,1818
5109.138965606689,1810
5109.138965606689,1830
5110.106706619263,1790
5111.103773117065,1806
5112.09774017334,1810
5113.095283508301,1814
5114.092826843262,1820
5116.086959838867,1834
5117.057323455811,1880
5118.056774139404,1866
5119.0526485443115,1808
5120.049715042114,1802
5121.047019958496,1814
5122.044563293457,1780
5123.042583465576,1770
5124.071836471558,1814
5125.080347061157,1804
5125.080347061157,1788
5127.0318031311035,1738
5127.0318031311035,1782
5128.055810928345,1792
5129.053115844727,1790
5130.053281784058,1818
5131.048202514648,1778
5132.04550743103,1790
5133.043527603149,1834
5134.0436935424805,1834
5136.034727096558,1758
5137.006998062134,1742
5138.0295753479,1776
5139.02735710144,1818
5139.995813369751,1786
5141.023635864258,1808
5141.991138458252,1786
5143.01609992981,1832
5144.015073776245,1770
5145.010948181152,1752
5146.009206771851,1810
5146.979093551636,1810
5147.974967956543,1746
5149.007797241211,1774
5149.997711181641,1780
5150.9950160980225,1782
5151.992559432983,1808
5152.989387512207,1818
5153.987407684326,1782
5154.985666275024,1786
5155.9813022613525,1830
5156.97979927063,1842
5157.976388931274,1830
5158.973455429077,1832
5159.970998764038,1802
5160.968065261841,1822
5161.965370178223,1770
5162.962436676025,1782
5163.965225219727,1814
5164.957284927368,1836
5165.955305099487,1870
5166.935205459595,1842
5167.949914932251,1818
5168.947458267212,1814
5169.9159145355225,1786
5170.942783355713,1818
5171.910285949707,1814
5172.907114028931,1802
5173.904180526733,1834
5174.931049346924,1830
5175.929069519043,1838
5176.925420761108,1854
5177.893877029419,1834
5178.920269012451,1854
5179.917335510254,1858
5180.91607093811,1866
5181.911945343018,1846
5182.911396026611,1870
5183.907270431519,1870
5184.904336929321,1874
5185.902118682861,1854
5186.871290206909,1874
5187.896251678467,1872
5188.894748687744,1886
5189.891815185547,1882
5190.887928009033,1846
5191.887378692627,1876
5192.884683609009,1838
5193.880081176758,1838
5194.878816604614,1820
5195.87516784668,1850
5196.845054626465,1850
5197.869539260864,1834
5198.866844177246,1834
5199.866056442261,1830
5200.833797454834,1842
5201.860427856445,1864
5202.8563022613525,1850
5203.853368759155,1902
5204.850912094116,1830
5205.820560455322,1818
5206.816911697388,1810
5207.816123962402,1810
5208.811283111572,1750
5209.810018539429,1814
5210.806369781494,1778
5211.803674697876,1818
5212.801218032837,1834
5213.79828453064,1814
5214.8284912109375,1842
5215.8215045928955,1862
5216.820240020752,1846
5217.81587600708,1822
5218.819856643677,1806
5219.811201095581,1814
5220.808029174805,1850
5221.8077182769775,1810
5222.803115844727,1830
5223.79994392395,1842
5224.797487258911,1850
5225.79550743103,1894
5226.792573928833,1932
5227.793455123901,1882
5228.78623008728,1886
5229.78401184082,1852
5230.781555175781,1918
5231.780767440796,1894
5232.78021812439,1842
5233.773708343506,1830
5234.771013259888,1818
5235.771417617798,1812
5236.738920211792,1818
5237.734794616699,1790
5238.760471343994,1806
5239.757537841797,1756
5240.754842758179,1722
5241.752624511719,1766
5242.749452590942,1806
5243.746995925903,1806
5244.744300842285,1782
5245.741605758667,1774
5246.738910675049,1842
5247.737169265747,1842
5248.733282089233,1806
5249.73201751709,1830
5250.728607177734,1846
5251.725196838379,1840
5252.724170684814,1822
5253.721714019775,1846
5254.71830368042,1842
5255.715370178223,1822
5256.685495376587,1814
5257.70902633667,1820
5258.707284927368,1792
5259.705543518066,1788
5260.706901550293,1862
5261.699438095093,1818
5262.6683712005615,1832
5263.665437698364,1848
5264.663219451904,1862
5265.660285949707,1790
5266.657590866089,1806
5267.65513420105,1834
5268.6522006988525,1774
5269.649505615234,1806
5270.646810531616,1834
5271.644353866577,1838
5272.641658782959,1818
5273.638963699341,1852
5274.636030197144,1876
5275.6335735321045,1862
5276.630878448486,1842
5277.626752853394,1866
5278.637647628784,1830
5279.621124267578,1870
5280.618667602539,1870
5281.615972518921,1878
5282.613277435303,1908
5283.610820770264,1904
5284.607887268066,1908
5285.605192184448,1920
5286.60249710083,1898
5287.600040435791,1848
5288.597345352173,1802
5289.594411849976,1788
5290.591716766357,1814
5291.589260101318,1790
5292.5865650177,1780
5293.586015701294,1818
5294.582843780518,1834
5295.580148696899,1834
5296.577453613281,1806
5297.575235366821,1790
5298.572301864624,1822
5299.569606781006,1832
5300.566911697388,1834
5301.5642166137695,1834
5302.561283111572,1816
5303.558826446533,1810
5304.556369781494,1836
5305.553436279297,1846
5306.550979614258,1856
5307.548522949219,1838
5308.545827865601,1808
5309.5433712005615,1918
5310.540199279785,1882
5311.537504196167,1830
5312.535047531128,1854
5313.53235244751,1830
5314.529657363892,1808
5315.526723861694,1846
5316.524028778076,1782
5317.522048950195,1784
5318.519115447998,1758
5319.516181945801,1774
5320.512771606445,1806
5321.51198387146,1822
5322.536468505859,1834
5323.535680770874,1850
5324.501991271973,1838
5325.527191162109,1840
5326.525688171387,1830
5327.521800994873,1832
5328.518629074097,1822
5329.516172409058,1856
5330.517530441284,1862
5331.511974334717,1870
5332.508563995361,1874
5333.529710769653,1866
5334.502935409546,1850
5335.500955581665,1848
5336.472511291504,1818
5337.494611740112,1846
5338.493585586548,1782
5339.489698410034,1774
5340.487003326416,1846
5341.484069824219,1870
5342.454433441162,1844
5343.451023101807,1840
5344.480991363525,1846
5345.4749584198,1928
5346.445322036743,1946
5347.470760345459,1906
5348.4673500061035,1850
5349.464416503906,1832
5350.461721420288,1822
5351.459264755249,1862
5352.456331253052,1822
5353.453636169434,1790
5354.451656341553,1850
5355.42106628418,1874
5356.417655944824,1870
5357.414960861206,1878
5358.412265777588,1814
5359.409809112549,1834
5360.406875610352,1846
5361.403942108154,1834
5362.401723861694,1774
5363.398790359497,1790
5364.396095275879,1816
5365.393400192261,1840
5366.390943527222,1834
5367.388725280762,1834
5368.385553359985,1844
5369.383096694946,1806
5370.380163192749,1850
5371.406078338623,1914
5372.403860092163,1874
5373.371124267578,1874
5375.553607940674,1786
5375.553607940674,1814
5376.927852630615,1848
5377.958297729492,1838
5379.010438919067,1854
5380.039930343628,1838
5381.038188934326,1844
5381.038188934326,1850
5382.034063339233,1880
5384.049415588379,1870
5385.0257396698,1838
5385.9968185424805,1834
5387.020826339722,1830
5388.018608093262,1842
5389.015436172485,1854
5390.012264251709,1850
5391.009330749512,1834
5391.979932785034,1820
5393.004655838013,1882
5394.012689590454,1882
5394.998788833618,1870
5395.997762680054,1866
5396.965980529785,1870
5397.992849349976,1870
5398.989915847778,1818
5399.986982345581,1750
5400.992155075073,1806
5401.981592178345,1838
5402.948379516602,1866
5403.946876525879,1828
5404.943943023682,1814
5405.9412479400635,1830
5406.9390296936035,1854
5407.936334609985,1828
5408.932447433472,1778
5409.930944442749,1772
5410.927772521973,1802
5411.925315856934,1790
5412.9228591918945,1786
5413.919925689697,1832
5414.917230606079,1846
5415.915012359619,1834
5416.910886764526,1818
5417.909860610962,1862
5418.906450271606,1902
5419.903516769409,1910
5420.901298522949,1866
5421.898365020752,1900
5422.895669937134,1886
5423.8927364349365,1876
5424.8902797698975,1892
5425.89545249939,1886
5426.885366439819,1914
5427.88290977478,1928
5428.879976272583,1946
5429.876804351807,1944
5430.874347686768,1930
5431.871652603149,1940
5432.868480682373,1914
5433.865785598755,1938
5434.863805770874,1886
5435.861110687256,1886
5436.859130859375,1906
5437.883138656616,1942
5438.882112503052,1970
5439.878702163696,1910
5440.8769607543945,1886
5441.864252090454,1966
5442.872524261475,1962
5443.867921829224,2038
5444.865703582764,1954
5445.876598358154,1892
5446.861982345581,1882
5447.865009307861,1874
5448.855400085449,1878
5449.853420257568,1854
5450.849771499634,1842
5451.847076416016,1894
5452.850818634033,1906
5453.843116760254,1910
5454.839706420898,1862
5455.836057662964,1884
5456.806421279907,1882
5457.8306674957275,1870
5458.828449249268,1818
5459.8259925842285,1830
5460.822820663452,1850
5461.820840835571,1874
5462.818622589111,1856
5463.814973831177,1830
5464.815378189087,1886
5465.80958366394,1866
5466.779708862305,1882
5467.77606010437,1846
5468.802690505981,1888
5469.799041748047,1876
5470.79610824585,1878
5471.792936325073,1898
5472.790956497192,1898
5473.788261413574,1944
5474.785327911377,1938
5475.783109664917,1914
5476.780652999878,1894
5477.783203125,1930
5478.7750244140625,1962
5479.773044586182,1944
5480.769157409668,1918
5481.765985488892,1882
5482.7635288238525,1902
5483.760118484497,1930
5484.758138656616,1938
5485.755443572998,1898
5486.7262840271,1930
5487.749814987183,1950
5488.748073577881,1958
5489.744663238525,1962
5490.741491317749,1950
5491.739749908447,1938
5492.736577987671,1960
5493.733644485474,1982
5494.7309494018555,1930
5495.728492736816,1918
5496.699810028076,1930
5497.72310256958,1978
5498.721122741699,1966
5499.718189239502,1942
5500.7147789001465,1910
5501.718044281006,1962
5502.710580825806,1962
5503.7078857421875,1934
5504.7056674957275,1914
5505.701780319214,1854
5506.672620773315,1866
5507.697343826294,1878
5508.6939334869385,1894
5509.693622589111,1870
5510.688304901123,1870
5511.688947677612,1914
5512.682914733887,1904
5513.680219650269,1906
5514.678001403809,1942
5515.675067901611,1936
5516.672611236572,1918
5517.669677734375,1906
5518.670082092285,1870
5519.66404914856,1938
5520.662307739258,1902
5521.659135818481,1878
5522.660970687866,1874
5523.653745651245,1934
5524.623394012451,1954
5526.18408203125,1898
5526.623010635376,1866
5527.64368057251,1894
5528.642416000366,1926
5529.638290405273,1874
5530.6360721588135,1862
5531.638622283936,1878
5532.629489898682,1870
5533.631801605225,1906
5534.624338150024,1882
5535.621881484985,1936
5536.625385284424,1898
5537.590265274048,1906
5538.6199951171875,1910
5539.61706161499,1932
5540.615081787109,1934
5541.606187820435,1902
5542.606830596924,1912
5543.601036071777,1894
5544.598340988159,1876
5545.596599578857,1864
5546.593904495239,1878
5547.5914478302,1914
5548.588514328003,1934
5549.586296081543,1866
5550.566673278809,1874
5551.5758991241455,1882
5552.549600601196,1902
5553.54642868042,1886
5554.543972015381,1854
5555.541276931763,1848
5556.540012359619,1894
5557.5361251831055,1870
5558.533668518066,1902
5559.53049659729,1916
5560.52827835083,1914
5561.525344848633,1918
5562.522649765015,1910
5563.520193099976,1906
5564.517259597778,1962
5565.543413162231,1912
5566.54953956604,1914
5567.537546157837,1898
5568.535089492798,1886
5569.533824920654,1940
5570.530891418457,1950
5571.527481079102,1958
5572.5250244140625,1974
5573.492527008057,1998
5574.519872665405,1964
5575.51646232605,1994
5576.514959335327,1968
5577.511548995972,2002
5578.507900238037,1970
5579.506158828735,1896
5580.5041790008545,1896
5581.500291824341,1960
5582.499742507935,1936
5583.505392074585,1962
5584.462881088257,1920
5585.492372512817,1936
5586.488962173462,1958
5587.48459815979,1916
5588.481664657593,1916
5589.478492736816,1942
5590.47794342041,1866
5591.474533081055,1868
5592.472314834595,1866
5593.468904495239,1872
5594.466209411621,1914
5595.4625606536865,1904
5596.461296081543,1934
5597.459077835083,1958
5598.455429077148,1902
5599.45273399353,1942
5600.422143936157,1898
5601.428747177124,1906
5602.445363998413,1912
5603.413343429565,1894
5604.4111251831055,1898
5605.408668518066,1902
5606.405973434448,1906
5607.403755187988,1938
5608.399868011475,1946
5609.426498413086,1934
5610.42857170105,1950
5611.42110824585,1942
5612.418174743652,1918
5613.415956497192,1914
5614.412546157837,1908
5615.410089492798,1902
5616.377592086792,1848
5617.3765659332275,1882
5618.373155593872,1876
5619.37141418457,1908
5620.368242263794,1904
5621.365547180176,1886
5622.362375259399,1906
5623.388767242432,1910
5624.385595321655,1896
5625.382661819458,1848
5626.381158828735,1852
5627.378463745117,1850
5628.375053405762,1876
5629.380464553833,1834
5630.370140075684,1866
5631.366729736328,1866
5632.36403465271,1932
5633.36181640625,1948
5634.358644485474,1960
5635.3559494018555,1928
5636.326313018799,1906
5637.349605560303,1934
5638.347625732422,1874
5639.3444538116455,1866
5640.341758728027,1850
5641.3397789001465,1854
5642.336130142212,1866
5643.334627151489,1874
5644.330978393555,1886
5645.3282833099365,1902
5646.326065063477,1908
5647.297143936157,1886
5648.321151733398,1870
5649.289846420288,1854
5650.3355503082275,1864
5651.3121128082275,1876
5652.311086654663,1878
5653.308153152466,1870
5654.305696487427,1854
5655.30252456665,1906
5656.273126602173,1928
5657.2980880737305,1914
5658.295392990112,1928
5659.292459487915,1934
5660.289525985718,1910
5661.291599273682,1902
5662.28461265564,1876
5663.281440734863,1900
5664.278507232666,1886
5665.276527404785,1904
5666.274070739746,1878
5667.244672775269,1918
5668.268918991089,1958
5669.265985488892,1938
5670.263051986694,1910
5671.260356903076,1930
5672.257423400879,1894
5673.25496673584,1896
5674.256324768066,1906
5675.271987915039,1886
5676.247358322144,1878
5677.245378494263,1902
5678.242206573486,1934
5679.23903465271,1930
5680.237770080566,1920
5681.233644485474,1928
5682.236909866333,1994
5683.228015899658,1966
5684.225559234619,1934
5685.22572517395,1914
5686.225891113281,1936
5687.218189239502,1934
5688.215494155884,1914
5689.212322235107,1888
5690.209150314331,1902
5691.206932067871,1908
5692.204475402832,1968
5693.201541900635,1976
5694.198846817017,1962
5695.195913314819,1946
5696.164131164551,1938
5697.1611976623535,1926
5698.158502578735,1882
5699.155807495117,1876
5700.1659870147705,1898
5701.15065574646,1904
5702.147960662842,1878
5703.145265579224,1914
5704.1425704956055,1962
5705.139875411987,1974
5706.138610839844,1966
5707.137584686279,1918
5708.1618309021,1932
5709.160566329956,1912
5710.161447525024,1942
5711.153984069824,1960
5712.12363243103,1962
5713.147878646851,1960
5714.147567749023,1970
5715.142488479614,1968
5716.140270233154,2010
5717.137575149536,1996
5718.137741088867,1970
5719.1321849823,1970
5720.132112503052,1938
5721.127033233643,1902
5722.124814987183,1894
5723.122596740723,1914
5724.119663238525,1938
5725.116014480591,1946
5726.116418838501,1914
5727.084636688232,1930
5728.080272674561,1974
5729.076862335205,1970
5730.102777481079,2014
5731.107950210571,1930
5732.097387313843,1918
5733.094930648804,1982
5734.092712402344,1962
5735.091686248779,1954
5736.089706420898,1958
5737.08438873291,1998
5738.08479309082,1970
5739.078998565674,1990
5740.076303482056,1974
5742.043495178223,2038
5743.067741394043,2024
5743.067741394043,2016
5745.062589645386,1934
5746.059894561768,1946
5746.059894561768,1988
5748.054981231689,1950
5749.051809310913,1886
5750.05316734314,1886
5751.047611236572,1942
5752.044200897217,1978
5752.044200897217,2010
5754.038572311401,2030
5755.035877227783,2026
5756.034135818481,2042
5757.030487060547,1998
5758.0273151397705,2002
5759.025096893311,1992
5760.022163391113,2014
5761.019229888916,2062
5762.016534805298,2042
5763.014078140259,2006
5764.012336730957,2102
5765.0086879730225,2086
5766.005992889404,2110
5766.976356506348,2096
5768.001079559326,2006
5768.998146057129,2034
5769.996166229248,2010
5770.993232727051,2022
5771.989583969116,2034
5772.986888885498,2034
5773.985147476196,2062
5774.986982345581,2078
5775.979280471802,2068
5776.9775390625,2082
5777.9741287231445,2094
5778.971195220947,2042
5779.969215393066,2060
5780.965566635132,2022
5781.963348388672,2014
5782.960414886475,2046
5783.961772918701,2086
5784.955263137817,2082
5785.952568054199,2010
5786.9508266448975,2014
5787.947177886963,2042
5788.944244384766,2098
5789.943218231201,2038
5790.93861579895,2012
5791.916370391846,2022
5792.934417724609,2062
5793.932676315308,1996
5794.929504394531,1990
5795.898199081421,2030
5796.894788742065,2038
5797.892093658447,2014
5798.917293548584,1990
5799.916982650757,2000
5800.912141799927,2030
5801.9115924835205,2070
5802.907466888428,2038
5804.048299789429,2026
5804.553508758545,1976
5805.583477020264,1996
5806.57958984375,2030
5807.576656341553,1990
5808.545112609863,1976
5809.572696685791,1914
5810.569047927856,1948
5811.566352844238,1990
5812.56365776062,2032
5813.567161560059,2040
5814.558267593384,2006
5815.555810928345,1994
5816.526412963867,2002
5817.522048950195,1976
5818.54772567749,1996
5819.544553756714,1994
5820.542812347412,1982
5821.539402008057,2014
5822.509050369263,2004
5823.5344886779785,2038
5824.531316757202,2042
5825.529336929321,2066
5826.526880264282,2106
5827.524185180664,2046
5828.520774841309,2040
5829.5183181762695,2042
5830.515384674072,2010
5831.512451171875,2062
5832.510232925415,2062
5833.493232727051,2062
5834.5046043396,2002
5835.503339767456,2030
5836.470603942871,2026
5837.4693393707275,2046
5838.494300842285,2070
5839.491605758667,2020
5840.48867225647,1982
5841.48645401001,1966
5842.483758926392,1994
5843.480587005615,2014
5844.478368759155,2002
5845.475912094116,1954
5846.474885940552,1994
5847.470760345459,1996
5848.4673500061035,2020
5849.464893341064,2006
5850.434064865112,1994
5851.431608200073,2014
5852.460145950317,2010
5853.461503982544,1970
5854.451656341553,1994
5855.449199676514,1994
5856.420040130615,2032
5857.443809509277,1974
5858.441591262817,1978
5859.438419342041,2006
5860.435724258423,2024
5861.433029174805,2010
5862.430572509766,2004
5863.428115844727,2014
5864.4256591796875,1996
5865.422487258911,1946
5866.42050743103,1932
5867.417097091675,1992
5868.415117263794,2004
5869.412899017334,1982
5870.409250259399,2004
5871.40679359436,1958
5872.403621673584,1990
5873.401403427124,1994
5874.399423599243,2002
5875.396013259888,2022
5876.366376876831,1970
5877.391338348389,1962
5878.387451171875,1942
5879.385709762573,1946
5880.382061004639,1958
5881.3796043396,1978
5882.375955581665,1942
5883.373737335205,1972
5884.371042251587,1994
5885.367870330811,1994
5886.364698410034,2004
5887.336492538452,1970
5888.36407661438,1970
5889.357328414917,1960
5890.3539180755615,1932
5891.350984573364,1910
5892.348527908325,1962
5893.346548080444,1982
5894.343137741089,1940
5895.340919494629,1918
5896.312236785889,1942
5897.335529327393,1974
5898.333311080933,2002
5899.330377578735,2006
5900.327682495117,1978
5901.325464248657,1958
5902.32253074646,1918
5903.319835662842,1950
5904.320478439331,1966
5905.314683914185,1968
5906.311750411987,1962
5907.283782958984,1966
5908.305644989014,1970
5909.304141998291,1970
5910.301446914673,1998
5911.297798156738,1990
5912.296295166016,1974
5913.293123245239,1938
5914.2961502075195,1942
5915.29655456543,1904
5916.2917137146,1914
5917.2821044921875,1950
5918.279409408569,1938
5919.277191162109,1934
5920.27735710144,1934
5921.272039413452,1946
5922.268867492676,1978
5923.266172409058,1956
5924.26323890686,1956
5925.23455619812,1928
5926.23233795166,1930
5927.262544631958,1916
5928.253412246704,1898
5929.256439208984,1910
5930.248022079468,1962
5931.245803833008,1894
5932.242155075073,1904
5933.240175247192,1960
5934.237241744995,1966
5935.234308242798,1992
5936.23161315918,1978
5938.198566436768,1938
5938.198566436768,1974
5939.224004745483,1962
5940.221309661865,1974
5941.218137741089,1976
5942.219495773315,1966
5943.217039108276,1962
5944.183111190796,1964
5945.208311080933,1938
5946.204900741577,1920
5947.176218032837,1938
5948.199272155762,1950
5949.196815490723,1906
5950.200319290161,1870
5951.1919021606445,1888
5952.188968658447,1912
5953.18603515625,1918
5954.183340072632,1928
5955.182313919067,1902
5956.1779499053955,1894
5957.175493240356,1918
5958.173036575317,1958
5959.17010307312,1942
5960.170269012451,1944
5961.165428161621,1918
5962.162017822266,1886
5963.1640911102295,1902
5964.159727096558,1896
5965.158462524414,1934
5966.151237487793,1874
5967.149972915649,1898
5968.156099319458,1930
5969.150066375732,1914
5970.148086547852,1938
5971.147537231445,1940
5972.137451171875,1914
5973.133087158203,1882
5974.1315841674805,1894
5975.127935409546,1846
5977.123498916626,1878
5977.123498916626,1894
5978.119134902954,1884
5979.121208190918,1942
5980.113983154297,1898
5981.110572814941,1902
5982.111215591431,1930
5983.107328414917,1972
5984.107255935669,2026
5985.101938247681,1942
5986.0992431640625,1938
5987.097263336182,1946
5988.09552192688,1964
5989.091396331787,1966
5991.058349609375,2046
5992.055416107178,2046
5992.055416107178,2034
5993.081331253052,2042
5994.078874588013,2084
5995.075941085815,2098
5996.073007583618,2062
5997.076511383057,2014
5998.067378997803,2000
5999.064922332764,1996
6000.0622272491455,1934
6001.059770584106,1970
6003.053903579712,1982
6004.051446914673,1954
6005.048751831055,1934
6006.018400192261,1886
6007.014513015747,1910
6008.012056350708,1910
6009.008884429932,1886
6010.006427764893,1866
6011.003732681274,1896
6012.001037597656,1906
6012.998580932617,1962
6013.995409011841,1970
6015.000820159912,1974
6015.990257263184,1986
6016.990184783936,2008
6017.987012863159,2034
6018.983602523804,2066
6019.980907440186,2082
6020.977973937988,2090
6021.974563598633,2042
6022.97306060791,2008
6023.970127105713,2066
6024.967432022095,1978
6025.964975357056,1962
6026.962995529175,1940
6027.95934677124,1910
6028.956651687622,1910
6029.953718185425,1876
6030.951261520386,1904
6031.9483280181885,1900
6032.958030700684,1894
6033.943891525269,1878
6034.940958023071,1884
6035.937786102295,1868
6036.936044692993,1886
6037.947177886963,1910
6038.9299392700195,1906
6039.926767349243,1974
6040.924549102783,1962
6041.921854019165,1950
6042.918682098389,1930
6043.916463851929,1968
6044.91400718689,1958
6045.910835266113,1914
6046.909809112549,1902
6047.905921936035,1910
6048.903465270996,1906
6049.900054931641,1874
6050.89807510376,1906
6051.894903182983,1902
6052.891969680786,1934
6053.889989852905,1912
6054.887533187866,1878
6055.88436126709,1822
6056.882858276367,1850
6057.879209518433,1790
6058.876991271973,1754
6059.873580932617,1750
6060.870885848999,1746
6061.86842918396,1850
6062.865495681763,1914
6063.8628005981445,1990
6064.860820770264,2026
6065.857648849487,2078
6066.864728927612,2026
6067.852735519409,2070
6068.8536167144775,2026
6069.846868515015,2002
6070.844411849976,1998
6071.841716766357,1918
6072.839021682739,1934
6073.836088180542,1946
6074.834108352661,1958
6075.831651687622,1936
6076.829433441162,1870
6077.8257846832275,1866
6078.823566436768,1864
6079.820394515991,1852
6080.817699432373,1842
6081.815242767334,1802
6082.812309265137,1768
6083.808660507202,1840
6084.805965423584,1838
6085.803031921387,1838
6086.800575256348,1816
6087.7978801727295,1868
6088.795185089111,1918
6089.792490005493,1890
6090.820074081421,1850
6091.843843460083,1842
6092.814207077026,1868
6093.811511993408,1866
6094.808578491211,1874
6095.806121826172,1842
6096.810817718506,1846
6097.774267196655,1886
6098.800897598267,1926
6099.795341491699,1930
6100.7936000823975,1938
6101.7906665802,1886
6102.787971496582,1894
6103.785276412964,1938
6104.782819747925,1906
6105.77917098999,1866
6106.750249862671,1846
6107.773780822754,1816
6108.771562576294,1788
6109.769105911255,1766
6110.767364501953,1806
6111.737012863159,1768
6112.7331256866455,1826
6113.730669021606,1870
6114.727973937988,1866
6115.725040435791,1842
6116.722822189331,1870
6117.719888687134,1886
6118.717432022095,1872
6119.7144985198975,1844
6120.739459991455,1846
6121.736764907837,1854
6122.732877731323,1862
6123.729705810547,1902
6124.727725982666,1898
6125.730276107788,1898
6126.724004745483,1874
6127.719402313232,1842
6128.7171840667725,1810
6129.7197341918945,1818
6130.685329437256,1774
6131.712436676025,1760
6132.685422897339,1782
6133.677244186401,1830
6134.679794311523,1874
6135.671138763428,1868
6136.670112609863,1926
6137.678384780884,1918
6138.678312301636,1934
6139.660358428955,1962
6140.657901763916,1974
6141.65472984314,2002
6142.665863037109,1936
6143.649578094482,1918
6144.6473598480225,1934
6145.658493041992,1906
6146.6429233551025,1882
6147.639036178589,1882
6148.636817932129,1940
6149.6336460113525,1956
6150.631427764893,1902
6151.628255844116,1870
6152.625560760498,1902
6153.62286567688,1896
6154.620170593262,1886
6155.618190765381,1902
6156.615972518921,1854
6157.612562179565,1876
6158.610105514526,1854
6159.607172012329,1882
6160.604238510132,1906
6161.60249710083,1902
6162.599086761475,1868
6163.596153259277,1888
6164.593935012817,1896
6165.591478347778,1902
6166.5894985198975,1902
6167.585849761963,1834
6168.583393096924,1802
6169.581174850464,1818
6170.57728767395,1846
6171.575546264648,1854
6172.572135925293,1842
6173.569679260254,1812
6174.567461013794,1850
6175.564527511597,1838
6176.563024520874,1866
6177.561283111572,1818
6178.5569190979,1816
6179.553508758545,1864
6180.551052093506,1898
6181.548357009888,1856
6182.54542350769,1896
6183.550119400024,1904
6184.540271759033,1958
6185.537576675415,1930
6186.535596847534,1898
6187.532186508179,1878
6188.529491424561,1852
6189.526319503784,1882
6190.524101257324,1846
6191.521167755127,1780
6192.518472671509,1790
6193.515062332153,1780
6194.512367248535,1822
6195.509910583496,1846
6196.507215499878,1876
6197.504281997681,1876
6198.501825332642,1882
6199.499130249023,1854
6200.496435165405,1864
6201.493740081787,1830
6202.491283416748,1862
6203.488349914551,1874
6204.485654830933,1802
6205.483198165894,1850
6206.480503082275,1862
6207.477807998657,1874
6208.475589752197,1930
6209.472417831421,1934
6210.469722747803,1914
6211.467027664185,1934
6212.4645709991455,1928
6213.461875915527,1934
6214.459180831909,1916
6215.456485748291,1910
6216.453790664673,1946
6217.451095581055,1934
6218.478679656982,1904
6219.475269317627,1910
6220.472812652588,1946
6221.47011756897,1986
6222.4671840667725,1934
6223.464488983154,1842
6224.464893341064,1848
6225.462913513184,1838
6226.42970085144,1826
6227.4603843688965,1818
6228.452205657959,1782
6229.449033737183,1818
6230.445623397827,1786
6231.443166732788,1878
6232.440948486328,1842
6233.43825340271,1820
6234.435558319092,1850
6235.433101654053,1818
6236.4301681518555,1870
6237.427473068237,1814
6238.425016403198,1816
6239.42232131958,1814
6240.419864654541,1842
6241.416692733765,1816
6242.414474487305,1840
6243.412256240845,1832
6244.4093227386475,1878
6245.406866073608,1894
6246.376514434814,1850
6247.40195274353,1812
6248.399257659912,1786
6249.395370483398,1830
6250.39267539978,1832
6251.391410827637,1814
6252.387046813965,1808
6253.384828567505,1804
6254.382133483887,1814
6255.379438400269,1834
6256.377220153809,1826
6257.347583770752,1846
6258.372783660889,1894
6259.368896484375,1870
6260.372877120972,1852
6261.363744735718,1866
6262.360572814941,1838
6263.358592987061,1878
6264.355421066284,1918
6265.3539180755615,1862
6266.323804855347,1906
6267.347574234009,1886
6268.351316452026,1894
6269.3421840667725,1870
6270.3399658203125,1862
6271.336793899536,1898
6272.333860397339,1854
6273.331642150879,1810
6274.3284702301025,1818
6275.298357009888,1854
6276.323556900024,1862
6277.323961257935,1854
6278.317928314209,1822
6279.320955276489,1838
6280.317544937134,1866
6281.310558319092,1920
6282.307386398315,1946
6283.311128616333,1876
6284.302234649658,1844
6285.299301147461,1852
6286.297082901001,1828
6287.294626235962,1854
6288.291692733765,1830
6289.288759231567,1834
6290.286302566528,1818
6291.283845901489,1878
6292.280673980713,1906
6293.278694152832,1896
6294.275999069214,1848
6295.274019241333,1886
6296.26989364624,1930
6297.240734100342,1834
6298.264980316162,1846
6299.262285232544,1830
6300.231695175171,1878
6301.245927810669,1870
6302.226305007935,1832
6303.223609924316,1838
6304.220914840698,1894
6305.21821975708,1894
6306.215286254883,1906
6307.213068008423,1916
6308.210372924805,1878
6309.207916259766,1866
6310.204744338989,1842
6311.202049255371,1890
6312.199592590332,1916
6313.196897506714,1902
6314.194202423096,1914
6315.191268920898,1934
6316.780567169189,1934
6317.779779434204,1946
6318.776845932007,1938
6319.774389266968,1854
6320.77169418335,1842
6321.768760681152,1818
6322.766304016113,1806
6323.763608932495,1812
6324.760913848877,1774
6325.758218765259,1756
6326.755523681641,1784
6327.7528285980225,1808
6328.750133514404,1808
6329.747438430786,1854
6330.744981765747,1870
6331.742286682129,1906
6332.741737365723,1864
6333.738803863525,1840
6334.736108779907,1876
6335.733413696289,1820
6336.730480194092,1870
6337.728023529053,1878
6338.7250900268555,1882
6339.722633361816,1902
6340.719938278198,1950
6341.71724319458,1954
6342.714786529541,1998
6343.711853027344,1970
6344.709157943726,1948
6345.706462860107,1906
6346.732139587402,1900
6347.729444503784,1914
6348.726272583008,1938
6349.7278690338135,1914
6350.72135925293,1870
6351.71914100647,1900
6352.716684341431,1982
6353.715896606445,1946
6354.711294174194,1914
6355.70764541626,1910
6356.704950332642,1962
6357.675552368164,1942
6358.67166519165,1876
6359.703063964844,1886
6360.694408416748,1938
6361.695051193237,1992
6362.693548202515,1974
6363.686800003052,1946
6364.696979522705,1982
6365.681409835815,2002
6366.659164428711,2006
6367.707014083862,1980
6368.700981140137,1878
6369.671106338501,1870
6370.668172836304,1842
6371.665477752686,1898
6372.662544250488,1914
6373.660564422607,1874
6374.658107757568,1870
6375.655174255371,1936
6376.625537872314,1914
6377.649307250977,1906
6378.646373748779,1874
6379.648685455322,1874
6380.641222000122,1936
6381.638526916504,1864
6382.635831832886,1850
6383.605480194092,1838
6384.635925292969,1876
6385.627746582031,1834
6386.598587036133,1814
6387.622833251953,1812
6388.619661331177,1832
6389.617204666138,1856
6390.61427116394,1862
6391.619443893433,1814
6392.609596252441,1816
6393.606662750244,1870
6394.604206085205,1842
6395.604848861694,1826
6396.57187461853,1834
6397.5958824157715,1850
6398.598432540894,1834
6399.591684341431,1834
6400.589227676392,1842
6401.585817337036,1910
6402.582168579102,1938
6403.580188751221,1894
6404.577255249023,1864
6405.5750370025635,1852
6406.572580337524,1850
6407.569646835327,1876
6408.539295196533,1872
6409.56449508667,1870
6410.534381866455,1842
6412.3735427856445,1862
6412.527799606323,1882
6413.555383682251,1894
6414.620161056519,1910
6415.757894515991,1888
6416.759967803955,1962
6417.7563190460205,1898
6418.781757354736,1846
6419.778347015381,1874
6420.775651931763,1886
6421.777009963989,1930
6422.770023345947,1900
6423.767328262329,1880
6424.76487159729,1882
6425.763845443726,1898
6426.759719848633,1910
6427.730560302734,1944
6428.754568099976,1898
6429.751634597778,1878
6430.74893951416,1874
6431.746482849121,1882
6432.743787765503,1928
6433.741331100464,1934
6434.738636016846,1908
6435.739755630493,1938
6436.706304550171,1966
6437.730312347412,1968
6438.727855682373,1956
6439.725399017334,1918
6440.722465515137,1934
6441.693544387817,1904
6442.723512649536,1866
6443.715333938599,1872
6444.711446762085,1894
6445.709466934204,1898
6446.706295013428,1866
6447.70622253418,1872
6448.704481124878,1902
6449.698686599731,1912
6450.696706771851,1874
6451.693296432495,1910
6452.690362930298,1894
6453.695058822632,1904
6454.6849727630615,1864
6455.682754516602,1862
6456.650495529175,1880
6457.647800445557,1962
6458.6732387542725,1902
6459.671497344971,1930
6460.669755935669,1920
6461.666822433472,1942
6462.662935256958,1996
6463.660001754761,1976
6464.657306671143,1942
6465.655088424683,1906
6466.653347015381,1918
6467.649221420288,2002
6468.647480010986,1990
6469.64430809021,1936
6470.641136169434,1898
6471.6386795043945,1900
6472.6362228393555,1886
6473.633289337158,1894
6474.63059425354,1870
6475.632190704346,1850
6476.626873016357,1874
6477.622509002686,1868
6478.621482849121,1870
6479.619264602661,1806
6480.615615844727,1822
6481.6131591796875,1866
6482.617139816284,1894
6483.5803508758545,1846
6484.609127044678,1850
6485.602855682373,1878
6486.599922180176,1882
6487.570762634277,1882
6488.567113876343,1832
6489.564418792725,1822
6490.561723709106,1780
6491.559028625488,1806
6492.556095123291,1810
6493.553400039673,1854
6494.550943374634,1840
6495.548248291016,1834
6496.545791625977,1852
6497.543573379517,1894
6498.540163040161,1904
6499.537467956543,1882
6500.534296035767,1866
6501.5318393707275,1818
6502.529144287109,1880
6503.52668762207,1806
6504.524230957031,1866
6505.521059036255,1878
6506.519079208374,1872
6507.515668869019,1910
6508.522748947144,1928
6509.510517120361,1906
6510.507822036743,1876
6511.505126953125,1882
6512.502670288086,2032
6513.499736785889,1918
6514.4970417022705,1862
6515.494585037231,1838
6516.491651535034,1838
6517.489194869995,1872
6518.487215042114,1882
6519.483804702759,1850
6520.479917526245,1886
6521.505832672119,1880
6522.502899169922,1894
6523.500204086304,1958
6524.497509002686,1910
6525.498628616333,1882
6526.465892791748,1834
6527.48966217041,1866
6528.486967086792,1874
6529.484272003174,1846
6530.481338500977,1838
6531.478643417358,1862
6532.476186752319,1862
6533.487796783447,1854
6534.475564956665,1896
6535.468101501465,1898
6536.438941955566,1854
6537.461280822754,1894
6538.461446762085,1842
6539.458274841309,1902
6540.4558181762695,1862
6541.4533615112305,1848
6542.450666427612,1878
6543.447971343994,1870
6544.445037841797,1878
6545.442342758179,1886
6546.439647674561,1870
6547.410488128662,1888
6548.4349727630615,1914
6549.432754516602,1938
6550.431966781616,1894
6551.426649093628,1842
6552.423715591431,1862
6553.42173576355,1902
6554.4188022613525,1918
6555.415630340576,1904
6556.386470794678,1882
6557.411909103394,1848
6558.40802192688,1896
6559.405565261841,1898
6560.403347015381,1894
6561.4001750946045,1910
6562.397003173828,1950
6563.395738601685,1822
6564.392328262329,1866
6565.388917922974,1832
6566.386699676514,1834
6567.357540130615,1818
6568.381786346436,1830
6569.378852844238,1814
6570.376396179199,1832
6571.373462677002,1900
6572.371482849121,1862
6573.368549346924,1842
6574.365615844727,1854
6575.3679275512695,1846
6576.333045959473,1806
6577.357053756714,1850
6578.354597091675,1898
6579.351902008057,1916
6580.320358276367,1938
6581.318140029907,1910
6582.314729690552,1898
6583.311557769775,1866
6584.308862686157,1870
6585.306167602539,1882
6586.303472518921,1810
6587.301254272461,1790
6588.298320770264,1802
6589.295387268066,1834
6590.292930603027,1874
6591.290235519409,1854
6592.287540435791,1866
6593.284606933594,1872
6594.282150268555,1884
6595.309495925903,1866
6596.279621124268,1898
6597.303867340088,1874
6598.30117225647,1830
6599.298477172852,1776
6600.268125534058,1786
6601.293325424194,1810
6602.262020111084,1834
6603.288173675537,1872
6604.285955429077,1882
6605.282306671143,1870
6606.280088424683,1870
6607.250213623047,1886
6608.274698257446,1884
6609.244823455811,1914
6611.238241195679,1854
6612.236738204956,1886
6612.236738204956,1832
6613.231897354126,1846
6614.248991012573,1828
6615.22650718689,1864
6616.2238121032715,1872
6617.221117019653,1838
6618.218421936035,1812
6619.215726852417,1840
6620.21279335022,1882
6621.210098266602,1882
6622.2076416015625,1846
6623.204946517944,1832
6624.202251434326,1838
6625.199794769287,1854
6626.19686126709,1830
6627.225637435913,1852
6628.221273422241,1862
6629.218339920044,1850
6630.21445274353,1828
6631.211757659912,1834
6632.209062576294,1840
6633.207082748413,1838
6634.203672409058,1790
6635.201454162598,1822
6636.202573776245,1846
6637.195825576782,1828
6638.192892074585,1838
6639.1942501068115,1910
6640.193939208984,1946
6642.154932022095,1932
6643.151760101318,1942
6644.15168762207,1898
6644.15168762207,1898
6645.147800445557,1938
6646.144390106201,1968
6647.141933441162,1900
6648.138999938965,1874
6649.136304855347,1882
6650.133848190308,1958
6651.131153106689,1974
6652.12869644165,1918
6653.125524520874,1948
6654.122829437256,1938
6655.120372772217,1918
6656.1174392700195,1936
6657.114505767822,1894
6658.112525939941,1878
6659.110069274902,1838
6660.107135772705,1840
6661.104202270508,1840
6662.101745605469,1854
6663.0988121032715,1954
6664.096355438232,1930
6665.093660354614,1906
6666.090726852417,1902
6667.088985443115,1880
6668.08557510376,1894
6669.082880020142,1910
6670.0804233551025,1872
6671.077489852905,1878
6673.074007034302,1882
6674.082279205322,1870
6675.06742477417,1840
6676.064968109131,1880
6676.064968109131,1880
6678.0595779418945,1866
6679.056882858276,1870
6680.054426193237,1840
6681.051731109619,1854
6682.049036026001,1898
6682.049036026001,1910
6684.043884277344,1872
6684.043884277344,1852
6685.0409507751465,1852
6687.0362758636475,1902
6688.033103942871,1928
6689.063549041748,1910
6690.056085586548,1954
6691.053152084351,1968
6692.055702209473,1946
6693.048000335693,1936
6694.017171859741,1918
6695.042371749878,1934
6696.03967666626,1898
6697.037935256958,1874
6698.006153106689,1902
6699.0320682525635,1884
6700.028657913208,1842
6701.026439666748,1904
6702.02374458313,1898
6703.021764755249,1848
6704.03790473938,1854
6705.0158977508545,1790
6706.012487411499,1802
6706.984043121338,1850
6708.008050918579,1790
6709.012985229492,1774
6710.0019454956055,1786
6710.99853515625,1774
6711.996078491211,1838
6712.993144989014,1874
6713.995695114136,1864
6714.988946914673,1872
6715.985536575317,1878
6716.955900192261,1854
6717.979907989502,1828
6718.978643417358,1806
6719.976425170898,1758
6720.975637435913,1748
6721.975803375244,1788
6722.9766845703125,1806
6723.976135253906,1830
6724.976539611816,1814
6725.9767055511475,1854
6726.946830749512,1860
6727.973461151123,1814
6728.973388671875,1820
6729.952096939087,1886
6730.949878692627,1906
6731.94432258606,1906
6732.940196990967,1894
6733.93702507019,1914
6734.90834236145,1910
6735.904932022095,1942
6736.902475357056,1946
6737.899303436279,1914
6738.896608352661,1902
6739.894151687622,1838
6740.891456604004,1810
6741.889715194702,1854
6742.886066436768,1818
6743.8836097717285,1788
6744.880676269531,1778
6745.878219604492,1770
6746.875762939453,1840
6747.873067855835,1872
6748.870372772217,1882
6749.867916107178,1882
6750.864267349243,1854
6751.861333847046,1846
6752.858400344849,1882
6753.855466842651,1842
6754.852771759033,1830
6755.850076675415,1822
6756.847620010376,1786
6757.844924926758,1832
6758.84222984314,1814
6759.839296340942,1830
6760.836601257324,1866
6761.834144592285,1898
6762.831449508667,1906
6763.828754425049,1914
6764.826059341431,1898
6765.8514976501465,1874
6766.829967498779,1896
6767.846584320068,1844
6768.84388923645,1870
6769.841194152832,1878
6770.838499069214,1916
6771.835803985596,1968
6772.833347320557,1932
6773.830890655518,1958
6774.827241897583,1938
6775.824785232544,1988
6776.8235206604,1892
6777.81867980957,1910
6778.816938400269,1902
6779.8144817352295,1894
6780.816555023193,1850
6781.809329986572,1886
6782.806158065796,1886
6783.804178237915,1898
6784.80076789856,1910
6785.7985496521,1918
6786.769866943359,1874
6787.792682647705,1882
6788.790464401245,1864
6789.788007736206,1844
6790.785312652588,1862
6791.786432266235,1854
6792.779922485352,1782
6793.7774658203125,1834
6794.775009155273,1820
6795.771837234497,1846
6796.770334243774,1874
6797.76668548584,1856
6798.7635135650635,1854
6799.762010574341,1806
6800.758361816406,1822
6801.729917526245,1842
6802.725791931152,1838
6803.722620010376,1822
6804.719924926758,1830
6805.717706680298,1834
6806.715726852417,1850
6807.7123165130615,1828
6808.7098598480225,1872
6809.706926345825,1878
6810.704469680786,1898
6811.728715896606,1872
6812.69907951355,1910
6813.724040985107,1878
6814.694881439209,1842
6815.690755844116,1838
6816.689252853394,1870
6817.686080932617,1840
6818.711042404175,1822
6819.707870483398,1854
6820.7056522369385,1894
6821.702480316162,1910
6822.701215744019,1908
6823.697566986084,1874
6824.699878692627,1842
6825.69146156311,1838
6826.662063598633,1870
6827.659606933594,1886
6828.6566734313965,1848
6829.653263092041,1842
6830.650806427002,1896
6831.648588180542,1934
6832.645416259766,1930
6833.649396896362,1930
6834.6405029296875,1956
6835.638046264648,1996
6836.636304855347,1952
6837.632894515991,1934
6838.630199432373,1870
6839.627027511597,1936
6840.624809265137,1896
6841.622114181519,1902
6842.6196575164795,1918
6843.616247177124,1906
6844.613790512085,1906
6845.611333847046,1896
6846.609592437744,1914
6847.606182098389,1894
6848.60372543335,1810
6849.600315093994,1758
6850.598573684692,1802
6851.595401763916,1830
6852.592706680298,1818
6853.5895347595215,1808
6854.587078094482,1772
6855.584621429443,1818
6856.582880020142,1840
6857.579708099365,1832
6858.577013015747,1864
6859.573841094971,1850
6860.571622848511,1846
6861.568927764893,1864
6862.565994262695,1852
6863.563060760498,1870
6864.560127258301,1870
6865.55814743042,1854
6866.556167602539,1902
6867.552757263184,1904
6868.5503005981445,1908
6869.547128677368,1950
6870.544672012329,1978
6871.54221534729,1938
6872.539520263672,1876
6873.5363483428955,1878
6874.533653259277,1886
6875.531196594238,1914
6876.529693603516,1914
6877.526760101318,1902
6878.523826599121,1932
6879.520654678345,1910
6880.518198013306,1898
6881.5155029296875,1958
6882.513046264648,1938
6883.5203647613525,1914
6884.506702423096,1906
6885.5040073394775,1866
6886.502504348755,1916
6887.499094009399,1870
6888.496398925781,1882
6889.493942260742,1888
6890.491485595703,1872
6891.488790512085,1900
6892.485857009888,1912
6893.4831619262695,1914
6894.480228424072,1918
6895.478010177612,1886
6896.476268768311,1870
6897.472620010376,1880
6898.470401763916,1834
6899.466991424561,1836
6900.464773178101,1866
6901.462078094482,1854
6902.459383010864,1886
6903.456449508667,1874
6904.454231262207,1854
6905.45129776001,1874
6906.449556350708,1928
6907.4461460113525,1964
6908.443927764893,1896
6909.440517425537,1830
6910.438299179077,1880
6911.463975906372,1938
6912.461042404175,1910
6913.4581089019775,1930
6914.4556522369385,1902
6915.4534339904785,1960
6916.450500488281,1948
6917.448043823242,1978
6918.444871902466,1992
6919.443130493164,1980
6920.439958572388,1914
6921.437501907349,1946
6922.434329986572,1914
6923.431873321533,1938
6924.428701400757,1942
6925.430536270142,1904
6926.425457000732,1936
6927.421569824219,1930
6928.41911315918,1906
6929.415702819824,1938
6930.413484573364,1960
6931.410551071167,1912
6932.407855987549,1862
6933.406114578247,1898
6934.4024658203125,1866
6935.39834022522,1854
6936.396598815918,1872
6937.3650550842285,1880
6938.391447067261,1854
6939.388751983643,1878
6940.385580062866,1934
6941.38240814209,1936
6942.379713058472,1918
6943.377494812012,1942
6944.374799728394,1894
6945.37615776062,1872
6946.342945098877,1874
6947.36647605896,1880
6948.364019393921,1942
6949.361801147461,1874
6950.331687927246,1892
6951.355457305908,1914
6952.353000640869,1896
6953.349828720093,1918
6954.347610473633,1902
6955.344200134277,1902
6956.341505050659,1890
6957.314014434814,1870
6958.336114883423,1862
6959.333181381226,1866
6960.331201553345,1866
6961.3282680511475,1854
6962.326288223267,1878
6963.322877883911,1910
6964.321136474609,1914
6965.317964553833,1898
6966.317176818848,1902
6967.312812805176,1910
6968.283653259277,1930
6969.307661056519,1892
6970.306396484375,1868
6971.303462982178,1880
6972.301959991455,1822
6973.2985496521,1912
6974.295377731323,1944
6975.26478767395,1918
6976.290225982666,1938
6977.287530899048,1940
6978.28483581543,1946
6979.28261756897,1918
6980.280160903931,1944
6981.276988983154,1910
6982.274055480957,1878
6983.271598815918,1864
6984.270334243774,1926
6985.266923904419,1902
6986.264705657959,1900
6987.2612953186035,1904
6988.258838653564,1912
6989.255428314209,1918
6990.254163742065,1918
6991.25075340271,1950
6992.247819900513,1898
6993.250131607056,1898
6994.242429733276,1886
6995.239496231079,1930
6996.23703956604,1912
6997.207403182983,1912
6998.232364654541,1918
6999.228954315186,1930
7000.256538391113,1916
7001.223564147949,1920
7002.221345901489,1958
7003.21888923645,1962
7004.21667098999,1926
7005.213022232056,1874
7006.2150955200195,1906
7007.18092918396,1882
7008.2056522369385,1850
7009.209156036377,1856
7010.200977325439,1894
7011.199235916138,1934
7012.173175811768,1898
7013.19146156311,1878
7014.18924331665,1894
7015.1872634887695,1902
7016.183614730835,1868
7017.180919647217,1850
7018.178224563599,1836
7019.1755294799805,1876
7020.172834396362,1854
7021.169900894165,1850
7022.167444229126,1878
7023.164987564087,1872
7024.161577224731,1882
7025.161981582642,1894
7026.160478591919,1942
7027.155876159668,1902
7028.151750564575,1906
7029.149532318115,1882
7030.14612197876,1870
7031.1431884765625,1834
7032.142639160156,1892
7033.1385135650635,1914
7034.135818481445,1880
7035.132646560669,1862
7036.130666732788,1906
7037.100553512573,1894
7038.12575340271,1814
7039.128065109253,1902
7040.119647979736,1902
7041.123628616333,1866
7042.116641998291,1864
7043.111085891724,1848
7044.08073425293,1866
7045.077562332153,1860
7046.074628829956,1894
7047.072649002075,1854
7048.069715499878,1870
7049.06702041626,1870
7050.064325332642,1882
7051.0618686676025,1894
7052.058935165405,1912
7053.056001663208,1866
7054.05330657959,1808
7055.050611495972,1846
7057.046413421631,1878
7058.043479919434,1878
7059.040546417236,1854
7060.03737449646,1862
7061.03515625,1906
7062.032222747803,1914
7063.0292892456055,1910
7064.026594161987,1850
7065.024137496948,1856
7066.02144241333,1842
7067.018508911133,1856
7068.016290664673,1786
7069.013595581055,1818
7070.010662078857,1850
7071.0084438323975,1866
7072.0055103302,1902
7073.002576828003,1806
7074.805021286011,1882
7075.007200241089,1874
7075.995206832886,1886
7077.077865600586,1860
7078.006982803345,1846
7079.104900360107,1820
7079.104900360107,1766
7080.102205276489,1810
7081.099271774292,1832
7082.097053527832,1886
7083.094120025635,1886
7084.091663360596,1830
7085.0889682769775,1906
7086.0865116119385,1840
7087.08381652832,1834
7088.081121444702,1834
7089.078187942505,1834
7090.075731277466,1826
7091.07232093811,1786
7092.069864273071,1770
7093.067169189453,1832
7094.064235687256,1868
7095.062017440796,1866
7096.059083938599,1782
7097.057342529297,1822
7098.053932189941,1866
7099.051237106323,1854
7101.0496616363525,1854
7102.043390274048,1832
7103.040456771851,1782
7104.037761688232,1814
7105.035066604614,1828
7106.031656265259,1814
7107.04493522644,1850
7108.0262660980225,1828
7109.032392501831,1820
7110.039472579956,1834
7111.037015914917,1814
7112.015724182129,1814
7113.013029098511,1826
7114.010334014893,1782
7115.0078773498535,1778
7116.006374359131,1788
7117.0032024383545,1776
7118.000268936157,1786
7118.99733543396,1786
7119.994401931763,1810
7120.991945266724,1818
7121.9892501831055,1814
7122.986555099487,1802
7123.98362159729,1802
7124.981164932251,1860
7125.978231430054,1830
7126.975774765015,1782
7127.973318099976,1758
7128.970384597778,1766
7129.96768951416,1802
7130.964756011963,1814
7131.962299346924,1816
7132.959604263306,1806
7133.9569091796875,1806
7134.954214096069,1854
7135.989427566528,1834
7136.979818344116,1774
7137.975692749023,1788
7138.973712921143,1802
7139.970302581787,1748
7140.968084335327,1758
7141.966104507446,1782
7142.962694168091,1818
7143.961668014526,1830
7144.965171813965,1782
7145.954608917236,1786
7146.925210952759,1788
7147.953271865845,1822
7148.946762084961,1818
7149.943828582764,1770
7150.949478149414,1770
7151.914596557617,1744
7152.907848358154,1770
7153.905153274536,1756
7154.902696609497,1774
7155.8997631073,1834
7156.897068023682,1750
7157.8943729400635,1814
7158.8921546936035,1782
7159.889221191406,1786
7160.886526107788,1736
7161.884069442749,1782
7162.881135940552,1754
7163.878440856934,1742
7164.875745773315,1748
7165.873050689697,1746
7166.8713092803955,1784
7167.869091033936,1786
7168.86568069458,1778
7169.862747192383,1774
7170.859813690186,1808
7171.857595443726,1774
7172.863245010376,1818
7173.85196685791,1830
7174.849033355713,1804
7175.846815109253,1802
7176.844596862793,1788
7177.840948104858,1804
7178.838729858398,1810
7179.83603477478,1842
7180.833101272583,1866
7181.830406188965,1842
7182.85608291626,1826
7183.853387832642,1782
7184.850692749023,1790
7185.847997665405,1846
7186.845541000366,1818
7187.843322753906,1782
7188.839673995972,1744
7189.839124679565,1766
7190.8369064331055,1778
7191.844463348389,1778
7192.829608917236,1802
7193.826675415039,1786
7194.82421875,1830
7195.8208084106445,1818
7196.791887283325,1790
7197.790145874023,1780
7198.812961578369,1774
7199.810981750488,1754
7200.808048248291,1744
7201.805114746094,1778
7202.803134918213,1828
7203.7999629974365,1822
7204.797029495239,1790
7205.794334411621,1812
7206.764936447144,1802
7207.76104927063,1756
7208.787202835083,1758
7209.784030914307,1744
7210.78085899353,1754
7211.778402328491,1688
7212.776184082031,1726
7213.773965835571,1738
7214.768886566162,1724
7215.766668319702,1774
7216.73846244812,1774
7217.761516571045,1758
7218.759536743164,1746
7219.756841659546,1754
7220.759153366089,1756
7221.750974655151,1806
7222.748279571533,1778
7223.745584487915,1718
7224.742889404297,1738
7225.740671157837,1756
7226.711273193359,1784
7227.734088897705,1786
7228.730916976929,1802
7229.736566543579,1774
7230.731248855591,1772
7231.7235469818115,1776
7232.720375061035,1750
7233.691692352295,1734
7234.717130661011,1718
7235.714673995972,1742
7236.685514450073,1746
7237.709045410156,1744
7238.706350326538,1714
7239.704132080078,1722
7240.701198577881,1770
7241.698741912842,1818
7242.696046829224,1754
7243.693113327026,1766
7244.708776473999,1752
7245.68772315979,1766
7246.686220169067,1750
7247.690439224243,1714
7248.679876327515,1686
7249.695777893066,1706
7250.674486160278,1736
7251.672267913818,1758
7252.6702880859375,1788
7253.666639328003,1778
7254.663705825806,1766
7255.661725997925,1738
7256.632089614868,1734
7257.661819458008,1734
7258.624076843262,1756
7259.650707244873,1766
7260.648012161255,1710
7261.645317077637,1726
7262.64214515686,1782
7263.6399269104,1784
7264.637231826782,1778
7265.635013580322,1778
7266.632318496704,1810
7267.603874206543,1776
7268.627166748047,1734
7269.624710083008,1738
7270.621538162231,1750
7271.618366241455,1734
7272.616624832153,1716
7273.612976074219,1706
7274.611234664917,1716
7275.608062744141,1790
7276.578187942505,1774
7277.602672576904,1770
7278.599977493286,1752
7279.597282409668,1744
7280.594825744629,1736
7281.599521636963,1724
7282.589435577393,1734
7283.561229705811,1726
7284.584045410156,1736
7285.581827163696,1682
7286.583185195923,1674
7287.576675415039,1742
7288.573503494263,1734
7289.570569992065,1734
7290.572166442871,1750
7291.56494140625,1718
7292.56272315979,1760
7293.561220169067,1738
7294.557332992554,1690
7295.554399490356,1718
7296.525478363037,1716
7297.549724578857,1744
7298.547029495239,1742
7299.544095993042,1722
7300.541877746582,1758
7301.538944244385,1774
7302.535772323608,1786
7303.532838821411,1780
7304.531812667847,1704
7305.527210235596,1686
7306.533575057983,1744
7307.521343231201,1756
7308.535099029541,1714
7309.516429901123,1702
7310.513496398926,1690
7311.510801315308,1706
7312.508106231689,1782
7313.50564956665,1756
7314.502954483032,1790
7315.500020980835,1782
7316.498517990112,1750
7317.494630813599,1770
7318.492412567139,1754
7319.491863250732,1756
7320.487260818481,1738
7321.484327316284,1746
7322.484254837036,1746
7323.479175567627,1806
7324.47624206543,1786
7325.47402381897,1814
7326.444149017334,1802
7327.468156814575,1774
7328.465461730957,1748
7329.463481903076,1750
7330.461502075195,1778
7331.472873687744,1746
7332.4549198150635,1718
7333.452224731445,1714
7334.450244903564,1714
7335.433483123779,1710
7336.473226547241,1710
7337.441205978394,1740
7338.438510894775,1718
7339.435815811157,1740
7340.43288230896,1708
7341.444730758667,1702
7342.427968978882,1734
7343.425273895264,1756
7344.423294067383,1726
7345.421075820923,1676
7346.419334411621,1680
7347.416400909424,1754
7348.413467407227,1746
7349.410533905029,1732
7350.380897521973,1736
7351.40585899353,1722
7352.40364074707,1742
7353.400707244873,1714
7354.397535324097,1722
7355.394601821899,1736
7356.379985809326,1754
7357.362270355225,1750
7358.386516571045,1746
7359.383821487427,1714
7360.382080078125,1766
7361.378908157349,1802
7362.375974655151,1782
7363.37423324585,1758
7364.371299743652,1734
7365.367650985718,1734
7366.338491439819,1774
7367.36273765564,1778
7368.3600425720215,1746
7369.357109069824,1720
7370.354175567627,1744
7371.358871459961,1784
7372.349739074707,1782
7373.346328735352,1786
7374.34458732605,1784
7375.344276428223,1782
7376.339912414551,1804
7377.309322357178,1742
7378.333330154419,1764
7379.330396652222,1822
7380.3277015686035,1834
7381.325244903564,1848
7382.3230266571045,1780
7383.320331573486,1814
7384.317874908447,1838
7385.314702987671,1882
7386.285305023193,1838
7387.308835983276,1822
7388.306617736816,1802
7389.303684234619,1830
7390.301465988159,1840
7391.298294067383,1782
7392.296075820923,1802
7393.293619155884,1790
7394.290447235107,1810
7395.287752151489,1746
7396.289110183716,1784
7397.282361984253,1840
7398.280382156372,1860
7399.277448654175,1802
7400.274991989136,1754
7401.274681091309,1740
7402.269124984741,1752
7403.266668319702,1802
7404.263496398926,1816
7405.260801315308,1818
7406.263828277588,1760
7407.256126403809,1806
7408.253192901611,1842
7409.250497817993,1854
7410.248041152954,1852
7411.245822906494,1862
7412.242889404297,1852
7413.244247436523,1818
7414.2420291900635,1802
7415.234088897705,1786
7416.231393814087,1830
7417.2022342681885,1778
7418.226957321167,1776
7419.2235469818115,1842
7420.2210903167725,1830
7421.218633651733,1884
7422.216892242432,1862
7423.212766647339,1866
7424.213647842407,1818
7425.230503082275,1782
7426.205158233643,1820
7427.175521850586,1806
7428.17234992981,1816
7429.196119308472,1810
7430.193185806274,1892
7431.190967559814,1818
7432.188034057617,1844
7433.185338973999,1872
7434.18288230896,1896
7435.180187225342,1882
7436.177968978882,1842
7437.148571014404,1822
7438.172340393066,1834
7439.16916847229,1870
7440.166234970093,1886
7441.163778305054,1862
7442.161321640015,1810
7443.1586265563965,1842
7444.155693054199,1902
7445.152997970581,1918
7446.124076843262,1900
7447.148561477661,1834
7448.147535324097,1838
7449.1424560546875,1828
7450.146198272705,1834
7451.137065887451,1844
7452.139854431152,1854
7453.132390975952,1846
7454.129457473755,1838
7455.126762390137,1894
7456.124067306519,1886
7457.095146179199,1866
7459.132671356201,1876
7460.113525390625,1894
7461.1146450042725,1900
7462.120294570923,1864
7463.1147384643555,1834
7463.1147384643555,1884
7464.108943939209,1862
7465.101718902588,1884
7466.098308563232,1874
7467.069387435913,1886
7468.101501464844,1846
7469.090700149536,1878
7470.087766647339,1946
7471.0853099823,1914
7472.082614898682,1854
7473.080158233643,1848
7475.046396255493,1868
7475.046396255493,1912
7476.071834564209,1896
7478.066921234131,1882
7478.066921234131,1866
7479.063987731934,1898
7481.058359146118,1934
7482.055425643921,1944
7483.053207397461,1902
7484.050512313843,1910
7485.047817230225,1878
7486.045122146606,1914
7487.01548576355,1882
7488.039493560791,1862
7489.037752151489,1906
7490.005016326904,1902
7491.002082824707,1906
7491.999626159668,1938
7492.99693107605,1942
7493.994235992432,1940
7494.9915409088135,1956
7495.988845825195,1946
7496.986150741577,1934
7497.983455657959,1880
7498.98099899292,1842
7499.978303909302,1838
7500.9753704071045,1850
7501.972913742065,1880
7502.970218658447,1854
7503.967523574829,1842
7504.966974258423,1832
7505.9638023376465,1874
7506.961822509766,1902
7507.958889007568,1874
7508.955955505371,1874
7509.953022003174,1862
7510.954856872559,1854
7511.947870254517,1874
7512.9454135894775,1916
7513.942718505859,1902
7514.939785003662,1932
7515.937089920044,1930
7516.934633255005,1930
7517.931938171387,1930
7518.929481506348,1916
7519.92654800415,1948
7520.925045013428,1916
7521.921157836914,1906
7522.918224334717,1898
7523.915529251099,1894
7524.91307258606,1906
7525.910139083862,1934
7526.907682418823,1886
7527.904748916626,1894
7528.902292251587,1902
7529.899597167969,1902
7530.8966636657715,1972
7531.8944454193115,1934
7532.891511917114,1910
7533.888816833496,1900
7534.886121749878,1854
7535.883665084839,1846
7536.880016326904,1872
7537.877321243286,1876
7538.87414932251,1862
7539.8712158203125,1878
7540.8689975738525,1910
7541.866302490234,1950
7542.863368988037,1942
7543.860912322998,1938
7544.85821723938,1904
7545.855522155762,1948
7546.853065490723,1942
7547.8503704071045,1914
7548.847436904907,1874
7549.844741821289,1962
7550.84228515625,1934
7551.839590072632,1970
7552.836656570435,1978
7553.834438323975,1962
7554.831504821777,1994
7555.828809738159,1962
7556.826114654541,1992
7557.823657989502,1962
7558.820724487305,1904
7559.818267822266,1878
7560.815334320068,1902
7561.812877655029,1972
7562.810182571411,1950
7563.807249069214,1946
7564.804792404175,1930
7565.802097320557,1944
7566.803216934204,1962
7567.799091339111,1960
7568.795680999756,1914
7569.793224334717,1848
7570.790529251099,1886
7571.7878341674805,1950
7572.784900665283,1930
7573.782682418823,1938
7574.779748916626,1910
7575.777053833008,1950
7576.775074005127,1978
7577.7716636657715,1982
7578.7694454193115,1944
7579.766273498535,1938
7580.763816833496,1946
7581.761121749878,1930
7582.757472991943,1898
7583.756446838379,1878
7584.7532749176025,1864
7585.751056671143,1886
7586.746454238892,1934
7587.743759155273,1918
7588.741064071655,1882
7589.738368988037,1898
7590.73543548584,1942
7591.732740402222,1896
7592.730283737183,1900
7593.727588653564,1846
7594.730377197266,1948
7595.752000808716,1898
7596.749067306519,1870
7597.7466106414795,1886
7598.743915557861,1962
7599.740982055664,1966
7600.739240646362,1938
7601.736068725586,1938
7602.733135223389,2000
7603.7304401397705,2000
7604.727983474731,1980
7605.726003646851,1938
7606.722593307495,1942
7607.720375061035,1950
7608.717203140259,1942
7609.716892242432,1958
7610.715627670288,1962
7611.7095947265625,1970
7612.712621688843,2010
7613.6744022369385,2008
7614.671468734741,1942
7615.668773651123,1932
7616.666078567505,1930
7617.663621902466,1934
7618.660926818848,1920
7619.6582317352295,1884
7620.655536651611,1942
7621.652841567993,1950
7622.650146484375,1962
7623.647212982178,1958
7624.644756317139,1918
7625.6422996521,1934
7626.673460006714,1906
7627.666711807251,1938
7628.634691238403,1930
7629.631280899048,1874
7630.629062652588,1854
7631.626129150391,1898
7632.6234340667725,1862
7633.620738983154,1880
7634.618282318115,1918
7635.648488998413,1930
7636.643171310425,1918
7637.639999389648,1886
7638.636827468872,1882
7639.634609222412,1896
7640.631914138794,1950
7641.629934310913,1918
7642.626762390137,1918
7643.624305725098,1960
7644.621133804321,1990
7645.618200302124,2062
7646.589279174805,2036
7647.620439529419,2030
7648.610353469849,2006
7649.608135223389,2032
7650.604963302612,2034
7651.602983474731,1966
7652.600288391113,1950
7653.597354888916,1990
7654.595136642456,1934
7655.59196472168,1910
7656.562566757202,1874
7657.586097717285,1880
7658.555746078491,1958
7659.581422805786,1964
7660.578966140747,1932
7661.578893661499,1902
7662.575006484985,1862
7663.570404052734,1882
7664.567470550537,1874
7665.565490722656,1850
7666.562795639038,1846
7667.560338973999,1880
7668.556928634644,1866
7669.5544719696045,1886
7670.551776885986,1862
7671.549320220947,1944
7672.54638671875,1962
7673.543691635132,1958
7674.540996551514,1892
7675.510406494141,1898
7676.509380340576,1946
7677.532911300659,1944
7678.531169891357,1898
7679.527997970581,1838
7680.524826049805,1910
7681.522369384766,1982
7682.520151138306,1946
7683.501958847046,1946
7684.515476226807,1966
7685.512542724609,1974
7686.509370803833,1990
7687.4799728393555,1910
7688.504457473755,1878
7689.5012855529785,1894
7690.498352050781,1942
7691.497087478638,1906
7692.494630813599,1878
7693.490505218506,1850
7694.489240646362,1906
7695.488452911377,1952
7696.455717086792,1966
7697.482347488403,1874
7698.477029800415,1866
7699.474573135376,1926
7700.471878051758,1942
7701.469421386719,1928
7702.467203140259,1870
7703.468084335327,1878
7704.460859298706,1896
7705.458164215088,1876
7706.426620483398,1910
7707.42392539978,1938
7708.421230316162,1946
7709.418296813965,1928
7710.415363311768,1928
7711.4129066467285,1912
7712.41021156311,1940
7713.407516479492,1960
7714.404582977295,1894
7715.402126312256,1880
7716.399431228638,1894
7717.396974563599,1900
7718.3942794799805,1966
7719.391345977783,1934
7720.388650894165,1918
7721.385955810547,1976
7722.383975982666,1970
7723.38080406189,1962
7724.3781089782715,1918
7725.375652313232,1912
7726.372957229614,1918
7727.370023727417,1932
7728.367805480957,1898
7729.36487197876,1866
7730.362176895142,1888
7731.359243392944,1930
7732.356786727905,1958
7733.354091644287,1874
7734.351396560669,1814
7735.34893989563,1818
7736.346244812012,1880
7737.345933914185,1854
7738.343000411987,1866
7739.339590072632,1822
7740.336894989014,1886
7741.334438323975,1946
7742.332220077515,1906
7743.329048156738,1950
7744.326114654541,1956
7745.323657989502,1970
7746.320009231567,1994
7747.31707572937,1956
7748.316049575806,1914
7749.313116073608,1918
7750.31042098999,1918
7751.307964324951,1942
7752.303600311279,1914
7753.300905227661,1902
7754.327774047852,1938
7755.3253173828125,1942
7756.322860717773,1930
7757.319450378418,1910
7758.317470550537,1942
7759.319067001343,1916
7760.317087173462,1930
7761.309385299683,1870
7762.306213378906,1918
7763.303518295288,1916
7764.30082321167,1918
7765.298366546631,1900
7766.295433044434,1866
7767.2929763793945,1910
7768.262624740601,1958
7769.287586212158,1954
7770.28489112854,1912
7771.282434463501,1906
7772.279739379883,1906
7773.277521133423,1902
7774.2743492126465,1886
7775.243520736694,1834
7776.24249458313,1850
7777.266263961792,1902
7778.264045715332,1868
7779.261589050293,1892
7780.258893966675,1886
7781.2559604644775,1938
7782.25302696228,1948
7783.250570297241,1882
7784.248828887939,1848
7785.245180130005,1862
7786.247730255127,1930
7787.213087081909,1942
7788.2373332977295,1910
7789.235353469849,1882
7790.232419967651,1870
7791.229248046875,1974
7792.226552963257,1960
7793.224096298218,1936
7794.2211627960205,1886
7795.218229293823,1942
7796.218156814575,1896
7797.183990478516,1838
7798.218488693237,1790
7799.207925796509,1830
7800.182342529297,1852
7801.202774047852,1862
7802.2003173828125,1874
7803.196907043457,1854
7804.194211959839,1918
7805.1917552948,1960
7806.1888217926025,1940
7807.19256401062,1898
7809.154272079468,1886
7809.154272079468,1918
7810.178756713867,1912
7811.176061630249,1906
7812.179088592529,1906
7814.141273498535,1902
7814.141273498535,1942
7815.137147903442,1946
7816.134214401245,1942
7817.132234573364,1946
7818.129301071167,1970
7819.12636756897,1942
7820.123672485352,1914
7821.1212158203125,1936
7822.118520736694,1970
7823.115825653076,1942
7824.112892150879,1938
7825.115919113159,1936
7826.107740402222,1882
7827.105522155762,1958
7828.102111816406,1978
7830.096006393433,1936
7830.096006393433,1882
7831.092834472656,1902
7832.090139389038,1886
7833.087682723999,1914
7834.084749221802,1850
7835.082054138184,1802
7836.079359054565,1886
7838.074445724487,1874
7838.074445724487,1880
7839.07151222229,1894
7840.069055557251,1896
7842.063665390015,1958
7842.063665390015,1982
7843.060731887817,1958
7844.058275222778,1886
7845.055341720581,1906
7847.080945968628,1918
7847.080945968628,1936
7848.076820373535,1910
7849.075078964233,1866
7850.071668624878,1906
7851.073980331421,1898
7852.066278457642,1950
7854.061126708984,1886
7855.058670043945,1834
7856.055974960327,1876
7857.0263385772705,1906
7858.05082321167,1854
7859.051704406738,1848
7860.044956207275,1850
7861.042022705078,1878
7862.038850784302,1910
7863.035678863525,1870
7864.0336990356445,1910
7865.031480789185,1934
7866.02783203125,1968
7866.997480392456,1934
7869.051933288574,1904
7869.051933288574,1832
7870.017290115356,1850
7870.550155639648,1822
7871.082305908203,1830
7872.645854949951,1786
7873.672723770142,1854
7874.643087387085,1886
7875.641584396362,1898
7876.636981964111,1886
7877.634048461914,1902
7878.659009933472,1918
7879.658222198486,1942
7880.652904510498,1914
7881.655693054199,1902
7882.65061378479,1930
7883.645057678223,1974
7884.649991989136,1934
7885.642290115356,1898
7886.639595031738,1854
7887.609958648682,1902
7888.633966445923,1962
7889.631032943726,1938
7890.6285762786865,1918
7891.627073287964,1934
7892.623662948608,1958
7893.622875213623,1962
7894.618034362793,1944
7895.615339279175,1914
7896.6124057769775,1934
7897.610425949097,1970
7898.607492446899,1980
7899.605274200439,1966
7900.609731674194,2002
7901.599645614624,2042
7902.596473693848,2014
7903.594732284546,1998
7904.591083526611,1976
7905.588626861572,1908
7906.559467315674,1910
7907.582998275757,1958
7908.5986614227295,1966
7909.576416015625,1950
7910.574674606323,1900
7911.572217941284,1882
7912.568807601929,1950
7913.567066192627,1962
7914.563417434692,1918
7915.560722351074,1878
7916.532039642334,1846
7917.556047439575,1854
7918.552875518799,1866
7919.550657272339,1832
7920.5474853515625,1788
7921.544790267944,1806
7922.542095184326,1894
7923.541307449341,1862
7924.537420272827,1916
7925.534248352051,1946
7926.505565643311,1954
7927.529335021973,1942
7928.526401519775,1870
7929.523944854736,1894
7930.521488189697,1914
7931.5185546875,1902
7932.51633644104,1898
7933.504343032837,1882
7934.511661529541,1918
7935.507774353027,1958
7936.506271362305,1948
7937.502145767212,1942
7938.499450683594,1930
7939.496755599976,1908
7940.495729446411,1942
7941.491603851318,1914
7942.4889087677,1912
7943.486213684082,1886
7944.485187530518,1894
7945.482492446899,1962
7946.479797363281,1914
7947.476863861084,1918
7948.474168777466,1962
7949.47075843811,1998
7950.4687786102295,2046
7951.466798782349,2002
7952.463865280151,1940
7953.460454940796,1938
7954.432964324951,1962
7955.426216125488,1946
7956.4619064331055,1900
7957.45062828064,1878
7958.4479331970215,1878
7959.444284439087,1910
7960.413694381714,1852
7961.422920227051,1850
7962.408781051636,1870
7963.407278060913,1864
7964.403390884399,1822
7966.397047042847,1834
7966.397047042847,1802
7967.394113540649,1850
7968.39165687561,1844
7969.388961791992,1882
7970.386028289795,1870
7971.383094787598,1896
7972.3803997039795,1950
7973.37794303894,1966
7974.375009536743,1974
7976.370573043823,1930
7976.370573043823,1914
7977.367877960205,1932
7978.394508361816,1916
7979.392766952515,1906
7980.38911819458,1930
7981.38689994812,1926
7982.355356216431,1946
7983.381271362305,1946
7984.378099441528,1958
7985.3479862213135,1996
7986.344814300537,1994
7987.342834472656,1936
7988.339424133301,1934
7989.336729049683,1928
7990.334033966064,1908
7991.331338882446,1934
7992.328882217407,1906
7993.326187133789,1906
7994.323253631592,1934
7995.321273803711,1914
7996.318101882935,1940
7997.315883636475,1956
7998.312711715698,1930
7999.310255050659,1918
8000.307321548462,1962
8001.333951950073,1948
8002.330541610718,1904
8003.3278465271,1878
8004.325151443481,1906
8005.322694778442,1970
8006.319284439087,1946
8007.316827774048,1906
8008.31413269043,1882
8009.31191444397,2002
8010.280609130859,2006
8011.3067626953125,1978
8012.303113937378,1908
8013.30041885376,1912
8014.298677444458,1898
8015.296936035156,1910
8016.294240951538,1898
8017.260789871216,1910
8018.259286880493,1918
8019.284725189209,1962
8020.282030105591,1970
8021.279811859131,1910
8022.2766399383545,1938
8023.275136947632,1978
8024.271249771118,1974
8025.240659713745,1906
8026.266813278198,1878
8027.236223220825,1918
8028.261184692383,1950
8029.258251190186,1942
8030.255079269409,1956
8031.252384185791,1940
8032.249689102173,1902
8033.247232437134,1962
8034.244775772095,1956
8035.242319107056,1950
8036.239385604858,1938
8037.20760345459,1938
8038.234233856201,1894
8039.235353469849,1904
8040.228843688965,1958
8041.226387023926,1966
8042.2234535217285,1988
8043.22075843811,1958
8044.218301773071,1944
8045.215845108032,1982
8046.223163604736,1966
8047.182321548462,1944
8048.206329345703,1894
8049.203872680664,1896
8050.178050994873,1896
8051.199436187744,1936
8052.195310592651,1944
8053.193092346191,1936
8054.190397262573,1940
8055.187940597534,1974
8056.185007095337,1950
8057.183504104614,1914
8058.180093765259,1938
8059.179067611694,1936
8060.173988342285,1958
8061.171531677246,1950
8062.1702671051025,1910
8063.169717788696,1906
8064.164161682129,1974
8065.16170501709,2000
8066.161632537842,1978
8067.129850387573,1934
8068.12596321106,1970
8069.15020942688,1978
8070.14799118042,1970
8071.147441864014,1942
8072.141170501709,1932
8073.138952255249,1898
8074.141025543213,1874
8075.146436691284,1850
8076.1308670043945,1894
8077.12984085083,1918
8078.125238418579,1910
8079.125165939331,1916
8080.12056350708,1908
8081.117153167725,1942
8082.11612701416,1958
8083.118438720703,1958
8084.1100215911865,1920
8086.104393005371,1902
8086.104393005371,1898
8087.106943130493,1938
8088.099718093872,1932
8089.096307754517,1918
8090.096235275269,1958
8092.1008586883545,1980
8093.09720993042,1974
8094.097375869751,1994
8095.101118087769,1964
8096.098184585571,2006
8097.047805786133,1960
8098.07562828064,1934
8099.071979522705,1894
8099.071979522705,1842
8100.069999694824,1896
8102.062940597534,1902
8103.060722351074,1940
8104.057788848877,1938
8105.059623718262,1938
8106.052875518799,1946
8107.020854949951,1974
8108.047723770142,1966
8109.044790267944,1930
8110.042572021484,1942
8111.040115356445,1918
8112.007617950439,1968
8113.004684448242,1974
8114.001750946045,1958
8114.999055862427,2010
8116.016626358032,2012
8116.9939041137695,2012
8117.991209030151,1994
8118.988275527954,1938
8119.985818862915,1954
8121.012449264526,1958
8122.009992599487,1914
8123.006820678711,1902
8123.976230621338,1910
8125.000715255737,1918
8125.998020172119,1950
8126.9965171813965,1970
8127.992868423462,1944
8128.989934921265,1988
8129.987001419067,2006
8130.984783172607,1986
8131.9825649261475,2014
8132.97963142395,1990
8133.951425552368,2004
8134.975910186768,1958
8135.9734535217285,1942
8136.971712112427,1958
8137.967109680176,1992
8138.964653015137,2016
8139.962673187256,1946
8140.959024429321,1978
8141.944169998169,1946
8142.953872680664,1958
8143.951177597046,1944
8144.948720932007,1960
8145.946264266968,1928
8146.952867507935,1914
8147.94397354126,1898
8148.9386558532715,1914
8149.935245513916,1956
8150.933265686035,1966
8151.934385299683,1988
8152.930498123169,1990
8153.923749923706,2022
8154.921531677246,2002
8155.9178829193115,1994
8156.889200210571,2034
8157.916069030762,1990
8158.909797668457,1914
8159.909248352051,1878
8160.904884338379,1898
8161.90242767334,1946
8162.900924682617,1974
8163.898468017578,1968
8164.895534515381,1918
8165.891170501709,1906
8166.866302490234,1978
8167.88649559021,1932
8168.88427734375,1926
8169.970512390137,1878
8170.879602432251,1882
8171.918630599976,1946
8172.94716835022,1896
8173.917770385742,1946
8174.912929534912,1990
8175.920724868774,2042
8176.908254623413,2038
8177.93345451355,2042
8178.93123626709,2042
8179.929256439209,2014
8180.926322937012,2030
8181.895017623901,1994
8182.919263839722,1910
8183.9189529418945,1908
8184.91530418396,1938
8185.914993286133,1918
8186.883926391602,1958
8187.880516052246,1946
8188.907146453857,1950
8189.904689788818,1972
8190.9019947052,1978
8191.867113113403,1970
8192.879915237427,1978
8193.894147872925,1966
8194.89049911499,1958
8195.88828086853,1990
8196.884870529175,1978
8197.881698608398,1978
8198.87924194336,1982
8199.876546859741,2014
8200.874090194702,2014
8201.84326171875,1990
8202.839374542236,2022
8203.838586807251,2030
8204.834699630737,2086
8205.83176612854,1968
8206.827640533447,1936
8207.82470703125,1994
8208.824396133423,1970
8209.821224212646,1972
8210.818529129028,1970
8211.81607246399,2004
8212.813138961792,2006
8213.810443878174,2016
8214.807987213135,1988
8215.805530548096,2002
8216.801166534424,2078
8217.808723449707,2030
8218.825578689575,2032
8219.823122024536,1994
8220.791339874268,2010
8221.81749343872,2002
8222.814798355103,1970
8223.816871643066,1990
8224.81632232666,1978
8225.807189941406,2022
8226.804256439209,2022
8227.774381637573,2000
8228.768825531006,1960
8229.796171188354,1956
8230.793714523315,1966
8231.791019439697,1980
8232.771158218384,1990
8233.756065368652,1960
8234.752893447876,2018
8235.750198364258,2078
8236.747980117798,2070
8237.745761871338,2028
8238.742351531982,1998
8239.739894866943,1962
8240.737199783325,1976
8241.734266281128,1962
8242.73157119751,1942
8243.728876113892,1916
8244.726181030273,1954
8245.723485946655,1978
8246.721029281616,1970
8247.718572616577,2006
8248.71563911438,2000
8249.72414970398,2006
8250.710010528564,2038
8251.707792282104,2034
8252.705097198486,2010
8253.70454788208,1982
8254.70232963562,1974
8255.710124969482,1950
8256.696224212646,1934
8257.693529129028,1958
8258.69083404541,1950
8259.688138961792,1970
8260.685443878174,1966
8261.682510375977,1984
8262.678384780884,2022
8263.679027557373,1974
8264.67251777649,1982
8265.669822692871,2010
8266.667127609253,2036
8267.664432525635,2044
8268.661737442017,2066
8269.659042358398,2038
8270.65658569336,2064
8271.653413772583,2088
8272.651195526123,2078
8273.648500442505,2098
8274.645566940308,2038
8275.64287185669,2110
8276.64065361023,2106
8277.64105796814,2078
8278.637886047363,2026
8279.634714126587,1986
8280.63178062439,2038
8281.638145446777,2058
8282.62734413147,2026
8283.622980117798,2096
8284.648895263672,2070
8285.645961761475,2042
8286.643028259277,2084
8287.613153457642,2062
8288.637638092041,2022
8289.63565826416,2004
8290.632247924805,2014
8291.601419448853,2042
8292.627096176147,2030
8293.595552444458,2026
8294.594526290894,2030
8295.591592788696,2092
8296.589851379395,2046
8297.586917877197,2000
8298.58422279358,2034
8299.581050872803,2042
8300.578117370605,2058
8301.575422286987,1986
8302.57272720337,1990
8303.57027053833,1966
8304.567337036133,2034
8305.56344985962,2010
8306.561470031738,2044
8307.558536529541,2010
8308.556079864502,2034
8309.555053710938,2038
8310.55212020874,2062
8311.549425125122,2022
8312.546730041504,1996
8313.544034957886,2038
8314.54086303711,2038
8315.53840637207,2010
8316.534042358398,2030
8317.53158569336,2008
8318.531274795532,2038
8319.528102874756,2026
8320.525407791138,2082
8321.52271270752,2032
8322.52049446106,2012
8323.517560958862,2066
8324.51319694519,2062
8325.510263442993,2070
8326.507091522217,2038
8327.51750946045,2066
8328.50193977356,2044
8329.499244689941,2026
8330.496549606323,2094
8331.493854522705,2062
8332.491397857666,2162
8333.488702774048,2128
8334.48576927185,2098
8335.483074188232,2110
8336.480140686035,2088
8337.477684020996,2082
8338.474750518799,2094
8339.47229385376,2102
8340.469598770142,2030
8341.466665267944,2094
8342.464447021484,2118
8343.461751937866,2152
8344.458818435669,2122
8345.45612335205,2110
8346.453666687012,2138
8347.450971603394,2126
8348.448038101196,2026
8349.445343017578,2028
8350.443124771118,2058
8351.44019126892,2034
8352.437496185303,1974
8353.434801101685,1958
8354.432582855225,1958
8355.429649353027,1994
8356.42695426941,2030
8357.42449760437,2030
8358.421564102173,1998
8359.418630599976,1996
8360.416412353516,2030
8361.413717269897,2078
8362.4107837677,2066
8363.408327102661,1994
8364.405632019043,2010
8365.402698516846,2028
8366.400241851807,2004
8367.397546768188,2082
8368.39485168457,2010
8369.392156600952,1972
8370.389223098755,2042
8371.386766433716,2066
8372.384071350098,2012
8373.38137626648,1986
8374.37891960144,1982
8375.375986099243,2036
8376.373291015625,2014
8377.371311187744,2002
8378.368616104126,2006
8379.365682601929,2058
8380.362749099731,2078
8381.360292434692,2082
8382.357597351074,2078
8383.354902267456,2026
8384.351968765259,1998
8385.35213470459,2006
8386.349439620972,2038
8387.346982955933,2066
8388.344049453735,2034
8389.341115951538,1998
8390.33818244934,1994
8391.335487365723,2032
8392.332553863525,2094
8393.330097198486,2126
8394.355058670044,2092
8395.352125167847,2064
8396.320819854736,2086
8397.34673500061,2078
8398.34451675415,2096
8399.341344833374,2006
8400.312662124634,2014
8401.335954666138,2046
8402.332067489624,2090
8403.329610824585,2022
8404.329299926758,2094
8405.324935913086,2078
8406.32152557373,2024
8407.291173934937,2020
8408.289670944214,1990
8410.283327102661,1998
8410.283327102661,2006
8411.309480667114,2028
8412.30821609497,2006
8413.30337524414,2016
8414.300203323364,1978
8415.297031402588,2034
8416.269302368164,2036
8417.271375656128,2070
8418.290615081787,2062
8419.289588928223,1994
8420.286655426025,1998
8421.287536621094,1998
8422.280311584473,1998
8423.27904701233,1996
8424.277544021606,1958
8425.244331359863,1970
8426.270484924316,1948
8427.240133285522,1982
8428.264856338501,1982
8429.261207580566,1998
8430.257558822632,1966
8431.256771087646,1934
8432.253360748291,1910
8433.233737945557,1910
8434.220790863037,1942
8435.246229171753,1970
8436.242580413818,1934
8437.21342086792,1938
8438.23766708374,1936
8439.23306465149,1962
8440.231084823608,2016
8441.22838973999,1990
8442.227363586426,1998
8443.22943687439,1978
8444.221496582031,1988
8445.218801498413,1974
8446.216344833374,1970
8447.185754776001,1972
8448.217391967773,2000
8449.214458465576,1966
8450.178384780884,1972
8451.20120048523,1990
8452.200651168823,1976
8453.198671340942,2032
8454.195499420166,1974
8455.19232749939,1938
8456.191301345825,1914
8457.187414169312,1898
8458.184480667114,1930
8459.181070327759,1938
8460.178852081299,1954
8461.17615699768,1906
8462.17393875122,1930
8463.141679763794,1970
8464.138746261597,1988
8465.136289596558,1958
8467.13137626648,1958
8467.13137626648,1958
8468.128442764282,1974
8469.125509262085,1898
8470.122814178467,1940
8471.120119094849,1946
8472.11742401123,1986
8473.114728927612,1978
8474.112033843994,1942
8475.109815597534,1968
8476.106882095337,1914
8477.104425430298,1976
8478.10411453247,1920
8479.100704193115,1880
8480.097770690918,1870
8481.0950756073,1874
8482.092142105103,1852
8483.089447021484,1854
8484.086751937866,1848
8485.084295272827,1834
8486.081600189209,1896
8487.079858779907,1850
8488.076448440552,1874
8489.073753356934,1880
8490.071058273315,1898
8491.068601608276,1886
8493.066549301147,1878
8493.066549301147,1868
8494.060277938843,1850
8495.057582855225,1870
8497.053384780884,1938
8497.053384780884,1958
8499.047040939331,1898
8500.044345855713,1896
8501.041889190674,1946
8502.039194107056,1966
8503.036260604858,1930
8504.03356552124,1906
8505.031108856201,1914
8506.028652191162,1936
8507.025957107544,1854
8508.05139541626,1886
8509.04893875122,1936
8510.045766830444,1930
8511.048555374146,1886
8512.040138244629,1904
8513.009548187256,1894
8514.039278030396,1906
8515.00415802002,1898
8516.029834747314,1874
8516.9997215271,1834
8518.02396774292,1770
8519.021987915039,1802
8520.019054412842,1830
8521.016359329224,1814
8522.013425827026,1782
8522.981643676758,1818
8523.979187011719,1870
8524.976253509521,1866
8525.973558425903,1866
8526.971340179443,1878
8527.976036071777,1846
8528.965711593628,1872
8529.96301651001,1820
8530.96055984497,1830
8531.957626342773,1866
8532.954931259155,1876
8533.951997756958,1850
8534.949541091919,1850
8535.975933074951,1836
8536.947011947632,1842
8537.943124771118,1844
8538.966655731201,1842
8539.966583251953,1822
8540.961265563965,1790
8541.932106018066,1766
8542.961597442627,1742
8543.955326080322,1782
8544.952630996704,1790
8545.949935913086,1754
8546.947002410889,1776
8547.94454574585,1738
8548.941373825073,1758
8549.939632415771,1766
8550.936698913574,1746
8551.905632019043,1758
8552.903175354004,1750
8553.900480270386,1754
8554.897546768188,1774
8555.89485168457,1810
8556.892395019531,1838
8557.890176773071,1846
8558.887004852295,1846
8559.884309768677,1854
8560.882091522217,1870
8561.87891960144,1830
8562.876224517822,1822
8563.873529434204,1782
8564.871072769165,1786
8565.868139266968,1758
8566.865921020508,1712
8567.863702774048,1676
8568.86076927185,1782
8569.857835769653,1812
8570.854902267456,1816
8571.852445602417,1804
8572.84951210022,1770
8573.846817016602,1832
8574.844360351562,1836
8575.849056243896,1804
8576.839208602905,1754
8577.836990356445,1782
8578.834295272827,1806
8579.83112335205,1822
8580.828428268433,1822
8581.825733184814,1850
8582.823038101196,1870
8583.821058273315,1902
8584.816694259644,1882
8585.843086242676,1900
8586.811542510986,1914
8587.83769607544,1914
8588.835000991821,1900
8589.83302116394,1884
8590.835332870483,1850
8591.798067092896,1850
8592.824697494507,1862
8593.82176399231,1862
8594.818592071533,1878
8595.816135406494,1866
8596.786499023438,1830
8597.782611846924,1830
8598.80805015564,1880
8599.806070327759,1850
8600.802898406982,1842
8601.80139541626,1790
8602.797985076904,1830
8603.795528411865,1878
8604.792356491089,1862
8605.761528015137,1866
8606.760025024414,1878
8607.78546333313,1918
8608.781337738037,1902
8609.784364700317,1878
8610.776662826538,1886
8611.773490905762,1906
8612.770557403564,1894
8613.768100738525,1852
8614.765405654907,1894
8615.733861923218,1834
8616.759061813354,1870
8617.75803565979,1878
8618.753433227539,1874
8619.751691818237,1874
8620.748281478882,1886
8621.74654006958,1896
8622.742891311646,1854
8623.740434646606,1902
8624.738693237305,1874
8625.75364112854,1846
8626.705408096313,1810
8627.703189849854,1846
8628.700256347656,1878
8629.6968460083,1886
8630.699634552002,1878
8631.691694259644,1894
8632.689237594604,1942
8633.687973022461,1910
8634.683847427368,1872
8635.68139076233,1886
8636.678695678711,1914
8637.675762176514,1886
8638.673543930054,1872
8639.670133590698,1870
8640.66767692566,1868
8641.664743423462,1938
8642.662525177002,1902
8643.659591674805,1938
8644.657135009766,1928
8645.654916763306,1914
8646.651983261108,1966
8647.649049758911,1950
8648.64730834961,1928
8649.643659591675,1892
8650.641441345215,1898
8651.63803100586,1832
8652.6358127594,1738
8653.632879257202,1712
8654.630184173584,1686
8655.628204345703,1702
8656.626462936401,1708
8657.623291015625,1750
8658.620357513428,1838
8659.616947174072,1914
8660.614490509033,1940
8661.611557006836,1940
8662.609577178955,1898
8663.6061668396,1900
8664.60371017456,1968
8665.601253509521,1978
8666.59951210022,1992
8667.596578598022,1974
8668.622493743896,2004
8669.619083404541,2030
8670.616388320923,2014
8671.618461608887,1996
8672.610998153687,2010
8673.608303070068,1954
8674.605131149292,1938
8675.602912902832,1930
8676.600456237793,1862
8677.570581436157,1872
8678.594827651978,1882
8679.592370986938,1946
8680.590391159058,1938
8681.587219238281,1916
8682.583808898926,1970
8683.553695678711,1982
8684.578657150269,1930
8685.57596206665,1834
8686.546564102173,1836
8687.571048736572,1806
8688.57216835022,1788
8689.565181732178,1770
8690.562725067139,1846
8691.560745239258,1870
8692.55781173706,1870
8693.5555934906,1846
8694.552183151245,1850
8695.549488067627,1872
8696.520328521729,1834
8697.54433631897,1774
8698.54187965393,1730
8699.538946151733,1712
8700.535774230957,1678
8701.533317565918,1742
8702.530860900879,1806
8703.52816581726,1830
8704.525709152222,1934
8705.523014068604,1978
8706.493377685547,2038
8707.517623901367,2078
8708.487510681152,2042
8709.51223373413,1990
8710.509300231934,1940
8711.507081985474,1806
8712.504148483276,1830
8713.50121498108,1842
8714.498281478882,1870
8715.499877929688,1944
8716.464757919312,1886
8717.490911483765,1882
8718.487977981567,1822
8719.485759735107,1878
8720.482587814331,1866
8721.480131149292,1852
8722.477674484253,1810
8723.474979400635,1870
8725.172758102417,1910
8725.443840026855,1886
8726.468801498413,1906
8727.546215057373,1886
8728.574514389038,1878
8729.727268218994,1878
8730.724096298218,1894
8731.697082519531,1838
8732.71894454956,1904
8733.689546585083,1914
8734.716415405273,1910
8735.711097717285,1914
8736.708164215088,1868
8737.67900466919,1894
8738.704204559326,1910
8739.700317382812,1918
8740.70119857788,1886
8741.695404052734,1930
8742.692232131958,1906
8743.697166442871,1934
8744.687795639038,1882
8745.684623718262,1862
8746.654748916626,1886
8747.679710388184,1882
8748.677253723145,1846
8749.674081802368,1840
8750.67114830017,1856
8751.668930053711,1930
8752.665996551514,1872
8753.662824630737,1846
8754.660367965698,1882
8755.62834739685,1926
8756.625652313232,1902
8757.623195648193,1934
8758.620500564575,1862
8759.617567062378,1900
8760.615110397339,1942
8761.612176895142,1938
8762.609481811523,1918
8763.606786727905,1940
8764.604330062866,1950
8765.601634979248,1956
8766.59893989563,1938
8767.59648323059,1886
8768.593549728394,1896
8769.590854644775,1896
8770.588159561157,1918
8771.585702896118,1870
8772.5830078125,1894
8773.580312728882,1872
8774.577379226685,1886
8775.574922561646,1918
8776.572227478027,1934
8777.56953239441,1906
8778.60140800476,1910
8779.598712921143,1966
8780.591249465942,1958
8781.591892242432,1962
8782.585620880127,1972
8783.591032028198,1974
8784.581184387207,1944
8785.550355911255,1936
8786.581993103027,1962
8787.543535232544,1942
8788.569688796997,1916
8789.567232131958,1854
8790.571928024292,1850
8791.56231880188,1908
8792.559623718262,1882
8793.556451797485,1894
8794.553756713867,1876
8795.551776885986,1886
8796.52214050293,1906
8797.54638671875,1902
8798.543691635132,1960
8799.540281295776,1974
8800.537586212158,1974
8801.535606384277,2000
8802.533149719238,1990
8803.532600402832,1978
8804.527282714844,1968
8805.524826049805,1978
8806.49471282959,1902
8807.51895904541,1928
8808.517932891846,1934
8809.514284133911,1930
8810.51230430603,1978
8811.508893966675,1932
8812.505960464478,1958
8813.50326538086,1942
8814.50366973877,1918
8815.468788146973,1882
8816.468000411987,1870
8817.521810531616,1898
8818.489789962769,1906
8819.48733329773,1894
8820.484638214111,1876
8821.482181549072,1918
8822.479724884033,1930
8823.476314544678,1908
8824.47361946106,1942
8825.47116279602,1918
8826.441526412964,1910
8827.466011047363,1898
8828.463554382324,1888
8829.460382461548,1896
8830.463409423828,1930
8831.458330154419,1938
8832.45325088501,1910
8833.438396453857,1904
8834.447145462036,1932
8835.448503494263,1962
8836.442947387695,1946
8837.41044998169,1934
8838.407516479492,1918
8839.43486213684,1918
8840.43264389038,1886
8841.4306640625,1918
8842.427253723145,1910
8843.423128128052,1930
8844.42138671875,1946
8845.418691635132,1996
8846.388816833496,2030
8847.413063049316,2010
8848.410606384277,1996
8849.408149719238,1990
8850.41618347168,1982
8851.402997970581,1960
8852.398872375488,1970
8853.397846221924,1930
8854.394912719727,1942
8855.393171310425,1968
8856.38952255249,1948
8857.359409332275,1966
8858.383178710938,1990
8859.381675720215,2026
8860.378503799438,2060
8861.37580871582,2062
8862.372875213623,2002
8863.343238830566,1990
8864.339590072632,2008
8865.335702896118,1998
8866.333961486816,1962
8867.33078956604,1942
8868.327856063843,1976
8869.353771209717,1958
8870.351552963257,1914
8871.34861946106,1942
8872.345447540283,1990
8873.344421386719,1982
8874.342441558838,1966
8875.309944152832,1948
8876.335382461548,1966
8877.333641052246,1938
8878.33023071289,1936
8879.326105117798,1962
8880.324363708496,1916
8881.320714950562,1934
8882.318019866943,1942
8883.315563201904,1974
8884.312868118286,1982
8885.310888290405,1982
8886.308670043945,1918
8887.306690216064,1962
8888.304948806763,1944
8889.299869537354,1954
8890.297174453735,1990
8891.295909881592,1994
8892.290830612183,1990
8893.290519714355,1978
8894.285202026367,2036
8895.282506942749,2082
8896.28267288208,2058
8897.279024124146,2046
8898.275136947632,2062
8899.271965026855,2078
8900.243043899536,2066
8901.268720626831,2106
8902.26435661316,2094
8903.262376785278,2106
8904.260396957397,2118
8905.256509780884,2130
8906.256437301636,2124
8907.251358032227,2118
8908.248662948608,2082
8909.248113632202,2030
8910.248041152954,1982
8911.241292953491,1954
8912.240028381348,1942
8913.23471069336,1942
8914.231538772583,1998
8915.229082107544,2034
8916.226625442505,2024
8917.226552963257,2038
8918.221473693848,2034
8919.21854019165,2096
8920.218706130981,2042
8921.212911605835,2004
8922.211408615112,1978
8923.208475112915,1978
8925.177335739136,1982
8925.177335739136,1944
8926.20038986206,1946
8927.199363708496,1962
8928.204536437988,1982
8929.19373512268,1958
8930.191040039062,2026
8931.188106536865,2062
8932.193517684937,2042
8933.184623718262,2098
8934.180736541748,2094
8935.17804145813,2042
8936.176061630249,2062
8937.172889709473,2046
8938.170194625854,2074
8939.167261123657,2070
8940.16432762146,2006
8941.162109375,2064
8942.159414291382,2130
8943.156480789185,2078
8944.154024124146,2090
8945.151567459106,2102
8946.14863395691,2120
8947.147130966187,2066
8948.143720626831,2034
8949.144840240479,2016
8950.158834457397,2078
8951.136112213135,2096
8952.1324634552,2102
8953.129529953003,2030
8954.134941101074,2064
8956.092834472656,2096
8956.092834472656,2096
8957.128047943115,2096
8958.11676979065,2034
8959.114074707031,2078
8961.080074310303,2096
8961.080074310303,2084
8962.105751037598,2046
8963.103294372559,2036
8964.10059928894,2070
8966.068506240845,2102
8966.068506240845,2118
8968.090057373047,2070
8968.090057373047,2132
8970.08466720581,2162
8971.083164215088,2118
8972.079753875732,2134
8973.076820373535,2090
8974.073648452759,2090
8975.071907043457,2128
8976.068496704102,2130
8977.065801620483,2106
8978.062868118286,2098
8979.060888290405,2086
8980.058193206787,2162
8981.055974960327,2164
8982.052326202393,2142
8983.050107955933,2238
8984.048128128052,2142
8985.044717788696,2130
8986.041784286499,2150
8987.040758132935,2110
8988.036632537842,2104
8989.033699035645,2104
8990.031957626343,2090
8991.028785705566,2156
8992.026805877686,2090
8993.024587631226,2162
8994.020700454712,2186
8995.018243789673,2168
8996.015071868896,2134
8997.013807296753,2112
8998.010635375977,2126
8999.008178710938,2070
9000.004529953003,2094
9001.001834869385,2098
9001.999139785767,2104
9002.996683120728,2130
9003.994464874268,2142
9004.99153137207,2102
9005.988121032715,2110
9006.98709487915,2098
9007.983207702637,2070
9008.981227874756,2034
9009.98044013977,2022
9010.98656654358,2046
9011.972188949585,2034
9012.969732284546,2094
9013.968467712402,2030
9014.935493469238,2078
9015.96188545227,2094
9016.931295394897,2126
9017.938613891602,2082
9018.953323364258,2098
9019.952297210693,2126
9020.947217941284,2098
9021.944999694824,2026
9022.941827774048,2002
9023.939609527588,2094
9024.936437606812,2082
9025.933980941772,2082
9026.905059814453,2098
9027.929544448853,2094
9028.925895690918,2088
9029.923439025879,2102
9030.92074394226,2128
9031.919479370117,2088
9032.916784286499,2022
9033.927917480469,1998
9034.882545471191,2042
9035.879850387573,2078
9036.877632141113,2006
9037.874460220337,2070
9038.872003555298,2034
9039.8690700531,2034
9040.86685180664,2072
9041.86487197876,2098
9042.861461639404,2094
9043.858528137207,2070
9044.856309890747,2032
9045.853614807129,2022
9046.851873397827,2012
9047.848463058472,2014
9048.845767974854,2106
9049.842596054077,2142
9050.840139389038,2134
9051.83720588684,2192
9052.834272384644,2210
9053.832054138184,2250
9054.829597473145,2242
9055.826663970947,2172
9056.825160980225,2168
9057.82151222229,2126
9058.819055557251,2082
9059.816122055054,2070
9060.813188552856,2108
9061.810493469238,2096
9062.808513641357,2086
9063.805341720581,2042
9064.803123474121,2082
9065.799951553345,2070
9066.80965423584,2068
9067.795038223267,2038
9068.792343139648,2002
9069.789171218872,1974
9070.786952972412,2006
9071.784019470215,2022
9072.781085968018,2062
9073.778629302979,2030
9074.776411056519,2038
9075.7737159729,2088
9076.771974563599,2066
9077.768087387085,2078
9078.766107559204,2066
9079.76245880127,2094
9080.76000213623,2036
9081.757307052612,2014
9082.754611968994,1986
9083.751201629639,1982
9084.758520126343,2006
9085.746765136719,2028
9086.745023727417,2030
9087.741613388062,2046
9088.739156723022,1998
9089.735984802246,2042
9090.733289718628,2088
9091.731071472168,2090
9092.728614807129,2062
9093.725204467773,2000
9094.72370147705,2010
9095.720052719116,2026
9096.717357635498,1978
9097.715377807617,2002
9098.71244430542,2038
9099.709272384644,2040
9100.706815719604,2034
9101.704120635986,2002
9102.701425552368,2064
9103.69849205017,2094
9104.69651222229,2070
9105.693578720093,2038
9106.691837310791,2068
9107.688188552856,2090
9108.686208724976,2102
9109.6830368042,2122
9110.680341720581,2094
9111.676454544067,2102
9112.67352104187,2136
9113.671064376831,2094
9114.668369293213,2110
9115.665435791016,2106
9116.662979125977,2090
9117.660760879517,2038
9118.68691444397,1998
9119.685649871826,1966
9120.68247795105,1974
9121.679306030273,1994
9122.678279876709,1988
9123.673439025879,1998
9124.671220779419,1966
9125.641345977783,2022
9126.637935638428,2026
9127.635717391968,2046
9128.632307052612,2032
9129.629850387573,1980
9130.627155303955,1998
9131.624460220337,2026
9132.621765136719,2022
9133.634090423584,2042
9134.61709022522,2062
9135.61463356018,2066
9136.611938476562,2070
9137.609004974365,2012
9138.606786727905,1994
9139.603853225708,1964
9140.601396560669,1910
9141.598224639893,1886
9142.595052719116,1856
9143.592596054077,1894
9144.58966255188,1974
9145.586967468262,2030
9146.584510803223,2064
9147.581815719604,2078
9148.578882217407,2094
9149.576187133789,2130
9150.57373046875,2128
9151.570796966553,2110
9152.568340301514,2064
9153.565883636475,2010
9154.563188552856,2038
9155.560493469238,2022
9156.558275222778,2002
9157.555341720581,1970
9158.552646636963,2032
9159.549951553345,2066
9160.547494888306,2034
9161.544561386108,2008
9162.569522857666,2034
9163.567543029785,2066
9164.564609527588,2030
9165.561437606812,2000
9166.560649871826,1942
9167.530059814453,1930
9168.555498123169,1934
9169.553518295288,1938
9170.52149772644,1942
9171.517848968506,1966
9172.516345977783,1978
9173.511981964111,2002
9174.524784088135,2042
9175.50778388977,2042
9176.50580406189,2062
9177.502155303955,2022
9178.499460220337,1990
9179.496049880981,2026
9180.493831634521,2042
9181.490659713745,2062
9182.487964630127,2090
9183.527946472168,2090
9184.513807296753,2078
9185.508728027344,2104
9186.506986618042,2094
9187.474012374878,2090
9188.501119613647,2014
9189.497470855713,2014
9190.495252609253,1994
9191.465377807617,1938
9192.462682723999,1962
9193.461179733276,1950
9194.45776939392,1982
9195.482015609741,1994
9196.452617645264,1978
9197.448253631592,1966
9198.474884033203,2020
9199.472427368164,2058
9200.468301773071,2030
9201.465606689453,2038
9202.463388442993,2014
9203.462839126587,2064
9204.457998275757,2062
9205.456495285034,2070
9206.425666809082,2086
9207.45062828064,2102
9208.447217941284,2062
9209.445238113403,2010
9210.442543029785,2028
9211.43913269043,2058
9212.442874908447,2038
9213.435411453247,2004
9214.431762695312,1970
9215.428590774536,2034
9216.399192810059,2038
9217.395067214966,2064
9218.428611755371,2064
9219.4185256958,2086
9220.415353775024,2038
9221.413135528564,2082
9222.409963607788,2042
9223.408222198486,2070
9224.404573440552,2024
9225.403308868408,2006
9226.372480392456,1998
9227.396726608276,1990
9228.394746780396,2014
9229.390859603882,2022
9230.38911819458,2042
9231.385707855225,2068
9232.383251190186,2066
9233.381748199463,2016
9234.37786102295,2014
9235.37564277649,2034
9236.37318611145,2026
9237.342834472656,1982
9238.367557525635,2010
9239.364624023438,2014
9240.362405776978,2084
9241.359233856201,2106
9242.35725402832,2134
9243.354082107544,2150
9244.351148605347,2154
9245.348453521729,2132
9246.31929397583,2102
9247.34377861023,2102
9248.340606689453,2094
9249.338388442993,2042
9250.335931777954,2022
9251.332998275757,1962
9252.330303192139,1946
9253.329515457153,1970
9254.324197769165,1990
9255.321979522705,2002
9256.319522857666,1974
9257.290124893188,1938
9258.31389427185,1942
9259.31191444397,1964
9260.308265686035,1958
9261.306047439575,1942
9262.273788452148,1898
9263.271570205688,1914
9264.27149772644,1892
9265.267133712769,1956
9266.264915466309,2032
9267.261505126953,2042
9268.259048461914,2014
9269.256114959717,2006
9270.253419876099,2010
9271.250486373901,2038
9272.247791290283,2026
9273.245334625244,1982
9274.242877960205,1978
9275.239944458008,2006
9276.237487792969,2010
9277.235984802246,2030
9278.23257446289,2066
9279.258012771606,2132
9280.256509780884,2136
9281.258344650269,2124
9282.25040435791,2138
9283.247470855713,2158
9284.244298934937,2104
9285.242795944214,2086
9286.239385604858,2098
9287.237405776978,2110
9288.233518600464,2070
9290.200471878052,2082
9290.200471878052,2110
9291.226148605347,2142
9292.223691940308,2106
9293.22075843811,2084
9294.22378540039,2086
9295.22180557251,2094
9296.217441558838,2070
9297.211408615112,2046
9298.20728302002,2042
9299.205541610718,2012
9300.177335739136,2034
9301.199913024902,2042
9302.196264266968,1992
9303.19356918335,2014
9304.191827774048,2002
9305.188655853271,1996
9306.185722351074,1934
9307.183742523193,1970
9308.181047439575,1962
9309.149742126465,1968
9310.176134109497,1946
9311.17296218872,1916
9312.169551849365,1930
9313.167095184326,1976
9314.172506332397,2006
9315.162420272827,2022
9316.15924835205,2014
9317.158699035645,1968
9318.153619766235,2000
9319.152116775513,1982
9320.15609741211,2006
9321.146249771118,2034
9322.14379310608,2014
9324.110507965088,1992
9324.110507965088,2026
9325.105667114258,2028
9326.13229751587,2042
9327.13007926941,2082
9328.12762260437,2042
9329.124689102173,2086
9330.121278762817,2026
9331.119537353516,2010
9332.11636543274,2026
9333.11414718628,1978
9334.115982055664,1958
9335.109233856201,1946
9337.104320526123,1938
9337.104320526123,1978
9338.10019493103,2002
9340.096712112427,1982
9341.063261032104,1988
9342.060327529907,2024
9343.057632446289,1994
9344.085693359375,1958
9345.083236694336,1950
9346.08006477356,2002
9347.04852104187,2034
9348.074913024902,2010
9349.071741104126,1994
9350.069761276245,2042
9351.067304611206,2062
9352.06413269043,2030
9353.06167602539,2064
9354.057550430298,2040
9355.055332183838,2062
9356.053113937378,2026
9357.049942016602,2014
9358.0482006073,1996
9359.044790267944,1958
9360.041856765747,1962
9361.039161682129,2000
9362.035989761353,2002
9363.034009933472,2042
9364.030838012695,2082
9365.028381347656,2094
9366.026163101196,2096
9366.99652671814,2032
9368.02053451538,2044
9369.017601013184,2038
9370.021104812622,2026
9371.012449264526,2036
9372.01476097107,2070
9373.00729751587,2064
9374.004364013672,2046
9375.001907348633,2010
9375.999689102173,2046
9376.997232437134,2110
9377.996444702148,2094
9378.990650177002,2038
9379.988670349121,2040
9380.985975265503,2016
9381.983280181885,2022
9382.980108261108,2010
9383.977890014648,1980
9384.97519493103,1990
9385.949611663818,2010
9386.942386627197,2030
9387.938737869263,2068
9388.964176177979,2022
9389.96148109436,2066
9390.959024429321,2070
9391.95704460144,1990
9392.953634262085,1974
9393.951177597046,2026
9394.948244094849,2078
9395.946264266968,2042
9396.942853927612,2066
9397.912502288818,2042
9398.909568786621,2090
9399.906396865845,2110
9400.93183517456,2102
9401.9296169281,2110
9402.933597564697,2110
9403.924703598022,2102
9404.893636703491,2082
9405.891418457031,2094
9406.888961791992,2064
9407.913446426392,2042
9408.918142318726,2082
9409.90948677063,2090
9410.906553268433,2042
9411.911010742188,2034
9412.902116775513,2098
9413.89775276184,2078
9414.894819259644,2062
9415.89379310608,1976
9416.891813278198,1982
9417.860746383667,1990
9418.88451576233,2002
9419.882774353027,2022
9420.881032943726,1974
9421.878099441528,1966
9422.874689102173,1982
9423.871994018555,1950
9424.869775772095,1946
9425.894737243652,1958
9426.87177658081,1946
9427.861452102661,1932
9428.858757019043,1932
9429.855346679688,1934
9430.85265159607,1976
9431.85567855835,2006
9432.847023010254,1970
9433.844327926636,2034
9434.841632843018,2026
9435.83869934082,2120
9436.81001663208,2126
9437.833070755005,2086
9438.830852508545,2038
9439.828872680664,2062
9440.825700759888,2058
9441.824674606323,2032
9442.82054901123,2024
9443.817615509033,1996
9444.815158843994,2064
9445.812463760376,2062
9446.82240486145,2082
9447.783946990967,2090
9448.789119720459,2078
9449.77355003357,2074
9450.77109336853,2068
9451.768159866333,2100
9452.767133712769,2040
9453.763961791992,2030
9454.760313034058,2086
9455.75737953186,2042
9456.756114959717,2022
9457.75294303894,2022
9458.748817443848,2030
9459.74588394165,2064
9460.743188858032,2064
9461.74168586731,2038
9462.738037109375,2026
9463.736295700073,2034
9464.733600616455,2010
9465.730905532837,2002
9466.731786727905,1994
9467.726230621338,1986
9468.734741210938,1962
9469.72131729126,1970
9470.71886062622,1986
9471.716165542603,1998
9472.712993621826,2022
9473.710536956787,2012
9474.70736503601,2026
9475.704431533813,2030
9476.701498031616,2038
9477.699518203735,1998
9478.696584701538,1990
9479.693174362183,2008
9480.690717697144,2010
9481.687545776367,2042
9482.685327529907,2072
9483.683109283447,2064
9484.67993736267,2082
9485.677480697632,2084
9486.676216125488,2094
9487.672567367554,2060
9488.669633865356,2042
9489.66646194458,2002
9490.663766860962,2006
9491.678476333618,2010
9492.659330368042,2022
9493.656873703003,2004
9494.65298652649,1982
9495.651006698608,1990
9496.64855003357,2038
9497.660160064697,2038
9498.642683029175,2044
9499.63927268982,1998
9500.637769699097,2036
9501.63459777832,2068
9502.631902694702,2038
9503.629446029663,2012
9504.626512527466,1994
9505.623817443848,2066
9506.621837615967,2078
9507.619142532349,2086
9508.61644744873,2070
9509.612798690796,2110
9510.609865188599,2126
9511.606931686401,2126
9512.6051902771,2122
9513.601303100586,2126
9514.598846435547,2154
9515.614748001099,2126
9516.59369468689,2122
9517.594337463379,2134
9520.583391189575,2098
9520.583391189575,2098
9520.583391189575,2090
9521.582841873169,2084
9523.57530593872,2006
9523.57530593872,1982
9524.58381652832,1942
9525.588274002075,1914
9526.567935943604,1934
9527.565240859985,1966
9529.560804367065,2010
9529.560804367065,2002
9530.558347702026,2002
9531.554222106934,2102
9532.552480697632,2122
9533.548593521118,2130
9534.546375274658,2118
9535.543203353882,2062
9536.540508270264,2028
9537.537574768066,2036
9538.534879684448,2004
9539.532661437988,2014
9540.529727935791,2038
9541.527032852173,2038
9542.524337768555,2122
9543.521642684937,2134
9544.520378112793,2206
9545.532703399658,2246
9546.514987945557,2224
9547.51205444336,2214
9548.508405685425,2210
9549.506902694702,2186
9550.503969192505,2184
9551.501035690308,2174
9552.498579025269,2158
9553.49588394165,2132
9554.492950439453,2070
9555.489540100098,2084
9556.488513946533,2102
9557.485342025757,2102
9558.481693267822,2102
9559.480667114258,2042
9560.476541519165,2086
9561.473608016968,2046
9562.472105026245,2038
9563.468217849731,2066
9564.465522766113,2070
9565.462827682495,2130
9566.462755203247,2082
9567.460298538208,2086
9568.456649780273,2044
9569.453477859497,2098
9570.4505443573,2096
9571.448802947998,2014
9572.445631027222,2008
9573.442935943604,2034
9574.43881034851,2038
9575.437307357788,2078
9576.435089111328,2072
9577.431201934814,2070
9578.429460525513,2062
9579.426288604736,2046
9580.424547195435,2100
9581.421375274658,2106
9582.41868019104,2098
9583.415746688843,2062
9584.413528442383,2034
9585.410356521606,2016
9586.407661437988,2022
9587.424039840698,2064
9588.403701782227,2058
9589.400291442871,2042
9590.39831161499,2064
9591.395139694214,2092
9592.400789260864,2086
9593.393087387085,2126
9594.385862350464,2102
9595.383167266846,2090
9596.380472183228,2066
9597.378015518188,2078
9598.37532043457,2064
9599.372625350952,2078
9600.378274917603,2070
9601.368427276611,2082
9602.364778518677,2062
9603.363513946533,2026
9604.35962677002,2042
9605.356931686401,2098
9606.353998184204,2102
9607.351303100586,2104
9608.348608016968,2032
9609.346151351929,2030
9610.34345626831,2078
9611.371517181396,2090
9612.369060516357,2122
9613.336324691772,2084
9614.363431930542,2082
9615.36192893982,2118
9616.32752418518,2106
9617.32792854309,2134
9618.324756622314,2162
9619.321584701538,2102
9620.319366455078,2086
9621.31643295288,2040
9622.312307357788,2046
9623.311519622803,2064
9624.308347702026,2090
9625.306129455566,2066
9626.303672790527,2064
9627.298355102539,2062
9628.295421600342,2084
9629.292726516724,2070
9630.290031433105,2078
9631.287336349487,2086
9632.28440284729,2078
9633.312702178955,2066
9634.31453704834,2026
9635.276556015015,2064
9636.304140090942,2102
9637.302160263062,2092
9638.268947601318,2110
9639.266014099121,2090
9640.263557434082,2158
9641.290426254272,2198
9642.259359359741,2182
9643.25737953186,2190
9644.253730773926,2164
9645.250797271729,2158
9646.249294281006,2152
9647.245645523071,2150
9648.244857788086,2156
9649.240970611572,2168
9650.238513946533,2186
9651.235342025757,2198
9652.232885360718,2174
9653.2301902771,2158
9654.227256774902,2138
9655.224561691284,2154
9656.222105026245,2098
9657.219409942627,2032
9658.21647644043,2014
9659.214973449707,1980
9660.211563110352,2010
9661.208629608154,1968
9662.205934524536,2026
9663.202285766602,2004
9664.199113845825,1994
9665.197134017944,1978
9666.193962097168,1994
9667.191982269287,1990
9668.18904876709,1974
9669.186115264893,1978
9670.183420181274,1874
9671.180725097656,1870
9672.178030014038,1874
9673.17509651184,1960
9674.172401428223,1954
9675.182819366455,1894
9676.167488098145,1940
9677.165031433105,1998
9678.16185951233,2060
9679.15940284729,2014
9680.156469345093,2006
9681.153774261475,2066
9682.151079177856,2042
9683.148622512817,2028
9684.1459274292,2010
9685.14347076416,2014
9687.139511108398,2030
9688.136339187622,2024
9688.136339187622,2016
9689.16130065918,2034
9690.12999534607,2070
9691.127061843872,2096
9692.124605178833,2134
9693.121671676636,2106
9694.119453430176,2090
9695.11890411377,2134
9696.116209030151,2106
9697.113752365112,2098
9698.110818862915,2168
9699.107646942139,2172
9700.11281967163,2184
9701.102495193481,2154
9703.095197677612,2142
9703.095197677612,2224
9704.092741012573,2202
9706.087112426758,2126
9706.087112426758,2110
9708.0819606781,2070
9709.079027175903,2082
9710.107803344727,2096
9710.107803344727,2108
9711.107015609741,2036
9712.101459503174,2012
9714.096307754517,2024
9715.094089508057,2028
9716.063737869263,1988
9717.088222503662,1958
9718.08671951294,1962
9719.053030014038,1938
9720.07966041565,1944
9721.076726913452,1944
9722.074270248413,1928
9723.07562828064,1974
9724.069833755493,1986
9725.03924369812,2002
9726.035833358765,1958
9727.033376693726,2024
9728.03020477295,2008
9729.026794433594,2034
9730.024337768555,2070
9731.021881103516,2060
9732.018947601318,2042
9733.0162525177,1996
9734.013795852661,2008
9735.011100769043,1992
9736.015796661377,1950
9737.007141113281,1950
9738.01040649414,1898
9739.001035690308,1914
9739.99810218811,1994
9740.994215011597,1994
9741.99104309082,1982
9742.988109588623,2000
9743.985414505005,2042
9744.982957839966,2094
9745.980262756348,2106
9746.97756767273,2130
9747.974634170532,2166
9748.972415924072,2088
9749.969720840454,2118
9750.96845626831,2126
9751.964330673218,2128
9752.96139717102,2096
9753.958702087402,2064
9754.956483840942,2070
9755.953550338745,2106
9756.964445114136,2130
9757.948398590088,2122
9758.947372436523,2102
9759.944438934326,2124
9760.941743850708,2154
9761.938571929932,2158
9762.936353683472,2108
9763.932943344116,2142
9764.930725097656,2110
9765.928030014038,2098
9766.927003860474,2082
9767.92311668396,2038
9768.918752670288,2006
9769.917249679565,2072
9770.914793014526,2088
9771.912097930908,2102
9772.909879684448,2064
9773.906707763672,2030
9774.904251098633,2084
9775.901794433594,2038
9776.898860931396,2024
9777.897834777832,1946
9778.89347076416,2034
9779.890298843384,2010
9780.887842178345,1992
9781.884908676147,1962
9782.882690429688,2000
9783.880472183228,1978
9784.87753868103,1986
9785.875082015991,1980
9786.87334060669,1972
9787.869453430176,1968
9788.866996765137,1918
9789.863586425781,1930
9790.861129760742,1912
9791.874170303345,1894
9792.856216430664,1866
9793.853044509888,1886
9794.85034942627,1914
9795.84813117981,1912
9796.846151351929,1938
9797.871112823486,1914
9798.840045928955,1930
9799.837112426758,1968
9800.846815109253,1950
9801.831483840942,2016
9802.830457687378,2082
9803.827047348022,2026
9804.824352264404,2046
9805.821418762207,2106
9806.819438934326,2126
9807.816743850708,2158
9808.813571929932,2064
9809.811115264893,2062
9810.808420181274,2078
9811.805725097656,2078
9812.803268432617,2084
9813.80033493042,2062
9814.797401428223,2028
9815.794706344604,2082
9816.793203353882,2094
9817.790746688843,2104
9818.815469741821,2070
9819.812536239624,2088
9820.809602737427,2062
9821.808099746704,2006
9822.77512550354,2008
9823.80223274231,1958
9824.799060821533,1956
9825.796365737915,1962
9826.793909072876,1950
9827.792167663574,1942
9828.78851890564,1946
9829.785585403442,2034
9830.783367156982,2030
9831.780672073364,2064
9832.778930664062,2030
9833.747386932373,2070
9834.772825241089,2064
9835.769891738892,2030
9836.76791191101,2002
9837.765455245972,2014
9838.761568069458,2014
9839.759111404419,1988
9840.7564163208,1982
9841.763019561768,2020
9842.750787734985,2086
9843.748331069946,2070
9844.751119613647,2034
9845.743179321289,2034
9846.713781356812,2010
9847.710132598877,2002
9848.735332489014,1976
9849.730968475342,1966
9850.728511810303,1958
9851.726770401001,1966
9852.723836898804,1950
9853.723764419556,1944
9854.71773147583,1986
9855.715274810791,1990
9856.71329498291,2004
9857.709646224976,1978
9858.706951141357,1978
9859.704494476318,2004
9860.701560974121,2006
9861.699104309082,2026
9862.695932388306,2066
9863.666772842407,2058
9864.66360092163,2082
9865.66162109375,2108
9866.658687591553,2150
9867.656707763672,2174
9868.653297424316,2110
9869.650840759277,2042
9870.64814567566,2098
9871.645212173462,2084
9872.64347076416,2032
9873.640060424805,1962
9874.637603759766,1972
9875.635147094727,1946
9876.634120941162,1974
9877.630710601807,1946
9878.62777709961,1996
9879.625082015991,2034
9880.622386932373,2032
9881.619691848755,2010
9882.616996765137,2004
9883.613586425781,2088
9884.639024734497,2038
9885.634899139404,2022
9886.605739593506,1998
9887.604475021362,2014
9888.628244400024,2034
9889.626026153564,2042
9890.630960464478,2126
9891.62015914917,2082
9892.61770248413,2088
9893.621683120728,2062
9894.591093063354,2090
9895.582914352417,2088
9896.580457687378,2070
9897.578954696655,2098
9898.574829101562,2134
9899.572372436523,2090
9900.569438934326,2066
9901.566743850708,2078
9902.56381034851,2154
9903.561353683472,2152
9904.558658599854,2104
9905.555963516235,2062
9906.553506851196,2072
9907.55033493042,2040
9908.548593521118,1998
9909.544944763184,1974
9910.569906234741,1934
9911.567687988281,1916
9912.570476531982,1936
9913.56110572815,1906
9914.529800415039,1902
9915.560722351074,1938
9916.553974151611,1990
9917.521953582764,1978
9918.519020080566,1974
9919.516324996948,1968
9920.51362991333,2026
9921.510934829712,2026
9922.508001327515,2042
9923.505544662476,2014
9924.502849578857,2026
9925.501585006714,1990
9926.527976989746,1996
9927.557706832886,2014
9928.522109985352,2026
9929.518938064575,1968
9930.516719818115,2022
9931.514024734497,2066
9932.5110912323,2006
9933.5298538208,1984
9934.505462646484,1998
9935.505390167236,2002
9936.501264572144,1966
9937.49713897705,1958
9938.467741012573,2070
9939.475774765015,2088
9940.461874008179,2098
9941.488265991211,2038
9942.485094070435,2070
9943.482398986816,2062
9944.451093673706,2078
9945.47724723816,2026
9946.4750289917,2086
9947.472095489502,2078
9948.469400405884,2038
9949.466943740845,2032
9950.464248657227,2070
9951.462030410767,2094
9952.45885848999,2090
9953.456163406372,2098
9954.461574554443,2066
9955.450534820557,2010
9956.470966339111,2010
9957.462072372437,2014
9958.441734313965,2038
9959.437131881714,2022
9960.43610572815,2024
9961.40456199646,1962
9962.430715560913,2008
9963.428258895874,2086
9964.425563812256,2108
9965.423583984375,2026
9966.421842575073,2002
9967.388391494751,2010
9968.38665008545,1994
9969.414949417114,2002
9970.410108566284,1990
9971.406936645508,1990
9972.402095794678,1974
9973.40202331543,1958
9974.399328231812,1982
9975.396633148193,2038
9976.394653320312,2042
9977.392196655273,2062
9978.390216827393,2010
9979.3860912323,2006
9980.384111404419,1996
9981.381177902222,1986
9982.381343841553,2006
9983.378171920776,2022
9984.37237739563,1942
9985.37015914917,2002
9986.33861541748,2030
9987.3366355896,2062
9988.333940505981,2096
9989.330530166626,2066
9990.327835083008,2062
9991.325378417969,2026
9992.339611053467,1998
9993.319749832153,2022
9994.317054748535,2068
9995.314598083496,2036
9996.312379837036,2002
9997.30920791626,2096
9998.3069896698,2094
9999.303579330444,2126
10000.301599502563,2188
10001.298427581787,2192
10002.296209335327,2152
10003.29303741455,2134
10004.290580749512,2130
10005.28860092163,2098
10006.284952163696,2098
10007.282018661499,2098
10008.280515670776,2082
10009.27758216858,2122
10010.274887084961,2130
10011.271715164185,2110
10012.269496917725,2106
10013.266324996948,2108
10014.26386833191,2090
10015.261173248291,2094
10016.259670257568,2070
10017.256736755371,2030
10018.259286880493,2082
10019.25015449524,2078
10020.247459411621,2094
10021.245002746582,2082
10022.242784500122,2086
10023.240089416504,2098
10024.237394332886,2118
10025.234937667847,2166
10026.260375976562,2110
10027.256727218628,2064
10028.253555297852,2066
10029.253721237183,2066
10030.248165130615,2100
10031.246423721313,2094
10032.244205474854,2090
10033.241510391235,2112
10034.239768981934,2110
10035.234451293945,2106
10036.231517791748,2120
10037.241220474243,2140
10038.228750228882,2106
10039.226293563843,2082
10040.223121643066,2062
10041.220664978027,2070
10042.217493057251,2090
10043.214559555054,2102
10044.212579727173,2078
10045.210361480713,2022
10046.180009841919,2042
10047.20425605774,2100
10048.201322555542,2130
10050.167083740234,2138
10050.167083740234,2106
10052.189588546753,2122
10053.187847137451,2092
10053.187847137451,2104
10054.18586730957,2078
10055.182695388794,2046
10057.151556015015,2106
10057.151556015015,2106
10058.148384094238,2092
10059.144496917725,2140
10060.170888900757,2170
10061.168193817139,2168
10062.16549873352,2094
10063.166856765747,2086
10064.160823822021,2130
10065.158367156982,2098
10066.156148910522,2078
10067.124128341675,2094
10069.116592407227,2094
10069.116592407227,2126
10070.113897323608,2096
10072.108745574951,2110
10072.108745574951,2166
10073.143482208252,2170
10075.108766555786,2144
10075.108766555786,2134
10077.096939086914,2106
10078.09329032898,2084
10078.09329032898,2086
10080.086708068848,2062
10081.084251403809,2120
10081.084251403809,2112
10082.113027572632,2142
10084.077835083008,2134
10084.077835083008,2152
10086.071968078613,2136
10087.098598480225,2106
10088.096857070923,2090
10089.093208312988,2110
10090.090274810791,2122
10091.08829498291,2108
10092.057466506958,2130
10093.083143234253,2122
10094.079971313477,2096
10095.077276229858,2122
10096.095561981201,2106
10097.093105316162,2096
10098.077535629272,2138
10099.092721939087,2150
10100.095510482788,2122
10101.092338562012,2104
10102.07986831665,2118
10103.074312210083,2106
10104.073286056519,2042
10105.066776275635,2098
10106.066226959229,2082
10107.045412063599,2122
10108.06155204773,2104
10109.009742736816,2122
10110.059976577759,2136
10111.07087135315,2142
10112.032413482666,2138
10113.029718399048,2096
10114.026308059692,2098
10115.025281906128,2120
10116.021871566772,2166
10116.989850997925,2140
10118.016004562378,2134
10119.013786315918,2142
10120.010375976562,2174
10121.012926101685,2170
10122.010231018066,2194
10123.003244400024,2192
10124.000549316406,2158
10125.005960464478,2186
10125.969886779785,2138
10126.96385383606,2138
10127.960920333862,2142
10128.970384597778,2142
10129.970788955688,2170
10130.970239639282,2170
10131.969928741455,2194
10132.947206497192,2204
10133.944749832153,2186
10134.941577911377,2162
10135.939121246338,2130
10136.937141418457,2102
10137.93420791626,2130
10138.931274414062,2106
10139.928579330444,2142
10140.925884246826,2134
10141.923189163208,2126
10142.919063568115,2134
10143.946647644043,2170
10144.943952560425,2162
10145.941495895386,2186
10146.939754486084,2166
10147.908926010132,2188
10148.933172225952,2156
10149.930238723755,2102
10150.928020477295,2102
10151.929140090942,2130
10152.922630310059,2154
10153.920412063599,2138
10154.917240142822,2132
10155.914545059204,2136
10156.913042068481,2142
10157.910585403442,2140
10158.906936645508,2150
10159.90400314331,2122
10160.902500152588,2094
10161.89980506897,2184
10162.89758682251,2106
10163.893699645996,2126
10164.890766143799,2140
10165.88830947876,2136
10166.856288909912,2126
10167.884588241577,2104
10168.850183486938,2122
10169.883251190186,2148
10170.875787734985,2186
10171.841859817505,2142
10172.840118408203,2142
10173.836946487427,2142
10174.836874008179,2110
10175.833463668823,2122
10176.830768585205,2130
10177.828073501587,2130
10178.825378417969,2086
10179.821729660034,2142
10180.819034576416,2138
10181.816101074219,2126
10182.814121246338,2138
10183.81142616272,2154
10184.81421470642,2134
10185.805559158325,2126
10186.80191040039,2122
10187.801122665405,2130
10188.79771232605,2142
10189.79525566101,2126
10190.792560577393,2130
10191.790580749512,2140
10192.786693572998,2254
10193.784236907959,2138
10194.78154182434,2120
10195.778846740723,2150
10196.776866912842,2138
10197.773933410645,2142
10198.771238327026,2138
10199.76830482483,2130
10200.783491134644,2098
10201.763391494751,2130
10202.760457992554,2136
10203.802347183228,2138
10204.784154891968,2122
10205.780982971191,2122
10206.778526306152,2130
10207.74793624878,2096
10208.777904510498,2064
10209.770441055298,2078
10210.767269134521,2058
10211.764335632324,2064
10212.762117385864,2070
10213.758945465088,2090
10214.75625038147,2068
10215.753316879272,2078
10216.724395751953,2094
10217.748880386353,2098
10218.749046325684,2086
10219.716548919678,2128
10220.741033554077,2110
10221.736907958984,2066
10222.705602645874,2046
10223.702907562256,2026
10224.700212478638,2086
10225.69751739502,2106
10226.69506072998,2010
10227.692127227783,2038
10228.691101074219,2090
10229.687213897705,2094
10230.684041976929,2070
10231.68158531189,2070
10232.678890228271,2084
10233.677387237549,1998
10234.674215316772,1992
10235.671520233154,2042
10236.669540405273,2078
10237.666845321655,2046
10238.663911819458,2070
10239.660739898682,2126
10240.658521652222,2082
10241.655826568604,2102
10242.653369903564,2110
10243.650197982788,2078
10244.647979736328,2110
10245.64504623413,2072
10246.64282798767,2082
10247.640371322632,2082
10248.636960983276,2082
10249.634742736816,2122
10250.632047653198,2128
10251.629114151001,2098
10252.634525299072,2096
10253.623723983765,2098
10254.620790481567,2066
10255.618333816528,2118
10256.616115570068,2082
10257.61365890503,2064
10258.610725402832,2086
10259.607076644897,2070
10260.604858398438,2086
10261.60216331482,2096
10262.600183486938,2102
10263.603448867798,2072
10264.594554901123,2086
10265.592336654663,2102
10266.589641571045,2110
10267.586946487427,2070
10268.58377456665,2066
10269.580841064453,2042
10270.578622817993,2082
10271.575927734375,2036
10272.572994232178,2070
10273.57006072998,2086
10274.567604064941,2042
10275.56562423706,2032
10276.563167572021,2006
10277.560234069824,1994
10278.557538986206,1974
10279.55412864685,1966
10280.55191040039,1994
10281.549215316772,2006
10282.546281814575,1980
10283.544063568115,2020
10284.54065322876,2030
10285.538673400879,2002
10286.536455154419,2070
10287.533283233643,2086
10288.531064987183,2066
10289.527654647827,2026
10290.524959564209,2062
10291.522741317749,2102
10292.52028465271,2090
10293.516874313354,2058
10294.514656066895,2010
10295.511722564697,2012
10296.509981155396,2034
10297.507762908936,2026
10298.504114151001,2064
10299.500942230225,2070
10300.503492355347,2006
10301.496267318726,2024
10302.493333816528,2006
10303.490161895752,2002
10304.487466812134,1982
10305.485248565674,2002
10306.483268737793,1962
10307.480096817017,1990
10308.483839035034,1998
10309.47470664978,2030
10310.472011566162,2070
10311.47050857544,2086
10312.467336654663,2070
10313.464879989624,2094
10314.462900161743,2106
10315.459489822388,2066
10316.458940505981,2070
10317.45433807373,2058
10318.45211982727,2002
10319.448709487915,2014
10320.446014404297,2086
10321.4430809021,2082
10322.44062423706,2066
10323.437452316284,2084
10324.435234069824,2070
10325.432300567627,2024
10326.430559158325,2016
10327.426195144653,2010
10328.425407409668,2014
10329.42271232605,2002
10330.419778823853,2002
10331.417083740234,1998
10332.413673400879,2004
10333.411455154419,2014
10334.4087600708,2078
10335.406064987183,2060
10336.403369903564,2042
10337.401390075684,2026
10338.396549224854,2014
10339.398384094238,2046
10340.39282798767,2006
10341.390371322632,2002
10342.387914657593,2000
10343.385457992554,2014
10344.382286071777,1970
10345.380067825317,2022
10346.3773727417,2042
10347.374677658081,2026
10348.371267318726,2062
10349.368810653687,2006
10350.366592407227,2042
10351.363897323608,1964
10352.360963821411,1958
10353.358507156372,2002
10354.355812072754,1992
10355.352878570557,1956
10356.350183486938,1958
10357.348442077637,1958
10358.344793319702,2006
10359.371185302734,2032
10360.368251800537,2002
10361.365795135498,2026
10362.364053726196,2038
10363.361120223999,1998
10364.357709884644,1990
10365.35620689392,1982
10366.321563720703,1966
10367.318630218506,1978
10368.316411972046,1974
10369.343757629395,1980
10370.341539382935,2022
10371.309280395508,2042
10372.30658531189,2066
10373.303890228271,2014
10374.300241470337,1976
10375.297546386719,1994
10376.295328140259,1986
10377.301931381226,1982
10378.289699554443,1978
10379.286766052246,2030
10380.284309387207,1970
10381.281614303589,1970
10382.278680801392,2002
10383.276224136353,2086
10384.273290634155,2066
10385.270833969116,2028
10386.267900466919,1994
10387.266397476196,1998
10388.26322555542,2078
10389.290809631348,2042
10390.28787612915,2002
10391.255140304565,1944
10392.283201217651,1970
10393.280267715454,2022
10394.277811050415,2078
10395.275115966797,2078
10396.2721824646,2030
10397.242307662964,2000
10398.236751556396,1994
10399.264335632324,2008
10400.232553482056,2010
10401.229619979858,2006
10402.256965637207,1990
10403.223276138306,1992
10404.220581054688,2016
10405.223608016968,2024
10406.217336654663,2032
10407.214641571045,2008
10408.211708068848,2030
10409.209489822388,2026
10410.20679473877,2022
10411.202907562256,2010
10412.201642990112,2042
10413.198947906494,2014
10414.196252822876,2038
10415.22216796875,2002
10417.187452316284,2036
10417.187452316284,1994
10418.215990066528,2034
10420.180082321167,2086
10421.175479888916,2094
10422.17469215393,2078
10422.17469215393,1992
10423.200607299805,1996
10424.167156219482,1966
10427.161455154419,2014
10427.161455154419,1988
10428.156614303589,1964
10428.156614303589,1990
10429.15415763855,1994
10430.150985717773,2038
10431.147813796997,2030
10432.151794433594,1980
10433.145523071289,2006
10434.1402053833,2042
10435.138940811157,2004
10436.136484146118,1992
10438.136339187622,1970
10438.136339187622,1948
10439.156770706177,1988
10440.153121948242,1992
10441.12229347229,2008
10442.119836807251,2046
10443.116903305054,2034
10445.11079788208,2082
10445.11079788208,2066
10446.109771728516,2008
10448.104858398438,1990
10449.101209640503,1990
10450.097799301147,2002
10451.09510421753,1996
10452.092170715332,1970
10453.089952468872,2026
10454.087018966675,2006
10455.084085464478,1990
10456.08115196228,1998
10457.079410552979,2044
10458.076477050781,2090
10459.073543548584,1992
10460.070371627808,1972
10461.068630218506,2006
10462.067365646362,2026
10463.06586265564,2010
10464.091300964355,1998
10465.08812904358,2006
10466.058015823364,2006
10467.053413391113,2046
10468.049764633179,2032
10469.04706954956,2062
10470.04508972168,2106
10471.042394638062,2002
10472.038984298706,2042
10473.036766052246,2010
10474.034070968628,1982
10475.03137588501,1994
10476.028680801392,1992
10477.026224136353,1998
10478.0433177948,1992
10479.020595550537,1974
10480.017900466919,2038
10481.01544380188,2070
10482.012510299683,2060
10483.010053634644,2012
10484.007358551025,1946
10485.004663467407,1986
10486.00172996521,2038
10486.999988555908,1962
10487.997055053711,1934
10488.993644714355,1974
10489.991188049316,2004
10490.98825454712,2038
10491.98579788208,2022
10492.982864379883,2010
10493.979930877686,2066
10494.977474212646,1992
10495.974779129028,1976
10496.972560882568,1970
10497.97010421753,1966
10498.969316482544,1992
10499.966859817505,1968
10500.964164733887,1982
10501.96123123169,2002
10502.95877456665,2006
10503.956079483032,2014
10504.953384399414,1992
10505.950450897217,2002
10506.948232650757,2006
10507.945537567139,1986
10508.942604064941,1942
10509.939908981323,1946
10510.937213897705,1956
10511.934518814087,2070
10512.930154800415,2000
10513.927221298218,1962
10514.9245262146,1974
10515.923261642456,2000
10516.921520233154,2004
10517.916440963745,2014
10518.913984298706,1996
10519.941568374634,1998
10520.939111709595,1990
10521.94333076477,1994
10522.93348312378,1982
10523.931503295898,2004
10524.89972114563,1990
10525.89750289917,2000
10526.895523071289,2042
10527.892589569092,1970
10528.887748718262,2010
10529.885530471802,2044
10530.881881713867,2046
10531.879186630249,2002
10532.87649154663,2002
10533.878326416016,1966
10534.880638122559,2026
10535.868406295776,1970
10536.866188049316,1962
10537.863731384277,2000
10538.860559463501,2006
10539.857864379883,2038
10540.85636138916,2014
10541.852474212646,2066
10542.850017547607,2030
10544.844627380371,2066
10544.844627380371,1990
10545.842170715332,2000
10546.839475631714,2010
10547.840356826782,1998
10548.83599281311,2006
10549.833297729492,2002
10550.830125808716,2022
10551.827907562256,2078
10552.825450897217,2090
10553.822755813599,2082
10554.818153381348,2034
10555.81521987915,2012
10556.81300163269,2014
10557.824611663818,2026
10558.807373046875,1990
10559.804677963257,2022
10560.802221298218,2006
10561.7995262146,2014
10562.796831130981,2028
10563.794374465942,2022
10564.791440963745,2042
10565.788507461548,2030
10566.78581237793,2060
10567.78335571289,2062
10568.780660629272,2004
10569.777727127075,2002
10570.775270462036,2006
10571.77448272705,2030
10572.77774810791,2046
10573.767185211182,2042
10574.764966964722,2064
10575.762033462524,2042
10576.759338378906,2086
10577.75616645813,2102
10578.75370979309,2084
10579.769849777222,2010
10580.748558044434,2038
10581.745386123657,2046
10582.743167877197,2042
10583.74047279358,2062
10584.737539291382,2022
10585.735321044922,2032
10586.732625961304,2042
10587.729454040527,2066
10588.727951049805,2074
10589.725255966187,2078
10590.72232246399,2022
10591.724157333374,2010
10592.717170715332,2034
10593.713998794556,2062
10594.711780548096,2058
10595.709323883057,1998
10596.706628799438,2022
10597.703695297241,2030
10598.70195388794,2042
10599.698543548584,2034
10600.696086883545,2078
10601.69506072998,2122
10602.69021987915,2094
10603.687286376953,2042
10604.684829711914,2012
10605.69167137146,2034
10606.679916381836,2034
10607.67674446106,2086
10608.67428779602,1990
10609.671115875244,1974
10610.668659210205,2060
10611.666440963745,2088
10612.664222717285,2110
10613.661527633667,2022
10614.65835571289,2042
10615.656852722168,2010
10616.653203964233,2014
10617.650747299194,1996
10618.648290634155,1990
10619.646072387695,2062
10620.64242362976,2070
10621.639966964722,2078
10622.636795043945,2042
10623.637676239014,2094
10624.631881713867,2090
10625.630378723145,2090
10626.627206802368,2092
10627.623796463013,2086
10628.620862960815,2040
10629.617929458618,2070
10630.616188049316,2096
10631.613969802856,2102
10632.610082626343,2090
10633.608102798462,2096
10634.605169296265,2132
10635.601997375488,2128
10636.59954071045,2098
10637.597799301147,2110
10638.594627380371,2094
10639.59288597107,2066
10640.589952468872,2040
10643.581628799438,2074
10643.581628799438,2068
10643.581628799438,2106
10644.5791721344,2096
10645.576238632202,2078
10646.573066711426,2082
10647.571325302124,2094
10648.568153381348,2104
10649.565696716309,2108
10650.562286376953,2122
10651.559114456177,2072
10652.556419372559,2070
10653.55634689331,2068
10654.55412864685,2042
10655.551433563232,2042
10656.548738479614,2102
10657.546043395996,2102
10658.540725708008,2110
10659.53803062439,2116
10660.535097122192,2122
10661.532163619995,2142
10662.529706954956,2128
10663.527011871338,2078
10664.524793624878,2082
10665.52209854126,2088
10666.519165039062,2078
10667.517185211182,2082
10668.514490127563,2042
10669.511318206787,2082
10670.508861541748,2138
10671.50592803955,2082
10672.503471374512,2106
10673.500537872314,2086
10674.497842788696,2126
10675.495147705078,2126
10676.493406295776,2044
10677.49047279358,2026
10678.487300872803,2082
10679.484605789185,2078
10680.482625961304,2066
10681.479215621948,2126
10682.476997375488,2106
10683.473587036133,2154
10684.471607208252,2108
10685.468912124634,2128
10686.465740203857,2130
10687.463521957397,2128
10688.460350036621,2096
10689.457416534424,2098
10690.455198287964,2098
10691.452503204346,2122
10692.449569702148,2158
10693.44711303711,2110
10694.444417953491,2092
10695.441722869873,2106
10696.439266204834,2122
10697.436809539795,2130
10698.433876037598,2126
10699.43118095398,2118
10700.42872428894,2124
10701.426029205322,2094
10702.423095703125,2082
10703.420400619507,2110
10704.417943954468,2126
10705.41501045227,2134
10706.41279220581,2118
10707.410335540771,2156
10708.407402038574,2092
10709.404468536377,2100
10710.402250289917,2124
10711.39931678772,2124
10712.396383285522,2102
10713.393688201904,2066
10714.391231536865,2126
10715.388298034668,2128
10716.38560295105,2138
10717.383861541748,2078
10718.38092803955,2096
10719.377756118774,2142
10720.376968383789,2176
10721.373558044434,2110
10722.371101379395,2110
10723.367691040039,2158
10724.364280700684,2150
10725.362300872803,2130
10726.359367370605,2034
10727.3588180542,2094
10728.354215621948,2150
10729.352712631226,2168
10730.350017547607,2166
10731.34708404541,2142
10732.343673706055,2150
10733.340978622437,2138
10734.338283538818,2138
10735.33582687378,2118
10736.332178115845,2106
10737.329721450806,2102
10738.327026367188,2126
10739.324569702148,2104
10740.321636199951,2122
10741.318941116333,2166
10742.32029914856,2186
10743.314504623413,2142
10744.311809539795,2194
10745.309352874756,2156
10746.306657791138,2140
10747.304439544678,2162
10748.30174446106,2154
10749.298572540283,2134
10750.296354293823,2084
10751.293420791626,2122
10752.290487289429,2158
10753.28803062439,2170
10754.284858703613,2168
10755.282402038574,2162
10756.279945373535,2136
10757.277727127075,2158
10758.27407836914,2166
10759.270906448364,2164
10760.268449783325,2138
10761.265516281128,2138
10762.263059616089,2130
10763.260126113892,2130
10764.257669448853,2124
10765.254974365234,2138
10766.252279281616,2150
10767.250061035156,2166
10768.247365951538,2150
10769.24443244934,2162
10770.241737365723,2188
10771.239042282104,2200
10773.233890533447,2142
10773.233890533447,2118
10774.23119544983,2134
10775.228261947632,2118
10776.225566864014,2142
10777.223110198975,2130
10778.220653533936,2162
10779.21748161316,2166
10780.21502494812,2150
10781.212329864502,2154
10783.207178115845,2130
10783.207178115845,2162
10784.234762191772,2136
10785.202026367188,2124
10786.227703094482,2120
10787.227153778076,2134
10788.224697113037,2142
10789.193630218506,2138
10790.190935134888,2154
10791.187524795532,2150
10792.185068130493,2154
10793.182849884033,2190
10795.177221298218,2190
10795.177221298218,2186
10797.17230796814,2170
10798.169374465942,2142
10798.169374465942,2140
10800.164222717285,2142
10800.164222717285,2136
10801.161766052246,2186
10802.15835571289,2204
10804.151058197021,2186
10805.148601531982,2184
10806.145668029785,2142
10807.142972946167,2150
10808.140516281128,2166
10809.138059616089,2154
10810.134649276733,2134
10811.131954193115,2100
10812.129735946655,2126
10813.127040863037,2162
10813.127040863037,2170
10814.124345779419,2186
10815.121412277222,2142
10817.116737365723,2186
10817.116737365723,2166
10818.114042282104,2142
10820.109128952026,2142
10821.10595703125,2150
10822.103500366211,2134
10823.100566864014,2110
10824.097871780396,2134
10825.094938278198,2138
10826.092720031738,2172
10827.0902633667,2174
10828.08780670166,2152
10829.085111618042,2172
10830.082178115845,2230
10831.079483032227,2162
10832.07654953003,2150
10833.07671546936,2154
10834.074258804321,2148
10835.070848464966,2138
10836.065530776978,2094
10837.06283569336,2134
10838.060140609741,2156
10839.057207107544,2138
10840.054750442505,2162
10841.052055358887,2192
10842.04912185669,2198
10843.04666519165,2134
10844.044208526611,2138
10845.041751861572,2168
10846.038818359375,2162
10847.036600112915,2078
10848.033905029297,2096
10849.0309715271,2130
10850.029230117798,2166
10851.038694381714,2202
10852.023124694824,2174
10853.033781051636,2172
10854.017734527588,2212
10855.01503944397,2162
10856.01258277893,2162
10857.009887695312,2170
10858.007431030273,2142
10859.017848968506,2122
10860.001802444458,2142
10860.999345779419,2186
10861.996412277222,2150
10862.993955612183,2184
10863.991498947144,2166
10864.988565444946,2170
10865.988492965698,2142
10866.983413696289,2188
10867.98071861267,2198
10868.980407714844,2162
10869.977712631226,2160
10870.975255966187,2110
10871.973037719727,2134
10872.97010421753,2134
10873.967409133911,2200
10874.964475631714,2188
10875.962018966675,2140
10876.959085464478,2198
10877.956628799438,2198
10878.953695297241,2190
10879.951000213623,2142
10880.948305130005,2154
10881.943464279175,2170
10882.940530776978,2150
10883.93759727478,2134
10884.934663772583,2130
10885.932207107544,2162
10886.929988861084,2166
10887.927532196045,2194
10888.924598693848,2162
10889.92190361023,2170
10890.918970108032,2138
10891.916275024414,2154
10892.913579940796,2122
10893.918752670288,2098
10894.90795135498,2128
10895.906686782837,2150
10896.903038024902,2154
10897.900581359863,2134
10898.897409439087,2158
10899.89447593689,2158
10900.89201927185,2218
10901.889085769653,2210
10902.886629104614,2164
10903.8987159729,2118
10904.881000518799,2150
10905.87854385376,2190
10906.877040863037,2156
10907.87410736084,2118
10908.871173858643,2162
10909.868001937866,2154
10910.865545272827,2168
10911.86261177063,2198
10912.862300872803,2142
10913.864612579346,2142
10914.85595703125,2184
10915.852785110474,2158
10916.851282119751,2166
10917.848348617554,2118
10918.852090835571,2128
10919.842958450317,2128
10920.859336853027,2106
10921.837091445923,2156
10922.834634780884,2196
10923.832178115845,2170
10924.829483032227,2186
10925.82631111145,2212
10926.823854446411,2158
10927.820920944214,2170
10928.817987442017,2156
10929.81505393982,2154
10930.81259727478,2130
10931.819438934326,2122
10932.808637619019,2154
10933.8059425354,2150
10934.803009033203,2192
10935.800552368164,2226
10936.798095703125,2170
10937.795162200928,2198
10938.791990280151,2174
10939.789772033691,2162
10940.786838531494,2192
10941.784381866455,2136
10942.781448364258,2134
10943.778276443481,2118
10944.775104522705,2090
10945.772647857666,2130
10946.771621704102,2158
10947.767734527588,2134
10948.76503944397,2160
10949.762105941772,2154
10950.759649276733,2130
10951.756477355957,2142
10952.754020690918,2130
10953.75108718872,2110
10954.748392105103,2090
10955.745935440063,2102
10956.744194030762,2170
10957.741498947144,2144
10958.738327026367,2150
10959.734916687012,2186
10960.732221603394,2226
10961.729526519775,2214
10962.727069854736,2212
10963.726282119751,2154
10964.723825454712,2136
10965.74068069458,2182
10966.719388961792,2170
10967.716455459595,2154
10968.713760375977,2150
10969.710350036621,2166
10970.708131790161,2152
10971.705198287964,2198
10972.702741622925,2212
10973.699808120728,2154
10974.69711303711,2134
10975.694417953491,2128
10976.692199707031,2122
10977.689743041992,2106
10978.686571121216,2138
10979.683637619019,2078
10980.681419372559,2120
10981.67872428894,2090
10982.676029205322,2154
10983.673095703125,2170
10984.670639038086,2202
10985.667943954468,2174
10986.665487289429,2166
10987.66279220581,2144
10988.659858703613,2168
10989.655017852783,2200
10990.652561187744,2142
10991.649627685547,2138
10992.64669418335,2162
10993.643999099731,2214
10994.641304016113,2218
10995.638847351074,2166
10996.6561794281,2216
10997.633695602417,2166
10998.63052368164,2186
10999.628067016602,2126
11000.627756118774,2106
11001.622915267944,2154
11002.620220184326,2110
11003.617525100708,2102
11004.615068435669,2078
11005.61237335205,2126
11006.609916687012,2110
11007.60793685913,2106
11008.604288101196,2130
11009.601593017578,2190
11010.59865951538,2102
11011.596202850342,2078
11012.593507766724,2070
11013.590812683105,2082
11014.588356018066,2090
11015.585660934448,2094
11016.583442687988,2062
11017.581701278687,2118
11018.577575683594,2142
11019.574642181396,2150
11020.571947097778,2174
11021.574974060059,2128
11022.5670337677,2118
11023.564338684082,2110
11024.562120437622,2094
11025.559186935425,2158
11026.556968688965,2162
11027.554035186768,2152
11028.55134010315,2150
11029.548168182373,2150
11030.545711517334,2184
11031.543493270874,2258
11032.540321350098,2214
11033.538103103638,2200
11034.534931182861,2214
11035.532236099243,2162
11036.529779434204,2136
11037.527322769165,2122
11038.52391242981,2138
11039.52145576477,2150
11040.518760681152,2136
11041.516065597534,2130
11042.532682418823,2138
11043.510913848877,2186
11044.508218765259,2194
11045.50552368164,2158
11046.504259109497,2126
11047.500371932983,2126
11048.497438430786,2120
11049.494981765747,2130
11050.49204826355,2098
11051.48959159851,2098
11052.486419677734,2078
11053.484201431274,2062
11054.481267929077,2038
11055.478572845459,2060
11056.476593017578,2078
11057.478189468384,2078
11058.470964431763,2070
11059.468030929565,2034
11060.465335845947,2040
11061.46264076233,2078
11062.459945678711,2082
11063.457012176514,2122
11064.454555511475,2142
11065.451860427856,2170
11066.449403762817,2158
11067.447185516357,2170
11068.44449043274,2192
11069.441556930542,2166
11070.439100265503,2098
11071.436405181885,2062
11072.433471679688,2090
11073.431015014648,2070
11074.42831993103,2044
11075.425863265991,2020
11076.422929763794,1998
11077.420711517334,2034
11078.418731689453,2094
11079.415082931519,2066
11080.412149429321,2090
11081.409692764282,2084
11082.406997680664,2082
11083.412647247314,2066
11084.403276443481,1998
11085.416078567505,2084
11086.398363113403,2086
11087.395906448364,2042
11088.392496109009,2068
11089.390516281128,2134
11090.38782119751,2154
11091.384887695312,2158
11092.382431030273,2138
11093.379497528076,2130
11094.377040863037,2102
11095.37410736084,2082
11096.3716506958,2038
11097.36943244934,2030
11098.36721420288,2062
11099.364280700684,2072
11100.361585617065,2078
11101.356744766235,2034
11102.353811264038,2106
11103.35087776184,2106
11104.348421096802,2070
11105.345726013184,2082
11106.37354850769,2034
11107.340335845947,2026
11108.338117599487,2008
11109.33518409729,2042
11110.332250595093,2026
11111.330032348633,2030
11112.327337265015,2094
11113.324403762817,2126
11114.3217086792,2168
11115.318775177002,2202
11116.316080093384,2198
11117.316484451294,2174
11118.313312530518,2186
11119.31037902832,2152
11120.30816078186,2124
11121.305227279663,2118
11122.31159210205,2134
11124.298334121704,2126
11124.298334121704,2142
11125.294923782349,2122
11126.290082931519,2154
11127.286911010742,2122
11129.281282424927,2126
11129.281282424927,2196
11130.279064178467,2186
11131.276369094849,2110
11132.273197174072,2090
11133.270502090454,2106
11134.268283843994,2094
11135.265588760376,2100
11136.262893676758,2090
11137.260437011719,2112
11138.257503509521,2130
11139.255046844482,2158
11140.251874923706,2172
11141.249895095825,2130
11142.246723175049,2070
11143.24402809143,2072
11145.238876342773,2082
11146.235942840576,2000
11146.235942840576,2008
11147.233724594116,2026
11148.231029510498,2064
11149.2280960083,2122
11151.223182678223,2098
11152.220010757446,2094
11152.220010757446,2124
11153.217792510986,2188
11154.215097427368,2142
11155.21216392517,2096
11156.209468841553,2062
11157.207012176514,2078
11158.204078674316,2086
11159.201383590698,2082
11160.19868850708,2098
11161.196231842041,2058
11162.193536758423,2118
11163.190841674805,2138
11164.188385009766,2122
11165.185689926147,2096
11166.18299484253,2070
11167.180299758911,2094
11168.178081512451,2070
11169.175148010254,2122
11170.172214508057,2122
11171.16928100586,2142
11172.16682434082,2156
11173.164129257202,2150
11175.159215927124,2182
11175.159215927124,2176
11177.156686782837,2130
11178.153276443481,2148
11179.1512966156,2194
11180.148124694824,2222
11181.144952774048,2142
11182.14225769043,2142
11183.139324188232,2122
11184.137344360352,2128
11185.134410858154,2170
11186.131954193115,2158
11187.129497528076,2134
11188.126564025879,2110
11189.12386894226,2152
11190.1216506958,2184
11190.1216506958,2154
11191.116094589233,2100
11192.113399505615,2062
11193.111181259155,2074
11194.108247756958,2094
11195.10555267334,2070
11196.102857589722,2062
11198.097467422485,2090
11198.097467422485,2092
11200.092315673828,2154
11201.08938217163,2162
11202.086687088013,2160
11203.084707260132,2170
11204.081535339355,2160
11205.079078674316,2152
11206.076383590698,2134
11207.074165344238,2102
11208.070993423462,2094
11209.068298339844,2130
11210.065603256226,2154
11211.062908172607,2184
11212.060451507568,2166
11213.057518005371,2126
11214.055061340332,2128
11215.052366256714,2138
11216.049671173096,2164
11217.046976089478,2106
11218.04428100586,2092
11219.041585922241,2122
11220.038890838623,2160
11221.036672592163,2160
11222.033977508545,2126
11223.031044006348,2142
11224.02834892273,2128
11225.025653839111,2104
11226.023197174072,2122
11227.020263671875,2098
11228.017807006836,2098
11229.015111923218,2046
11230.01217842102,2042
11231.009721755981,2122
11232.007026672363,2062
11233.004331588745,2070
11234.001636505127,2118
11234.998941421509,2138
11235.99648475647,2154
11236.99402809143,2102
11237.993955612183,2106
11238.988637924194,2138
11239.987850189209,2110
11240.983486175537,2098
11241.982460021973,2102
11242.980003356934,2130
11243.978500366211,2062
11244.974136352539,2106
11245.9716796875,2138
11246.96946144104,2162
11247.966289520264,2084
11248.963356018066,2090
11249.96042251587,2162
11250.958681106567,2102
11251.95574760437,2096
11252.968311309814,2026
11253.948211669922,2082
11254.945516586304,2026
11255.943059921265,2090
11256.940364837646,2124
11257.938146591187,2106
11258.93521308899,2198
11259.932041168213,2234
11260.929584503174,2226
11261.926889419556,2194
11262.924194335938,2254
11263.92149925232,2218
11264.918804168701,2174
11265.916347503662,2128
11266.913414001465,2088
11267.910718917847,2078
11268.911123275757,2070
11269.906044006348,2086
11270.90311050415,2078
11271.900177001953,2046
11272.897720336914,2078
11273.895025253296,2092
11274.892568588257,2110
11275.89201927185,2106
11276.88717842102,2098
11277.884483337402,2066
11278.883934020996,2066
11279.88076210022,2110
11280.878782272339,2122
11281.875610351562,2150
11282.870769500732,2126
11283.8716506958,2090
11284.868001937866,2126
11285.86483001709,2138
11286.860466003418,2112
11287.8577709198,2126
11288.857460021973,2106
11289.854288101196,2078
11290.849447250366,2102
11291.849136352539,2086
11292.8466796875,2122
11293.843269348145,2106
11294.841289520264,2090
11295.838117599487,2128
11296.835660934448,2154
11297.83320426941,2122
11298.828601837158,2130
11299.825429916382,2186
11300.822973251343,2122
11301.820516586304,2036
11302.817344665527,2064
11303.814888000488,2040
11304.81219291687,1994
11305.809497833252,1980
11306.806802749634,2022
11307.804107666016,2002
11308.801651000977,1966
11309.79871749878,1976
11310.796022415161,2066
11311.793565750122,2078
11312.791109085083,2046
11313.787937164307,2086
11314.786195755005,2152
11315.783023834229,2170
11316.78032875061,2194
11317.777633666992,2262
11318.775653839111,2260
11319.772005081177,2268
11320.769548416138,2246
11321.76685333252,2170
11322.764158248901,2192
11323.761463165283,2102
11324.759006500244,2014
11325.756549835205,1960
11326.753616333008,1904
11327.751159667969,1912
11328.74870300293,1970
11329.746007919312,2072
11330.743074417114,2110
11331.740140914917,2198
11332.738161087036,2354
11333.73498916626,2278
11334.732055664062,2266
11335.730075836182,2238
11336.727142333984,2266
11337.724447250366,2246
11338.721990585327,2194
11339.71905708313,2170
11340.71683883667,2192
11341.713666915894,2200
11342.710971832275,2190
11343.708515167236,2156
11344.706058502197,2126
11345.703601837158,2122
11346.700668334961,2094
11347.697973251343,2038
11348.695039749146,2026
11349.692583084106,1942
11350.68964958191,1946
11351.686477661133,1990
11352.684736251831,1930
11353.681564331055,1990
11354.679107666016,2002
11355.676174163818,2030
11356.673955917358,2040
11357.671022415161,2060
11358.668327331543,2072
11359.665632247925,2072
11360.663414001465,2086
11361.660480499268,2086
11362.65778541565,2098
11363.65532875061,2082
11364.652156829834,2118
11365.649700164795,2088
11366.647243499756,2118
11367.644786834717,2098
11368.64185333252,2014
11369.638919830322,1960
11370.636224746704,1906
11371.633529663086,1948
11372.630596160889,1962
11373.62790107727,2014
11374.625444412231,2102
11375.622749328613,2196
11376.620292663574,2224
11377.618074417114,2272
11378.615379333496,2338
11379.61220741272,2296
11380.609273910522,2294
11381.607055664062,2262
11382.604122161865,2218
11383.602857589722,2166
11384.600400924683,2106
11385.597705841064,2098
11386.59381866455,2086
11387.590885162354,2082
11388.589859008789,2104
11389.58764076233,2110
11390.584707260132,2082
11391.581773757935,2094
11392.577648162842,2062
11393.574714660645,2058
11394.572019577026,2062
11395.569562911987,2106
11396.584749221802,2106
11397.564172744751,2124
11398.561477661133,2126
11399.558782577515,2170
11400.556087493896,2128
11401.553392410278,2130
11402.55069732666,2150
11403.548002243042,2106
11404.545307159424,2066
11405.542850494385,1992
11406.540155410767,1962
11407.537698745728,1898
11408.536434173584,1960
11409.533023834229,1944
11410.53032875061,1974
11411.527395248413,1978
11412.525177001953,2032
11413.522243499756,2088
11414.519548416138,2070
11415.517091751099,2110
11416.514158248901,2142
11417.511940002441,2192
11418.509721755981,2158
11419.506311416626,2142
11420.503854751587,2130
11421.50092124939,2160
11422.498941421509,2158
11423.49648475647,2142
11424.493551254272,2166
11425.491094589233,2254
11426.488399505615,2256
11427.485466003418,2170
11428.483247756958,2118
11429.48055267334,2062
11430.477857589722,2008
11431.475400924683,1994
11432.472467422485,1938
11433.470726013184,1962
11434.468269348145,1930
11435.465574264526,1950
11436.462879180908,1956
11437.46042251587,1982
11438.45534324646,2038
11439.452171325684,2110
11440.448999404907,2162
11441.446304321289,2166
11442.44360923767,2172
11443.440914154053,2142
11444.457054138184,2170
11445.435762405396,2106
11446.433544158936,2038
11447.437286376953,2008
11448.441982269287,2010
11449.425220489502,2026
11450.422286987305,2042
11451.419830322266,2046
11452.421188354492,2094
11453.41444015503,2082
11454.412460327148,2134
11455.40976524353,2102
11456.406831741333,2094
11457.406282424927,2130
11458.401679992676,2142
11459.398984909058,2110
11460.39628982544,2106
11461.39931678772,2066
11462.390899658203,2122
11463.388204574585,2106
11464.385509490967,2028
11465.383052825928,1966
11466.38011932373,1956
11467.377662658691,1978
11468.375444412231,1974
11469.391345977783,2014
11470.369577407837,2066
11471.369743347168,2090
11472.364664077759,2110
11473.361730575562,2166
11474.361181259155,2222
11475.358009338379,2250
11476.356506347656,2220
11477.351188659668,2222
11478.348731994629,2226
11479.348421096802,2220
11480.343103408813,2218
11481.339693069458,2266
11482.340335845947,2238
11483.33716392517,2234
11485.329389572144,2200
11485.329389572144,2206
11486.326456069946,2206
11487.323999404907,2188
11488.321781158447,2226
11489.31884765625,2230
11490.316390991211,2216
11491.313457489014,2142
11492.310523986816,2126
11493.308067321777,2118
11494.305610656738,2026
11495.302438735962,1948
11496.300220489502,1842
11498.294591903687,1830
11498.294591903687,1904
11499.291896820068,1946
11500.289678573608,2014
11501.28698348999,2078
11502.284049987793,2096
11503.281593322754,2086
11504.279136657715,2122
11505.275964736938,2142
11506.27326965332,2108
11507.27105140686,2030
11508.268117904663,1974
11509.265422821045,1958
11510.262727737427,1966
11511.260509490967,1998
11512.257814407349,2034
11513.258218765259,2008
11514.252185821533,2038
11515.249252319336,2092
11516.246795654297,2078
11518.241167068481,2078
11518.241167068481,2066
11519.240856170654,2062
11520.238161087036,2030
11521.235227584839,2026
11522.232294082642,2036
11523.229837417603,2038
11524.227142333984,2062
11525.224447250366,2084
11526.221990585327,2100
11528.216361999512,1998
11528.216361999512,2014
11529.214143753052,2078
11530.211210250854,2126
11531.208515167236,2106
11532.205820083618,2046
11533.20336341858,2090
11534.200429916382,2154
11535.197734832764,2238
11536.195039749146,2230
11537.191152572632,2194
11538.188457489014,2184
11539.18719291687,2214
11540.184497833252,2142
11541.181802749634,2066
11542.178869247437,2066
11543.176651000977,2042
11544.17371749878,2070
11546.167135238647,1988
11547.167778015137,1938
11547.167778015137,1910
11548.16222190857,1910
11550.156593322754,1944
11550.156593322754,1904
11551.153898239136,1906
11552.15072631836,1906
11553.14826965332,1994
11554.145097732544,2030
11556.139945983887,2070
11557.137727737427,2014
11558.13455581665,1990
11558.13455581665,2014
11559.132099151611,2014
11560.129404067993,2022
11562.135219573975,2006
11563.13443183899,1968
11564.1188621521,1982
11565.115928649902,1946
11566.113471984863,1950
11567.111492156982,1968
11568.108558654785,1946
11569.106101989746,1946
11570.103168487549,1940
11571.10047340393,1942
11572.097539901733,1998
11573.099851608276,1960
11574.092864990234,1970
11575.089931488037,1918
11576.087236404419,1914
11577.0845413208,1944
11578.082084655762,1966
11579.079627990723,1990
11580.076217651367,2018
11581.073760986328,2000
11582.070589065552,2042
11583.067655563354,2094
11584.066390991211,2030
11585.062980651855,2042
11586.060047149658,2102
11587.057828903198,2096
11588.055849075317,2030
11589.053869247437,2014
11590.051412582397,2058
11591.048240661621,2124
11592.045068740845,2130
11593.04141998291,2072
11594.038724899292,2046
11595.035791397095,2098
11596.033096313477,2132
11597.03016281128,2070
11598.02794456482,2032
11599.025011062622,2014
11600.022792816162,2022
11601.020336151123,1970
11602.017164230347,2006
11603.014469146729,2006
11604.01177406311,1998
11605.009078979492,2014
11606.006383895874,2004
11607.004404067993,2070
11608.002662658691,2010
11608.999729156494,2002
11609.996557235718,2082
11610.9938621521,2108
11611.991167068481,2004
11612.988471984863,1974
11613.985776901245,1994
11614.986419677734,2026
11615.994215011597,1988
11616.97769165039,2010
11617.97547340393,2026
11618.972063064575,2066
11619.969367980957,2058
11620.96643447876,2046
11621.9642162323,2042
11622.961282730103,2030
11623.958587646484,1990
11624.955415725708,1930
11625.953197479248,1934
11626.95050239563,1970
11627.947568893433,1974
11628.945350646973,2010
11629.942417144775,1898
11630.939483642578,1966
11631.937026977539,2006
11632.93433189392,2014
11633.931398391724,2016
11634.928703308105,1942
11635.926246643066,1990
11636.923789978027,2014
11637.92085647583,2038
11638.918399810791,1978
11639.916181564331,2034
11640.913009643555,2042
11641.910076141357,2070
11642.90738105774,2094
11643.9049243927,2078
11644.90270614624,2068
11645.899534225464,2066
11646.897077560425,2002
11647.894620895386,1974
11648.89144897461,1962
11649.888753890991,1960
11650.886297225952,1972
11651.883602142334,2030
11652.880668640137,1974
11653.878211975098,1976
11654.87551689148,1982
11655.874252319336,1996
11656.871318817139,2006
11657.8688621521,2006
11658.865928649902,2010
11659.862518310547,2002
11660.860061645508,2002
11661.85712814331,1994
11662.854671478271,1946
11663.851976394653,1974
11664.849281311035,1974
11665.846824645996,1972
11666.845560073853,1966
11667.842149734497,1966
11668.83897781372,1994
11669.836044311523,1990
11670.834064483643,1972
11671.831846237183,1902
11672.828674316406,1946
11673.825979232788,1940
11674.82328414917,1942
11675.820589065552,1936
11676.817893981934,1992
11677.816152572632,2036
11678.812503814697,2024
11679.80980873108,2034
11680.807113647461,2030
11681.804895401001,2034
11682.801961898804,2024
11683.799743652344,2036
11684.797048568726,1986
11685.794115066528,2006
11686.790943145752,2034
11687.788009643555,2016
11688.785076141357,2000
11689.79549407959,2004
11690.779447555542,2062
11691.776752471924,2022
11692.774534225464,2002
11693.771600723267,1990
11694.768905639648,1962
11695.76644897461,1982
11696.763753890991,1942
11697.761058807373,1918
11698.758125305176,1982
11699.755668640137,2014
11700.752973556519,1998
11701.75313949585,1978
11702.749967575073,2026
11703.747749328613,2008
11704.744577407837,1970
11705.742120742798,1982
11706.7391872406,2000
11707.737445831299,1898
11708.734273910522,1914
11709.730863571167,1934
11710.728645324707,1918
11711.72571182251,1942
11712.723016738892,1962
11713.720083236694,1946
11714.717864990234,1938
11715.714931488037,1934
11716.725587844849,1938
11717.710018157959,1962
11718.735933303833,1966
11719.735622406006,1978
11720.730304718018,1974
11721.72737121582,1974
11722.724676132202,2026
11723.721981048584,2038
11724.719762802124,2042
11725.717306137085,2042
11726.714611053467,2032
11727.711915969849,2072
11728.708982467651,2046
11729.706764221191,2014
11730.704307556152,2016
11731.701135635376,2010
11732.72681236267,1972
11733.666896820068,1978
11734.66420173645,1918
11735.66198348999,1962
11736.659288406372,1974
11737.656593322754,1992
11738.653421401978,1970
11739.650964736938,1978
11740.6485080719,1994
11741.645336151123,2006
11742.642879486084,2020
11743.640422821045,1942
11744.637489318848,1898
11745.635271072388,1888
11746.632814407349,1934
11747.63035774231,1880
11748.626947402954,1910
11749.653339385986,1938
11750.64992904663,1898
11751.647472381592,1940
11752.64573097229,1958
11753.642559051514,1990
11754.640817642212,2014
11755.637645721436,1994
11756.63423538208,1972
11757.603883743286,1976
11758.599042892456,1990
11759.626865386963,2026
11760.629177093506,2096
11761.621475219727,1970
11762.61854171753,1966
11763.620615005493,1966
11764.612674713135,1936
11765.57993888855,1934
11766.579389572144,1896
11767.575025558472,1904
11768.601655960083,1882
11769.598007202148,1854
11770.566463470459,1902
11771.56400680542,1934
11772.56155014038,1940
11773.558616638184,1978
11774.555921554565,2006
11775.553703308105,2010
11776.551008224487,2014
11777.54807472229,2094
11778.545141220093,2098
11779.542922973633,2062
11780.542373657227,2014
11781.539916992188,2038
11782.53698348999,2070
11783.534526824951,2038
11784.531831741333,2060
11785.529136657715,2034
11786.526203155518,2010
11787.5235080719,1970
11788.52105140686,1970
11789.518356323242,1974
11790.515899658203,1976
11791.512966156006,1966
11792.510271072388,1960
11793.50757598877,1938
11794.50511932373,1942
11795.528888702393,1934
11796.499490737915,1886
11797.523498535156,1902
11798.521757125854,1850
11799.518346786499,1938
11800.4891872406,1938
11801.484823226929,1942
11802.483558654785,1968
11803.481101989746,2030
11804.478406906128,2008
11805.475950241089,1978
11806.473016738892,1974
11807.470321655273,2010
11808.468103408813,2034
11809.465408325195,2030
11810.462236404419,2000
11811.45977973938,1974
11812.456846237183,1990
11813.453912734985,1962
11814.450740814209,1946
11815.475702285767,1944
11816.446304321289,1906
11817.44360923767,1914
11818.441152572632,1912
11819.438457489014,1958
11820.435762405396,1994
11821.433544158936,1970
11822.429180145264,1998
11823.428392410278,1966
11824.424743652344,1978
11825.422525405884,1982
11826.419830322266,1958
11827.414751052856,1918
11828.412055969238,1912
11829.411268234253,1914
11830.408573150635,1934
11831.405639648438,1954
11832.404136657715,1934
11833.408117294312,2002
11834.39826965332,2066
11835.395574569702,2026
11836.392879486084,2032
11837.390899658203,1968
11838.414907455444,1992
11839.383602142334,1970
11840.38257598877,2008
11841.379642486572,1994
11842.40460395813,1972
11843.40214729309,1968
11844.399213790894,1982
11845.396280288696,2006
11846.36402130127,1986
11847.391366958618,1944
11848.38843345642,1878
11849.385261535645,1960
11850.355386734009,1974
11851.3503074646,1918
11852.348804473877,1914
11853.347301483154,1910
11854.34341430664,1966
11855.341911315918,1966
11856.338024139404,1990
11857.347249984741,1992
11858.363628387451,2024
11859.358787536621,2022
11860.355854034424,1958
11861.353635787964,1902
11862.350702285767,1894
11863.32082748413,1904
11864.317893981934,1894
11865.315198898315,1882
11866.312742233276,1870
11867.318868637085,1866
11868.306159973145,1894
11869.303226470947,1906
11870.300769805908,1932
11871.297597885132,1894
11872.296810150146,1870
11873.292922973633,1874
11874.289989471436,1904
11875.29706954956,1920
11876.290321350098,1914
11877.282619476318,1914
11878.2799243927,1874
11879.276275634766,1948
11880.274534225464,1962
11881.272077560425,1918
11882.269382476807,1996
11883.266687393188,1958
11884.26399230957,1962
11885.26201248169,1958
11886.260271072388,1930
11887.256860733032,1942
11888.254404067993,1918
11889.251947402954,1930
11890.249013900757,1934
11891.246318817139,1958
11892.2438621521,1938
11893.26786994934,1962
11894.265413284302,1968
11895.262718200684,1978
11896.232843399048,1958
11897.257328033447,1964
11898.25415611267,1956
11899.251937866211,1974
11900.249481201172,1962
11901.246309280396,1958
11902.243614196777,1962
11903.24068069458,1958
11904.210329055786,1944
11905.235528945923,2010
11906.233072280884,2010
11907.233476638794,1974
11908.227682113647,1978
11909.225225448608,1970
11910.22253036499,1962
11911.226749420166,1950
11912.216663360596,1962
11913.214206695557,1964
11914.185285568237,1966
11915.18235206604,1974
11916.179656982422,1958
11917.176961898804,1938
11918.174266815186,1992
11919.171571731567,1988
11920.16887664795,1974
11921.16641998291,1946
11922.163486480713,1978
11923.161029815674,1962
11924.158334732056,1948
11925.155878067017,1930
11926.15270614624,1934
11927.15072631836,1936
11928.147554397583,1930
11929.144859313965,1964
11930.142402648926,2002
11931.139707565308,1994
11932.13701248169,2008
11933.161973953247,1960
11934.159517288208,1998
11936.12551689148,1958
11936.12551689148,1916
11937.122344970703,1976
11938.11845779419,1960
11939.11600112915,1944
11940.14310836792,1944
11941.139698028564,2000
11942.137479782104,2014
11943.134784698486,2024
11944.13137435913,1974
11946.099281311035,1996
11947.123765945435,1966
11948.152542114258,1946
11948.152542114258,1936
11950.08659362793,1938
11951.112747192383,1914
11952.110528945923,1908
11953.108310699463,1962
11954.105138778687,1968
11955.10220527649,1978
11956.099510192871,1978
11957.096815109253,1974
11958.094358444214,1970
11959.091901779175,1974
11960.059881210327,1992
11961.05694770813,1966
11962.05449104309,1970
11963.051557540894,1978
11964.075803756714,1966
11965.076446533203,1958
11966.075658798218,1998
11967.087030410767,1990
11968.086957931519,1966
11969.088792800903,1978
11970.061302185059,1980
11971.066236495972,1942
11972.050189971924,1914
11973.06513786316,1970
11974.04956817627,1966
11975.049495697021,1938
11976.048707962036,1914
11977.043628692627,1944
11978.041172027588,1942
11979.03823852539,1938
11980.035305023193,1966
11981.036901473999,1950
11982.002258300781,1966
11982.999086380005,1930
11983.997106552124,1938
11984.994411468506,1954
11985.991477966309,1948
11986.989974975586,1944
11987.986087799072,1936
11988.983631134033,1948
11989.980220794678,1942
11990.994930267334,1978
11991.994142532349,1994
11992.972135543823,1996
11993.969202041626,1958
11994.966506958008,1958
11995.970249176025,1918
11996.961116790771,1956
11997.957944869995,1946
11998.955249786377,1910
11999.952554702759,1954
12000.94985961914,1982
12001.947164535522,1956
12002.944707870483,1974
12003.942012786865,1958
12004.939079284668,1960
12005.936622619629,1934
12006.93416595459,1906
12007.931232452393,1898
12008.928537368774,1910
12009.926080703735,1918
12010.923385620117,1932
12011.932611465454,1898
12012.91799545288,1906
12013.915300369263,1966
12014.912605285645,1946
12015.910148620605,1966
12016.907930374146,1958
12017.904996871948,1958
12018.902063369751,1910
12019.899368286133,1914
12020.896673202515,1914
12021.894216537476,1914
12022.891283035278,1930
12023.88882637024,1914
12024.886131286621,1946
12025.883197784424,1942
12026.881217956543,1970
12027.878761291504,1998
12028.875827789307,1946
12029.87289428711,1962
12030.880451202393,1998
12031.867265701294,1932
12032.864570617676,1970
12033.862113952637,1958
12034.859418869019,1958
12035.8567237854,1974
12036.854028701782,1946
12037.851572036743,1958
12038.848638534546,1970
12039.845943450928,1982
12040.84324836731,1998
12041.849374771118,1986
12042.838096618652,1960
12043.835163116455,1942
12044.832706451416,1950
12045.830011367798,1954
12046.827554702759,1960
12047.824621200562,1942
12048.822164535522,1958
12049.819231033325,1990
12050.816535949707,2038
12051.814317703247,1998
12052.81138420105,2008
12053.808689117432,1998
12054.805755615234,2006
12055.803298950195,1936
12056.800842285156,1946
12057.801246643066,1990
12058.825254440308,1962
12059.823989868164,1970
12060.8229637146,1986
12061.816692352295,1978
12062.812566757202,1938
12063.812732696533,1982
12064.807653427124,2024
12065.832614898682,1994
12066.774606704712,1942
12067.800998687744,1950
12068.806171417236,1978
12069.795846939087,1942
12070.794105529785,1946
12071.791172027588,1912
12072.78847694397,1958
12073.807954788208,1970
12074.782848358154,2000
12075.779676437378,1978
12076.779127120972,1974
12077.775001525879,1946
12078.771829605103,1972
12079.768896102905,1914
12080.765724182129,1920
12081.763982772827,1978
12082.761764526367,1996
12083.731174468994,1950
12084.755897521973,1978
12085.752725601196,1996
12086.72308921814,1982
12087.751626968384,2010
12088.715553283691,2006
12089.713096618652,1972
12090.710401535034,1980
12091.722011566162,1990
12092.718124389648,1966
12093.702554702759,1954
12094.699621200562,1918
12095.697164535522,1938
12096.70376777649,1958
12097.691774368286,1942
12098.689079284668,1942
12099.68614578247,1918
12100.68416595459,1946
12101.681470870972,1990
12102.678537368774,1916
12103.678703308105,1902
12104.67505455017,1882
12105.672597885132,1936
12106.669902801514,1946
12107.666969299316,1942
12108.664751052856,1914
12109.66181755066,1970
12110.659122467041,1998
12111.656427383423,1970
12112.653732299805,1994
12113.651037216187,1978
12114.64810371399,1994
12115.645408630371,1962
12116.641521453857,1946
12117.63858795166,1914
12118.637561798096,1964
12119.662523269653,1950
12120.659351348877,1950
12121.65641784668,1920
12122.65396118164,1962
12123.65174293518,2006
12124.648809432983,1994
12125.646591186523,1936
12126.643896102905,1902
12127.61402130127,1940
12128.63826751709,1908
12129.639625549316,1942
12130.63359260559,1876
12131.63137435913,1962
12132.628679275513,1970
12133.595705032349,1936
12134.630918502808,1982
12135.592699050903,1994
12136.590242385864,2034
12137.587308883667,2004
12138.58413696289,1974
12139.581203460693,1960
12140.578269958496,1914
12141.576051712036,1950
12142.573833465576,1970
12143.5706615448,1996
12144.567966461182,1930
12145.565032958984,1934
12146.563053131104,1938
12147.561073303223,2002
12148.557662963867,2030
12149.55449104309,1956
12150.551795959473,1942
12151.549100875854,1900
12152.546167373657,1958
12153.543710708618,1934
12154.54125404358,1934
12155.538558959961,1914
12156.53681755066,1914
12157.53436088562,1958
12158.531188964844,1950
12159.528017044067,2010
12160.52532196045,2002
12161.522626876831,1986
12162.519931793213,1944
12163.517236709595,1910
12164.515018463135,1970
12165.512800216675,1936
12166.508197784424,1970
12167.505502700806,1914
12168.502807617188,1904
12169.52919960022,1940
12170.497417449951,1972
12171.525001525879,1936
12172.522068023682,1990
12173.52032661438,1970
12174.517154693604,1938
12175.485849380493,1914
12176.511764526367,1906
12177.481412887573,1906
12178.506135940552,1930
12179.503440856934,1958
12180.470943450928,1946
12181.467771530151,1944
12182.465314865112,1910
12183.462142944336,2026
12184.459686279297,2006
12185.457229614258,2010
12186.45429611206,1998
12187.452554702759,1930
12188.448905944824,1936
12189.446210861206,1996
12190.443754196167,1972
12191.441059112549,1936
12192.438125610352,1970
12193.435430526733,2006
12195.430994033813,2022
12195.430994033813,1958
12196.458578109741,1974
12197.425603866577,2006
12198.450326919556,2014
12199.450492858887,1942
12200.46591758728,1882
12201.444864273071,1898
12202.440977096558,1962
12203.409194946289,1962
12204.408645629883,1918
12205.405235290527,1918
12206.403493881226,1934
12207.400560379028,1976
12208.401679992676,1974
12209.394693374634,1962
12210.391998291016,1962
12211.390018463135,1958
12212.386846542358,1894
12213.383913040161,1894
12214.381217956543,1914
12215.378761291504,1942
12216.375827789307,1978
12217.371940612793,1968
12218.369483947754,1944
12219.36845779419,1958
12220.365285873413,1974
12221.363067626953,1994
12222.360134124756,1988
12223.357439041138,1914
12224.35474395752,1934
12225.352048873901,1974
12226.36103630066,1934
12227.34546661377,1938
12228.342294692993,1974
12229.339361190796,1976
12230.336904525757,1998
12231.334209442139,1990
12232.33151435852,2012
12233.328819274902,2046
12234.326601028442,2036
12235.323429107666,1974
12236.321210861206,1994
12237.318277359009,1972
12238.31558227539,1990
12239.312648773193,1990
12240.310192108154,2026
12241.315603256226,2016
12242.305278778076,2014
12243.302583694458,2014
12244.29965019226,2072
12245.296955108643,2030
12246.294498443604,1970
12247.291803359985,1998
12248.289108276367,1974
12249.28617477417,1994
12250.28371810913,1970
12251.281023025513,1970
12252.278327941895,1998
12253.275394439697,2000
12254.272937774658,1994
12255.27048110962,1970
12256.27064704895,1970
12257.267475128174,2004
12258.26382637024,1994
12259.259939193726,1994
12260.258436203003,1946
12261.255979537964,1938
12262.282371520996,1942
12263.249158859253,1968
12264.246463775635,1966
12265.244722366333,1962
12266.270399093628,1990
12267.23837852478,1934
12268.236875534058,1936
12269.262313842773,1934
12270.264625549316,1958
12271.25859260559,1976
12272.255897521973,1918
12273.22244644165,1950
12274.219512939453,1946
12275.216817855835,1938
12276.214361190796,1914
12277.211666107178,1962
12278.208494186401,1998
12279.206037521362,1962
12280.203342437744,1934
12281.200647354126,2026
12282.197952270508,1982
12283.19525718689,1978
12284.192562103271,1900
12285.189867019653,1878
12286.187171936035,1906
12287.184715270996,1934
12288.182020187378,1906
12289.179801940918,1910
12290.176630020142,1942
12291.173934936523,1966
12292.171239852905,1934
12293.168783187866,1910
12294.166088104248,1944
12295.16315460205,1934
12296.160697937012,1906
12297.158241271973,1898
12298.155307769775,1894
12300.150156021118,1914
12300.150156021118,1962
12301.14722251892,1966
12302.144527435303,1962
12304.153442382812,1974
12305.166721343994,1968
12305.166721343994,1968
12306.134462356567,1936
12307.131290435791,1946
12308.128833770752,1980
12309.125900268555,1882
12310.123443603516,1878
12311.120748519897,1992
12312.11805343628,1974
12313.115358352661,1990
12314.112901687622,1978
12315.110206604004,1966
12317.104816436768,1954
12318.10212135315,1902
12319.130420684814,1932
12319.130420684814,1958
12320.127248764038,1920
12321.128845214844,1882
12323.119640350342,1874
12324.086666107178,1886
12325.08397102356,1950
12326.11107826233,1886
12327.080488204956,1906
12328.0770778656,1910
12329.103231430054,1944
12330.070495605469,1944
12331.083059310913,1938
12332.066059112549,1898
12333.06360244751,1874
12334.060907363892,1870
12335.057258605957,1904
12336.05408668518,1836
12337.051630020142,1898
12338.048934936523,1908
12339.046239852905,1946
12340.043306350708,1916
12341.04061126709,1874
12342.03815460205,1880
12343.035459518433,1898
12344.053030014038,1934
12345.030307769775,1898
12346.027612686157,1902
12347.024917602539,1850
12348.021984100342,1860
12349.019765853882,1900
12350.016593933105,1908
12351.014137268066,1878
12352.011680603027,1904
12353.00874710083,1906
12354.006052017212,1918
12355.003595352173,1956
12356.000900268555,1934
12356.998443603516,1854
12357.995510101318,1866
12358.9928150177,1846
12359.990119934082,1878
12360.987424850464,1878
12361.984491348267,1862
12362.982273101807,1898
12363.97933959961,1894
12364.976644515991,1898
12365.97466468811,1878
12366.971969604492,1878
12367.969036102295,1854
12368.966341018677,1854
12369.96340751648,1870
12370.960712432861,1870
12371.958017349243,1874
12372.955560684204,1870
12373.952627182007,1886
12374.950170516968,1910
12375.94723701477,1882
12376.94501876831,1910
12377.942085266113,1910
12378.939151763916,1894
12379.936695098877,1906
12380.934238433838,1874
12381.93130493164,1884
12382.928609848022,1868
12383.925914764404,1854
12384.923458099365,1906
12385.920524597168,1936
12386.918306350708,1902
12387.91561126709,1874
12388.912677764893,1882
12389.909982681274,1862
12390.907287597656,1866
12391.904592514038,1830
12392.90189743042,1846
12393.89944076538,1866
12394.896745681763,1818
12395.893812179565,1854
12396.892070770264,1874
12397.889137268066,1878
12398.88620376587,1854
12399.883270263672,1862
12400.880813598633,1886
12401.878118515015,1846
12402.875185012817,1878
12403.8724899292,1880
12404.87003326416,1854
12405.867338180542,1846
12406.864643096924,1830
12407.862186431885,1840
12408.859252929688,1850
12409.85655784607,1914
12410.853862762451,1886
12411.851167678833,1854
12412.849187850952,1878
12413.846015930176,1842
12414.843797683716,1822
12415.841102600098,1810
12416.8381690979,1830
12417.835712432861,1814
12418.833017349243,1830
12419.830083847046,1810
12420.827388763428,1856
12421.82469367981,1852
12422.82223701477,1868
12423.819303512573,1918
12424.817085266113,1894
12425.814151763916,1866
12426.811695098877,1876
12427.809476852417,1848
12428.80630493164,1894
12429.803371429443,1854
12430.800676345825,1854
12431.798219680786,1830
12432.795763015747,1834
12433.79282951355,1894
12434.789896011353,1904
12435.787200927734,1878
12436.784744262695,1854
12437.782049179077,1870
12438.77911567688,1838
12439.77665901184,1814
12440.773725509644,1822
12441.771268844604,1822
12442.769289016724,1818
12443.766355514526,1790
12444.763898849487,1766
12445.761442184448,1854
12446.759462356567,1866
12447.755813598633,1840
12448.752880096436,1820
12449.750185012817,1830
12450.747966766357,1846
12451.744794845581,1846
12452.742338180542,1834
12453.739643096924,1802
12454.736948013306,1818
12455.734729766846,1836
12456.732988357544,1854
12457.729578018188,1868
12458.726644515991,1874
12459.723711013794,1898
12460.721492767334,1884
12461.718797683716,1866
12462.716102600098,1820
12463.712930679321,1848
12464.710235595703,1878
12465.708017349243,1806
12466.715812683105,1818
12467.703104019165,1784
12468.699932098389,1808
12469.696760177612,1874
12470.694541931152,1874
12471.692085266113,1838
12472.688913345337,1850
12473.686456680298,1838
12474.684000015259,1834
12475.682020187378,1872
12476.678371429443,1880
12477.675914764404,1830
12478.673458099365,1862
12479.67004776001,1870
12480.66782951355,1854
12481.66561126709,1854
12482.662677764893,1866
12483.660459518433,1936
12484.657526016235,1906
12485.655069351196,1864
12486.655473709106,1846
12487.64944076538,1850
12488.646984100342,1884
12489.644050598145,1896
12490.641355514526,1868
12491.63842201233,1886
12492.63620376587,1878
12493.667840957642,1886
12494.659900665283,1910
12495.656490325928,1930
12496.654510498047,1878
12497.62487411499,1874
12498.648405075073,1886
12499.646186828613,1896
12500.643730163574,1876
12501.613140106201,1850
12502.640008926392,1864
12503.636598587036,1838
12504.604578018188,1874
12505.60188293457,1916
12506.601333618164,1910
12507.598400115967,1898
12508.595705032349,1870
12509.592294692993,1902
12510.589838027954,1866
12511.587142944336,1874
12512.584447860718,1862
12513.581037521362,1878
12514.579057693481,1884
12515.576601028442,1866
12516.572713851929,1876
12517.569065093994,1864
12518.574237823486,1894
12519.565343856812,1938
12520.56074142456,1932
12521.558046340942,1830
12522.555112838745,1842
12523.552656173706,1866
12524.553775787354,1854
12525.547504425049,1842
12526.54480934143,1802
12527.542352676392,1852
12528.539180755615,1842
12529.536485671997,1870
12530.534029006958,1930
12531.53109550476,1902
12532.528638839722,1894
12533.53214263916,1874
12534.523248672485,1850
12535.520792007446,1870
12536.553382873535,1886
12537.515640258789,1882
12538.512706756592,1894
12539.540529251099,1870
12540.542840957642,1886
12541.507959365845,1882
12542.505264282227,1906
12543.50233078003,1934
12544.498920440674,1914
12545.497179031372,1874
12546.494245529175,1914
12547.492027282715,1898
12548.489093780518,1898
12549.4863986969,1886
12550.483703613281,1886
12551.480770111084,1882
12552.475929260254,1900
12553.475379943848,1902
12554.47268486023,1930
12555.469989776611,1966
12556.467533111572,1932
12557.464361190796,1886
12558.461666107178,1870
12559.458017349243,1918
12560.456037521362,1910
12561.453580856323,1910
12562.451362609863,1910
12563.448429107666,1910
12564.444541931152,1910
12565.443515777588,1916
12566.438913345337,1880
12567.439794540405,1958
12568.434000015259,1942
12569.43130493164,1914
12570.428609848022,1934
12571.425914764404,1938
12572.423458099365,1914
12573.421239852905,1898
12574.418306350708,1902
12575.416088104248,1910
12576.412677764893,1898
12577.409505844116,1910
12578.40633392334,1966
12579.405069351196,1946
12580.40189743042,1978
12581.399202346802,1990
12582.396984100342,1898
12583.394289016724,1886
12584.392309188843,1906
12585.389137268066,1978
12586.399793624878,1958
12587.382555007935,1938
12588.38176727295,1914
12589.378356933594,1950
12590.375661849976,1970
12591.373205184937,1938
12592.370748519897,1926
12593.368768692017,1910
12594.365119934082,1938
12595.362901687622,1914
12596.359729766846,1904
12597.356081008911,1882
12598.353385925293,1894
12599.353313446045,1918
12600.348949432373,1914
12601.347208023071,1932
12602.34522819519,1936
12603.341341018677,1938
12604.366302490234,1942
12605.364084243774,1910
12606.33373260498,1902
12607.330560684204,1894
12608.329057693481,1902
12609.324932098389,1946
12610.321044921875,1904
12611.319541931152,1934
12612.31780052185,1936
12613.315105438232,1978
12614.313125610352,1994
12615.309953689575,1996
12616.307258605957,2000
12617.304563522339,1974
12618.319272994995,2066
12619.29988861084,1992
12620.295763015747,1998
12621.294021606445,1946
12622.291326522827,1982
12623.287677764893,1978
12624.286651611328,1958
12625.283002853394,1934
12626.281023025513,1960
12627.278327941895,1978
12628.273248672485,1994
12629.270076751709,1932
12630.267143249512,1908
12631.264686584473,1902
12632.261753082275,1910
12633.277416229248,1888
12634.256839752197,1904
12635.25390625,1890
12636.25192642212,1942
12637.248754501343,1902
12638.246297836304,1936
12639.243125915527,1978
12640.24043083191,1992
12641.237735748291,1978
12642.235279083252,1940
12643.232583999634,1948
12644.230604171753,2014
12645.227670669556,2000
12646.22449874878,1956
12647.22204208374,2010
12648.219585418701,1994
12650.213956832886,2062
12650.213956832886,2010
12651.211261749268,2058
12652.208805084229,2064
12653.205871582031,2040
12654.203414916992,1980
12655.200958251953,2006
12656.198024749756,1980
12657.195568084717,1908
12658.19263458252,1950
12659.19017791748,2002
12660.187721252441,1974
12661.184549331665,1934
12662.181854248047,1930
12663.179397583008,1976
12664.17670249939,2002
12665.174007415771,2008
12667.169332504272,1946
12668.166399002075,1964
12668.166399002075,2006
12669.163703918457,2014
12670.16077041626,2022
12671.158075332642,2030
12672.155141830444,2026
12673.152685165405,2016
12675.147294998169,2040
12675.147294998169,2096
12676.14483833313,2062
12677.14238166809,2006
12679.136514663696,2012
12679.136514663696,1992
12680.134057998657,1972
12682.12866783142,1984
12683.125734329224,2012
12683.125734329224,2010
12684.123516082764,2030
12686.117887496948,2012
12687.115907669067,2008
12688.11297416687,2022
12689.110040664673,2034
12690.107107162476,2062
12691.104650497437,2014
12692.103862762451,2006
12693.100929260254,1972
12694.098472595215,2010
12695.095777511597,2030
12696.0928440094,2030
12697.09038734436,2024
12698.087215423584,1990
12699.084997177124,1994
12700.082302093506,2012
12701.085329055786,2030
12702.085494995117,2056
12703.09042930603,1984
12704.070091247559,1946
12705.085515975952,1968
12706.084251403809,1986
12707.062721252441,1988
12708.059549331665,2002
12709.063291549683,2002
12710.054159164429,2014
12711.050987243652,2028
12712.053537368774,2070
12713.048219680786,2040
12714.049100875854,2016
12715.049028396606,2024
12716.049432754517,1970
12717.035293579102,1970
12718.032836914062,1940
12719.029903411865,1964
12720.027208328247,2002
12721.024513244629,2006
12722.025156021118,2002
12723.021507263184,2010
12724.019050598145,2006
12725.016593933105,2026
12726.01342201233,2008
12727.009296417236,1996
12728.006601333618,2006
12729.005813598633,2006
12730.003118515015,2008
12731.000423431396,2008
12731.9974899292,2022
12732.994794845581,2074
12733.994483947754,2038
12734.99584197998,2078
12735.996007919312,2068
12736.984252929688,2098
12737.981796264648,2122
12738.998651504517,2042
12739.995956420898,2030
12740.992784500122,2030
12741.970539093018,2042
12742.96760559082,2046
12743.96538734436,2062
12744.962453842163,2044
12745.959758758545,2070
12746.958017349243,2082
12747.954845428467,2042
12748.95167350769,2070
12749.948978424072,2094
12750.946998596191,2082
12751.943826675415,2062
12752.941131591797,2034
12753.936767578125,2028
12754.93574142456,2044
12755.933046340942,2040
12756.929159164429,2062
12757.925987243652,2088
12758.923292160034,2042
12759.922981262207,2070
12760.92004776001,2122
12761.917352676392,2090
12762.914419174194,2098
12763.911962509155,2070
12764.909744262695,2086
12765.906572341919,2064
12766.904354095459,2000
12767.921447753906,2006
12768.89944076538,2022
12769.895315170288,2058
12770.893812179565,2070
12771.891117095947,2070
12772.88842201233,2030
12773.88596534729,2046
12774.883270263672,2030
12775.880575180054,2042
12776.878118515015,1994
12777.875185012817,1974
12778.8724899292,1990
12779.87003326416,1994
12780.867338180542,2024
12781.864643096924,2024
12782.861948013306,2082
12783.887386322021,1982
12784.88302230835,2042
12785.881757736206,2040
12786.879062652588,2046
12787.848472595215,2034
12788.872718811035,2010
12789.870500564575,2026
12790.868520736694,2022
12791.836738586426,2032
12792.862176895142,2038
12793.859481811523,2082
12794.829368591309,2096
12795.82667350769,2022
12796.82445526123,2014
12797.820806503296,2030
12798.817873001099,2020
12799.81517791748,1994
12800.812482833862,2008
12801.809787750244,1938
12802.807092666626,1990
12803.804874420166,1974
12804.802179336548,2016
12805.79948425293,2040
12806.79702758789,2000
12807.79480934143,2038
12808.792352676392,2032
12809.788942337036,1962
12810.787200927734,2014
12811.784267425537,2006
12812.781810760498,1974
12813.779592514038,2002
12814.77665901184,1978
12815.77205657959,2010
12816.76959991455,2034
12817.766427993774,2058
12818.763971328735,2034
12819.761037826538,2070
12820.758581161499,2032
12821.755647659302,2022
12822.752952575684,2024
12823.750257492065,2006
12824.747323989868,2000
12825.74462890625,1966
12826.74241065979,1970
12827.739477157593,2014
12828.736543655396,2078
12829.73599433899,2084
12830.731630325317,2088
12831.72869682312,2098
12832.725763320923,2090
12833.723306655884,2142
12834.720611572266,2130
12835.717678070068,2030
12836.715459823608,2044
12837.732791900635,2022
12838.709831237793,1990
12839.707136154175,2002
12840.704679489136,2002
12841.701745986938,1982
12842.6992893219,1998
12843.69683265686,2006
12844.6946144104,2006
12845.694303512573,2014
12846.691370010376,2024
12847.688674926758,1970
12848.685026168823,1980
12849.682569503784,2014
12850.679874420166,1988
12851.67670249939,1978
12852.67424583435,1994
12853.671550750732,2070
12854.668617248535,2082
12855.666160583496,2068
12856.663942337036,2046
12857.66077041626,2014
12858.658075332642,1998
12859.655618667603,1990
12860.652923583984,1974
12861.650466918945,1918
12862.648010253906,1940
12863.64459991455,1974
12864.641904830933,1994
12865.639209747314,2010
12866.636991500854,2002
12867.634773254395,2028
12868.631839752197,1994
12869.630098342896,2006
12870.627164840698,1998
12871.62446975708,2014
12872.621536254883,2006
12873.619079589844,1996
12874.616384506226,2000
12875.613927841187,1990
12876.611948013306,2030
12877.60853767395,2028
12878.605365753174,2026
12879.601955413818,2010
12880.599975585938,2026
12881.596803665161,2030
12882.594108581543,2002
12883.592128753662,2042
12884.58800315857,1994
12885.586977005005,1944
12886.585235595703,1944
12887.581825256348,2002
12888.578653335571,2006
12889.575004577637,2006
12890.573024749756,1990
12891.570091247559,2036
12892.56739616394,2030
12893.564224243164,1968
12894.562244415283,1974
12895.559549331665,1966
12896.556854248047,1974
12897.565126419067,1962
12898.55170249939,1934
12899.548292160034,1950
12900.546073913574,2008
12901.542901992798,2032
12902.540683746338,1998
12903.537511825562,1990
12904.535293579102,2010
12905.533075332642,2034
12906.530857086182,2002
12907.527446746826,2002
12908.523321151733,1966
12909.52205657959,1970
12910.518884658813,1978
12911.516189575195,2000
12912.513732910156,1974
12913.511037826538,2024
12914.508581161499,2034
12915.506362915039,2026
12916.50414466858,1976
12917.50192642212,1962
12918.49660873413,1958
12919.49462890625,1938
12920.493125915527,1950
12921.489715576172,1916
12922.487020492554,1966
12923.48599433899,1988
12924.482345581055,1998
12925.479650497437,1994
12926.477432250977,1994
12927.476406097412,2014
12928.471565246582,2022
12929.468393325806,1990
12930.465698242188,1990
12931.46300315857,2014
12932.461500167847,1978
12933.459520339966,2002
12934.456586837769,1978
12935.45413017273,1970
12936.45191192627,1986
12937.448501586914,1992
12938.445806503296,2006
12939.443349838257,2088
12940.44041633606,1966
12941.436529159546,1954
12942.433595657349,1982
12943.43090057373,1948
12944.42892074585,1908
12945.425748825073,1914
12946.423053741455,1966
12947.42202758789,1990
12948.419332504272,2042
12949.416637420654,1994
12950.412511825562,2002
12951.410055160522,2026
12952.407121658325,2036
12953.404426574707,2066
12954.402446746826,1960
12955.399513244629,1994
12956.39681816101,2006
12957.395792007446,2022
12958.393335342407,2030
12959.39040184021,1988
12960.387229919434,1994
12961.384534835815,2006
12962.382078170776,2090
12963.379383087158,2040
12964.376449584961,2004
12965.373754501343,1938
12966.371059417725,1978
12967.366695404053,1962
12968.366384506226,1958
12969.361305236816,1994
12970.357894897461,2006
12971.354961395264,1990
12972.352266311646,1960
12973.349809646606,1978
12974.347114562988,2030
12975.344181060791,2070
12976.34220123291,2002
12977.339506149292,1958
12978.336572647095,1990
12979.333639144897,2002
12980.36003112793,1978
12981.359481811523,1970
12982.354879379272,1936
12983.35886001587,1982
12984.352111816406,2002
12985.34870147705,1994
12986.315965652466,1998
12987.343072891235,2002
12988.340616226196,2006
12989.338636398315,1966
12990.335941314697,1940
12991.339921951294,1946
12992.300987243652,1948
12993.327140808105,1966
12994.324207305908,1958
12995.32175064087,1938
12996.320009231567,1954
12997.316837310791,1978
12998.313188552856,2042
12999.310970306396,2034
13000.27847290039,1998
13002.284288406372,1994
13002.284288406372,1978
13003.271341323853,1994
13004.268646240234,1966
13005.265712738037,1990
13006.263971328735,1966
13007.261276245117,1946
13008.25810432434,1974
13009.255170822144,2026
13010.25390625,2024
13011.25168800354,1998
13012.248992919922,2008
13013.246297836304,1978
13014.243364334106,1992
13015.241146087646,1990
13016.236066818237,1990
13017.232894897461,2004
13018.26024055481,1974
13019.227743148804,1966
13020.224571228027,1978
13021.22163772583,2002
13022.219181060791,2030
13023.216485977173,2022
13024.213790893555,2010
13025.211334228516,1974
13026.208639144897,1956
13027.206182479858,1958
13028.203248977661,1906
13029.200553894043,1998
13030.197858810425,1966
13031.19945526123,1958
13032.22393989563,1930
13033.220529556274,1968
13034.225225448608,2014
13035.215854644775,2014
13036.18311882019,1934
13037.21022605896,1904
13038.207054138184,1894
13039.204359054565,1950
13040.201187133789,1914
13041.204452514648,1902
13042.197704315186,1944
13043.193578720093,1934
13044.191837310791,1966
13045.189619064331,1914
13046.185970306396,1966
13047.155618667603,1954
13048.151969909668,1938
13050.146579742432,1946
13050.146579742432,1908
13051.172256469727,1946
13052.169561386108,1842
13053.16686630249,1866
13054.16488647461,1874
13055.161952972412,1918
13057.12890625,1894
13058.124542236328,1958
13058.124542236328,1970
13059.15093421936,1970
13060.148239135742,1970
13062.143087387085,1954
13062.143087387085,1970
13063.140392303467,1938
13064.137697219849,1974
13065.138101577759,1974
13067.100048065186,1970
13068.09687614441,1946
13069.124460220337,1974
13070.12152671814,2006
13071.1190700531,2004
13072.11685180664,2022
13073.11463356018,1950
13074.111223220825,1974
13075.078248977661,1990
13076.105833053589,1934
13077.073097229004,1946
13078.070402145386,1974
13079.07748222351,2002
13080.07788658142,1980
13081.061601638794,1984
13082.062482833862,2014
13083.058834075928,2024
13084.056615829468,1996
13085.053205490112,1978
13086.050987243652,1958
13087.048053741455,1986
13088.045120239258,1958
13089.04242515564,1958
13090.039730072021,1910
13091.037511825562,1970
13092.034339904785,1990
13093.060731887817,1974
13094.05493736267,1940
13095.027208328247,1976
13096.024513244629,1992
13097.022294998169,2002
13098.018169403076,1978
13099.015474319458,1918
13100.01254081726,1914
13101.01056098938,1930
13102.007389068604,1974
13103.004455566406,1944
13104.002714157104,1942
13104.999303817749,1938
13105.996370315552,2000
13106.994152069092,2036
13107.990264892578,1996
13108.99019241333,1946
13109.987258911133,1962
13110.984563827515,1990
13111.980199813843,1978
13112.977743148804,1978
13113.974809646606,1990
13114.972591400146,2032
13115.969181060791,2042
13116.966724395752,2078
13117.964029312134,2078
13118.96300315857,2110
13119.959354400635,2152
13120.956420898438,2070
13121.953964233398,2096
13122.950553894043,2060
13123.948812484741,2002
13124.945163726807,1958
13125.942707061768,1962
13126.939535140991,1970
13127.937316894531,1980
13128.934144973755,2014
13129.931688308716,2012
13130.928754806519,2046
13131.937265396118,2098
13132.923364639282,2094
13133.920907974243,2110
13134.918212890625,2034
13135.915517807007,2062
13136.913299560547,2064
13137.91298866272,2034
13138.910055160522,2010
13139.907121658325,1980
13140.904188156128,2002
13141.901969909668,2022
13142.89903640747,2006
13143.895864486694,2006
13144.893407821655,2022
13145.890712738037,2034
13146.888732910156,2062
13147.897481918335,2038
13148.88310432434,1972
13149.880170822144,2070
13150.877714157104,2082
13151.875257492065,2090
13152.900218963623,2098
13153.897285461426,2070
13154.89387512207,2108
13155.89189529419,2110
13156.888723373413,2110
13157.859325408936,2090
13158.856391906738,2012
13159.882068634033,2016
13160.87818145752,2082
13161.876201629639,2086
13162.874221801758,2118
13163.869857788086,2078
13164.86930847168,2094
13165.866374969482,2098
13166.83292388916,2118
13167.83094406128,2124
13168.828248977661,2198
13169.826984405518,2158
13170.822381973267,2130
13171.821355819702,2134
13172.847509384155,2162
13173.843383789062,2190
13174.840450286865,2204
13175.81057548523,2142
13176.836729049683,2174
13177.834749221802,2196
13178.831338882446,2214
13179.827451705933,2200
13180.795669555664,2170
13181.794166564941,2202
13182.79218673706,2182
13183.7899684906,2138
13184.787034988403,2084
13185.784339904785,2142
13186.782121658325,2230
13187.778234481812,2246
13188.776016235352,2230
13189.772844314575,2232
13190.770149230957,2234
13191.769123077393,2290
13192.765712738037,2234
13193.763017654419,2254
13194.76056098938,2194
13195.757865905762,2158
13196.754932403564,2160
13197.750806808472,2186
13198.747873306274,2168
13199.745655059814,2186
13200.742959976196,2122
13201.740741729736,2186
13202.73756980896,2194
13203.734636306763,2166
13204.731702804565,2204
13205.728769302368,2186
13206.726551055908,2134
13207.72385597229,2160
13208.720684051514,2126
13209.717512130737,2118
13210.715055465698,2158
13211.712121963501,2126
13212.709665298462,2126
13213.710308074951,2132
13214.706420898438,2110
13215.703964233398,2158
13216.701745986938,2130
13217.699766159058,2118
13218.696355819702,2110
13219.692945480347,2118
13220.690250396729,2086
13221.68755531311,2094
13222.685098648071,2122
13223.682403564453,2154
13224.679946899414,2120
13225.677490234375,2108
13226.674795150757,2170
13227.672576904297,2158
13228.667497634888,2186
13229.664325714111,2168
13230.661630630493,2144
13231.659173965454,2126
13232.656478881836,2084
13233.653783798218,2098
13234.651327133179,2112
13235.64863204956,2090
13236.645936965942,2062
13237.643718719482,2042
13238.640785217285,2026
13239.637613296509,2006
13240.63515663147,2026
13241.63269996643,2062
13242.629766464233,2044
13243.628978729248,2042
13244.625806808472,1990
13245.623111724854,1970
13246.621131896973,1998
13247.61962890625,2024
13248.615264892578,2040
13249.61256980896,2022
13250.609636306763,1986
13251.608848571777,1978
13252.605438232422,2070
13253.602981567383,2058
13254.600286483765,2014
13255.595684051514,1912
13256.592988967896,1978
13257.590293884277,2014
13258.58736038208,1970
13259.587049484253,1986
13260.58292388916,1960
13261.582136154175,1982
13262.578964233398,1962
13263.576030731201,1958
13264.573574066162,2010
13265.570402145386,2010
13266.568899154663,1954
13267.565727233887,1918
13268.563032150269,1944
13269.56033706665,1946
13270.557880401611,1964
13271.555185317993,1950
13272.552490234375,1942
13273.549556732178,1994
13274.547100067139,1974
13275.54440498352,1970
13276.54218673706,1970
13277.539730072021,1998
13278.536558151245,1994
13279.533624649048,1914
13280.529737472534,1930
13281.527042388916,1946
13282.524585723877,1938
13283.522129058838,1966
13284.51919555664,1898
13285.516262054443,1938
13286.514282226562,1910
13287.511348724365,1912
13288.509130477905,1964
13289.505958557129,1994
13290.502548217773,1914
13291.499614715576,1914
13292.4964427948,1880
13293.493747711182,1870
13294.491291046143,1904
13295.488595962524,1894
13296.485900878906,1870
13297.483444213867,1918
13298.48051071167,1890
13299.477577209473,1872
13300.475120544434,1894
13301.472663879395,1852
13302.469730377197,1870
13303.46703529358,1866
13304.46457862854,1882
13305.464267730713,1846
13306.461572647095,1830
13307.458639144897,1872
13308.454275131226,1938
13309.45348739624,1914
13310.450315475464,1892
13311.447620391846,1882
13312.44444847107,1916
13313.44223022461,1978
13314.439535140991,1936
13315.436840057373,1908
13316.434860229492,1904
13317.432880401611,1882
13318.430185317993,1874
13319.426536560059,1886
13320.421934127808,1882
13321.41900062561,1898
13322.416305541992,1914
13323.413610458374,1906
13324.411153793335,1912
13325.408458709717,1906
13326.405763626099,1894
13327.403545379639,1850
13328.400611877441,1860
13329.397678375244,1854
13330.394983291626,1870
13331.392288208008,1910
13332.389831542969,1896
13333.388566970825,1884
13334.384202957153,1906
13335.410118103027,1898
13336.409330368042,1882
13337.405443191528,1878
13338.40274810791,1898
13339.40076828003,1898
13340.398788452148,1830
13341.395378112793,1778
13342.392921447754,1818
13343.390703201294,1862
13344.388008117676,1902
13345.385789871216,1874
13346.38261795044,1850
13347.352504730225,1806
13348.377466201782,1802
13349.374294281006,1882
13350.376605987549,1874
13351.341724395752,1834
13352.338075637817,1806
13353.3353805542,1838
13354.332447052002,1866
13355.330228805542,1854
13356.327295303345,1866
13357.324600219727,1898
13358.321905136108,1906
13359.31944847107,1934
13360.316514968872,1912
13361.314058303833,1918
13362.311363220215,1898
13363.308906555176,1894
13364.305973052979,1862
13365.30327796936,1914
13366.300582885742,1846
13367.326021194458,1870
13368.32332611084,1970
13369.328498840332,1962
13370.317935943604,1976
13371.315240859985,1882
13372.312545776367,1916
13373.310804367065,1894
13374.307632446289,1914
13375.30541419983,1886
13376.302003860474,1846
13377.272605895996,1838
13378.296375274658,1842
13379.29391860962,1902
13380.291223526001,1904
13381.289005279541,1942
13382.286787033081,1930
13383.283615112305,1938
13384.281158447266,1958
13385.279417037964,1966
13386.246919631958,1942
13387.245655059814,1934
13388.276815414429,1930
13389.268159866333,1936
13390.264511108398,1916
13391.262531280518,1958
13392.259359359741,1994
13393.256425857544,1994
13394.2551612854,2022
13395.25580406189,2000
13396.251678466797,1970
13397.246360778809,1966
13398.243188858032,1946
13399.240493774414,1962
13400.237798690796,1894
13401.240110397339,1910
13402.23240852356,1878
13403.22995185852,1906
13404.228687286377,1930
13405.224084854126,1930
13406.227827072144,1910
13407.19223022461,1886
13408.22434425354,1918
13409.214496612549,1902
13410.210847854614,1950
13411.208629608154,1938
13412.205934524536,1900
13413.203001022339,1898
13414.201498031616,1870
13415.19808769226,1902
13416.194677352905,1930
13417.19913482666,1936
13418.190002441406,1950
13419.187307357788,1942
13420.18461227417,1962
13421.181678771973,1902
13422.179222106934,1928
13423.176527023315,1886
13424.173831939697,1906
13425.171613693237,1918
13426.16868019104,1894
13427.136898040771,1898
13428.162813186646,1914
13429.160356521606,1990
13430.157661437988,2012
13431.15496635437,1990
13432.15274810791,2006
13433.149576187134,2014
13434.146881103516,2022
13435.143947601318,2014
13436.143398284912,1956
13437.140703201294,1944
13438.138246536255,1958
13439.13459777832,1992
13440.13524055481,1998
13441.128253936768,2000
13443.095922470093,1982
13443.095922470093,1938
13444.120407104492,1928
13445.11890411377,1936
13447.112083435059,1938
13448.110103607178,1938
13449.10717010498,1892
13450.075149536133,1896
13451.102018356323,1904
13452.104091644287,1870
13453.096628189087,1946
13454.093933105469,1912
13455.09123802185,1902
13456.088542938232,1914
13457.087278366089,1874
13458.083629608154,1866
13459.080696105957,1874
13460.078001022339,1902
13461.07530593872,1906
13462.072610855103,1886
13463.069677352905,1870
13464.067220687866,1930
13465.06404876709,1944
13466.062068939209,1938
13467.059135437012,2002
13468.056917190552,1974
13469.053983688354,1946
13470.051527023315,1936
13471.048593521118,1936
13472.04613685608,1978
13473.04368019104,1998
13474.012851715088,1894
13475.014925003052,1898
13476.03464126587,1950
13477.005958557129,1882
13478.029727935791,1906
13479.027271270752,1910
13480.027675628662,1938
13481.021881103516,1966
13482.019424438477,1918
13483.022212982178,1888
13484.01427268982,1954
13485.011339187622,1888
13486.008882522583,1880
13487.005949020386,1862
13488.004207611084,1850
13489.001035690308,1902
13489.997863769531,1946
13490.995168685913,1942
13491.992712020874,1954
13492.994546890259,1918
13493.987321853638,1914
13494.98462677002,1894
13495.981931686401,1886
13496.980667114258,1932
13497.976303100586,1912
13498.973608016968,1876
13499.971389770508,1908
13500.967979431152,1874
13501.969337463379,1920
13502.963304519653,1904
13503.960371017456,1912
13504.956483840942,1910
13505.953550338745,1918
13506.95276260376,1912
13507.948398590088,1878
13508.945941925049,1896
13509.943008422852,1874
13510.945320129395,1894
13511.938333511353,1878
13512.93659210205,1930
13513.933420181274,1946
13514.92977142334,1950
13515.927076339722,1982
13516.925811767578,1968
13517.922401428223,1914
13518.922567367554,1882
13519.917249679565,1912
13520.886182785034,1944
13521.911144256592,1948
13522.908687591553,1874
13523.907899856567,1882
13524.903297424316,1894
13525.900602340698,1910
13526.872396469116,1912
13527.8959274292,1934
13528.895139694214,1916
13529.889345169067,1978
13530.888080596924,1962
13531.88681602478,1934
13532.886028289795,1954
13533.881902694702,1930
13534.87753868103,1940
13535.874366760254,1936
13536.845207214355,1906
13537.869930267334,1982
13538.866758346558,1994
13539.864778518677,1986
13540.8616065979,1958
13541.831254959106,1910
13542.859554290771,1916
13543.853044509888,1946
13544.850587844849,1900
13545.848846435547,1874
13546.845436096191,1884
13547.841787338257,1902
13548.839092254639,1886
13549.836874008179,1880
13550.808191299438,1958
13551.83219909668,1938
13552.830219268799,1910
13553.828716278076,1936
13554.822444915771,1934
13555.822610855103,1886
13556.820154190063,1866
13557.83486366272,1894
13558.818817138672,1892
13559.811115264893,1874
13560.808420181274,1878
13561.805963516235,1958
13562.803506851196,1960
13563.801765441895,1910
13564.797639846802,1910
13565.802812576294,1878
13566.766262054443,1850
13567.763090133667,1864
13568.759202957153,1856
13569.756507873535,1846
13570.754051208496,1886
13571.751356124878,1834
13572.74866104126,1840
13573.745727539062,1878
13574.743032455444,1880
13575.740575790405,1930
13576.738119125366,1896
13577.735185623169,1908
13578.73249053955,1954
13579.729795455933,1942
13580.727100372314,1948
13581.724405288696,1956
13582.720518112183,1934
13583.751440048218,1958
13584.747552871704,1976
13585.765361785889,1918
13586.761236190796,1930
13587.75544166565,1902
13588.733434677124,1944
13589.73217010498,1882
13590.728759765625,1870
13591.696739196777,1840
13592.723369598389,1882
13593.720436096191,1854
13594.71845626831,1828
13595.715045928955,1834
13596.684217453003,1814
13597.68271446228,1878
13598.679304122925,1920
13599.676609039307,1874
13600.674152374268,1852
13601.67121887207,1882
13602.668523788452,1874
13603.666067123413,1850
13604.691743850708,1828
13605.68881034851,1846
13606.688261032104,1906
13607.684135437012,1818
13608.680486679077,1842
13609.678268432617,1886
13610.647916793823,1916
13611.644744873047,1906
13612.642526626587,1820
13613.639116287231,1786
13614.636421203613,1842
13615.633726119995,1828
13616.631746292114,1812
13617.629051208496,1830
13618.62564086914,1778
13619.651079177856,1806
13620.648622512817,1758
13621.6459274292,1778
13622.64347076416,1818
13623.640298843384,1806
13624.637842178345,1830
13625.635385513306,1774
13626.632452011108,1766
13627.62999534607,1742
13628.627061843872,1746
13629.596710205078,1778
13630.62310218811,1758
13631.619215011597,1830
13632.6162815094,1838
13633.61406326294,1838
13634.58275794983,1886
13635.608196258545,1906
13636.608600616455,1874
13637.609958648682,1814
13638.600826263428,1838
13639.601707458496,1840
13640.596389770508,1806
13641.591310501099,1766
13642.589330673218,1806
13643.585920333862,1750
13644.582748413086,1716
13645.582914352417,1736
13646.552085876465,1776
13647.576332092285,1842
13648.574829101562,1830
13649.571180343628,1814
13650.568723678589,1806
13651.565790176392,1866
13652.563333511353,1880
13653.561115264893,1842
13654.558181762695,1862
13655.556440353394,1806
13656.52585029602,1810
13657.549619674683,1850
13658.547639846802,1854
13659.517049789429,1842
13660.514116287231,1754
13661.539554595947,1754
13662.537097930908,1770
13663.534164428711,1702
13664.530515670776,1710
13665.528297424316,1752
13666.526317596436,1742
13667.523384094238,1718
13668.520212173462,1718
13669.517755508423,1722
13670.514822006226,1768
13671.512365341187,1758
13672.510623931885,1766
13673.507452011108,1718
13674.50475692749,1738
13675.50253868103,1690
13676.472663879395,1678
13677.502393722534,1726
13678.493976593018,1702
13679.491519927979,1708
13680.488348007202,1690
13681.486129760742,1710
13682.485580444336,1734
13683.45308303833,1742
13684.478759765625,1740
13685.474872589111,1674
13686.445474624634,1650
13687.475681304932,1642
13688.467264175415,1682
13689.464330673218,1686
13690.462112426758,1700
13691.460132598877,1720
13692.456483840942,1692
13693.454027175903,1752
13694.422960281372,1734
13695.448398590088,1746
13696.419477462769,1676
13697.443008422852,1682
13698.440790176392,1690
13699.44429397583,1678
13700.407981872559,1616
13701.432466506958,1610
13702.42977142334,1646
13703.426837921143,1654
13704.424619674683,1674
13706.397771835327,1620
13706.397771835327,1618
13707.390308380127,1680
13708.38451385498,1662
13709.413051605225,1598
13710.409879684448,1582
13711.406946182251,1598
13712.404489517212,1606
13713.402032852173,1586
13714.398622512817,1558
13715.395450592041,1566
13716.392755508423,1614
13717.360734939575,1582
13718.387365341187,1598
13719.385147094727,1642
13720.381736755371,1642
13721.351623535156,1580
13722.376823425293,1572
13723.373413085938,1580
13724.37071800232,1518
13725.369453430176,1546
13726.339101791382,1522
13727.367877960205,1520
13728.360414505005,1558
13729.357957839966,1562
13730.355024337769,1556
13731.35757446289,1574
13732.35034942627,1558
13733.345985412598,1550
13734.345197677612,1566
13735.343933105469,1518
13736.339569091797,1526
13737.30993270874,1520
13738.333940505981,1528
13739.331245422363,1572
13740.328073501587,1582
13741.329193115234,1562
13742.324113845825,1534
13743.32046508789,1590
13744.317770004272,1622
13745.31626701355,1614
13746.313095092773,1574
13747.309684753418,1598
13748.3069896698,1560
13749.305486679077,1562
13750.301837921143,1616
13751.298904418945,1556
13752.267122268677,1590
13753.26418876648,1626
13754.261493682861,1606
13755.258798599243,1562
13756.256103515625,1598
13757.253408432007,1582
13758.250951766968,1596
13759.24825668335,1574
13760.245561599731,1590
13761.242628097534,1620
13762.240171432495,1650
13763.237476348877,1654
13764.23454284668,1626
13765.23232460022,1642
13766.229391098022,1702
13767.226934432983,1686
13768.226861953735,1674
13770.220041275024,1710
13770.220041275024,1718
13771.245956420898,1682
13772.243738174438,1646
13773.240804672241,1686
13774.242877960205,1742
13775.23946762085,1722
13776.20553970337,1734
13777.22954750061,1734
13778.22732925415,1754
13779.227018356323,1736
13780.221462249756,1716
13781.219005584717,1734
13782.216310501099,1738
13783.21361541748,1702
13784.2116355896,1638
13785.208463668823,1702
13786.205530166626,1742
13787.176370620728,1706
13788.200616836548,1734
13789.19768333435,1726
13790.195226669312,1758
13791.194677352905,1778
13792.190313339233,1790
13793.187141418457,1816
13794.18396949768,1822
13795.181512832642,1758
13796.180486679077,1694
13797.149419784546,1706
13798.174142837524,1754
13800.168991088867,1750
13800.168991088867,1774
13801.165580749512,1776
13802.163124084473,1806
13803.160905838013,1814
13804.157495498657,1758
13805.155038833618,1750
13806.15234375,1758
13807.150602340698,1718
13808.146953582764,1734
13809.144735336304,1702
13810.141563415527,1726
13811.139106750488,1742
13812.136173248291,1754
13813.133955001831,1768
13814.133644104004,1738
13815.128803253174,1774
13817.124128341675,1758
13817.124128341675,1790
13819.117307662964,1766
13820.115089416504,1746
13821.112394332886,1738
13822.109460830688,1714
13823.10700416565,1732
13824.104070663452,1778
13825.074434280396,1790
13826.098918914795,1786
13827.069759368896,1776
13828.093528747559,1768
13829.091787338257,1806
13830.061435699463,1806
13831.058263778687,1758
13832.083463668823,1742
13833.080768585205,1738
13834.079027175903,1744
13835.07490158081,1766
13836.071729660034,1740
13837.069988250732,1718
13838.03939819336,1758
13839.067220687866,1774
13840.06142616272,1770
13841.059684753418,1770
13842.056274414062,1790
13843.05453300476,1814
13844.051361083984,1806
13845.048666000366,1772
13846.04787826538,1740
13847.04327583313,1770
13848.040342330933,1802
13849.037885665894,1786
13850.025415420532,1782
13851.004838943481,1828
13852.002143859863,1814
13852.998971939087,1812
13853.99603843689,1846
13854.99358177185,1834
13855.991125106812,1802
13856.987953186035,1770
13857.985019683838,1778
13858.983039855957,1774
13859.992265701294,1842
13860.976934432983,1834
13861.975193023682,1768
13862.972021102905,1808
13863.969087600708,1862
13864.96639251709,1880
13865.96417427063,1856
13866.962194442749,1802
13867.958545684814,1838
13868.956327438354,1806
13869.953155517578,1834
13870.950698852539,1842
13871.94848060608,1842
13872.945308685303,1870
13873.942613601685,1898
13874.939680099487,1894
13875.94985961914,1874
13876.935482025146,1862
13877.932071685791,1882
13878.929376602173,1896
13879.926681518555,1818
13880.923986434937,1876
13881.92105293274,1870
13882.9185962677,1838
13883.915901184082,1844
13884.913206100464,1870
13885.910511016846,1854
13886.909008026123,1866
13887.905359268188,1882
13888.90290260315,1842
13889.899969100952,1864
13890.897274017334,1886
13891.903400421143,1844
13892.892360687256,1850
13893.889665603638,1810
13894.88697052002,1830
13895.88451385498,1866
13896.882057189941,1870
13897.878885269165,1870
13898.876428604126,1870
13899.873733520508,1882
13900.87103843689,1942
13901.868343353271,1930
13902.865648269653,1864
13903.863191604614,1842
13904.860258102417,1866
13905.857563018799,1896
13906.856060028076,1862
13907.852411270142,1842
13908.849954605103,1856
13909.847021102905,1878
13910.844326019287,1844
13911.841630935669,1848
13912.83893585205,1878
13913.836479187012,1850
13914.833784103394,1842
13915.831089019775,1812
13916.828155517578,1776
13917.825937271118,1776
13918.82300376892,1778
13919.820308685303,1782
13920.817852020264,1810
13921.865224838257,1822
13922.839879989624,1822
13923.837900161743,1802
13924.842119216919,1818
13925.832033157349,1814
13926.834106445312,1806
13927.800416946411,1812
13928.824424743652,1814
13929.821729660034,1810
13930.819511413574,1814
13931.816816329956,1874
13932.813882827759,1866
13933.81118774414,1852
13934.808492660522,1850
13935.805320739746,1848
13936.802864074707,1862
13937.771320343018,1886
13938.770532608032,1866
13939.795732498169,1786
13940.791845321655,1806
13941.808223724365,1810
13942.786931991577,1814
13943.783283233643,1822
13944.780826568604,1830
13945.777654647827,1866
13946.749210357666,1842
13947.772741317749,1840
13948.77004623413,1810
13949.767112731934,1814
13950.765132904053,1842
13951.761960983276,1842
13952.75902748108,1822
13953.75657081604,1822
13954.75435256958,1822
13955.75213432312,1848
13956.722259521484,1842
13957.745790481567,1854
13958.74285697937,1866
13959.74063873291,1898
13960.73842048645,1846
13961.735486984253,1854
13962.732791900635,1854
13963.730096817017,1830
13964.727640151978,1818
13965.724468231201,1778
13966.693639755249,1818
13967.719078063965,1802
13968.719482421875,1784
13969.713926315308,1850
13970.71123123169,1874
13971.709489822388,1790
13972.706079483032,1810
13973.70433807373,1820
13974.700927734375,1810
13975.67105293274,1834
13976.66883468628,1804
13977.665185928345,1808
13978.662490844727,1822
13979.65955734253,1870
13980.656862258911,1866
13981.654644012451,1842
13982.651710510254,1850
13983.649253845215,1878
13984.646320343018,1850
13985.6436252594,1852
13986.641645431519,1872
13987.638473510742,1886
13988.635778427124,1816
13989.632606506348,1786
13990.630149841309,1806
13991.627931594849,1842
13992.624998092651,1870
13993.622064590454,1884
13994.619131088257,1866
13995.617151260376,1880
13996.615171432495,1850
13997.61176109314,1838
13998.6093044281,1862
13999.606609344482,1850
14000.603675842285,1846
14001.601219177246,1816
14002.598762512207,1786
14003.59582901001,1778
14004.592895507812,1806
14005.590915679932,1790
14006.58893585205,1828
14007.585287094116,1838
14008.582830429077,1778
14009.57989692688,1812
14010.57744026184,1830
14011.574983596802,1790
14012.572050094604,1814
14013.569116592407,1790
14014.566421508789,1786
14015.563488006592,1790
14016.56174659729,1806
14017.558574676514,1848
14018.555641174316,1874
14019.55270767212,1822
14020.55025100708,1864
14021.547794342041,1850
14022.545099258423,1834
14023.542165756226,1880
14024.539232254028,1884
14025.537252426147,1846
14026.535272598267,1844
14027.531623840332,1862
14028.528928756714,1854
14029.525995254517,1898
14030.523777008057,1864
14031.521081924438,1840
14032.518148422241,1816
14033.515691757202,1814
14034.513235092163,1814
14035.510778427124,1806
14036.509037017822,1810
14037.505388259888,1770
14038.502931594849,1802
14039.499521255493,1806
14040.497541427612,1838
14041.494846343994,1872
14042.491912841797,1882
14043.489217758179,1862
14044.486284255981,1834
14045.4843044281,1806
14046.48208618164,1838
14047.478914260864,1842
14048.476457595825,1790
14049.47304725647,1816
14050.471544265747,1842
14051.46837234497,1846
14052.465438842773,1834
14053.462505340576,1842
14054.494857788086,1884
14055.485725402832,1850
14056.484937667847,1850
14057.453870773315,1782
14058.449745178223,1854
14059.475183486938,1856
14060.473442077637,1878
14061.470031738281,1806
14062.467575073242,1846
14063.464164733887,1850
14064.461469650269,1850
14065.45901298523,1866
14066.429853439331,1930
14067.453861236572,1908
14068.45211982727,1862
14069.448709487915,1868
14070.446014404297,1870
14071.443319320679,1882
14072.440385818481,1842
14073.437690734863,1886
14074.435472488403,1842
14075.439929962158,1868
14076.429843902588,1844
14077.428817749023,1868
14078.424453735352,1904
14079.421758651733,1918
14080.419301986694,1872
14081.416368484497,1894
14082.413911819458,1866
14083.38451385498,1850
14084.409475326538,1836
14085.406303405762,1818
14086.376428604126,1850
14087.400436401367,1830
14088.398694992065,1864
14089.39504623413,2032
14090.393781661987,1886
14091.390371322632,1854
14092.358589172363,1862
14093.355178833008,1850
14094.352006912231,1840
14095.349311828613,1830
14096.346616744995,1836
14097.344160079956,1820
14098.341464996338,1834
14099.33853149414,1842
14100.336074829102,1850
14101.333379745483,1846
14102.330684661865,1894
14103.327989578247,1894
14104.325532913208,1906
14105.32283782959,1910
14106.319904327393,1866
14107.317686080933,1850
14108.314752578735,1862
14109.312057495117,1878
14110.30912399292,1866
14111.30690574646,1854
14112.304210662842,1844
14113.301515579224,1906
14114.298820495605,1902
14115.296125411987,1900
14116.29343032837,1904
14117.290735244751,1846
14118.288516998291,1842
14119.285583496094,1812
14120.282649993896,1834
14121.280193328857,1814
14122.277736663818,1742
14123.2750415802,1730
14124.272108078003,1714
14125.269651412964,1690
14126.266956329346,1654
14127.264261245728,1710
14128.261804580688,1750
14129.258871078491,1742
14130.256175994873,1770
14131.253480911255,1778
14132.250785827637,1820
14133.248090744019,1826
14134.2453956604,1836
14135.242938995361,1854
14136.240243911743,1846
14137.237548828125,1850
14138.235330581665,1894
14139.2343044281,1882
14140.231609344482,1866
14141.228914260864,1840
14142.226219177246,1832
14143.223524093628,1838
14144.22082901001,1838
14145.217895507812,1872
14146.215200424194,1834
14147.213697433472,1906
14148.210048675537,1876
14149.207353591919,1902
14150.2046585083,1904
14151.202201843262,1914
14152.199506759644,1954
14153.196811676025,1882
14154.221534729004,1904
14155.22289276123,1912
14156.219720840454,1886
14157.214403152466,1846
14158.211469650269,1868
14159.208297729492,1874
14160.206317901611,1902
14161.205291748047,1846
14162.200212478638,1854
14163.197755813599,1866
14164.194583892822,1848
14165.191650390625,1820
14166.189432144165,1786
14168.155193328857,1786
14169.79193687439,1806
14170.15027999878,1806
14170.15027999878,1838
14171.712636947632,1830
14172.246217727661,1810
14173.274517059326,1834
14174.272298812866,1846
14175.240993499756,1878
14177.235126495361,1838
14177.235126495361,1814
14178.26247215271,1842
14179.26001548767,1842
14180.256366729736,1784
14181.25295639038,1774
14182.269096374512,1788
14183.246374130249,1778
14185.214757919312,1772
14185.214757919312,1750
14186.212539672852,1718
14187.210083007812,1734
14188.206911087036,1742
14189.204216003418,1734
14190.201759338379,1710
14191.19906425476,1704
14192.196369171143,1738
14193.193912506104,1788
14194.190979003906,1776
14195.188283920288,1790
14197.181463241577,1828
14198.17852973938,1834
14198.17852973938,1830
14200.175523757935,1784
14200.175523757935,1780
14201.22742652893,1766
14202.197074890137,1720
14203.202724456787,1708
14204.19192314148,1700
14206.157445907593,1686
14206.157445907593,1752
14207.185745239258,1776
14209.150314331055,1806
14210.180759429932,1810
14211.199045181274,1834
14212.20088005066,1854
14213.197946548462,1790
14213.197946548462,1758
14214.16687965393,1750
14216.13097190857,1782
14217.128276824951,1758
14218.125104904175,1750
14219.123125076294,1754
14220.120906829834,1766
14221.1172580719,1770
14222.11503982544,1766
14223.114252090454,1806
14224.109649658203,1810
14225.120067596436,1818
14226.106405258179,1802
14227.131128311157,1766
14228.127241134644,1712
14229.125261306763,1716
14230.122327804565,1758
14231.119632720947,1758
14232.117414474487,1718
14233.11448097229,1738
14234.111547470093,1780
14235.109806060791,1802
14236.106395721436,1812
14237.077236175537,1750
14238.10076713562,1718
14239.098310470581,1706
14240.096092224121,1708
14241.093635559082,1706
14242.090225219727,1674
14243.088006973267,1648
14244.08507347107,1654
14245.083332061768,1700
14246.079206466675,1690
14247.048616409302,1648
14248.045682907104,1704
14249.04489517212,1750
14250.041723251343,1752
14251.039028167725,1702
14252.036333084106,1690
14253.033876419067,1724
14254.03094291687,1718
14255.028247833252,1716
14256.025791168213,1694
14257.023811340332,1770
14258.020162582397,1716
14259.019136428833,1732
14260.019063949585,1766
14261.018991470337,1774
14262.018918991089,1722
14263.024806976318,1706
14264.019250869751,1706
14265.019416809082,1734
14266.018390655518,1710
14266.996383666992,1734
14267.993211746216,1710
14268.990278244019,1706
14269.9875831604,1694
14270.98536491394,1718
14271.982431411743,1806
14272.979974746704,1754
14273.976802825928,1746
14274.985551834106,1774
14275.97188949585,1742
14276.968002319336,1702
14277.966976165771,1742
14278.963804244995,1810
14279.98948097229,1790
14280.959367752075,1786
14281.95595741272,1782
14282.953262329102,1770
14283.950328826904,1778
14284.947395324707,1788
14285.944700241089,1778
14286.943435668945,1758
14287.94002532959,1760
14288.936853408813,1758
14289.934396743774,1752
14290.931463241577,1838
14291.929244995117,1842
14292.92631149292,1826
14293.922901153564,1780
14294.920444488525,1790
14295.918226242065,1850
14296.916246414185,1850
14297.913074493408,1806
14298.91037940979,1754
14299.907684326172,1734
14300.904989242554,1734
14301.901817321777,1742
14302.899360656738,1750
14303.896427154541,1738
14304.893732070923,1756
14305.891513824463,1758
14306.889772415161,1736
14307.886600494385,1802
14308.883905410767,1754
14309.90982055664,1790
14310.906887054443,1774
14311.903238296509,1750
14312.901020050049,1738
14313.900470733643,1782
14314.866781234741,1808
14315.891742706299,1784
14316.863536834717,1748
14317.860126495361,1748
14318.883895874023,1758
14319.881200790405,1766
14320.879697799683,1786
14321.878671646118,1770
14322.875261306763,1806
14323.873043060303,1738
14324.87154006958,1678
14325.868844985962,1722
14326.86471939087,1734
14327.862024307251,1746
14328.859329223633,1746
14329.856634140015,1746
14330.854415893555,1740
14331.851959228516,1726
14332.851648330688,1740
14333.851337432861,1722
14334.843397140503,1702
14335.844278335571,1708
14336.811065673828,1718
14337.806701660156,1738
14338.832139968872,1714
14339.828968048096,1718
14340.826034545898,1764
14341.824531555176,1726
14342.8213596344,1738
14343.818664550781,1750
14344.815731048584,1780
14345.813035964966,1814
14346.810340881348,1776
14347.807884216309,1732
14348.80518913269,1758
14349.802732467651,1714
14350.799798965454,1774
14351.800441741943,1790
14352.794170379639,1742
14353.792905807495,1734
14354.790925979614,1714
14355.788230895996,1710
14356.757402420044,1708
14357.75375366211,1674
14358.750581741333,1650
14359.777688980103,1658
14360.774517059326,1688
14361.772537231445,1718
14362.76888847351,1714
14363.76667022705,1710
14364.768266677856,1698
14365.761041641235,1688
14366.72830581665,1746
14367.726564407349,1726
14368.752002716064,1720
14369.722127914429,1790
14370.718717575073,1816
14371.716260910034,1782
14372.713565826416,1792
14373.710870742798,1786
14374.708414077759,1806
14375.705480575562,1838
14376.702785491943,1826
14377.700805664062,1872
14378.697633743286,1868
14379.694938659668,1784
14380.69224357605,1822
14381.68978691101,1834
14382.686853408813,1782
14383.684396743774,1778
14384.680032730103,1746
14385.676860809326,1754
14386.674165725708,1726
14387.671709060669,1788
14388.66901397705,1808
14389.666080474854,1838
14390.663623809814,1830
14391.660928726196,1850
14392.658233642578,1870
14393.65553855896,1838
14394.65308189392,1850
14395.650148391724,1802
14396.647453308105,1818
14397.645235061646,1770
14398.642301559448,1774
14399.63960647583,1830
14400.636911392212,1842
14401.634454727173,1802
14402.631521224976,1772
14403.628826141357,1814
14404.626369476318,1758
14405.6236743927,1712
14406.620979309082,1722
14407.618284225464,1710
14408.615589141846,1706
14409.612894058228,1718
14410.640954971313,1746
14411.638021469116,1766
14412.642240524292,1822
14413.632869720459,1814
14414.63017463684,1818
14415.627241134644,1802
14416.624784469604,1778
14417.59467124939,1806
14418.619155883789,1808
14419.618129730225,1758
14420.61448097229,1746
14421.611547470093,1734
14422.609567642212,1754
14423.606157302856,1806
14424.603700637817,1770
14425.602436065674,1774
14426.605224609375,1778
14427.595615386963,1758
14428.592681884766,1780
14429.590702056885,1790
14430.587530136108,1894
14431.58507347107,1736
14432.590007781982,1774
14433.550596237183,1810
14434.576988220215,1806
14435.573816299438,1784
14436.572551727295,1830
14437.569618225098,1850
14438.5666847229,1846
14439.56446647644,1816
14440.560817718506,1818
14441.562175750732,1850
14442.555665969849,1850
14443.553447723389,1844
14444.55099105835,1786
14445.547580718994,1806
14446.546077728271,1832
14447.542190551758,1850
14448.540210723877,1850
14449.537515640259,1850
14450.534343719482,1880
14451.531648635864,1886
14452.534198760986,1838
14453.526496887207,1870
14454.524278640747,1862
14455.520868301392,1850
14456.518411636353,1838
14457.515239715576,1848
14458.483934402466,1874
14459.510564804077,1908
14460.508584976196,1898
14461.50517463684,1904
14462.502479553223,1900
14463.499546051025,1902
14464.497327804565,1898
14465.494394302368,1876
14466.464281082153,1882
14467.459917068481,1882
14468.486547470093,1850
14469.489812850952,1846
14470.480918884277,1838
14471.478462219238,1882
14472.475528717041,1906
14473.47640991211,1906
14474.471092224121,1898
14475.468158721924,1914
14476.464986801147,1910
14477.465629577637,1906
14478.45983505249,1880
14479.457139968872,1882
14480.454444885254,1870
14481.451272964478,1886
14482.44857788086,1902
14483.417749404907,1898
14484.44414138794,1970
14485.441207885742,1942
14486.438274383545,1946
14487.436056137085,1962
14488.43264579773,1958
14489.43042755127,1962
14490.428924560547,1942
14491.42599105835,1906
14492.422342300415,1904
14493.419647216797,1906
14494.417667388916,1878
14495.41449546814,1966
14496.41227722168,2004
14497.40982055664,1980
14498.406410217285,1990
14499.404191970825,1992
14500.372171401978,1978
14501.39832496643,1944
14502.39610671997,1930
14503.393173217773,1970
14504.390001296997,1942
14505.388021469116,1918
14506.38461112976,1918
14507.383108139038,1938
14508.349418640137,1958
14509.377002716064,1958
14510.374784469604,1978
14511.371612548828,1974
14512.368440628052,1994
14513.36669921875,1962
14514.363527297974,1970
14515.361070632935,1970
14516.359567642212,1944
14517.35520362854,1910
14518.357515335083,1910
14519.356489181519,1930
14520.347595214844,1960
14521.345138549805,1994
14522.342443466187,1978
14523.339033126831,1994
14524.33729171753,1962
14525.33483505249,1958
14526.331901550293,1974
14527.329206466675,1930
14528.326511383057,1918
14529.32333946228,1946
14530.320644378662,1994
14531.318187713623,1950
14532.315731048584,1950
14533.313035964966,2022
14534.310340881348,2034
14535.307884216309,1998
14536.304950714111,1972
14537.272214889526,1994
14538.270473480225,2002
14541.263818740845,1994
14541.263818740845,1948
14541.263818740845,1964
14542.827844619751,1990
14543.362379074097,1974
14544.928550720215,2034
14545.958518981934,2060
14546.92816734314,2040
14547.952890396118,2030
14548.94995689392,1962
14549.947738647461,1970
14550.944805145264,1986
14551.942110061646,2002
14552.939176559448,1994
14553.93648147583,1986
14554.934024810791,1990
14555.93228340149,1994
14556.929111480713,1992
14557.926893234253,2006
14558.924198150635,2068
14559.92078781128,2014
14560.919046401978,2030
14561.915874481201,2030
14562.913656234741,2006
14563.910007476807,2034
14564.90707397461,2042
14565.905094146729,1978
14566.871881484985,2022
14567.900896072388,2014
14568.896532058716,2082
14569.894313812256,2110
14570.892333984375,2070
14571.888208389282,2042
14572.887420654297,2044
14573.8844871521,2062
14574.880599975586,2038
14575.878381729126,2010
14576.845407485962,2022
14577.874422073364,2010
14578.871488571167,1982
14579.874277114868,2012
14580.865144729614,2022
14581.863403320312,2036
14582.860231399536,2086
14583.829641342163,2082
14584.854364395142,2106
14585.851907730103,2098
14586.820602416992,2038
14587.816715240479,2062
14588.84310722351,2030
14589.839696884155,2090
14590.837955474854,2046
14591.806411743164,2062
14592.831373214722,2104
14593.829154968262,2134
14594.825983047485,2136
14595.823526382446,2144
14596.822500228882,2088
14597.818374633789,2066
14598.81591796875,2102
14599.820375442505,2118
14600.810289382935,2094
14601.792812347412,2012
14602.805614471436,2070
14603.80220413208,2070
14604.806184768677,2098
14605.797052383423,2130
14606.79578781128,2090
14607.791662216187,2130
14608.78872871399,2094
14609.78627204895,2098
14610.783576965332,2094
14611.780643463135,2042
14612.777709960938,2026
14613.775730133057,2034
14614.773273468018,2070
14615.77033996582,2078
14616.738557815552,2038
14617.736339569092,2082
14618.739128112793,2106
14619.759559631348,2128
14620.757102966309,2034
14621.754884719849,2036
14622.751474380493,2022
14623.749256134033,2010
14624.746561050415,1990
14625.743389129639,1982
14626.742124557495,1968
14627.740383148193,1976
14628.736019134521,1970
14629.704475402832,2066
14630.729675292969,2098
14631.72698020935,2098
14632.725477218628,2102
14633.723020553589,2070
14634.719848632812,2096
14635.717153549194,2064
14636.687994003296,2062
14637.683629989624,2040
14638.709306716919,2078
14639.706373214722,2194
14640.704154968262,2130
14641.672134399414,2134
14642.698526382446,2154
14643.695592880249,2158
14644.69313621521,2158
14645.690441131592,2110
14646.694898605347,2082
14647.685050964355,2086
14648.655414581299,2110
14649.652481079102,2100
14650.649547576904,2078
14651.647090911865,2092
14652.644157409668,2030
14653.64146232605,2088
14654.638767242432,2070
14655.636072158813,2064
14656.633615493774,2098
14657.631158828735,2070
14658.628940582275,2038
14659.62553024292,2066
14660.622835159302,2038
14661.620140075684,2038
14662.616968154907,2036
14663.642406463623,2002
14664.639711380005,2002
14665.637254714966,2062
14666.63408279419,2094
14667.633533477783,2086
14668.63465309143,2012
14669.62718963623,2022
14670.623302459717,1998
14671.622037887573,2012
14672.62601852417,2026
14673.616170883179,2030
14674.620151519775,2012
14675.611019134521,2068
14676.580905914307,2062
14677.604913711548,2066
14678.603172302246,2096
14679.600238800049,2126
14680.597305297852,2126
14681.566715240479,2124
14682.591676712036,2132
14683.559656143188,2070
14684.586763381958,2094
14685.590505599976,2102
14686.581373214722,2118
14687.578439712524,2070
14688.582420349121,2086
14689.573287963867,2122
14690.57035446167,2142
14691.567659378052,2154
14692.542314529419,2134
14693.533897399902,2128
14694.531440734863,2090
14695.528745651245,2122
14696.527004241943,2118
14697.523355484009,2140
14698.521137237549,2134
14699.517965316772,2126
14700.543403625488,2098
14701.54070854187,2154
14702.539443969727,2186
14703.535795211792,2154
14704.532861709595,2138
14705.530405044556,2154
14706.527709960938,2122
14707.529783248901,2098
14708.494901657104,2082
14709.520101547241,2088
14710.489273071289,2086
14711.514472961426,2066
14712.51106262207,2064
14713.509321212769,2090
14714.478015899658,2082
14715.47532081604,2104
14716.472864151001,2100
14717.470407485962,2042
14718.467473983765,2078
14719.465255737305,2038
14720.462322235107,2030
14721.460103988647,2062
14722.456693649292,2068
14723.453760147095,2070
14724.451303482056,2074
14725.449323654175,2078
14726.446390151978,2110
14727.444887161255,2110
14728.440999984741,2134
14729.437828063965,2086
14730.435609817505,2090
14731.432437896729,2086
14732.42998123169,2066
14733.428001403809,2070
14734.423875808716,2068
14735.422372817993,2062
14736.420631408691,2072
14737.417221069336,2082
14738.414525985718,2070
14739.4118309021,2110
14740.412473678589,2090
14741.405963897705,2096
14742.403745651245,2036
14743.40009689331,2086
14744.397163391113,2138
14745.395183563232,2066
14746.392965316772,2032
14747.399806976318,2042
14748.387575149536,2100
14749.384880065918,2106
14750.38194656372,2094
14751.379013061523,2106
14752.376556396484,2132
14753.38077545166,2122
14754.371404647827,2094
14755.369901657104,2122
14756.36625289917,2094
14757.363557815552,2124
14758.361101150513,2102
14759.358406066895,2142
14760.355710983276,2086
14761.353015899658,2102
14762.35032081604,2170
14763.347625732422,2154
14764.345169067383,2118
14765.342235565186,2082
14766.339778900146,2090
14767.337322235107,2078
14768.33438873291,2074
14769.331693649292,2126
14770.329236984253,2102
14771.32511138916,2128
14772.322177886963,2070
14773.319244384766,2122
14774.316549301147,2160
14775.314092636108,2130
14776.31139755249,2142
14777.308702468872,2138
14778.306245803833,2152
14779.303550720215,2118
14780.300617218018,2072
14781.2979221344,2088
14782.29546546936,2106
14783.292770385742,2138
14784.290075302124,2090
14785.287618637085,2154
14786.284685134888,2102
14787.282228469849,2098
14788.27953338623,2110
14789.276838302612,2090
14790.274143218994,2086
14791.271448135376,2070
14792.268514633179,2038
14793.26605796814,2088
14794.265031814575,2090
14795.289993286133,2034
14796.261310577393,2062
14797.285318374634,2094
14798.282861709595,2122
14799.279689788818,2158
14800.277471542358,2136
14801.27501487732,2112
14802.271842956543,2134
14803.272724151611,2104
14804.26812171936,2106
14805.263996124268,2070
14806.260824203491,2090
14807.265043258667,2096
14808.256149291992,2082
14809.253215789795,2112
14810.256242752075,2094
14811.248302459717,2098
14812.244892120361,2122
14813.242197036743,2062
14814.24069404602,2094
14815.236806869507,2086
14816.234350204468,2102
14817.23141670227,2118
14818.228960037231,2086
14819.226503372192,2066
14820.223331451416,2096
14821.220636367798,2106
14822.218179702759,2090
14823.21572303772,2126
14824.213027954102,2118
14825.18219947815,2152
14826.208114624023,2154
14827.20971107483,2118
14828.202247619629,2106
14829.200029373169,2124
14830.196857452393,2118
14831.194162368774,2122
14832.191228866577,2138
14833.189487457275,2108
14834.186315536499,2096
14835.184574127197,2130
14837.150573730469,2136
14837.150573730469,2130
14838.175773620605,2092
14839.178323745728,2086
14840.175867080688,2104
14841.168642044067,2134
14842.164993286133,2112
14843.162298202515,2102
14844.159603118896,2110
14845.156908035278,2126
14847.152948379517,2118
14847.152948379517,2118
14848.149299621582,2130
14850.127220153809,2110
14850.127220153809,2106
14851.141214370728,2100
14852.13828086853,2122
14854.133129119873,2096
14855.129957199097,2046
14856.127262115479,2118
14857.125759124756,2102
14858.093976974487,2126
14859.090566635132,2082
14860.116720199585,2138
14861.114263534546,2112
14862.111806869507,2102
14863.109827041626,2106
14864.078998565674,2078
14865.103960037231,2066
14866.101026535034,2078
14867.098808288574,2098
14868.096590042114,2090
14869.09294128418,2090
14870.095014572144,2106
14871.087551116943,2106
14872.084856033325,2130
14873.082160949707,2136
14874.080181121826,2126
14875.109910964966,2102
14876.07479095459,2094
14877.072095870972,2038
14878.068923950195,2082
14879.074096679688,2132
14880.063772201538,2118
14881.06083869934,2142
14882.058143615723,2142
14883.056163787842,2162
14884.053230285645,2132
14885.050535202026,2112
14886.048316955566,2108
14887.046337127686,2138
14888.04316520691,2078
14889.039754867554,2070
14890.037059783936,2104
14891.034126281738,2126
14892.032384872437,2258
14893.028974533081,2138
14894.026279449463,2102
14895.023584365845,2106
14896.020889282227,2102
14896.991729736328,2172
14898.01573753357,2122
14899.013042449951,2094
14900.02989768982,2150
14900.97951889038,2112
14902.004718780518,2070
14903.002262115479,2086
14903.99956703186,2140
14904.999494552612,2130
14905.994176864624,2136
14906.965255737305,2110
14907.989025115967,2110
14908.991813659668,2094
14909.98387336731,2122
14910.963296890259,2122
14911.978006362915,2062
14912.975072860718,2086
14913.978338241577,2074
14914.97015953064,2106
14915.96794128418,2152
14916.938304901123,2126
14917.93417930603,2102
14918.959140777588,2106
14919.957876205444,2136
14920.960187911987,2122
14921.952962875366,2118
14922.95217514038,2078
14923.946619033813,2086
14924.942970275879,2062
14925.941228866577,2060
14926.939249038696,2096
14927.938222885132,2078
14928.935766220093,2084
14929.93187904358,2186
14930.927276611328,2078
14931.93769454956,2026
14932.92212486267,2090
14933.919906616211,2128
14934.916734695435,2086
14935.913801193237,2086
14936.885118484497,2078
14937.90888786316,2082
14938.906908035278,2106
14939.903736114502,2098
14940.871715545654,2122
14941.898345947266,2142
14942.896127700806,2140
14943.893909454346,2118
14944.891929626465,2138
14945.88851928711,2126
14946.886539459229,2134
14947.883605957031,2102
14948.879718780518,2106
14949.878215789795,2106
14950.875759124756,2102
14951.87258720398,2156
14952.876329421997,2164
14953.866243362427,2126
14954.863786697388,2134
14955.862522125244,2106
14956.85863494873,2106
14957.855224609375,2118
14958.854675292969,2094
14959.850311279297,2090
14960.851907730103,2090
14961.84515953064,2086
14962.842226028442,2116
14963.840007781982,2126
14964.836597442627,2078
14965.834140777588,2078
14966.80498123169,2128
14967.82922744751,2126
14968.827247619629,2098
14969.826698303223,2030
14970.820665359497,2092
14971.8177318573,2118
14972.81551361084,2106
14973.812818527222,2046
14974.812030792236,2086
14975.807666778564,2122
14976.804971694946,2120
14977.802515029907,2082
14978.800296783447,2098
14979.79712486267,2104
14980.794191360474,2038
14981.791973114014,2060
14982.788801193237,2096
14983.786821365356,2062
14984.783411026001,2090
14985.780715942383,2034
14986.751794815063,2040
14987.779378890991,2098
14988.773107528687,2126
14989.770412445068,2138
14990.767478942871,2096
14991.737365722656,2086
14992.774248123169,2142
14993.760108947754,2150
14994.756937026978,2132
14995.756149291992,2158
14996.76775932312,2106
14997.780561447144,2130
14998.77142906189,2142
14999.743461608887,2192
15000.74815750122,2198
15001.739025115967,2206
15002.736330032349,2174
15003.736734390259,2220
15004.730224609375,2186
15005.728483200073,2142
15006.724834442139,2140
15007.723569869995,2166
15008.72015953064,2140
15009.718179702759,2096
15010.714530944824,2126
15011.711835861206,2120
15012.709379196167,2150
15013.710737228394,2138
15014.703512191772,2120
15015.704870223999,2102
15016.672372817993,2106
15017.695426940918,2150
15018.664121627808,2142
15019.69051361084,2070
15020.689249038696,1990
15021.685123443604,2106
15022.683382034302,2104
15023.679733276367,2106
15024.677276611328,2102
15025.680780410767,2122
15026.644706726074,2122
15027.669191360474,2104
15028.666734695435,2082
15029.66332435608,2078
15030.668020248413,2094
15031.659603118896,2110
15032.655715942383,2026
15033.658504486084,2042
15034.62290763855,2094
15035.619735717773,2090
15036.616802215576,2042
15037.614822387695,2078
15038.611888885498,2102
15039.6089553833,2160
15040.606260299683,2110
15041.603326797485,2102
15042.601108551025,2112
15043.598175048828,2088
15044.595718383789,2122
15045.59302330017,2098
15046.590328216553,2090
15047.587633132935,2070
15048.584938049316,2118
15049.583196640015,2174
15050.580263137817,2174
15051.57732963562,2090
15052.574634552002,2090
15053.571939468384,2118
15054.569244384766,2160
15055.566310882568,2138
15056.56361579895,2106
15057.56139755249,2094
15058.558225631714,2154
15059.555768966675,2126
15060.553073883057,2118
15061.55014038086,2122
15062.547445297241,2162
15063.544988632202,2154
15064.542055130005,2168
15065.566062927246,2102
15066.56527519226,2110
15067.56067276001,2120
15068.55821609497,2098
15069.556713104248,2138
15070.553064346313,2014
15071.550130844116,2110
15072.548627853394,2150
15073.544979095459,2094
15074.54228401184,2058
15075.576066970825,2084
15076.509952545166,2106
15077.507019042969,2046
15078.50456237793,2042
15079.501152038574,2086
15080.499172210693,2022
15081.496238708496,2062
15082.493305206299,2070
15083.492040634155,2042
15084.487915039062,2062
15085.485935211182,2106
15086.4839553833,2104
15087.481021881104,2122
15088.478326797485,2098
15089.47491645813,2102
15090.47245979309,2142
15091.469764709473,2068
15092.467546463013,2082
15093.464374542236,2112
15094.461679458618,2130
15095.45922279358,2086
15096.45676612854,2098
15097.454071044922,2152
15098.451614379883,2156
15099.448442459106,2166
15100.446224212646,2114
15101.442813873291,2094
15102.440595626831,2100
15103.437662124634,2078
15104.434967041016,2100
15105.432748794556,2064
15106.42957687378,2042
15107.426404953003,2004
15108.425378799438,2064
15109.421968460083,2130
15110.419511795044,2072
15111.418008804321,2072
15112.414836883545,2090
15113.411903381348,2070
15114.40920829773,2082
15115.40675163269,2034
15116.404056549072,2028
15117.401361465454,2032
15118.398904800415,2062
15119.395971298218,2094
15120.3932762146,2034
15121.390104293823,2120
15122.387647628784,2100
15123.384952545166,2106
15124.382019042969,2088
15125.37932395935,2034
15126.375436782837,2058
15127.372741699219,2046
15128.3700466156,2066
15129.367113113403,2040
15130.364418029785,2090
15131.361961364746,2082
15132.359266281128,2082
15133.365869522095,2072
15134.35411453247,2106
15135.351419448853,2118
15136.348485946655,2086
15137.346029281616,2026
15138.343334197998,2066
15139.34063911438,2096
15140.337944030762,2064
15141.335010528564,2064
15142.364025115967,2086
15143.360137939453,2134
15144.357919692993,2134
15145.35665512085,2130
15146.324872970581,2142
15147.34959602356,2130
15148.345947265625,2126
15149.344682693481,2082
15150.341272354126,2118
15151.33810043335,2124
15152.336359024048,2094
15153.333187103271,2106
15154.330015182495,2108
15155.327320098877,2106
15156.325101852417,2094
15157.29308128357,2118
15158.31995010376,2126
15159.317016601562,2156
15160.314559936523,2090
15161.311388015747,2086
15162.309885025024,2078
15163.30623626709,2066
15164.303302764893,2088
15165.301084518433,2082
15166.271924972534,2026
15167.29712486267,2092
15168.293237686157,2086
15169.29030418396,2106
15170.287609100342,2092
15171.285629272461,2094
15173.250913619995,2040
15173.250913619995,2060
15174.24750328064,2066
15175.244569778442,2038
15176.242113113403,2078
15177.239418029785,2070
15178.238153457642,2074
15179.263591766357,2078
15180.261135101318,2066
15181.257963180542,2084
15182.255506515503,2078
15183.252811431885,2134
15184.251070022583,2098
15185.248374938965,2066
15186.245441436768,2022
15187.249422073364,2014
15188.238620758057,2034
15189.235210418701,2030
15190.232753753662,2070
15191.230535507202,2028
15192.227840423584,2066
15193.225860595703,2094
15194.222450256348,2128
15195.21951675415,2082
15196.21753692627,2062
15197.186470031738,2032
15198.211908340454,2012
15199.208736419678,2086
15200.1793384552,2082
15201.204061508179,2078
15202.201128005981,2028
15203.198909759521,2032
15204.197406768799,2026
15205.193996429443,2070
15206.190824508667,2130
15207.16142654419,2096
15208.184957504272,2086
15209.182739257812,2096
15210.180044174194,2112
15211.177587509155,2066
15212.174415588379,2010
15213.172197341919,2074
15214.169025421143,2098
15215.166807174683,2088
15217.136144638062,2106
15217.136144638062,2082
15218.158960342407,2126
15220.152854919434,2150
15221.15159034729,2124
15222.148656845093,2040
15223.145723342896,2070
15224.141836166382,2062
15225.112915039062,2118
15226.136684417725,2146
15227.14376449585,2094
15228.132247924805,2088
15229.129314422607,2088
15230.127811431885,2156
15231.123685836792,2158
15232.120990753174,2118
15233.118772506714,2098
15234.115839004517,2098
15235.114097595215,2106
15236.112117767334,2070
15237.110137939453,2044
15238.104820251465,2090
15239.102602005005,2094
15240.102767944336,2130
15241.09697341919,2094
15242.094993591309,2086
15243.09253692627,2108
15244.089365005493,2116
15245.087385177612,2092
15246.083974838257,2058
15247.082233428955,2078
15248.07858467102,2062
15249.07636642456,2030
15250.065326690674,2070
15251.07216835022,2070
15252.068758010864,2078
15253.066778182983,2086
15254.063606262207,2098
15255.060911178589,2082
15256.05821609497,2106
15257.055759429932,2102
15258.05401802063,2062
15259.067058563232,2028
15260.052919387817,1998
15261.05523109436,2066
15262.027502059937,2070
15263.021230697632,2082
15264.021635055542,2042
15265.021085739136,2026
15266.02029800415,2092
15267.021179199219,2090
15267.997980117798,2082
15268.9950466156,2090
15269.992589950562,2090
15270.989894866943,2078
15271.987199783325,2082
15272.984504699707,2046
15273.982048034668,2062
15274.979591369629,2102
15275.976419448853,2108
15276.97491645813,2102
15277.971029281616,2070
15278.968334197998,2106
15279.966115951538,2174
15280.96342086792,2146
15281.959295272827,2038
15282.956600189209,2044
15283.953666687012,2082
15284.951210021973,2064
15285.948514938354,2078
15286.946058273315,2038
15287.943601608276,2038
15288.94066810608,2026
15289.937734603882,2066
15290.935039520264,2106
15291.932582855225,2070
15292.929887771606,2044
15293.927192687988,2038
15294.92473602295,2090
15295.921802520752,2040
15296.927690505981,2026
15297.968864440918,2024
15298.943758010864,2090
15299.940586090088,2098
15300.93765258789,2070
15301.936149597168,2098
15302.932977676392,2110
15303.930521011353,2120
15304.927587509155,2102
15305.924654006958,2100
15306.92172050476,2110
15307.892560958862,2094
15308.917999267578,2070
15309.914350509644,2082
15310.91833114624,2102
15311.909198760986,2046
15312.906742095947,2102
15313.905000686646,2082
15314.90182876587,2086
15315.905570983887,2070
15316.867351531982,2038
15317.894697189331,2042
15318.889856338501,2034
15319.8881149292,2038
15320.88565826416,2008
15321.882724761963,2038
15322.880744934082,2010
15323.879480361938,2030
15324.87416267395,2014
15325.871467590332,2030
15326.841592788696,2026
15327.867984771729,2078
15328.864574432373,2100
15329.86068725586,2118
15330.859422683716,2200
15331.855773925781,2086
15332.854270935059,2078
15333.850622177124,2030
15334.847688674927,2098
15335.84451675415,2096
15336.842060089111,2084
15337.843894958496,2022
15338.837146759033,2026
15339.834928512573,2078
15340.831518173218,2086
15341.800689697266,2010
15342.825889587402,1974
15345.245361328125,1974
15345.245361328125,2000
15345.818519592285,2036
15346.351623535156,2010
15347.379684448242,2046
15348.516702651978,1994
15349.545240402222,2042
15350.515842437744,2090
15351.53841972351,2098
15352.509021759033,2066
15353.506803512573,2084
15354.536056518555,2126
15355.50832748413,2090
15356.49824142456,2038
15357.494354248047,2034
15358.500003814697,2100
15359.490633010864,2124
15360.48698425293,2126
15361.485481262207,2074
15362.481832504272,2078
15363.48032951355,2102
15364.476680755615,2068
15365.474224090576,2066
15366.472482681274,2002
15367.468118667603,1998
15368.465185165405,1998
15369.463205337524,2008
15370.460510253906,2046
15371.459007263184,2026
15372.457504272461,2014
15373.454093933105,2014
15374.451637268066,2034
15375.44846534729,2026
15376.445293426514,2026
15377.44140625,2030
15378.441333770752,2002
15379.437923431396,2020
15380.463361740112,2006
15381.432294845581,2010
15382.42793083191,2044
15383.424997329712,2040
15384.44447517395,2042
15385.419607162476,2060
15386.416912078857,2126
15387.41660118103,2108
15388.41438293457,2024
15389.411449432373,2036
15390.408754348755,2014
15391.4053440094,2060
15392.422676086426,2056
15393.399953842163,1976
15394.396781921387,2030
15395.39384841919,2062
15396.39139175415,2014
15397.388696670532,2002
15398.386240005493,2030
15399.383068084717,2070
15400.381326675415,2070
15401.37767791748,2022
15402.375221252441,1974
15403.372287750244,2026
15404.370307922363,2028
15405.367612838745,1992
15406.364440917969,2022
15407.362699508667,2032
15408.358335494995,2064
15409.356594085693,2070
15410.353899002075,2106
15411.351203918457,2046
15412.34827041626,1992
15413.345575332642,2014
15414.342880249023,2000
15415.340662002563,2022
15416.338682174683,2000
15417.335271835327,1980
15418.333053588867,2006
15419.330596923828,2000
15420.327186584473,2008
15421.324491500854,2038
15422.321557998657,2004
15423.319101333618,2002
15424.31640625,2016
15425.31442642212,2014
15426.311254501343,2030
15427.3099899292,1962
15428.33423614502,1946
15429.331302642822,2022
15430.329084396362,2034
15431.326389312744,2008
15432.328701019287,2012
15433.338642120361,2066
15434.317111968994,2062
15435.315132141113,2008
15436.312913894653,2014
15437.309265136719,2002
15438.30680847168,2026
15439.303874969482,2004
15440.301418304443,2042
15441.298484802246,2042
15442.295551300049,2010
15443.293571472168,2006
15444.29087638855,2016
15445.287466049194,2066
15446.284532546997,2034
15447.255849838257,2038
15448.279619216919,2030
15449.283838272095,2004
15450.273513793945,2042
15451.271533966064,2036
15452.269077301025,1982
15453.266859054565,1966
15454.263687133789,2024
15455.262184143066,2066
15456.259489059448,2032
15457.227945327759,2002
15458.254098892212,2070
15459.252119064331,2066
15460.249423980713,2026
15461.246490478516,2024
15462.247610092163,2000
15463.240623474121,2016
15464.237928390503,1992
15465.235948562622,1996
15466.233491897583,2010
15467.231750488281,2046
15468.227863311768,2014
15469.224691390991,2044
15470.22271156311,2036
15471.219301223755,2032
15472.216844558716,2010
15473.214626312256,2022
15474.21145439148,2034
15475.180864334106,1982
15476.205825805664,1982
15477.205038070679,1962
15478.200674057007,1982
15479.198455810547,2022
15480.19552230835,2074
15481.19306564331,2066
15482.190132141113,2026
15483.18862915039,2000
15484.185218811035,2034
15485.182285308838,2000
15486.179113388062,1960
15487.179040908813,1974
15488.174676895142,1994
15489.17293548584,2004
15490.168809890747,1970
15492.16341972351,1986
15492.16341972351,2026
15493.160724639893,2012
15494.158267974854,2008
15495.155811309814,2040
15497.152090072632,2042
15497.152090072632,2022
15498.155117034912,2030
15500.114440917969,1998
15500.114440917969,1988
15502.138614654541,2006
15503.134965896606,1998
15504.131317138672,1998
15505.128860473633,2078
15506.126165390015,2078
15507.096290588379,2022
15508.120775222778,2016
15509.11831855774,1994
15510.115146636963,1998
15511.085510253906,2020
15512.109279632568,1986
15513.10682296753,1976
15514.103889465332,1974
15515.101194381714,2004
15516.098976135254,2010
15517.097234725952,2042
15518.095016479492,2010
15519.091367721558,2006
15520.088195800781,2004
15521.085977554321,2022
15522.082328796387,2030
15523.079872131348,2062
15524.077415466309,1980
15525.06160736084,1942
15526.072978973389,2016
15527.072191238403,1982
15528.06806564331,2010
15529.0687084198,2016
15530.063152313232,2062
15531.065940856934,2038
15532.0565700531,2030
15533.054828643799,2002
15534.058332443237,1966
15535.05277633667,2026
15536.051273345947,1990
15537.022352218628,2008
15538.050889968872,1962
15539.051532745361,1982
15540.051698684692,2004
15541.051387786865,1982
15542.004585266113,2084
15542.999267578125,2014
15543.996095657349,2014
15544.99363899231,2000
15545.990467071533,1998
15546.988725662231,2030
15547.985315322876,2002
15548.983097076416,1978
15549.97968673706,1940
15550.97770690918,2012
15551.974534988403,2012
15552.971839904785,2024
15553.969144821167,2010
15554.966926574707,1998
15555.96399307251,2010
15556.962490081787,1990
15557.959079742432,1942
15558.956384658813,1972
15559.953212738037,1978
15560.950517654419,1970
15561.94806098938,1978
15562.945365905762,1976
15563.942432403564,1978
15564.940452575684,1958
15565.937519073486,1998
15566.93696975708,1998
15567.932605743408,2028
15568.93014907837,2002
15569.926977157593,2006
15570.924520492554,2014
15571.921586990356,2014
15572.919368743896,1974
15573.91619682312,1970
15574.913740158081,1962
15575.911521911621,1974
15576.909303665161,2030
15577.905893325806,2062
15578.903198242188,1998
15579.90026473999,1990
15580.897808074951,2004
15581.895112991333,1990
15582.892179489136,1974
15583.88876914978,1950
15584.887027740479,1994
15585.88457107544,1990
15586.882591247559,1934
15587.879419326782,1974
15588.876724243164,2002
15589.874029159546,2006
15590.871095657349,2070
15591.86840057373,2060
15592.865705490112,2026
15593.862771987915,1982
15594.860553741455,2004
15595.857858657837,1968
15596.856117248535,1994
15597.8524684906,1988
15598.849773406982,1990
15599.847078323364,1952
15600.844621658325,2000
15601.841449737549,2028
15602.839231491089,2078
15603.835821151733,2026
15604.833602905273,1974
15605.830669403076,1914
15606.829166412354,1958
15607.825517654419,2004
15608.82306098938,1982
15609.819650650024,1902
15610.817670822144,1908
15611.814498901367,1966
15612.811803817749,1994
15613.80934715271,2006
15614.80689048767,1982
15615.803956985474,1970
15616.802453994751,1966
15617.799520492554,1972
15618.796348571777,1990
15619.793176651001,1970
15620.79119682312,1946
15621.788024902344,1962
15622.785091400146,1988
15623.782396316528,1966
15624.780654907227,2002
15625.777244567871,2062
15626.775026321411,1996
15627.772331237793,2000
15628.769636154175,1978
15629.766464233398,1974
15630.76400756836,1982
15631.761312484741,1994
15632.758617401123,1970
15633.756875991821,1966
15634.753704071045,1978
15635.750770568848,1948
15636.749029159546,1970
15637.745380401611,1974
15638.742923736572,2028
15639.739751815796,2014
15640.737295150757,2002
15641.735315322876,1958
15642.7321434021,1970
15643.729209899902,2008
15644.727230072021,1970
15645.724058151245,1962
15646.722316741943,1950
15647.718667984009,1966
15648.716449737549,2028
15649.713516235352,2034
15650.710821151733,2042
15651.707649230957,2030
15652.705430984497,1998
15653.7024974823,1982
15654.70004081726,1974
15655.697345733643,1978
15656.69560432434,1982
15657.691955566406,1936
15658.689737319946,2002
15659.68656539917,2034
15660.68410873413,1990
15661.681175231934,1974
15662.678241729736,1998
15663.676023483276,1974
15664.674282073975,1958
15665.671348571777,1942
15666.669607162476,1898
15667.667388916016,1914
15668.663740158081,1950
15669.661045074463,1962
15670.658826828003,1930
15671.656131744385,1974
15672.653436660767,1982
15673.650741577148,1998
15674.647808074951,2022
15675.645351409912,1960
15676.642656326294,1964
15677.639961242676,1958
15678.6367893219,1976
15679.632902145386,1994
15680.62973022461,1966
15681.62727355957,1974
15682.624578475952,1998
15683.621883392334,1958
15684.619188308716,2018
15685.616493225098,2030
15686.61379814148,2006
15687.611103057861,2026
15688.608646392822,2012
15689.605951309204,2008
15690.633296966553,1964
15691.630363464355,1966
15692.627906799316,1982
15693.625450134277,1952
15694.622993469238,1958
15695.621490478516,1930
15696.622848510742,1944
15697.587490081787,1966
15698.611736297607,1970
15699.608325958252,1966
15700.607061386108,1954
15701.609373092651,1906
15702.607154846191,1966
15703.598976135254,1944
15704.595565795898,1946
15705.592393875122,1990
15706.563711166382,1978
15707.587480545044,1970
15708.558082580566,1978
15709.582328796387,2002
15710.57939529419,2042
15711.57717704773,2066
15712.57472038269,2014
15713.571786880493,2030
15714.568614959717,1974
15715.566396713257,1970
15716.564416885376,1966
15717.56100654602,1958
15718.55878829956,1966
15719.555377960205,1942
15720.552444458008,1968
15721.550464630127,1942
15722.548007965088,1978
15723.546266555786,1962
15724.54285621643,1962
15725.539445877075,1958
15726.510524749756,1918
15727.505922317505,1938
15728.5315990448,1952
15729.528427124023,1996
15730.525970458984,1934
15731.523513793945,1958
15732.520818710327,1956
15733.489990234375,1966
15734.515190124512,1980
15735.516548156738,2014
15736.481189727783,1990
15737.508296966553,1950
15738.505363464355,1970
15739.50219154358,1974
15740.499496459961,1980
15741.496801376343,1946
15742.494344711304,1974
15743.49594116211,1998
15744.489192962646,2012
15745.485544204712,2002
15746.456861495972,2006
15747.480869293213,2036
15748.47936630249,1970
15749.475479125977,1946
15750.472784042358,1914
15751.47008895874,1914
15752.467632293701,1974
15753.465175628662,1978
15754.462003707886,1970
15755.459308624268,1966
15756.456851959229,1990
15757.461309432983,2016
15758.423328399658,2038
15759.447574615479,2066
15760.44511795044,2064
15761.4426612854,1958
15762.439489364624,2026
15763.437032699585,2008
15764.434099197388,1992
15765.434741973877,2014
15766.40272140503,2004
15767.426490783691,1994
15768.42451095581,2086
15769.420862197876,2082
15770.420789718628,2026
15771.415948867798,2042
15772.412776947021,2042
15773.410320281982,2004
15774.407625198364,1956
15775.404691696167,1974
15776.40175819397,2008
15777.373552322388,2008
15778.396606445312,2014
15779.39486503601,2082
15780.391931533813,2012
15781.388521194458,2006
15782.386302947998,2062
15783.355712890625,2086
15784.381628036499,2102
15785.378456115723,2030
15786.350011825562,2010
15787.37473487854,2002
15788.370370864868,2034
15789.368867874146,2046
15790.364980697632,2042
15791.366577148438,2060
15792.36125946045,2026
15793.366193771362,2102
15794.358968734741,2118
15795.357465744019,2102
15796.348571777344,2002
15797.32084274292,1958
15798.348426818848,1990
15799.340963363647,1994
15800.340414047241,1966
15801.334619522095,1934
15802.331924438477,1974
15803.33137512207,1974
15804.32653427124,1958
15806.296825408936,1974
15806.296825408936,1960
15807.292699813843,1998
15808.347940444946,2024
15809.375762939453,2062
15810.48846244812,2006
15811.484813690186,1994
15812.479496002197,2022
15813.477516174316,2070
15814.47458267212,2106
15815.471649169922,2038
15816.471099853516,2030
15817.466259002686,2026
15818.463563919067,2044
15819.461107254028,2030
15820.45841217041,1978
15821.455955505371,1966
15822.453260421753,1958
15823.451280593872,1950
15824.447870254517,1944
15825.446367263794,1984
15826.416969299316,1992
15827.441453933716,1962
15828.438758850098,1980
15829.437017440796,1990
15830.433130264282,1974
15831.430196762085,2026
15832.427978515625,2022
15833.425521850586,2000
15834.423065185547,1990
15835.41989326477,1960
15836.418151855469,1974
15837.385654449463,1964
15838.413000106812,1998
15839.409589767456,1974
15840.407133102417,2034
15841.40396118164,2026
15842.402935028076,2006
15843.3997631073,1976
15844.396114349365,1972
15845.393896102905,1966
15846.36402130127,1916
15847.388505935669,1912
15848.38604927063,1918
15849.383115768433,1970
15850.380182266235,2030
15851.349830627441,2006
15852.37741470337,1970
15853.376388549805,1976
15854.369163513184,2004
15855.366230010986,2068
15856.370687484741,2014
15857.334852218628,1966
15858.364582061768,1978
15859.355926513672,1946
15860.35418510437,1960
15861.350536346436,1958
15862.348556518555,1966
15863.316059112549,2008
15864.314556121826,1982
15865.311622619629,1976
15866.309881210327,1978
15867.306232452393,1998
15868.304014205933,1962
15869.329690933228,1974
15870.326042175293,1898
15871.323823928833,1942
15872.322797775269,1938
15873.318195343018,1978
15874.3155002594,1974
15875.313520431519,1950
15876.283645629883,1960
15877.307653427124,1990
15878.305196762085,1990
15879.302501678467,2032
15880.299806594849,2022
15881.295919418335,2010
15882.293224334717,1982
15883.291482925415,1958
15884.288311004639,1958
15885.291576385498,1970
15886.283159255981,1990
15887.253522872925,2030
15888.278007507324,2000
15889.274597167969,2026
15890.272378921509,2062
15891.26968383789,2090
15892.266750335693,2034
15893.264055252075,1966
15894.264936447144,1964
15895.25818824768,1978
15896.256446838379,1990
15897.254943847656,2014
15898.250818252563,1978
15900.22587776184,1966
15900.22587776184,1998
15901.218891143799,2006
15902.24027633667,2004
15903.23781967163,1958
15904.237985610962,1990
15905.236005783081,1970
15906.229019165039,1966
15907.227754592896,1958
15908.22434425354,1934
15909.221649169922,1916
15910.220623016357,1958
15911.216974258423,1980
15912.213563919067,1970
15913.210153579712,1990
15914.208173751831,1944
15915.205478668213,1942
15916.202306747437,1966
15917.201042175293,1950
15918.19715499878,1938
15919.194221496582,1918
15920.192003250122,1932
15921.189308166504,1918
15922.186613082886,1966
15923.18344116211,1950
15924.180746078491,1938
15925.151348114014,1944
15926.178693771362,1962
15927.179336547852,1954
15928.170919418335,1962
15929.167985916138,1938
15930.165529251099,1910
15931.163311004639,1918
15932.160377502441,1942
15933.157205581665,1958
15934.154510498047,1974
15935.152292251587,1998
15937.1497631073,2006
15937.1497631073,2008
15938.145160675049,2012
15939.141273498535,2006
15941.136121749878,1990
15942.1067237854,1966
15943.130731582642,1970
15944.128274917603,1970
15945.097923278809,1918
15946.09522819519,1916
15947.120904922485,1954
15948.11725616455,1958
15949.118852615356,1958
15950.084686279297,1970
15951.109886169434,1962
15952.106475830078,1978
15953.104496002197,1994
15954.1015625,1974
15955.099105834961,1966
15956.09712600708,1934
15957.093715667725,1914
15958.06336402893,1946
15959.060668945312,1944
15960.057735443115,1970
15961.054801940918,1944
15962.0521068573,2106
15963.04988861084,1998
15964.047193527222,1930
15965.044260025024,1914
15966.041803359985,1904
15967.040061950684,1882
15968.036651611328,1936
15969.034433364868,1914
15970.031261444092,1934
15971.028327941895,1966
15972.025394439697,1972
15973.023414611816,2014
15974.021196365356,2022
15975.01802444458,1966
15976.015090942383,1980
15977.013111114502,2002
15978.009939193726,1962
15979.007005691528,1946
15980.00454902649,1906
15981.001615524292,1880
15981.998920440674,1878
15982.996463775635,1902
15983.993530273438,1910
15984.99083518982,1938
15985.98861694336,1918
15986.9863986969,1942
15987.982988357544,1896
15988.980293273926,1906
15989.977359771729,1892
15990.97490310669,1850
15991.972208023071,1866
15992.969751358032,1854
15993.966817855835,1862
15994.964361190796,1886
15995.961666107178,1974
15996.959924697876,1974
15997.95651435852,1990
15998.953819274902,1990
15999.970436096191,2044
16000.948667526245,2086
16001.945495605469,2058
16002.943277359009,2068
16003.947257995605,2064
16004.937887191772,2098
16005.935192108154,2022
16006.932973861694,2044
16007.929801940918,2060
16008.927822113037,2078
16009.924411773682,2042
16010.921716690063,2002
16011.919021606445,1930
16012.916564941406,1994
16013.91339302063,1986
16014.910697937012,1946
16015.908241271973,1908
16016.90697669983,1884
16017.903804779053,1914
16018.900871276855,1930
16019.897937774658,1950
16020.894765853882,1956
16021.892070770264,1928
16022.889852523804,1988
16023.886919021606,1942
16024.884223937988,1958
16025.882005691528,1958
16026.879787445068,1974
16027.876377105713,1974
16028.873920440674,1964
16029.870986938477,1930
16030.868291854858,1970
16031.86559677124,1972
16032.86361694336,2010
16033.860921859741,2002
16034.857749938965,1990
16035.854816436768,1990
16036.853313446045,1958
16037.84966468811,1970
16038.847208023071,1902
16039.844274520874,1910
16040.841817855835,1910
16041.839122772217,1958
16042.836666107178,1914
16043.833494186401,1910
16044.831037521362,1936
16045.828342437744,1918
16046.826362609863,1944
16047.823190689087,1900
16048.820495605469,1870
16049.81780052185,1894
16050.815105438232,1958
16051.812171936035,1938
16052.809715270996,1914
16053.807020187378,1852
16054.80432510376,1918
16055.801630020142,1998
16056.800127029419,1962
16057.796955108643,1958
16058.794260025024,1958
16059.791088104248,1976
16060.788869857788,1978
16061.785697937012,1918
16062.783479690552,1974
16063.780784606934,1974
16064.778089523315,1974
16065.774202346802,1974
16066.771507263184,1998
16067.768812179565,2026
16068.766117095947,2078
16069.76342201233,2002
16070.760726928711,2012
16071.758270263672,2006
16072.755336761475,1994
16073.752880096436,2066
16074.779510498047,1998
16075.777292251587,1974
16076.77412033081,1966
16077.744960784912,1962
16078.769445419312,1964
16079.766511917114,1974
16080.763816833496,2030
16081.787824630737,2008
16082.75818824768,2004
16083.771705627441,1960
16084.753274917603,1974
16085.775375366211,1962
16086.735725402832,1918
16087.73159980774,1978
16088.742017745972,1936
16089.74003791809,1938
16090.737342834473,1946
16091.705799102783,1958
16092.731952667236,2032
16093.729019165039,2036
16094.72632408142,2024
16095.724821090698,2066
16096.723556518555,2078
16097.719430923462,2032
16098.716259002686,2030
16099.71284866333,2032
16100.710391998291,2010
16101.707458496094,2014
16102.705240249634,2006
16103.702783584595,1978
16104.69937324524,2010
16105.6969165802,1982
16106.667757034302,1974
16107.69271850586,1968
16108.689308166504,1938
16109.687328338623,1948
16110.683917999268,1942
16111.65165901184,1960
16112.651109695435,1966
16113.648414611816,1982
16114.64548110962,1950
16115.656614303589,1958
16116.639137268066,1950
16117.638111114502,1974
16118.662595748901,1994
16119.659662246704,2010
16120.657205581665,1990
16121.654510498047,2004
16122.652292251587,2038
16123.653411865234,2062
16124.653577804565,2016
16125.643491744995,2042
16126.646280288696,2036
16127.638339996338,2072
16128.63540649414,2120
16129.63318824768,2134
16130.630731582642,2118
16131.628274917603,2096
16132.625341415405,2042
16133.622646331787,2060
16134.626865386963,2062
16135.617017745972,2002
16136.587858200073,2002
16137.612104415894,1994
16138.609170913696,1982
16139.61148262024,1934
16140.60378074646,1904
16141.603469848633,1898
16142.598152160645,1938
16143.579959869385,1862
16144.597291946411,1838
16145.590543746948,1844
16146.589040756226,1862
16147.586107254028,1872
16148.582220077515,1914
16149.579524993896,1906
16150.578022003174,1940
16151.57413482666,1882
16152.572393417358,1936
16153.573036193848,1914
16154.56771850586,1874
16155.563831329346,1882
16156.534671783447,1894
16157.55820274353,1902
16158.52665901184,1894
16159.561157226562,1898
16160.521745681763,1870
16161.519289016724,1906
16162.516832351685,1886
16163.513660430908,1894
16164.539575576782,1888
16165.53783416748,1846
16166.5358543396,1870
16167.50431060791,1918
16170.25351524353,1980
16170.25351524353,1966
16170.25351524353,1962
16171.258449554443,2014
16172.763109207153,2006
16173.267126083374,2030
16174.2684841156,1998
16175.265789031982,2002
16176.263570785522,1978
16177.260875701904,2022
16178.258419036865,1970
16179.25477027893,1944
16180.252075195312,1936
16181.248903274536,1930
16182.246685028076,1898
16183.2435131073,1882
16184.241533279419,1918
16185.238599777222,1946
16186.235666275024,1958
16187.234163284302,1934
16188.230991363525,1958
16189.227819442749,1996
16190.224647521973,1972
16191.222190856934,1978
16192.219972610474,1942
16193.216562271118,1906
16194.2138671875,1882
16195.21188735962,1830
16196.208715438843,1850
16197.206020355225,1864
16198.204040527344,1878
16199.200630187988,1894
16200.197219848633,1872
16202.192306518555,1930
16202.192306518555,1930
16203.200101852417,1898
16204.187631607056,1848
16205.185413360596,1862
16206.182479858398,1830
16207.180738449097,1870
16208.177089691162,1902
16209.174633026123,1882
16210.171461105347,1894
16211.168766021729,1912
16212.166547775269,1914
16213.163375854492,1946
16214.160919189453,1958
16215.158700942993,1950
16216.155767440796,1918
16217.153072357178,1910
16218.150854110718,1946
16219.147443771362,1960
16221.142530441284,1950
16221.142530441284,1968
16222.139835357666,1978
16223.13666343689,2000
16225.13222694397,2014
16226.129055023193,1996
16227.126598358154,1958
16228.123664855957,1910
16229.121208190918,1928
16230.118036270142,1894
16231.115341186523,1904
16232.113122940063,1930
16233.110189437866,1936
16234.107971191406,1898
16235.105276107788,1834
16236.101865768433,1818
16237.099885940552,1810
16238.097190856934,1822
16239.094257354736,1842
16240.091323852539,1832
16241.0888671875,1822
16242.08688735962,1842
16243.083715438843,1814
16244.081020355225,1832
16245.078325271606,1808
16246.07539176941,1818
16247.07317352295,1818
16248.070478439331,1746
16249.067783355713,1774
16250.065565109253,1754
16251.062154769897,1750
16252.059698104858,1776
16253.05700302124,1702
16254.054069519043,1714
16255.051374435425,1782
16256.048917770386,1830
16257.046699523926,1856
16258.043766021729,1902
16259.04107093811,1914
16260.037899017334,1948
16261.035442352295,1946
16262.032985687256,1960
16263.030052185059,1978
16264.02759552002,2024
16265.024662017822,1978
16266.022443771362,1942
16267.02070236206,1902
16268.017530441284,1838
16269.014358520508,1870
16270.01166343689,1880
16271.00944519043,1906
16272.006511688232,1850
16273.004055023193,1898
16274.001121520996,1994
16275.003910064697,2000
16275.995969772339,1950
16276.9935131073,1902
16277.990579605103,1898
16278.987884521484,1898
16279.985189437866,1874
16280.982494354248,1842
16281.980037689209,1830
16282.975912094116,1842
16283.973217010498,1810
16284.9702835083,1850
16285.967588424683,1842
16286.965131759644,1910
16287.970542907715,1910
16288.959741592407,1898
16289.957046508789,1898
16290.95435142517,1842
16291.951656341553,1824
16292.948722839355,1802
16293.946266174316,1788
16294.943571090698,1756
16295.94087600708,1736
16296.938419342041,1770
16297.935724258423,1822
16298.935174942017,1792
16299.960374832153,1782
16300.956964492798,1808
16301.954507827759,1820
16302.952527999878,1814
16303.949356079102,1802
16304.946660995483,1746
16305.943965911865,1732
16306.941032409668,1742
16307.91187286377,1758
16308.936595916748,1790
16309.937953948975,1804
16310.936450958252,1792
16311.927556991577,1866
16312.925577163696,1914
16313.923120498657,1906
16314.892292022705,1910
16315.889120101929,1840
16316.88666343689,1844
16317.883968353271,1850
16318.881034851074,1770
16319.878816604614,1714
16320.875883102417,1702
16321.873188018799,1786
16322.87073135376,1814
16323.868036270142,1826
16324.865102767944,1816
16325.862407684326,1786
16326.859951019287,1754
16327.857494354248,1790
16328.854322433472,1830
16329.850435256958,1842
16330.877542495728,1866
16331.87460899353,1842
16332.87262916565,1882
16333.87041091919,1914
16334.866762161255,1934
16335.870265960693,1910
16336.868286132812,1886
16337.859869003296,1910
16338.857412338257,1874
16339.853286743164,1838
16340.858459472656,1782
16341.848134994507,1790
16342.845439910889,1734
16343.84298324585,1682
16344.811916351318,1654
16345.836162567139,1618
16346.80724143982,1624
16347.830533981323,1654
16348.827838897705,1750
16349.826097488403,1790
16350.831031799316,1822
16351.821422576904,1894
16352.818727493286,2002
16353.818416595459,2110
16354.813814163208,2120
16355.81088066101,2064
16356.807231903076,2024
16357.805252075195,1968
16358.80422592163,1958
16359.80248451233,1934
16360.76807975769,1886
16361.765146255493,1870
16362.762212753296,1818
16363.759756088257,1746
16364.757061004639,1730
16365.754127502441,1724
16366.751909255981,1726
16367.748975753784,1736
16368.746280670166,1738
16369.743585586548,1758
16370.74089050293,1742
16371.739149093628,1748
16372.735500335693,1748
16373.733043670654,1746
16374.730348587036,1720
16375.757694244385,1754
16376.734256744385,1788
16377.751350402832,1822
16378.77106666565,1878
16379.746913909912,1902
16380.747318267822,1942
16381.741285324097,1946
16382.7383518219,1958
16383.73589515686,1960
16384.732961654663,1974
16385.730743408203,1966
16386.728286743164,1936
16387.725353240967,1872
16388.730764389038,1878
16389.720678329468,1874
16390.71750640869,1874
16391.68691635132,1862
16392.712116241455,1850
16393.709182739258,1886
16394.70624923706,1946
16395.703554153442,1944
16396.674394607544,1990
16397.698879241943,1974
16398.696422576904,1982
16399.693250656128,1992
16400.69055557251,1916
16401.69382095337,1994
16402.68564224243,1958
16403.68342399597,1960
16404.680728912354,1966
16405.677795410156,1886
16406.67462348938,1818
16407.67192840576,1772
16408.668994903564,1782
16409.667253494263,1754
16410.664558410645,1694
16411.6632938385,1596
16412.65821456909,1598
16413.65647315979,1598
16414.65449333191,1654
16415.650844573975,1726
16416.63908958435,1782
16417.646408081055,1912
16418.64275932312,1962
16419.639825820923,1966
16420.637845993042,1978
16421.60701751709,1966
16422.604084014893,1902
16423.601150512695,1944
16424.598693847656,1994
16425.595998764038,2090
16426.59306526184,2154
16427.59084701538,2154
16428.588151931763,2142
16429.585218429565,2164
16430.582523345947,2166
16431.58006668091,2158
16432.57713317871,2202
16433.574438095093,2214
16434.572219848633,2166
16435.569286346436,2150
16436.565399169922,2098
16437.562465667725,2090
16438.560009002686,2034
16439.557313919067,2000
16440.55438041687,1982
16441.551685333252,1974
16442.548990249634,1956
16443.546295166016,1934
16444.543600082397,1964
16445.54090499878,1990
16446.53820991516,1940
16447.535753250122,1894
16448.532819747925,1872
16449.530124664307,1886
16450.527906417847,1944
16451.52497291565,1850
16452.552795410156,1854
16453.54914665222,1886
16454.546689987183,1878
16455.5447101593,1886
16456.541776657104,1904
16457.512140274048,1914
16458.53567123413,1910
16459.53345298767,1878
16460.530519485474,1900
16461.527824401855,1942
16462.525844573975,1960
16463.5226726532,2022
16464.51997756958,2024
16465.517044067383,2034
16466.487884521484,2072
16467.511892318726,2038
16468.48177909851,2028
16469.505786895752,1970
16470.502376556396,1914
16471.500158309937,1918
16472.49698638916,1898
16473.49452972412,1854
16474.49231147766,1934
16475.49057006836,1944
16476.460695266724,2032
16477.484226226807,2038
16478.482961654663,2066
16479.482650756836,2066
16480.475664138794,2078
16481.475353240967,2096
16482.470512390137,2062
16483.439683914185,2014
16484.436750411987,2002
16485.43429374695,1950
16486.43159866333,1942
16487.428665161133,1970
16488.425970077515,1960
16489.423751831055,1948
16490.420818328857,2004
16491.41812324524,2070
16492.4156665802,2088
16493.412971496582,2034
16494.410276412964,1950
16495.407819747925,1966
16496.405124664307,2034
16497.40219116211,2086
16498.42882156372,2098
16499.425888061523,2150
16500.422477722168,2190
16501.42002105713,2182
16502.41732597351,2154
16503.414630889893,2122
16504.411935806274,2078
16505.41067123413,2094
16506.406545639038,2046
16507.404804229736,1998
16508.397102355957,1988
16509.398460388184,2004
16510.3976726532,2030
16511.393547058105,2084
16512.391567230225,2086
16513.388872146606,2094
16514.358520507812,2096
16515.355825424194,2096
16516.353368759155,2110
16517.350673675537,2106
16518.348217010498,2106
16519.3452835083,2126
16520.342588424683,2040
16521.339893341064,1974
16522.337436676025,1962
16523.334503173828,1914
16524.33180809021,1866
16525.32935142517,1738
16526.326656341553,1680
16527.324438095093,1642
16528.321266174316,1642
16529.318809509277,1700
16530.31611442566,1782
16531.313180923462,1790
16532.310724258423,1850
16533.31995010376,1910
16534.305334091187,1946
16535.30263900757,1966
16536.30018234253,1994
16537.29820251465,1986
16538.294553756714,1978
16539.292097091675,1970
16540.289163589478,1932
16541.28670692444,1904
16542.28401184082,1938
16543.281316757202,1958
16544.278621673584,1908
16545.276165008545,1906
16546.27299308777,1954
16547.27053642273,2026
16548.26807975769,2066
16549.265146255493,2030
16550.262689590454,2044
16551.259756088257,2034
16552.25706100464,2078
16553.2546043396,2062
16554.25190925598,2094
16555.249214172363,2070
16556.246519088745,2002
16557.244539260864,2078
16558.241367340088,2102
16561.203479766846,2078
16561.203479766846,2034
16561.203479766846,2026
16562.209367752075,2038
16563.7149810791,2006
16564.21947479248,1934
16565.21987915039,1990
16566.216945648193,1966
16567.214965820312,1978
16568.211793899536,1956
16569.209098815918,1906
16570.2064037323,1994
16571.20394706726,1974
16572.201013565063,1938
16573.198318481445,1956
16574.195861816406,1958
16575.194120407104,1930
16576.219081878662,1930
16577.216148376465,1902
16578.213453292847,1918
16579.215049743652,1990
16580.207586288452,2034
16581.210613250732,2088
16582.202434539795,2010
16584.17296409607,2090
16584.17296409607,2118
16586.163759231567,2130
16586.163759231567,2034
16587.197065353394,2010
16588.19079399109,2010
16589.183807373047,2010
16590.18111228943,2038
16591.18604660034,1970
16592.175722122192,1978
16593.173265457153,1974
16594.142198562622,2002
16595.139741897583,1970
16596.136808395386,1974
16597.16248512268,1958
16598.161220550537,2010
16600.126266479492,2008
16600.126266479492,1978
16601.151943206787,1948
16602.14877128601,1926
16603.14631462097,1988
16604.143619537354,1942
16606.11128807068,2006
16607.10883140564,2058
16608.10661315918,2106
16609.102725982666,2174
16610.09979248047,2216
16611.09709739685,2216
16612.094402313232,2162
16613.091707229614,2174
16614.089012145996,2130
16615.086317062378,2122
16616.08362197876,2096
16617.08164215088,2090
16618.078231811523,2104
16619.075775146484,2014
16620.073080062866,2002
16621.070384979248,2030
16622.068166732788,2096
16623.06547164917,2070
16624.062299728394,2070
16625.06651878357,2066
16626.057147979736,2060
16627.054452896118,2030
16628.0517578125,2006
16629.04953956604,2030
16630.046367645264,1996
16631.043672561646,2002
16632.040977478027,2036
16633.03852081299,2006
16634.03582572937,2030
16635.032892227173,2026
16636.030197143555,2030
16637.028455734253,1990
16638.02480697632,1958
16639.02187347412,2002
16640.021324157715,2044
16641.018390655518,2088
16642.01521873474,2014
16643.01824569702,2034
16644.009828567505,2032
16645.006895065308,2098
16646.00419998169,2070
16647.00150489807,2078
16647.998809814453,2090
16648.995876312256,2064
16650.009393692017,2014
16650.990962982178,1998
16651.98802947998,1934
16652.986526489258,1878
16653.982877731323,1854
16654.980182647705,1914
16655.977249145508,1962
16656.975269317627,1978
16657.97209739685,2038
16658.969402313232,2070
16659.966707229614,1974
16660.964250564575,2006
16661.961555480957,1998
16662.95862197876,1982
16663.9564037323,2022
16664.95370864868,2042
16665.950536727905,2070
16666.947603225708,2066
16667.974948883057,2086
16668.944120407104,2090
16669.939756393433,2082
16670.965433120728,2030
16671.966314315796,2032
16672.959566116333,2070
16673.956871032715,2030
16674.954652786255,2014
16675.92477798462,2038
16676.949739456177,2042
16677.919387817383,2084
16678.943395614624,2062
16679.940700531006,2034
16680.938243865967,2110
16681.93554878235,2150
16682.940006256104,2142
16683.901071548462,2100
16684.898376464844,2042
16685.895681381226,2038
16686.893224716187,2066
16687.89052963257,2014
16688.88759613037,2044
16689.89324569702,2036
16690.882444381714,2038
16691.879987716675,2044
16692.877054214478,2040
16693.87459754944,2022
16694.87166404724,2066
16695.868968963623,2030
16696.866750717163,2002
16697.863578796387,1958
16698.8742351532,1962
16699.85818862915,2010
16700.857400894165,2016
16701.85422897339,1958
16702.85201072693,2008
16703.84907722473,2110
16704.846382141113,2162
16705.843687057495,2226
16706.840991973877,2202
16707.838535308838,2212
16708.83560180664,2222
16709.8331451416,2202
16710.830450057983,2202
16711.827754974365,2186
16712.824821472168,2166
16713.823556900024,2142
16714.82014656067,2142
16715.81745147705,2058
16716.814517974854,2030
16717.811822891235,2012
16718.809127807617,1990
16719.806432724,1974
16720.80373764038,1978
16721.801042556763,2006
16722.798347473145,2066
16723.795890808105,2126
16724.793195724487,2118
16725.79073905945,2126
16726.78804397583,2176
16727.785110473633,2170
16728.782415390015,2200
16729.780197143555,2202
16730.790376663208,2190
16731.77433013916,2192
16732.771635055542,2154
16733.768939971924,2094
16734.766483306885,2126
16735.763788223267,2138
16736.76109313965,2162
16737.75863647461,2142
16738.75594139099,2122
16739.753007888794,2126
16740.750312805176,2124
16741.747856140137,2154
16742.74516105652,2120
16743.7424659729,2098
16744.759798049927,2090
16745.750904083252,2072
16746.733903884888,2014
16747.73073196411,2034
16748.729944229126,2078
16749.727249145508,2102
16750.72479248047,2118
16751.72185897827,2194
16752.718687057495,2190
16753.715991973877,2188
16754.713535308838,2198
16755.71036338806,2174
16756.707668304443,2102
16757.704973220825,2082
16758.702754974365,2038
16759.699821472168,2038
16760.69712638855,2066
16761.693954467773,2026
16762.691736221313,2022
16763.688802719116,2034
16764.686584472656,2066
16765.684127807617,2118
16766.682147979736,2190
16767.678260803223,2186
16768.676042556763,2158
16769.673109054565,2214
16770.670413970947,2192
16771.66724205017,2192
16772.66502380371,2214
16773.662090301514,2170
16774.659395217896,2190
16775.667905807495,2202
16776.65424346924,2222
16777.6517868042,2224
16778.64933013916,2246
16779.645919799805,2164
16780.643939971924,2158
16781.640768051147,2126
16782.63807296753,2098
16783.63537788391,2090
16784.632921218872,2014
16785.630226135254,2030
16786.628484725952,2024
16787.625312805176,2058
16788.622617721558,2030
16789.619207382202,2058
16790.615797042847,2130
16791.61310195923,2138
16792.61016845703,2190
16793.607473373413,2174
16794.604778289795,2158
16795.602083206177,2162
16796.59938812256,2170
16797.59669303894,2172
16798.5942363739,2122
16799.591302871704,2150
16800.588607788086,2166
16801.585912704468,2174
16802.58345603943,2198
16803.58076095581,2162
16804.578065872192,2122
16805.57680130005,2134
16806.57458305359,2220
16807.571172714233,2162
16808.568716049194,2190
16809.565544128418,2250
16810.563325881958,2266
16811.56039237976,2256
16812.55793571472,2254
16813.555002212524,2254
16814.552068710327,2276
16815.577030181885,2262
16816.57576560974,2224
16817.572116851807,2174
16818.570375442505,2174
16819.56648826599,2162
16820.563554763794,2170
16821.560859680176,2134
16822.558403015137,2154
16823.556423187256,2154
16824.55563545227,2166
16825.552701950073,2160
16826.549291610718,2146
16827.54635810852,2146
16828.54390144348,2150
16829.54502105713,2118
16830.538272857666,2102
16831.535816192627,2118
16832.533359527588,2188
16833.502292633057,2162
16834.527730941772,2128
16835.52598953247,2162
16836.525678634644,2166
16837.493181228638,2190
16838.489532470703,2224
16839.486360549927,2218
16840.483903884888,2198
16841.48097038269,2162
16842.506647109985,2126
16843.50347518921,2118
16844.50078010559,2102
16845.49903869629,2126
16846.49610519409,2126
16847.49460220337,2134
16848.491430282593,2122
16849.48754310608,2158
16850.48508644104,2216
16851.482152938843,2164
16852.479934692383,2090
16853.477001190186,2078
16854.474306106567,2094
16855.47685623169,2044
16856.44245147705,2038
16857.466459274292,2006
16858.43563079834,2026
16859.461307525635,2024
16860.458612442017,2070
16861.45520210266,2134
16862.452745437622,2074
16863.45100402832,2122
16864.448070526123,2106
16865.444898605347,2104
16866.443157196045,2116
16867.411613464355,2110
16868.408918380737,2130
16869.40574645996,2166
16870.402336120605,2218
16871.43039703369,2166
16872.426509857178,2174
16873.429775238037,2214
16874.42111968994,2238
16875.420093536377,2224
16876.415729522705,2222
16877.414226531982,2190
16878.410577774048,2222
16879.40812110901,2166
16880.40590286255,2194
16881.402730941772,2198
16882.400035858154,2174
16883.371353149414,2182
16884.366273880005,2202
16885.391235351562,2214
16886.389017105103,2170
16887.35818862915,2246
16888.38505744934,2210
16889.381170272827,2246
16890.37823677063,2214
16891.376733779907,2174
16892.37332344055,2190
16893.370389938354,2172
16894.367933273315,2174
16895.364999771118,2194
16896.33560180664,2232
16897.36032485962,2222
16900.062084197998,2234
16900.32458305359,2258
16900.32458305359,2266
16901.320457458496,2286
16902.459144592285,2190
16903.4903049469,2162
16904.456853866577,2150
16905.4536819458,2172
16906.45122528076,2168
16907.44924545288,2170
16908.446311950684,2158
16909.472227096558,2134
16910.46929359436,2168
16911.46683692932,2204
16912.464380264282,2214
16913.460969924927,2204
16914.458513259888,2166
16915.45557975769,2202
16916.426181793213,2174
16917.45114326477,2166
16918.451070785522,2170
16919.445276260376,2158
16920.442819595337,2142
16921.44012451172,2142
16922.436952590942,2156
16923.434734344482,2186
16924.431800842285,2162
16925.429344177246,2122
16926.426649093628,2102
16927.396774291992,2084
16928.42173576355,2090
16929.418802261353,2090
16930.41706085205,2072
16931.413650512695,2026
16932.410717010498,2042
16933.40802192688,2090
16934.406042099,2102
16935.402393341064,2106
16936.372995376587,2126
16937.397003173828,2130
16938.395500183105,2122
16939.39256668091,2118
16940.389394760132,2134
16941.386699676514,2106
16942.384481430054,2214
16943.381547927856,2170
16944.377899169922,2196
16945.376873016357,2214
16946.37370109558,2158
16947.344064712524,2198
16948.368549346924,2186
16949.36490058899,2184
16950.36220550537,2162
16951.360940933228,2134
16952.357292175293,2126
16953.354358673096,2166
16954.35667037964,2194
16955.34896850586,2134
16956.31980895996,2190
16957.343816757202,2206
16958.343029022217,2194
16959.338426589966,2170
16960.30616760254,2190
16961.30347251892,2194
16962.300777435303,2194
16963.298082351685,2186
16964.295148849487,2150
16965.29269218445,2160
16966.28999710083,2218
16967.28754043579,2234
16968.284845352173,2244
16969.282150268555,2246
16970.28088569641,2254
16971.306800842285,2222
16972.304105758667,2162
16973.301649093628,2118
16974.299907684326,2106
16975.29673576355,2106
16976.266145706177,2098
16977.291584014893,2082
16978.288650512695,2122
16979.28524017334,2124
16980.28326034546,2134
16981.279611587524,2134
16982.276916503906,2154
16983.275175094604,2170
16984.27176475525,2174
16985.272645950317,2170
16986.268281936646,2130
16987.236738204956,2138
16988.261222839355,2082
16989.259243011475,2122
16990.25559425354,2134
16991.252899169922,2138
16992.25878715515,2126
16993.247985839844,2158
16994.245290756226,2174
16995.242595672607,2128
16996.24013900757,2166
16997.236728668213,2186
16998.234272003174,2122
16999.231815338135,2130
17000.229120254517,2118
17001.232385635376,2122
17002.22373008728,2112
17003.221035003662,2136
17004.21929359436,2158
17005.216121673584,2194
17006.212949752808,2214
17007.211923599243,2226
17008.20755958557,2224
17009.205102920532,2228
17010.201930999756,2206
17011.199712753296,2218
17012.197017669678,2202
17013.19456100464,2214
17014.192819595337,2230
17015.189170837402,2262
17016.186952590942,2270
17017.18521118164,2218
17018.181324005127,2222
17019.17839050293,2202
17020.175457000732,2230
17021.17347717285,2230
17022.169828414917,2198
17023.167610168457,2170
17025.16269683838,2186
17026.159286499023,2126
17027.129888534546,2154
17028.153896331787,2198
17029.152631759644,2206
17030.14874458313,2212
17031.14628791809,2214
17032.143354415894,2202
17033.140897750854,2198
17034.14273262024,2206
17035.136222839355,2156
17036.13305091858,2138
17037.13035583496,2134
17038.127660751343,2160
17039.132356643677,2202
17040.122270584106,2218
17041.119813919067,2222
17042.11711883545,2194
17043.11466217041,2250
17044.111490249634,2184
17045.111894607544,2206
17046.106815338135,2134
17047.105073928833,2156
17048.10070991516,2198
17049.098253250122,2138
17050.101280212402,2174
17051.09405517578,2158
17052.091121673584,2170
17053.08747291565,2138
17054.08525466919,2190
17055.082321166992,2172
17056.079387664795,2166
17057.049989700317,2186
17058.074474334717,2166
17059.0717792511,2206
17060.075044631958,2106
17061.06686592102,2138
17062.065839767456,2126
17063.060760498047,2190
17064.058303833008,2228
17065.05584716797,2254
17066.05291366577,2234
17067.058563232422,2190
17068.047523498535,2164
17069.045066833496,2170
17070.04189491272,2158
17071.040630340576,2150
17072.03698158264,2150
17073.034048080444,2154
17074.031114578247,2150
17074.999809265137,2142
17076.026439666748,2170
17076.99751853943,2170
17078.02152633667,2186
17079.018354415894,2218
17080.015420913696,2256
17081.012964248657,2214
17082.01241493225,2210
17083.00757408142,2210
17084.004878997803,2194
17085.001707077026,2162
17085.999488830566,2130
17086.970567703247,2150
17087.99433708191,2184
17088.99188041687,2246
17089.996337890625,2230
17090.98720550537,2210
17091.984272003174,2190
17092.981576919556,2170
17093.981742858887,2170
17094.97594833374,2138
17095.973014831543,2106
17096.970319747925,2110
17097.967624664307,2130
17098.96492958069,2142
17099.96247291565,2134
17100.96001625061,2156
17101.956605911255,2152
17102.954387664795,2154
17103.958129882812,2134
17104.94899749756,2162
17105.94630241394,2170
17106.921195983887,2142
17107.91254043579,2078
17108.938217163086,2138
17109.935522079468,2162
17110.933780670166,2118
17111.903429031372,2152
17112.92862892151,2158
17113.92617225647,2188
17114.922523498535,2200
17115.920543670654,2118
17116.917371749878,2130
17117.91467666626,2140
17118.91198158264,2154
17119.909524917603,2134
17120.905876159668,2154
17121.90341949463,2158
17122.905015945435,2162
17123.89850616455,2130
17124.895572662354,2112
17125.892400741577,2166
17126.864194869995,2142
17127.887725830078,2168
17128.88526916504,2120
17129.882097244263,2158
17130.880117416382,2184
17131.876707077026,2162
17132.875680923462,2110
17133.873462677002,2138
17134.870052337646,2162
17135.86711883545,2174
17136.836767196655,2204
17137.860774993896,2222
17138.8578414917,2210
17139.85562324524,2162
17140.854358673096,2174
17141.85070991516,2158
17142.848014831543,2154
17143.844604492188,2154
17144.84429359436,2138
17145.869493484497,2110
17146.838188171387,2122
17147.83477783203,2132
17148.83017539978,2138
17149.82795715332,2170
17150.825262069702,2130
17151.822566986084,2198
17152.819871902466,2130
17153.819799423218,2130
17154.815435409546,2122
17155.81178665161,2152
17156.782627105713,2120
17157.807111740112,2102
17158.803701400757,2136
17159.80339050293,2198
17160.802364349365,2206
17161.79585456848,2164
17162.792682647705,2136
17163.792371749878,2134
17164.787769317627,2126
17165.78483581543,2126
17166.75615310669,2078
17167.779684066772,2094
17168.74885559082,2132
17169.774532318115,2110
17170.771837234497,2094
17171.7689037323,2122
17172.765970230103,2140
17173.763513565063,2168
17174.761056900024,2136
17175.758838653564,2138
17176.729679107666,2120
17177.76131629944,2134
17179.990530014038,2136
17179.990530014038,2102
17180.747509002686,2108
17181.278705596924,2094
17182.838678359985,2112
17183.37106704712,2162
17184.398412704468,2170
17185.38212776184,2154
17186.367988586426,2186
17187.363862991333,2130
17188.390731811523,2128
17189.388036727905,2100
17190.386056900024,2130
17191.35308265686,2150
17192.38543510437,2086
17193.38345527649,2094
17194.344997406006,2098
17195.341110229492,2098
17196.33936882019,2102
17197.338104248047,2098
17198.333024978638,2122
17199.33271408081,2106
17200.329542160034,2064
17201.3258934021,2090
17202.32319831848,2118
17203.320503234863,2034
17204.318046569824,2030
17205.315351486206,2066
17206.313133239746,2126
17207.30948448181,2094
17208.30750465393,2148
17209.303379058838,2166
17210.30306816101,2182
17211.30061149597,2154
17212.296962738037,2078
17213.293313980103,2106
17214.291095733643,2154
17215.288400650024,2160
17216.285467147827,2098
17217.284202575684,2124
17218.28055381775,2154
17219.277381896973,2120
17220.274925231934,2138
17221.271991729736,2130
17222.269535064697,2098
17223.2666015625,2070
17224.2648601532,2094
17226.271867752075,2070
17226.271867752075,2034
17227.256059646606,2042
17228.253602981567,2118
17229.25043106079,2058
17230.24868965149,2004
17231.245756149292,2040
17232.243299484253,2098
17233.240365982056,2118
17234.238147735596,2110
17235.2352142334,2078
17236.2322807312,2082
17237.229824066162,2068
17238.227605819702,2082
17239.224672317505,2078
17240.221977233887,2042
17241.21880531311,2086
17242.21682548523,2126
17243.213653564453,2106
17244.210958480835,2100
17245.208740234375,2070
17246.2055683136,2086
17247.20335006714,2106
17248.200178146362,2066
17249.197483062744,2038
17250.195503234863,2060
17251.192092895508,2118
17252.189874649048,2106
17253.18694114685,1994
17254.184246063232,2036
17255.182027816772,2022
17256.179094314575,2064
17257.177114486694,2130
17258.17370414734,2122
17260.167598724365,2038
17260.167598724365,2012
17261.16633415222,2036
17262.162923812866,2022
17264.15753364563,2038
17265.15483856201,2038
17266.152381896973,2034
17267.15087890625,2078
17268.147230148315,2042
17269.14405822754,2078
17270.14183998108,2120
17271.138429641724,2134
17272.136449813843,2162
17273.133516311646,2090
17274.131059646606,2062
17275.12836456299,2078
17276.12543106079,2078
17277.12321281433,2014
17278.12099456787,2062
17279.117584228516,2058
17280.115365982056,2014
17281.112909317017,2070
17282.10949897766,2088
17283.106565475464,2078
17284.10506248474,2068
17285.101413726807,2086
17286.099910736084,2030
17287.097215652466,2006
17288.09428215027,2042
17289.09134864807,2062
17290.088891983032,2086
17291.086435317993,2040
17292.083501815796,2038
17293.080806732178,2042
17294.07811164856,2064
17295.07541656494,2098
17296.072721481323,2110
17297.070264816284,2062
17298.067808151245,2032
17299.064874649048,2010
17300.06217956543,2024
17301.06019973755,2028
17302.057027816772,2030
17303.054094314575,2032
17304.051637649536,2064
17305.048942565918,2098
17306.04600906372,2060
17307.04402923584,2078
17308.040857315063,2082
17309.040546417236,2094
17310.035228729248,2038
17311.033010482788,1978
17312.03007698059,2022
17313.027381896973,2042
17314.024686813354,2090
17315.022230148315,2038
17316.019535064697,2084
17317.018747329712,2034
17318.015098571777,2102
17319.011926651,2130
17320.008754730225,2118
17321.006536483765,2106
17322.00336456299,2044
17323.00090789795,2022
17323.997974395752,2008
17325.000047683716,2068
17325.993061065674,2030
17326.990604400635,2060
17327.98719406128,2082
17328.98473739624,2102
17329.982042312622,2120
17330.979347229004,2142
17331.977367401123,2154
17332.974195480347,2070
17333.97150039673,2046
17334.96856689453,2022
17335.966110229492,1990
17336.96413040161,2008
17337.960720062256,2000
17338.958263397217,2066
17339.95532989502,2094
17340.9526348114,2102
17341.950178146362,2126
17342.947483062744,2098
17343.944787979126,2142
17344.942331314087,2154
17345.93963623047,2082
17346.935987472534,1978
17347.93257713318,1950
17348.92988204956,1966
17349.942922592163,1946
17350.924730300903,1978
17351.921796798706,1948
17352.919101715088,2038
17353.91640663147,2034
17354.94375228882,2058
17355.940341949463,2098
17356.938123703003,2102
17357.908725738525,2098
17358.932733535767,2064
17359.93003845215,2138
17360.92734336853,2132
17361.924648284912,2156
17362.92266845703,2110
17363.918781280518,2110
17364.91584777832,2102
17365.91339111328,2086
17366.912126541138,2134
17367.90895462036,2106
17368.906497955322,2086
17369.904041290283,2082
17370.899438858032,2026
17371.896982192993,2010
17372.894048690796,1992
17373.892784118652,2006
17374.890565872192,2010
17375.887155532837,2034
17376.884937286377,2022
17377.88152694702,2082
17378.851175308228,2094
17379.849195480347,2070
17380.87511062622,2126
17381.871938705444,2150
17382.871866226196,2118
17383.867502212524,2022
17384.862899780273,2078
17385.859727859497,2078
17386.857271194458,2042
17387.855768203735,1994
17388.85188102722,1974
17389.851331710815,1958
17390.846014022827,1914
17391.84856414795,1974
17392.841577529907,1954
17393.84412765503,1902
17394.819974899292,1872
17395.806074142456,1852
17396.803379058838,1864
17397.80068397522,1886
17398.7979888916,1896
17399.795293807983,1942
17400.792837142944,2002
17401.790142059326,2006
17402.787446975708,2030
17403.78475189209,2036
17404.78253364563,2026
17405.779361724854,2010
17406.776666641235,2014
17407.774209976196,2000
17408.771514892578,2030
17409.76881980896,2084
17410.76636314392,2132
17411.763429641724,2110
17412.760972976685,2110
17413.758039474487,2098
17414.75558280945,2098
17415.75288772583,2110
17416.75043106079,2102
17417.747259140015,2090
17418.744802474976,2060
17419.742345809937,2030
17420.73941230774,2026
17421.73671722412,2046
17422.73449897766,2082
17423.731565475464,2064
17424.728631973267,2110
17425.727605819702,2062
17426.724195480347,2078
17427.72078514099,2098
17428.718090057373,2062
17429.715633392334,1990
17430.712938308716,1970
17431.710243225098,1980
17432.7073097229,1994
17433.70485305786,1976
17434.702157974243,1966
17435.699224472046,1934
17436.696767807007,1982
17437.694311141968,1992
17438.69161605835,2026
17439.68915939331,2040
17440.68670272827,2006
17441.685438156128,2040
17442.680835723877,2070
17443.678379058838,2046
17444.67544555664,2006
17445.672750473022,2030
17446.669816970825,2078
17447.667837142944,2062
17448.664903640747,2034
17449.66220855713,2022
17450.65951347351,2062
17451.656818389893,2030
17452.654123306274,1978
17453.651189804077,1998
17454.648733139038,1968
17455.64603805542,1966
17456.645011901855,1938
17457.64183998108,1962
17458.638191223145,1998
17459.635496139526,2038
17460.63280105591,1982
17461.63010597229,1992
17462.627410888672,2028
17463.624715805054,2040
17464.622020721436,2030
17465.619564056396,1982
17466.617584228516,1966
17467.614889144897,1978
17468.61171722412,1990
17469.608783721924,2002
17470.606327056885,2010
17471.603393554688,2006
17472.62740135193,2006
17473.625659942627,2022
17474.623203277588,2034
17475.62003135681,2000
17476.617336273193,1968
17477.61559486389,1978
17478.61123085022,1968
17479.60925102234,2030
17480.61203956604,2006
17481.60409927368,2018
17482.60188102722,2082
17483.59966278076,2064
17484.595775604248,2042
17485.59260368347,2042
17486.593008041382,2042
17487.58864402771,2046
17488.58690261841,2042
17489.583492279053,2010
17490.58437347412,2014
17491.578102111816,1980
17492.575645446777,2002
17493.57271194458,1982
17494.570016860962,1966
17495.567798614502,2022
17496.564865112305,2008
17497.562170028687,1998
17498.559713363647,1970
17499.55725669861,1986
17500.55432319641,2022
17501.55210494995,2010
17502.548456192017,1990
17503.546476364136,2002
17504.54354286194,1974
17505.541801452637,2006
17506.53839111328,1972
17507.535457611084,1974
17508.532524108887,1986
17509.5317363739,1990
17510.528087615967,2006
17511.52515411377,2030
17512.521982192993,2002
17513.519525527954,1992
17514.516353607178,1994
17515.51389694214,1990
17516.512155532837,1998
17517.50898361206,1970
17518.506050109863,2034
17519.503116607666,2014
17520.501613616943,2012
17521.50297164917,2042
17522.49526977539,2062
17523.49305152893,1998
17524.490118026733,1998
17525.487422943115,2010
17526.45778656006,1998
17527.482748031616,1994
17528.47957611084,1958
17529.47688102722,2010
17530.474185943604,2006
17531.471490859985,2038
17532.468557357788,2038
17533.438444137573,2026
17534.464120864868,2034
17535.460710525513,2006
17536.457777023315,2026
17537.456035614014,2032
17538.452863693237,2032
17539.44993019104,1996
17540.447235107422,1978
17541.44525527954,2006
17542.442321777344,2060
17543.444395065308,2102
17544.436931610107,1998
17545.43447494507,2000
17546.431303024292,2026
17547.430753707886,2028
17548.426389694214,2068
17549.394369125366,2004
17550.4207611084,1954
17551.41854286194,2010
17552.415370941162,1998
17553.412437438965,1994
17554.410696029663,2006
17555.407524108887,2026
17556.37812614441,2024
17557.40213394165,2012
17558.3713054657,2022
17559.39745903015,2002
17560.394763946533,2000
17561.391353607178,2002
17562.389373779297,2004
17563.38667869568,1934
17564.38374519348,1966
17565.380811691284,1994
17566.377878189087,1988
17567.349195480347,2002
17568.374395370483,2030
17569.37026977539,2042
17570.36781311035,2070
17571.364641189575,2034
17572.362661361694,2014
17573.359489440918,2086
17574.35655593872,2066
17575.337409973145,2008
17576.324462890625,2006
17577.348709106445,2016
17578.346252441406,2058
17579.343795776367,2066
17580.34086227417,2074
17581.33840560913,2102
17582.335233688354,2102
17583.317518234253,2084
17584.330320358276,2038
17585.328102111816,1998
17586.32493019104,1958
17587.295532226562,1946
17588.319540023804,1966
17589.316368103027,1954
17590.314388275146,1962
17591.31145477295,2022
17592.30899810791,2030
17593.30677986145,2022
17594.303369522095,2026
17595.301389694214,2024
17596.285104751587,2078
17597.26881980896,2042
17598.264932632446,2086
17599.26199913025,2026
17600.27050971985,2026
17601.25684738159,2028
17602.253913879395,1998
17603.251457214355,2030
17604.248762130737,2026
17605.24606704712,1974
17606.24384880066,1962
17607.240676879883,1958
17608.238220214844,1974
17610.23235321045,1978
17610.23235321045,2030
17611.263513565063,2034
17612.255573272705,2066
17613.252639770508,2098
17614.24970626831,2154
17615.24796485901,2136
17616.246700286865,2110
17617.242336273193,2104
17618.24679374695,2042
17619.243144989014,2032
17620.23377418518,1974
17621.238946914673,2002
17622.22933769226,1978
17623.234748840332,2004
17624.222993850708,1950
17625.192880630493,1964
17626.21808052063,1978
17627.188682556152,1974
17628.212451934814,1990
17629.210233688354,2000
17630.207300186157,1982
17631.20460510254,1962
17632.20238685608,1930
17633.19993019104,1978
17634.197235107422,1988
17635.197639465332,1882
17636.191368103027,1886
17637.195587158203,1946
17638.18621635437,2006
17639.183521270752,2066
17640.180826187134,2066
17642.148733139038,2098
17642.148733139038,2098
17643.173217773438,2114
17644.169807434082,2064
17645.167589187622,2046
17647.161960601807,2046
17648.163318634033,2030
17649.15680885315,2066
17650.126218795776,2034
17651.151180267334,2010
17652.149438858032,1994
17653.148412704468,2042
17654.150009155273,2030
17655.140161514282,2022
17656.13842010498,2014
17657.108306884766,1958
17658.103942871094,1978
17659.102201461792,1964
17660.128116607666,1958
17661.096334457397,1940
17662.0934009552,1938
17663.090705871582,1934
17664.116621017456,1998
17665.11368751526,1994
17666.11123085022,1988
17667.117595672607,2002
17668.107509613037,1974
17669.103622436523,1978
17670.100450515747,1994
17671.097993850708,2006
17672.09506034851,2010
17673.09284210205,2000
17674.090147018433,2010
17675.05979537964,2102
17676.084518432617,2078
17677.082300186157,2032
17678.08723449707,2078
17679.07691001892,2130
17680.073738098145,2134
17681.07533454895,2108
17682.068586349487,2078
17683.06589126587,2078
17684.06391143799,2078
17685.060501098633,2034
17686.058044433594,2010
17687.028408050537,2014
17688.052892684937,1994
17689.05806541443,2034
17690.05560874939,2046
17691.044807434082,2038
17692.04545021057,2026
17693.039178848267,1982
17694.03624534607,2066
17695.03378868103,2040
17696.033716201782,2030
17697.002172470093,1990
17698.0299949646,2002
17699.023485183716,2034
17699.9933719635,2030
17701.01809501648,1962
17702.022075653076,2044
17703.01342010498,2034
17703.982830047607,2042
17705.01399040222,2014
17706.00962638855,1988
17706.97546005249,2004
17707.971334457397,2002
17708.967924118042,1990
17709.96618270874,2002
17710.963249206543,2004
17711.960315704346,2008
17712.957859039307,2020
17713.955402374268,2026
17714.95270729065,2024
17715.95048904419,1994
17716.94803237915,1946
17717.945098876953,1948
17718.941926956177,1994
17719.938278198242,1996
17720.935583114624,2010
17721.932649612427,2014
17722.92995452881,1980
17723.929405212402,1972
17724.926471710205,2022
17725.929737091064,2000
17726.921319961548,2014
17727.917909622192,1990
17728.915214538574,2014
17729.912757873535,1998
17730.910062789917,1998
17731.92000389099,1958
17732.9044342041,1974
17733.901977539062,1982
17734.899520874023,1998
17735.896825790405,1990
17736.894607543945,1994
17737.892150878906,2026
17738.917112350464,1994
17739.914417266846,1930
17740.912437438965,1886
17741.90878868103,1886
17742.905616760254,1866
17743.90435218811,1910
17744.900465011597,1950
17745.899200439453,1962
17746.895790100098,1982
17747.86615371704,2010
17748.889684677124,2098
17749.858379364014,2100
17750.85711479187,2140
17751.854181289673,2098
17752.851247787476,2130
17753.848552703857,2124
17754.84609603882,2130
17755.8434009552,2110
17756.840467453003,2094
17757.838249206543,2062
17758.835315704346,2062
17759.832859039307,2038
17760.82968711853,2066
17761.82746887207,2096
17762.824535369873,2010
17763.821840286255,1998
17764.819383621216,2030
17765.815496444702,2014
17766.812562942505,1960
17767.809867858887,1946
17768.80693435669,1980
17769.80447769165,2022
17770.801782608032,2042
17771.799087524414,1968
17772.796154022217,1990
17773.793697357178,2034
17774.79100227356,2078
17775.78830718994,2010
17776.785850524902,1990
17777.783155441284,1986
17778.780460357666,1982
17779.77752685547,2098
17780.77507019043,1956
17781.77309036255,1982
17782.771587371826,1970
17783.768892288208,1978
17784.76619720459,2006
17785.76350212097,2042
17786.760568618774,2032
17787.758111953735,2066
17788.761854171753,2002
17789.7527217865,2010
17790.75002670288,1986
17791.747331619263,2010
17792.744874954224,2038
17793.742179870605,2014
17794.73924636841,2012
17795.73655128479,2012
17796.733617782593,2012
17797.759771347046,2034
17798.75659942627,2062
17799.75461959839,2062
17800.75192451477,2002
17801.748275756836,1990
17802.746534347534,2002
17803.743600845337,2010
17804.74090576172,1962
17805.73797225952,1978
17806.743144989014,2006
17807.706117630005,1962
17808.729648590088,1992
17809.728145599365,2006
17810.72473526001,2096
17811.695098876953,1998
17812.72006034851,2022
17813.716411590576,1970
17814.713716506958,1962
17815.711498260498,1966
17816.696405410767,2062
17817.70634651184,2046
17818.703174591064,2090
17819.700479507446,2102
17820.698022842407,2102
17821.696758270264,2142
17822.69239425659,2118
17823.690176010132,2014
17824.687004089355,2012
17825.692653656006,1960
17826.655626296997,1882
17827.687978744507,1870
17828.67670059204,1958
17829.681396484375,2026
17830.679416656494,2010
17831.668376922607,1990
17832.66592025757,2028
17833.66298675537,2078
17834.66124534607,2068
17835.658073425293,2086
17836.65680885315,2030
17837.6522064209,2038
17838.650465011597,2006
17839.6475315094,2026
17840.64483642578,2078
17841.61329269409,2090
17842.638969421387,2020
17843.637704849243,2058
17844.63405609131,2062
17845.63183784485,2014
17846.60243988037,2030
17847.625970840454,2030
17848.623275756836,2010
17849.621057510376,1964
17850.61812400818,1954
17851.62305831909,1974
17852.61297225952,2010
17853.610277175903,2022
17854.610443115234,2014
17855.605125427246,2016
17856.603145599365,2032
17857.605695724487,2030
17858.596801757812,2046
17859.594106674194,2038
17860.591411590576,1990
17861.589193344116,1992
17862.586498260498,2006
17863.58332633972,2006
17864.55273628235,1992
17865.578174591064,2078
17866.548776626587,2032
17867.544412612915,2000
17868.570566177368,1982
17869.575262069702,1998
17870.564460754395,2008
17871.562242507935,2010
17872.55907058716,1966
17873.55661392212,1978
17874.55940246582,1978
17875.55193901062,1934
17876.521825790405,1972
17877.545833587646,1968
17878.514289855957,1994
17879.541397094727,2066
17880.53822517395,1994
17881.535053253174,1982
17882.53927230835,2030
17883.529901504517,2042
17884.5272064209,2032
17885.52451133728,2006
17886.49559020996,1914
17887.51983642578,1970
17888.517379760742,2046
17889.514923095703,2014
17890.51127433777,2010
17891.50881767273,1978
17892.50636100769,2002
17893.503665924072,1990
17894.500732421875,1998
17895.497798919678,2002
17896.49534225464,2022
17897.493600845337,1994
17898.49042892456,2006
17899.487257003784,1990
17900.485038757324,1966
17901.481866836548,1998
17902.47893333435,2038
17903.47719192505,2042
17904.481172561646,2006
17905.47204017639,2012
17906.47029876709,2034
17907.471656799316,2006
17908.436059951782,1990
17909.468412399292,1978
17910.459280014038,1974
17911.455392837524,2004
17912.452459335327,1996
17913.450479507446,2002
17914.44683074951,2026
17915.445566177368,1998
17916.44239425659,2034
17917.439460754395,1998
17918.437242507935,2010
17919.434309005737,2006
17920.43137550354,2022
17921.4289188385,2028
17922.426223754883,2002
17923.423767089844,1918
17924.42035675049,2030
17925.418853759766,2070
17926.416873931885,2034
17927.386045455933,2070
17928.41076850891,2086
17929.408073425293,2070
17930.404663085938,2070
17931.40172958374,2026
17932.39951133728,2030
17933.396816253662,1980
17934.394121170044,2002
17935.392141342163,1954
17936.388731002808,1930
17937.38579750061,1970
17938.38405609131,2022
17939.380884170532,2042
17940.377950668335,2038
17941.37668609619,2006
17942.373275756836,2008
17943.37034225464,2062
17944.375038146973,2044
17945.364236831665,2070
17946.362257003784,2030
17947.33238220215,1996
17948.35662841797,2026
17949.35369491577,2082
17950.35147666931,2126
17951.34949684143,2118
17952.349424362183,2086
17953.343629837036,2094
17954.341173171997,2110
17955.33776283264,2136
17956.336498260498,2062
17957.3335647583,2062
17958.333730697632,2038
17959.327936172485,2032
17960.32476425171,2014
17961.32183074951,2038
17962.318897247314,2062
17963.316917419434,2030
17964.313983917236,2028
17965.31105041504,2070
17966.315269470215,2062
17967.307090759277,2082
17968.3039188385,2022
17969.300508499146,2010
17970.298290252686,2004
17971.29535675049,1970
17972.29266166687,1962
17973.29044342041,1970
17974.287033081055,2000
17975.284814834595,2014
17976.255416870117,2028
17977.279663085938,2010
17978.27672958374,2000
17979.273796081543,1994
17980.271100997925,2066
17981.269121170044,2012
17982.23829269409,2014
17983.235120773315,2062
17984.232425689697,2030
17985.22996902466,2014
17986.22703552246,1992
17987.22505569458,1998
17988.222360610962,1930
17989.219427108765,1936
17990.216493606567,1946
17991.21379852295,1968
17992.21134185791,1918
17994.205474853516,1904
17994.205474853516,1954
17995.23138999939,1970
17996.201515197754,1986
17997.198343276978,2006
17998.22187423706,2022
18000.232458114624,2070
18000.232458114624,2070
18001.213788986206,2062
18002.211093902588,2042
18003.208875656128,2064
18004.20832633972,2018
18005.20348548889,2088
18006.202220916748,2094
18007.197856903076,2086
18008.195400238037,2078
18009.193897247314,2082
18010.19024848938,2162
18011.18779182434,2110
18013.156175613403,2120
18014.15205001831,2110
18015.178442001343,2118
18016.16930961609,2070
18017.14563369751,2096
18017.14563369751,2106
18018.17512512207,2034
18019.16742324829,2032
18020.164728164673,2062
18021.161794662476,2038
18022.159099578857,2010
18024.1539478302,2014
18025.151252746582,2006
18026.148796081543,2030
18027.146339416504,1982
18028.143405914307,2006
18029.143571853638,1974
18030.13801574707,1950
18031.135320663452,1958
18032.132148742676,1930
18033.130407333374,1898
18034.130096435547,1908
18035.12454032898,1950
18036.123037338257,1934
18037.12010383606,1964
18038.12313079834,2002
18039.12091255188,2022
18040.111541748047,1998
18041.10884666443,1996
18042.10615158081,1990
18043.111324310303,1970
18044.100522994995,1992
18045.098304748535,1944
18046.095609664917,1974
18047.06573486328,1998
18048.0899810791,2014
18049.09110069275,2010
18050.084590911865,2030
18051.082611083984,2062
18052.079916000366,2062
18053.07650566101,2066
18054.07428741455,2042
18055.076122283936,2030
18056.074619293213,2006
18057.066917419434,2032
18058.063745498657,2072
18059.067010879517,2078
18060.057640075684,2078
18061.055421829224,2108
18062.053203582764,2102
18063.056230545044,2148
18064.04733657837,2092
18065.052032470703,2098
18066.042184829712,2126
18067.04044342041,2118
18068.042993545532,2110
18069.034337997437,2106
18070.03116607666,2126
18071.03419303894,2142
18072.026014328003,2182
18073.02713394165,2156
18074.021577835083,2130
18074.99361038208,2126
18076.01571083069,2126
18077.01587677002,2154
18078.010082244873,2112
18079.0114402771,2110
18080.005407333374,2142
18081.00175857544,2174
18082.004070281982,2130
18082.99684524536,2098
18083.993673324585,2082
18084.990978240967,2008
18085.988998413086,1958
18086.95912361145,1850
18087.98313140869,1816
18088.980197906494,1778
18089.977741241455,1836
18090.945959091187,1806
18091.94302558899,1822
18092.94033050537,1882
18093.937397003174,1930
18094.934940338135,1966
18095.932245254517,2026
18096.9295501709,2064
18097.92709350586,2078
18098.924160003662,2070
18099.93004798889,2062
18100.919008255005,2006
18101.916551589966,2014
18102.913856506348,2026
18103.91116142273,2034
18104.90846633911,1968
18105.907678604126,1982
18106.904983520508,2014
18107.90228843689,2036
18108.899116516113,2014
18109.896421432495,2042
18110.893964767456,1994
18111.891508102417,2082
18112.8888130188,2046
18113.89207839966,2042
18114.883422851562,2006
18115.880727767944,2016
18116.877794265747,2016
18117.875576019287,2064
18118.87240409851,2008
18119.869709014893,2014
18120.8655834198,2090
18121.86288833618,2088
18122.890949249268,2058
18123.88801574707,2014
18124.885320663452,1988
18125.883102416992,2016
18126.8789768219,2006
18127.849578857422,1986
18128.87477874756,1978
18129.871129989624,2032
18130.868911743164,2026
18131.87313079834,2042
18132.86328315735,2082
18133.86058807373,2060
18134.857892990112,2042
18135.855436325073,2058
18136.823654174805,2042
18137.820720672607,2014
18138.848304748535,2034
18139.84751701355,2038
18140.846490859985,2038
18141.81137084961,1998
18142.836570739746,2034
18143.833875656128,2096
18144.831895828247,2138
18145.829439163208,2068
18146.841287612915,2064
18147.823333740234,2046
18148.824453353882,2030
18149.818420410156,2064
18150.81524848938,2026
18151.81279182434,2026
18152.812004089355,2002
18153.806924819946,2010
18154.804468154907,2006
18155.802249908447,2014
18156.800270080566,2042
18157.809257507324,2062
18158.794164657593,2094
18159.80362892151,2030
18160.7882976532,2032
18161.789894104004,2034
18162.78314590454,2034
18163.780450820923,2010
18164.778470993042,1966
18165.775537490845,2000
18166.745901107788,2024
18167.744874954224,2026
18168.73836517334,2030
18169.735193252563,2110
18170.732736587524,2094
18171.730041503906,2078
18172.72710800171,2028
18173.72441291809,2002
18174.75175857544,2010
18175.74906349182,2024
18176.718950271606,2014
18177.743673324585,2014
18178.74050140381,2014
18179.73828315735,2012
18180.73534965515,2094
18181.739568710327,2068
18182.71565437317,2062
18183.719158172607,2066
18184.725999832153,2102
18185.723304748535,2130
18186.72013282776,2046
18187.71719932556,2110
18188.685655593872,2102
18189.682483673096,2142
18190.680503845215,2152
18191.678047180176,2164
18192.67511367798,2214
18193.702936172485,2182
18194.698095321655,2152
18195.695400238037,2142
18196.66624069214,2128
18197.690725326538,2106
18198.687314987183,2126
18199.684619903564,2122
18200.682163238525,2120
18201.68399810791,2094
18202.67653465271,2098
18203.67383956909,2122
18204.671144485474,2118
18205.668926239014,2126
18206.67266845703,2102
18207.667589187622,2128
18208.661317825317,2086
18209.664344787598,2046
18210.65592765808,2090
18211.652755737305,2094
18212.652683258057,2068
18213.64712715149,2038
18214.617252349854,2026
18215.614080429077,2058
18216.611623764038,2064
18217.60892868042,2046
18218.605995178223,2086
18219.603300094604,2070
18220.600366592407,2034
18221.626043319702,2022
18222.623825073242,2026
18223.621368408203,2066
18224.61771965027,2082
18225.61502456665,2094
18226.612091064453,2102
18227.582693099976,2104
18228.607892990112,2154
18229.57682609558,2196
18230.5748462677,2176
18231.57048225403,2154
18232.568502426147,2154
18233.566522598267,2138
18234.562158584595,2142
18235.56089401245,2158
18236.55915260315,2140
18237.555503845215,2102
18238.55233192444,2112
18239.55011367798,2170
18240.546703338623,2198
18241.544008255005,2162
18242.541790008545,2158
18243.53861808777,2150
18244.53592300415,2138
18245.532989501953,2094
18246.53148651123,2072
18247.528314590454,2110
18248.525381088257,2104
18249.52220916748,2094
18250.5202293396,2102
18251.517057418823,2126
18252.514362335205,2140
18253.511428833008,2192
18254.50897216797,2122
18255.50651550293,2116
18256.504774093628,2104
18257.50160217285,2088
18258.498907089233,2104
18259.495496749878,2074
18260.49280166626,2098
18261.489868164062,2082
18262.486934661865,2046
18263.484239578247,2094
18264.48154449463,2130
18265.47908782959,2098
18266.47639274597,2064
18267.473697662354,2070
18268.471240997314,2068
18269.468307495117,2084
18270.4656124115,2068
18271.46291732788,2034
18272.460222244263,2066
18273.457527160645,2064
18274.454832077026,2070
18275.463581085205,2034
18276.450157165527,2082
18277.44722366333,2096
18278.446435928345,2130
18279.44326400757,2066
18280.44056892395,2098
18281.43811225891,2082
18282.435178756714,2082
18283.442497253418,2098
18284.430027008057,2070
18285.427570343018,2074
18286.42439842224,2078
18287.42289543152,2094
18288.419246673584,2116
18289.416551589966,2094
18290.413856506348,2098
18291.412353515625,2078
18292.409658432007,2062
18293.40648651123,2090
18294.403553009033,2094
18295.400857925415,2082
18296.398162841797,2074
18297.394514083862,2066
18298.391580581665,2088
18299.3905544281,2078
18300.38809776306,2134
18301.385402679443,2138
18302.382707595825,2106
18303.380012512207,2082
18304.37731742859,2078
18305.37462234497,2042
18306.37264251709,2026
18307.37018585205,2022
18308.367013931274,2042
18309.364080429077,2082
18310.36138534546,2098
18311.35869026184,2098
18312.355995178223,2082
18313.353300094604,2090
18314.350843429565,2098
18315.347909927368,2078
18316.34521484375,2062
18317.341327667236,1978
18318.33815574646,1998
18319.337606430054,2042
18320.334672927856,2030
18321.33197784424,2030
18322.3295211792,2034
18323.354721069336,2038
18324.352264404297,2096
18325.350046157837,2066
18326.34711265564,2094
18327.316761016846,2078
18328.312397003174,2038
18329.339265823364,2066
18330.336332321167,2026
18331.33363723755,2030
18332.335710525513,2038
18333.33420753479,2066
18334.324836730957,2090
18335.32214164734,2134
18336.31920814514,2118
18337.288856506348,2122
18338.28639984131,2126
18339.283227920532,2152
18340.279817581177,2106
18341.277599334717,2042
18342.275381088257,2046
18343.27220916748,2046
18344.27046775818,2078
18345.267057418823,2070
18346.264839172363,2066
18347.262144088745,2008
18348.259925842285,2068
18349.25603866577,2100
18350.25405883789,2116
18351.250886917114,2094
18352.248668670654,2066
18353.2452583313,2082
18354.24280166626,2002
18355.2405834198,1998
18356.237411499023,2008
18357.234954833984,2004
18358.234167099,2010
18359.229803085327,2038
18360.22686958313,2040
18361.223936080933,2032
18362.221240997314,2094
18363.218545913696,2046
18364.215850830078,2006
18365.213632583618,2016
18366.21069908142,1990
18367.20848083496,2024
18368.204832077026,2062
18369.20142173767,2072
18370.198965072632,2020
18371.196269989014,2036
18372.193574905396,2034
18373.190879821777,2062
18374.18818473816,2106
18375.18548965454,2096
18377.180576324463,2082
18378.177881240845,2034
18378.177881240845,2072
18379.174947738647,2066
18380.17201423645,2062
18381.16955757141,2072
18382.166862487793,2086
18383.19420814514,2122
18384.198427200317,2094
18385.188102722168,2086
18386.15918159485,2086
18387.18318939209,2092
18388.18097114563,2094
18389.178037643433,2066
18390.175819396973,2082
18391.172409057617,2026
18392.169713974,2078
18393.16725730896,2118
18394.16480064392,2082
18395.161867141724,2062
18397.156715393066,2066
18398.126125335693,2082
18399.15108680725,2130
18400.120973587036,2140
18401.14712715149,2094
18402.143239974976,2062
18403.140544891357,2066
18404.138326644897,2130
18405.136108398438,2130
18406.132459640503,2112
18407.100677490234,2118
18408.127307891846,2142
18409.12413597107,2190
18410.12191772461,2160
18411.11969947815,2130
18412.120580673218,2162
18413.11478614807,2150
18414.110898971558,2154
18415.10844230652,2130
18416.10598564148,2130
18417.073965072632,2118
18418.100357055664,2138
18419.097900390625,2246
18420.095205307007,2126
18421.09251022339,2130
18422.09553718567,2128
18423.08735847473,2134
18424.084424972534,2142
18425.082206726074,2098
18426.07879638672,2112
18427.04725265503,2064
18428.074598312378,2022
18429.0714263916,2006
18430.068731307983,2066
18431.073904037476,2070
18432.066440582275,2078
18433.06016921997,2062
18434.05771255493,2006
18435.060262680054,1996
18436.052322387695,1946
18437.05177307129,1918
18438.0464553833,1906
18439.04447555542,1862
18440.0417804718,1898
18441.039085388184,1916
18442.036867141724,1918
18443.033933639526,1920
18444.03076171875,1914
18445.02878189087,1942
18446.025848388672,1970
18447.02458381653,1990
18448.020458221436,1978
18449.017763137817,2006
18450.036764144897,2014
18451.012134552002,2034
18452.009916305542,2010
18453.007459640503,1984
18454.004764556885,2026
18455.00159263611,2094
18455.99889755249,2108
18456.997632980347,2096
18457.993745803833,2090
18459.000825881958,2090
18459.958791732788,2070
18460.95633506775,2064
18461.95340156555,2016
18462.950706481934,2072
18463.948011398315,2072
18464.945554733276,2102
18465.94285964966,2090
18466.94040298462,2094
18467.93794631958,2102
18468.935012817383,2118
18469.932079315186,2122
18470.929384231567,2148
18471.92692756653,2174
18472.92423248291,2138
18473.921537399292,2090
18474.92265701294,2110
18475.916385650635,2078
18476.913452148438,2094
18477.91075706482,2104
18478.9080619812,2102
18479.905366897583,2098
18480.902671813965,2136
18481.900215148926,2102
18482.897520065308,2136
18483.89482498169,2106
18484.891891479492,2066
18485.889434814453,2134
18486.886978149414,2110
18487.884044647217,2072
18488.881587982178,2096
18489.87889289856,2118
18490.875959396362,2172
18491.875648498535,2138
18492.87247657776,2120
18493.87001991272,2158
18494.8673248291,2154
18495.864391326904,2172
18496.862411499023,2138
18497.859239578247,2126
18498.85654449463,2098
18499.85384941101,2110
18500.850915908813,2106
18501.848459243774,2154
18502.845764160156,2142
18503.843307495117,2130
18504.8406124115,2158
18505.8376789093,2160
18506.865978240967,2130
18507.8604221344,2110
18508.859157562256,2142
18509.85622406006,2138
18510.85352897644,2110
18511.849880218506,2094
18512.84694671631,2118
18513.84449005127,2162
18514.84203338623,2130
18515.838861465454,2168
18516.841888427734,2134
18517.807006835938,2150
18518.83101463318,2170
18519.82879638672,2166
18520.827054977417,2150
18521.795988082886,2106
18522.821187973022,2130
18523.818731307983,2130
18524.81484413147,2102
18525.8150100708,2106
18526.80993080139,2156
18527.808666229248,2154
18528.804779052734,2186
18529.80637550354,2150
18530.79891204834,2070
18531.79621696472,2150
18532.79399871826,2130
18533.791542053223,2106
18534.799098968506,2064
18535.785913467407,2090
18536.783695220947,2102
18537.75119781494,2110
18538.748025894165,2110
18539.745330810547,2118
18540.74263572693,2174
18541.74017906189,2182
18542.73748397827,2138
18543.734788894653,2110
18544.732332229614,2128
18545.729637145996,2162
18546.726942062378,2118
18547.72400856018,2086
18548.72155189514,2066
18549.718856811523,2110
18550.715923309326,2144
18551.713466644287,2186
18552.711009979248,2166
18553.7109375,2140
18554.73518371582,2164
18555.73296546936,2144
18556.729793548584,2138
18557.701349258423,2102
18558.724403381348,2102
18559.72170829773,2094
18560.71901321411,2122
18561.716318130493,2098
18562.71505355835,2122
18563.710689544678,2162
18564.709186553955,2160
18565.70553779602,2150
18566.688776016235,2126
18567.70133972168,2140
18568.66979598999,2154
18569.667100906372,2140
18570.692777633667,2102
18571.68984413147,2102
18572.686910629272,2098
18573.684215545654,2102
18574.681520462036,2134
18575.651168823242,2130
18576.647996902466,2160
18577.645540237427,2130
18578.643083572388,2138
18579.64038848877,2122
18580.637216567993,2108
18581.634283065796,2136
18584.625720977783,2102
18584.625720977783,2102
18584.625720977783,2078
18585.651397705078,2082
18586.855173110962,2120
18587.88251876831,2150
18588.881492614746,2154
18589.877367019653,2142
18590.847492218018,2082
18591.845750808716,2122
18592.869997024536,2170
18593.868017196655,2138
18594.865560531616,2086
18595.86262702942,2102
18596.859216690063,2094
18597.8581905365,2086
18598.85334968567,2106
18599.852085113525,2130
18600.85153579712,2166
18601.844787597656,2158
18602.842807769775,2140
18603.839874267578,2098
18604.837656021118,2098
18605.836391448975,2106
18606.83536529541,2084
18607.830286026,2086
18608.832359313965,2134
18609.825134277344,2138
18610.822439193726,2122
18611.82475090027,2162
18612.823486328125,2196
18613.815307617188,2154
18614.811897277832,2154
18615.809202194214,2158
18616.780519485474,2126
18617.804050445557,2150
18618.801832199097,2132
18619.79866027832,2130
18620.79620361328,2078
18621.793270111084,2100
18622.790813446045,2138
18623.788118362427,2106
18624.791145324707,2122
18625.8065700531,2122
18626.780033111572,2166
18627.777576446533,2118
18628.793478012085,2134
18629.77123260498,2122
18630.76901435852,2122
18631.76655769348,2110
18632.764101028442,2102
18633.761644363403,2110
18634.758710861206,2086
18635.75577735901,2134
18636.72661781311,2150
18637.75062561035,2142
18638.756275177002,2142
18639.745473861694,2138
18640.745162963867,2154
18641.740322113037,2166
18642.73715019226,2118
18643.734216690063,2110
18644.702911376953,2126
18645.729541778564,2098
18646.699905395508,2110
18647.724151611328,2124
18648.72121810913,2166
18649.725437164307,2138
18650.718212127686,2154
18651.713132858276,2126
18652.710676193237,2130
18653.70750427246,2118
18654.70552444458,2138
18655.702114105225,2134
18656.673431396484,2102
18657.697677612305,2086
18658.695459365845,2086
18659.69181060791,2102
18660.687685012817,2126
18661.685705184937,2142
18662.683248519897,2100
18663.68055343628,2134
18664.682388305664,2110
18665.676593780518,2122
18666.64433479309,2088
18667.66905784607,2086
18668.67160797119,2098
18669.66438293457,2100
18670.660972595215,2082
18671.66018486023,2100
18672.65558242798,2108
18673.65336418152,2130
18674.650192260742,2110
18675.647974014282,2010
18676.623582839966,2038
18677.61516571045,2108
18678.63965034485,2094
18679.63719367981,2046
18680.636405944824,2150
18681.632041931152,2082
18682.629346847534,2090
18683.62808227539,2098
18684.62610244751,2134
18685.622453689575,2096
18686.620712280273,2102
18687.61706352234,2118
18688.61484527588,2138
18689.611673355103,2078
18690.61517715454,2134
18691.59173965454,2126
18692.604541778564,2154
18693.601369857788,2162
18694.57507133484,2102
18695.59907913208,2134
18696.593284606934,2158
18697.59511947632,2140
18698.587656021118,2122
18699.58543777466,2090
18700.58250427246,2102
18701.587915420532,2104
18702.577352523804,2098
18703.574180603027,2070
18704.572200775146,2100
18705.570220947266,2098
18706.54010772705,2110
18707.53574371338,2122
18708.560705184937,2128
18709.55801010132,2122
18710.55579185486,2110
18711.55333518982,2126
18712.550401687622,2122
18713.547945022583,2102
18714.54668045044,2096
18715.54660797119,2122
18716.541290283203,2130
18717.53764152527,2124
18718.538522720337,2100
18719.531774520874,2138
18720.530033111572,2154
18721.49682044983,2118
18722.49412536621,2102
18723.491430282593,2086
18724.488735198975,2102
18725.486278533936,2038
18726.483583450317,2078
18727.4808883667,2038
18728.477954864502,2066
18729.475498199463,2066
18730.472803115845,2032
18731.469869613647,2046
18732.46717453003,2098
18733.46495628357,2170
18734.462022781372,2100
18735.459327697754,2102
18736.457109451294,2086
18737.46371269226,2108
18738.45148086548,2094
18739.44902420044,2078
18740.44632911682,2094
18741.443395614624,2086
18742.440700531006,2090
18743.438005447388,2118
18744.43554878235,2106
18745.43285369873,2090
18746.429920196533,2078
18747.427940368652,2096
18748.424768447876,2096
18749.42183494568,2082
18750.41937828064,2044
18751.41668319702,2002
18752.413988113403,2094
18753.411531448364,2062
18754.408597946167,2012
18755.406141281128,2042
18756.40344619751,2098
18757.40075111389,2118
18758.398294448853,2094
18759.395360946655,2092
18760.392904281616,2084
18761.390209197998,2102
18762.417316436768,2094
18763.415098190308,2132
18764.41240310669,2106
18765.409469604492,2086
18766.40796661377,2106
18767.403841018677,2126
18768.4006690979,2142
18769.397497177124,2154
18770.395278930664,2154
18771.392107009888,2122
18772.38917350769,2132
18773.38695526123,2090
18774.383544921875,2102
18775.381088256836,2082
18776.38053894043,2062
18777.377128601074,2064
18778.372526168823,2042
18779.377937316895,2042
18780.373334884644,2098
18781.370639801025,2102
18782.368183135986,2082
18783.333778381348,2082
18784.359455108643,2064
18785.35509109497,2082
18786.32616996765,2082
18787.352323532104,2062
18788.346529006958,2062
18789.34335708618,2038
18790.345191955566,2082
18791.342973709106,2038
18792.337656021118,2094
18793.33233833313,2096
18794.32964324951,2092
18795.330047607422,2082
18796.324253082275,2038
18797.29676246643,2062
18798.31886291504,2064
18799.317359924316,2068
18800.31442642212,2078
18801.316499710083,2094
18802.309274673462,2086
18803.306818008423,2084
18804.30316925049,2102
18805.30023574829,2126
18806.27202987671,2082
18807.299613952637,2082
18808.302402496338,2130
18809.296369552612,2092
18810.28985977173,2098
18811.28692626953,2072
18812.283754348755,2066
18813.281536102295,2106
18814.283847808838,2106
18815.27614593506,2082
18816.27345085144,2078
18817.243814468384,2082
18818.267822265625,2118
18819.26465034485,2150
18820.26195526123,2090
18821.26474380493,2026
18822.263479232788,2066
18823.254585266113,2098
18824.251413345337,2086
18825.249195098877,2086
18826.24626159668,2078
18827.21495628357,2136
18828.242778778076,2142
18829.24222946167,2106
18830.235719680786,2138
18831.233739852905,2130
18832.23032951355,2134
18833.22834968567,2122
18834.224939346313,2102
18835.222005844116,2096
18836.219787597656,2122
18837.1901512146,2148
18838.186264038086,2102
18839.2117023468,2088
18840.20948410034,2134
18841.214179992676,2214
18842.204093933105,2162
18843.20116043091,2090
18844.19846534729,2118
18845.195531845093,2112
18846.194744110107,2106
18847.163677215576,2102
18848.18744659424,2098
18849.19309616089,2106
18850.18253326416,2134
18851.179361343384,2122
18852.179288864136,2110
18853.174448013306,2150
18854.171991348267,2170
18855.16881942749,2106
18857.163429260254,2106
18858.161211013794,2090
18859.158277511597,2078
18860.155820846558,2118
18861.15312576294,2166
18862.12158203125,2138
18863.14868927002,2110
18864.145517349243,2136
18865.143299102783,2106
18866.13965034485,2082
18867.138385772705,2126
18868.133783340454,2132
18869.131565093994,2106
18870.128870010376,2086
18871.12855911255,2082
18872.12371826172,2090
18873.12078475952,2086
18874.11856651306,2102
18875.115633010864,2096
18876.113176345825,2044
18877.111673355103,2064
18878.10778617859,2124
18879.11105155945,2104
18880.102396011353,2084
18881.100177764893,2058
18882.097959518433,2070
18883.09407234192,2042
18884.09161567688,2004
18885.06269454956,2062
18886.085748672485,2078
18887.057304382324,2082
18888.083457946777,2096
18889.07814025879,2098
18890.07568359375,2106
18891.07322692871,2152
18892.06886291504,2120
18893.06640625,2098
18894.063711166382,2070
18895.061254501343,2034
18896.058082580566,2090
18897.057056427002,2090
18898.05269241333,2098
18899.05023574829,2086
18900.06160736084,2134
18901.044845581055,2122
18902.042150497437,2130
18903.03945541382,2110
18904.0367603302,2140
18905.03454208374,2106
18906.03232383728,2092
18907.0303440094,2046
18908.025979995728,2034
18909.024953842163,2128
18909.995079040527,2150
18911.018133163452,2102
18912.018060684204,2098
18913.012266159058,2082
18914.010286331177,2126
18915.01522064209,2150
18916.011095046997,2090
18916.97645187378,2062
18918.007850646973,2098
18918.997049331665,2084
18919.994115829468,2086
18920.99142074585,2086
18921.98896408081,2110
18922.98674583435,2136
18923.985719680786,2144
18924.99589920044,2126
18925.9774684906,2138
18926.949739456177,2148
18927.974700927734,2162
18928.97629737854,2162
18929.975748062134,2116
18930.972576141357,2102
18931.968450546265,2096
18932.965755462646,2130
18933.95686149597,2156
18934.955835342407,2132
18935.954093933105,2128
18936.923265457153,2148
18937.947750091553,2128
18938.945055007935,2126
18939.9573802948,2128
18940.940380096436,2122
18941.937685012817,2090
18942.93761253357,2094
18943.931818008423,2094
18944.928884506226,2078
18945.926189422607,2122
18946.923971176147,2106
18947.921991348267,2106
18948.91929626465,2098
18949.94282722473,2122
18950.91414451599,2110
18951.910495758057,2110
18952.908039093018,2102
18953.905820846558,2086
18954.902172088623,2084
18955.899715423584,2022
18956.897258758545,2090
18957.894563674927,2102
18958.893060684204,2102
18959.88917350769,2126
18960.890769958496,2238
18961.88449859619,2138
18962.880849838257,2102
18963.879585266113,2126
18964.879035949707,2166
18965.87300300598,2158
18966.843843460083,2134
18967.86856651306,2124
18968.864679336548,2154
18969.88534927368,2150
18970.861673355103,2162
18971.85730934143,2158
18972.85532951355,2154
18973.851442337036,2134
18974.852800369263,2126
18975.81934928894,2128
18976.844310760498,2106
18977.840900421143,2122
18978.838205337524,2108
18979.835748672485,2090
18980.83257675171,2094
18981.830596923828,2134
18982.82742500305,2186
18983.829736709595,2170
18984.829425811768,2150
18985.819578170776,2102
18986.817121505737,2138
18987.7872467041,2138
18988.811492919922,2118
18989.809036254883,2130
18990.806102752686,2118
18991.775512695312,2090
18992.801189422607,2102
18993.79825592041,2142
18994.79579925537,2162
18995.79405784607,2130
18996.763706207275,2106
18997.80774116516,2122
18998.802661895752,2122
18999.78256225586,2110
19000.779628753662,2120
19001.776695251465,2102
19002.774953842163,2030
19003.772020339966,2022
19004.769325256348,2092
19005.76639175415,2082
19006.765604019165,2134
19007.768869400024,2094
19008.758068084717,2122
19009.756088256836,2130
19010.754346847534,2126
19011.75332069397,2086
19012.747764587402,2090
19013.745069503784,2070
19014.742374420166,2070
19015.738248825073,2022
19016.708850860596,2078
19017.732858657837,2108
19018.731832504272,2150
19019.728899002075,2118
19020.726203918457,2110
19021.724939346313,2122
19022.721767425537,2082
19023.717164993286,2094
19024.71423149109,2098
19025.71177482605,2090
19026.710033416748,2102
19027.706146240234,2098
19028.703689575195,2078
19029.701232910156,2108
19030.702352523804,2092
19031.66961669922,2082
19032.695293426514,2126
19033.69188308716,2102
19034.68918800354,2118
19035.686492919922,2086
19036.657094955444,2074
19037.682056427002,2078
19038.678646087646,1976
19039.67547416687,2032
19040.67301750183,2026
19041.642904281616,2042
19042.668342590332,2104
19043.664693832397,2124
19044.665575027466,2118
19045.65954208374,2134
19048.405170440674,2112
19048.62380027771,2106
19048.62380027771,2102
19049.649000167847,2102
19050.712823867798,2086
19051.780939102173,2042
19052.809238433838,2088
19053.78031730652,2070
19054.80718612671,2082
19055.801153182983,2090
19056.798696517944,2090
19057.769298553467,2082
19058.793306350708,2066
19059.79084968567,2104
19060.78815460205,2066
19061.785221099854,2070
19062.755823135376,2008
19063.77863883972,2014
19064.77642059326,2000
19065.773963928223,2026
19066.744327545166,2026
19067.771673202515,2070
19068.765878677368,2072
19069.76342201233,2194
19070.760250091553,2066
19071.757316589355,2026
19072.755336761475,2040
19073.752641677856,2064
19074.74994659424,2024
19075.747966766357,2012
19076.717853546143,2042
19077.741146087646,2086
19078.738927841187,2094
19079.736471176147,2134
19080.734252929688,2118
19081.730842590332,2124
19082.733631134033,2122
19083.725929260254,2094
19084.723472595215,2110
19085.72030067444,2138
19086.718797683716,2138
19087.714433670044,2154
19088.71293067932,2166
19089.709281921387,2186
19090.707302093506,2194
19091.67766571045,2222
19092.70715713501,2206
19093.69921684265,2170
19094.696521759033,2194
19095.693111419678,2190
19096.664428710938,2152
19097.68795967102,2122
19098.68574142456,2134
19099.684238433838,2096
19100.653648376465,2150
19101.678609848022,2090
19102.676153182983,2082
19103.673458099365,2106
19104.670763015747,2096
19105.669498443604,2090
19106.66513442993,2026
19107.662677764893,2032
19108.660221099854,2030
19109.657526016235,2082
19110.655307769775,2038
19111.62519454956,2030
19112.622022628784,2014
19113.619327545166,2034
19114.61591720581,2026
19115.642786026,2030
19116.60933494568,2066
19117.63596534729,2010
19118.63374710083,2092
19119.631052017212,2090
19120.628595352173,2078
19121.625661849976,2078
19122.622966766357,2032
19123.620986938477,2038
19124.589920043945,2008
19125.615119934082,2030
19126.6188621521,2030
19127.609729766846,2058
19128.607749938965,2062
19129.60457801819,2042
19130.600929260254,2064
19131.598711013794,2014
19132.596015930176,2006
19133.597373962402,2010
19134.591102600098,2032
19135.58793067932,2060
19136.559009552002,2078
19137.58897781372,2022
19138.580799102783,2040
19139.577388763428,2092
19140.57445526123,2144
19141.57485961914,2118
19142.569303512573,2034
19143.566608428955,2082
19144.572019577026,2098
19145.561695098877,2042
19146.531343460083,2090
19147.55606651306,2066
19148.553371429443,2042
19149.550914764404,2078
19150.548219680786,2082
19151.54528617859,2096
19152.54282951355,2090
19153.54013442993,2070
19154.53791618347,2098
19155.534982681274,2124
19156.505346298218,2096
19157.529830932617,2094
19158.527135849,2110
19159.525156021118,2150
19160.521268844604,2130
19161.518335342407,2126
19162.52374649048,2104
19163.484811782837,2106
19164.51072692871,2128
19165.508270263672,2118
19166.478395462036,2086
19167.503118515015,2078
19168.500661849976,2088
19169.49772834778,2094
19170.46570777893,2110
19171.463012695312,2062
19172.460317611694,2102
19173.49100112915,2090
19174.484491348267,2134
19175.453424453735,2118
19176.451444625854,2160
19177.44755744934,2158
19178.44557762146,2132
19179.442167282104,2084
19180.440187454224,2086
19181.437253952026,2138
19182.462692260742,2154
19183.43210220337,2126
19184.457540512085,2122
19185.454845428467,2162
19186.42282485962,2190
19187.44945526123,2162
19188.44747543335,2174
19189.452171325684,2210
19190.441370010376,2194
19191.44558906555,2138
19192.43621826172,2154
19193.440675735474,2102
19194.43130493164,2126
19195.428133010864,2072
19196.426153182983,2010
19197.423934936523,2002
19198.42004776001,2008
19199.417114257812,2042
19200.41537284851,2098
19201.412439346313,2078
19202.4085521698,2040
19203.40657234192,2042
19204.40363883972,2022
19205.40142059326,2026
19206.371068954468,2072
19207.395315170288,2096
19208.37450027466,2042
19209.38992500305,2086
19210.38770675659,2086
19211.384296417236,2094
19212.381601333618,2122
19213.37914466858,2122
19214.37692642212,2028
19215.373754501343,2026
19216.371059417725,2096
19217.36979484558,2012
19218.36543083191,2034
19219.36345100403,1998
19220.36123275757,2038
19221.357822418213,1998
19222.355127334595,2002
19223.352432250977,2068
19224.349975585938,2102
19225.327253341675,2122
19226.316928863525,2102
19227.313995361328,2154
19228.31130027771,2138
19229.308128356934,2138
19230.305910110474,2142
19231.302976608276,2182
19232.300996780396,2158
19233.29758644104,2086
19234.295129776,2062
19235.292434692383,2090
19236.289739608765,2150
19237.287998199463,2126
19238.285064697266,2124
19239.28189277649,2106
19240.27991294861,2102
19241.27697944641,2128
19242.273569107056,2098
19243.272066116333,2094
19244.268655776978,2040
19245.266437530518,2038
19246.2637424469,2034
19247.26104736328,2066
19248.258113861084,2090
19249.254941940308,2090
19250.252962112427,2042
19251.24955177307,2042
19252.247095108032,2034
19253.244638442993,2022
19254.242181777954,2008
19255.239248275757,2042
19256.23607635498,2010
19257.234811782837,2026
19258.230686187744,2082
19259.228706359863,2064
19260.225534439087,2102
19261.223077774048,2128
19263.21792602539,2150
19264.214754104614,2098
19265.212535858154,2134
19266.209602355957,2126
19267.208576202393,2138
19267.208576202393,2134
19268.205165863037,2086
19269.20199394226,2086
19270.19953727722,2078
19271.196842193604,2032
19272.193908691406,2026
19274.18851852417,2030
19274.18851852417,2034
19275.186777114868,1972
19276.18360519409,1966
19278.178691864014,1948
19278.178691864014,2024
19279.175758361816,2064
19280.17282485962,2026
19281.169891357422,2026
19282.167434692383,2088
19283.164978027344,2130
19285.15863418579,2106
19286.157369613647,2136
19287.15443611145,2166
19288.151741027832,2186
19289.149284362793,2150
19290.146112442017,2142
19291.1434173584,2106
19292.14072227478,2150
19293.13850402832,2098
19294.13652420044,2096
19295.133590698242,2068
19296.130657196045,2094
19297.127723693848,2134
19298.125743865967,2130
19299.122095108032,2162
19300.119638442993,2102
19301.116704940796,2106
19302.1137714386,2118
19303.111791610718,2134
19304.10885810852,2134
19305.105924606323,2112
19306.103706359863,2064
19307.10196495056,2030
19308.098316192627,2030
19309.096097946167,2016
19310.09268760681,2010
19311.089992523193,2082
19312.087297439575,2038
19313.085079193115,2086
19314.082145690918,2034
19315.0794506073,2034
19316.07699394226,2070
19317.07453727722,2034
19318.071603775024,2066
19319.068908691406,2086
19320.06597518921,2096
19321.06328010559,2094
19322.060585021973,2070
19323.05860519409,2088
19324.055671691895,2034
19325.052738189697,2022
19326.05028152466,2010
19327.0480632782,1994
19328.044891357422,2062
19329.042196273804,2082
19330.039262771606,2008
19331.037044525146,2000
19332.03411102295,2034
19333.03165435791,2094
19334.028959274292,2064
19335.026025772095,2046
19336.023569107056,2014
19337.021827697754,2024
19338.01817893982,2030
19339.0154838562,2010
19340.01350402832,1982
19341.010570526123,2002
19342.007875442505,2022
19343.004941940308,2038
19344.00248527527,2062
19345.00002861023,2044
19345.997095108032,2042
19346.994400024414,2082
19347.991943359375,2062
19348.989009857178,2036
19349.987268447876,2038
19350.9840965271,2064
19351.981163024902,2078
19352.978467941284,2064
19353.976249694824,2082
19354.971885681152,2102
19355.968952178955,2110
19356.966495513916,2094
19357.96356201172,2108
19358.973026275635,2162
19359.958171844482,2126
19360.955715179443,2078
19361.953020095825,2042
19362.950325012207,2090
19363.94762992859,2094
19364.94493484497,2060
19365.942001342773,2042
19366.939783096313,2034
19367.936849594116,2094
19368.934392929077,2108
19369.93384361267,2130
19370.930910110474,2078
19371.928453445435,2078
19372.925758361816,2078
19373.92258644104,2084
19374.9361038208,2034
19375.917196273804,2038
19376.914978027344,2042
19377.911806106567,2086
19378.90934944153,2086
19379.90665435791,2122
19380.903720855713,2122
19381.900787353516,2102
19382.898330688477,2130
19383.89563560486,2118
19384.89270210266,2088
19385.89096069336,2038
19386.88850402832,2082
19387.912034988403,2086
19388.909339904785,2098
19389.907360076904,2104
19390.904188156128,2028
19391.90411567688,2130
19392.89951324463,2142
19393.897771835327,2124
19394.89459991455,2126
19395.89214324951,2120
19396.889448165894,2098
19397.85933494568,2082
19398.88286590576,2110
19399.8806476593,2130
19400.85458755493,2126
19401.84783935547,2106
19402.844429016113,2094
19403.841733932495,2118
19404.839515686035,2122
19405.837297439575,2098
19406.835556030273,2090
19407.83190727234,2110
19408.859968185425,2098
19409.85631942749,2102
19410.860538482666,2022
19411.849975585938,2022
19412.84704208374,2062
19413.844347000122,2108
19414.840936660767,2102
19415.838479995728,2066
19416.839838027954,2090
19417.832851409912,2110
19418.830156326294,2134
19419.827461242676,2202
19420.825242996216,2040
19421.82230949402,1982
19422.81985282898,2014
19423.81715774536,2026
19424.8149394989,1990
19425.817489624023,2038
19426.782846450806,2066
19427.81162261963,2058
19428.804397583008,2090
19429.80456352234,2098
19430.798053741455,2094
19431.7684173584,2102
19432.799100875854,2094
19433.796644210815,2070
19434.799909591675,2044
19435.78553199768,2068
19436.755895614624,2034
19437.779903411865,2098
19438.777446746826,2160
19439.77451324463,2138
19440.77181816101,2118
19441.76936149597,2106
19442.80481338501,2162
19443.764209747314,2134
19444.76079940796,2104
19445.758819580078,2036
19446.72989845276,2040
19447.726011276245,2066
19448.750734329224,2062
19449.747800827026,2102
19450.745344161987,2084
19451.74264907837,2078
19452.744722366333,2118
19453.737258911133,2140
19454.735279083252,2118
19455.732345581055,2138
19456.73108100891,2086
19457.72647857666,2062
19458.7242603302,2038
19459.72204208374,2042
19460.718393325806,2106
19461.715936660767,2086
19462.71300315857,2078
19463.709115982056,2138
19464.706897735596,2134
19465.704679489136,2094
19466.67456626892,2102
19467.69881248474,2106
19468.695878982544,2082
19469.693183898926,2090
19470.690965652466,2024
19471.68803215027,2098
19472.684860229492,2086
19473.682403564453,2090
19474.680423736572,2106
19475.677013397217,2118
19476.67694091797,2102
19477.676391601562,2118
19478.668928146362,2120
19479.66980934143,2118
19480.666160583496,2130
19481.661796569824,2098
19482.658624649048,2106
19483.657360076904,2100
19484.658002853394,2090
19485.654592514038,2122
19486.649751663208,2168
19487.651586532593,2130
19488.648414611816,2112
19489.649534225464,2166
19490.642786026,2100
19491.61171913147,2134
19492.605447769165,2122
19493.60227584839,2102
19494.59958076477,2094
19495.596885681152,2038
19496.594429016113,2110
19497.591733932495,2110
19498.588800430298,2130
19499.58634376526,2118
19500.58341026306,2144
19501.580953598022,2112
19502.578258514404,2098
19503.575325012207,2046
19504.573345184326,2038
19505.57041168213,2018
19506.56771659851,1996
19507.56597518921,1990
19508.562564849854,1998
19509.559869766235,2040
19510.557174682617,2078
19511.554479599,2096
19512.55202293396,2078
19513.549089431763,2066
19514.546632766724,2092
19515.543937683105,2070
19516.541719436646,2022
19517.53830909729,1978
19518.53609085083,2042
19519.533157348633,2002
19520.530462265015,2038
19521.528005599976,2000
19522.525310516357,2086
19523.52285385132,2094
19524.51992034912,2110
19525.517463684082,2094
19526.514530181885,2082
19527.511835098267,2096
19528.509378433228,2078
19529.50644493103,2086
19530.531644821167,2038
19531.530141830444,2034
19532.526969909668,2002
19533.52403640747,2070
19534.52968597412,2066
19535.517930984497,2064
19536.524057388306,2026
19537.487030029297,2046
19538.511037826538,2026
19539.480209350586,2110
19540.50588607788,2058
19541.502714157104,2066
19542.499780654907,2034
19543.497323989868,2032
19544.501781463623,2020
19545.49217224121,2026
19546.462535858154,2070
19547.486782073975,2072
19548.484086990356,2126
19549.480676651,2098
19550.47917366028,2088
19551.477909088135,2106
19552.472829818726,2082
19553.470611572266,2064
19554.467916488647,2040
19555.471181869507,2046
19556.435346603394,2022
19557.46054649353,2090
19558.42900276184,2100
19559.454441070557,2070
19560.452222824097,2106
19561.4492893219,2098
19562.446355819702,2062
19563.443899154663,2014
19564.441680908203,2070
19565.438270568848,2064
19566.43533706665,2078
19567.406177520752,2082
19568.43090057373,2122
19569.428205490112,2136
19570.425510406494,2094
19571.422338485718,2130
19572.41940498352,2094
19573.41694831848,2130
19574.419736862183,2110
19575.412273406982,2096
19576.382875442505,2150
19577.406883239746,2094
19578.404188156128,2092
19579.40125465393,2102
19580.398082733154,2094
19581.396102905273,2090
19582.392930984497,2122
19583.391427993774,2142
19584.38801765442,2118
19585.38579940796,2098
19586.38310432434,2082
19587.353467941284,2078
19588.378190994263,2102
19589.37430381775,2098
19590.37208557129,2092
19591.341257095337,2078
19592.366933822632,2116
19593.37019920349,2086
19594.361066818237,2126
19595.359325408936,2126
19596.32921218872,2106
19597.357749938965,2086
19598.352909088135,2098
19599.348545074463,2126
19600.316524505615,2098
19601.31335258484,2038
19602.31041908264,2020
19603.307723999023,2012
19604.305267333984,2006
19605.302333831787,2066
19606.29963874817,2118
19608.073472976685,2132
19608.297109603882,2126
19609.32183265686,2130
19610.370874404907,2122
19611.93871498108,2100
19612.967491149902,2122
19613.935947418213,2120
19614.96138572693,2090
19615.95892906189,2134
19616.954803466797,2098
19617.9256439209,2122
19618.922472000122,2106
19619.919538497925,2198
19620.917081832886,2154
19621.914386749268,2134
19622.91169166565,2156
19623.908758163452,2130
19624.91273880005,2134
19625.903844833374,2112
19626.900672912598,2090
19627.898693084717,2092
19628.89575958252,2082
19629.892587661743,2090
19630.890369415283,2126
19631.88886642456,2170
19632.885694503784,2138
19633.882761001587,2158
19634.880304336548,2094
19635.87713241577,2102
19636.87562942505,2138
19637.871980667114,2078
19638.869524002075,2104
19639.8663520813,2110
19640.86413383484,2122
19641.86143875122,2108
19642.858266830444,2118
19643.855810165405,2130
19644.853115081787,2160
19645.850658416748,2110
19646.84772491455,2152
19647.846937179565,2110
19648.842573165894,2118
19649.839639663696,2070
19650.837659835815,2120
19651.834726333618,2086
19652.83203125,2032
19653.829097747803,2082
19654.826402664185,2078
19655.824184417725,2142
19656.822443008423,2128
19657.819032669067,2098
19658.81586074829,2066
19659.815311431885,2088
19660.810232162476,2066
19661.808490753174,2022
19662.80508041382,2062
19663.80214691162,2070
19664.79992866516,2078
19665.797472000122,2014
19666.7959690094,2062
19667.80161857605,2104
19668.789625167847,2078
19669.78645324707,2110
19670.78399658203,2040
19671.781539916992,2024
19672.778606414795,2032
19673.775672912598,2118
19674.77297782898,2106
19675.77075958252,2044
19676.76877975464,2010
19677.765369415283,2078
19678.762912750244,2110
19679.759740829468,2098
19680.75728416443,2158
19681.75482749939,2106
19682.75213241577,2108
19683.748960494995,2098
19684.746503829956,2030
19685.744285583496,2106
19686.742067337036,2134
19687.73865699768,2150
19688.73620033264,2088
19689.733266830444,2086
19690.730810165405,2154
19691.727876663208,2138
19692.742586135864,2166
19693.72248649597,2154
19694.719552993774,2126
19695.716857910156,2130
19696.715593338013,2142
19697.7117061615,2160
19698.70924949646,2152
19699.706315994263,2150
19700.703620910645,2110
19701.700925827026,2154
19702.69823074341,2118
19703.69553565979,2136
19704.692602157593,2154
19705.690383911133,2156
19706.68864250183,2102
19707.685232162476,2012
19708.68229866028,2068
19709.679126739502,2098
19710.676908493042,2122
19711.674451828003,2102
19712.671518325806,2066
19713.66858482361,2010
19714.66588973999,2078
19715.66367149353,2102
19716.667652130127,2082
19717.658519744873,2098
19718.655824661255,2090
19719.65265274048,2118
19720.65043449402,2124
19721.6477394104,2082
19722.644805908203,2086
19723.642349243164,2082
19724.639415740967,2110
19725.636959075928,2106
19726.635694503784,2104
19727.63204574585,2102
19728.62935066223,2166
19729.626417160034,2156
19730.624198913574,2168
19731.621503829956,2102
19732.61857032776,2096
19733.61563682556,2102
19734.613180160522,2138
19735.610723495483,2134
19736.607789993286,2134
19737.605571746826,2126
19738.603115081787,2130
19739.59970474243,2138
19740.597009658813,2188
19741.60885810852,2186
19742.591857910156,2214
19743.589162826538,2118
19744.58622932434,2102
19745.58424949646,2118
19746.581315994263,2122
19747.578859329224,2126
19748.576402664185,2134
19749.57299232483,2104
19750.57101249695,2096
19751.56831741333,2122
19752.565383911133,2138
19753.563165664673,2136
19754.559755325317,2160
19755.557537078857,2118
19756.55484199524,2110
19757.5523853302,2088
19758.549690246582,2094
19759.546518325806,2082
19760.544061660767,2096
19761.541604995728,2082
19762.53867149353,2098
19763.535976409912,2098
19764.533042907715,2142
19765.530824661255,2162
19766.528606414795,2124
19767.52543449402,2156
19768.52250099182,2150
19769.521474838257,2142
19770.5180644989,2154
19771.515130996704,2138
19772.512912750244,2134
19773.510217666626,2158
19774.507522583008,2138
19775.50506591797,2182
19776.501655578613,2162
19777.499198913574,2190
19778.496503829956,2188
19779.493808746338,2168
19780.49111366272,2134
19781.4884185791,2098
19782.485961914062,2134
19783.483028411865,2142
19784.480333328247,2110
19785.504579544067,2126
19786.503076553345,2140
19787.498950958252,2106
19788.496732711792,2158
19789.494276046753,2186
19790.491580963135,2134
19791.492223739624,2134
19792.4861907959,2098
19793.484449386597,2106
19794.48175430298,2102
19795.478105545044,2098
19796.449184417725,2100
19797.473192214966,2106
19798.47025871277,2134
19799.46780204773,2122
19800.483226776123,2110
19801.461935043335,2122
19802.43182182312,2136
19803.45582962036,2118
19804.455041885376,2120
19805.453538894653,2074
19806.4227104187,2112
19807.4471950531,2138
19808.41636657715,2162
19809.442043304443,2150
19810.439586639404,2164
19811.436653137207,2158
19812.434196472168,2192
19813.43173980713,2222
19814.42880630493,2172
19815.425872802734,2166
19816.422939300537,2138
19817.420721054077,2150
19818.418502807617,2106
19819.415807724,2110
19820.41311264038,2152
19821.410179138184,2132
19822.407960891724,2134
19823.405504226685,2162
19824.402570724487,2212
19825.40011405945,2170
19826.396942138672,2190
19827.393770217896,2142
19828.391790390015,2160
19829.388856887817,2174
19830.38568496704,2154
19831.38394355774,2156
19832.380533218384,2160
19833.35041999817,2186
19834.375143051147,2182
19835.373163223267,2184
19836.37046813965,2214
19837.33892440796,2246
19838.33599090576,2230
19839.333295822144,2292
19840.330600738525,2260
19841.328144073486,2188
19842.325448989868,2152
19843.32251548767,2136
19844.319581985474,2202
19845.317363739014,2166
19846.315622329712,2154
19847.312211990356,2154
19848.30951690674,2218
19849.306106567383,2232
19850.303888320923,2170
19851.301193237305,2152
19852.298498153687,2130
19853.29580307007,2112
19854.29286956787,2090
19855.29065132141,2038
19856.287717819214,2094
19857.28645324707,2096
19858.282804489136,2078
19859.27963256836,2098
19860.27765274048,2106
19861.27495765686,2106
19862.272262573242,2134
19863.296270370483,2138
19864.29476737976,2110
19865.291357040405,2108
19866.289377212524,2118
19867.286443710327,2126
19868.28374862671,2122
19869.280576705933,2142
19870.277643203735,2118
19871.275663375854,2124
19872.27511405945,2090
19873.270511627197,2094
19874.26733970642,2098
19876.23405456543,2074
19876.23405456543,2078
19878.25655937195,2082
19879.226207733154,2094
19879.226207733154,2118
19880.253553390503,2096
19881.248712539673,2086
19882.245779037476,2126
19883.246183395386,2098
19884.244918823242,2126
19885.244607925415,2182
19886.234521865845,2186
19887.231826782227,2158
19888.231992721558,2138
19889.232873916626,2140
19891.196727752686,2150
19891.196727752686,2158
19892.220497131348,2194
19893.22257041931,2202
19895.18451690674,2234
19895.18451690674,2234
19897.179126739502,2214
19897.179126739502,2236
19898.203134536743,2218
19900.171279907227,2218
19901.167631149292,2222
19902.164936065674,2190
19903.162002563477,2142
19904.15930747986,2158
19905.15685081482,2194
19906.1541557312,2196
19907.15217590332,2194
19908.149242401123,2166
19909.16395187378,2194
19910.143852233887,2212
19911.141395568848,2222
19912.13846206665,2206
19913.135528564453,2174
19914.132595062256,2162
19915.130138397217,2164
19916.12720489502,2138
19917.125701904297,2154
19918.12300682068,2186
19919.119119644165,2192
19920.116901397705,2244
19921.114206314087,2214
19922.11127281189,2218
19923.10857772827,2218
19924.106121063232,2222
19925.10437965393,2184
19926.101446151733,2130
19927.098989486694,2166
19928.09557914734,2134
19929.09288406372,2192
19930.09042739868,2198
19931.087732315063,2226
19932.084798812866,2190
19933.082103729248,2184
19934.079885482788,2214
19935.07695198059,2194
19936.074256896973,2218
19937.07299232483,2152
19938.069105148315,2170
19939.066171646118,2154
19940.072059631348,2170
19941.07151031494,2186
19942.07262992859,2222
19943.071126937866,2198
19944.072008132935,2186
19945.05023956299,2174
19946.04778289795,2192
19947.04508781433,2172
19948.042154312134,2162
19949.039459228516,2168
19950.037240982056,2150
19951.03430747986,2142
19952.03161239624,2170
19953.028678894043,2170
19954.025745391846,2190
19955.023765563965,2188
19956.020832061768,2186
19957.018852233887,2170
19958.01568031311,2206
19959.01322364807,2198
19960.010290145874,2232
19961.007595062256,2202
19962.004899978638,2166
19963.00196647644,2150
19963.999271392822,2166
19964.996576309204,2186
19965.994119644165,2166
19966.992139816284,2174
19967.98872947693,2206
19968.98651123047,2214
19969.983339309692,2166
19970.98183631897,2222
19971.978425979614,2162
19972.975730895996,2190
19973.9727973938,2138
19974.97034072876,2190
19975.96788406372,2162
19976.96614265442,2210
19977.962493896484,2242
19978.960037231445,2270
19979.957103729248,2286
19980.95464706421,2270
19981.951475143433,2256
19982.949256896973,2264
19983.960390090942,2254
19984.943389892578,2234
19985.941410064697,2216
19986.939430236816,2154
19987.935781478882,2138
19988.933563232422,2162
19989.930391311646,2170
19990.927934646606,2186
19991.92476272583,2210
19992.92230606079,2230
19993.919610977173,2226
19994.916915893555,2216
19995.914697647095,2230
19996.911764144897,2246
19997.90930747986,2214
19998.90661239624,2186
19999.903917312622,2218
20000.901460647583,2174
20001.898527145386,2186
20002.89559364319,2142
20003.89313697815,2122
20004.890203475952,2130
20005.887746810913,2094
20006.88624382019,2110
20007.882595062256,2100
20008.879899978638,2142
20009.87696647644,2102
20010.87474822998,2096
20011.871576309204,2090
20012.869119644165,2134
20013.866424560547,2186
20014.86349105835,2154
20015.86127281189,2158
20016.857624053955,2138
20017.85635948181,2150
20018.881797790527,2104
20019.880533218384,2106
20020.87688446045,2094
20021.873474121094,2102
20022.870540618896,2138
20023.86999130249,2154
20024.86562728882,2190
20025.86269378662,2214
20026.86095237732,2226
20027.864933013916,2254
20028.857707977295,2234
20029.85405921936,2258
20030.850172042847,2262
20031.847953796387,2258
20032.848834991455,2198
20033.841609954834,2142
20034.838914871216,2154
20035.836696624756,2164
20036.83352470398,2106
20037.8315448761,2166
20038.828134536743,2198
20039.825439453125,2194
20040.823936462402,2202
20041.802644729614,2186
20042.789459228516,2218
20043.797254562378,2222
20044.78359222412,2224
20045.78137397766,2150
20046.778202056885,2162
20047.775745391846,2196
20048.773527145386,2196
20049.77035522461,2162
20050.76789855957,2170
20051.764726638794,2166
20052.762269973755,2174
20053.759574890137,2134
20054.75687980652,2128
20055.75466156006,2162
20056.76531791687,2138
20057.749271392822,2132
20058.747053146362,2126
20059.743642807007,2154
20060.741662979126,2128
20061.73825263977,2158
20062.73579597473,2186
20063.732862472534,2132
20064.729690551758,2134
20065.727472305298,2108
20066.725730895996,2120
20067.72232055664,2136
20068.719625473022,2130
20069.716453552246,2134
20070.714235305786,2146
20071.71130180359,2158
20072.70860671997,2158
20073.705911636353,2108
20074.703216552734,2162
20075.700759887695,2170
20076.699018478394,2110
20077.695608139038,2158
20078.693151474,2174
20079.689741134644,2204
20080.687761306763,2200
20081.684589385986,2214
20082.682132720947,2214
20083.67919921875,2248
20084.676504135132,2194
20085.674047470093,2190
20086.67278289795,2190
20087.669372558594,2198
20088.666677474976,2200
20089.6635055542,2130
20090.66152572632,2152
20091.658353805542,2118
20092.655897140503,2162
20093.653440475464,2154
20094.650506973267,2160
20095.64781188965,2142
20096.646308898926,2142
20097.64266014099,2160
20098.640203475952,2142
20099.637031555176,2094
20100.635051727295,2022
20101.63187980652,2070
20102.6291847229,2068
20103.626251220703,2166
20104.623556137085,2220
20105.621337890625,2222
20106.619358062744,2238
20107.61594772339,2254
20108.61349105835,2246
20109.610319137573,2234
20110.608100891113,2270
20111.605644226074,2254
20112.602472305298,2266
20113.59977722168,2262
20114.59732055664,2270
20115.5948638916,2222
20116.607427597046,2198
20117.589473724365,2226
20118.586778640747,2198
20119.58360671997,2184
20120.58138847351,2102
20121.578216552734,2102
20122.575759887695,2158
20123.573541641235,2142
20124.57036972046,2126
20125.56791305542,2110
20126.566171646118,2138
20127.562522888184,2162
20128.560304641724,2174
20129.556894302368,2214
20130.55467605591,2250
20131.551504135132,2254
20132.549285888672,2298
20133.545637130737,2330
20134.543895721436,2378
20135.541439056396,2350
20136.539220809937,2342
20137.53581047058,2346
20138.533353805542,2316
20139.530420303345,2264
20140.528202056885,2200
20141.52479171753,2194
20142.523050308228,2130
20143.51987838745,2128
20144.517183303833,2126
20145.514249801636,2120
20146.512985229492,2154
20147.509336471558,2138
20148.50664138794,2218
20149.503469467163,2206
20150.50172805786,2198
20151.498317718506,2230
20152.495622634888,2218
20153.49292755127,2214
20154.495000839233,2186
20155.487775802612,2198
20156.48579597473,2170
20157.511234283447,2162
20158.50806236267,2198
20159.50584411621,2214
20160.50696372986,2234
20161.500215530396,2236
20162.4972820282,2214
20163.49458694458,2190
20164.493322372437,2126
20165.489435195923,2138
20166.4879322052,2122
20167.484521865845,2170
20169.991970062256,2172
20169.991970062256,2154
20171.03409767151,2126
20171.969413757324,2186
20172.97911643982,2230
20173.97928237915,2202
20174.97706413269,2214
20175.975561141968,2222
20176.972150802612,2254
20177.969932556152,2254
20178.966283798218,2214
20179.964065551758,2222
20180.96113204956,2182
20181.957960128784,2160
20182.955265045166,2150
20183.952808380127,2202
20184.951543807983,2182
20185.94717979431,2166
20186.94567680359,2122
20187.942028045654,2112
20188.939094543457,2122
20189.936637878418,2106
20190.93418121338,2130
20191.93124771118,2160
20192.928791046143,2166
20193.925857543945,2196
20194.923400878906,2158
20195.920705795288,2170
20196.91777229309,2230
20197.91555404663,2254
20198.912620544434,2230
20199.910402297974,2246
20200.907707214355,2154
20201.932430267334,2142
20202.953815460205,2138
20203.927755355835,2168
20204.925060272217,2126
20205.9223651886,2126
20206.91990852356,2204
20207.890033721924,2302
20208.914756774902,2358
20209.911346435547,2320
20210.914373397827,2322
20211.90619468689,2286
20212.903022766113,2234
20213.901042938232,2166
20214.89906311035,2142
20215.895891189575,2130
20216.894388198853,2110
20217.889308929443,2064
20218.887329101562,2078
20219.884395599365,2078
20220.88122367859,2102
20221.879959106445,2104
20222.877025604248,2094
20223.87433052063,2002
20224.870443344116,2034
20225.86703300476,2058
20226.866006851196,2034
20227.863550186157,2098
20228.86061668396,2156
20229.856967926025,2204
20230.857610702515,2232
20231.852054595947,2270
20232.821941375732,2330
20233.81996154785,2362
20234.817028045654,2328
20235.814332962036,2262
20236.811637878418,2262
20237.80870437622,2294
20238.805770874023,2290
20239.803314208984,2232
20240.800619125366,2226
20241.798162460327,2234
20242.79546737671,2226
20243.79277229309,2254
20244.789838790894,2222
20245.787143707275,2202
20246.784687042236,2186
20247.781991958618,2194
20248.77953529358,2158
20249.804735183716,2158
20250.82278251648,2106
20251.801252365112,2152
20252.796411514282,2150
20253.793954849243,2122
20254.791498184204,2142
20255.788564682007,2166
20256.786346435547,2230
20257.79104232788,2222
20258.76522064209,2244
20259.7815990448,2224
20260.746955871582,2232
20261.744022369385,2236
20262.7694606781,2226
20263.767957687378,2198
20264.765977859497,2158
20265.761613845825,2186
20266.730308532715,2160
20267.757177352905,2166
20268.754243850708,2168
20269.75131034851,2162
20270.74933052063,2204
20271.748065948486,2194
20272.743225097656,2162
20273.740768432617,2150
20274.73783493042,2148
20275.73585510254,2130
20276.732683181763,2090
20277.730226516724,2158
20278.72657775879,2218
20279.72364425659,2282
20280.721187591553,2286
20281.718969345093,2298
20282.715559005737,2316
20283.71238708496,2256
20284.7101688385,2242
20285.7084274292,2214
20286.70597076416,2202
20287.702322006226,2170
20288.699626922607,2130
20289.69717025757,2122
20290.695190429688,2134
20291.70536994934,2162
20292.689323425293,2138
20293.686389923096,2226
20294.65675354004,2224
20295.65382003784,2198
20296.651363372803,2174
20297.648191452026,2190
20298.646211624146,2174
20299.64327812195,2174
20300.64082145691,2170
20301.637887954712,2156
20302.635431289673,2218
20303.632736206055,2182
20304.629802703857,2186
20305.62710762024,2194
20306.6246509552,2158
20307.621955871582,2118
20308.619260787964,2166
20309.616804122925,2216
20310.64248085022,2220
20311.639308929443,2234
20312.637090682983,2254
20313.633680343628,2232
20314.63098526001,2194
20315.62852859497,2214
20316.657781600952,2212
20317.596435546875,2212
20318.620681762695,2190
20319.617986679077,2166
20320.61529159546,2156
20321.61259651184,2128
20322.609901428223,2126
20323.607683181763,2158
20324.605703353882,2158
20325.600385665894,2170
20326.59959793091,2192
20327.595233917236,2250
20328.593015670776,2224
20329.590797424316,2262
20330.587148666382,2190
20331.584930419922,2190
20332.582235336304,2198
20333.579301834106,2154
20334.577322006226,2164
20335.57415008545,2150
20336.573123931885,2112
20337.568521499634,2102
20338.566541671753,2094
20339.563131332397,2138
20340.53349494934,2168
20341.562271118164,2210
20342.556476593018,2258
20343.552589416504,2296
20344.550371170044,2270
20345.547914505005,2258
20346.518516540527,2278
20347.54729270935,2266
20348.539113998413,2296
20349.536895751953,2266
20350.534439086914,2262
20351.533889770508,2254
20352.530241012573,2282
20353.52611541748,2290
20354.522943496704,2254
20355.520248413086,2230
20356.49013519287,2210
20357.515335083008,2218
20358.51240158081,2212
20359.510898590088,2202
20360.507011413574,2174
20361.504554748535,2186
20362.50376701355,2214
20363.500595092773,2224
20364.497900009155,2194
20365.495204925537,2250
20366.46604537964,2278
20367.48957633972,2258
20368.48759651184,2230
20369.484663009644,2218
20370.482206344604,2218
20371.479988098145,2214
20372.47657775879,2222
20373.473405838013,2216
20374.470233917236,2142
20375.46730041504,2150
20376.469612121582,2164
20377.46262550354,2136
20378.459215164185,2158
20379.456520080566,2166
20380.454301834106,2156
20381.45112991333,2134
20382.448196411133,2166
20383.426666259766,2188
20384.443044662476,2156
20385.44011116028,2134
20386.439323425293,2158
20387.40873336792,2224
20388.405561447144,2278
20389.402866363525,2326
20390.400171279907,2382
20391.397714614868,2456
20392.39549636841,2430
20393.39280128479,2330
20394.389867782593,2266
20395.387172698975,2254
20396.384716033936,2222
20397.382497787476,2220
20398.3793258667,2216
20399.37663078308,2252
20400.374174118042,2316
20401.371240615845,2346
20402.36735343933,2328
20403.364181518555,2296
20404.361486434937,2234
20405.359029769897,2166
20406.35633468628,2150
20407.35363960266,2162
20408.350944519043,2186
20409.348487854004,2214
20410.345554351807,2186
20411.34285926819,2206
20412.34040260315,2166
20413.33770751953,2172
20414.334774017334,2154
20415.332078933716,2186
20416.329622268677,2198
20417.32692718506,2238
20418.354272842407,2316
20419.35110092163,2398
20420.34864425659,2510
20421.35000228882,2526
20422.34468460083,2536
20423.340559005737,2570
20424.3381023407,2550
20425.33588409424,2416
20426.334142684937,2258
20427.330017089844,2158
20428.327560424805,2132
20429.32438850403,2214
20430.32169342041,2270
20431.31971359253,2346
20432.32297897339,2326
20433.32529067993,2238
20434.311866760254,2192
20435.308694839478,2138
20436.30599975586,2086
20437.304735183716,2030
20438.300848007202,2106
20439.297914505005,2110
20440.295457839966,2026
20441.29252433777,1970
20442.29006767273,1958
20443.294048309326,1980
20444.284915924072,1972
20445.282220840454,2042
20446.280002593994,2086
20447.27659225464,2126
20449.260234832764,2154
20449.260234832764,2150
20450.26922225952,2160
20451.266050338745,2162
20452.26287841797,2102
20453.261137008667,2082
20454.25772666931,2154
20455.25336265564,2166
20456.225633621216,2192
20457.247972488403,2262
20458.255767822266,2246
20459.24687385559,2246
20460.241556167603,2238
20461.239099502563,2252
20462.236166000366,2218
20463.233947753906,2162
20464.232683181763,2142
20465.22855758667,2102
20467.196702957153,2066
20468.19233894348,2070
20470.49307823181,2098
20470.55983543396,2064
20470.55983543396,2070
20471.829891204834,2022
20472.77021408081,2032
20473.83737564087,1998
20474.86448287964,1962
20475.833654403687,1990
20476.86243057251,1970
20477.858066558838,1986
20478.85298728943,1982
20479.8526763916,2062
20480.849981307983,2118
20481.817960739136,2158
20482.815265655518,2150
20483.81233215332,2216
20484.80987548828,2294
20485.807180404663,2288
20486.804723739624,2280
20487.830638885498,2288
20488.82818222046,2262
20489.79687690735,2228
20490.827083587646,2154
20491.793155670166,2222
20492.78950691223,2214
20493.786334991455,2194
20494.783878326416,2200
20495.79429626465,2254
20496.779680252075,2264
20497.780799865723,2266
20498.77381324768,2260
20499.770641326904,2250
20500.768661499023,2258
20501.765251159668,2250
20502.76279449463,2230
20503.75986099243,2218
20504.757165908813,2218
20505.754709243774,2278
20506.75320625305,2272
20507.749795913696,2298
20508.747339248657,2290
20509.74416732788,2288
20510.76865196228,2286
20511.76619529724,2262
20512.763500213623,2256
20513.761043548584,2222
20514.758110046387,2214
20515.757083892822,2200
20516.75248146057,2214
20517.75097846985,2244
20518.746852874756,2258
20519.745349884033,2210
20520.742177963257,2244
20521.739959716797,2230
20522.741079330444,2266
20523.734092712402,2250
20524.731636047363,2174
20525.701761245728,2156
20526.69906616211,2190
20527.696132659912,2142
20528.693437576294,2154
20529.690742492676,2226
20530.688524246216,2230
20531.685829162598,2252
20532.68313407898,2198
20533.68043899536,2258
20534.677743911743,2278
20535.675287246704,2220
20536.672592163086,2246
20537.669897079468,2230
20538.66720199585,2266
20539.66450691223,2234
20540.662050247192,2238
20541.66078567505,2254
20542.656660079956,2254
20543.65372657776,2234
20544.65103149414,2246
20545.6485748291,2232
20546.645641326904,2234
20547.643184661865,2296
20548.640489578247,2232
20549.638032913208,2162
20550.63509941101,2216
20551.632404327393,2214
20552.629470825195,2214
20553.627014160156,2238
20554.65269088745,2198
20555.65047264099,2202
20556.647062301636,2266
20557.644367218018,2222
20558.64191055298,2162
20559.63921546936,2190
20560.6369972229,2246
20561.634302139282,2214
20562.631368637085,2154
20563.63582611084,2134
20564.626693725586,2202
20565.622806549072,2214
20566.591501235962,2210
20567.61932373047,2214
20568.615913391113,2206
20569.61727142334,2230
20570.60956954956,2190
20571.606874465942,2194
20572.60799407959,2202
20573.601961135864,2216
20574.599027633667,2184
20575.596570968628,2222
20576.59339904785,2162
20577.59189605713,2188
20578.595638275146,2226
20579.559087753296,2230
20580.55543899536,2222
20581.552743911743,2226
20582.549810409546,2202
20583.547115325928,2202
20584.54465866089,2232
20585.54172515869,2160
20586.539268493652,2122
20587.563037872314,2162
20588.56177330017,2174
20589.561462402344,2214
20590.555429458618,2236
20591.554880142212,2222
20592.5714969635,2234
20593.550205230713,2224
20594.544649124146,2184
20595.54147720337,2174
20596.53925895691,2196
20597.51057624817,2238
20598.53434562683,2194
20599.536180496216,2126
20600.528478622437,2186
20601.52792930603,2222
20602.52285003662,2278
20603.52063179016,2238
20604.517936706543,2230
20605.514764785767,2266
20606.486320495605,2286
20607.511043548584,2270
20608.5422039032,2258
20609.506130218506,2254
20610.50319671631,2238
20611.50026321411,2234
20612.505674362183,2254
20613.494634628296,2296
20614.492177963257,2224
20615.489721298218,2226
20616.459846496582,2234
20617.48480796814,2218
20618.48211288452,2172
20619.457006454468,2202
20620.477437973022,2166
20621.474742889404,2194
20622.47371673584,2170
20623.46839904785,2150
20624.470710754395,2122
20625.463008880615,2154
20626.434087753296,2186
20627.462148666382,2216
20628.45492362976,2206
20629.45246696472,2166
20630.45024871826,2210
20631.447076797485,2212
20632.444858551025,2186
20633.413791656494,2166
20634.43946838379,2162
20635.436296463013,2164
20636.433839797974,2138
20637.404680252075,2168
20638.429164886475,2214
20639.426946640015,2266
20640.42353630066,2214
20641.42084121704,2202
20642.423391342163,2198
20643.415212631226,2234
20644.418478012085,2246
20645.410299301147,2198
20646.406888961792,2160
20647.404670715332,2214
20648.403644561768,2204
20649.372339248657,2212
20650.396823883057,2198
20651.394367218018,2268
20652.3916721344,2290
20653.388738632202,2280
20654.386043548584,2230
20655.382871627808,2218
20656.380653381348,2252
20657.3805809021,2242
20658.347129821777,2226
20659.37328338623,2216
20660.370349884033,2188
20661.367654800415,2216
20662.36448287964,2278
20663.36178779602,2266
20664.359092712402,2226
20665.356874465942,2194
20666.327238082886,2188
20667.352437973022,2218
20668.349027633667,2168
20669.34585571289,2158
20670.34339904785,2174
20671.345710754395,2152
20672.337532043457,2142
20673.335075378418,2130
20674.33261871338,2152
20675.302267074585,2170
20676.326990127563,2182
20677.325963974,2184
20678.322315216064,2202
20679.319620132446,2190
20680.92918395996,2166
20681.958198547363,2134
20682.955265045166,2170
20683.953523635864,2148
20684.956073760986,2190
20685.94741821289,2212
20686.945915222168,2222
20687.942028045654,2246
20688.939332962036,2254
20689.908742904663,2260
20690.906524658203,2234
20691.903352737427,2230
20692.90041923523,2206
20693.89772415161,2246
20694.895029067993,2218
20695.892333984375,2198
20696.890115737915,2222
20697.887420654297,2214
20698.8844871521,2254
20699.882745742798,2278
20700.908422470093,2260
20701.90477371216,2254
20702.90184020996,2290
20703.900575637817,2272
20704.89764213562,2238
20705.894708633423,2226
20706.891536712646,2202
20707.86190032959,2238
20708.858013153076,2202
20709.88392829895,2222
20710.880279541016,2256
20711.877822875977,2290
20712.847232818604,2294
20713.893175125122,2254
20714.869737625122,2228
20715.868949890137,2186
20716.867446899414,2166
20717.862844467163,2170
20718.831300735474,2186
20719.828367233276,2174
20720.82543373108,2156
20721.822500228882,2126
20722.820043563843,2158
20723.817348480225,2194
20724.814891815186,2212
20725.812673568726,2174
20726.80950164795,2176
20727.806568145752,2172
20728.803873062134,2162
20729.801416397095,2158
20730.798482894897,2138
20731.79578781128,2110
20732.792854309082,2102
20733.7908744812,2154
20734.787702560425,2188
20735.785007476807,2214
20736.783266067505,2222
20737.780332565308,2230
20738.77739906311,2198
20739.774465560913,2226
20740.772008895874,2172
20741.769313812256,2210
20742.766618728638,2158
20743.76344680786,2186
20744.760990142822,2130
20745.758295059204,2142
20746.75679206848,2214
20747.753620147705,2200
20748.750686645508,2196
20749.74799156189,2166
20750.75626373291,2182
20751.742362976074,2186
20752.739906311035,2190
20753.736972808838,2138
20754.73427772522,2118
20755.73182106018,2130
20756.72960281372,2158
20757.726430892944,2164
20758.724212646484,2202
20759.721279144287,2258
20760.71834564209,2218
20761.71565055847,2234
20762.712955474854,2246
20763.710260391235,2216
20764.707565307617,2230
20765.705108642578,2202
20766.703605651855,2256
20767.7001953125,2214
20768.69773864746,2202
20769.694805145264,2258
20770.692348480225,2210
20771.689414978027,2238
20772.68648147583,2244
20773.683786392212,2250
20774.68204498291,2270
20775.67958831787,2250
20776.676654815674,2190
20777.674436569214,2226
20778.671264648438,2254
20779.66833114624,2194
20780.665636062622,2214
20781.66365623474,2194
20782.660484313965,2226
20783.658027648926,2238
20784.65509414673,2222
20785.65263748169,2252
20786.65018081665,2174
20787.647247314453,2206
20788.644075393677,2190
20789.640188217163,2166
20790.637493133545,2160
20791.639804840088,2174
20792.63210296631,2202
20793.62940788269,2230
20794.62695121765,2206
20795.624256134033,2184
20796.621561050415,2236
20797.619104385376,2254
20798.61617088318,2246
20799.61347579956,2226
20800.61101913452,2196
20801.608324050903,2198
20802.605628967285,2202
20803.602695465088,2202
20804.60238456726,2158
20805.599212646484,2166
20806.596517562866,2190
20807.593822479248,2224
20808.59112739563,2218
20809.58890914917,2194
20810.614109039307,2158
20811.611652374268,2170
20812.60848045349,2102
20813.605546951294,2100
20814.602613449097,2110
20815.600872039795,2138
20816.568613052368,2154
20817.568063735962,2162
20818.59254837036,2156
20819.589614868164,2170
20820.557594299316,2230
20821.55466079712,2246
20822.55220413208,2222
20823.549509048462,2214
20824.546813964844,2218
20825.544357299805,2194
20826.541662216187,2206
20827.53872871399,2186
20828.53603363037,2174
20829.533576965332,2234
20830.530881881714,2236
20831.528186798096,2218
20832.525491714478,2232
20833.52303504944,2226
20834.52010154724,2266
20835.517406463623,2226
20836.51828765869,2202
20837.51392364502,2170
20838.539600372314,2170
20839.536666870117,2218
20840.534448623657,2242
20841.531991958618,2226
20842.528581619263,2174
20843.531370162964,2202
20844.523429870605,2250
20845.520973205566,2244
20846.518516540527,2214
20847.51844406128,2214
20848.517894744873,2230
20849.509954452515,2214
20850.507974624634,2222
20851.47523880005,2214
20852.47230529785,2230
20853.469610214233,2216
20854.466915130615,2192
20855.463981628418,2238
20856.461763381958,2242
20857.45882987976,2246
20858.456134796143,2258
20859.453439712524,2218
20860.450983047485,2214
20861.448287963867,2186
20862.44535446167,2222
20863.44265937805,2238
20864.440202713013,2254
20865.437507629395,2244
20866.437435150146,2278
20867.43426322937,2268
20868.431091308594,2294
20869.428634643555,2314
20870.425939559937,2268
20871.42324447632,2266
20872.4205493927,2224
20873.41809272766,2234
20874.415159225464,2194
20875.412464141846,2226
20876.409769058228,2230
20877.40731239319,2222
20878.40437889099,2218
20879.401922225952,2194
20880.399227142334,2206
20881.396770477295,2214
20882.421731948853,2174
20883.42547416687,2142
20884.416818618774,2186
20885.414600372314,2122
20886.412382125854,2140
20887.409925460815,2158
20888.40627670288,2152
20889.40382003784,2188
20890.400648117065,2186
20891.398429870605,2206
20892.39549636841,2246
20893.393993377686,2198
20894.390106201172,2210
20895.387172698975,2222
20896.384716033936,2198
20897.383213043213,2126
20898.380279541016,2150
20899.3661403656,2198
20900.3746509552,2202
20901.371955871582,2236
20902.369022369385,2174
20903.367280960083,2226
20904.36363220215,2218
20905.36069869995,2192
20906.359672546387,2174
20907.356023788452,2170
20908.352613449097,2184
20909.3496799469,2166
20910.34770011902,2170
20911.34476661682,2162
20912.349462509155,2162
20913.339376449585,2182
20914.336681365967,2190
20915.334463119507,2164
20916.33176803589,2224
20917.30237007141,2222
20918.29800605774,2218
20919.323444366455,2238
20920.3200340271,2202
20921.31805419922,2174
20922.322511672974,2156
20923.31337928772,2170
20924.310445785522,2198
20925.314903259277,2198
20926.308393478394,2214
20927.27494239807,2226
20928.29966545105,2226
20929.29744720459,2224
20930.294036865234,2238
20931.290864944458,2198
20932.288646697998,2182
20933.286905288696,2170
20934.28659439087,2170
20935.2810382843,2202
20936.278104782104,2226
20938.244342803955,2214
20938.244342803955,2236
20939.26978111267,2182
20940.26803970337,2172
20941.267013549805,2222
20942.268133163452,2266
20943.259716033936,2238
20944.228410720825,2192
20945.253372192383,2202
20946.251153945923,2170
20947.221994400024,2194
20948.246002197266,2192
20949.24259185791,2258
20950.2432346344,2230
20951.23815536499,2222
20952.236890792847,2222
20953.232288360596,2214
20954.230070114136,2232
20955.228090286255,2216
20956.2246799469,2170
20957.195043563843,2174
20958.219289779663,2334
20959.216117858887,2192
20960.213899612427,2190
20961.21573448181,2214
20962.208032608032,2214
20963.20605278015,2186
20964.203357696533,2192
20965.200901031494,2186
20966.198205947876,2230
20968.19257736206,2198
20968.19257736206,2218
20970.187425613403,2198
20971.184968948364,2162
20972.181797027588,2198
20973.179578781128,2174
20974.176168441772,2202
20975.14533996582,2186
20976.141691207886,2170
20977.171182632446,2214
20978.17349433899,2252
20979.16340827942,2218
20980.16119003296,2230
20981.158018112183,2218
20982.155084609985,2152
20983.15167427063,2158
20984.153270721436,2174
20985.146045684814,2210
20986.116886138916,2210
20987.141132354736,2190
20988.13796043396,2212
20990.79704284668,2238
20990.859031677246,2248
20991.142749786377,2230
20992.157459259033,2186
20993.242263793945,2220
20993.242263793945,2174
20994.27032470703,2154
20995.338678359985,2144
20996.309280395508,2158
20997.342109680176,2234
20998.3332157135,2246
20999.329328536987,2238
21000.325202941895,2204
21001.322746276855,2214
21002.320051193237,2250
21003.320932388306,2202
21004.314661026,2194
21005.314826965332,2170
21006.309986114502,2166
21007.280111312866,2202
21008.281230926514,2172
21009.30166244507,2182
21010.29872894287,2230
21011.29651069641,2214
21012.293100357056,2234
21013.291120529175,2206
21014.288425445557,2222
21015.28787612915,2226
21016.2832736969,2212
21017.284631729126,2144
21018.277168273926,2126
21019.274473190308,2160
21020.272254943848,2164
21021.24333381653,2214
21022.238969802856,2202
21023.23627471924,2222
21024.23357963562,2198
21025.235176086426,2202
21026.227951049805,2214
21027.225732803345,2214
21028.222799301147,2202
21029.22010421753,2222
21030.21764755249,2226
21031.214714050293,2156
21032.212018966675,2218
21034.210920333862,2220
21034.210920333862,2234
21036.202907562256,2226
21037.197828292847,2204
21038.19513320923,2230
21038.19513320923,2250
21039.194107055664,2258
21040.191411972046,2202
21041.188716888428,2192
21042.18578338623,2156
21043.182611465454,2142
21044.180154800415,2174
21045.177459716797,2170
21047.173261642456,2222
21047.173261642456,2202
21048.169374465942,2202
21050.164222717285,2216
21051.16033554077,2198
21052.156925201416,2174
21053.154468536377,2184
21054.15177345276,2226
21055.14907836914,2138
21056.1466217041,2150
21057.143688201904,2192
21058.140993118286,2174
21059.138298034668,2246
21060.13584136963,2222
21061.13314628601,2222
21062.13068962097,2224
21063.127994537354,2218
21064.125061035156,2244
21065.122365951538,2200
21066.123008728027,2138
21067.147493362427,2154
21068.115234375,2182
21069.141626358032,2194
21070.138692855835,2218
21071.135759353638,2222
21072.1333026886,2236
21073.131561279297,2216
21074.127674102783,2202
21075.098037719727,2194
21076.130628585815,2170
21077.121019363403,2162
21078.11713218689,2166
21079.11467552185,2154
21080.11221885681,2126
21081.080675125122,2174
21082.107543945312,2206
21083.104610443115,2166
21084.10096168518,2170
21085.09850502014,2218
21086.10224723816,2210
21087.09740638733,2206
21088.090896606445,2230
21089.09249305725,2168
21090.08526802063,2188
21091.08328819275,2190
21092.0832157135,2162
21093.077659606934,2148
21094.074487686157,2194
21095.072269439697,2202
21096.06885910034,2198
21097.070693969727,2222
21098.093032836914,2214
21099.05982017517,2214
21100.03089904785,2228
21101.054906845093,2168
21102.051973342896,2196
21103.049278259277,2192
21104.047298431396,2126
21105.04412651062,2154
21106.04238510132,2156
21107.04469680786,2214
21108.036041259766,2228
21109.03310775757,2228
21110.03065109253,2200
21111.02819442749,2206
21111.997365951538,2206
21112.99443244934,2220
21113.991737365723,2192
21114.988803863525,2190
21115.987539291382,2200
21116.98603630066,2152
21118.009328842163,2224
21119.006633758545,2226
21120.003700256348,2230
21121.00124359131,2246
21122.002601623535,2258
21122.99633026123,2202
21123.993396759033,2184
21124.9783039093,2210
21125.988245010376,2218
21126.986742019653,2202
21127.98237800598,2126
21128.9803981781,2172
21129.977226257324,2176
21130.974769592285,2204
21131.971836090088,2210
21132.96937942505,2202
21133.967638015747,2190
21134.963989257812,2198
21135.961771011353,2232
21136.967420578003,2172
21137.961626052856,2192
21138.9582157135,2158
21139.954566955566,2170
21140.949010849,2188
21141.945362091064,2204
21142.942905426025,2194
21143.940210342407,2234
21144.938468933105,2222
21145.93458175659,2206
21146.933555603027,2184
21147.929668426514,2224
21148.926734924316,2204
21149.90782737732,2176
21150.923490524292,2170
21151.919841766357,2166
21152.91738510132,2190
21153.916358947754,2194
21154.91271018982,2230
21155.91025352478,2214
21156.879901885986,2194
21157.905340194702,2226
21158.90121459961,2214
21159.871101379395,2202
21160.89677810669,2194
21161.895990371704,2176
21162.89186477661,2184
21163.88964653015,2158
21164.885997772217,2166
21165.883541107178,2170
21166.879892349243,2192
21167.877674102783,2214
21168.87640953064,2246
21169.873476028442,2222
21170.871019363403,2204
21171.86665534973,2184
21172.865629196167,2204
21173.861503601074,2214
21174.830675125122,2204
21175.827026367188,2168
21176.82695388794,2198
21177.82473564148,2194
21178.8547039032,2226
21179.84676361084,2236
21180.843591690063,2264
21181.840181350708,2258
21182.844400405884,2234
21183.835744857788,2224
21184.832096099854,2224
21185.830116271973,2218
21186.83433532715,2174
21187.79730796814,2182
21188.8210773468,2170
21189.818620681763,2202
21190.788507461548,2222
21191.814184188843,2246
21192.824840545654,2246
21193.808555603027,2238
21194.80562210083,2222
21195.773601531982,2192
21196.771383285522,2194
21197.768688201904,2216
21198.795318603516,2210
21199.79238510132,2210
21200.79016685486,2162
21201.786518096924,2190
21202.787399291992,2216
21203.781366348267,2270
21204.778909683228,2212
21205.776691436768,2222
21206.773042678833,2232
21207.743883132935,2216
21208.768367767334,2210
21209.765434265137,2198
21210.762977600098,2170
21211.76028251648,2164
21212.76545524597,2154
21213.754177093506,2186
21214.752435684204,2230
21215.749502182007,2214
21216.718912124634,2234
21217.74411201477,2262
21218.741178512573,2192
21219.738721847534,2200
21220.736026763916,2162
21221.73500061035,2138
21222.748041152954,2218
21223.72817993164,2184
21224.73096847534,2174
21225.728511810303,2158
21226.726770401,2190
21227.717638015747,2236
21228.71494293213,2250
21229.71224784851,2226
21230.70979118347,2218
21231.706857681274,2202
21232.704162597656,2202
21233.701705932617,2214
21234.699010849,2186
21235.697031021118,2096
21236.664295196533,2142
21237.69187927246,2218
21238.687992095947,2166
21239.68529701233,2226
21240.68307876587,2232
21241.653442382812,2226
21242.677450180054,2214
21243.674755096436,2202
21244.672775268555,2162
21245.66960334778,2162
21246.668577194214,2170
21247.664213180542,2190
21248.667240142822,2168
21249.658823013306,2166
21250.656366348267,2194
21251.65319442749,2232
21252.65097618103,2226
21253.649711608887,2222
21254.645347595215,2230
21255.64217567444,2202
21256.6134929657,2166
21257.63750076294,2166
21258.61644744873,2248
21259.60397720337,2164
21260.600805282593,2204
21261.598348617554,2226
21262.595415115356,2244
21263.59272003174,2236
21264.5902633667,2234
21265.615701675415,2228
21266.58582687378,2214
21267.610788345337,2170
21268.614530563354,2160
21269.6053981781,2174
21270.60294151306,2242
21271.600484848022,2226
21272.596836090088,2198
21273.594617843628,2234
21274.59192276001,2262
21275.590181350708,2226
21276.560306549072,2254
21277.58502960205,2256
21278.582096099854,2206
21279.578924179077,2244
21280.576705932617,2142
21281.57329559326,2198
21282.543659210205,2206
21283.54048728943,2198
21284.53779220581,2198
21285.53533554077,2220
21286.532640457153,2218
21287.529706954956,2256
21288.527488708496,2270
21289.52383995056,2238
21290.521383285522,2214
21291.518449783325,2170
21292.515993118286,2186
21293.513298034668,2198
21294.51084136963,2212
21295.50790786743,2158
21296.505451202393,2190
21297.532081604004,2188
21298.529148101807,2230
21299.525260925293,2262
21300.523042678833,2250
21301.520824432373,2254
21302.517414093018,2214
21303.515434265137,2220
21304.51202392578,2188
21305.509567260742,2192
21306.506872177124,2198
21307.504892349243,2226
21308.50124359131,2222
21309.499263763428,2232
21310.49656867981,2278
21311.493396759033,2238
21312.490463256836,2278
21313.488006591797,2262
21314.48531150818,2250
21315.48261642456,2198
21316.48087501526,2214
21317.478895187378,2234
21318.482398986816,2230
21319.472074508667,2242
21320.469617843628,2190
21321.46668434143,2254
21322.47042655945,2202
21323.46224784851,2194
21324.458360671997,2234
21325.456142425537,2258
21326.454162597656,2258
21327.45099067688,2222
21328.44829559326,2152
21329.445123672485,2198
21330.443143844604,2232
21331.43973350525,2218
21332.43703842163,2194
21333.435773849487,2226
21334.43260192871,2230
21335.429668426514,2206
21336.427211761475,2246
21337.424755096436,2254
21338.428020477295,2266
21339.41912651062,2230
21340.416193008423,2230
21341.413974761963,2222
21342.411279678345,2212
21343.408584594727,2232
21344.406366348267,2258
21345.402717590332,2250
21346.40121459961,2190
21347.368478775024,2238
21348.394870758057,2334
21349.39217567444,2338
21350.390672683716,2270
21351.38726234436,2206
21352.384567260742,2202
21353.382110595703,2258
21354.379177093506,2250
21355.37600517273,2218
21356.346607208252,2226
21357.37133026123,2224
21358.34002494812,2278
21359.366416931152,2282
21360.36229133606,2262
21361.3600730896,2270
21362.35761642456,2246
21363.354682922363,2244
21364.351749420166,2224
21365.349531173706,2194
21366.34635925293,2202
21367.350816726685,2254
21368.34168434143,2250
21369.338750839233,2236
21370.335817337036,2224
21371.33288383484,2222
21372.334241867065,2282
21373.328924179077,2254
21374.326944351196,2214
21375.322818756104,2170
21376.320123672485,2182
21377.318143844604,2190
21378.318309783936,2192
21379.31203842163,2212
21380.30958175659,2194
21381.306409835815,2258
21382.305145263672,2210
21383.321523666382,2222
21384.299516677856,2266
21385.300397872925,2254
21386.293649673462,2250
21387.261629104614,2230
21388.288021087646,2206
21389.285802841187,2218
21390.25330543518,2222
21391.250371932983,2220
21392.247676849365,2216
21393.244981765747,2262
21394.24228668213,2254
21395.23959159851,2254
21396.236896514893,2246
21397.234439849854,2256
21398.231744766235,2278
21399.229049682617,2276
21400.226354599,2230
21401.22365951538,2228
21402.220964431763,2190
21403.218269348145,2206
21404.215574264526,2242
21405.213117599487,2214
21406.21280670166,2222
21407.21035003662,2226
21408.225536346436,2256
21409.20400619507,2330
21410.20131111145,2254
21411.198616027832,2226
21412.195920944214,2248
21413.193225860596,2246
21414.191007614136,2264
21415.18807411194,2224
21417.18339920044,2250
21417.18339920044,2260
21418.179988861084,2258
21419.177532196045,2262
21420.174598693848,2278
21421.17214202881,2302
21423.166036605835,2290
21424.16477203369,2254
21425.161600112915,2238
21426.158666610718,2190
21427.15573310852,2228
21428.15351486206,2250
21429.150819778442,2246
21430.147886276245,2250
21431.145191192627,2278
21432.142734527588,2234
21433.14003944397,2264
21434.137105941772,2286
21435.134649276733,2246
21436.131954193115,2226
21437.15739250183,2230
21438.15326690674,2248
21439.15033340454,2282
21440.14883041382,2248
21441.145181655884,2278
21442.142724990845,2314
21443.140029907227,2268
21444.138050079346,2254
21445.136308670044,2278
21446.133613586426,2326
21447.129249572754,2286
21448.126554489136,2286
21449.12362098694,2258
21450.122594833374,2286
21451.11918449402,2236
21452.1164894104,2266
21453.118324279785,2294
21454.110860824585,2278
21455.108404159546,2268
21456.105709075928,2262
21457.104206085205,2290
21458.10079574585,2222
21459.070920944214,2250
21460.097074508667,2234
21461.100816726685,2254
21462.091207504272,2202
21463.08946609497,2238
21464.086294174194,2264
21465.083122253418,2250
21466.082334518433,2220
21467.052459716797,2198
21469.343423843384,2256
21469.343423843384,2270
21470.040559768677,2272
21470.628261566162,2342
21471.57049179077,2270
21472.694873809814,2224
21473.721742630005,2200
21474.724292755127,2246
21475.690126419067,2246
21476.71627998352,2254
21477.712392807007,2212
21478.710174560547,2262
21479.70700263977,2290
21480.704307556152,2246
21481.701612472534,2248
21482.699632644653,2202
21483.66928100586,2230
21484.665632247925,2224
21485.663890838623,2254
21486.661434173584,2174
21487.685441970825,2210
21488.683700561523,2282
21489.680767059326,2288
21490.679025650024,2258
21491.67561531067,2224
21492.67292022705,2270
21493.67618560791,2286
21494.67158317566,2256
21495.665073394775,2270
21496.63209915161,2254
21497.629642486572,2226
21498.626708984375,2226
21499.654293060303,2226
21500.651359558105,2270
21501.649141311646,2290
21502.650260925293,2286
21503.64327430725,2250
21504.640102386475,2278
21505.637884140015,2254
21506.635189056396,2266
21507.60555267334,2262
21508.62979888916,2248
21509.627103805542,2218
21510.624170303345,2292
21511.621713638306,2270
21512.619018554688,2250
21513.617038726807,2260
21514.614820480347,2266
21515.613794326782,2256
21516.579389572144,2252
21517.60697364807,2286
21518.601655960083,2236
21519.599199295044,2260
21520.596742630005,2230
21521.59357070923,2214
21522.59111404419,2228
21523.58913421631,2174
21524.585485458374,2202
21525.583505630493,2270
21526.585340499878,2262
21527.577877044678,2226
21528.5747051239,2214
21529.572248458862,2286
21530.553102493286,2350
21531.567335128784,2298
21532.565593719482,2248
21533.562183380127,2266
21534.532070159912,2290
21535.557746887207,2278
21536.556005477905,2286
21537.553310394287,2258
21538.55013847351,2282
21539.546966552734,2334
21540.543794631958,2298
21541.536331176758,2298
21542.53911972046,2320
21543.53666305542,2294
21544.53754425049,2262
21545.50313949585,2258
21546.528339385986,2194
21547.525644302368,2226
21548.523664474487,2230
21549.52073097229,2210
21550.51827430725,2268
21551.52201652527,2246
21552.513360977173,2246
21553.51448059082,2242
21554.5072555542,2222
21555.50456047058,2238
21556.474685668945,2266
21557.499170303345,2258
21558.49838256836,2230
21559.494256973267,2232
21560.491800308228,2252
21561.48934364319,2318
21562.48426437378,2322
21563.4822845459,2254
21564.479112625122,2270
21565.476417541504,2288
21566.447734832764,2280
21567.471742630005,2298
21568.469285964966,2262
21569.46587562561,2232
21570.464372634888,2244
21571.460723876953,2230
21572.458267211914,2206
21573.455095291138,2244
21574.45788383484,2222
21575.45018196106,2220
21576.446771621704,2238
21577.446222305298,2234
21578.441858291626,2204
21579.439163208008,2350
21580.43646812439,2214
21581.43377304077,2266
21582.43155479431,2224
21583.428382873535,2216
21584.425449371338,2252
21585.42490005493,2266
21586.421728134155,2250
21587.3920917511,2286
21588.41633796692,2282
21589.414596557617,2302
21590.412378311157,2326
21591.408491134644,2320
21592.406272888184,2318
21593.402862548828,2284
21594.400644302368,2294
21595.399141311646,2270
21596.39549255371,2318
21597.39398956299,2354
21598.390817642212,2362
21599.387168884277,2330
21600.3839969635,2352
21601.38177871704,2318
21602.378845214844,2280
21603.376865386963,2268
21604.374408721924,2250
21605.37075996399,2246
21606.36806488037,2228
21607.368230819702,2250
21608.33501815796,2250
21609.36403274536,2322
21610.361576080322,2278
21611.355304718018,2314
21612.35213279724,2320
21613.34991455078,2286
21614.34769630432,2288
21615.344762802124,2250
21616.348028182983,2222
21617.314338684082,2174
21618.33667755127,2168
21619.33445930481,2138
21620.336532592773,2148
21621.329307556152,2134
21622.325658798218,2130
21623.328924179077,2144
21624.32074546814,2122
21625.31852722168,2106
21626.28698348999,2104
21627.28524208069,2130
21628.309726715088,2162
21629.307508468628,2196
21630.30457496643,2202
21631.301641464233,2234
21632.299184799194,2284
21633.2688331604,2332
21634.294033050537,2350
21635.262966156006,2334
21636.260271072388,2350
21638.254642486572,2350
21638.254642486572,2346
21639.251708984375,2286
21640.249490737915,2318
21641.246795654297,2314
21642.244338989258,2330
21643.240928649902,2282
21644.23894882202,2286
21645.235776901245,2358
21646.233797073364,2386
21647.230863571167,2386
21648.228406906128,2326
21649.224996566772,2326
21650.22325515747,2284
21651.219844818115,2266
21653.21373939514,2226
21653.21373939514,2204
21654.210805892944,2230
21655.208110809326,2174
21657.203197479248,2184
21657.203197479248,2170
21658.200979232788,2170
21659.22737121582,2226
21660.224676132202,2198
21661.222219467163,2218
21662.218809127808,2174
21663.21635246277,2198
21664.21365737915,2228
21665.21167755127,2206
21666.208267211914,2186
21667.206287384033,2186
21668.204307556152,2222
21669.200897216797,2198
21670.197248458862,2246
21671.194791793823,2252
21672.192335128784,2250
21673.190116882324,2222
21675.18448829651,2214
21676.181316375732,2196
21677.152156829834,2222
21678.176641464233,2232
21679.174423217773,2230
21680.171251296997,2214
21681.1683177948,2210
21682.165384292603,2252
21683.162689208984,2312
21684.16118621826,2314
21685.157775878906,2282
21686.155796051025,2262
21687.12568283081,2252
21688.157081604004,2254
21689.14747238159,2200
21690.144300460815,2174
21691.141605377197,2188
21692.144870758057,2186
21693.140745162964,2134
21694.133281707764,2184
21695.132732391357,2238
21696.128845214844,2278
21697.126150131226,2254
21698.124170303345,2266
21699.12075996399,2322
21700.117826461792,2318
21701.11584663391,2330
21702.112436294556,2314
21703.109741210938,2286
21704.10704612732,2314
21705.103874206543,2266
21706.101417541504,2294
21707.10015296936,2280
21708.100080490112,2286
21709.093809127808,2314
21710.09111404419,2282
21711.09366416931,2250
21712.085485458374,2268
21713.083505630493,2200
21714.080572128296,2220
21715.0776386261,2286
21716.07518196106,2214
21717.045307159424,2222
21718.070030212402,2246
21719.06805038452,2324
21720.064878463745,2326
21721.06623649597,2408
21722.05901145935,2246
21723.05655479431,2266
21724.053382873535,2256
21725.051879882812,2232
21726.048707962036,2206
21727.04792022705,2190
21728.043794631958,2214
21729.040145874023,2152
21730.037450790405,2174
21731.030702590942,2202
21732.00273513794,2218
21733.00004005432,2218
21733.997344970703,2222
21734.994411468506,2214
21735.991954803467,2222
21736.989498138428,2214
21737.98656463623,2198
21738.98410797119,2218
21739.981412887573,2210
21740.978717803955,2206
21741.976261138916,2230
21742.97332763672,2278
21743.9706325531,2270
21744.967937469482,2302
21745.965480804443,2350
21746.962785720825,2278
21747.960090637207,2246
21748.957633972168,2252
21749.95493888855,2302
21750.952005386353,2262
21751.949310302734,2286
21752.946853637695,2254
21753.943920135498,2258
21754.94122505188,2286
21755.93852996826,2258
21756.93655014038,2282
21757.964611053467,2302
21758.960485458374,2270
21759.957551956177,2252
21760.956525802612,2266
21761.9526386261,2282
21762.956142425537,2286
21763.94748687744,2288
21764.944314956665,2286
21765.945434570312,2296
21766.910791397095,2330
21767.936944961548,2334
21768.93448829651,2366
21769.930839538574,2362
21770.928144454956,2316
21771.925687789917,2262
21772.923946380615,2286
21773.92029762268,2254
21774.88875389099,2248
21775.887727737427,2258
21776.885271072388,2218
21777.881622314453,2220
21778.878688812256,2246
21779.876232147217,2262
21780.8735370636,2282
21781.87084197998,2206
21782.86838531494,2214
21783.883810043335,2224
21784.862995147705,2186
21785.860538482666,2144
21786.857843399048,2186
21787.85514831543,2186
21788.852214813232,2186
21789.849758148193,2170
21790.847063064575,2182
21791.844129562378,2200
21792.840480804443,2224
21793.837308883667,2174
21794.834852218628,2142
21795.83215713501,2218
21796.82970046997,2188
21797.827005386353,2218
21798.824310302734,2244
21799.821376800537,2288
21800.818920135498,2300
21801.81646347046,2268
21802.81352996826,2318
21803.810834884644,2358
21804.808378219604,2390
21805.808305740356,2352
21806.80274963379,2350
21807.80076980591,2326
21808.801412582397,2322
21809.794902801514,2350
21810.791969299316,2318
21811.789512634277,2278
21812.78657913208,2296
21813.783884048462,2290
21814.781188964844,2318
21815.789699554443,2320
21816.776037216187,2298
21817.77334213257,2292
21818.77088546753,2326
21819.767951965332,2266
21820.765495300293,2256
21821.762561798096,2258
21822.76225090027,2262
21823.759078979492,2298
21824.756383895874,2282
21825.753927230835,2296
21826.751470565796,2318
21827.74829864502,2290
21828.74584197998,2296
21829.742908477783,2326
21830.740213394165,2294
21831.737756729126,2278
21832.735061645508,2260
21833.73236656189,2226
21834.757089614868,2226
21835.755109786987,2250
21836.75265312195,2222
21837.721824645996,2226
21838.747024536133,2236
21839.744091033936,2262
21840.74115753174,2270
21841.711044311523,2270
21842.73624420166,2246
21843.73426437378,2214
21844.730854034424,2218
21845.7293510437,2250
21846.698999404907,2206
21847.72276878357,2224
21848.72078895569,2230
21849.71785545349,2228
21850.715160369873,2218
21851.712226867676,2234
21852.710247039795,2258
21853.707313537598,2282
21854.705333709717,2268
21855.70192337036,2258
21856.70042037964,2278
21857.696294784546,2278
21858.69336128235,2314
21859.69090461731,2326
21860.68820953369,2346
21861.685752868652,2318
21862.682819366455,2294
21863.680601119995,2322
21864.680767059326,2330
21865.67521095276,2282
21866.64628982544,2230
21867.64144897461,2230
21868.667125701904,2198
21869.664907455444,2192
21870.66125869751,2198
21871.65904045105,2226
21872.656106948853,2190
21873.653888702393,2186
21874.651193618774,2196
21875.648260116577,2194
21876.645803451538,2218
21877.64286994934,2242
21878.64089012146,2262
21879.637956619263,2226
21880.635499954224,2220
21881.632089614868,2214
21882.62939453125,2254
21883.62693786621,2222
21884.631395339966,2270
21885.628700256348,2262
21886.592626571655,2298
21887.61615753174,2262
21888.617992401123,2292
21889.610767364502,2320
21890.6090259552,2294
21891.576290130615,2268
21892.602920532227,2238
21893.60237121582,2292
21894.59776878357,2294
21895.594835281372,2322
21896.593809127808,2290
21897.589921951294,2276
21898.587226867676,2298
21899.585008621216,2342
21900.582313537598,2386
21901.578903198242,2350
21902.57716178894,2326
21903.573751449585,2330
21904.571533203125,2342
21905.540466308594,2270
21906.56590461731,2260
21907.56320953369,2298
21908.560752868652,2294
21909.558296203613,2330
21910.554885864258,2286
21911.552906036377,2330
21912.55021095276,2334
21913.546800613403,2350
21914.548873901367,2262
21915.54045677185,2270
21916.51201248169,2288
21917.535066604614,2256
21918.532133102417,2278
21919.530153274536,2282
21920.52698135376,2286
21921.5247631073,2248
21922.521591186523,2246
21923.51984977722,2250
21924.51763153076,2282
21925.51565170288,2294
21926.485061645508,2286
21927.50883102417,2282
21928.505659103394,2256
21929.505586624146,2216
21930.500984191895,2290
21931.49757385254,2246
21932.4951171875,2266
21933.491945266724,2294
21934.489488601685,2286
21935.486793518066,2294
21936.458587646484,2266
21937.483072280884,2298
21938.480377197266,2314
21939.451694488525,2282
21940.47522544861,2266
21941.472053527832,2328
21942.47603416443,2282
21943.467140197754,2314
21944.464206695557,2302
21945.462465286255,2260
21946.431875228882,2314
21947.427988052368,2346
21948.452711105347,2302
21949.450492858887,2298
21950.44755935669,2314
21951.44486427307,2302
21952.441692352295,2282
21953.439235687256,2264
21954.436540603638,2244
21955.434322357178,2278
21956.4049243927,2314
21957.42893218994,2302
21958.425760269165,2322
21959.423542022705,2286
21960.420608520508,2334
21961.41767501831,2338
21962.41545677185,2340
21963.412761688232,2286
21964.409351348877,2256
21965.408086776733,2270
21966.405630111694,2270
21967.376470565796,2300
21968.400239944458,2330
21969.39730644226,2262
21970.39484977722,2284
21971.39263153076,2298
21972.389698028564,2248
21973.387718200684,2278
21974.384784698486,2258
21975.38161277771,2250
21976.381540298462,2244
21977.37717628479,2188
21978.373765945435,2202
21979.372024536133,2210
21980.368614196777,2266
21981.36591911316,2254
21982.36322402954,2254
21983.33215713501,2234
21984.357833862305,2276
21985.355615615845,2270
21986.352682113647,2270
21987.32280731201,2262
21988.34729194641,2234
21989.344120025635,2262
21990.344047546387,2254
21991.337776184082,2248
21992.33603477478,2278
21993.332624435425,2262
21994.330167770386,2250
21995.327711105347,2294
21996.32501602173,2282
21997.323036193848,2324
21998.319625854492,2318
21999.316215515137,2300
22000.31352043152,2272
22001.312255859375,2222
22002.30836868286,2266
22003.30638885498,2256
22004.303216934204,2270
22006.271600723267,2250
22006.271600723267,2282
22008.273124694824,2254
22008.273124694824,2226
22009.29021835327,2246
22010.287046432495,2230
22011.29174232483,2260
22012.283325195312,2266
22013.280630111694,2320
22014.277458190918,2374
22015.2747631073,2446
22016.27254486084,2474
22017.243146896362,2522
22018.267393112183,2426
22019.264698028564,2398
22020.261764526367,2364
22021.259546279907,2302
22022.255182266235,2300
22023.252248764038,2218
22024.24931526184,2226
22025.25043487549,2246
22026.245832443237,2230
22027.24313735962,2270
22028.239488601685,2342
22029.237270355225,2422
22030.233144760132,2514
22031.23140335083,2602
22033.23245048523,2610
22033.23245048523,2614
22034.22260284424,2574
22035.22038459778,2494
22036.218643188477,2356
22038.184881210327,2186
22039.215087890625,2062
22040.209531784058,2030
22041.203260421753,2026
22042.202711105347,2062
22042.202711105347,2098
22043.200492858887,2136
22044.19755935669,2266
22045.19534111023,2350
22047.189950942993,2396
22048.187017440796,2422
22049.185276031494,2430
22050.18162727356,2342
22051.17917060852,2266
22052.175998687744,2190
22053.14588546753,2182
22054.142713546753,2200
22055.140256881714,2222
22056.137561798096,2226
22057.135343551636,2298
22058.132886886597,2350
22059.12971496582,2396
22060.126781463623,2452
22061.124324798584,2392
22062.121629714966,2388
22063.118934631348,2354
22064.11623954773,2340
22065.11402130127,2298
22066.110849380493,2294
22067.108631134033,2258
22068.106651306152,2258
22069.103002548218,2258
22070.1003074646,2278
22071.09761238098,2254
22072.094917297363,2258
22073.092460632324,2262
22074.089527130127,2226
22075.08683204651,2190
22076.08413696289,2230
22077.081441879272,2256
22078.078985214233,2234
22079.076290130615,2202
22080.073356628418,2248
22081.071138381958,2296
22082.06820487976,2294
22083.0659866333,2318
22084.09833908081,2322
22085.088968276978,2342
22086.057662963867,2390
22087.082862854004,2450
22088.05203437805,2410
22089.078187942505,2454
22090.07430076599,2470
22091.076374053955,2506
22092.069625854492,2508
22093.07312965393,2452
22094.063997268677,2422
22095.061540603638,2394
22096.059322357178,2358
22097.029447555542,2330
22098.053455352783,2256
22099.05171394348,2194
22100.02040863037,2186
22101.045846939087,2144
22102.04291343689,2162
22103.04069519043,2214
22104.037523269653,2190
22105.034589767456,2166
22106.034517288208,2198
22107.00297355652,2206
22107.998609542847,2200
22109.02428627014,2190
22109.992742538452,2150
22111.019372940063,2194
22111.986875534058,2200
22112.98394203186,2200
22113.98148536682,2278
22114.978790283203,2258
22116.005182266235,2330
22117.002725601196,2314
22117.998838424683,2354
22119.00019645691,2346
22119.993686676025,2346
22120.990991592407,2378
22121.989011764526,2442
22122.98607826233,2448
22123.983144760132,2422
22124.961376190186,2474
22125.978231430054,2474
22126.976251602173,2474
22127.9456615448,2470
22128.942728042603,2480
22129.940032958984,2426
22130.937337875366,2406
22131.934642791748,2410
22132.93194770813,2430
22133.92925262451,2362
22134.926319122314,2266
22135.923862457275,2222
22136.921405792236,2226
22137.91847229004,2238
22138.916015625,2218
22139.913320541382,2222
22140.910387039185,2250
22141.908645629883,2206
22142.905473709106,2204
22143.930912017822,2218
22144.928693771362,2190
22145.925283432007,2162
22146.923542022705,2174
22147.89390563965,2226
22148.918867111206,2256
22149.940252304077,2238
22150.91371536255,2260
22151.909828186035,2318
22152.907133102417,2270
22153.905630111694,2270
22154.903411865234,2198
22155.8997631073,2234
22156.869649887085,2234
22157.894134521484,2250
22158.892154693604,2202
22159.85894203186,2214
22160.885334014893,2184
22161.88383102417,2160
22162.88113594055,2190
22163.87915611267,2202
22164.87455368042,2194
22165.87257385254,2166
22166.87536239624,2194
22168.668031692505,2222
22168.83635520935,2238
22169.864892959595,2214
22170.93586921692,2222
22171.96536064148,2246
22172.499179840088,2286
22173.52795600891,2290
22174.496173858643,2278
22175.493478775024,2330
22176.490306854248,2286
22177.488565444946,2334
22178.48777770996,2302
22179.484844207764,2300
22180.481672286987,2358
22181.47897720337,2322
22182.476043701172,2352
22183.473348617554,2352
22184.470653533936,2340
22185.46772003174,2354
22186.46502494812,2430
22187.46256828308,2426
22188.459873199463,2412
22189.456939697266,2414
22190.454959869385,2392
22191.45178794861,2408
22192.44909286499,2330
22193.446397781372,2368
22194.443941116333,2318
22195.441007614136,2294
22196.438312530518,2280
22197.4356174469,2298
22198.43316078186,2364
22199.430227279663,2288
22200.427532196045,2270
22201.425075531006,2266
22202.422380447388,2218
22203.41968536377,2230
22204.41746711731,2266
22205.447673797607,2296
22206.41279220581,2294
22207.441806793213,2330
22208.407402038574,2414
22209.431409835815,2454
22210.429668426514,2486
22211.43078804016,2512
22212.42380142212,2506
22213.420867919922,2480
22214.418172836304,2494
22215.415716171265,2422
22216.386079788208,2374
22217.411518096924,2374
22218.379497528076,2270
22219.404935836792,2194
22220.402240753174,2142
22221.400260925293,2066
22222.397565841675,2046
22223.3943939209,2074
22224.392890930176,2102
22225.389003753662,2130
22226.386785507202,2186
22227.357387542725,2282
22228.38258743286,2320
22229.37846183777,2342
22230.37576675415,2346
22231.372833251953,2384
22232.370376586914,2422
22233.33978652954,2432
22234.366178512573,2486
22235.363960266113,2498
22236.36770248413,2454
22237.356901168823,2408
22238.354921340942,2386
22239.351987838745,2314
22240.349531173706,2266
22241.34635925293,2202
22242.347240447998,2124
22243.34192276001,2190
22244.344472885132,2226
22245.343923568726,2270
22246.335744857788,2330
22247.330904006958,2362
22248.32773208618,2378
22249.324798583984,2330
22250.322103500366,2282
22251.320362091064,2256
22252.317190170288,2214
22253.315687179565,2200
22254.31180000305,2162
22255.313396453857,2102
22256.305932998657,2086
22257.304906845093,2132
22258.27407836914,2118
22259.302139282227,2090
22260.29682159424,2126
22261.292934417725,2130
22262.290000915527,2150
22263.287782669067,2168
22264.285564422607,2194
22265.282154083252,2198
22266.279458999634,2266
22267.27843284607,2314
22268.274068832397,2382
22269.27161216736,2362
22270.26891708374,2378
22271.2664604187,2406
22272.263526916504,2422
22273.260831832886,2418
22274.25789833069,2354
22275.255918502808,2334
22276.22628211975,2334
22277.250289916992,2362
22278.248071670532,2350
22279.245615005493,2330
22280.242204666138,2334
22281.240701675415,2290
22283.207654953003,2298
22283.207654953003,2290
22284.232139587402,2234
22285.20154953003,2200
22286.198139190674,2230
22287.225008010864,2194
22288.220643997192,2154
22289.21890258789,2112
22290.215253829956,2170
22291.21708869934,2150
22292.210578918457,2130
22293.20764541626,2134
22294.203758239746,2192
22296.19836807251,2254
22297.19638824463,2218
22298.173427581787,2262
22299.164295196533,2288
22300.180196762085,2358
22301.158666610718,2352
22302.1559715271,2338
22303.15327644348,2320
22304.150342941284,2270
22305.147409439087,2282
22306.144952774048,2266
22307.142972946167,2286
22308.13956260681,2318
22309.136867523193,2340
22310.134172439575,2350
22311.131715774536,2330
22312.12878227234,2296
22313.15326690674,2314
22314.15033340454,2326
22315.149068832397,2286
22316.147327423096,2324
22317.143201828003,2318
22318.140029907227,2318
22319.138526916504,2354
22320.134162902832,2360
22321.131944656372,2354
22322.129011154175,2382
22323.126792907715,2314
22324.12338256836,2266
22325.1211643219,2216
22326.118230819702,2214
22327.08764076233,2190
22328.113079071045,2224
22329.083919525146,2222
22330.107927322388,2222
22331.105709075928,2244
22332.10277557373,2296
22333.10031890869,2334
22334.09810066223,2302
22335.094451904297,2282
22336.091995239258,2294
22337.090492248535,2342
22338.086366653442,2314
22339.092016220093,2298
22340.086936950684,2342
22341.08543395996,2360
22342.081546783447,2382
22343.080043792725,2396
22344.070434570312,2430
22345.099449157715,2386
22346.038103103638,2386
22347.062587738037,2352
22348.064422607422,2294
22349.05695915222,2254
22350.055932998657,2234
22351.051807403564,2206
22352.048873901367,2162
22353.046655654907,2204
22354.048490524292,2200
22355.04102706909,2186
22356.038331985474,2214
22357.009172439575,2218
22358.03270339966,2226
22359.029293060303,2214
22360.031604766846,2200
22361.025094985962,2156
22362.021684646606,2186
22363.01898956299,2242
22364.017248153687,2214
22365.01455307007,2232
22366.011142730713,2248
22366.98293685913,2312
22368.006229400635,2350
22369.003772735596,2384
22370.001554489136,2364
22370.99862098694,2328
22371.999263763428,2334
22372.997522354126,2340
22373.990297317505,2314
22374.961137771606,2288
22375.985145568848,2320
22376.983642578125,2326
22377.97975540161,2314
22378.977060317993,2354
22379.974126815796,2362
22380.971670150757,2412
22381.94179534912,2398
22382.967948913574,2384
22383.964776992798,2314
22384.96470451355,2302
22385.95962524414,2294
22386.9571685791,2318
22387.954711914062,2298
22388.951539993286,2320
22389.948844909668,2320
22390.955924987793,2326
22391.94393157959,2352
22392.940998077393,2342
22393.938302993774,2348
22394.935607910156,2278
22395.933151245117,2234
22396.9304561615,2190
22397.9275226593,2190
22398.92601966858,2186
22399.924278259277,2204
22400.919437408447,2216
22401.917457580566,2214
22402.918577194214,2206
22403.911590576172,2256
22404.908657073975,2272
22405.906200408936,2270
22406.904935836792,2262
22407.90057182312,2290
22408.897638320923,2298
22409.895181655884,2260
22410.892963409424,2286
22411.890268325806,2314
22412.88685798645,2296
22413.883924484253,2344
22414.88242149353,2286
22415.878295898438,2326
22416.847705841064,2346
22417.87314414978,2390
22418.8711643219,2378
22419.867515563965,2318
22420.870542526245,2262
22421.86427116394,2290
22422.861099243164,2314
22423.857927322388,2314
22424.877405166626,2326
22425.851821899414,2284
22426.822662353516,2348
22427.8461933136,2358
22428.844928741455,2384
22429.84127998352,2390
22430.838346481323,2378
22431.835889816284,2350
22432.833671569824,2342
22433.83026123047,2326
22434.82780456543,2332
22435.824871063232,2298
22436.82360649109,2316
22437.819480895996,2302
22438.816785812378,2314
22439.81957435608,2322
22440.812826156616,2322
22441.783666610718,2354
22442.81530380249,2322
22443.80474090576,2324
22444.802284240723,2256
22445.804119110107,2268
22446.784496307373,2282
22447.794437408447,2288
22448.79198074341,2320
22449.78904724121,2318
22450.79278945923,2358
22451.784133911133,2354
22452.780961990356,2362
22453.778982162476,2358
22454.77557182312,2330
22455.77335357666,2296
22456.743717193604,2318
22457.767724990845,2318
22458.765506744385,2290
22459.768295288086,2362
22460.75963973999,2316
22461.756706237793,2330
22462.753772735596,2386
22463.751792907715,2350
22464.748859405518,2362
22465.7461643219,2354
22466.716051101685,2294
22467.74125099182,2320
22468.708753585815,2294
22469.705820083618,2258
22470.703125,2256
22471.70066833496,2266
22472.697973251343,2288
22473.72555732727,2286
22474.729299545288,2276
22475.719690322876,2266
22476.71866416931,2286
22477.72216796875,2286
22478.71160507202,2298
22479.708433151245,2290
22480.706214904785,2270
22481.703996658325,2256
22482.709407806396,2252
22483.69860649109,2256
22484.69591140747,2258
22485.694885253906,2298
22486.663818359375,2278
22487.687587738037,2322
22488.685607910156,2254
22489.68553543091,2270
22490.679264068604,2288
22491.64891242981,2238
22492.674827575684,2202
22493.671655654907,2214
22494.66896057129,2246
22495.66650390625,2246
22496.636867523193,2266
22497.661113739014,2290
22498.658418655396,2324
22499.659776687622,2314
22500.653505325317,2352
22501.6508102417,2382
22502.64835357666,2362
22503.644704818726,2320
22504.64916229248,2320
22505.640029907227,2330
22506.61063194275,2294
22507.638692855835,2298
22508.613348007202,2362
22509.628772735596,2382
22510.597944259644,2382
22511.595010757446,2364
22512.592315673828,2410
22513.590097427368,2374
22514.58716392517,2396
22515.583992004395,2294
22516.58344268799,2318
22517.579555511475,2338
22518.603563308716,2350
22519.600868225098,2364
22520.598649978638,2330
22521.59595489502,2330
22522.59373664856,2342
22523.590803146362,2342
22524.587631225586,2356
22525.584936141968,2324
22526.582717895508,2334
22527.580976486206,2320
22528.576850891113,2320
22529.574394226074,2278
22530.572652816772,2278
22531.569004058838,2290
22532.572507858276,2294
22533.563375473022,2318
22534.565448760986,2300
22535.55917739868,2344
22536.529541015625,2346
22537.553548812866,2300
22538.55061531067,2302
22539.54792022705,2330
22540.54594039917,2266
22541.548490524292,2270
22542.539834976196,2296
22543.536901474,2290
22544.54016685486,2322
22545.53174972534,2282
22546.502828598022,2258
22547.527074813843,2282
22548.52604866028,2332
22549.521923065186,2302
22550.519466400146,2318
22551.517724990845,2288
22552.51407623291,2270
22553.51233482361,2264
22554.508924484253,2282
22555.505990982056,2270
22556.477069854736,2262
22557.501077651978,2314
22558.49814414978,2302
22559.49568748474,2330
22560.493230819702,2294
22561.490774154663,2318
22562.487363815308,2290
22563.48466873169,2270
22564.48221206665,2314
22565.47999382019,2268
22566.48349761963,2260
22567.474365234375,2302
22568.471908569336,2346
22569.46849822998,2338
22570.46627998352,2270
22571.46382331848,2302
22572.461128234863,2322
22573.458194732666,2352
22574.455738067627,2344
22575.45304298401,2342
22576.42126083374,2288
22577.418327331543,2266
22578.444480895996,2262
22579.441785812378,2290
22580.4386138916,2314
22581.436157226562,2346
22582.433223724365,2350
22583.40311050415,2342
22584.428071975708,2334
22585.423946380615,2376
22586.394548416138,2350
22587.421417236328,2294
22588.419198989868,2258
22589.418649673462,2314
22590.413093566895,2330
22591.409921646118,2342
22592.408418655396,2352
22593.405723571777,2324
22594.402551651,2350
22595.400094985962,2298
22596.39811515808,2362
22597.395658493042,2350
22598.392248153687,2318
22599.389791488647,2318
22600.386381149292,2326
22601.383924484253,2318
22602.352619171143,2290
22603.37781906128,2264
22604.37560081482,2298
22605.37338256836,2352
22606.370449066162,2294
22607.367992401123,2318
22608.338594436646,2302
22609.36188697815,2322
22610.361337661743,2342
22611.357927322388,2318
22612.354040145874,2318
22613.351583480835,2290
22614.348888397217,2302
22615.34595489502,2290
22616.344451904297,2326
22617.313385009766,2330
22618.310689926147,2358
22619.307041168213,2366
22620.332717895508,2386
22621.32954597473,2364
22622.32756614685,2314
22623.324871063232,2362
22624.322175979614,2354
22625.319957733154,2290
22626.290559768677,2298
22627.31409072876,2318
22628.313064575195,2320
22629.30917739868,2294
22630.306243896484,2350
22631.303548812866,2314
22632.301568984985,2298
22633.280038833618,2258
22634.296655654907,2278
22635.29324531555,2278
22636.290311813354,2226
22637.261152267456,2266
22638.284921646118,2264
22639.2822265625,2262
22640.279293060303,2218
22641.277074813843,2270
22642.279624938965,2300
22643.271684646606,2312
22644.26898956299,2282
22645.26605606079,2234
22646.265983581543,2234
22647.260904312134,2280
22648.26488494873,2290
22649.255514144897,2252
22650.25281906128,2270
22651.253700256348,2290
22652.247428894043,2320
22653.250455856323,2302
22654.215574264526,2286
22655.239582061768,2298
22656.24237060547,2316
22658.204555511475,2294
22658.204555511475,2234
22659.234046936035,2286
22660.226345062256,2322
22661.22341156006,2296
22662.22071647644,2286
22663.218021392822,2278
22664.215564727783,2332
22665.213108062744,2350
22666.210412979126,2362
22667.207717895508,2326
22669.200897216797,2346
22670.198440551758,2338
22671.198844909668,2352
22672.19352722168,2352
22673.192262649536,2316
22674.187421798706,2266
22675.184726715088,2322
22676.18227005005,2322
22677.183628082275,2318
22678.176641464233,2330
22679.173946380615,2366
22680.172204971313,2366
22681.169271469116,2328
22682.1711063385,2320
22683.16626548767,2318
22684.170246124268,2318
22685.1646900177,2314
22686.172485351562,2318
22687.134504318237,2326
22688.164472579956,2282
22689.1770362854,2278
22690.176963806152,2330
22691.15400314331,2348
22692.14129447937,2344
22693.138599395752,2376
22694.135665893555,2302
22695.133447647095,2322
22696.13003730774,2302
22697.12781906128,2330
22698.12512397766,2346
22699.122428894043,2314
22700.090408325195,2326
22701.117038726807,2290
22702.11386680603,2352
22703.111171722412,2410
22704.108953475952,2346
22705.10959625244,2322
22706.103801727295,2350
22707.101345062256,2326
22708.09841156006,2322
22709.100008010864,2294
22710.092782974243,2296
22711.09104156494,2318
22712.088108062744,2330
22713.085174560547,2322
22714.08224105835,2270
22715.07954597473,2342
22716.075897216797,2346
22717.04626083374,2326
22718.042612075806,2326
22719.040155410767,2270
22720.03722190857,2358
22721.03452682495,2320
22722.032070159912,2302
22723.029613494873,2254
22724.026679992676,2322
22725.024700164795,2294
22726.02152824402,2320
22727.019548416138,2318
22728.01637649536,2334
22729.013442993164,2358
22730.010747909546,2314
22731.009006500244,2252
22732.006311416626,2286
22733.00313949585,2346
22734.027862548828,2296
22734.997510910034,2290
22735.994338989258,2322
22736.992835998535,2334
22737.98966407776,2328
22738.987684249878,2344
22739.984273910522,2342
22741.00947380066,2294
22741.98031425476,2334
22742.976427078247,2358
22743.97325515747,2328
22744.97127532959,2316
22745.969533920288,2258
22746.96660041809,2334
22747.963666915894,2342
22748.960971832275,2294
22749.956846237183,2298
22750.95534324646,2300
22751.952171325684,2388
22752.950191497803,2398
22753.947257995605,2316
22754.94432449341,2282
22755.942344665527,2278
22756.940126419067,2318
22757.936477661133,2354
22758.934497833252,2364
22759.930849075317,2282
22760.92839241028,2322
22761.927366256714,2334
22762.92324066162,2382
22763.920307159424,2376
22764.917612075806,2334
22765.915393829346,2342
22766.913414001465,2342
22767.91000366211,2346
22768.90730857849,2338
22769.904136657715,2302
22770.901679992676,2322
22771.898984909058,2330
22772.896766662598,2342
22773.8938331604,2354
22774.890184402466,2352
22775.888681411743,2358
22776.886701583862,2326
22778.889656066895,2328
22778.889656066895,2342
22779.87813949585,2294
22780.95054626465,2290
22781.95023536682,2328
22783.024311065674,2366
22783.99348258972,2342
22784.99126434326,2298
22786.017179489136,2340
22787.01376914978,2344
22788.01679611206,2366
22789.008140563965,2366
22790.005445480347,2366
22791.008710861206,2334
22792.00029373169,2302
22793.00022125244,2332
22793.96653175354,2328
22794.963598251343,2342
22795.961141586304,2286
22796.959400177002,2302
22797.956466674805,2290
22798.981428146362,2416
22799.99542236328,2366
22800.97508430481,2302
22801.97238922119,2298
22802.969932556152,2296
22803.967237472534,2300
22804.964065551758,2288
22805.961847305298,2262
22806.95867538452,2314
22807.92999267578,2294
22808.927059173584,2326
22809.924125671387,2288
22810.921669006348,2284
22811.946868896484,2318
22812.943935394287,2362
22813.94124031067,2390
22814.910650253296,2358
22815.908193588257,2362
22816.9047832489,2318
22817.90328025818,2334
22818.93563270569,2348
22819.926261901855,2298
22820.921421051025,2296
22821.919679641724,2324
22822.916984558105,2360
22823.885679244995,2366
22824.885368347168,2348
22825.881004333496,2294
22826.879262924194,2286
22827.88372039795,2290
22828.8733959198,2330
22829.870462417603,2298
22830.867767333984,2294
22831.864833831787,2272
22832.863092422485,2330
22833.858966827393,2326
22834.856033325195,2328
22835.853338241577,2358
22836.85040473938,2366
22837.8484249115,2364
22838.87481689453,2396
22839.87331390381,2328
22840.871334075928,2362
22841.87150001526,2358
22842.870712280273,2318
22843.86157989502,2314
22844.8646068573,2346
22845.856428146362,2376
22846.864223480225,2330
22847.851037979126,2350
22848.88529777527,2382
22849.848985671997,2382
22850.850105285645,2346
22851.840496063232,2262
22852.838039398193,2286
22853.835582733154,2350
22854.832649230957,2330
22855.854749679565,2318
22856.81438446045,2296
22857.824325561523,2322
22858.821868896484,2362
22859.818935394287,2324
22860.81624031067,2320
22861.814498901367,2348
22862.81132698059,2318
22863.81459236145,2302
22864.805459976196,2342
22865.803003311157,2318
22866.77360534668,2316
22867.79808998108,2298
22868.794918060303,2338
22869.793176651,2398
22870.790004730225,2344
22871.78683280945,2354
22872.78413772583,2378
22873.78168106079,2378
22874.778985977173,2362
22875.776767730713,2330
22876.77502632141,2314
22877.772569656372,2316
22878.7682056427,2328
22879.766941070557,2326
22880.763053894043,2340
22881.760597229004,2326
22882.761240005493,2320
22883.755445480347,2334
22884.75227355957,2334
22885.721921920776,2374
22886.71898841858,2352
22887.71653175354,2346
22888.713836669922,2298
22889.710903167725,2294
22890.707969665527,2314
22891.70551300049,2286
22892.70305633545,2354
22893.700122833252,2358
22894.697666168213,2358
22895.694971084595,2378
22896.692276000977,2398
22897.68958091736,2366
22898.68688583374,2330
22899.684190750122,2338
22900.709629058838,2298
22901.7071723938,2314
22902.703762054443,2318
22903.70202064514,2326
22904.698848724365,2322
22905.696392059326,2316
22906.696557998657,2298
22907.69076347351,2346
22908.68830680847,2358
22909.68632698059,2384
22910.683155059814,2354
22911.679983139038,2334
22912.649869918823,2326
22913.67483139038,2288
22914.672136306763,2278
22915.67349433899,2334
22916.640281677246,2334
22917.63687133789,2330
22918.662071228027,2342
22919.65889930725,2330
22920.656204223633,2366
22921.658754348755,2358
22922.651767730713,2362
22923.648357391357,2294
22924.64518547058,2322
22925.6432056427,2318
22926.641702651978,2286
22927.638292312622,2302
22928.636074066162,2342
22929.632663726807,2322
22930.6378364563,2326
22931.626796722412,2326
22932.59620666504,2350
22933.595180511475,2322
22934.592247009277,2350
22935.587882995605,2338
22936.586618423462,2266
22937.61134147644,2298
22938.613653182983,2328
22939.605951309204,2324
22940.603017807007,2302
22941.606760025024,2322
22942.59738922119,2332
22943.594694137573,2354
22944.592237472534,2382
22945.589780807495,2374
22946.58660888672,2354
22947.58629798889,2326
22948.58193397522,2294
22949.586629867554,2328
22950.576543807983,2302
22951.579332351685,2358
22952.570915222168,2314
22953.56798171997,2298
22954.565286636353,2354
22955.563068389893,2366
22956.533670425415,2406
22957.557439804077,2386
22958.56237411499,2338
22959.55204963684,2396
22960.55006980896,2346
22961.54761314392,2302
22962.544679641724,2298
22963.541507720947,2286
22964.53881263733,2314
22965.535879135132,2384
22966.508865356445,2346
22967.531204223633,2346
22968.528270721436,2356
22969.531059265137,2356
22970.52264213562,2362
22971.52042388916,2298
22972.517490386963,2314
22973.51837158203,2298
22974.512577056885,2294
22975.510358810425,2322
22976.48024559021,2358
22977.503776550293,2346
22978.501558303833,2332
22979.498624801636,2342
22980.496168136597,2386
22981.493949890137,2394
22982.49101638794,2360
22983.49642753601,2320
22984.485387802124,2292
22985.483169555664,2314
22986.48738861084,2298
22987.478017807007,2346
22988.482236862183,2318
22989.472150802612,2340
22990.469694137573,2352
22991.466760635376,2346
22992.465496063232,2342
22993.46160888672,2354
22994.460105895996,2358
22995.4571723938,2314
22996.453285217285,2290
22997.475385665894,2314
22998.448371887207,2320
22999.44567680359,2326
23000.44322013855,2314
23001.445531845093,2290
23002.437829971313,2330
23003.435134887695,2334
23004.432201385498,2358
23005.42950630188,2382
23006.400108337402,2378
23007.4245929718,2346
23008.421421051025,2322
23009.419202804565,2326
23010.416269302368,2324
23011.41357421875,2318
23012.41159439087,2294
23013.407945632935,2318
23014.405965805054,2334
23015.403032302856,2288
23016.401529312134,2326
23017.37093925476,2360
23018.39542388916,2334
23019.391775131226,2314
23020.390510559082,2290
23021.386861801147,2278
23022.384643554688,2298
23023.38194847107,2320
23024.37949180603,2300
23025.37727355957,2316
23026.347160339355,2296
23027.372121810913,2342
23028.368711471558,2354
23029.367208480835,2350
23030.362606048584,2378
23031.360149383545,2358
23032.357454299927,2334
23033.35452079773,2340
23034.35230255127,2298
23035.35008430481,2346
23036.346673965454,2342
23037.317752838135,2354
23038.341760635376,2346
23040.311574935913,2342
23040.311574935913,2342
23041.30506515503,2374
23042.33169555664,2382
23043.328762054443,2290
23044.326543807983,2318
23045.32504081726,2282
23046.29373550415,2328
23047.317266464233,2350
23048.31600189209,2334
23049.312114715576,2354
23050.309419631958,2346
23051.308155059814,2366
23052.3042678833,2342
23053.30204963684,2350
23055.267333984375,2374
23056.29253387451,2362
23056.29253387451,2342
23058.308124542236,2338
23058.308124542236,2346
23059.285163879395,2350
23060.283184051514,2378
23061.280012130737,2346
23062.277793884277,2342
23063.27509880066,2340
23064.273595809937,2330
23065.269470214844,2374
23066.266775131226,2324
23067.264080047607,2352
23068.261861801147,2326
23069.25892829895,2290
23071.266174316406,2318
23071.266174316406,2296
23072.251796722412,2352
23073.248147964478,2380
23074.24521446228,2358
23075.24275779724,2342
23077.208518981934,2358
23077.208518981934,2366
23078.233242034912,2350
23079.233407974243,2352
23080.227851867676,2348
23081.225395202637,2362
23083.221673965454,2338
23083.221673965454,2326
23085.2210521698,2334
23086.21859550476,2362
23087.21089363098,2390
23088.207006454468,2346
23089.20383453369,2382
23109.83443260193,2346
23109.83443260193,2394
23109.83443260193,2356
23109.83443260193,2332
23109.83443260193,2330
23117.338180541992,2298
23118.335247039795,2260
23118.335247039795,2330
23118.335247039795,2380
23118.335247039795,2388
23118.335247039795,2326
23118.335247039795,2342
23119.333505630493,2390
23119.333505630493,2376
23119.333505630493,2354
23119.333505630493,2346
23123.322248458862,2338
23123.322248458862,2302
23123.322248458862,2352
23123.322248458862,2366
23123.322248458862,2352
23124.319791793823,2386
23124.319791793823,2384
23124.319791793823,2342
23124.319791793823,2380
23124.319791793823,2342
23124.319791793823,2354
23125.316619873047,2330
23125.316619873047,2334
23125.316619873047,2350
23125.316619873047,2322
23125.316619873047,2326
23125.316619873047,2360
23126.314163208008,2366
23126.314163208008,2350
23126.314163208008,2302
23126.314163208008,2322
23127.31122970581,2374
23127.31122970581,2410
23128.308534622192,2330
23129.305601119995,2348
23130.303144454956,2326
23131.300926208496,2330
23133.296728134155,2346
23133.296728134155,2380
23134.29355621338,2366
23135.290145874023,2322
23137.284994125366,2350
23137.284994125366,2356
23139.27936553955,2334
23140.27690887451,2356
23141.273975372314,2388
23142.271518707275,2358
23143.268585205078,2346
23144.26589012146,2354
23145.26319503784,2330
23146.260499954224,2330
23147.257566452026,2350
23148.255586624146,2362
23149.25265312195,2374
23150.24971961975,2394
23151.247262954712,2378
23152.244567871094,2350
23153.241872787476,2342
23154.239177703857,2340
23155.23648262024,2328
23156.233549118042,2326
23157.230854034424,2334
23158.228397369385,2356
23159.225702285767,2428
23160.22276878357,2414
23161.22055053711,2366
23162.217617034912,2322
23163.214921951294,2348
23164.212703704834,2354
23165.210008621216,2290
23166.20707511902,2326
23167.20461845398,2342
23168.20192337036,2346
23169.199228286743,2328
23191.1404132843,2362
23191.1404132843,2410
23191.1404132843,2354
23191.1404132843,2400
23192.13843345642,2378
23192.13843345642,2348
23192.13843345642,2318
23192.13843345642,2318
23192.13843345642,2350
23192.13843345642,2350
23192.13843345642,2314
23193.135023117065,2318
23193.135023117065,2378
23193.135023117065,2422
23193.135023117065,2376
23193.135023117065,2342
23193.135023117065,2346
23194.132089614868,2334
23194.132089614868,2292
23194.132089614868,2350
23194.132089614868,2334
23194.132089614868,2322
23194.132089614868,2318
23195.12987136841,2346
23195.12987136841,2350
23195.12987136841,2366
23196.126699447632,2366
23197.124481201172,2344
23198.121786117554,2390
23199.119091033936,2422
23200.116634368896,2422
23201.114177703857,2358
23202.11124420166,2296
23203.10878753662,2320
23204.106092453003,2318
23205.103158950806,2366
23206.100463867188,2346
23207.09800720215,2348
23208.09555053711,2398
23209.092378616333,2374
23210.089921951294,2356
23211.087465286255,2298
23212.084531784058,2330
23213.08183670044,2346
23214.07961845398,2364
23215.076684951782,2354
23216.073751449585,2338
23217.070817947388,2330
23218.06836128235,2354
23219.06566619873,2390
23220.062971115112,2374
23221.060514450073,2350
23222.057819366455,2354
23223.055124282837,2410
23224.053144454956,2376
23231.03427886963,2378
23231.03427886963,2350
23232.03134536743,2346
23232.03134536743,2398
23232.03134536743,2342
23232.03134536743,2378
23232.03134536743,2392
23232.03134536743,2386
23233.028411865234,2390
23234.02762413025,2346
23235.023260116577,2318
23236.021041870117,2318
23237.01763153076,2344
23238.0154132843,2334
23239.012479782104,2362
23240.009784698486,2374
23241.007089614868,2376
23242.00439453125,2350
23243.001699447632,2366
23243.999004364014,2384
23244.996786117554,2390
23247.989654541016,2362
23247.989654541016,2318
23247.989654541016,2358
23248.98648262024,2384
23249.98450279236,2388
23250.994443893433,2362
23251.980543136597,2376
23252.9776096344,2358
23254.001140594482,2380
23254.971981048584,2392
23255.995750427246,2390
23256.966829299927,2384
23257.961750030518,2352
23258.97741317749,2358
23259.95635986328,2354
23260.953426361084,2350
23261.950731277466,2302
23262.95042037964,2328
23263.94557952881,2342
23264.94312286377,2350
23265.94042778015,2384
23266.937732696533,2400
23267.935276031494,2406
23268.932104110718,2366
23269.92964744568,2358
23270.92695236206,2362
23271.924257278442,2364
23272.921323776245,2360
23273.924112319946,2362
23274.921417236328,2366
23275.91824531555,2350
23276.91340446472,2352
23281.900644302368,2418
23281.900644302368,2418
23281.900644302368,2422
23281.900644302368,2406
23282.89771080017,2386
23282.89771080017,2354
23283.894777297974,2350
23284.892320632935,2342
23285.889625549316,2362
23286.8869304657,2360
23286.8869304657,2322
23288.39373588562,2364
23289.39390182495,2378
23290.39478302002,2366
23291.391849517822,2388
23292.389631271362,2408
23293.386697769165,2366
23294.384002685547,2354
23295.38130760193,2374
23296.37861251831,2366
23297.37615585327,2366
23298.373460769653,2358
23299.370765686035,2382
23300.368309020996,2422
23301.3653755188,2380
23302.36268043518,2390
23303.36022377014,2398
23304.86750602722,2406
23305.867195129395,2352
23306.866884231567,2330
23307.86395072937,2338
23308.86149406433,2378
23309.858560562134,2378
23310.856342315674,2362
23311.853647232056,2352
23312.85047531128,2374
23313.84778022766,2350
23314.845323562622,2378
23315.842390060425,2382
23316.839933395386,2366
23317.837476730347,2430
23318.835973739624,2350
23319.833278656006,2358
23319.833278656006,2374
23321.340560913086,2346
23322.340965270996,2330
23323.340892791748,2342
23324.33843612671,2398
23325.33621788025,2388
23326.33376121521,2366
23327.330589294434,2374
23328.327655792236,2410
23329.325437545776,2406
23330.32274246216,2352
23331.319570541382,2322
23332.317113876343,2346
23333.317756652832,2410
23334.312200546265,2384
23335.309743881226,2358
23336.30633354187,2374
23337.815284729004,2374
23338.81664276123,2374
23339.816570281982,2388
23340.814113616943,2398
23341.811895370483,2352
23342.808961868286,2340
23343.80578994751,2320
23344.80357170105,2354
23345.80135345459,2354
23346.79865837097,2342
23347.796201705933,2350
23348.793506622314,2430
23349.788904190063,2378
23350.786209106445,2374
23351.783514022827,2414
23352.78058052063,2418
23352.78058052063,2384
23354.285955429077,2378
23355.284214019775,2350
23356.28318786621,2318
23358.278036117554,2346
23358.278036117554,2378
23359.275102615356,2390
23360.27240753174,2376
23361.2699508667,2424
23362.26725578308,2422
23363.264322280884,2386
23364.261627197266,2386
23365.2606010437,2362
23366.286754608154,2362
23367.283582687378,2398
23368.281841278076,2362
23369.27819252014,2330
23370.813846588135,2366
23371.8421459198,2394
23372.87139892578,2362
23373.8694190979,2334
23374.8619556427,2362
23375.8647441864,2398
23376.8310546875,2418
23377.85768508911,2358
23378.861904144287,2342
23379.852294921875,2372
23380.85126876831,2366
23381.847143173218,2364
23382.84468650818,2366
23383.81552696228,2352
23384.811401367188,2378
23385.80894470215,2388
23385.80894470215,2364
23387.317180633545,2388
23388.31639289856,2416
23389.315843582153,2442
23390.313863754272,2426
23391.340732574463,2382
23392.337799072266,2344
23393.340349197388,2374
23394.333124160767,2384
23395.32971382141,2374
23396.300554275513,2358
23397.296667099,2358
23398.321866989136,2418
23399.31869506836,2418
23400.31599998474,2410
23401.31402015686,2412
23402.310848236084,2376
23403.846263885498,2354
23404.84595298767,2376
23405.84397315979,2362
23406.840801239014,2378
23407.838821411133,2358
23408.83755683899,2366
23409.83247756958,2410
23410.832166671753,2382
23411.82780265808,2378
23412.82629966736,2418
23413.822889328003,2448
23414.823055267334,2410
23415.81964492798,2384
23416.81456565857,2386
23417.814016342163,2410
23418.811798095703,2414
23419.808387756348,2394
23420.804977416992,2398
23421.802282333374,2398
23422.799587249756,2430
23423.796892166138,2426
23424.79419708252,2430
23425.790309906006,2386
23426.78737640381,2390
23427.78468132019,2366
23428.785800933838,2394
23429.80694770813,2406
23430.80711364746,2358
23431.80227279663,2410
23432.805061340332,2362
23433.79783630371,2408
23434.794902801514,2410
23435.792207717896,2414
23436.790466308594,2410
23437.75963783264,2428
23438.78436088562,2426
23439.781427383423,2410
23440.779447555542,2406
23441.74814224243,2384
23442.773818969727,2390
23443.742275238037,2378
23444.7762966156,2396
23445.770263671875,2414
23446.735382080078,2454
23447.731971740723,2458
23448.757648468018,2414
23449.75519180298,2374
23450.751781463623,2416
23451.751947402954,2426
23452.747106552124,2356
23453.743934631348,2352
23454.741954803467,2412
23455.739498138428,2394
23456.736087799072,2406
23457.733869552612,2494
23458.70327949524,2390
23459.700345993042,2418
23460.697650909424,2414
23461.694717407227,2410
23462.692260742188,2406
23463.68956565857,2344
23464.68687057495,2346
23465.684413909912,2346
23466.681718826294,2338
23467.679262161255,2378
23468.67609024048,2390
23469.67339515686,2398
23470.67093849182,2480
23471.668004989624,2414
23472.665548324585,2428
23473.661184310913,2450
23474.658489227295,2410
23475.655794143677,2368
23476.653337478638,2332
23477.65040397644,2322
23478.6479473114,2362
23479.645013809204,2408
23480.642318725586,2410
23481.639862060547,2364
23482.63716697693,2390
23483.63447189331,2446
23484.631776809692,2414
23485.629081726074,2422
23486.626386642456,2406
23487.623691558838,2406
23488.6212348938,2382
23489.61853981018,2360
23490.615844726562,2390
23491.621017456055,2448
23492.610454559326,2416
23493.607759475708,2386
23494.60482597351,2408
23495.60260772705,2470
23496.60015106201,2460
23497.596979141235,2458
23498.63052368164,2426
23499.621152877808,2422
23500.619173049927,2412
23501.616954803467,2380
23502.613306045532,2422
23503.610610961914,2398
23504.608154296875,2418
23505.57780265808,2422
23506.60276412964,2444
23507.573127746582,2412
23508.59761238098,2414
23509.594917297363,2458
23510.592699050903,2430
23511.5966796875,2398
23512.58659362793,2368
23513.587713241577,2330
23514.582633972168,2350
23515.578746795654,2376
23516.550064086914,2382
23517.545223236084,2362
23518.57089996338,2384
23519.56796646118,2354
23520.565271377563,2354
23521.562337875366,2366
23522.559642791748,2392
23523.557901382446,2358
23524.55472946167,2354
23525.55251121521,2386
23526.549577713013,2362
23527.546644210815,2374
23528.544902801514,2384
23529.541969299316,2382
23530.53879737854,2378
23531.536102294922,2400
23532.533407211304,2416
23533.530473709106,2412
23534.500122070312,2422
23535.526514053345,2406
23536.49616241455,2366
23537.520170211792,2374
23538.517236709595,2362
23539.515495300293,2386
23540.51160812378,2416
23541.510581970215,2378
23542.50693321228,2424
23543.504238128662,2426
23544.500827789307,2400
23545.498371124268,2350
23546.497344970703,2410
23547.49369621277,2406
23548.491716384888,2378
23549.488067626953,2342
23550.490856170654,2378
23551.454782485962,2414
23552.480936050415,2430
23553.478002548218,2394
23554.474592208862,2360
23555.47332763672,2406
23556.442737579346,2422
23557.466983795166,2406
23558.464288711548,2358
23559.46135520935,2366
23560.458660125732,2362
23561.456203460693,2348
23562.453508377075,2330
23563.450813293457,2366
23564.448356628418,2406
23565.44518470764,2384
23566.415548324585,2406
23567.4409866333,2378
23568.437337875366,2406
23569.435119628906,2388
23570.436716079712,2374
23571.42996788025,2380
23572.426795959473,2334
23573.42529296875,2378
23574.42855834961,2354
23575.418710708618,2396
23576.416015625,2410
23577.386379241943,2412
23578.410863876343,2424
23579.407691955566,2450
23580.405950546265,2426
23581.40277862549,2470
23582.400798797607,2430
23583.369255065918,2446
23584.39540863037,2416
23585.392236709595,2430
23586.362600326538,2394
23587.387800216675,2390
23588.385105133057,2426
23589.38241004944,2424
23590.378999710083,2462
23591.376781463623,2454
23592.373847961426,2448
23593.374729156494,2446
23594.372987747192,2390
23595.36600112915,2408
23596.362829208374,2378
23597.33271598816,2400
23598.358392715454,2362
23599.35450553894,2382
23600.323915481567,2418
23601.34983062744,2422
23602.346897125244,2408
23603.343963623047,2430
23604.34103012085,2426
23605.33881187439,2410
23606.309413909912,2450
23607.338666915894,2410
23608.30307006836,2422
23609.328985214233,2394
23610.3253364563,2346
23611.326217651367,2398
23612.3206615448,2446
23613.317251205444,2398
23614.317655563354,2382
23615.312576293945,2366
23616.309642791748,2406
23617.307901382446,2390
23618.30425262451,2386
23619.301557540894,2358
23620.298862457275,2376
23621.2956905365,2410
23622.293949127197,2382
23623.291730880737,2378
23624.288082122803,2352
23626.256227493286,2400
23626.256227493286,2442
23627.27999687195,2398
23628.27730178833,2418
23629.247426986694,2450
23630.27262687683,2446
23631.269216537476,2418
23633.23473930359,2394
23633.23473930359,2366
23634.26160812378,2442
23635.260105133057,2384
23636.256456375122,2398
23637.25519180298,2414
23638.250827789307,2418
23639.254570007324,2446
23640.25092124939,2398
23641.24321937561,2374
23642.240047454834,2418
23643.237352371216,2420
23644.234657287598,2390
23645.2317237854,2376
23647.228240966797,2356
23647.228240966797,2394
23649.221658706665,2430
23650.219202041626,2408
23651.21579170227,2398
23652.213096618652,2410
23653.210878372192,2422
23654.208660125732,2422
23655.205488204956,2410
23656.202793121338,2378
23657.201766967773,2330
23658.167839050293,2356
23659.196615219116,2362
23660.192012786865,2380
23661.190032958984,2366
23662.187099456787,2420
23663.18392753601,2426
23664.18147087097,2422
23665.178775787354,2422
23666.176080703735,2378
23667.144536972046,2368
23668.142795562744,2382
23669.1677570343,2410
23670.165300369263,2394
23671.16355895996,2374
23672.159910202026,2398
23673.157930374146,2400
23674.15428161621,2418
23675.151586532593,2376
23676.149368286133,2406
23677.117586135864,2410
23678.147554397583,2394
23679.1410446167,2416
23680.13906478882,2366
23681.135654449463,2448
23682.132959365845,2406
23683.130741119385,2346
23684.127807617188,2382
23685.12511253357,2414
23686.127185821533,2450
23687.12043762207,2504
23688.117504119873,2450
23689.115047454834,2410
23690.112113952637,2422
23691.10941886902,2408
23692.10720062256,2410
23693.10450553894,2390
23694.10252571106,2378
23695.104598999023,2346
23696.096181869507,2390
23697.09324836731,2358
23698.09055328369,2406
23699.087619781494,2422
23700.085878372192,2414
23701.082468032837,2386
23702.07977294922,2390
23703.077793121338,2380
23704.07509803772,2366
23705.071926116943,2354
23706.04109764099,2356
23707.067489624023,2364
23708.06384086609,2374
23709.06114578247,2390
23710.05916595459,2398
23711.055755615234,2418
23712.053537368774,2418
23713.05251121521,2426
23714.048147201538,2396
23715.04497528076,2398
23716.042518615723,2416
23717.040061950684,2444
23718.037605285645,2390
23719.034433364868,2390
23721.623420715332,2418
23721.623420715332,2394
23722.026824951172,2424
23723.024368286133,2444
23724.098205566406,2414
23725.104570388794,2446
23726.09543800354,2398
23727.0929813385,2408
23728.09076309204,2362
23729.087352752686,2414
23730.084657669067,2446
23731.08172416687,2358
23732.07926750183,2378
23733.076572418213,2418
23734.074354171753,2418
23735.071659088135,2454
23736.068964004517,2424
23737.065315246582,2374
23738.06381225586,2446
23739.060878753662,2374
23740.057706832886,2408
23741.055488586426,2396
23742.053508758545,2398
23743.078231811523,2418
23744.075775146484,2424
23745.073556900024,2394
23746.042251586914,2390
23747.06768989563,2430
23748.036861419678,2452
23749.069929122925,2458
23750.030755996704,2382
23751.058101654053,2376
23752.054452896118,2416
23753.05128097534,2406
23754.049062728882,2378
23755.046129226685,2366
23756.043672561646,2388
23757.042407989502,2454
23758.039236068726,2422
23759.0548992157,2430
23760.033130645752,2480
23761.032819747925,2454
23762.032747268677,2446
23763.025045394897,2408
23764.02258872986,2392
23765.01989364624,2398
23766.016960144043,2426
23767.021656036377,2430
23767.986297607422,2398
23769.00887489319,2414
23770.00617980957,2446
23771.004676818848,2506
23772.001266479492,2458
23772.998571395874,2426
23773.995876312256,2394
23774.965524673462,2408
23775.99024772644,2414
23776.960849761963,2358
23777.985095977783,2386
23778.982162475586,2358
23779.979944229126,2418
23780.978202819824,2394
23781.97455406189,2394
23782.944202423096,2462
23783.94103050232,2446
23784.95192527771,2450
23785.935640335083,2414
23786.933660507202,2374
23787.930250167847,2382
23788.927793502808,2378
23789.92509841919,2458
23790.92240333557,2402
23791.919708251953,2388
23792.917013168335,2414
23793.914556503296,2446
23794.9116230011,2462
23795.90916633606,2462
23796.906232833862,2462
23797.931909561157,2496
23798.929929733276,2448
23799.899339675903,2406
23800.923824310303,2398
23801.921129226685,2430
23802.919626235962,2448
23803.916692733765,2386
23804.91590499878,2362
23805.91058731079,2382
23806.907892227173,2466
23807.878494262695,2466
23808.902502059937,2392
23809.900045394897,2382
23810.89735031128,2342
23811.895847320557,2386
23812.864065170288,2382
23813.86113166809,2374
23814.85867500305,2362
23815.855741500854,2362
23816.853046417236,2394
23817.850351333618,2426
23818.84789466858,2418
23819.844961166382,2442
23820.842266082764,2446
23821.839809417725,2466
23822.837352752686,2442
23823.83441925049,2418
23824.832677841187,2426
23825.82926750183,2454
23826.826333999634,2430
23827.823877334595,2418
23828.84907722473,2390
23829.81848716736,2410
23830.843210220337,2514
23831.841468811035,2448
23832.838535308838,2478
23833.8360786438,2418
23834.840059280396,2378
23835.830688476562,2390
23836.827516555786,2366
23837.79811859131,2394
23838.823556900024,2418
23839.81990814209,2450
23840.816974639893,2398
23841.8128490448,2386
23842.81039237976,2396
23843.8081741333,2430
23844.77686882019,2418
23845.773935317993,2366
23846.771240234375,2366
23847.768545150757,2386
23848.766088485718,2366
23849.7633934021,2374
23850.76069831848,2376
23851.758003234863,2378
23852.755308151245,2406
23853.752613067627,2446
23854.74991798401,2426
23855.74746131897,2406
23856.74500465393,2418
23857.742309570312,2378
23858.739614486694,2366
23859.739303588867,2358
23860.73613166809,2342
23861.733198165894,2362
23862.730264663696,2358
23863.727807998657,2398
23864.72511291504,2358
23865.72217941284,2386
23866.718530654907,2408
23867.71559715271,2426
23868.714809417725,2426
23869.71163749695,2386
23870.70918083191,2366
23871.70648574829,2346
23872.703790664673,2408
23873.701095581055,2378
23874.698638916016,2366
23875.695943832397,2398
23876.6930103302,2454
23877.69055366516,2458
23878.687858581543,2398
23879.685163497925,2454
23880.682229995728,2446
23881.67977333069,2444
23882.705450057983,2410
23883.703470230103,2382
23884.700059890747,2360
23885.698795318604,2360
23886.69490814209,2414
23887.665271759033,2394
23888.689041137695,2424
23889.686107635498,2376
23890.684604644775,2382
23891.688585281372,2416
23892.67873764038,2430
23893.677711486816,2450
23894.672632217407,2414
23895.671367645264,2396
23896.66795730591,2394
23897.668600082397,2414
23898.66280555725,2422
23899.667739868164,2424
23900.656938552856,2446
23901.65400505066,2426
23902.65154838562,2446
23903.64909172058,2450
23904.6471118927,2470
23905.643701553345,2454
23906.61382675171,2400
23907.609701156616,2430
23908.634424209595,2426
23909.631967544556,2398
23910.630226135254,2398
23911.62633895874,2414
23912.623643875122,2410
23913.620710372925,2396
23914.618730545044,2406
23915.616750717163,2378
23916.585206985474,2422
23917.61350631714,2392
23918.610095977783,2426
23919.60644721985,2390
23920.602798461914,2390
23921.574115753174,2398
23922.571182250977,2390
23923.56824874878,2416
23924.565315246582,2424
23925.562381744385,2424
23926.56111717224,2420
23927.557229995728,2450
23928.55429649353,2454
23929.551601409912,2462
23930.548906326294,2448
23931.546211242676,2390
23932.543754577637,2398
23933.541297912598,2374
23934.53860282898,2422
23935.535669326782,2390
23936.532258987427,2398
23937.530279159546,2442
23938.556671142578,2420
23939.553260803223,2462
23940.550565719604,2460
23941.534996032715,2446
23942.54493713379,2388
23943.54295730591,2408
23944.54002380371,2372
23945.537328720093,2382
23946.534633636475,2392
23947.531938552856,2394
23948.52900505066,2482
23949.53155517578,2478
23950.52409172058,2422
23951.521158218384,2420
23952.488899230957,2432
23953.48620414734,2478
23954.48327064514,2408
23955.480813980103,2398
23956.478118896484,2378
23957.475423812866,2390
23958.472728729248,2390
23959.47027206421,2414
23960.46733856201,2414
23961.464643478394,2420
23962.461948394775,2422
23963.459491729736,2416
23964.456796646118,2474
23965.45386314392,2442
23966.45188331604,2408
23967.449426651,2398
23968.47653388977,2352
23969.473600387573,2346
23970.470428466797,2398
23971.47560119629,2386
23972.46479988098,2410
23973.46258163452,2426
23974.459409713745,2450
23975.457191467285,2478
23976.454257965088,2468
23977.45656967163,2476
23978.45506668091,2452
23979.446411132812,2450
23980.443954467773,2458
23981.444358825684,2456
23982.438802719116,2448
23983.434677124023,2478
23984.431743621826,2426
23985.429763793945,2414
23986.40012741089,2398
23987.424850463867,2376
23988.42144012451,2408
23989.418268203735,2460
23990.415811538696,2404
23991.416692733765,2364
23992.411136627197,2356
23993.40844154358,2358
23994.40574645996,2374
23995.402097702026,2354
23996.399641036987,2382
23997.371196746826,2470
23998.39687347412,2454
23999.364614486694,2462
24000.361919403076,2462
24001.359224319458,2422
24002.363204956055,2440
24003.353595733643,2416
24004.351139068604,2426
24005.348682403564,2432
24006.345748901367,2428
24008.34035873413,2448
24008.34035873413,2458
24010.334968566895,2454
24010.334968566895,2462
24011.332511901855,2454
24012.330532073975,2454
24013.32712173462,2488
24014.32490348816,2486
24015.321731567383,2426
24016.318798065186,2444
24017.316102981567,2400
24018.31364631653,2432
24019.31118965149,2406
24020.308256149292,2442
24021.305799484253,2474
24023.300170898438,2476
24023.300170898438,2442
24025.29501914978,2394
24026.292324066162,2416
24027.289390563965,2402
24028.286695480347,2382
24029.284715652466,2328
24030.282258987427,2332
24030.282258987427,2372
24032.27686882019,2368
24033.274173736572,2390
24034.27267074585,2368
24034.27267074585,2426
24036.266088485718,2392
24037.26315498352,2452
24038.26093673706,2486
24039.260387420654,2486
24040.255784988403,2490
24041.252613067627,2414
24042.251110076904,2418
24043.24769973755,2410
24044.24524307251,2408
24045.242309570312,2426
24046.239614486694,2450
24047.236680984497,2414
24048.234462738037,2422
24049.232006072998,2418
24050.22883415222,2412
24063.193321228027,2378
24063.193321228027,2328
24063.193321228027,2348
24063.193321228027,2378
24063.193321228027,2358
24064.19086456299,2374
24064.19086456299,2354
24064.19086456299,2392
24064.19086456299,2426
24064.19086456299,2394
24064.19086456299,2396
24064.19086456299,2398
24065.18816947937,2458
24065.18816947937,2432
24065.18816947937,2366
24066.18571281433,2374
24067.183017730713,2394
24068.180322647095,2442
24069.177389144897,2474
24070.17469406128,2476
24071.17199897766,2454
24072.169303894043,2492
24073.166847229004,2430
24074.164390563965,2446
24075.161933898926,2426
24076.15876197815,2386
24085.134983062744,2382
24085.134983062744,2394
24085.134983062744,2422
24085.134983062744,2418
24085.134983062744,2426
24086.132049560547,2454
24086.132049560547,2454
24086.132049560547,2480
24086.132049560547,2494
24086.132049560547,2446
24087.12935447693,2486
24088.12689781189,2466
24089.123964309692,2420
24090.121507644653,2448
24091.118574142456,2414
24092.116594314575,2458
24093.122959136963,2476
24094.11072731018,2506
24095.10827064514,2488
24096.105337142944,2472
24097.102880477905,2448
24098.099946975708,2444
24099.09749031067,2478
24100.09479522705,2430
24101.09233856201,2406
24102.089643478394,2410
24103.086948394775,2378
24104.084253311157,2398
24105.081796646118,2410
24106.0791015625,2394
24107.07664489746,2388
24108.073472976685,2418
24109.071016311646,2398
24110.068321228027,2398
24111.06562614441,2446
24112.062692642212,2410
24113.060235977173,2384
24114.057540893555,2298
24115.06199836731,2366
24116.052389144897,2390
24117.04969406128,2390
24118.046522140503,2418
24135.00165939331,2422
24135.00165939331,2454
24135.00165939331,2414
24135.00165939331,2456
24135.99920272827,2450
24135.99920272827,2452
24135.99920272827,2454
24135.99920272827,2442
24135.99920272827,2506
24135.99920272827,2458
24135.99920272827,2450
24136.996269226074,2486
24136.996269226074,2472
24136.996269226074,2462
24136.996269226074,2476
24136.996269226074,2422
24137.993812561035,2450
24137.993812561035,2472
24137.993812561035,2422
24137.993812561035,2410
24138.991355895996,2394
24139.9884223938,2466
24140.98596572876,2446
24141.982793807983,2446
24142.980337142944,2426
24143.977403640747,2462
24144.974946975708,2420
24145.97511291504,2414
24147.96781539917,2426
24147.96781539917,2454
24148.964166641235,2462
24149.9662399292,2412
24150.959253311157,2446
24151.957273483276,2430
24152.953147888184,2462
24153.951406478882,2450
24154.948472976685,2430
24155.94530105591,2486
24156.94236755371,2450
24157.939910888672,2478
24158.937215805054,2454
24159.934043884277,2472
24160.93134880066,2414
24161.92889213562,2418
24162.92643547058,2384
24163.923501968384,2386
24164.920806884766,2396
24165.919065475464,2420
24166.916370391846,2456
24167.91319847107,2494
24168.90239715576,2394
24169.90876197815,2426
24170.90916633606,2426
24171.90647125244,2422
24172.41072654724,2426
24173.41375350952,2414
24174.407958984375,2442
24175.405502319336,2450
24176.40256881714,2446
24177.39963531494,2452
24178.397178649902,2502
24179.394483566284,2550
24180.391788482666,2510
24181.38885498047,2446
24183.38394165039,2518
24183.38394165039,2518
24184.381246566772,2474
24185.378313064575,2420
24186.375617980957,2382
24187.373161315918,2416
24188.3704662323,2410
24189.37063217163,2446
24190.36865234375,2462
24191.365003585815,2454
24192.362546920776,2426
24193.359375,2384
24194.35739517212,2422
24195.354223251343,2406
24196.351528167725,2368
24197.346925735474,2398
24198.343992233276,2414
24199.34344291687,2414
24200.3390789032,2414
24201.336145401,2448
24202.333211898804,2452
24203.330278396606,2446
24204.327821731567,2418
24205.35659790039,2430
24206.353902816772,2430
24207.351207733154,2450
24208.318948745728,2454
24209.347009658813,2410
24210.341691970825,2396
24211.339712142944,2404
24212.336778640747,2426
24213.334321975708,2442
24214.33138847351,2414
24215.328693389893,2406
24216.326236724854,2460
24217.323780059814,2470
24218.321323394775,2448
24219.318151474,2430
24220.3152179718,2418
24221.31299972534,2454
24222.309350967407,2424
24223.307132720947,2456
24224.305152893066,2478
24225.27289390564,2466
24226.29976272583,2522
24227.296352386475,2504
24228.293895721436,2490
24229.291915893555,2458
24231.256008148193,2430
24231.256008148193,2474
24233.24990272522,2430
24233.24990272522,2422
24234.2472076416,2422
24235.244512557983,2450
24236.242055892944,2450
24237.239599227905,2468
24238.23642730713,2464
24239.23397064209,2456
24240.23151397705,2468
24241.228580474854,2462
24242.226123809814,2408
24243.223428726196,2400
24245.21827697754,2452
24245.21827697754,2454
24247.215509414673,2418
24248.21138381958,2406
24248.21138381958,2522
24250.235557556152,2504
24251.232624053955,2494
24252.229928970337,2488
24253.227949142456,2490
24254.22477722168,2488
24255.22780418396,2488
24256.21771812439,2456
24257.18903541565,2406
24258.185625076294,2412
24259.210348129272,2450
24260.207414627075,2474
24261.175632476807,2454
24262.17269897461,2474
24263.17024230957,2534
24264.167547225952,2514
24265.164852142334,2482
24266.161918640137,2458
24267.159461975098,2414
24268.1565284729,2470
24269.153833389282,2466
24270.151138305664,2442
24271.148681640625,2450
24272.145986557007,2394
24273.14305305481,2412
24274.14059638977,2454
24275.13813972473,2466
24276.138067245483,2466
24277.134895324707,2470
24278.13196182251,2446
24279.12950515747,2446
24280.126571655273,2446
24281.124114990234,2406
24282.121419906616,2426
24283.118724822998,2418
24284.1157913208,2428
24285.11333465576,2416
24286.110639572144,2472
24287.107944488525,2526
24288.105249404907,2522
24289.10231590271,2472
24290.09985923767,2470
24291.097402572632,2454
24292.123556137085,2468
24293.120861053467,2448
24294.11768913269,2418
24295.116662979126,2414
24296.112775802612,2424
24297.109603881836,2446
24298.107147216797,2444
24299.10397529602,2450
24300.10223388672,2454
24301.100254058838,2470
24302.096366882324,2422
24303.098678588867,2428
24304.090976715088,2458
24305.08828163147,2398
24306.085348129272,2406
24307.055234909058,2398
24308.080911636353,2446
24309.077501296997,2398
24310.07480621338,2484
24311.07258796692,2486
24312.07013130188,2494
24313.06743621826,2484
24314.064741134644,2454
24315.06085395813,2478
24316.05887413025,2452
24317.055463790894,2478
24318.05372238159,2506
24319.050550460815,2522
24320.047616958618,2502
24321.044921875,2486
24322.042226791382,2508
24323.012590408325,2510
24324.012994766235,2522
24325.00672340393,2486
24326.032876968384,2470
24327.030420303345,2442
24328.03511619568,2478
24329.024076461792,2486
24330.02257347107,2446
24331.019639968872,2414
24332.016706466675,2450
24333.01329612732,2442
24334.010124206543,2424
24335.007905960083,2458
24336.005210876465,2458
24336.975812911987,2482
24337.971448898315,2492
24338.996410369873,2466
24339.99466896057,2414
24340.991973876953,2422
24341.989517211914,2466
24342.986345291138,2488
24343.98317337036,2460
24344.980478286743,2480
24345.977783203125,2482
24346.975564956665,2544
24347.973823547363,2522
24348.970413208008,2470
24349.96747970581,2476
24350.964784622192,2472
24351.962089538574,2454
24352.959632873535,2454
24353.929042816162,2478
24354.926109313965,2460
24355.923175811768,2410
24356.92071914673,2414
24357.91802406311,2504
24358.92081260681,2494
24359.912872314453,2470
24360.910177230835,2480
24361.907243728638,2458
24362.90454864502,2426
24363.90209197998,2378
24364.899396896362,2374
24365.896701812744,2410
24366.894006729126,2406
24367.891550064087,2418
24368.88885498047,2426
24369.884729385376,2494
24370.88179588318,2472
24371.87910079956,2490
24372.876405715942,2478
24373.873710632324,2474
24374.87244606018,2482
24375.868558883667,2454
24376.86586380005,2460
24377.86316871643,2442
24378.86071205139,2450
24379.857778549194,2470
24380.855083465576,2426
24381.852388381958,2448
24382.84993171692,2458
24383.84699821472,2522
24384.844541549683,2510
24385.843753814697,2462
24386.841535568237,2458
24387.83884048462,2502
24388.835668563843,2480
24389.833211898804,2470
24390.830516815186,2474
24391.828060150146,2458
24392.82536506653,2486
24393.821954727173,2454
24394.84739303589,2488
24395.84469795227,2524
24396.86393737793,2506
24397.813081741333,2494
24398.836374282837,2492
24399.850130081177,2522
24400.83122253418,2472
24401.8497467041,2462
24402.82654762268,2508
24403.823137283325,2490
24404.820203781128,2474
24405.818223953247,2490
24406.78906440735,2494
24407.81283378601,2554
24408.81037712097,2490
24409.806966781616,2420
24410.804748535156,2486
24411.802530288696,2454
24412.79935836792,2452
24413.7966632843,2446
24414.793729782104,2454
24415.791273117065,2420
24416.789770126343,2490
24417.787313461304,2462
24418.78390312195,2458
24419.785261154175,2456
24420.77875137329,2514
24421.775102615356,2510
24422.773122787476,2454
24423.77018928528,2454
24424.76773262024,2480
24425.77052116394,2458
24426.735639572144,2490
24427.758932113647,2486
24428.756713867188,2494
24429.754734039307,2522
24430.75180053711,2542
24431.750059127808,2534
24432.746410369873,2502
24433.743238449097,2470
24434.740781784058,2426
24435.73808670044,2378
24436.736822128296,2416
24437.735557556152,2466
24438.730239868164,2426
24439.729928970337,2432
24440.724849700928,2426
24441.72239303589,2430
24442.72756576538,2478
24443.716526031494,2450
24444.714069366455,2476
24445.711374282837,2474
24446.709394454956,2442
24447.707176208496,2446
24448.703289031982,2398
24449.700593948364,2428
24450.698375701904,2446
24451.695203781128,2452
24452.695846557617,2412
24453.690767288208,2428
24454.68783378601,2450
24455.684423446655,2430
24456.655740737915,2460
24457.679510116577,2482
24458.677530288696,2442
24459.680795669556,2398
24460.671424865723,2428
24461.668729782104,2426
24462.666273117065,2454
24463.66286277771,2454
24464.66612815857,2418
24465.65866470337,2430
24466.627597808838,2454
24467.653274536133,2518
24468.650341033936,2506
24469.653606414795,2494
24470.64471244812,2422
24472.61118888855,2482
24472.61118888855,2470
24473.63543510437,2442
24474.632740020752,2466
24475.630283355713,2470
24476.601123809814,2470
24477.59771347046,2456
24478.62195968628,2510
24479.626417160034,2518
24480.626344680786,2510
24481.615781784058,2490
24482.619762420654,2430
24483.609914779663,2454
24484.607934951782,2450
24485.604524612427,2454
24486.60182952881,2446
24487.59937286377,2500
24488.59715461731,2488
24489.60018157959,2488
24490.591526031494,2446
24491.59836769104,2450
24492.586135864258,2510
24493.55435371399,2490
24494.551181793213,2490
24495.548486709595,2490
24496.545791625977,2430
24497.54309654236,2480
24498.54063987732,2470
24499.537706375122,2510
24500.535011291504,2486
24501.532554626465,2466
24502.529621124268,2518
24503.52692604065,2514
24504.52446937561,2534
24505.521774291992,2478
24506.519079208374,2470
24507.516145706177,2454
24508.54229927063,2486
24509.539365768433,2470
24510.536670684814,2454
24511.534214019775,2512
24512.531042099,2506
24513.52882385254,2486
24514.5263671875,2458
24515.523672103882,2482
24516.51692390442,2458
24517.52018928528,2516
24518.519401550293,2490
24519.51265335083,2416
24520.51019668579,2410
24521.507740020752,2450
24522.504568099976,2466
24523.505687713623,2442
24524.499893188477,2408
24525.49719810486,2470
24526.468753814697,2502
24527.49252319336,2480
24528.491020202637,2448
24529.487371444702,2480
24530.490159988403,2502
24531.484842300415,2458
24532.47904777527,2418
24533.47659111023,2410
24534.47413444519,2460
24535.47191619873,2488
24536.441326141357,2462
24537.466287612915,2490
24538.463354110718,2490
24539.46042060852,2462
24540.464162826538,2514
24541.455268859863,2490
24542.452812194824,2476
24543.456315994263,2480
24544.447660446167,2454
24545.44472694397,2394
24546.441793441772,2418
24547.412395477295,2462
24548.437118530273,2466
24549.433946609497,2458
24550.431489944458,2482
24551.42831802368,2488
24552.425861358643,2502
24553.423643112183,2478
24554.421186447144,2454
24555.418491363525,2470
24556.38885498047,2454
24557.41310119629,2414
24558.41040611267,2408
24559.407949447632,2454
24560.405254364014,2470
24561.402082443237,2502
24562.39938735962,2470
24563.39716911316,2510
24564.3949508667,2482
24565.391778945923,2470
24566.39003753662,2478
24567.387104034424,2426
24568.38345527649,2410
24569.353342056274,2430
24570.37901878357,2418
24571.37680053711,2458
24572.372674942017,2490
24573.370218276978,2482
24574.368000030518,2502
24575.3653049469,2482
24576.362371444702,2462
24577.359437942505,2478
24578.356981277466,2486
24579.35404777527,2454
24580.35135269165,2510
24581.348657608032,2476
24582.345962524414,2484
24583.343744277954,2490
24584.340572357178,2518
24585.33787727356,2518
24586.3356590271,2470
24587.305784225464,2498
24588.330268859863,2534
24589.327096939087,2526
24590.324878692627,2486
24591.322422027588,2478
24592.31972694397,2462
24593.316555023193,2474
24594.314575195312,2450
24595.311164855957,2470
24596.30846977234,2470
24597.27907180786,2426
24598.303079605103,2490
24600.269556045532,2462
24600.269556045532,2414
24601.29475593567,2424
24602.29253768921,2442
24603.288888931274,2398
24604.286909103394,2420
24605.283498764038,2410
24606.281042099,2406
24607.280015945435,2414
24608.278036117554,2448
24609.272956848145,2462
24610.26954650879,2458
24611.26685142517,2490
24612.266063690186,2488
24613.27052116394,2534
24615.26656150818,2476
24615.26656150818,2476
24617.223501205444,2454
24617.223501205444,2454
24618.24870109558,2426
24619.2467212677,2396
24620.243787765503,2448
24621.243715286255,2474
24622.23792076111,2458
24623.23498725891,2430
24624.23586845398,2426
24625.230312347412,2442
24627.22659111023,2478
24628.194332122803,2424
24629.220724105835,2470
24630.21945953369,2488
24631.215810775757,2534
24632.21287727356,2552
24633.180856704712,2494
24634.21106338501,2526
24635.209560394287,2534
24636.20924949646,2538
24637.199640274048,2504
24638.200998306274,2502
24639.19496536255,2470
24640.20037651062,2504
24641.20101928711,2470
24642.186403274536,2422
24643.187761306763,2398
24644.180297851562,2418
24645.180463790894,2478
24646.175622940063,2474
24647.157669067383,2458
24648.140907287598,2426
24649.166584014893,2446
24650.16484260559,2450
24651.160955429077,2458
24652.158498764038,2442
24653.157472610474,2390
24654.15358543396,2394
24655.15112876892,2390
24656.121492385864,2426
24657.145023345947,2446
24658.14232826233,2442
24659.16609764099,2460
24660.149812698364,2470
24661.136627197266,2430
24662.10627555847,2450
24663.13099861145,2422
24664.130926132202,2474
24665.126085281372,2458
24666.122436523438,2424
24667.09280014038,2466
24668.088912963867,2460
24669.11268234253,2470
24670.11022567749,2490
24671.10776901245,2478
24672.105073928833,2514
24673.104286193848,2522
24674.09896850586,2486
24675.069570541382,2458
24676.09429359436,2482
24677.0658493042,2478
24678.061962127686,2458
24679.087162017822,2454
24680.086612701416,2454
24681.081533432007,2470
24682.084798812866,2512
24683.075189590454,2506
24684.072494506836,2486
24685.07194519043,2430
24686.0671043396,2482
24687.065839767456,2482
24688.069105148315,2482
24689.064741134644,2414
24690.06299972534,2450
24691.060066223145,2448
24692.05117225647,2460
24693.021059036255,2474
24694.046020507812,2458
24695.016384124756,2458
24696.040868759155,2504
24697.04246520996,2470
24698.03524017334,2450
24699.032306671143,2430
24700.029850006104,2476
24701.027393341064,2410
24702.024698257446,2398
24703.022480010986,2430
24704.019784927368,2420
24705.01685142517,2426
24706.014156341553,2418
24706.985235214233,2456
24708.008766174316,2474
24709.0060710907,2458
24709.975957870483,2454
24711.000442504883,2430
24711.999893188477,2458
24712.998151779175,2422
24713.994026184082,2442
24714.990854263306,2430
24715.988397598267,2414
24716.985940933228,2458
24717.982292175293,2482
24718.979120254517,2518
24719.977617263794,2490
24720.97396850586,2534
24721.97127342224,2458
24722.968339920044,2514
24723.940134048462,2526
24724.96461868286,2486
24725.962162017822,2518
24726.959228515625,2506
24727.957010269165,2546
24728.95359992981,2574
24729.95138168335,2586
24730.94940185547,2594
24731.946229934692,2574
24732.943296432495,2570
24733.943462371826,2558
24734.943866729736,2506
24735.93521118164,2494
24736.905574798584,2494
24737.930059432983,2492
24738.898515701294,2532
24739.89510536194,2506
24740.89217185974,2470
24741.889715194702,2526
24742.887020111084,2578
24743.884325027466,2542
24744.881868362427,2490
24745.87893486023,2478
24746.87623977661,2494
24747.873544692993,2478
24748.871088027954,2490
24749.868631362915,2476
24750.86545944214,2460
24751.86324119568,2442
24752.86030769348,2470
24753.857612609863,2510
24754.854917526245,2534
24755.852460861206,2518
24756.84952735901,2486
24757.84707069397,2502
24758.844137191772,2494
24759.841680526733,2474
24760.838985443115,2450
24761.836290359497,2426
24762.833833694458,2448
24763.83113861084,2442
24764.82844352722,2456
24765.825510025024,2518
24766.823053359985,2500
24767.820358276367,2510
24768.81742477417,2504
24769.81520652771,2490
24770.814657211304,2446
24771.811485290527,2452
24772.80855178833,2430
24773.815870285034,2426
24774.80983734131,2404
24775.800943374634,2406
24776.798009872437,2408
24777.795553207397,2458
24778.822660446167,2494
24779.817819595337,2526
24780.816316604614,2454
24781.813383102417,2466
24782.81021118164,2414
24783.80799293518,2418
24784.804344177246,2422
24785.773038864136,2382
24786.76986694336,2418
24787.76717185974,2442
24788.764238357544,2450
24789.761543273926,2502
24790.759086608887,2506
24791.756629943848,2470
24792.75345802307,2470
24793.750762939453,2474
24794.748306274414,2430
24795.745611190796,2458
24796.742916107178,2422
24797.74045944214,2454
24798.73752593994,2426
24799.734830856323,2450
24800.76241493225,2474
24801.759719848633,2492
24802.756786346436,2502
24803.754091262817,2498
24804.75091934204,2510
24805.748462677002,2468
24806.7467212677,2480
24807.716369628906,2446
24808.740377426147,2470
24809.739112854004,2466
24810.73498725891,2422
24811.73276901245,2474
24812.73102760315,2456
24813.727617263794,2474
24814.731121063232,2494
24815.72413444519,2518
24816.692352294922,2486
24817.7170753479,2454
24818.71485710144,2410
24819.712162017822,2394
24820.708990097046,2422
24821.706295013428,2426
24822.702884674072,2470
24823.70114326477,2446
24824.698209762573,2422
24825.695991516113,2466
24826.69425010681,2510
24827.690839767456,2510
24828.691244125366,2502
24829.68497276306,2450
24830.682039260864,2470
24831.679582595825,2422
24832.67641067505,2450
24833.67371559143,2470
24834.679126739502,2448
24835.670709609985,2422
24836.639642715454,2458
24837.63599395752,2430
24838.661432266235,2486
24839.658498764038,2518
24840.655088424683,2514
24841.652631759644,2456
24842.650175094604,2418
24843.647003173828,2398
24844.644784927368,2450
24845.64185142517,2474
24846.640586853027,2458
24847.60880470276,2446
24848.615646362305,2478
24849.603414535522,2480
24850.601196289062,2474
24851.598262786865,2502
24852.595329284668,2472
24853.59287261963,2482
24854.589700698853,2446
24855.587482452393,2446
24856.584787368774,2442
24857.582330703735,2430
24858.579635620117,2426
24859.57670211792,2450
24860.5740070343,2426
24861.571073532104,2454
24862.595081329346,2510
24863.592863082886,2510
24864.590167999268,2446
24865.58771133423,2458
24866.55855178833,2430
24867.557048797607,2426
24868.581295013428,2442
24869.57836151123,2426
24870.57614326477,2450
24871.573448181152,2482
24872.570037841797,2454
24873.56734275818,2430
24874.56512451172,2460
24875.561952590942,2478
24876.55997276306,2492
24877.527713775635,2470
24878.554105758667,2418
24879.55141067505,2412
24880.54919242859,2442
24881.55245780945,2460
24882.543087005615,2474
24883.54182243347,2422
24884.538412094116,2426
24885.536670684814,2486
24886.5327835083,2490
24887.53032684326,2490
24888.527393341064,2494
24889.524936676025,2456
24890.522003173828,2458
24891.50071144104,2406
24892.51661300659,2394
24893.514394760132,2420
24894.511461257935,2450
24895.508766174316,2428
24896.507263183594,2426
24897.50337600708,2474
24898.50115776062,2450
24899.498224258423,2486
24900.4967212677,2460
24901.49450302124,2452
24902.490377426147,2424
24903.48720550537,2386
24904.484272003174,2410
24905.482530593872,2406
24906.486988067627,2414
24907.477378845215,2420
24908.474445343018,2482
24909.443378448486,2458
24910.43996810913,2474
24911.43751144409,2478
24912.434577941895,2472
24913.432359695435,2460
24914.429426193237,2446
24915.4269695282,2410
24916.425228118896,2418
24917.42205619812,2430
24918.419361114502,2482
24919.416189193726,2458
24920.413732528687,2442
24921.41079902649,2490
24922.40834236145,2506
24924.403190612793,2504
24925.400972366333,2488
24925.400972366333,2442
24926.397800445557,2478
24927.396297454834,2454
24928.421020507812,2394
24929.418325424194,2410
24930.415630340576,2454
24931.42008781433,2450
24932.41047859192,2488
24933.407068252563,2482
24934.40556526184,2466
24935.402631759644,2478
24936.400413513184,2502
24937.37030029297,2502
24938.39383125305,2408
24939.391374588013,2398
24940.388679504395,2422
24941.385746002197,2486
24942.38519668579,2474
24943.38083267212,2474
24944.37837600708,2422
24945.37615776062,2484
24946.346282958984,2478
24947.340965270996,2422
24948.367595672607,2478
24949.36728477478,2514
24950.36244392395,2462
24951.359272003174,2386
24952.356338500977,2406
24953.354120254517,2414
24954.351902008057,2472
24955.3484916687,2430
24957.47137069702,2426
24957.47137069702,2452
24958.978176116943,2502
24959.9027633667,2500
24960.965633392334,2414
24961.970329284668,2382
24962.932348251343,2418
24963.958024978638,2430
24964.954614639282,2408
24965.95287322998,2398
24966.950178146362,2424
24967.947959899902,2490
24968.95170211792,2500
24969.94185447693,2442
24970.93892097473,2442
24971.935749053955,2490
24972.941637039185,2526
24973.931074142456,2486
24974.93052482605,2458
24975.931406021118,2390
24976.92322731018,2426
24977.920532226562,2486
24978.92141342163,2446
24979.914665222168,2462
24980.91197013855,2462
24981.911182403564,2492
24982.90705680847,2474
24983.904123306274,2484
24984.901189804077,2480
24985.898733139038,2474
24986.897468566895,2478
24987.895011901855,2418
24988.890886306763,2418
24989.888668060303,2446
24990.885734558105,2454
24991.883039474487,2494
24992.881774902344,2482
24993.87812614441,2452
24994.874715805054,2424
24995.87368965149,2470
24996.87147140503,2490
24997.867822647095,2474
24998.86441230774,2484
24999.83310699463,2470
25000.85997581482,2456
25001.86061859131,2410
25002.854824066162,2414
25003.851175308228,2446
25004.849433898926,2494
25005.84650039673,2502
25006.843328475952,2482
25007.840156555176,2454
25008.837699890137,2492
25009.835243225098,2502
25010.833024978638,2480
25011.82985305786,2410
25012.84623146057,2416
25013.831615447998,2484
25014.824390411377,2474
25015.81859588623,2456
25016.81661605835,2430
25017.81463623047,2478
25018.810987472534,2522
25019.808053970337,2474
25020.805835723877,2458
25021.807432174683,2472
25022.80044555664,2486
25023.79846572876,2494
25024.794816970825,2392
25025.792121887207,2394
25026.763200759888,2458
25027.79245376587,2482
25028.78451347351,2480
25029.781579971313,2498
25030.779123306274,2454
25031.78381919861,2448
25032.773733139038,2486
25033.74409675598,2450
25034.769296646118,2396
25035.765886306763,2442
25036.736011505127,2448
25037.760019302368,2454
25038.76304626465,2450
25039.75486755371,2474
25040.752172470093,2458
25041.750192642212,2480
25042.747259140015,2474
25043.744802474976,2506
25044.7416305542,2470
25045.73917388916,2502
25046.709537506104,2508
25047.733545303345,2470
25048.731565475464,2472
25049.726724624634,2398
25050.726413726807,2470
25051.722288131714,2478
25052.719354629517,2506
25053.716897964478,2510
25054.71444129944,2528
25055.711269378662,2534
25056.71000480652,2490
25057.705879211426,2486
25058.70294570923,2486
25059.70072746277,2490
25060.69779396057,2480
25061.695337295532,2468
25062.692642211914,2430
25063.689708709717,2474
25064.6870136261,2502
25065.68479537964,2512
25066.65539741516,2506
25067.678689956665,2486
25068.67742538452,2500
25069.67520713806,2512
25070.672035217285,2482
25071.669578552246,2458
25072.66664505005,2470
25073.66371154785,2442
25074.665069580078,2446
25075.666666030884,2480
25076.65777206421,2478
25077.653646469116,2502
25078.650951385498,2520
25079.620361328125,2482
25080.64556121826,2466
25081.6433429718,2482
25082.639932632446,2486
25083.638191223145,2490
25084.635019302368,2446
25085.63208580017,2482
25086.60316467285,2474
25087.628841400146,2474
25088.629961013794,2518
25089.622020721436,2482
25090.61861038208,2514
25091.617345809937,2506
25092.613697052002,2474
25093.611001968384,2536
25094.609260559082,2518
25095.605850219727,2482
25096.603870391846,2482
25097.602367401123,2502
25098.59848022461,2494
25099.595308303833,2470
25100.591897964478,2490
25101.589679718018,2542
25102.58650779724,2500
25103.584051132202,2470
25104.581356048584,2454
25105.578660964966,2506
25106.549739837646,2452
25107.573986053467,2410
25108.57081413269,2410
25109.568119049072,2446
25110.565662384033,2394
25111.536026000977,2422
25112.5328540802,2448
25113.529920578003,2462
25114.527225494385,2450
25115.524768829346,2470
25116.520643234253,2482
25117.5537109375,2470
25118.544578552246,2516
25119.54164505005,2490
25120.538473129272,2454
25121.536016464233,2450
25122.533798217773,2480
25123.530864715576,2494
25124.528169631958,2490
25125.52547454834,2474
25126.495599746704,2508
25127.519130706787,2534
25128.51643562317,2514
25129.514932632446,2518
25130.516529083252,2522
25131.50906562805,2494
25132.505655288696,2494
25133.503198623657,2500
25134.500741958618,2486
25135.49828529358,2480
25136.468648910522,2490
25137.497663497925,2502
25138.489961624146,2550
25139.487981796265,2550
25140.48433303833,2512
25141.48235321045,2510
25142.479181289673,2518
25143.476486206055,2482
25144.473791122437,2446
25145.471334457397,2452
25146.4421749115,2430
25147.46642112732,2474
25148.4637260437,2544
25149.465322494507,2526
25150.457859039307,2524
25151.478052139282,2480
25152.45270729065,2460
25153.45025062561,2486
25154.447555541992,2482
25155.444860458374,2462
25156.461477279663,2454
25157.440185546875,2470
25158.43677520752,2480
25159.433841705322,2520
25160.430908203125,2478
25161.428451538086,2466
25162.39833831787,2482
25163.423776626587,2490
25164.42084312439,2518
25165.41814804077,2510
25166.388988494873,2520
25167.412281036377,2514
25168.383836746216,2458
25169.379472732544,2510
25170.37606239319,2470
25171.37336730957,2430
25172.370672225952,2482
25173.36893081665,2510
25174.368619918823,2540
25175.365447998047,2526
25176.361799240112,2494
25177.36053466797,2490
25178.357362747192,2486
25179.381608963013,2490
25180.349826812744,2454
25181.376934051514,2486
25182.373762130737,2462
25183.37321281433,2490
25184.368133544922,2482
25185.365676879883,2502
25186.362743377686,2510
25188.328504562378,2514
25188.328504562378,2534
25189.361572265625,2544
25190.352201461792,2546
25191.354751586914,2506
25192.3189163208,2460
25193.34864616394,2474
25194.3416595459,2478
25195.339679718018,2498
25196.309566497803,2514
25197.333335876465,2548
25198.302030563354,2534
25199.299335479736,2546
25200.29902458191,2492
25201.324701309204,2506
25202.32105255127,2502
25203.31859588623,2492
25204.31613922119,2478
25205.3165435791,2492
25206.310510635376,2480
25207.28063583374,2486
25208.303928375244,2510
25209.301233291626,2522
25210.30068397522,2510
25211.296319961548,2518
25212.29386329651,2538
25213.29092979431,2506
25214.287996292114,2518
25215.285539627075,2552
25216.284036636353,2558
25217.280387878418,2506
25219.247341156006,2486
25219.247341156006,2510
25220.242977142334,2524
25221.24147415161,2558
25222.239017486572,2512
25223.235607147217,2482
25224.233388900757,2502
25225.230932235718,2480
25226.229429244995,2474
25227.22578048706,2466
25228.222846984863,2468
25229.219913482666,2474
25230.217218399048,2446
25231.21452331543,2454
25233.20984840393,2494
25234.206438064575,2468
25235.204696655273,2498
25236.201286315918,2506
25237.199544906616,2516
25238.19613456726,2510
25239.193439483643,2506
25240.190505981445,2516
25241.187572479248,2510
25242.194175720215,2506
25243.18242073059,2490
25244.179487228394,2512
25245.177030563354,2514
25246.174335479736,2540
25247.171878814697,2522
25248.169660568237,2544
25249.166250228882,2550
25250.164031982422,2514
25251.160383224487,2474
25252.158403396606,2502
25253.15523147583,2530
25254.15277481079,2492
25255.150079727173,2474
25256.147146224976,2466
25257.145881652832,2482
25258.161544799805,2536
25259.140253067017,2498
25260.13684272766,2570
25261.133909225464,2534
25262.131452560425,2536
25263.128519058228,2524
25264.12606239319,2454
25265.124082565308,2514
25266.120672225952,2508
25267.11893081665,2504
25268.115758895874,2512
25269.112825393677,2502
25270.110607147217,2542
25271.1079120636,2582
25272.10545539856,2576
25273.102521896362,2500
25274.099826812744,2530
25275.097370147705,2510
25276.095867156982,2500
25277.09698677063,2482
25278.095960617065,2490
25279.096364974976,2482
25280.096292495728,2482
25281.099557876587,2448
25282.09614753723,2484
25283.095359802246,2526
25284.07311439514,2518
25285.069942474365,2490
25286.067485809326,2512
25287.065267562866,2482
25288.06209564209,2494
25289.05963897705,2490
25290.056705474854,2490
25291.054010391235,2478
25292.051792144775,2478
25293.048620224,2538
25294.04592514038,2514
25295.04346847534,2554
25296.040534973145,2558
25297.039270401,2534
25298.035621643066,2538
25299.03292655945,2514
25300.03046989441,2486
25301.027297973633,2526
25302.024841308594,2542
25303.021907806396,2502
25304.01921272278,2452
25305.015802383423,2506
25306.01453781128,2542
25307.010889053345,2514
25308.009386062622,2546
25309.006452560425,2570
25310.00328063965,2522
25311.00034713745,2536
25311.99836730957,2524
25312.995195388794,2522
25313.992500305176,2502
25314.989805221558,2506
25315.987586975098,2506
25316.985368728638,2516
25317.98219680786,2586
25318.98021697998,2546
25319.977045059204,2502
25320.973873138428,2578
25321.971654891968,2554
25322.96872138977,2474
25323.965787887573,2462
25324.96428489685,2498
25325.961589813232,2582
25326.958656311035,2518
25327.955961227417,2502
25328.953504562378,2474
25329.9503326416,2526
25330.947637557983,2546
25331.945419311523,2554
25332.942485809326,2536
25333.940029144287,2494
25334.93685722351,2542
25335.93463897705,2494
25336.93265914917,2506
25337.929010391235,2490
25338.927030563354,2484
25339.923620224,2486
25340.92092514038,2510
25341.91846847534,2542
25342.915296554565,2542
25343.912601470947,2550
25344.90990638733,2510
25345.90721130371,2522
25346.90546989441,2486
25347.902297973633,2510
25348.899602890015,2512
25349.912881851196,2502
25350.8939743042,2506
25351.89175605774,2500
25352.888822555542,2514
25353.886127471924,2482
25354.883193969727,2502
25355.880737304688,2510
25356.878995895386,2550
25357.87558555603,2578
25358.872890472412,2478
25359.869718551636,2470
25360.867261886597,2518
25361.864805221558,2534
25362.86187171936,2502
25363.859176635742,2474
25364.856481552124,2474
25365.854024887085,2500
25366.85276031494,2542
25367.849349975586,2538
25368.846654891968,2526
25369.84348297119,2474
25370.84126472473,2504
25371.838569641113,2510
25372.835874557495,2474
25373.83270263672,2510
25374.83525276184,2474
25375.82755088806,2458
25376.82557106018,2488
25377.822399139404,2518
25378.819704055786,2538
25379.81653213501,2550
25380.81407546997,2570
25381.81161880493,2558
25382.808923721313,2558
25383.805751800537,2524
25384.80305671692,2526
25385.80083847046,2548
25386.798858642578,2522
25387.795448303223,2538
25388.792991638184,2526
25389.789819717407,2546
25390.78712463379,2536
25391.78490638733,2552
25392.781972885132,2542
25393.779039382935,2470
25394.776344299316,2422
25395.774126052856,2454
25396.772146224976,2506
25397.76873588562,2506
25398.76651763916,2478
25399.763107299805,2454
25400.760889053345,2510
25401.758432388306,2506
25402.75549888611,2482
25403.75256538391,2506
25404.75082397461,2510
25405.747652053833,2546
25406.745433807373,2544
25407.742500305176,2558
25408.740520477295,2540
25409.73734855652,2550
25410.73489189148,2534
25411.731958389282,2542
25412.729501724243,2568
25413.726806640625,2574
25414.724111557007,2586
25415.72141647339,2538
25416.71895980835,2550
25417.71626472473,2578
25418.741941452026,2490
25419.73876953125,2454
25420.706748962402,2430
25421.703815460205,2494
25422.701120376587,2472
25423.69842529297,2454
25424.69596862793,2426
25425.693035125732,2478
25426.690578460693,2462
25427.687883377075,2448
25428.685188293457,2526
25429.68249320984,2514
25430.67979812622,2474
25431.67734146118,2450
25432.674407958984,2478
25433.671951293945,2520
25434.669256210327,2498
25435.66870689392,2492
25436.665773391724,2490
25437.662839889526,2534
25438.660383224487,2550
25439.65744972229,2550
25440.65499305725,2558
25441.652059555054,2546
25442.649364471436,2504
25443.646907806396,2494
25444.64421272278,2472
25445.64151763916,2480
25446.638822555542,2506
25447.636365890503,2538
25448.633670806885,2516
25449.630737304688,2494
25450.628757476807,2522
25451.62582397461,2554
25452.622890472412,2600
25453.620195388794,2514
25454.617500305176,2508
25455.614805221558,2516
25456.61211013794,2514
25457.60989189148,2518
25458.606958389282,2518
25459.604263305664,2544
25460.601329803467,2518
25461.598873138428,2570
25462.59617805481,2570
25463.59348297119,2526
25464.591026306152,2546
25465.588331222534,2542
25466.586112976074,2550
25467.583179473877,2524
25468.58024597168,2494
25469.577312469482,2504
25470.574617385864,2526
25471.572399139404,2514
25472.569704055786,2470
25473.56677055359,2474
25474.56407546997,2488
25475.56161880493,2522
25476.558923721313,2534
25477.556228637695,2526
25478.553533554077,2522
25479.551076889038,2478
25480.54838180542,2482
25481.545448303223,2478
25482.543230056763,2444
25483.540296554565,2462
25484.537601470947,2458
25485.53490638733,2506
25486.53221130371,2478
25487.529516220093,2480
25488.526821136475,2536
25489.524126052856,2534
25490.52143096924,2492
25491.528034210205,2510
25492.51627922058,2478
25493.513584136963,2486
25494.510889053345,2480
25495.507955551147,2486
25496.50549888611,2506
25497.501611709595,2514
25498.498678207397,2552
25499.4957447052,2520
25500.493049621582,2524
25501.490592956543,2570
25502.487897872925,2582
25503.484964370728,2480
25504.482746124268,2450
25505.47981262207,2494
25506.477117538452,2542
25507.474422454834,2578
25508.471965789795,2514
25509.469032287598,2526
25510.46633720398,2518
25511.46411895752,2548
25512.463808059692,2576
25513.460397720337,2546
25514.45770263672,2484
25515.45476913452,2478
25516.456365585327,2506
25517.449855804443,2520
25518.446922302246,2506
25519.444227218628,2446
25520.44153213501,2472
25521.43883705139,2510
25522.436380386353,2482
25523.433446884155,2494
25524.430990219116,2506
25525.428295135498,2510
25526.4253616333,2502
25527.42290496826,2494
25528.42140197754,2482
25529.44564819336,2490
25530.44819831848,2510
25531.440258026123,2524
25532.437801361084,2578
25533.434867858887,2582
25534.433603286743,2598
25535.42995452881,2582
25536.42749786377,2578
25537.42480278015,2570
25538.421869277954,2554
25539.418697357178,2510
25540.416479110718,2514
25541.414737701416,2518
25542.41156578064,2574
25543.408393859863,2536
25544.406175613403,2534
25545.40252685547,2510
25546.401023864746,2542
25547.39809036255,2608
25548.39539527893,2574
25549.392223358154,2522
25550.390243530273,2516
25551.388263702393,2490
25552.384614944458,2472
25553.38215827942,2426
25554.37970161438,2470
25555.376052856445,2522
25556.373357772827,2570
25557.34372138977,2526
25558.340549468994,2522
25559.36622619629,2582
25560.364723205566,2598
25561.360120773315,2538
25562.357902526855,2490
25563.35473060608,2510
25564.351797103882,2522
25565.349817276,2476
25566.346645355225,2470
25567.344188690186,2486
25568.34125518799,2478
25569.339513778687,2450
25570.33634185791,2422
25571.333169937134,2454
25572.33476638794,2414
25573.328018188477,2412
25574.324369430542,2402
25575.325965881348,2354
25576.319217681885,2354
25577.317476272583,2418
25578.31382751465,2470
25579.31089401245,2486
25580.308198928833,2500
25581.305742263794,2522
25582.30209350586,2578
25583.27293395996,2538
25584.296703338623,2510
25585.296630859375,2546
25586.265802383423,2514
25587.29076385498,2538
25588.290452957153,2526
25590.256214141846,2542
25591.25304222107,2540
25591.25304222107,2520
25592.250108718872,2538
25593.246698379517,2534
25594.2440032959,2512
25595.24154663086,2506
25596.238613128662,2502
25597.23663330078,2546
25598.233461380005,2534
25599.230766296387,2442
25600.22807121277,2454
25601.22537612915,2486
25602.222681045532,2480
25603.220224380493,2430
25604.217529296875,2490
25606.263399124146,2490
25607.237815856934,2502
25608.20746421814,2494
25609.23171043396,2510
25610.22925376892,2522
25611.226797103882,2482
25612.223386764526,2458
25613.22045326233,2426
25614.21823501587,2422
25615.214586257935,2490
25616.212129592896,2506
25617.182970046997,2518
25618.20673942566,2500
25619.2045211792,2514
25620.203495025635,2528
25621.198892593384,2542
25622.19548225403,2504
25623.193740844727,2522
25624.190092086792,2522
25625.190258026123,2514
25626.184463500977,2482
25627.18439102173,2462
25628.186464309692,2544
25629.183292388916,2518
25630.17988204956,2526
25631.178617477417,2506
25632.17043876648,2488
25633.158922195435,2514
25634.164333343506,2536
25635.164260864258,2490
25636.191844940186,2414
25637.158632278442,2404
25638.15426826477,2454
25639.15205001831,2482
25640.149116516113,2488
25641.147136688232,2450
25642.144680023193,2502
25643.147706985474,2520
25644.13857460022,2462
25645.1358795166,2498
25646.106719970703,2506
25647.13144302368,2486
25648.128032684326,2502
25649.126291275024,2442
25650.12288093567,2480
25651.119709014893,2494
25652.08911895752,2486
25653.114557266235,2494
25654.11138534546,2508
25655.10845184326,2506
25656.108856201172,2516
25657.10425376892,2500
25658.100843429565,2514
25659.109354019165,2514
25660.09473800659,2466
25661.093950271606,2488
25662.089586257935,2482
25663.087606430054,2470
25664.084911346436,2494
25665.08150100708,2506
25666.078805923462,2572
25667.08278656006,2550
25668.07460784912,2534
25669.070720672607,2548
25670.068502426147,2554
25671.06533050537,2550
25672.06335067749,2500
25673.060178756714,2482
25674.057245254517,2522
25675.055027008057,2478
25676.053285598755,2502
25677.024126052856,2526
25678.020000457764,2590
25679.0452003479,2572
25680.042505264282,2534
25681.040048599243,2546
25682.03830718994,2538
25683.034420013428,2540
25684.004545211792,2544
25685.001134872437,2542
25685.99820137024,2510
25686.99598312378,2526
25687.99328804016,2544
25688.990831375122,2584
25689.987659454346,2572
25690.985202789307,2552
25691.983222961426,2554
25692.97957420349,2510
25693.976640701294,2546
25694.974184036255,2522
25695.971727371216,2512
25696.969985961914,2526
25697.96657562256,2542
25698.96411895752,2518
25699.961185455322,2514
25700.958490371704,2530
25701.955318450928,2570
25702.953100204468,2550
25703.95016670227,2506
25704.947233200073,2490
25705.945253372192,2474
25706.94327354431,2470
25707.939624786377,2466
25708.937883377075,2466
25709.93423461914,2408
25710.9317779541,2426
25711.928844451904,2422
25712.926387786865,2430
25713.924169540405,2460
25714.92075920105,2450
25715.91830253601,2502
25716.91632270813,2466
25717.912912368774,2450
25718.910694122314,2454
25719.907522201538,2458
25720.905303955078,2484
25721.9021320343,2450
25722.89991378784,2414
25723.896980285645,2446
25724.894285202026,2474
25725.891828536987,2482
25726.889848709106,2474
25727.88643836975,2454
25728.883743286133,2448
25729.881763458252,2422
25730.887174606323,2406
25731.8754196167,2406
25732.87272453308,2424
25733.87050628662,2458
25734.867572784424,2480
25735.864877700806,2514
25736.863374710083,2490
25737.861394882202,2582
25738.85726928711,2598
25739.854097366333,2616
25740.851879119873,2604
25741.849422454834,2578
25742.846250534058,2602
25743.84331703186,2584
25744.841814041138,2544
25745.838403701782,2546
25746.83690071106,2514
25747.833251953125,2538
25748.830556869507,2554
25749.826908111572,2574
25750.82564353943,2582
25751.822471618652,2578
25752.819776535034,2520
25753.817319869995,2502
25754.814863204956,2458
25755.812168121338,2450
25756.80923461914,2486
25757.80701637268,2452
25758.80455970764,2378
25759.801864624023,2422
25760.798692703247,2442
25761.796236038208,2454
25762.79354095459,2470
25763.790607452393,2478
25764.78862762451,2458
25765.785455703735,2494
25766.782760620117,2494
25767.7800655365,2470
25768.77760887146,2520
25769.77491378784,2504
25770.771980285645,2520
25771.769523620605,2506
25772.76659011841,2478
25773.76389503479,2538
25774.76143836975,2522
25775.794506072998,2546
25776.78418159485,2518
25777.78196334839,2502
25778.77902984619,2538
25779.775857925415,2478
25780.773401260376,2526
25781.771659851074,2518
25782.76824951172,2542
25783.76603126526,2538
25784.762859344482,2538
25785.762310028076,2574
25786.757707595825,2618
25787.755012512207,2590
25788.753271102905,2594
25789.74986076355,2596
25790.746688842773,2558
25791.714668273926,2600
25792.71173477173,2546
25793.70880126953,2518
25794.70658302307,2550
25795.703887939453,2518
25796.700954437256,2544
25797.698497772217,2514
25798.6958026886,2518
25799.69310760498,2490
25800.690174102783,2502
25801.687717437744,2458
25802.714109420776,2426
25803.711891174316,2406
25804.7091960907,2458
25805.70650100708,2430
25806.676864624023,2418
25807.703733444214,2498
25808.699369430542,2510
25809.695720672607,2510
25810.69326400757,2478
25811.69104576111,2500
25812.687873840332,2540
25813.685417175293,2516
25814.68963623047,2454
25815.679788589478,2466
25816.649198532104,2506
25817.647695541382,2518
25818.67265701294,2526
25819.669246673584,2538
25820.667266845703,2526
25821.635007858276,2518
25822.6318359375,2582
25823.628902435303,2546
25824.626207351685,2512
25825.623750686646,2478
25826.621055603027,2516
25827.61836051941,2538
25828.645706176758,2518
25829.64324951172,2526
25830.639600753784,2518
25831.637144088745,2524
25832.634449005127,2534
25833.633184432983,2538
25834.62953567505,2522
25835.627555847168,2550
25836.59601211548,2536
25837.62216567993,2534
25838.618516921997,2538
25839.61582183838,2486
25840.61360359192,2522
25841.6109085083,2520
25842.608213424683,2540
25843.605279922485,2516
25844.603300094604,2502
25845.60513496399,2518
25846.570253372192,2608
25847.59473800659,2574
25848.59275817871,2526
25849.589347839355,2526
25850.586652755737,2526
25851.5841960907,2526
25852.58460044861,2498
25853.57928276062,2514
25854.576110839844,2502
25855.573892593384,2506
25856.57048225403,2506
25857.56802558899,2542
25858.566284179688,2598
25859.562873840332,2576
25860.560178756714,2542
25861.557483673096,2510
25862.555265426636,2574
25863.55233192444,2520
25864.5498752594,2512
25865.54718017578,2512
25866.518020629883,2542
25867.541790008545,2594
25868.538856506348,2578
25869.53592300415,2586
25870.535135269165,2598
25871.53196334839,2574
25872.52926826477,2598
25873.497486114502,2576
25874.523878097534,2570
25875.524520874023,2550
25876.518726348877,2554
25877.51603126526,2584
25878.51357460022,2554
25879.510402679443,2550
25880.507469177246,2510
25881.50382041931,2490
25882.501363754272,2554
25883.49962234497,2576
25884.49740409851,2524
25885.501384735107,2506
25886.492013931274,2476
25887.48860359192,2502
25888.48614692688,2544
25889.482736587524,2506
25890.480518341064,2470
25891.478300094604,2506
25892.47465133667,2518
25893.476009368896,2506
25894.472360610962,2486
25895.467281341553,2506
25896.47102355957,2534
25897.46141433716,2500
25898.45871925354,2494
25899.456024169922,2484
25900.45404434204,2514
25901.450872421265,2538
25902.44770050049,2492
25903.44500541687,2482
25904.44302558899,2518
25905.44033050537,2506
25906.437873840332,2528
25907.434940338135,2522
25908.433198928833,2546
25909.42931175232,2574
25910.4266166687,2482
25911.425590515137,2480
25912.421464920044,2490
25913.421869277954,2524
25914.416074752808,2542
25915.41814804077,2518
25916.411638259888,2508
25917.407989501953,2514
25918.405771255493,2546
25919.403791427612,2558
25920.400619506836,2502
25921.397924423218,2490
25922.3952293396,2490
25923.39277267456,2502
25924.389600753784,2506
25925.387620925903,2558
25926.384925842285,2534
25927.38175392151,2522
25928.37882041931,2550
25929.376125335693,2538
25930.40370941162,2558
25931.371212005615,2572
25932.368278503418,2578
25933.36534500122,2518
25934.36312675476,2522
25935.360193252563,2550
25936.358213424683,2510
25937.32762336731,2518
25938.35210800171,2506
25939.350128173828,2556
25940.347909927368,2574
25941.344261169434,2542
25942.342281341553,2534
25943.338871002197,2518
25944.343328475952,2576
25945.3341960907,2510
25946.330785751343,2518
25947.330474853516,2488
25948.330402374268,2538
25949.32246208191,2518
25950.321674346924,2544
25951.31754875183,2550
25952.314615249634,2522
25953.317403793335,2538
25954.310178756714,2558
25955.30676841736,2614
25956.303596496582,2606
25957.274436950684,2574
25958.298921585083,2582
25959.296703338623,2550
25960.293531417847,2542
25961.29059791565,2538
25962.28814125061,2598
25963.292360305786,2576
25964.282751083374,2534
25965.280055999756,2556
25966.27712249756,2554
25967.275142669678,2608
25968.27220916748,2588
25969.269514083862,2538
25970.267057418823,2526
25971.264123916626,2490
25972.261428833008,2526
25973.25873374939,2526
25974.255800247192,2550
25975.261211395264,2534
25977.24938392639,2522
25978.245735168457,2538
25978.245735168457,2578
25980.239629745483,2598
25981.237411499023,2606
25982.234954833984,2622
25983.245849609375,2534
25984.22908782959,2582
25985.22663116455,2538
25986.223936080933,2526
25987.221002578735,2542
25988.218784332275,2542
25989.215850830078,2600
25990.21339416504,2574
25991.21069908142,2542
25992.208003997803,2582
25993.211030960083,2576
25994.202375411987,2556
25995.200872421265,2502
25996.19698524475,2478
25997.194528579712,2526
25998.191595077515,2540
25999.189376831055,2516
26000.187158584595,2514
26001.184940338135,2550
26002.1812915802,2538
26003.17907333374,2538
26004.175662994385,2544
26005.173444747925,2578
26006.170749664307,2550
26007.16805458069,2554
26008.13603401184,2546
26009.162425994873,2514
26010.159969329834,2506
26011.157512664795,2522
26012.154817581177,2546
26013.12279701233,2586
26014.156103134155,2570
26015.14720916748,2546
26016.143798828125,2558
26017.14253425598,2602
26018.138885498047,2540
26019.112586975098,2506
26020.105600357056,2506
26021.10266685486,2516
26022.09997177124,2522
26023.1032371521,2536
26024.122953414917,2534
26025.12001991272,2522
26026.118278503418,2518
26027.116060256958,2544
26028.111696243286,2598
26029.109477996826,2590
26030.107498168945,2598
26031.10408782959,2582
26032.100915908813,2570
26033.10465812683,2520
26034.096240997314,2522
26035.093307495117,2526
26036.09037399292,2582
26037.08815574646,2584
26038.08641433716,2580
26039.053201675415,2610
26040.050268173218,2606
26041.0475730896,2582
26042.04511642456,2578
26043.042421340942,2538
26044.039487838745,2532
26045.036792755127,2522
26046.034336090088,2482
26047.03187942505,2526
26048.02894592285,2538
26049.026489257812,2552
26050.023794174194,2554
26051.020860671997,2542
26052.01816558838,2578
26053.01570892334,2596
26054.043292999268,2578
26055.039644241333,2554
26056.037425994873,2510
26057.034254074097,2534
26058.003902435303,2534
26059.03720855713,2542
26060.0266456604,2574
26061.02752685547,2574
26062.021255493164,2602
26063.018798828125,2558
26064.01562690735,2586
26065.013647079468,2574
26066.01095199585,2558
26066.981554031372,2558
26068.005323410034,2570
26068.973064422607,2558
26069.97036933899,2508
26070.96767425537,2534
26071.964979171753,2548
26072.962045669556,2556
26073.959589004517,2536
26074.9568939209,2518
26075.95419883728,2550
26076.95174217224,2542
26077.949047088623,2586
26078.946113586426,2552
26079.943418502808,2510
26080.94096183777,2518
26081.93826675415,2542
26082.935571670532,2526
26083.933115005493,2538
26084.96332168579,2576
26085.957288742065,2604
26086.955070495605,2610
26087.953567504883,2606
26088.94944190979,2600
26089.94722366333,2610
26090.943813323975,2582
26091.94254875183,2510
26092.938661575317,2552
26093.9359664917,2576
26094.935655593872,2558
26095.930337905884,2578
26096.928119659424,2582
26097.925186157227,2570
26098.923683166504,2588
26099.891901016235,2618
26100.918531417847,2598
26101.914644241333,2616
26102.911710739136,2570
26103.910207748413,2546
26104.90870475769,2550
26105.905532836914,2554
26106.904983520508,2522
26107.8999042511,2550
26108.895778656006,2558
26109.89284515381,2558
26110.892295837402,2586
26111.860275268555,2600
26112.857580184937,2598
26113.855123519897,2606
26114.85266685486,2550
26115.87882041931,2552
26116.875410079956,2578
26117.873668670654,2570
26118.873357772827,2578
26119.871854782104,2588
26120.87059020996,2606
26121.878623962402,2616
26122.86067008972,2604
26123.857498168945,2604
26124.82738494873,2630
26125.88119506836,2582
26126.84965133667,2606
26127.845764160156,2574
26128.87716293335,2550
26129.843711853027,2546
26130.837440490723,2558
26131.834506988525,2586
26132.831811904907,2582
26133.829832077026,2606
26134.82713699341,2610
26135.82444190979,2606
26136.794805526733,2576
26137.818813323975,2582
26138.816833496094,2558
26139.813661575317,2538
26140.815258026123,2550
26141.80850982666,2578
26142.805576324463,2578
26143.802642822266,2598
26144.800186157227,2582
26145.79701423645,2634
26146.795511245728,2622
26147.794246673584,2610
26148.789405822754,2550
26149.786710739136,2582
26150.784015655518,2602
26151.787519454956,2546
26152.77862548828,2526
26153.783798217773,2538
26154.773235321045,2542
26155.771493911743,2522
26156.768798828125,2560
26157.765865325928,2584
26158.769845962524,2556
26159.764051437378,2544
26160.757541656494,2570
26161.754608154297,2572
26162.724256515503,2574
26163.749933242798,2518
26164.71791267395,2514
26165.71545600891,2558
26166.71395301819,2542
26169.31176185608,2582
26169.31176185608,2642
26169.735193252563,2628
26170.73082923889,2582
26171.804904937744,2602
26172.833681106567,2630
26173.83098602295,2610
26174.7989654541,2646
26175.797700881958,2586
26176.822662353516,2594
26177.791357040405,2606
26178.789138793945,2602
26179.78572845459,2622
26180.81259727478,2622
26181.809425354004,2614
26182.807207107544,2630
26183.804750442505,2632
26184.80134010315,2576
26185.802698135376,2522
26186.803102493286,2554
26187.793970108032,2598
26188.791036605835,2554
26189.788579940796,2512
26190.785884857178,2522
26191.78342819214,2542
26192.78073310852,2550
26193.778038024902,2570
26194.774389266968,2522
26195.77193260193,2502
26196.76971435547,2506
26197.76725769043,2510
26198.76456260681,2570
26199.76234436035,2606
26200.76560974121,2536
26201.756477355957,2538
26202.75354385376,2578
26203.75084877014,2618
26204.748392105103,2622
26205.750703811646,2618
26206.742525100708,2634
26207.74006843567,2666
26208.7082862854,2638
26209.705352783203,2572
26210.702419281006,2642
26211.699724197388,2622
26212.69702911377,2608
26213.69433403015,2550
26214.691877365112,2584
26215.688943862915,2610
26216.686487197876,2586
26217.683792114258,2614
26218.68109703064,2630
26219.6786403656,2634
26220.675945281982,2602
26221.673011779785,2598
26222.670316696167,2582
26223.67000579834,2602
26224.666595458984,2574
26225.664138793945,2516
26226.661443710327,2578
26227.65874862671,2574
26228.65629196167,2612
26229.65359687805,2590
26230.650901794434,2578
26231.647968292236,2650
26232.645511627197,2598
26233.64281654358,2550
26234.64012145996,2580
26235.637426376343,2580
26236.634731292725,2578
26237.632274627686,2594
26238.629579544067,2538
26239.625215530396,2546
26240.622520446777,2606
26241.61982536316,2594
26242.61713027954,2602
26243.614196777344,2576
26244.611978530884,2534
26245.609283447266,2590
26246.60634994507,2546
26247.60389328003,2612
26248.60119819641,2618
26249.598503112793,2542
26250.595808029175,2598
26251.593351364136,2598
26252.59041786194,2610
26253.58772277832,2636
26254.58526611328,2640
26255.582571029663,2590
26256.579875946045,2606
26257.576942443848,2554
26258.57448577881,2610
26259.57179069519,2598
26260.569095611572,2556
26261.566400527954,2570
26262.563705444336,2534
26263.561010360718,2574
26264.5583152771,2580
26265.55585861206,2598
26266.562700271606,2574
26267.550468444824,2576
26268.548011779785,2602
26269.545078277588,2574
26270.570516586304,2602
26271.568536758423,2558
26272.565364837646,2522
26273.56266975403,2586
26274.55997467041,2608
26275.55775642395,2590
26276.55553817749,2586
26277.554512023926,2630
26278.550386428833,2622
26279.546976089478,2638
26280.54451942444,2604
26281.541347503662,2570
26282.538414001465,2514
26283.535957336426,2578
26284.533262252808,2544
26285.504579544067,2526
26286.50188446045,2522
26287.52589225769,2534
26288.527250289917,2570
26289.520263671875,2600
26290.518045425415,2588
26291.524171829224,2546
26292.516708374023,2536
26293.510675430298,2542
26294.50750350952,2570
26295.50552368164,2558
26296.475887298584,2538
26297.500133514404,2542
26298.498153686523,2570
26299.494743347168,2598
26300.49180984497,2588
26301.460027694702,2600
26302.457094192505,2600
26303.454399108887,2590
26304.451942443848,2598
26305.44924736023,2558
26306.446313858032,2526
26307.443857192993,2510
26308.441162109375,2502
26309.438467025757,2538
26310.43577194214,2534
26311.43307685852,2584
26312.430381774902,2574
26313.427686691284,2590
26314.42642211914,2586
26315.451622009277,2598
26316.422939300537,2582
26317.419052124023,2554
26318.44401359558,2536
26319.441318511963,2544
26320.438861846924,2570
26321.44284248352,2542
26322.433710098267,2580
26323.43053817749,2542
26324.42831993103,2550
26325.42610168457,2608
26326.430559158325,2614
26327.420234680176,2590
26328.418731689453,2570
26329.414129257202,2570
26330.4123878479,2584
26331.409454345703,2542
26332.37862586975,2578
26333.404302597046,2546
26334.40136909485,2548
26335.39891242981,2576
26336.39621734619,2602
26337.39471435547,2614
26338.390827178955,2638
26339.388608932495,2638
26340.385675430298,2670
26341.38298034668,2624
26342.3810005188,2596
26343.3780670166,2606
26344.375133514404,2546
26345.371961593628,2574
26346.34280204773,2534
26347.338676452637,2538
26348.368883132935,2554
26349.364280700684,2570
26350.359201431274,2610
26351.356983184814,2556
26352.357625961304,2554
26353.35063934326,2550
26354.349374771118,2544
26355.345487594604,2502
26356.343269348145,2488
26357.340812683105,2502
26358.33764076233,2510
26359.334230422974,2582
26361.300706863403,2574
26361.300706863403,2584
26362.327337265015,2598
26363.29483985901,2614
26364.291667938232,2582
26365.288972854614,2554
26366.286516189575,2546
26367.283821105957,2498
26368.28088760376,2538
26369.27819252014,2532
26370.275735855103,2586
26371.273040771484,2578
26372.270345687866,2608
26373.267650604248,2604
26374.26495552063,2622
26375.26226043701,2600
26376.259565353394,2614
26378.254890441895,2602
26378.254890441895,2550
26379.281759262085,2554
26380.279541015625,2552
26381.28161430359,2542
26383.270740509033,2502
26383.270740509033,2548
26384.268045425415,2546
26385.265827178955,2586
26386.262893676758,2590
26387.26043701172,2598
26388.257265090942,2586
26389.254570007324,2586
26390.251636505127,2570
26391.249656677246,2570
26393.24426651001,2580
26393.24426651001,2538
26395.238161087036,2550
26396.239042282104,2582
26397.20630645752,2586
26398.23269844055,2598
26399.227380752563,2574
26400.226593017578,2578
26401.222467422485,2570
26402.219772338867,2574
26403.217792510986,2522
26404.21462059021,2538
26405.211687088013,2550
26406.20994567871,2538
26407.177448272705,2574
26408.219814300537,2578
26409.17205810547,2534
26410.16912460327,2580
26411.166667938232,2582
26412.163734436035,2630
26413.161039352417,2602
26414.1583442688,2544
26415.15588760376,2538
26416.152954101562,2542
26417.150259017944,2570
26418.147563934326,2606
26419.145107269287,2606
26420.14241218567,2582
26421.13947868347,2666
26422.137022018433,2644
26423.134326934814,2678
26424.131631851196,2664
26425.128936767578,2622
26426.12648010254,2614
26427.12378501892,2550
26428.121089935303,2578
26429.118394851685,2518
26430.115699768066,2554
26431.11300468445,2518
26432.11030960083,2510
26433.115243911743,2534
26434.104919433594,2574
26435.102224349976,2590
26436.099767684937,2534
26437.09707260132,2582
26438.0943775177,2538
26440.80638885498,2542
26440.80638885498,2510
26441.15662574768,2520
26442.11196899414,2534
26443.17626953125,2526
26444.21076774597,2558
26445.202589035034,2518
26446.17247581482,2572
26447.19648361206,2596
26448.19736480713,2642
26449.18966293335,2622
26450.194597244263,2602
26451.18498802185,2606
26452.18300819397,2590
26453.18055152893,2630
26454.177141189575,2588
26455.178260803223,2590
26456.172943115234,2610
26457.170724868774,2640
26458.163022994995,2642
26459.163665771484,2638
26460.160970687866,2666
26461.158514022827,2646
26462.15558052063,2636
26463.152647018433,2634
26464.150428771973,2594
26465.147733688354,2578
26466.145038604736,2550
26467.146396636963,2582
26468.1396484375,2546
26469.136953353882,2514
26470.139741897583,2576
26471.152305603027,2572
26472.15175628662,2638
26473.151922225952,2598
26474.152088165283,2542
26475.120782852173,2520
26476.118087768555,2542
26477.11706161499,2556
26478.111505508423,2582
26479.109525680542,2582
26480.111598968506,2616
26481.104135513306,2624
26482.109785079956,2606
26483.13021659851,2602
26484.103202819824,2638
26485.103607177734,2640
26486.091136932373,2598
26487.08963394165,2578
26488.08765411377,2556
26489.081859588623,2550
26490.079402923584,2596
26491.077184677124,2598
26492.074012756348,2526
26493.077039718628,2554
26494.06886100769,2598
26495.071411132812,2598
26496.063947677612,2598
26497.062921524048,2646
26498.064279556274,2598
26499.0553855896,2510
26500.02670288086,2538
26501.05094909668,2540
26502.047300338745,2538
26503.045797348022,2580
26504.042387008667,2526
26505.040407180786,2534
26506.03699684143,2570
26507.03716278076,2582
26508.037567138672,2630
26509.03034210205,2578
26510.027170181274,2554
26511.024475097656,2590
26512.02130317688,2570
26513.01860809326,2550
26514.015913009644,2542
26515.013217926025,2586
26516.010284423828,2598
26516.98088645935,2556
26518.00513267517,2554
26519.004583358765,2556
26520.005226135254,2576
26520.99919319153,2554
26521.99673652649,2598
26523.001432418823,2558
26523.991346359253,2534
26524.9605178833,2526
26525.985717773438,2544
26526.986122131348,2612
26527.9803276062,2618
26528.977632522583,2574
26529.975652694702,2614
26530.973196029663,2686
26531.96907043457,2654
26532.966136932373,2634
26533.96773338318,2666
26534.960746765137,2636
26535.959243774414,2546
26536.956787109375,2528
26537.952661514282,2582
26538.949728012085,2622
26539.947509765625,2578
26540.944814682007,2598
26541.94211959839,2614
26542.93966293335,2602
26543.93696784973,2630
26544.934034347534,2634
26545.931577682495,2606
26546.900749206543,2548
26547.92547225952,2590
26548.92325401306,2582
26549.9050617218,2602
26550.88973045349,2534
26551.89037322998,2606
26552.9146194458,2642
26553.882598876953,2622
26554.880142211914,2618
26555.90796470642,2610
26556.90622329712,2674
26557.9035282135,2676
26558.90417098999,2614
26559.897899627686,2570
26560.893535614014,2582
26561.890840530396,2618
26562.886714935303,2622
26563.885927200317,2610
26564.881563186646,2600
26565.879106521606,2642
26566.87641143799,2574
26567.874670028687,2600
26568.87912750244,2580
26569.87166404724,2586
26570.866107940674,2620
26571.863174438477,2582
26572.86024093628,2554
26573.85778427124,2570
26574.857711791992,2570
26575.873613357544,2590
26576.855659484863,2602
26577.83269882202,2570
26578.875303268433,2614
26579.84209060669,2610
26580.839157104492,2620
26581.836700439453,2636
26582.834005355835,2598
26583.831310272217,2598
26584.82813835144,2598
26585.8256816864,2550
26586.822986602783,2586
26587.827444076538,2630
26588.818073272705,2666
26589.815616607666,2622
26590.81196784973,2574
26591.80998802185,2598
26592.807054519653,2598
26593.805074691772,2602
26594.808101654053,2598
26595.80135345459,2602
26596.796989440918,2570
26597.79405593872,2570
26598.798751831055,2638
26599.819660186768,2636
26600.786447525024,2618
26601.783752441406,2630
26602.78034210205,2650
26603.777647018433,2674
26604.77638244629,2662
26605.772018432617,2652
26606.743335723877,2646
26607.767343521118,2666
26608.73532295227,2622
26609.732389450073,2614
26610.729455947876,2630
26611.726999282837,2650
26612.72430419922,2654
26613.72137069702,2662
26614.718914031982,2630
26615.716218948364,2600
26616.715669631958,2634
26617.711544036865,2618
26618.70837211609,2634
26619.70543861389,2582
26620.702743530273,2542
26621.700286865234,2570
26622.697591781616,2550
26623.694896697998,2584
26624.693632125854,2596
26625.6902217865,2614
26626.6872882843,2570
26627.684116363525,2598
26628.681659698486,2606
26629.678964614868,2610
26630.67626953125,2614
26631.673574447632,2598
26632.670879364014,2598
26633.673667907715,2576
26634.665727615356,2602
26635.66303253174,2622
26636.66033744812,2682
26637.657642364502,2676
26638.654947280884,2636
26639.655828475952,2668
26640.65194129944,2638
26641.64924621582,2622
26642.646551132202,2638
26643.644094467163,2612
26644.641399383545,2586
26645.63822746277,2574
26646.63553237915,2538
26647.632837295532,2602
26648.630142211914,2618
26649.627208709717,2590
26650.6245136261,2582
26651.62181854248,2582
26652.619123458862,2608
26653.616428375244,2614
26654.61301803589,2614
26655.61008453369,2556
26656.638383865356,2570
26657.634019851685,2552
26658.631324768066,2554
26659.607648849487,2598
26660.60733795166,2624
26661.59462928772,2636
26662.5919342041,2662
26663.589239120483,2640
26664.586544036865,2638
26665.584325790405,2618
26666.582345962524,2624
26667.579174041748,2640
26668.57647895813,2608
26669.573307037354,2602
26670.57991027832,2630
26671.568155288696,2640
26672.56498336792,2630
26673.5622882843,2638
26674.559593200684,2642
26675.557136535645,2634
26676.555395126343,2646
26677.552223205566,2638
26678.54928970337,2638
26679.546117782593,2596
26680.543899536133,2614
26681.540727615356,2614
26682.53803253174,2618
26683.53533744812,2602
26684.53288078308,2634
26685.530424118042,2686
26686.527252197266,2664
26687.525510787964,2666
26688.522815704346,2654
26689.51964378357,2638
26690.51718711853,2630
26691.51759147644,2618
26692.511558532715,2614
26693.508863449097,2650
26694.506406784058,2618
26695.50371170044,2586
26696.50173187256,2674
26697.49879837036,2706
26698.52304458618,2710
26699.5210647583,2646
26700.522661209106,2638
26701.515436172485,2630
26702.48579978943,2618
26703.482627868652,2620
26704.480171203613,2618
26705.478191375732,2588
26706.475973129272,2590
26707.50069618225,2642
26708.49847793579,2646
26709.495067596436,2638
26710.49213409424,2622
26711.4896774292,2662
26712.48722076416,2630
26713.484287261963,2602
26714.481830596924,2602
26715.479373931885,2602
26716.47596359253,2612
26717.47350692749,2578
26718.47128868103,2600
26719.46907043457,2590
26720.465660095215,2638
26721.463203430176,2638
26722.460746765137,2622
26723.458290100098,2642
26724.45583343506,2642
26725.452661514282,2614
26726.423263549805,2586
26727.447986602783,2538
26728.444814682007,2576
26729.44211959839,2574
26730.441570281982,2502
26731.43744468689,2550
26732.41400718689,2578
26733.431816101074,2630
26734.400510787964,2614
26735.397815704346,2554
26736.39488220215,2544
26737.39218711853,2546
26738.389492034912,2514
26739.387273788452,2582
26740.38529396057,2586
26741.382122039795,2542
26742.380142211914,2542
26743.37673187256,2598
26744.3745136261,2598
26745.3715801239,2618
26746.36960029602,2638
26747.366666793823,2680
26748.363494873047,2758
26749.36056137085,2650
26750.35810470581,2634
26751.355171203613,2642
26752.35414505005,2634
26753.350257873535,2614
26754.347562789917,2638
26755.3448677063,2678
26756.34217262268,2706
26758.337020874023,2702
26758.337020874023,2734
26759.335041046143,2706
26760.331392288208,2662
26761.32869720459,2676
26762.32600212097,2654
26763.32402229309,2682
26764.320135116577,2666
26765.318155288696,2634
26766.316413879395,2622
26767.313480377197,2634
26768.31007003784,2630
26769.307374954224,2706
26770.304918289185,2702
26771.302461624146,2670
26772.299766540527,2622
26773.297548294067,2630
26774.29461479187,2640
26775.291442871094,2632
26776.288747787476,2598
26777.287483215332,2586
26778.283834457397,2586
26779.28113937378,2610
26780.27844429016,2650
26781.275510787964,2632
26783.273220062256,2586
26783.273220062256,2630
26784.267902374268,2634
26785.26473045349,2578
26787.259817123413,2524
26787.259817123413,2582
26788.256645202637,2642
26789.25395011902,2602
26790.251970291138,2542
26792.24681854248,2578
26792.24681854248,2588
26794.24214363098,2622
26795.239210128784,2602
26796.236038208008,2586
26797.232389450073,2632
26798.229217529297,2606
26799.22890663147,2642
26800.22621154785,2610
26801.223039627075,2614
26802.220106124878,2558
26803.217887878418,2610
26804.21495437622,2614
26805.21249771118,2604
26806.21027946472,2630
26807.207345962524,2684
26808.205366134644,2642
26809.20147895813,2608
26810.197591781616,2610
26811.225414276123,2556
26812.222242355347,2616
26813.219785690308,2580
26814.21685218811,2586
26815.214157104492,2574
26816.211938858032,2570
26817.209482192993,2614
26818.206787109375,2552
26819.20337677002,2636
26820.20115852356,2610
26821.20156288147,2620
26822.195291519165,2574
26823.19927215576,2610
26824.190139770508,2600
26825.15859603882,2582
26826.156616210938,2546
26827.18300819397,2558
26828.1512260437,2598
26829.147815704346,2634
26830.145835876465,2670
26831.14242553711,2646
26832.14020729065,2630
26833.13822746277,2642
26834.163904190063,2610
26835.160732269287,2606
26836.130142211914,2622
26837.15534210205,2630
26838.15336227417,2594
26839.148998260498,2610
26840.157747268677,2610
26841.146230697632,2598
26842.142343521118,2616
26843.13941001892,2678
26844.13719177246,2678
26845.134496688843,2650
26846.104383468628,2630
26847.12862968445,2634
26848.126649856567,2608
26849.12347793579,2632
26850.09264945984,2634
26851.117849349976,2608
26852.115631103516,2606
26853.118896484375,2598
26854.1100025177,2614
26855.107307434082,2652
26856.076955795288,2670
26857.074737548828,2616
26858.075618743896,2638
26859.068155288696,2618
26860.0652217865,2602
26861.06300354004,2622
26862.06030845642,2612
26863.057851791382,2604
26864.054918289185,2574
26865.052223205566,2576
26866.050243377686,2602
26867.048263549805,2672
26868.04485321045,2642
26869.041442871094,2610
26870.038509368896,2602
26871.036529541016,2632
26872.061252593994,2648
26873.058080673218,2602
26874.05490875244,2602
26875.059127807617,2606
26876.0507106781,2630
26877.04825401306,2608
26878.044843673706,2614
26879.042387008667,2638
26880.039930343628,2678
26881.041288375854,2674
26882.041454315186,2614
26883.031368255615,2614
26884.028434753418,2618
26885.0257396698,2682
26886.024713516235,2650
26886.99460029602,2644
26887.991428375244,2624
26889.01662826538,2634
26890.01441001892,2674
26891.011476516724,2654
26892.008304595947,2666
26893.00560951233,2610
26893.97406578064,2644
26895.00069618225,2634
26895.998239517212,2582
26897.001266479492,2614
26897.993564605713,2618
26898.990869522095,2622
26899.95837211609,2616
26900.9850025177,2640
26901.982307434082,2698
26902.979373931885,2670
26903.94639968872,2642
26904.943466186523,2614
26905.940532684326,2614
26906.938314437866,2586
26907.936096191406,2600
26908.93292427063,2614
26909.93022918701,2672
26910.927534103394,2662
26911.924839019775,2650
26912.922382354736,2666
26913.91921043396,2644
26914.9169921875,2638
26915.914058685303,2650
26916.911602020264,2672
26917.91009902954,2616
26918.90597343445,2582
26919.90828514099,2674
26920.900583267212,2596
26921.897888183594,2598
26922.895193099976,2598
26923.89225959778,2578
26924.890279769897,2590
26925.8873462677,2664
26926.884651184082,2662
26927.881956100464,2638
26928.879261016846,2584
26929.876565933228,2632
26930.87363243103,2606
26931.87141418457,2598
26932.868480682373,2608
26933.86673927307,2610
26934.864044189453,2642
26935.860872268677,2630
26936.859369277954,2650
26937.856674194336,2648
26938.85350227356,2662
26939.850330352783,2696
26940.848112106323,2648
26941.844940185547,2630
26942.843198776245,2614
26943.83955001831,2582
26944.836854934692,2554
26945.834398269653,2550
26946.832180023193,2546
26947.829484939575,2584
26948.829174041748,2586
26949.84197616577,2598
26950.833559036255,2588
26951.820373535156,2630
26952.81744003296,2622
26953.815460205078,2610
26954.8122882843,2550
26955.81030845642,2558
26956.807613372803,2606
26957.804679870605,2630
26958.803176879883,2630
26959.79928970337,2602
26960.79659461975,2620
26961.793661117554,2618
26962.790966033936,2618
26963.788747787476,2606
26964.7855758667,2614
26965.78311920166,2598
26966.79186820984,2620
26967.779397964478,2570
26968.775510787964,2578
26969.77210044861,2584
26970.76964378357,2618
26971.76694869995,2646
26972.764015197754,2634
26973.761558532715,2590
26974.76053237915,2594
26975.756645202637,2666
26976.75395011902,2664
26977.751970291138,2614
26978.748559951782,2576
26979.745149612427,2618
26980.778694152832,2638
26981.76908493042,2598
26982.765913009644,2580
26983.763694763184,2578
26984.76266860962,2622
26985.758066177368,2602
26986.75584793091,2586
26987.725257873535,2588
26988.75141143799,2614
26989.747762680054,2620
26990.744829177856,2558
26991.726875305176,2586
26992.73991584778,2582
26993.739128112793,2636
26994.734525680542,2616
26995.73302268982,2614
26996.728897094727,2616
26997.726917266846,2662
26998.724937438965,2678
26999.720811843872,2638
27000.71907043457,2634
27001.715898513794,2586
27002.72011756897,2608
27003.71026992798,2506
27004.707098007202,2522
27005.7053565979,2550
27006.706476211548,2586
27007.699728012085,2582
27008.697509765625,2586
27009.69433784485,2618
27010.663986206055,2610
27011.658430099487,2618
27012.68768310547,2622
27013.68284225464,2586
27014.67990875244,2544
27015.676975250244,2554
27016.64638519287,2586
27017.67349243164,2580
27018.669843673706,2578
27019.66619491577,2618
27020.66397666931,2586
27021.661043167114,2644
27022.658586502075,2638
27023.656606674194,2642
27024.653911590576,2620
27025.623083114624,2602
27026.620388031006,2634
27027.61745452881,2646
27028.61499786377,2614
27029.612064361572,2614
27030.609846115112,2622
27031.607627868652,2666
27032.603979110718,2646
27033.6012840271,2638
27034.59906578064,2666
27035.59708595276,2682
27036.593914031982,2704
27037.591218948364,2686
27038.588047027588,2674
27039.58559036255,2622
27040.58337211609,2638
27041.58067703247,2630
27042.577505111694,2644
27043.575048446655,2622
27044.57187652588,2622
27045.56965827942,2584
27046.567678451538,2636
27047.56498336792,2638
27048.562049865723,2634
27049.558639526367,2606
27050.556182861328,2602
27051.55372619629,2602
27052.55079269409,2598
27053.548574447632,2614
27054.545402526855,2618
27055.542945861816,2588
27056.541681289673,2614
27057.54017829895,2638
27058.54606628418,2646
27059.532403945923,2622
27060.529470443726,2634
27061.526775360107,2602
27062.52408027649,2624
27063.52162361145,2534
27064.518213272095,2538
27065.515756607056,2526
27066.51473045349,2552
27067.511081695557,2604
27068.50814819336,2554
27069.5059299469,2598
27070.502996444702,2600
27071.499824523926,2614
27072.497606277466,2666
27073.49467277527,2646
27074.49173927307,2582
27075.487852096558,2600
27076.48754119873,2622
27077.484369277954,2642
27078.481912612915,2646
27079.478979110718,2638
27080.4762840271,2640
27081.473112106323,2620
27082.470178604126,2650
27083.467960357666,2634
27084.465265274048,2628
27085.46257019043,2606
27086.46059036255,2614
27087.485551834106,2640
27088.4530544281,2612
27089.481115341187,2642
27090.476989746094,2642
27091.481685638428,2650
27092.47136116028,2654
27093.46842765808,2702
27094.467163085938,2618
27095.464944839478,2646
27096.463203430176,2666
27097.45979309082,2706
27098.457098007202,2696
27099.453687667847,2640
27100.45838356018,2624
27101.449012756348,2676
27102.44584083557,2746
27103.44409942627,2734
27104.440450668335,2654
27105.441570281982,2646
27106.436014175415,2704
27107.434511184692,2748
27108.403205871582,2808
27109.42769050598,2702
27110.426664352417,2636
27111.393690109253,2638
27112.391710281372,2662
27113.38782310486,2640
27114.386081695557,2600
27115.382194519043,2602
27116.42098426819,2668
27117.406845092773,2682
27118.404150009155,2670
27119.402170181274,2630
27120.39875984192,2622
27121.395349502563,2666
27122.392177581787,2648
27123.389959335327,2586
27124.387502670288,2610
27125.385999679565,2614
27126.38282775879,2642
27127.37989425659,2648
27128.377199172974,2684
27129.373788833618,2648
27130.37133216858,2656
27131.3693523407,2674
27132.3664188385,2674
27134.351015090942,2650
27134.351015090942,2636
27135.327339172363,2580
27136.324644088745,2546
27137.322187423706,2520
27138.319492340088,2622
27139.31655883789,2646
27140.313863754272,2606
27141.311407089233,2602
27142.308712005615,2574
27143.305778503418,2606
27144.30284500122,2618
27145.30062675476,2594
27146.29817008972,2526
27147.295236587524,2570
27148.292779922485,2642
27149.290561676025,2600
27150.287628173828,2544
27151.28517150879,2560
27152.28223800659,2616
27153.279542922974,2702
27154.277086257935,2630
27155.274391174316,2578
27156.272172927856,2604
27158.27965736389,2652
27158.27965736389,2646
27159.263849258423,2610
27160.261154174805,2582
27161.258220672607,2604
27162.25576400757,2636
27163.25306892395,2682
27165.248155593872,2700
27166.24617576599,2646
27167.242527008057,2638
27168.240308761597,2648
27169.23713684082,2664
27170.234203338623,2668
27171.231508255005,2634
27172.229051589966,2636
27173.226594924927,2672
27174.22366142273,2666
27175.22144317627,2670
27176.21874809265,2674
27177.21652984619,2682
27178.213834762573,2718
27179.210662841797,2702
27180.2077293396,2666
27181.20813369751,2700
27182.204484939575,2738
27183.202981948853,2672
27184.199333190918,2672
27185.19639968872,2638
27186.193466186523,2666
27187.19172477722,2664
27188.189029693604,2650
27189.185619354248,2678
27190.18292427063,2710
27191.18070602417,2706
27192.177772521973,2654
27193.174600601196,2614
27194.172143936157,2624
27195.169687271118,2622
27196.16746902466,2634
27197.16477394104,2622
27198.16255569458,2600
27199.159145355225,2642
27200.157165527344,2678
27201.153993606567,2674
27202.15106010437,2634
27203.148365020752,2654
27204.145908355713,2680
27205.142498016357,2702
27206.140756607056,2654
27207.138061523438,2622
27208.155393600464,2646
27209.13290977478,2654
27210.129499435425,2618
27211.127519607544,2622
27212.12387084961,2632
27213.12189102173,2674
27214.11943435669,2686
27215.116262435913,2706
27216.113805770874,2666
27217.10991859436,2608
27218.106508255005,2646
27219.106197357178,2648
27220.1030254364,2622
27221.100568771362,2628
27222.097396850586,2554
27223.095178604126,2642
27224.09224510193,2702
27225.09002685547,2654
27226.08733177185,2646
27227.084636688232,2676
27228.081703186035,2680
27229.078769683838,2706
27230.0763130188,2666
27231.07409477234,2648
27232.070684432983,2646
27233.07228088379,2646
27234.065532684326,2642
27235.063076019287,2602
27236.05990409851,2638
27237.058401107788,2710
27238.05522918701,2674
27239.052295684814,2638
27240.049839019775,2680
27241.047143936157,2640
27242.04421043396,2598
27243.042707443237,2610
27244.03953552246,2602
27245.036602020264,2602
27246.033906936646,2622
27247.03335762024,2614
27248.027324676514,2578
27249.02629852295,2634
27250.022649765015,2654
27251.020908355713,2654
27252.017736434937,2660
27253.01504135132,2630
27254.01258468628,2664
27255.01036643982,2626
27256.007432937622,2634
27257.004976272583,2584
27257.999897003174,2614
27259.027242660522,2596
27260.023832321167,2650
27261.021614074707,2662
27262.019157409668,2650
27263.015747070312,2664
27264.012575149536,2636
27265.010595321655,2618
27266.008853912354,2610
27266.97587966919,2630
27268.03469657898,2618
27268.999576568604,2606
27269.99831199646,2630
27270.994663238525,2648
27271.991968154907,2656
27272.964000701904,2638
27273.958444595337,2638
27274.95574951172,2664
27275.95329284668,2698
27276.951789855957,2642
27277.948141098022,2646
27278.945207595825,2674
27279.942750930786,2638
27280.93981742859,2608
27281.93688392639,2594
27282.93466567993,2622
27283.931970596313,2666
27284.929275512695,2670
27285.927057266235,2666
27286.924362182617,2710
27287.92452812195,2718
27288.91944885254,2650
27289.915800094604,2586
27290.913105010986,2606
27291.910409927368,2636
27292.90723800659,2662
27293.905019760132,2574
27294.902801513672,2616
27295.900583267212,2638
27296.897649765015,2674
27297.895669937134,2698
27298.892736434937,2670
27299.890279769897,2642
27300.886869430542,2680
27301.884412765503,2678
27302.881956100464,2622
27303.879261016846,2612
27304.877042770386,2590
27305.87363243103,2642
27306.87117576599,2614
27307.868480682373,2650
27308.866024017334,2710
27309.863567352295,2734
27310.860872268677,2718
27311.8577003479,2714
27312.85548210144,2682
27313.852548599243,2642
27314.849376678467,2674
27315.848350524902,2638
27316.844940185547,2634
27317.84224510193,2598
27318.843126296997,2638
27319.8344707489,2638
27320.842027664185,2614
27321.830987930298,2642
27322.82829284668,2618
27323.839902877808,2670
27324.823141098022,2654
27325.820446014404,2614
27326.817989349365,2584
27327.815771102905,2630
27328.81188392639,2618
27329.809188842773,2598
27330.835103988647,2582
27331.80332183838,2590
27332.82971382141,2666
27333.799839019775,2672
27334.79404449463,2678
27335.790872573853,2674
27336.787939071655,2642
27337.785720825195,2636
27338.782787322998,2642
27339.78009223938,2606
27340.77763557434,2618
27341.774940490723,2638
27342.802047729492,2662
27343.804359436035,2630
27344.796895980835,2622
27345.794200897217,2712
27346.79079055786,2712
27347.761154174805,2686
27348.785400390625,2654
27349.783182144165,2666
27350.75283050537,2646
27351.749420166016,2646
27352.746725082397,2634
27353.74426841736,2642
27354.74181175232,2650
27355.7391166687,2654
27356.736660003662,2662
27357.734203338623,2706
27358.731031417847,2708
27359.72809791565,2648
27360.72587966919,2646
27361.722707748413,2642
27362.720012664795,2598
27363.717555999756,2630
27364.714860916138,2654
27365.71192741394,2618
27366.710662841797,2618
27367.7077293396,2640
27368.704319000244,2678
27369.701623916626,2682
27370.699167251587,2684
27371.69623374939,2662
27372.69353866577,2670
27373.690605163574,2646
27374.688148498535,2622
27375.686407089233,2634
27376.683712005615,2654
27377.681255340576,2638
27378.67832183838,2650
27379.674911499023,2646
27380.671977996826,2702
27381.69836997986,2712
27382.69591331482,2686
27383.69369506836,2646
27384.663581848145,2650
27385.688543319702,2596
27386.686086654663,2622
27387.682914733887,2622
27388.68021965027,2614
27389.64796066284,2610
27390.645265579224,2642
27391.643285751343,2622
27392.669677734375,2618
27393.667221069336,2650
27394.66428756714,2666
27395.663499832153,2706
27396.658658981323,2682
27397.656440734863,2648
27398.65469932556,2618
27399.651050567627,2610
27400.648832321167,2650
27401.64566040039,2666
27402.613401412964,2666
27403.61189842224,2678
27404.64186668396,2664
27405.642986297607,2714
27406.638622283936,2716
27407.633543014526,2696
27408.627033233643,2644
27409.624338150024,2644
27410.621166229248,2642
27411.619186401367,2624
27412.58692741394,2662
27413.585662841797,2686
27414.582014083862,2684
27415.579795837402,2638
27416.576623916626,2660
27417.574405670166,2702
27418.571710586548,2678
27419.56877708435,2724
27420.566082000732,2706
27421.563386917114,2698
27422.55997657776,2614
27423.588037490845,2678
27424.585342407227,2678
27425.58193206787,2642
27426.579236984253,2670
27427.5484085083,2638
27428.544759750366,2670
27429.575443267822,2644
27430.56893348694,2722
27431.565761566162,2698
27432.563066482544,2638
27433.560371398926,2634
27434.557676315308,2610
27435.55498123169,2638
27436.525344848633,2654
27437.52145767212,2630
27438.547611236572,2640
27439.543962478638,2648
27440.5415058136,2624
27441.513061523438,2642
27442.53706932068,2654
27443.533420562744,2654
27444.501876831055,2634
27445.498943328857,2574
27446.497201919556,2610
27447.494745254517,2610
27448.491096496582,2574
27449.488401412964,2582
27450.485706329346,2598
27451.48277282715,2610
27452.48007774353,2622
27453.477144241333,2610
27454.475164413452,2654
27455.500602722168,2638
27456.49814605713,2650
27457.49521255493,2622
27458.492040634155,2650
27459.49101448059,2616
27460.48617362976,2618
27461.483001708984,2666
27462.480306625366,2670
27463.47737312317,2614
27464.475631713867,2576
27465.47269821167,2614
27466.441869735718,2654
27467.467546463013,2710
27468.464136123657,2672
27469.462394714355,2670
27470.45874595642,2606
27471.457481384277,2638
27472.453832626343,2646
27473.451375961304,2594
27475.41856765747,2646
27475.41856765747,2638
27476.41658782959,2638
27477.44107246399,2666
27478.438138961792,2674
27479.435205459595,2696
27480.456829071045,2680
27481.431007385254,2674
27482.427835464478,2660
27483.426332473755,2680
27484.423398971558,2642
27485.42094230652,2666
27486.4182472229,2672
27487.388610839844,2704
27488.412857055664,2698
27489.410161972046,2640
27490.408182144165,2702
27491.404056549072,2706
27492.401838302612,2714
27493.398904800415,2672
27494.395971298218,2636
27495.39351463318,2616
27496.36435508728,2634
27497.38883972168,2698
27498.385667800903,2706
27499.383687973022,2714
27500.38194656372,2666
27501.37758255005,2702
27502.37488746643,2686
27503.37290763855,2654
27504.372596740723,2674
27505.367040634155,2654
27507.500410079956,2618
27507.500410079956,2598
27508.838176727295,2646
27509.868144989014,2662
27510.935068130493,2662
27511.964082717896,2646
27512.933254241943,2642
27513.957977294922,2630
27514.955759048462,2642
27515.953063964844,2666
27516.950845718384,2702
27517.947673797607,2644
27518.91803741455,2604
27519.947290420532,2646
27520.939826965332,2650
27521.92258834839,2650
27522.907257080078,2634
27523.93674850464,2670
27524.89995956421,2664
27525.906085968018,2650
27526.896715164185,2662
27527.894020080566,2702
27528.890132904053,2682
27529.888153076172,2556
27530.88641166687,2654
27531.882286071777,2622
27532.880306243896,2614
27533.87713432312,2580
27534.894227981567,2634
27535.87245941162,2634
27536.87024116516,2606
27537.866592407227,2608
27538.864374160767,2654
27539.86096382141,2678
27540.858268737793,2680
27541.855335235596,2618
27542.853116989136,2606
27543.850898742676,2622
27544.84724998474,2586
27545.845985412598,2606
27546.842336654663,2638
27547.84059524536,2650
27548.840761184692,2646
27549.834728240967,2610
27550.83203315735,2590
27551.856994628906,2646
27552.827835083008,2656
27553.824186325073,2654
27554.835557937622,2614
27555.818557739258,2574
27556.81586265564,2604
27557.81388282776,2630
27558.81142616272,2618
27559.807777404785,2636
27560.805559158325,2618
27561.803579330444,2638
27562.80016899109,2618
27563.798189163208,2674
27564.79525566101,2682
27565.79303741455,2702
27566.790342330933,2622
27567.787408828735,2662
27568.784952163696,2618
27569.7820186615,2640
27570.77932357788,2672
27571.77686691284,2678
27572.773933410645,2722
27573.770761489868,2710
27574.784755706787,2704
27575.766801834106,2656
27576.76410675049,2670
27577.76165008545,2646
27578.755617141724,2642
27579.75435256958,2648
27580.780267715454,2608
27581.77661895752,2654
27582.77463912964,2614
27583.744525909424,2610
27584.76972579956,2622
27585.766315460205,2638
27586.764812469482,2648
27587.761402130127,2642
27588.75846862793,2704
27589.755296707153,2702
27590.753078460693,2682
27591.750144958496,2634
27592.748165130615,2606
27593.751907348633,2608
27594.74229812622,2654
27595.739364624023,2602
27596.736669540405,2634
27597.734212875366,2664
27598.732948303223,2618
27599.72882270813,2636
27600.728034973145,2614
27601.723670959473,2582
27602.720737457275,2586
27603.718280792236,2620
27604.716062545776,2590
27605.71265220642,2598
27606.71091079712,2638
27607.70869255066,2654
27608.705520629883,2650
27609.707832336426,2646
27610.69965362549,2650
27611.69672012329,2674
27612.694263458252,2670
27613.691568374634,2676
27614.688634872437,2650
27615.68522453308,2618
27616.655588150024,2584
27617.680549621582,2584
27618.677616119385,2602
27619.67372894287,2622
27620.67222595215,2670
27621.669054031372,2634
27622.66707420349,2706
27623.664379119873,2680
27624.661922454834,2704
27625.6582736969,2714
27626.62935256958,2682
27627.652883529663,2682
27628.650426864624,2666
27629.647493362427,2670
27630.64479827881,2702
27631.643295288086,2702
27632.63964653015,2712
27633.636951446533,2686
27634.634494781494,2642
27635.631799697876,2698
27636.63101196289,2744
27637.625694274902,2730
27638.623237609863,2706
27639.621019363403,2674
27640.618324279785,2714
27641.602993011475,2700
27642.61555671692,2686
27643.611192703247,2662
27644.607305526733,2666
27645.605087280273,2710
27646.60406112671,2662
27647.600650787354,2670
27648.59676361084,2650
27649.5943069458,2622
27650.593280792236,2602
27651.5953540802,2574
27652.58765220642,2510
27653.59091758728,2500
27654.58345413208,2454
27655.579566955566,2458
27656.577110290527,2494
27657.57465362549,2506
27658.57172012329,2494
27659.568786621094,2506
27660.565614700317,2518
27661.571502685547,2550
27662.56093978882,2538
27663.5582447052,2574
27664.55626487732,2578
27665.552616119385,2642
27666.521310806274,2682
27667.547702789307,2680
27668.54476928711,2714
27669.543743133545,2734
27670.539379119873,2782
27671.537160873413,2746
27672.533988952637,2758
27673.53129386902,2770
27674.529790878296,2790
27675.49705505371,2766
27676.525354385376,2768
27677.51955986023,2774
27678.51686477661,2766
27679.514408111572,2768
27680.511236190796,2770
27681.509017944336,2758
27682.50608444214,2716
27683.5036277771,2718
27684.50117111206,2738
27685.497999191284,2718
27686.469316482544,2716
27687.493324279785,2672
27688.493967056274,2706
27689.48745727539,2672
27690.484762191772,2680
27691.457509994507,2730
27692.479610443115,2744
27693.477153778076,2726
27694.474697113037,2700
27695.47128677368,2674
27696.471452713013,2686
27697.4675655365,2670
27698.46510887146,2664
27699.462890625,2642
27700.459957122803,2654
27701.456546783447,2642
27702.454328536987,2640
27703.45139503479,2650
27704.44917678833,2608
27705.446243286133,2656
27706.443786621094,2666
27707.441329956055,2670
27708.438873291016,2666
27709.43570137024,2650
27710.43348312378,2646
27711.430311203003,2634
27712.427616119385,2554
27713.425159454346,2538
27714.427709579468,2538
27715.420484542847,2548
27716.41707420349,2618
27717.414379119873,2630
27718.412160873413,2602
27719.40851211548,2586
27720.40605545044,2610
27721.40336036682,2638
27722.40161895752,2610
27723.398685455322,2598
27724.395513534546,2596
27725.394010543823,2616
27726.390838623047,2610
27727.360486984253,2634
27728.38521003723,2642
27729.382276535034,2640
27730.380296707153,2640
27731.37664794922,2718
27732.374668121338,2666
27733.372449874878,2678
27734.3692779541,2654
27735.366821289062,2646
27736.363410949707,2654
27737.36071586609,2624
27738.35802078247,2652
27739.35580253601,2674
27740.352630615234,2686
27741.361379623413,2714
27742.347717285156,2738
27743.34478378296,2714
27744.34185028076,2722
27745.339393615723,2738
27746.336698532104,2714
27747.307300567627,2730
27748.331308364868,2730
27749.335050582886,2714
27750.32687187195,2698
27751.32393836975,2714
27752.321004867554,2706
27753.319025039673,2718
27754.31537628174,2704
27755.31268119812,2672
27756.309747695923,2686
27758.27670097351,2742
27758.27670097351,2762
27759.30404663086,2716
27760.30707359314,2714
27761.29651069641,2730
27762.294054031372,2744
27763.291358947754,2744
27764.288663864136,2732
27765.286445617676,2704
27766.284704208374,2698
27767.281532287598,2712
27768.278121948242,2634
27769.275426864624,2602
27770.275831222534,2606
27771.270275115967,2604
27772.26710319519,2606
27773.26464653015,2582
27774.263620376587,2606
27775.259733200073,2642
27777.22716331482,2654
27777.22716331482,2682
27778.25117111206,2706
27780.24649620056,2698
27780.24649620056,2672
27781.249046325684,2674
27783.22434425354,2706
27783.92767906189,2706
27784.9338054657,2654
27785.93611717224,2668
27786.93151473999,2706
27787.928819656372,2678
27788.926124572754,2700
27789.923429489136,2718
27790.920972824097,2714
27791.91827774048,2662
27792.91534423828,2654
27793.912649154663,2638
27794.909954071045,2662
27795.907497406006,2650
27796.904802322388,2672
27797.90210723877,2662
27798.89965057373,2666
27799.896955490112,2712
27800.894498825073,2706
27801.891326904297,2718
27802.888870239258,2734
27803.88593673706,2716
27804.883241653442,2682
27805.880546569824,2704
27806.878089904785,2734
27807.875871658325,2730
27808.87269973755,2686
27809.87024307251,2726
27810.86754798889,2742
27811.864614486694,2750
27812.861919403076,2736
27813.859462738037,2766
27814.862966537476,2762
27815.8540725708,2736
27816.85161590576,2726
27817.848920822144,2676
27818.845987319946,2678
27819.844007492065,2718
27820.868968963623,2676
27821.866273880005,2734
27822.863817214966,2684
27823.86088371277,2706
27824.878454208374,2710
27825.855255126953,2734
27826.870679855347,2758
27827.82292366028,2770
27828.848123550415,2734
27829.845428466797,2736
27830.84201812744,2698
27831.839323043823,2686
27832.8378200531,2710
27833.855628967285,2662
27834.834098815918,2654
27835.832357406616,2678
27836.79962158203,2754
27837.795734405518,2774
27838.820695877075,2766
27839.817762374878,2730
27840.816259384155,2726
27841.813802719116,2706
27842.81015396118,2698
27843.8081741333,2678
27844.804525375366,2710
27845.77441215515,2710
27846.773147583008,2740
27847.797870635986,2746
27848.795652389526,2764
27849.814653396606,2798
27850.79526901245,2838
27851.786136627197,2810
27852.783203125,2766
27853.78098487854,2730
27854.777574539185,2708
27855.775833129883,2642
27856.775760650635,2598
27857.743740081787,2554
27858.76774787903,2576
27859.76481437683,2578
27860.761880874634,2580
27861.76061630249,2618
27862.756490707397,2662
27863.760232925415,2638
27864.75396156311,2658
27865.7488822937,2638
27866.745948791504,2670
27867.743253707886,2730
27868.740797042847,2726
27869.74310874939,2676
27870.73516845703,2714
27871.732711791992,2706
27872.730016708374,2714
27873.730659484863,2718
27874.724626541138,2750
27875.723123550415,2748
27876.724004745483,2758
27877.716779708862,2742
27878.714084625244,2756
27879.711389541626,2750
27880.708932876587,2738
27881.706476211548,2714
27882.70354270935,2704
27883.70132446289,2682
27884.697914123535,2686
27885.696172714233,2706
27886.666297912598,2726
27887.69030570984,2710
27888.68761062622,2650
27889.68515396118,2630
27890.681982040405,2642
27891.679286956787,2668
27892.677307128906,2650
27893.67413520813,2714
27894.671201705933,2710
27895.66922187805,2742
27896.666288375854,2714
27897.663354873657,2774
27898.661136627197,2778
27899.65796470642,2744
27900.65598487854,2710
27901.653051376343,2678
27902.649879455566,2686
27903.647422790527,2714
27904.64496612549,2698
27905.648231506348,2734
27906.612873077393,2730
27907.607793807983,2740
27908.605098724365,2762
27909.602403640747,2770
27910.59970855713,2750
27911.59677505493,2702
27912.594318389893,2682
27913.591623306274,2678
27914.588928222656,2654
27915.586233139038,2646
27916.58353805542,2666
27917.580604553223,2706
27918.577909469604,2680
27919.575214385986,2664
27920.60160636902,2674
27921.599864959717,2674
27922.59645462036,2750
27923.5999584198,2730
27924.59225654602,2698
27925.588846206665,2698
27926.586151123047,2638
27927.55699157715,2634
27928.581714630127,2666
27929.57854270935,2646
27930.57942390442,2700
27931.573390960693,2712
27932.570219039917,2696
27933.567762374878,2712
27934.57078933716,2710
27935.56237220764,2674
27936.532974243164,2650
27937.556743621826,2608
27938.524961471558,2614
27939.521551132202,2614
27940.519332885742,2616
27941.51735305786,2594
27942.513704299927,2586
27943.52126121521,2618
27944.50855255127,2594
27945.50585746765,2642
27946.502923965454,2686
27947.500705718994,2712
27948.497772216797,2702
27949.49507713318,2686
27950.49238204956,2674
27951.489686965942,2678
27952.486991882324,2652
27953.51481437683,2714
27954.511165618896,2714
27955.5082321167,2666
27956.50601387024,2630
27957.47661590576,2616
27958.472728729248,2672
27959.498167037964,2612
27960.495233535767,2622
27961.49253845215,2662
27962.48984336853,2684
27963.48786354065,2698
27964.484930038452,2710
27965.482234954834,2738
27966.453313827515,2746
27967.477798461914,2802
27968.446493148804,2792
27969.443321228027,2774
27970.44086456299,2788
27971.43793106079,2814
27972.435235977173,2814
27973.433017730713,2762
27974.430084228516,2682
27975.427627563477,2734
27976.4244556427,2828
27977.42223739624,2798
27978.419303894043,2770
27979.44450378418,2768
27980.443000793457,2850
27981.43982887268,2806
27982.4435710907,2778
27983.407735824585,2764
27984.431505203247,2674
27985.42881011963,2606
27986.399173736572,2580
27987.42365837097,2604
27988.42167854309,2614
27989.425897598267,2630
27990.416288375854,2614
27991.4128780365,2650
27992.4099445343,2630
27993.408203125,2614
27994.405269622803,2598
27995.402336120605,2618
27996.39916419983,2618
27997.37024307251,2542
27998.39425086975,2598
27999.363899230957,2554
28000.36072731018,2598
28001.35850906372,2618
28002.355337142944,2636
28003.352642059326,2662
28004.349946975708,2698
28005.34749031067,2722
28006.34455680847,2682
28007.341861724854,2664
28008.339643478394,2582
28009.336948394775,2576
28010.334014892578,2536
28011.33131980896,2534
28012.32886314392,2572
28013.325929641724,2636
28014.323234558105,2642
28015.3489112854,2654
28016.319036483765,2682
28017.343759536743,2686
28018.341064453125,2758
28019.33789253235,2736
28020.33519744873,2770
28021.33274078369,2790
28022.330284118652,2798
28023.327350616455,2766
28024.324655532837,2774
28025.323152542114,2778
28026.3192653656,2780
28027.289628982544,2794
28028.313875198364,2712
28029.311656951904,2746
28030.28106689453,2742
28031.278133392334,2738
28032.275438308716,2642
28033.272981643677,2662
28034.27004814148,2654
28035.26735305786,2620
28036.264419555664,2666
28037.262439727783,2678
28038.259267807007,2742
28039.25657272339,2718
28040.25411605835,2746
28041.25142097473,2758
28042.248725891113,2750
28043.245792388916,2734
28045.244693756104,2710
28046.238660812378,2684
28046.238660812378,2640
28047.23572731018,2622
28048.232793807983,2664
28050.227403640747,2586
28050.227403640747,2608
28051.224946975708,2610
28053.219079971313,2646
28054.216861724854,2638
28055.213928222656,2590
28056.211233139038,2682
28057.209253311157,2750
28058.20608139038,2710
28059.203386306763,2668
28060.200452804565,2702
28061.22899055481,2686
28062.230587005615,2730
28063.220262527466,2728
28064.218521118164,2718
28065.215349197388,2738
28066.21241569519,2762
28067.209720611572,2758
28068.207263946533,2766
28069.204568862915,2770
28070.205450057983,2714
28071.199655532837,2654
28072.19648361206,2670
28073.19402694702,2706
28074.19180870056,2710
28075.188875198364,2698
28076.186180114746,2678
28077.183485031128,2722
28078.18078994751,2718
28079.17857170105,2736
28080.175161361694,2766
28081.172466278076,2738
28082.169771194458,2706
28083.168506622314,2646
28084.16438102722,2642
28085.16216278076,2666
28086.159467697144,2682
28087.129592895508,2730
28088.153839111328,2674
28089.151620864868,2702
28090.14844894409,2758
28091.146230697632,2734
28092.143535614014,2744
28093.140840530396,2730
28094.13766860962,2700
28095.13521194458,2664
28096.132516860962,2678
28097.103595733643,2674
28098.127126693726,2702
28099.125385284424,2736
28100.09455680847,2712
28101.11927986145,2714
28102.116584777832,2686
28103.113889694214,2682
28104.111194610596,2724
28105.1082611084,2716
28106.10795021057,2686
28107.10334777832,2674
28108.114004135132,2686
28109.097957611084,2678
28110.095024108887,2682
28111.093282699585,2648
28112.06316947937,2672
28114.067792892456,2698
28114.067792892456,2682
28115.05436897278,2670
28116.207599639893,2726
28117.2091960907,2746
28117.2091960907,2762
28118.274450302124,2744
28119.282960891724,2646
28120.270013809204,2670
28121.270179748535,2700
28122.236013412476,2742
28123.23260307312,2718
28124.229669570923,2706
28125.227451324463,2734
28126.224756240845,2774
28128.21912765503,2764
28129.21667098999,2718
28130.213737487793,2714
28131.211042404175,2678
28132.208585739136,2726
28133.217573165894,2682
28134.214162826538,2646
28135.200262069702,2662
28136.197805404663,2706
28137.195587158203,2716
28138.22031021118,2702
28139.225482940674,2654
28140.215158462524,2682
28141.213178634644,2742
28142.20952987671,2708
28143.20731163025,2614
28144.20461654663,2622
28145.201921463013,2620
28146.170377731323,2698
28147.19557762146,2734
28148.192405700684,2670
28149.189710617065,2710
28150.187253952026,2730
28151.18455886841,2726
28152.18210220337,2730
28153.21159362793,2730
28154.211044311523,2710
28155.17520904541,2706
28156.172275543213,2684
28157.17077255249,2674
28158.13970565796,2674
28159.16419029236,2680
28160.162210464478,2714
28161.16213798523,2716
28162.156105041504,2686
28163.153648376465,2704
28164.150714874268,2726
28165.14801979065,2750
28166.146755218506,2736
28167.116165161133,2738
28168.113708496094,2686
28169.10982131958,2730
28170.13716697693,2682
28171.13184928894,2714
28172.14870452881,2726
28173.14910888672,2672
28174.149990081787,2670
28175.12011528015,2646
28176.117658615112,2678
28177.08730697632,2686
28178.118228912354,2682
28179.115295410156,2672
28180.115461349487,2654
28181.110620498657,2656
28182.101488113403,2672
28183.073043823242,2664
28184.08489227295,2610
28185.06932258606,2604
28186.092376708984,2624
28187.09135055542,2678
28188.090801239014,2618
28189.082622528076,2620
28190.079927444458,2646
28191.077947616577,2702
28192.081928253174,2698
28193.045377731323,2618
28194.07606124878,2638
28195.07336616516,2670
28196.072578430176,2744
28197.062969207764,2744
28198.063135147095,2722
28199.056148529053,2712
28200.055837631226,2742
28201.050758361816,2730
28202.048301696777,2642
28203.04560661316,2656
28204.0433883667,2614
28205.04069328308,2654
28206.037521362305,2638
28207.009077072144,2670
28208.032369613647,2726
28209.033966064453,2764
28210.02697944641,2782
28211.02476119995,2756
28212.021350860596,2774
28213.019847869873,2714
28214.016675949097,2704
28215.014219284058,2706
28216.012001037598,2666
28216.98236465454,2664
28218.015909194946,2652
28219.00749206543,2678
28220.007181167603,2742
28220.997095108032,2740
28222.00345993042,2766
28223.003387451172,2770
28223.99067878723,2814
28224.98869895935,2768
28225.985527038574,2766
28226.983547210693,2808
28227.980613708496,2834
28228.977918624878,2766
28229.97498512268,2734
28230.97324371338,2762
28231.969833374023,2812
28232.966899871826,2794
28233.964920043945,2716
28234.961986541748,2708
28235.95881462097,2718
28236.929893493652,2762
28237.953901290894,2702
28238.951444625854,2674
28239.948272705078,2702
28240.94557762146,2710
28241.950511932373,2714
28242.944955825806,2766
28243.937730789185,2746
28244.956016540527,2742
28245.932817459106,2770
28246.93274497986,2798
28247.926712036133,2762
28248.95167350769,2726
28249.928951263428,2710
28250.919103622437,2714
28251.91640853882,2682
28252.914428710938,2610
28253.9119720459,2638
28254.910230636597,2578
28255.911588668823,2590
28256.90484046936,2638
28257.901906967163,2652
28258.90326499939,2682
28259.901762008667,2622
28260.896682739258,2678
28261.89112663269,2686
28262.887001037598,2702
28263.8840675354,2638
28264.883279800415,2674
28265.880584716797,2668
28266.849994659424,2682
28267.87781715393,2726
28268.872499465942,2734
28269.869089126587,2746
28270.867109298706,2746
28271.86417579651,2780
28272.860288619995,2744
28273.85950088501,2682
28274.83630180359,2712
28275.870323181152,2718
28276.850938796997,2702
28277.854919433594,2666
28278.8724899292,2666
28279.849767684937,2670
28280.839204788208,2678
28281.83627128601,2706
28282.83405303955,2664
28283.831119537354,2678
28284.828662872314,2678
28285.825967788696,2622
28286.79656982422,2662
28287.82033920288,2650
28288.817405700684,2670
28289.81590270996,2668
28290.812969207764,2682
28291.813611984253,2758
28292.807579040527,2712
28293.80440711975,2706
28294.80218887329,2662
28295.798540115356,2730
28296.79799079895,2710
28297.794342041016,2730
28298.791646957397,2738
28299.77822303772,2734
28300.77028274536,2794
28301.786184310913,2796
28302.752017974854,2770
28303.749322891235,2766
28304.77499961853,2802
28305.776357650757,2836
28306.742429733276,2832
28307.77096748352,2844
28308.76326560974,2782
28309.765100479126,2702
28310.757637023926,2636
28311.756134033203,2634
28312.752962112427,2674
28313.75217437744,2674
28314.74995613098,2638
28315.744400024414,2686
28316.715717315674,2742
28317.739248275757,2768
28318.73917579651,2758
28319.73361968994,2762
28320.730924606323,2686
28321.728706359863,2678
28322.725772857666,2670
28323.723077774048,2678
28324.72014427185,2678
28325.71816444397,2664
28326.716661453247,2742
28327.712535858154,2740
28328.710079193115,2768
28329.70690727234,2750
28330.70468902588,2798
28331.702709197998,2758
28332.69953727722,2774
28333.697080612183,2678
28334.693431854248,2642
28335.69073677063,2668
28336.66181564331,2630
28337.68606185913,2634
28338.68408203125,2618
28339.680671691895,2670
28340.677738189697,2682
28341.64810180664,2742
28342.671871185303,2744
28343.674182891846,2734
28344.666481018066,2674
28345.664024353027,2660
28346.66347503662,2726
28347.668170928955,2714
28348.662614822388,2750
28349.65991973877,2732
28350.660800933838,2810
28351.649045944214,2834
28352.64563560486,2840
28353.646755218506,2792
28354.640245437622,2770
28355.637788772583,2742
28356.609106063843,2714
28357.632398605347,2734
28358.630180358887,2648
28359.62700843811,2662
28360.62502861023,2586
28361.62233352661,2568
28362.622022628784,2538
28363.616228103638,2514
28364.61353302002,2598
28365.61107635498,2604
28366.580486297607,2558
28367.607831954956,2642
28368.60489845276,2640
28369.6026802063,2618
28370.5997467041,2634
28371.596574783325,2654
28372.59340286255,2646
28373.59118461609,2682
28374.58848953247,2714
28375.588178634644,2726
28376.556158065796,2718
28377.580404281616,2702
28378.577947616577,2774
28379.5747756958,2768
28380.57255744934,2714
28381.5701007843,2654
28382.566928863525,2668
28383.53681564331,2734
28384.561777114868,2718
28385.55955886841,2706
28386.529445648193,2730
28387.553691864014,2766
28388.556718826294,2810
28389.548778533936,2830
28390.54560661316,2798
28391.515731811523,2762
28392.545700073242,2766
28393.53847503662,2778
28394.535541534424,2726
28395.535230636597,2672
28396.503448486328,2686
28397.52769470215,2770
28398.49591255188,2724
28399.522066116333,2666
28400.518894195557,2738
28401.51619911194,2768
28402.51398086548,2792
28403.51128578186,2726
28404.508590698242,2746
28405.506372451782,2772
28406.502962112427,2746
28407.50026702881,2714
28408.500909805298,2738
28409.494876861572,2746
28410.49289703369,2758
28411.490201950073,2758
28412.487745285034,2798
28413.49148750305,2832
28414.48211669922,2802
28415.4794216156,2802
28416.45050048828,2828
28417.473793029785,2750
28418.471574783325,2706
28419.46840286255,2726
28420.46546936035,2732
28421.46348953247,2730
28422.460556030273,2682
28423.457622528076,2666
28424.454927444458,2686
28425.45247077942,2726
28426.422595977783,2738
28427.448511123657,2714
28428.444862365723,2702
28429.44049835205,2634
28430.43828010559,2646
28431.43582344055,2638
28432.433128356934,2578
28433.430194854736,2622
28434.427499771118,2630
28435.42504310608,2654
28436.42234802246,2662
28437.39128112793,2674
28438.416719436646,2670
28439.414501190186,2712
28440.41657447815,2666
28441.436767578125,2648
28442.40665435791,2618
28443.403959274292,2632
28444.400787353516,2698
28445.41335105896,2702
28446.368932724,2674
28447.39294052124,2686
28448.392391204834,2736
28449.389457702637,2730
28450.38628578186,2742
28451.383113861084,2770
28452.38184928894,2778
28453.378438949585,2738
28454.37502861023,2738
28455.37257194519,2724
28456.37083053589,2726
28457.340478897095,2712
28458.364725112915,2746
28459.36155319214,2798
28460.360050201416,2772
28461.328983306885,2788
28462.32557296753,2782
28463.32287788391,2802
28464.320421218872,2750
28465.317726135254,2682
28466.315031051636,2726
28467.312812805176,2742
28468.30987930298,2766
28469.30718421936,2746
28470.304250717163,2758
28471.301794052124,2758
28472.299098968506,2764
28473.296403884888,2762
28474.29347038269,2762
28475.29125213623,2762
28476.288318634033,2766
28477.2846698761,2794
28478.2817363739,2704
28479.280710220337,2684
28480.27753829956,2738
28481.2753200531,2738
28482.272386550903,2758
28483.269929885864,2714
28484.266996383667,2722
28485.26430130005,2770
28486.26184463501,2762
28487.25914955139,2734
28488.256454467773,2676
28490.25058746338,2668
28490.25058746338,2660
28491.276264190674,2730
28492.27261543274,2742
28493.2701587677,2742
28494.267225265503,2790
28496.261835098267,2746
28496.261835098267,2834
28497.260332107544,2746
28498.257160186768,2758
28499.254941940308,2790
28500.251293182373,2758
28501.248598098755,2704
28503.243684768677,2664
28504.24075126648,2670
28505.23853302002,2682
28506.235361099243,2702
28507.20477104187,2672
28508.203506469727,2676
28509.228467941284,2702
28510.22505760193,2742
28511.22283935547,2772
28512.219190597534,2730
28513.216018676758,2702
28514.214754104614,2670
28515.21062850952,2670
28516.18242263794,2650
28517.21501350403,2666
28518.21231842041,2634
28519.207000732422,2730
28520.203828811646,2706
28521.201133728027,2654
28522.19295501709,2682
28523.190021514893,2686
28524.187326431274,2730
28525.18582344055,2650
28526.181936264038,2706
28527.153253555298,2742
28528.181552886963,2726
28529.17432785034,2722
28530.171394348145,2754
28531.169176101685,2790
28532.16576576233,2770
28533.13660621643,2766
28534.16156768799,2746
28535.158395767212,2778
28536.155223846436,2790
28537.153720855713,2794
28538.1498336792,2758
28539.15238380432,2706
28540.117263793945,2710
28541.114807128906,2706
28542.11163520813,2714
28543.108701705933,2730
28544.106245040894,2638
28545.10450363159,2656
28546.101093292236,2676
28547.126531600952,2672
28548.12264442444,2722
28549.120664596558,2684
28550.11773109436,2662
28551.115036010742,2666
28552.119731903076,2704
28553.11942100525,2700
28554.08000946045,2726
28555.10449409485,2730
28556.07557296753,2778
28557.071447372437,2802
28558.098554611206,2766
28559.06653404236,2742
28560.06360054016,2770
28561.061143875122,2762
28562.058210372925,2778
28563.055515289307,2714
28564.05258178711,2704
28565.05036354065,2686
28566.047430038452,2670
28567.046403884888,2706
28568.042516708374,2662
28569.068908691406,2650
28570.06549835205,2672
28571.062564849854,2714
28572.060108184814,2748
28573.05669784546,2812
28574.05710220337,2780
28575.051069259644,2746
28576.02310180664,2734
28577.054738998413,2782
28578.047275543213,2854
28579.042196273804,2798
28580.039024353027,2768
28581.042528152466,2798
28582.033395767212,2790
28583.035707473755,2744
28584.028005599976,2710
28584.996461868286,2670
28586.02547645569,2650
28587.021827697754,2650
28588.017463684082,2618
28589.014768600464,2632
28590.01612663269,2630
28591.010093688965,2638
28591.978788375854,2662
28592.975616455078,2672
28593.973398208618,2650
28594.97094154358,2644
28595.968008041382,2682
28596.96650505066,2730
28597.991228103638,2738
28598.98829460144,2682
28599.9596118927,2686
28600.98147392273,2680
28601.97901725769,2706
28602.977514266968,2738
28603.973627090454,2774
28604.971408843994,2772
28605.971574783325,2778
28606.966495513916,2764
28607.96332359314,2766
28608.965635299683,2750
28609.95841026306,2740
28610.954999923706,2708
28611.952304840088,2668
28612.94937133789,2680
28613.94715309143,2702
28614.944458007812,2702
28615.941762924194,2664
28616.94025993347,2674
28617.93851852417,2664
28618.935108184814,2766
28619.931936264038,2762
28620.929718017578,2710
28621.92702293396,2710
28622.924089431763,2738
28623.927354812622,2758
28624.89104270935,2666
28625.926733016968,2710
28626.88708305359,2734
28627.936840057373,2762
28628.923892974854,2782
28629.905462265015,2762
28630.903244018555,2756
28631.900787353516,2738
28632.899522781372,2782
28633.922815322876,2734
28634.8934173584,2710
28635.889768600464,2710
28636.88898086548,2750
28637.88604736328,2762
28638.882160186768,2736
28639.87970352173,2726
28640.876531600952,2708
28641.873598098755,2756
28642.90189743042,2730
28643.87011528015,2730
28644.866704940796,2758
28645.862817764282,2774
28646.86155319214,2790
28647.85599708557,2736
28648.854970932007,2734
28649.828672409058,2748
28650.849103927612,2750
28651.84736251831,2794
28652.848482131958,2770
28653.84030342102,2770
28654.83808517456,2774
28655.835151672363,2766
28656.8341255188,2772
28657.829761505127,2726
28658.827543258667,2742
28659.82437133789,2740
28660.821437835693,2744
28661.819458007812,2714
28662.789821624756,2726
28663.78688812256,2738
28664.78419303894,2738
28665.781259536743,2718
28666.779279708862,2682
28667.776346206665,2686
28668.773889541626,2710
28669.771194458008,2704
28670.76849937439,2674
28671.765565872192,2682
28672.762870788574,2664
28673.760414123535,2698
28674.772024154663,2666
28675.7550239563,2666
28676.75256729126,2678
28677.748680114746,2682
28678.775310516357,2730
28679.77261543274,2714
28680.76992034912,2642
28681.766986846924,2662
28682.764053344727,2678
28683.761835098267,2710
28684.75914001465,2660
28685.75644493103,2682
28686.75422668457,2706
28687.724590301514,2756
28688.748598098755,2728
28689.745903015137,2750
28690.74273109436,2756
28691.74098968506,2710
28692.710161209106,2706
28693.707704544067,2718
28694.70477104187,2706
28695.702075958252,2654
28696.699380874634,2638
28697.696447372437,2682
28698.69375228882,2734
28699.6910572052,2714
28700.688362121582,2698
28701.685667037964,2740
28702.682733535767,2714
28703.680276870728,2702
28704.67782020569,2710
28705.67488670349,2714
28706.672191619873,2734
28707.669734954834,2698
28708.66560935974,2702
28709.662914276123,2714
28710.659980773926,2738
28711.657285690308,2704
28712.65459060669,2712
28713.65213394165,2712
28714.649438858032,2722
28715.646505355835,2724
28716.643810272217,2706
28717.641353607178,2722
28718.63865852356,2726
28719.63596343994,2676
28720.633506774902,2678
28721.630573272705,2678
28722.627878189087,2618
28723.62518310547,2686
28724.624395370483,2652
28725.64959526062,2678
28726.649522781372,2686
28727.644443511963,2682
28728.61409187317,2710
28729.638814926147,2684
28730.63611984253,2680
28731.63342475891,2648
28732.63168334961,2666
28733.628273010254,2662
28734.625577926636,2678
28735.623598098755,2708
28736.59372329712,2726
28737.618446350098,2730
28738.615036010742,2718
28739.583253860474,2734
28740.609884262085,2750
28741.578817367554,2758
28742.60401725769,2676
28743.60203742981,2674
28744.59934234619,2684
28745.596408843994,2678
28746.594667434692,2726
28747.591257095337,2686
28748.589038848877,2742
28749.58634376526,2746
28750.58913230896,2722
28751.580953598022,2710
28752.577543258667,2704
28753.576040267944,2678
28754.571199417114,2706
28755.568981170654,2730
28756.539821624756,2710
28757.56287574768,2734
28758.56041908264,2758
28759.563207626343,2764
28760.554790496826,2790
28761.552572250366,2746
28762.550115585327,2756
28763.54742050171,2770
28764.544248580933,2742
28765.541791915894,2802
28766.51406288147,2788
28767.510175704956,2754
28768.534660339355,2736
28769.532442092896,2726
28770.500898361206,2722
28771.49748802185,2774
28772.49503135681,2782
28773.492097854614,2776
28774.489402770996,2750
28775.486707687378,2748
28776.48401260376,2762
28777.48131752014,2750
28778.478622436523,2768
28779.475688934326,2762
28780.473470687866,2730
28781.470775604248,2702
28782.46784210205,2736
28783.46562385559,2782
28784.462928771973,2726
28785.459995269775,2714
28786.457777023315,2706
28787.454843521118,2712
28788.4521484375,2684
28789.449214935303,2670
28790.446996688843,2646
28791.444301605225,2662
28792.441368103027,2634
28793.43891143799,2614
28794.43621635437,2678
28795.433282852173,2710
28796.430587768555,2762
28797.428131103516,2732
28798.425436019897,2736
28799.4225025177,2742
28800.419807434082,2680
28801.419973373413,2714
28802.416563034058,2666
28803.41362953186,2660
28804.410934448242,2636
28805.408239364624,2650
28806.405782699585,2634
28807.403326034546,2662
28808.40039253235,2702
28809.39769744873,2686
28810.39524078369,2666
28811.392307281494,2670
28812.389612197876,2682
28813.386917114258,2652
28814.38422203064,2632
28815.3817653656,2654
28816.401720046997,2642
28817.376852035522,2614
28818.373680114746,2662
28819.37074661255,2718
28820.36828994751,2696
28821.36559486389,2730
28822.362899780273,2714
28823.360443115234,2726
28824.357748031616,2742
28825.355052947998,2728
28826.3521194458,2738
28827.34966278076,2738
28828.3474445343,2730
28829.344034194946,2714
28830.341815948486,2734
28831.33888244629,2746
28832.350730895996,2734
28833.333730697632,2742
28834.331274032593,2758
28835.328340530396,2790
28837.321758270264,2766
28837.321758270264,2758
28838.319301605225,2746
28839.31827545166,2746
28840.315580368042,2702
28841.312885284424,2704
28842.310190200806,2738
28843.30725669861,2750
28844.30480003357,2744
28845.30210494995,2806
28846.299171447754,2826
28848.29330444336,2708
28848.29330444336,2748
28849.289655685425,2734
28850.286722183228,2754
28851.28402709961,2768
28852.28133201599,2674
28853.278875350952,2710
28854.276180267334,2706
28855.273246765137,2726
28857.26833343506,2770
28858.26539993286,2756
28859.26342010498,2758
28859.26342010498,2746
28860.288619995117,2706
28861.28568649292,2710
28863.259077072144,2730
28863.259077072144,2714
28864.278554916382,2686
28865.276098251343,2686
28867.270708084106,2686
28868.268489837646,2734
28869.266986846924,2742
28869.266986846924,2762
28871.259927749634,2744
28872.256994247437,2722
28873.255014419556,2744
28874.250650405884,2674
28875.250577926636,2686
28876.2469291687,2734
28877.217054367065,2766
28878.24773788452,2738
28879.239559173584,2750
28880.236625671387,2730
28881.23393058777,2742
28882.230758666992,2774
28883.228540420532,2804
28884.225606918335,2794
28885.223627090454,2746
28886.220455169678,2750
28887.218952178955,2760
28888.21506500244,2766
28889.212131500244,2738
28890.209674835205,2738
28891.207695007324,2714
28892.20428466797,2742
28893.202781677246,2774
28894.197702407837,2790
28895.195245742798,2794
28896.193027496338,2758
28897.190809249878,2792
28898.187160491943,2738
28899.184942245483,2734
28900.181531906128,2744
28901.179790496826,2744
28902.17661857605,2754
28903.173685073853,2762
28904.170989990234,2766
28905.168771743774,2734
28906.165599822998,2812
28907.163619995117,2838
28908.169984817505,2790
28909.157037734985,2748
28910.12692451477,2684
28911.123752593994,2736
28912.121534347534,2774
28913.118600845337,2750
28914.11590576172,2718
28915.1132106781,2736
28916.11075401306,2710
28917.108058929443,2748
28918.105363845825,2780
28919.102430343628,2810
28920.09997367859,2794
28921.09727859497,2722
28922.094583511353,2742
28923.091888427734,2718
28924.089431762695,2742
28925.08864402771,2774
28926.114559173584,2750
28927.081823349,2734
28928.080558776855,2706
28929.104804992676,2742
28930.073976516724,2800
28931.102514266968,2802
28932.096004486084,2790
28933.093786239624,2742
28934.09490585327,2790
28935.088872909546,2746
28936.08570098877,2710
28937.092065811157,2768
28938.081979751587,2738
28939.077615737915,2734
28940.074682235718,2710
28941.0719871521,2734
28942.06929206848,2802
28943.0673122406,2828
28944.064378738403,2776
28945.061683654785,2726
28946.058750152588,2686
28947.057485580444,2734
28948.05359840393,2758
28949.05114173889,2726
28950.021028518677,2682
28951.04742050171,2726
28952.042818069458,2766
28953.04012298584,2712
28954.0376663208,2754
28955.03544807434,2814
28956.032514572144,2774
28957.031965255737,2778
28958.02617073059,2728
28959.023475646973,2728
28960.026502609253,2746
28961.018085479736,2774
28962.024450302124,2730
28963.021755218506,2714
28964.017152786255,2738
28965.017795562744,2770
28966.01104736328,2792
28967.005252838135,2762
28967.973947525024,2702
28968.97029876709,2714
28969.967365264893,2738
28972.816228866577,2726
28972.959995269775,2698
28972.959995269775,2702
28973.95634651184,2732
28974.964380264282,2780
28975.964069366455,2734
28977.13613510132,2742
28978.13367843628,2748
28979.13098335266,2806
28980.128049850464,2814
28981.125831604004,2782
28982.123374938965,2774
28983.124256134033,2734
28984.11726951599,2748
28985.114812850952,2798
28986.112594604492,2762
28987.109899520874,2738
28988.107204437256,2798
28989.10427093506,2840
28990.10157585144,2780
28991.098642349243,2798
28992.095470428467,2778
28993.093252182007,2742
28994.09055709839,2676
28995.08762359619,2702
28996.08540534973,2714
28997.08390235901,2734
28998.080015182495,2762
28999.077558517456,2762
29000.07462501526,2730
29001.07169151306,2762
29002.068996429443,2800
29003.066539764404,2774
29004.063844680786,2758
29005.061149597168,2736
29006.05869293213,2798
29007.05623626709,2778
29008.062839508057,2778
29009.050846099854,2758
29010.048151016235,2770
29011.045217514038,2794
29012.04228401184,2814
29013.039588928223,2758
29014.037132263184,2774
29015.034437179565,2854
29016.031980514526,2836
29017.029762268066,2802
29018.02682876587,2758
29019.02437210083,2736
29020.021677017212,2750
29021.018743515015,2798
29022.015810012817,2740
29023.0131149292,2726
29024.01065826416,2790
29025.007963180542,2772
29026.005506515503,2778
29027.002811431885,2798
29028.000116348267,2794
29028.997659683228,2834
29029.99472618103,2766
29030.991792678833,2718
29031.989097595215,2714
29032.986879348755,2718
29033.984422683716,2738
29034.98125076294,2758
29035.97855567932,2746
29036.976099014282,2764
29037.973880767822,2774
29038.970947265625,2806
29039.96777534485,2774
29040.96531867981,2770
29041.96286201477,2714
29042.959690093994,2762
29043.956995010376,2738
29044.954538345337,2698
29045.95184326172,2732
29046.949863433838,2750
29047.94669151306,2740
29048.964500427246,2734
29049.940824508667,2710
29050.938367843628,2766
29051.93567276001,2814
29052.932739257812,2778
29053.930044174194,2750
29054.927349090576,2726
29055.925130844116,2714
29056.922912597656,2738
29057.91997909546,2778
29058.91728401184,2758
29059.914112091064,2706
29060.911655426025,2772
29061.908721923828,2762
29062.90602684021,2782
29063.90333175659,2758
29064.900875091553,2762
29065.898418426514,2758
29066.896200180054,2726
29067.893028259277,2744
29068.891048431396,2742
29069.88787651062,2756
29070.885181427002,2748
29071.882486343384,2770
29072.879791259766,2762
29073.877096176147,2758
29074.873685836792,2792
29075.87218284607,2774
29076.86996459961,2770
29077.86750793457,2750
29078.8733959198,2736
29079.861164093018,2708
29080.859184265137,2718
29081.85577392578,2768
29082.853317260742,2770
29083.863735198975,2762
29084.847688674927,2734
29085.845232009888,2710
29086.843490600586,2734
29087.84008026123,2766
29088.837385177612,2762
29089.834213256836,2732
29090.831995010376,2702
29091.829299926758,2684
29092.82636642456,2706
29093.82390975952,2698
29094.821214675903,2722
29095.818519592285,2738
29096.816539764404,2750
29097.813367843628,2782
29098.81091117859,2904
29099.80797767639,2774
29100.80575942993,2774
29101.802587509155,2798
29102.800130844116,2742
29103.797435760498,2746
29104.822635650635,2706
29105.820417404175,2730
29106.82225227356,2782
29107.81502723694,2782
29108.814001083374,2772
29109.809398651123,2762
29110.807180404663,2750
29111.77635192871,2762
29112.80131340027,2742
29113.79885673523,2726
29114.79663848877,2714
29115.792989730835,2710
29116.761684417725,2666
29117.759943008423,2678
29118.757486343384,2704
29119.754314422607,2716
29120.75161933899,2754
29121.74892425537,2726
29122.746229171753,2770
29123.77119064331,2756
29124.74036216736,2782
29125.765562057495,2738
29126.76453590393,2730
29127.760887145996,2724
29128.7579536438,2714
29129.7550201416,2746
29130.752563476562,2760
29131.750345230103,2762
29132.747173309326,2774
29133.718013763428,2716
29134.742975234985,2736
29135.740041732788,2762
29136.71088218689,2766
29137.73488998413,2762
29138.73243331909,2738
29139.732360839844,2712
29140.733242034912,2746
29141.696453094482,2730
29142.720222473145,2738
29143.717765808105,2750
29144.715309143066,2732
29145.71261405945,2782
29146.714687347412,2762
29147.70746231079,2754
29148.704290390015,2782
29149.702072143555,2770
29150.699615478516,2776
29151.69644355774,2766
29152.693510055542,2726
29153.690814971924,2744
29154.688358306885,2766
29155.686855316162,2814
29156.684160232544,2776
29157.68051147461,2734
29158.649444580078,2750
29159.64674949646,2758
29160.643815994263,2758
29161.641359329224,2712
29162.638664245605,2678
29163.63573074341,2718
29164.63327407837,2726
29165.63057899475,2738
29166.628122329712,2730
29167.625188827515,2714
29168.622970581055,2734
29169.620037078857,2812
29170.61734199524,2774
29171.61989212036,2762
29172.612190246582,2758
29173.612117767334,2764
29174.609661102295,2770
29175.604820251465,2732
29176.632404327393,2730
29177.63638496399,2742
29178.62558364868,2798
29179.624319076538,2828
29180.620193481445,2794
29181.617736816406,2790
29182.61480331421,2814
29183.58325958252,2794
29184.582710266113,2758
29185.579299926758,2742
29186.604261398315,2762
29187.602043151855,2744
29188.571453094482,2734
29189.568042755127,2730
29190.56534767151,2742
29191.56503677368,2766
29192.56067276001,2766
29193.557500839233,2738
29194.555044174194,2738
29195.552110671997,2760
29196.549654006958,2734
29197.548151016235,2768
29198.54426383972,2730
29199.541568756104,2682
29200.539112091064,2710
29201.536417007446,2738
29202.533721923828,2768
29203.53102684021,2768
29204.556465148926,2762
29205.556392669678,2796
29206.55059814453,2814
29207.547903060913,2790
29208.54640007019,2758
29209.54394340515,2760
29210.540533065796,2724
29211.538314819336,2718
29212.5346660614,2714
29213.531970977783,2714
29214.53619003296,2728
29215.527057647705,2736
29216.497659683228,2744
29217.522621154785,2742
29218.51897239685,2768
29219.51651573181,2798
29220.48568725586,2756
29221.482753753662,2758
29222.508668899536,2740
29223.505973815918,2726
29224.474906921387,2738
29225.50082206726,2744
29226.470470428467,2698
29227.495193481445,2788
29228.492259979248,2810
29229.490041732788,2780
29230.494737625122,2790
29231.483936309814,2768
29232.48243331909,2790
29233.482837677002,2766
29234.476566314697,2674
29235.47339439392,2750
29236.4444732666,2742
29237.46943473816,2734
29238.466024398804,2744
29239.468336105347,2672
29240.46015739441,2758
29241.467237472534,2736
29242.462873458862,2738
29243.452548980713,2710
29244.450330734253,2726
29245.447874069214,2742
29246.44637107849,2710
29247.44200706482,2722
29248.43978881836,2706
29249.436616897583,2734
29250.43296813965,2710
29251.43027305603,2738
29252.426624298096,2758
29253.424167633057,2738
29254.42147254944,2746
29255.4190158844,2758
29256.41655921936,2732
29257.415533065796,2732
29258.383750915527,2758
29259.408235549927,2708
29260.406017303467,2714
29261.403799057007,2732
29262.40062713623,2714
29263.397693634033,2770
29264.394760131836,2778
29265.393018722534,2778
29266.391038894653,2770
29267.38667488098,2794
29268.38445663452,2766
29269.38247680664,2742
29270.380973815918,2682
29271.37804031372,2742
29272.374868392944,2726
29273.37336540222,2722
29274.37162399292,2738
29275.367975234985,2730
29276.36957168579,2790
29277.363061904907,2802
29278.358936309814,2770
29279.356241226196,2760
29280.354022979736,2778
29281.35085105896,2794
29282.349348068237,2790
29283.345222473145,2746
29284.342527389526,2770
29285.341024398804,2794
29286.338806152344,2802
29287.334442138672,2838
29288.331747055054,2810
29289.329767227173,2804
29290.326833724976,2802
29291.32390022278,2838
29292.321920394897,2796
29293.3189868927,2738
29294.316053390503,2774
29295.313596725464,2758
29296.311140060425,2716
29297.308444976807,2726
29298.30503463745,2758
29299.30353164673,2768
29300.2986907959,2792
29301.29623413086,2810
29302.29353904724,2800
29303.296089172363,2762
29304.292917251587,2742
29305.285453796387,2746
29306.28514289856,2762
29308.250904083252,2764
29308.250904083252,2738
29310.272455215454,2758
29311.269521713257,2774
29312.27135658264,2796
29313.265562057495,2798
29314.262866973877,2810
29315.261363983154,2782
29316.258430480957,2838
29317.238569259644,2842
29318.255186080933,2852
29319.250106811523,2798
29320.250511169434,2810
29321.24614715576,2770
29322.24130630493,2762
29323.23908805847,2766
29324.235916137695,2758
29325.233459472656,2808
29326.23052597046,2832
29327.229499816895,2826
29328.198432922363,2810
29329.19406890869,2774
29330.19185066223,2774
29331.217527389526,2770
29332.218647003174,2750
29333.184480667114,2770
29334.210872650146,2742
29335.20746231079,2724
29336.204767227173,2798
29337.202787399292,2790
29338.200092315674,2798
29339.197158813477,2794
29340.194940567017,2776
29341.190814971924,2774
29342.188596725464,2762
29343.18447113037,2766
29344.183206558228,2740
29345.18051147461,2746
29346.179723739624,2704
29347.14961051941,2746
29348.17910194397,2742
29349.17712211609,2754
29350.17681121826,2744
29351.176738739014,2708
29352.176666259766,2762
29353.179216384888,2722
29354.176998138428,2742
29355.17907142639,2734
29356.148958206177,2746
29357.147216796875,2794
29358.116388320923,2744
29359.113931655884,2782
29360.110998153687,2814
29361.10806465149,2766
29362.10536956787,2798
29363.102436065674,2856
29364.099979400635,2830
29365.116596221924,2846
29366.09435081482,2798
29367.09237098694,2808
29368.08943748474,2838
29369.086742401123,2862
29370.084285736084,2854
29371.081352233887,2810
29372.07865715027,2802
29373.07596206665,2828
29374.075889587402,2828
29375.072956085205,2838
29376.070261001587,2788
29377.065896987915,2778
29378.063201904297,2770
29379.06265258789,2772
29380.059719085693,2766
29381.059885025024,2760
29382.054328918457,2730
29383.05163383484,2774
29384.04870033264,2774
29385.046005249023,2774
29386.043787002563,2798
29387.03966140747,2794
29388.036489486694,2796
29389.033794403076,2794
29390.0306224823,2796
29391.02816581726,2778
29392.025470733643,2782
29393.022775650024,2762
29394.020795822144,2744
29395.017862319946,2768
29396.015167236328,2794
29397.01247215271,2782
29398.01001548767,2798
29399.007320404053,2790
29400.004386901855,2786
29401.002168655396,2760
29401.9992351532,2710
29402.99654006958,2776
29403.993844985962,2754
29404.991388320923,2744
29405.988693237305,2770
29406.985759735107,2718
29407.98330307007,2750
29408.98060798645,2770
29409.977912902832,2814
29410.977840423584,2814
29411.972761154175,2812
29412.970066070557,2770
29413.96737098694,2764
29414.984226226807,2766
29415.993213653564,2758
29416.959524154663,2782
29417.957067489624,2782
29418.957233428955,2796
29419.95358467102,2762
29420.950412750244,2782
29421.948194503784,2814
29422.945976257324,2798
29423.951148986816,2768
29424.93987083435,2766
29425.936937332153,2768
29426.934957504272,2798
29427.931547164917,2806
29428.92837524414,2774
29429.9259185791,2760
29430.922985076904,2774
29431.920289993286,2794
29432.91735649109,2778
29433.91513824463,2806
29434.911966323853,2812
29435.909509658813,2810
29436.906814575195,2814
29437.904119491577,2810
29438.90142440796,2782
29439.89872932434,2778
29440.895795822144,2768
29441.893577575684,2798
29442.890882492065,2840
29443.888425827026,2802
29444.88525390625,2814
29445.88279724121,2832
29446.880102157593,2832
29447.878122329712,2838
29448.874950408936,2800
29449.873208999634,2758
29450.900316238403,2766
29451.89666748047,2792
29452.899932861328,2778
29453.89199256897,2758
29454.887866973877,2782
29455.90353012085,2802
29456.854104995728,2778
29457.903623580933,2806
29458.87589454651,2826
29459.87319946289,2802
29460.872650146484,2826
29461.868286132812,2742
29462.86654472351,2766
29463.862895965576,2772
29464.866161346436,2756
29465.82865715027,2762
29466.825485229492,2744
29467.823028564453,2778
29468.819856643677,2838
29469.817399978638,2806
29470.81446647644,2814
29471.8120098114,2828
29472.809314727783,2796
29473.806381225586,2770
29474.81417655945,2764
29475.801467895508,2782
29476.79853439331,2790
29477.795839309692,2812
29478.793382644653,2782
29479.790449142456,2854
29480.787754058838,2830
29481.78791999817,2846
29482.78570175171,2838
29483.81018638611,2838
29484.80725288391,2834
29485.804319381714,2830
29486.802101135254,2806
29487.772226333618,2814
29488.79623413086,2838
29489.793300628662,2826
29490.790367126465,2844
29491.788387298584,2830
29492.786169052124,2806
29493.78252029419,2846
29494.78054046631,2830
29495.77808380127,2814
29496.748447418213,2762
29497.74432182312,2738
29498.769760131836,2730
29499.73773956299,2742
29500.76389312744,2714
29501.761436462402,2726
29502.758979797363,2726
29503.759622573853,2728
29504.754066467285,2788
29505.75089454651,2774
29506.749153137207,2834
29507.745504379272,2828
29508.743286132812,2870
29509.742259979248,2810
29510.737419128418,2800
29511.7347240448,2806
29512.731790542603,2762
29513.729572296143,2760
29514.726638793945,2762
29515.724182128906,2790
29516.69478416443,2766
29517.71879196167,2750
29518.717050552368,2792
29519.713401794434,2774
29520.711660385132,2748
29521.708011627197,2706
29522.70531654358,2714
29523.71072769165,2734
29524.699926376343,2722
29525.697469711304,2722
29526.69596672058,2750
29527.692556381226,2776
29528.689861297607,2764
29529.693603515625,2806
29530.68447113037,2826
29531.682014465332,2838
29532.68003463745,2802
29533.67781639099,2796
29534.674167633057,2788
29535.67123413086,2798
29536.641836166382,2762
29537.665605545044,2766
29538.66410255432,2810
29539.661645889282,2778
29540.65752029419,2814
29541.65506362915,2806
29542.65332221985,2808
29543.620586395264,2802
29544.647932052612,2794
29545.647382736206,2766
29546.642065048218,2774
29547.638654708862,2748
29548.636436462402,2774
29549.639463424683,2810
29550.638675689697,2784
29551.62811279297,2808
29552.626371383667,2782
29553.62296104431,2790
29554.59213256836,2808
29555.617809295654,2862
29556.588411331177,2850
29557.612895965576,2772
29558.60996246338,2754
29559.606790542603,2798
29560.604095458984,2774
29561.601638793945,2766
29562.598943710327,2794
29563.596487045288,2812
29564.59379196167,2800
29565.59109687805,2766
29566.56002998352,2798
29567.585945129395,2810
29568.583250045776,2794
29569.58031654358,2770
29570.577144622803,2760
29571.574926376343,2798
29572.575330734253,2772
29573.569774627686,2814
29574.567794799805,2810
29575.56438446045,2794
29576.53522491455,2806
29577.558517456055,2814
29578.556776046753,2806
29579.554319381714,2810
29580.551862716675,2794
29581.54821395874,2764
29582.545280456543,2756
29583.54926109314,2718
29584.54132080078,2736
29585.541486740112,2786
29586.53497695923,2806
29587.53204345703,2782
29588.53006362915,2804
29589.527368545532,2830
29590.523958206177,2826
29591.52126312256,2780
29592.5190448761,2790
29593.51682662964,2756
29594.513177871704,2740
29595.510721206665,2758
29596.481561660767,2768
29597.505807876587,2798
29598.50311279297,2806
29599.50017929077,2808
29600.497484207153,2790
29601.502656936646,2798
29602.492332458496,2782
29603.490114212036,2804
29604.487419128418,2802
29605.4847240448,2738
29606.481552124023,2794
29607.478618621826,2766
29608.475923538208,2778
29609.474182128906,2772
29610.47101020813,2782
29611.46831512451,2814
29612.464904785156,2806
29613.462686538696,2806
29614.460229873657,2798
29615.45729637146,2810
29616.432189941406,2810
29617.452144622803,2798
29618.450164794922,2780
29619.449138641357,2796
29620.44405937195,2794
29621.442556381226,2774
29622.43890762329,2838
29623.435974121094,2808
29624.433279037476,2810
29625.431060791016,2774
29626.428604125977,2778
29627.42590904236,2830
29628.42345237732,2838
29629.420518875122,2814
29630.417585372925,2750
29631.415605545044,2734
29632.412433624268,2738
29633.38041305542,2792
29634.40704345703,2792
29635.404109954834,2774
29636.40284538269,2790
29637.399435043335,2794
29638.39626312256,2778
29639.3940448761,2814
29640.39158821106,2806
29642.357349395752,2802
29642.357349395752,2766
29643.38254928589,2736
29644.381046295166,2770
29645.378589630127,2770
29646.374464035034,2802
29647.343158721924,2792
29648.370027542114,2780
29649.367809295654,2782
29650.3643989563,2798
29651.392459869385,2794
29652.33063697815,2782
29653.327226638794,2782
29654.324531555176,2762
29655.321836471558,2760
29656.320571899414,2758
29657.31716156006,2762
29658.31446647644,2750
29659.311294555664,2810
29660.308361053467,2838
29661.30566596985,2806
29662.30320930481,2794
29663.328647613525,2794
29664.32809829712,2800
29665.321826934814,2802
29666.32056236267,2772
29668.3189868927,2730
29668.3189868927,2780
29670.310020446777,2814
29671.306610107422,2806
29671.306610107422,2780
29673.30050468445,2782
29673.30050468445,2792
29674.29828643799,2806
29675.29845237732,2854
29676.295280456543,2778
29677.292823791504,2774
29678.28917503357,2776
29679.287672042847,2740
29680.284023284912,2762
29681.281566619873,2766
29683.2492351532,2778
29683.2492351532,2802
29684.27348136902,2814
29686.26832962036,2770
29687.265872955322,2766
29688.262462615967,2802
29689.260005950928,2778
29690.257787704468,2778
29691.25509262085,2738
29692.25239753723,2762
29693.25017929077,2770
29694.246768951416,2742
29695.216178894043,2802
29696.24137878418,2830
29697.2393989563,2804
29698.2364654541,2798
29699.233770370483,2806
29700.231075286865,2830
29701.22790336609,2834
29702.22520828247,2830
29703.22322845459,2770
29704.22053337097,2734
29705.218076705933,2746
29706.214427947998,2770
29707.183122634888,2832
29708.181619644165,2778
29709.20705795288,2780
29710.203886032104,2810
29711.201667785645,2840
29712.198972702026,2806
29713.202476501465,2774
29714.194536209106,2746
29715.190887451172,2734
29716.18890762329,2794
29717.156410217285,2766
29718.183517456055,2796
29719.180822372437,2782
29720.17741203308,2856
29721.179962158203,2832
29722.1782207489,2832
29723.170042037964,2792
29724.16663169861,2802
29725.164651870728,2850
29726.16195678711,2806
29727.132320404053,2782
29728.12819480896,2778
29729.124069213867,2782
29730.12113571167,2776
29731.11844062805,2798
29732.115745544434,2792
29733.113527297974,2798
29734.110593795776,2838
29735.10789871216,2790
29736.10496520996,2778
29737.1027469635,2774
29738.099813461304,2766
29739.097118377686,2766
29740.094661712646,2738
29741.09196662903,2716
29742.08903312683,2726
29743.086338043213,2766
29744.083881378174,2774
29745.081186294556,2794
29746.07825279236,2810
29747.0760345459,2812
29748.0731010437,2810
29749.070405960083,2778
29750.067710876465,2794
29751.065254211426,2814
29752.062559127808,2756
29753.05986404419,2776
29754.056930541992,2736
29755.054473876953,2770
29756.051778793335,2834
29757.049322128296,2870
29758.046627044678,2842
29759.04393196106,2792
29760.043382644653,2768
29761.040210723877,2790
29762.03727722168,2834
29763.03505897522,2764
29764.032125473022,2770
29765.029430389404,2718
29766.026496887207,2762
29767.024278640747,2828
29768.02158355713,2858
29769.01888847351,2816
29770.016193389893,2790
29771.041870117188,2846
29772.038459777832,2814
29773.043870925903,2782
29774.033308029175,2778
29775.031089782715,2780
29776.028394699097,2774
29777.02522277832,2766
29777.994632720947,2746
29779.022932052612,2774
29780.017375946045,2870
29781.01873397827,2834
29782.01174736023,2810
29783.00905227661,2802
29784.006595611572,2774
29785.004138946533,2770
29786.002159118652,2742
29786.972284317017,2734
29788.00392150879,2738
29788.99312019348,2698
29789.990663528442,2680
29790.959358215332,2766
29791.985750198364,2816
29792.983293533325,2802
29793.980360031128,2796
29794.97766494751,2762
29795.97496986389,2802
29796.945095062256,2796
29797.969341278076,2750
29798.966646194458,2806
29799.9370098114,2766
29800.934076309204,2748
29801.930904388428,2794
29802.92773246765,2790
29803.924798965454,2798
29804.922103881836,2802
29805.919885635376,2802
29806.91647529602,2842
29807.913303375244,2846
29808.910608291626,2790
29809.907913208008,2806
29810.90521812439,2830
29811.904668807983,2840
29812.899827957153,2748
29813.897132873535,2758
29814.894437789917,2740
29815.8917427063,2794
29816.88952445984,2840
29817.88659095764,2834
29818.883895874023,2794
29819.880962371826,2802
29820.878505706787,2802
29821.876049041748,2806
29822.87311553955,2788
29823.870182037354,2706
29824.867963790894,2734
29825.86932182312,2772
29826.864004135132,2810
29827.85987854004,2794
29828.86552810669,2794
29829.854249954224,2774
29830.852031707764,2812
29831.849098205566,2794
29832.84640312195,2794
29833.84370803833,2734
29834.84125137329,2766
29835.838317871094,2768
29836.865663528442,2808
29837.834119796753,2798
29838.860511779785,2746
29839.859008789062,2770
29840.85488319397,2778
29841.851949691772,2794
29842.851161956787,2808
29843.846559524536,2774
29844.845056533813,2738
29845.842123031616,2774
29846.83871269226,2802
29847.809314727783,2778
29848.83403778076,2770
29849.838495254517,2742
29850.828886032104,2806
29851.825952529907,2838
29852.82254219055,2838
29853.82390022278,2812
29854.818105697632,2796
29855.814695358276,2798
29856.812715530396,2766
29857.8097820282,2774
29858.806610107422,2810
29859.809160232544,2842
29860.801219940186,2766
29861.799001693726,2772
29862.79582977295,2812
29863.79623413086,2814
29864.795923233032,2806
29865.78869819641,2838
29866.790771484375,2854
29867.783069610596,2832
29868.7801361084,2830
29869.776487350464,2798
29870.774507522583,2756
29871.771574020386,2742
29872.76816368103,2770
29873.76570701599,2778
29874.73487854004,2782
29875.762701034546,2782
29876.731157302856,2862
29877.75421142578,2870
29878.753900527954,2844
29879.749298095703,2806
29880.746603012085,2782
29881.744384765625,2810
29882.741451263428,2792
29883.713483810425,2802
29884.738206863403,2758
29885.733366012573,2780
29886.70301437378,2782
29887.728214263916,2826
29888.728618621826,2838
29889.723300933838,2810
29890.721082687378,2830
29891.691207885742,2830
29892.717123031616,2802
29893.71347427368,2806
29894.710063934326,2734
29895.707845687866,2790
29896.707773208618,2770
29897.703409194946,2756
29898.69999885559,2762
29899.697303771973,2788
29900.69341659546,2826
29901.695728302002,2828
29902.688026428223,2802
29903.68604660034,2794
29904.683113098145,2800
29905.680179595947,2774
29906.67700767517,2762
29907.674312591553,2802
29908.645153045654,2814
29909.674644470215,2792
29910.666465759277,2782
29911.664724349976,2782
29912.667274475098,2814
29913.663148880005,2836
29914.628744125366,2888
29915.654182434082,2838
29916.62311553955,2830
29917.64783859253,2806
29918.64848136902,2802
29919.64316368103,2832
29920.641660690308,2794
29921.64421081543,2782
29922.63674736023,2758
29923.633575439453,2838
29924.630641937256,2830
29925.628423690796,2864
29926.626443862915,2836
29927.62303352356,2802
29928.62033843994,2806
29929.62384223938,2806
29930.617094039917,2810
29931.612491607666,2810
29932.60931968689,2810
29933.60710144043,2812
29934.60464477539,2808
29935.601234436035,2802
29936.598777770996,2864
29937.596321105957,2886
29938.59362602234,2850
29939.59069252014,2852
29940.588235855103,2846
29941.586017608643,2846
29942.590713500977,2802
29943.580389022827,2830
29944.581508636475,2846
29945.547103881836,2846
29946.55466079712,2800
29947.540521621704,2838
29948.53901863098,2878
29949.536085128784,2834
29950.533390045166,2830
29951.544046401978,2842
29952.52823829651,2810
29953.52530479431,2746
29954.522609710693,2760
29955.519914627075,2842
29956.51650428772,2810
29957.513332366943,2794
29958.51230621338,2800
29959.50937271118,2814
29960.506916046143,2826
29961.506366729736,2838
29962.531566619873,2874
29963.528633117676,2826
29964.526414871216,2814
29965.52324295044,2802
29966.49169921875,2792
29967.490911483765,2790
29968.515396118164,2794
29969.512701034546,2834
29970.50929069519,2802
29971.506595611572,2830
29972.50509262085,2802
29973.50287437439,2852
29974.499702453613,2890
29975.49605369568,2862
29976.492881774902,2804
29977.495431900024,2780
29978.48653793335,2806
29979.484796524048,2792
29980.481386184692,2802
29981.478452682495,2806
29982.476234436035,2790
29983.473777770996,2774
29984.471082687378,2826
29985.46814918518,2838
29986.4661693573,2810
29987.462997436523,2830
29988.460302352905,2874
29989.458799362183,2808
29990.435123443604,2790
29991.45483970642,2806
29992.45047569275,2800
29993.448734283447,2792
29994.44532394409,2802
29995.442867279053,2774
29996.440410614014,2806
29997.438430786133,2876
29998.435735702515,2874
29999.43232536316,2862
30000.4301071167,2858
