Time (ms),Mic Value
0.0,2296
0.9894371032714844,2320
1.9867420196533203,2322
2.984285354614258,2314
3.9811134338378906,2268
4.97889518737793,2266
5.9757232666015625,2248
6.973028182983398,2234
7.970333099365234,2250
8.968114852905273,2266
9.964942932128906,2288
10.962247848510742,2286
13.026952743530273,2286
13.026952743530273,2298
13.95869255065918,2290
14.970779418945312,2294
15.970230102539062,2326
16.473770141601562,2270
17.473220825195312,2260
18.47553253173828,2254
19.468069076538086,2270
20.468473434448242,2290
21.46315574645996,2318
22.459745407104492,2280
23.459672927856445,2304
24.45507049560547,2328
26.453018188476562,2382
26.453018188476562,2296
27.477741241455078,2282
28.444528579711914,2296
29.473304748535156,2266
30.475616455078125,2266
31.472444534301758,2268
32.46331214904785,2298
33.4315299987793,2286
34.43002700805664,2348
35.45570373535156,2294
36.42606735229492,2302
37.42218017578125,2298
38.42306137084961,2320
39.41655158996582,2298
40.415287017822266,2262
41.4125919342041,2250
43.407440185546875,2246
44.40498352050781,2254
45.40610313415527,2280
46.396493911743164,2326
46.396493911743164,2298
47.394514083862305,2330
48.42185974121094,2292
49.38793182373047,2286
50.385475158691406,2258
51.38254165649414,2254
52.38008499145508,2230
53.37810516357422,2258
54.37493324279785,2246
55.37223815917969,2262
56.37073516845703,2300
58.374881744384766,2298
59.369802474975586,2342
60.36043167114258,2346
60.36043167114258,2328
61.35988235473633,2314
63.353776931762695,2290
63.353776931762695,2284
64.35108184814453,2296
65.34743309020996,2270
66.3442611694336,2296
67.34156608581543,2282
68.33863258361816,2290
69.3368911743164,2326
70.33395767211914,2330
72.32904434204102,2374
73.32706451416016,2352
74.32389259338379,2354
75.3328800201416,2350
76.31611824035645,2294
77.3155689239502,2354
78.36055755615234,2348
79.3452262878418,2346
79.3452262878418,2350
81.35247230529785,2318
82.30018615722656,2268
83.2972526550293,2262
83.2972526550293,2278
84.32722091674805,2280
86.29035949707031,2202
86.29035949707031,2250
87.32008934020996,2266
89.28108215332031,2250
90.27910232543945,2218
91.2771224975586,2226
92.27442741394043,2230
93.27149391174316,2246
94.27094459533691,2280
95.26610374450684,2326
96.30465507507324,2340
97.2895622253418,2366
98.28639030456543,2334
99.28345680236816,2366
100.2812385559082,2366
101.24945640563965,2390
102.2489070892334,2386
103.24406623840332,2396
104.27117347717285,2374
105.26871681213379,2358
106.26602172851562,2358
107.23543167114258,2346
108.2613468170166,2328
109.22908782958984,2390
110.25667190551758,2354
111.25469207763672,2302
112.24961280822754,2330
113.24310302734375,2314
114.24398422241211,2330
115.21315574645996,2298
116.20974540710449,2286
117.20752716064453,2278
118.20483207702637,2278
119.2014217376709,2334
120.19848823547363,2378
121.19579315185547,2362
122.1926212310791,2366
123.19278717041016,2362
124.18937683105469,2362
125.18620491027832,2396
126.1904239654541,2406
127.2122859954834,2430
128.17883491516113,2382
129.20355796813965,2410
130.20586967468262,2406
131.20031356811523,2422
132.19594955444336,2448
133.1942081451416,2430
134.16314125061035,2454
135.15996932983398,2430
136.1558437347412,2422
137.15291023254395,2396
138.15021514892578,2374
139.14728164672852,2350
140.14530181884766,2356
141.1428451538086,2342
142.14015007019043,2326
143.17059516906738,2330
144.1364288330078,2334
145.13444900512695,2302
146.15797996520996,2302
147.1266746520996,2262
148.15330505371094,2288
149.19137954711914,2238
150.1481533050537,2300
151.11660957336426,2330
152.16708183288574,2352
153.11098098754883,2374
154.10757064819336,2398
155.1051139831543,2418
156.10218048095703,2450
157.09972381591797,2460
158.0967903137207,2474
159.09433364868164,2456
160.09140014648438,2420
161.0891819000244,2408
162.08648681640625,2358
163.0837917327881,2362
164.08061981201172,2410
165.07792472839355,2410
166.0754680633545,2382
167.07277297973633,2394
168.07007789611816,2426
169.0676212310791,2422
170.06468772888184,2378
171.06223106384277,2366
172.0595359802246,2326
173.05684089660645,2302
174.05414581298828,2320
175.05121231079102,2326
176.04875564575195,2374
177.0460605621338,2362
178.04336547851562,2390
179.04067039489746,2362
180.0382137298584,2408
181.03551864624023,2410
182.06214904785156,2378
183.0594539642334,2396
184.05795097351074,2406
185.05430221557617,2412
186.0518455505371,2446
187.04891204833984,2458
188.04597854614258,2462
189.04352188110352,2486
190.04130363464355,2494
191.0381317138672,2490
192.03567504882812,2514
193.03321838378906,2526
194.0305233001709,2526
195.02854347229004,2478
196.0318088531494,2386
196.99382781982422,2288
198.02141189575195,2154
199.01680946350098,2128
200.0138759613037,2042
201.01141929626465,2138
202.0094394683838,2200
203.00745964050293,2344
204.0114402770996,2446
205.0004005432129,2546
205.99818229675293,2576
206.99548721313477,2578
208.00065994262695,2608
208.99009704589844,2602
209.98764038085938,2570
210.99853515625,2526
211.98225021362305,2542
212.9800319671631,2490
213.97709846496582,2502
214.97440338134766,2508
215.9719467163086,2450
216.96853637695312,2474
217.9732322692871,2482
218.9633846282959,2488
219.96235847473145,2480
220.95823287963867,2460
221.9557762145996,2454
222.95403480529785,2426
223.95086288452148,2446
224.94745254516602,2422
225.94523429870605,2366
226.9425392150879,2470
227.9379367828369,2318
228.93595695495605,2290
229.9349308013916,2320
230.93080520629883,2342
231.93001747131348,2346
232.9249382019043,2362
233.92415046691895,2392
234.92074012756348,2392
235.9170913696289,2402
236.91487312316895,2394
237.91217803955078,2418
238.91043663024902,2398
239.90774154663086,2426
240.8757209777832,2454
241.90044403076172,2458
242.9032325744629,2490
243.92008781433105,2498
244.89259719848633,2510
245.89061737060547,2514
246.8883991241455,2490
247.88498878479004,2470
248.8842010498047,2448
249.88102912902832,2430
250.87857246398926,2390
251.8749237060547,2386
252.87294387817383,2386
253.87001037597656,2398
254.8680305480957,2394
255.86485862731934,2416
256.86192512512207,2378
257.86328315734863,2390
258.85772705078125,2376
259.8540782928467,2346
260.82348823547363,2358
261.83557510375977,2378
262.8498077392578,2410
263.843297958374,2422
264.81175422668457,2446
265.8085823059082,2442
266.80612564086914,2478
267.8050994873047,2510
268.8007354736328,2494
269.79804039001465,2490
270.7955837249756,2506
271.7928886413574,2494
272.79019355773926,2506
273.7882137298584,2462
274.78504180908203,2454
275.78210830688477,2452
276.7794132232666,2442
277.77695655822754,2406
278.7742614746094,2388
279.7713279724121,2388
280.76887130737305,2410
281.7661762237549,2426
282.7634811401367,2444
283.76054763793945,2454
284.7583293914795,2446
285.7553958892822,2482
286.75270080566406,2470
287.750244140625,2472
288.74754905700684,2466
289.74461555480957,2422
290.7419204711914,2454
291.73946380615234,2430
292.7367687225342,2446
293.734073638916,2410
294.73161697387695,2428
295.7286834716797,2450
296.7259883880615,2422
297.72329330444336,2470
298.7208366394043,2486
299.71814155578613,2518
300.71544647216797,2518
301.7129898071289,2544
302.71005630493164,2486
303.7073612213135,2510
304.7049045562744,2486
305.70220947265625,2450
306.6995143890381,2426
307.6965808868408,2428
308.69412422180176,2402
309.6914291381836,2348
310.68873405456543,2338
311.68603897094727,2326
312.6835823059082,2348
313.68064880371094,2354
314.6779537200928,2414
315.6754970550537,2406
316.67280197143555,2448
317.6701068878174,2448
318.6671733856201,2458
319.66471672058105,2456
320.664644241333,2498
321.66242599487305,2494
322.6590156555176,2474
323.6556053161621,2470
324.65314865112305,2478
325.6504535675049,2462
326.6477584838867,2460
327.64482498168945,2450
328.6426067352295,2432
329.6396732330322,2484
330.63697814941406,2502
331.6347599029541,2506
332.63206481933594,2542
333.6291313171387,2558
334.6261978149414,2610
335.62397956848145,2598
336.6210460662842,2598
337.618350982666,2526
338.61613273620605,2514
339.6129608154297,2518
340.6105041503906,2514
341.60828590393066,2494
342.6051139831543,2478
343.60218048095703,2482
344.59996223449707,2474
345.5972671508789,2502
346.59457206726074,2478
347.5916385650635,2490
348.5889434814453,2480
349.58648681640625,2422
350.5840301513672,2450
351.5808582305908,2426
352.57863998413086,2412
353.5757064819336,2398
354.57301139831543,2398
355.57031631469727,2390
356.5676212310791,2414
357.56516456604004,2450
358.5622310638428,2458
359.5597743988037,2458
360.55803298950195,2430
361.5550994873047,2454
362.5516891479492,2460
363.54899406433105,2420
364.5462989807129,2450
365.5436038970947,2450
366.53995513916016,2410
367.5365447998047,2470
368.5343265533447,2468
369.53139305114746,2480
370.5286979675293,2490
371.52624130249023,2522
373.5213279724121,2492
373.5213279724121,2480
374.54748153686523,2470
375.54478645324707,2446
376.55019760131836,2470
377.51102447509766,2414
378.5076141357422,2414
379.5046806335449,2422
380.50222396850586,2426
381.4995288848877,2424
382.49874114990234,2478
383.495569229126,2482
384.4931125640869,2470
385.49041748046875,2462
386.4884376525879,2418
387.4850273132324,2442
388.48257064819336,2418
389.4796371459961,2452
390.47694206237793,2410
391.4754390716553,2420
392.4703598022461,2422
393.46766471862793,2414
394.46473121643066,2422
395.4620361328125,2446
396.45934104919434,2426
397.48644828796387,2410
398.4835147857666,2418
399.48129653930664,2418
400.4781246185303,2426
401.4754295349121,2394
402.44412422180176,2408
403.4700393676758,2410
404.46972846984863,2430
405.46488761901855,2474
406.4619541168213,2492
407.4594974517822,2474
408.45751762390137,2474
409.4548225402832,2490
410.45284271240234,2484
411.44871711730957,2486
412.4186038970947,2510
413.44451904296875,2470
414.4415855407715,2474
415.438175201416,2470
416.43643379211426,2480
417.4332618713379,2506
418.4298515319824,2490
419.42787170410156,2534
420.4254150390625,2512
421.42295837402344,2514
422.41954803466797,2474
423.4168529510498,2460
424.41534996032715,2450
425.4112243652344,2482
428.0815124511719,2470
428.3754825592041,2466
428.3754825592041,2446
429.9347400665283,2458
430.4673671722412,2458
431.49590492248535,2468
432.4660301208496,2470
433.46166610717773,2422
434.45873260498047,2412
435.4562759399414,2404
436.45310401916504,2392
437.48021125793457,2398
438.4775161743164,2408
439.47458267211914,2430
440.4721260070801,2426
441.4699077606201,2450
442.43931770324707,2454
443.4351921081543,2454
444.43273544311523,2504
445.4314708709717,2518
446.4280605316162,2470
447.45397567749023,2582
448.45104217529297,2446
449.4478702545166,2346
450.44493675231934,2346
451.4133930206299,2378
452.41403579711914,2382
454.4084072113037,2390
454.4084072113037,2430
455.4319381713867,2460
456.42900466918945,2514
457.4265480041504,2540
458.39977264404297,2542
459.42091941833496,2514
460.4191780090332,2478
461.41719818115234,2518
462.4159336090088,2486
463.4122848510742,2524
464.40863609313965,2526
465.4052257537842,2534
466.402530670166,2546
467.39935874938965,2546
468.3973789215088,2526
469.3949222564697,2484
470.39151191711426,2460
471.3892936706543,2420
472.38636016845703,2406
474.3521213531494,2358
474.3521213531494,2362
475.34990310668945,2326
476.3472080230713,2382
477.3447513580322,2342
478.34205627441406,2346
479.3393611907959,2354
480.33666610717773,2342
481.33397102355957,2348
482.3310375213623,2350
483.32881927490234,2360
484.325647354126,2338
485.3231906890869,2358
486.32073402404785,2390
487.3180389404297,2418
488.3155822753906,2410
489.31312561035156,2410
491.30749702453613,2418
491.30749702453613,2414
492.30456352233887,2428
493.3023452758789,2414
494.29941177368164,2360
495.2962398529053,2374
497.29108810424805,2294
498.288631439209,2328
499.2856979370117,2318
500.28324127197266,2346
501.2807846069336,2358
502.27832794189453,2340
503.27563285827637,2346
504.27746772766113,2330
505.27048110961914,2332
506.26683235168457,2346
507.28535652160645,2382
508.2824230194092,2384
509.310245513916,2348
510.28966903686523,2330
511.28125190734863,2326
512.2787952423096,2358
513.279914855957,2342
514.2810344696045,2360
515.2943134307861,2326
516.2911415100098,2286
517.2655582427979,2282
518.2886123657227,2270
519.233226776123,2280
520.2581882476807,2258
521.2569236755371,2252
522.2532749176025,2230
523.2503414154053,2230
524.2481231689453,2278
525.2461433410645,2284
526.2424945831299,2294
527.2107124328613,2330
528.2373428344727,2314
529.2346477508545,2318
530.2314758300781,2332
531.2368869781494,2314
532.2265625,2304
533.2300662994385,2318
534.2211723327637,2322
535.2182388305664,2322
536.1874103546143,2328
537.1842384338379,2354
538.1813049316406,2378
539.1788482666016,2392
540.1792526245117,2366
541.1791801452637,2354
542.172908782959,2350
543.1692600250244,2366
544.1675186157227,2382
545.1645851135254,2334
546.1616516113281,2294
547.1789836883545,2332
548.15673828125,2324
549.1538047790527,2384
550.1513481140137,2354
551.1479377746582,2384
552.1590709686279,2382
553.1454086303711,2330
554.1386604309082,2344
555.1357269287109,2354
556.1332702636719,2424
557.1303367614746,2350
558.1278800964355,2410
559.1249465942383,2394
560.1222515106201,2408
561.1200332641602,2444
562.117338180542,2426
563.1141662597656,2426
564.1117095947266,2450
565.1090145111084,2410
566.1067962646484,2416
567.1212673187256,2418
568.1021213531494,2422
569.1056251525879,2384
570.096492767334,2346
571.0940361022949,2366
572.0920562744141,2346
573.0876922607422,2334
574.0852355957031,2406
575.082540512085,2416
576.0800838470459,2390
577.0771503448486,2362
578.0746936798096,2348
579.0727138519287,2350
580.0693035125732,2346
581.0666084289551,2352
582.0784568786621,2362
583.064079284668,2358
584.0609073638916,2364
585.0582122802734,2358
586.0557556152344,2422
587.0740413665771,2414
588.050365447998,2398
589.0467166900635,2398
590.0435447692871,2416
591.0415649414062,2378
592.038631439209,2384
593.0356979370117,2380
594.03395652771,2378
595.0310230255127,2398
596.0292816162109,2394
597.0263481140137,2410
598.0641841888428,2478
599.0197658538818,2484
600.048303604126,2490
601.0193824768066,2454
602.0448207855225,2414
603.0409336090088,2420
604.0334701538086,2398
605.0305366516113,2378
606.0004234313965,2386
606.9982051849365,2358
607.994794845581,2320
608.9925765991211,2346
609.9898815155029,2326
610.9869480133057,2332
611.9852066040039,2320
612.9896640777588,2330
613.9791011810303,2350
614.9771213531494,2362
615.9751415252686,2348
616.9724464416504,2354
617.9690361022949,2418
618.9670562744141,2388
619.9643611907959,2398
620.9611892700195,2424
621.9584941864014,2424
622.9560375213623,2454
623.9526271820068,2460
624.9501705169678,2454
625.9467601776123,2470
626.9450187683105,2394
627.9566287994385,2372
628.9515495300293,2382
629.9359798431396,2394
630.9330463409424,2362
631.9310665130615,2394
632.9288482666016,2358
633.9256763458252,2392
634.925127029419,2414
635.922908782959,2418
636.9330883026123,2394
637.9170417785645,2418
638.9169692993164,2362
639.9111747741699,2364
640.9115791320801,2342
641.9103145599365,2294
642.9116725921631,2298
643.9013481140137,2320
644.9131965637207,2356
645.8959579467773,2366
646.8932628631592,2390
647.890567779541,2352
648.8878726959229,2374
649.8923301696777,2346
650.8820056915283,2344
651.8805027008057,2346
652.8768539428711,2338
653.8736820220947,2344
654.8709869384766,2374
655.8690071105957,2414
656.8660736083984,2470
657.8629016876221,2490
658.860445022583,2524
659.858226776123,2524
660.8550548553467,2546
661.8523597717285,2538
662.8501415252686,2474
663.8469696044922,2460
664.8445129394531,2416
665.8430099487305,2410
666.839599609375,2394
667.8364276885986,2350
668.8339710235596,2332
669.8324680328369,2354
670.828104019165,2330
671.8258857727051,2352
672.8224754333496,2388
673.8200187683105,2398
674.8178005218506,2450
675.8155822753906,2462
676.811933517456,2462
677.8099536895752,2474
678.8070201873779,2514
679.8040866851807,2526
680.8023452758789,2534
681.7996501922607,2490
682.7964782714844,2482
683.7942600250244,2462
684.790849685669,2538
685.7876777648926,2490
686.7866516113281,2482
687.7837181091309,2448
688.7800693511963,2446
689.8038387298584,2394
690.7751560211182,2448
691.7994022369385,2426
692.795991897583,2366
693.7968730926514,2366
694.7906017303467,2466
695.7614421844482,2458
696.7592239379883,2398
697.7555751800537,2426
698.7531185150146,2358
699.7501850128174,2350
700.7477283477783,2334
701.7455101013184,2318
702.7432918548584,2302
703.7396430969238,2346
704.7379016876221,2386
705.7366371154785,2358
706.7317962646484,2418
707.7291011810303,2428
708.7266445159912,2386
709.723949432373,2432
710.7224464416504,2386
711.719274520874,2366
712.7165794372559,2378
713.7131690979004,2374
714.7102355957031,2386
715.7070636749268,2390
716.7069911956787,2414
717.7042961120605,2414
718.6999320983887,2406
719.698429107666,2426
720.6950187683105,2454
721.6925621032715,2422
722.6898670196533,2428
723.686695098877,2398
724.6837615966797,2402
725.6882190704346,2364
726.6790866851807,2414
727.6761531829834,2398
728.6734580993652,2406
729.6702861785889,2422
730.6678295135498,2466
731.666088104248,2458
732.6631546020508,2474
733.6602210998535,2466
734.6572875976562,2482
735.6557846069336,2494
736.6714477539062,2484
737.677812576294,2470
738.6841773986816,2414
739.6724224090576,2450
740.6704425811768,2458
741.6665554046631,2494
742.6671981811523,2478
743.661642074585,2446
744.6599006652832,2488
745.6271648406982,2450
746.6545104980469,2426
747.6379871368408,2408
748.6488819122314,2414
749.6168613433838,2384
750.6158351898193,2378
751.6124248504639,2378
752.6109218597412,2378
753.6072731018066,2414
754.6041011810303,2410
755.6023597717285,2422
756.598711013794,2430
757.5960159301758,2474
758.5933208465576,2446
759.5906257629395,2470
760.5888843536377,2444
761.5866661071777,2410
762.5832557678223,2390
763.580322265625,2430
764.5776271820068,2500
765.5766010284424,2486
766.5736675262451,2522
767.6022052764893,2482
768.5654163360596,2478
769.5631980895996,2456
770.6155776977539,2450
771.5578079223633,2422
772.5558280944824,2386
773.5793590545654,2360
774.5893001556396,2352
775.5482196807861,2338
776.5812873840332,2374
777.5423526763916,2418
778.5687446594238,2426
779.5650959014893,2410
780.5626392364502,2394
781.5349102020264,2410
782.5314998626709,2418
783.527135848999,2430
784.5237255096436,2412
785.5215072631836,2410
786.517858505249,2394
787.5423431396484,2426
788.5415554046631,2474
789.543628692627,2502
790.5411720275879,2504
791.5329933166504,2470
792.5360202789307,2444
793.5352325439453,2430
794.525146484375,2448
795.494556427002,2466
796.4911460876465,2478
797.4879741668701,2454
798.4859943389893,2430
799.4828224182129,2448
800.480842590332,2494
801.4810085296631,2494
803.4746646881104,2506
803.4746646881104,2512
804.4705390930176,2450
805.4821491241455,2502
806.4656257629395,2462
807.4631690979004,2424
808.4602355957031,2454
809.4570636749268,2410
810.4546070098877,2362
811.4509582519531,2410
812.4477863311768,2398
813.4450912475586,2390
814.4421577453613,2422
815.4401779174805,2398
816.4377212524414,2378
817.434549331665,2362
818.4313774108887,2378
819.429874420166,2386
820.4262256622314,2360
821.4237689971924,2328
822.4210739135742,2352
823.418378829956,2366
824.4154453277588,2364
825.4170417785645,2382
827.4097442626953,2386
827.4097442626953,2386
828.4070491790771,2390
829.432487487793,2394
830.4300308227539,2378
831.4273357391357,2400
832.3988914489746,2390
833.4217071533203,2382
835.3879451751709,2388
836.38596534729,2378
837.4118804931641,2394
837.4118804931641,2494
838.4058475494385,2502
840.3732776641846,2458
841.3727283477783,2430
842.3683643341064,2446
843.3680534362793,2386
843.3680534362793,2386
845.360279083252,2356
845.360279083252,2346
846.3883399963379,2338
847.3856449127197,2346
849.3497371673584,2398
850.3477573394775,2398
851.3445854187012,2450
852.3416519165039,2450
852.3416519165039,2510
853.3406257629395,2486
855.3357124328613,2502
855.3357124328613,2494
857.3300838470459,2490
858.3271503448486,2494
859.3242168426514,2462
860.3215217590332,2478
861.3195419311523,2534
861.3195419311523,2550
863.314151763916,2546
864.3112182617188,2518
865.307092666626,2508
866.3067817687988,2492
867.3038482666016,2482
868.3009147644043,2428
869.2986965179443,2446
870.295524597168,2446
871.2923526763916,2472
872.2894191741943,2424
873.3155727386475,2430
874.3124008178711,2448
875.2803802490234,2492
876.3079643249512,2430
877.2768974304199,2462
878.3016204833984,2452
879.2994022369385,2458
880.2967071533203,2414
881.2952041625977,2414
882.2641372680664,2404
883.2888603210449,2390
884.2580318450928,2362
885.2555751800537,2394
886.2559795379639,2366
887.2499465942383,2354
888.2887363433838,2332
889.2889022827148,2294
890.2909755706787,2260
891.240119934082,2234
892.2359943389893,2222
893.2621479034424,2234
894.2291736602783,2318
895.2281475067139,2342
896.2252140045166,2326
897.2516059875488,2364
898.249626159668,2412
899.2469310760498,2482
900.2435207366943,2458
901.2107849121094,2462
902.2223949432373,2410
903.2065868377686,2382
904.2317867279053,2354
905.2014350891113,2318
906.2271118164062,2326
907.2237014770508,2302
908.2212448120117,2330
909.2183113098145,2358
910.2222919464111,2398
911.1847877502441,2394
912.1811389923096,2394
913.1784439086914,2392
914.175271987915,2354
915.1737689971924,2352
916.1713123321533,2342
917.1690940856934,2314
918.1654453277588,2326
919.1958904266357,2298
920.1931953430176,2298
921.1595058441162,2318
922.1556186676025,2330
923.1815338134766,2286
924.1809844970703,2338
925.1468181610107,2350
926.1775016784668,2354
927.1705150604248,2314
928.1692504882812,2332
929.1665554046631,2318
930.1679134368896,2338
931.1668872833252,2352
932.1579933166504,2346
933.1552982330322,2318
934.1239929199219,2354
935.1351261138916,2378
936.1531734466553,2400
937.114953994751,2398
938.140869140625,2390
939.1384124755859,2358
940.1359558105469,2342
941.1370754241943,2334
942.1355724334717,2366
943.1276321411133,2384
944.0972805023193,2376
945.0936317443848,2386
946.1426734924316,2386
947.1180438995361,2366
948.1151103973389,2386
949.0828514099121,2398
950.0796794891357,2390
951.085090637207,2368
952.0752429962158,2362
953.0725479125977,2342
954.068660736084,2394
955.066442489624,2398
956.0647010803223,2410
957.0608139038086,2448
958.0583572387695,2424
959.0556621551514,2454
960.0527286529541,2486
961.050271987915,2510
962.047815322876,2490
963.0448818206787,2448
964.0419483184814,2410
965.0423526763916,2406
966.0379886627197,2448
967.0364856719971,2446
968.0607318878174,2478
969.0306186676025,2404
970.0584411621094,2386
971.0264205932617,2382
972.0230102539062,2398
973.0474948883057,2414
974.0455150604248,2358
975.0149250030518,2472
976.0468006134033,2330
977.0369529724121,2342
978.0066013336182,2288
979.0315628051758,2298
980.0295829772949,2302
981.0276031494141,2326
982.0253849029541,2314
983.0210208892822,2350
983.9961528778076,2360
984.9884510040283,2390
985.9859943389893,2376
987.008810043335,2414
988.006591796875,2368
989.0036582946777,2416
990.0007247924805,2446
991.0008907318115,2432
992.0089244842529,2430
992.9943084716797,2470
993.9641952514648,2458
994.9624538421631,2454
995.9578514099121,2466
996.983528137207,2478
997.9853630065918,2458
998.9504814147949,2446
999.9756813049316,2428
1000.9744167327881,2422
1001.9726753234863,2394
1002.9404163360596,2354
1003.936767578125,2406
1004.9335956573486,2456
1005.932092666626,2470
1006.9289207458496,2442
1007.9257488250732,2458
1008.9232921600342,2482
1009.9215507507324,2476
1010.9190940856934,2490
1011.9166374206543,2458
1012.9148960113525,2514
1013.9102935791016,2454
1014.909029006958,2480
1015.9075260162354,2470
1016.9026851654053,2494
1017.8999900817871,2474
1018.8961029052734,2514
1019.9060440063477,2484
1020.9164619445801,2504
1021.888017654419,2492
1022.8865146636963,2488
1023.8831043243408,2478
1024.8804092407227,2478
1025.878667831421,2446
1026.8759727478027,2454
1027.87184715271,2510
1028.8703441619873,2482
1029.867172241211,2494
1030.86519241333,2460
1031.862497329712,2466
1032.8595638275146,2458
1033.8563919067383,2458
1034.8551273345947,2474
1035.8529090881348,2430
1036.8716716766357,2452
1037.846326828003,2458
1038.844108581543,2478
1039.8406982421875,2474
1040.8389568328857,2482
1041.8365001678467,2488
1042.8333282470703,2460
1043.8296794891357,2484
1044.8272228240967,2502
1045.825481414795,2430
1046.8225479125977,2494
1047.8198528289795,2482
1048.8169193267822,2474
1049.8151779174805,2450
1050.812005996704,2468
1051.8100261688232,2420
1052.8068542480469,2470
1053.8036823272705,2480
1054.800033569336,2480
1055.798053741455,2502
1056.7958354949951,2468
1057.7924251556396,2420
1058.7899684906006,2416
1059.7875118255615,2454
1060.7845783233643,2426
1061.7823600769043,2418
1062.7796649932861,2366
1063.7764930725098,2390
1064.7737979888916,2446
1065.7727718353271,2442
1066.7698383331299,2450
1067.765712738037,2482
1068.7637329101562,2412
1069.7603225708008,2386
1070.7666873931885,2376
1071.7558860778809,2384
1072.7527141571045,2382
1073.7495422363281,2386
1074.7466087341309,2374
1075.74462890625,2386
1076.742172241211,2384
1077.7397155761719,2410
1078.7365436553955,2474
1079.7343254089355,2470
1080.73091506958,2446
1081.7291736602783,2446
1082.7271938323975,2474
1083.7230682373047,2472
1084.721565246582,2458
1086.7257118225098,2416
1086.7257118225098,2410
1087.7134799957275,2412
1088.710069656372,2406
1089.707374572754,2430
1090.7046794891357,2460
1091.7024612426758,2470
1092.7000045776367,2426
1093.6970710754395,2458
1094.6955680847168,2416
1095.6923961639404,2456
1096.6897010803223,2474
1097.687005996704,2422
1098.6974239349365,2414
1099.6813774108887,2422
1100.6786823272705,2402
1101.675271987915,2430
1102.673053741455,2450
1103.6691665649414,2470
1104.6724319458008,2462
1105.6995391845703,2424
1106.6904067993164,2374
1107.6936721801758,2386
1108.686923980713,2418
1109.682321548462,2360
1110.6507778167725,2390
1111.6480827331543,2372
1112.644910812378,2366
1113.6419773101807,2382
1114.640474319458,2414
1115.649700164795,2430
1116.6353225708008,2466
1117.6321506500244,2454
1118.6296939849854,2458
1119.6343898773193,2478
1120.6567287445068,2450
1121.6514110565186,2498
1122.6484775543213,2494
1123.6517429351807,2482
1124.6132850646973,2462
1125.6415843963623,2470
1126.638650894165,2502
1127.6352405548096,2508
1128.6370754241943,2494
1129.6298503875732,2486
1130.627155303955,2446
1131.6251754760742,2422
1132.6220035552979,2432
1133.6207389831543,2424
1134.5868110656738,2388
1135.5857849121094,2392
1136.5830898284912,2398
1137.608528137207,2378
1138.6048793792725,2418
1139.6021842956543,2454
1140.6009197235107,2460
1141.5982246398926,2406
1142.5955295562744,2418
1143.5930728912354,2412
1144.5603370666504,2400
1145.5576419830322,2406
1146.5539932250977,2446
1147.5512981414795,2454
1148.5497951507568,2478
1149.5471000671387,2476
1150.5444049835205,2506
1151.5750885009766,2498
1152.540683746338,2494
1153.5663604736328,2506
1154.5336246490479,2462
1155.5607318878174,2450
1156.5587520599365,2446
1157.560110092163,2478
1158.5533618927002,2458
1159.5573425292969,2446
1160.531997680664,2426
1161.5142822265625,2440
1162.5118255615234,2450
1163.5088920593262,2470
1164.5102500915527,2452
1165.5046939849854,2472
1166.5043830871582,2524
1167.5288677215576,2412
1168.5278415679932,2394
1169.527530670166,2378
1170.4931259155273,2414
1171.5168952941895,2382
1172.5139617919922,2350
1173.5172271728516,2354
1174.4813919067383,2394
1175.506830215454,2384
1176.5079498291016,2384
1177.473783493042,2362
1178.4703731536865,2372
1179.4674396514893,2342
1180.4652214050293,2340
1181.4639568328857,2350
1182.4612617492676,2394
1183.4590435028076,2382
1184.453010559082,2394
1185.4619979858398,2448
1186.485767364502,2476
1187.4468326568604,2468
1188.4715557098389,2490
1189.4686222076416,2518
1190.4664039611816,2522
1191.4637088775635,2458
1192.4610137939453,2408
1193.4583187103271,2422
1194.4282054901123,2398
1195.45316696167,2418
1196.4221000671387,2408
1198.4169483184814,2398
1198.4169483184814,2358
1199.4152069091797,2410
1200.4404067993164,2386
1201.4400959014893,2388
1202.406883239746,2362
1203.432559967041,2342
1204.4000625610352,2346
1205.3985595703125,2380
1206.3953876495361,2410
1207.392692565918,2394
1208.3899974822998,2418
1209.3870639801025,2448
1210.4129791259766,2406
1211.380958557129,2400
1212.3782634735107,2444
1213.3755683898926,2474
1214.3733501434326,2444
1215.37184715271,2410
1216.3689136505127,2366
1217.3657417297363,2414
1218.3949947357178,2418
1219.3603515625,2430
1220.3922271728516,2426
1221.3847637176514,2426
1222.381353378296,2450
1224.34663772583,2410
1226.3004779815674,2414
1226.3004779815674,2454
1227.3082733154297,2410
1227.3082733154297,2396
1228.3098697662354,2414
1229.853868484497,2392
1230.870246887207,2416
1231.8530082702637,2414
1232.8498363494873,2454
1233.8457107543945,2456
1234.8451614379883,2424
1235.841989517212,2428
1236.8395328521729,2454
1237.8361225128174,2462
1238.8336658477783,2462
1239.830732345581,2444
1240.8576011657715,2410
1241.8575286865234,2426
1242.8514957427979,2430
1243.8204288482666,2418
1244.8177337646484,2430
1245.8326816558838,2478
1246.8125820159912,2490
1247.8392124176025,2426
1248.8353252410889,2458
1249.8323917388916,2442
1250.8349418640137,2444
1251.8270015716553,2406
1252.7942657470703,2390
1253.7920475006104,2362
1254.8191547393799,2386
1255.8159828186035,2420
1256.814956665039,2446
1257.8115463256836,2448
1258.8088512420654,2450
1259.8075866699219,2472
1260.7736587524414,2456
1261.7707252502441,2490
1262.7675533294678,2486
1263.7653350830078,2426
1264.798879623413,2442
1265.7899856567383,2474
1266.787052154541,2462
1267.7838802337646,2458
1268.782138824463,2504
1269.7489261627197,2534
1270.7765102386475,2510
1271.7442512512207,2490
1272.7410793304443,2510
1273.7383842468262,2514
1274.7361660003662,2514
1275.7349014282227,2510
1276.7634391784668,2482
1277.7602672576904,2462
1278.7537574768066,2414
1279.752254486084,2452
1280.7538509368896,2502
1281.7463874816895,2458
1282.743215560913,2462
1283.7116718292236,2478
1284.7099304199219,2442
1285.7074737548828,2454
1286.7052555084229,2422
1287.7023220062256,2418
1288.698434829712,2410
1289.6952629089355,2384
1290.6925678253174,2390
1291.6898727416992,2384
1292.6874160766602,2406
1293.684720993042,2414
1294.6834564208984,2446
1295.6798076629639,2454
1296.6766357421875,2448
1297.6739406585693,2446
1298.671007156372,2422
1299.668550491333,2416
1300.666093826294,2422
1301.6679286956787,2388
1302.664041519165,2394
1303.663730621338,2430
1304.6562671661377,2450
1305.654764175415,2430
1306.6518306732178,2462
1307.6756000518799,2446
1308.6762428283691,2430
1309.6754550933838,2396
1310.6539249420166,2390
1311.6366863250732,2386
1312.6633167266846,2346
1313.662052154541,2346
1314.6305084228516,2366
1315.6566619873047,2416
1316.638708114624,2454
1317.6207542419434,2474
1318.6180591583252,2490
1319.6170330047607,2502
1320.612907409668,2512
1321.610450744629,2506
1322.6072788238525,2510
1323.6052989959717,2480
1324.6026039123535,2522
1325.599193572998,2518
1326.5964984893799,2524
1327.5940418243408,2542
1328.5913467407227,2570
1329.5886516571045,2606
1330.5859565734863,2586
1331.5837383270264,2602
1332.5810432434082,2614
1333.5916996002197,2558
1334.5763683319092,2570
1335.5801105499268,2570
1336.5795612335205,2506
1337.5678062438965,2486
1338.5646343231201,2486
1339.5617008209229,2498
1340.5590057373047,2538
1341.5567874908447,2490
1342.5538539886475,2494
1343.5513973236084,2500
1344.5489406585693,2486
1345.546007156372,2422
1346.543550491333,2442
1347.5439548492432,2422
1348.5400676727295,2414
1349.5373725891113,2454
1350.534439086914,2448
1351.5324592590332,2418
1352.5314331054688,2458
1353.5265922546387,2454
1354.5236587524414,2482
1355.5209636688232,2484
1356.5185070037842,2490
1357.515573501587,2482
1358.5128784179688,2462
1359.5101833343506,2446
1360.5098724365234,2422
1361.5057468414307,2470
1362.504005432129,2418
1363.5268211364746,2450
1364.5246028900146,2476
1365.5221462249756,2468
1366.5275573730469,2510
1367.4893379211426,2522
1368.5169219970703,2482
1369.4844245910645,2490
1370.509147644043,2474
1371.5062141418457,2486
1372.502326965332,2502
1373.4993934631348,2490
1374.497890472412,2480
1375.4942417144775,2454
1376.4917850494385,2510
1378.4582614898682,2486
1378.4582614898682,2524
1379.455327987671,2520
1380.4523944854736,2486
1381.4501762390137,2458
1382.4470043182373,2454
1383.4447860717773,2478
1384.44185256958,2474
1385.439157485962,2452
1386.4367008209229,2454
1387.4337673187256,2442
1388.4310722351074,2474
1389.4283771514893,2494
1390.4259204864502,2518
1391.423225402832,2546
1392.4205303192139,2518
1393.4180736541748,2510
1394.4153785705566,2510
1395.4124450683594,2504
1396.4097499847412,2504
1397.4072933197021,2486
1398.4043598175049,2482
1399.4016647338867,2462
1400.3994464874268,2454
1401.3967514038086,2482
1402.3938179016113,2506
1403.3911228179932,2522
1404.388427734375,2486
1405.385971069336,2486
1406.3830375671387,2482
1407.3805809020996,2506
1408.3778858184814,2470
1409.3754291534424,2486
1410.3724956512451,2486
1411.370038986206,2484
1412.3671054840088,2506
1413.3644104003906,2510
1414.3619537353516,2526
1415.3592586517334,2518
1416.3568019866943,2510
1417.353868484497,2458
1418.351173400879,2458
1419.3484783172607,2448
1420.3457832336426,2458
1421.3433265686035,2458
1422.3406314849854,2502
1423.337697982788,2494
1424.3359565734863,2502
1425.33278465271,2542
1427.3271560668945,2538
1427.3271560668945,2550
1428.3244609832764,2614
1429.3220043182373,2606
1430.3193092346191,2546
1431.31685256958,2526
1432.3139190673828,2508
1434.309482574463,2510
1435.3063106536865,2482
1436.3038539886475,2490
1436.3038539886475,2458
1437.300443649292,2458
1438.2977485656738,2486
1440.293550491333,2502
1441.291093826294,2456
1442.2876834869385,2450
1443.2847499847412,2430
1444.282054901123,2426
1445.2791213989258,2398
1446.2766647338867,2406
1447.2737312316895,2472
1448.2710361480713,2428
1449.2685794830322,2446
1450.265884399414,2454
1451.263189315796,2442
1452.2602558135986,2486
1453.2580375671387,2502
1454.2551040649414,2490
1455.2524089813232,2486
1456.2501907348633,2470
1457.247257232666,2428
1458.2443237304688,2450
1459.2416286468506,2454
1460.2391719818115,2456
1461.2367153167725,2466
1462.2337818145752,2502
1463.2313251495361,2510
1464.228630065918,2498
1465.2259349822998,2506
1466.2230014801025,2502
1467.2205448150635,2480
1468.2178497314453,2478
1469.2151546478271,2450
1470.212459564209,2444
1471.2135791778564,2450
1472.20778465271,2398
1473.2489585876465,2398
1474.2026329040527,2398
1475.2273559570312,2398
1476.224422454834,2382
1477.2202968597412,2376
1478.2195091247559,2382
1479.217767715454,2382
1480.2141189575195,2374
1481.2114238739014,2378
1482.210397720337,2332
1483.2103252410889,2342
1484.2045307159424,2346
1485.2006435394287,2362
1486.1698150634766,2338
1487.1671199798584,2328
1488.1644248962402,2314
1489.161729812622,2326
1490.159273147583,2342
1491.156816482544,2342
1492.1538829803467,2302
1493.1511878967285,2282
1494.1484928131104,2302
1495.1457977294922,2302
1496.143102645874,2324
1497.1404075622559,2350
1498.1379508972168,2328
1499.1350173950195,2326
1500.1323223114014,2318
1501.159429550171,2342
1502.1560192108154,2330
1503.1523704528809,2346
1504.150152206421,2324
1505.1476955413818,2324
1506.1447620391846,2322
1507.1425437927246,2352
1508.1400871276855,2350
1509.1369152069092,2388
1510.1346969604492,2380
1511.1312866210938,2366
1512.1026039123535,2378
1513.1258964538574,2366
1514.1239166259766,2408
1515.1207447052002,2388
1516.117811203003,2390
1517.1163082122803,2398
1518.113374710083,2406
1519.0825462341309,2398
1520.1072692871094,2410
1521.0790634155273,2418
1522.101640701294,2422
1523.099422454834,2414
1524.097204208374,2426
1525.0945091247559,2458
1526.0918140411377,2450
1527.0895957946777,2416
1528.0864238739014,2446
1529.0837287902832,2426
1530.081033706665,2410
1531.0800075531006,2428
1532.0751667022705,2456
1533.0727100372314,2470
1534.0702533721924,2472
1535.0675582885742,2472
1536.0658168792725,2490
1537.062168121338,2454
1538.0592346191406,2476
1539.0565395355225,2490
1540.0538444519043,2494
1541.0525798797607,2452
1542.048692703247,2470
1543.050765991211,2462
1544.0163612365723,2488
1545.0127124786377,2504
1546.0097789764404,2462
1547.0073223114014,2458
1548.0046272277832,2474
1549.001932144165,2486
1549.9989986419678,2474
1550.9965419769287,2514
1551.9938468933105,2426
1552.9911518096924,2426
1553.9884567260742,2428
1554.985761642456,2442
1555.983066558838,2416
1556.9803714752197,2430
1557.9779148101807,2474
1558.9752197265625,2454
1559.9722862243652,2444
1560.9700679779053,2454
1561.967372894287,2446
1562.992811203003,2450
1563.995599746704,2450
1564.9876594543457,2452
1565.9887790679932,2426
1566.9820308685303,2430
1567.9800510406494,2454
1568.9496994018555,2450
1569.9741840362549,2422
1570.9726810455322,2452
1571.9692707061768,2426
1572.9663372039795,2446
1573.9631652832031,2474
1574.9609470367432,2422
1575.958490371704,2450
1576.9565105438232,2406
1577.9528617858887,2450
1578.9504051208496,2422
1579.9477100372314,2406
1580.9168815612793,2474
1582.5109481811523,2446
1582.9393863677979,2422
1583.5607051849365,2448
1584.5041275024414,2478
1585.6029987335205,2458
1586.629867553711,2450
1587.6266956329346,2450
1588.625192642212,2444
1589.6227359771729,2428
1590.5914306640625,2448
1591.620922088623,2450
1592.613935470581,2458
1593.583345413208,2478
1594.5806503295898,2478
1595.5779552459717,2478
1596.5752601623535,2448
1597.5816249847412,2454
1598.569631576538,2466
1599.5674133300781,2478
1600.56471824646,2508
1601.5620231628418,2482
1602.5702953338623,2446
1603.5563945770264,2480
1604.5536994934082,2528
1605.550765991211,2548
1606.576681137085,2520
1607.574224472046,2522
1608.5715293884277,2510
1609.5411777496338,2502
1610.5446815490723,2494
1611.5353107452393,2486
1612.5600337982178,2462
1613.5578155517578,2454
1614.5613193511963,2462
1615.5586242675781,2486
1616.55592918396,2506
1617.555856704712,2522
1618.5505390167236,2518
1619.5425987243652,2506
1620.539665222168,2502
1621.537685394287,2474
1622.5337982177734,2476
1623.5358715057373,2506
1624.5286464691162,2490
1625.5254745483398,2454
1626.523494720459,2486
1627.5205612182617,2510
1628.5185813903809,2466
1629.5146942138672,2474
1630.5124759674072,2516
1631.5114498138428,2504
1632.507562637329,2492
1633.5046291351318,2502
1634.5021724700928,2480
1635.5063915252686,2514
1636.4974975585938,2458
1637.4943256378174,2474
1638.491153717041,2474
1639.4896507263184,2478
1640.486478805542,2468
1641.4554119110107,2486
1642.4806118011475,2492
1643.4814929962158,2514
1644.4482803344727,2518
1645.4763412475586,2494
1646.4695930480957,2506
1647.4673748016357,2504
1648.4646797180176,2506
1649.4619846343994,2512
1650.4592895507812,2492
1651.4575481414795,2514
1652.4271965026855,2526
1653.4514427185059,2518
1654.4525623321533,2546
1655.4195880889893,2554
1656.4161777496338,2550
1657.4137210845947,2520
1658.4110260009766,2536
1659.4085693359375,2514
1661.4043712615967,2494
1661.4043712615967,2546
1662.4014377593994,2518
1663.398027420044,2510
1664.3953323364258,2538
1665.3926372528076,2524
1666.3899421691895,2526
1667.3872470855713,2578
1668.3847904205322,2552
1669.382095336914,2522
1670.3789234161377,2538
1671.3752746582031,2512
1672.372579574585,2518
1673.3696460723877,2518
1674.3669509887695,2538
1675.3642559051514,2538
1676.3615608215332,2526
1677.358865737915,2558
1678.3561706542969,2554
1679.3537139892578,2558
1680.3510189056396,2526
1681.3483238220215,2522
1682.3453903198242,2534
1683.3429336547852,2542
1685.3375434875488,2518
1685.3375434875488,2514
1687.3323917388916,2526
1687.3323917388916,2526
1689.3267631530762,2512
1690.3245449066162,2544
1691.321611404419,2558
1692.3189163208008,2518
1693.3164596557617,2526
1694.3137645721436,2476
1694.3137645721436,2514
1696.3081359863281,2510
1696.3081359863281,2492
1698.302984237671,2486
1698.302984237671,2506
1699.3002891540527,2554
1701.2951374053955,2542
1702.2924423217773,2514
1702.2924423217773,2526
1704.287052154541,2542
1705.2843570709229,2552
1706.2816619873047,2524
1707.2787284851074,2502
1708.2762718200684,2494
1709.2735767364502,2476
1710.270881652832,2512
1711.268424987793,2476
1712.2657299041748,2506
1713.2627964019775,2508
1714.2605781555176,2492
1715.2576446533203,2510
1716.2549495697021,2550
1717.2808647155762,2552
1718.278169631958,2524
1719.2754745483398,2518
1720.2720642089844,2510
1721.2703227996826,2480
1722.2392559051514,2470
1723.264217376709,2482
1724.2627143859863,2518
1725.2593040466309,2512
1726.2566089630127,2586
1727.2281646728516,2482
1728.2512187957764,2534
1729.248285293579,2518
1730.2453517913818,2510
1731.2448024749756,2504
1732.2399616241455,2470
1733.2372665405273,2466
1734.2348098754883,2454
1735.2385520935059,2502
1736.2360954284668,2482
1737.2360229492188,2478
1738.2309436798096,2518
1739.231824874878,2534
1740.2188777923584,2520
1741.218090057373,2540
1742.2139644622803,2510
1743.2162761688232,2478
1744.180679321289,2512
1745.192050933838,2472
1746.2201118469238,2470
1747.2200393676758,2506
1748.2223510742188,2502
1749.2196559906006,2510
1750.192403793335,2510
1751.1897087097168,2524
1752.1989345550537,2486
1753.1585693359375,2490
1754.1840076446533,2494
1755.1524639129639,2502
1756.1776638031006,2486
1757.1752071380615,2474
1758.1713199615479,2454
1759.1681480407715,2482
1760.1661682128906,2490
1761.1353397369385,2518
1762.160301208496,2498
1763.1583213806152,2506
1764.1551494598389,2514
1765.1526927947998,2518
1766.1504745483398,2494
1767.1494483947754,2538
1768.14603805542,2488
1769.1435813903809,2470
1770.1406478881836,2484
1771.1100578308105,2502
1772.1433639526367,2510
1773.136854171753,2514
1774.1367816925049,2538
1775.1317024230957,2518
1776.1290073394775,2486
1777.1296501159668,2522
1778.1190872192383,2510
1779.1171073913574,2512
1780.1134586334229,2486
1781.0847759246826,2482
1782.1080684661865,2490
1783.1056118011475,2476
1784.1029167175293,2486
1785.1002216339111,2518
1786.097764968872,2706
1787.0948314666748,2510
1788.0923748016357,2518
1789.0896797180176,2502
1790.0879383087158,2518
1791.0850048065186,2520
1792.0818328857422,2490
1793.0989265441895,2470
1794.048547744751,2486
1795.0737476348877,2502
1796.0710525512695,2502
1797.0688343048096,2550
1798.0656623840332,2538
1799.0663051605225,2534
1800.0671863555908,2534
1801.058053970337,2518
1802.0553588867188,2514
1803.0736446380615,2482
1804.0533065795898,2490
1805.0510883331299,2470
1806.046485900879,2470
1807.042121887207,2478
1808.0391883850098,2500
1809.0095520019531,2474
1810.0063800811768,2522
1811.004638671875,2534
1812.028408050537,2538
1813.025712966919,2526
1814.0339851379395,2526
1815.0203227996826,2526
1816.0181045532227,2494
1817.0154094696045,2484
1818.0131912231445,2486
1818.981647491455,2466
1820.007562637329,2506
1821.0055828094482,2520
1822.0014572143555,2538
1822.9992389678955,2546
1823.9967823028564,2490
1824.9661922454834,2522
1826.0161876678467,2514
1826.9948959350586,2534
1827.9943466186523,2514
1828.984022140503,2510
1829.9806118011475,2474
1830.95121383667,2474
1831.9833278656006,2458
1832.9722881317139,2474
1833.9743614196777,2518
1834.9668979644775,2486
1835.9649181365967,2510
1836.9619846343994,2526
1837.9590511322021,2512
1838.9561176300049,2510
1839.9713039398193,2502
1840.9521579742432,2510
1841.9506549835205,2502
1842.9477214813232,2478
1843.9152240753174,2502
1844.9451923370361,2520
1845.9386825561523,2538
1846.9359874725342,2542
1847.9321002960205,2546
1848.9296436309814,2534
1849.9279022216797,2520
1850.9247303009033,2510
1851.8950939178467,2510
1852.9207706451416,2510
1853.917121887207,2514
1854.9153804779053,2476
1855.912208557129,2514
1856.9092750549316,2522
1857.9130172729492,2538
1858.9026927947998,2540
1859.9004745483398,2520
1860.8980178833008,2550
1861.8950843811035,2538
1862.8923892974854,2518
1863.8911247253418,2502
1864.886999130249,2482
1865.8854961395264,2478
1866.8830394744873,2502
1867.8791522979736,2478
1868.8836097717285,2536
1869.8737621307373,2534
1870.8734512329102,2534
1871.8414306640625,2522
1872.8656768798828,2516
1873.8627433776855,2486
1874.8605251312256,2486
1875.8594989776611,2486
1876.8627643585205,2446
1877.8562545776367,2456
1878.8495063781738,2452
1879.847526550293,2478
1880.8441162109375,2490
1881.8418979644775,2512
1882.8389644622803,2490
1883.8367462158203,2502
1884.833812713623,2538
1885.8308792114258,2518
1886.8286609649658,2476
1887.8257274627686,2470
1888.8261318206787,2446
1889.8234367370605,2474
1890.8178806304932,2460
1891.8147087097168,2506
1892.8124904632568,2470
1893.8102722167969,2502
1894.8071002960205,2542
1895.8046436309814,2514
1896.8019485473633,2518
1897.803544998169,2508
1898.7963199615479,2502
1899.7936248779297,2474
1900.7916450500488,2488
1901.7889499664307,2482
1902.7576446533203,2474
1903.7830829620361,2518
1904.7818183898926,2530
1905.7836532592773,2522
1906.7749977111816,2536
1907.780408859253,2526
1908.7698459625244,2540
1909.7671508789062,2522
1910.7656478881836,2512
1911.7624759674072,2506
1912.7593040466309,2474
1913.7568473815918,2492
1914.7534370422363,2472
1915.7516956329346,2486
1916.7485237121582,2486
1917.7460670471191,2488
1918.7431335449219,2526
1919.7404384613037,2546
1920.7379817962646,2524
1921.708345413208,2494
1922.7323532104492,2512
1923.7306118011475,2494
1924.727201461792,2506
1925.729513168335,2484
1926.7220497131348,2504
1927.7188777923584,2484
1928.6870956420898,2514
1929.6844005584717,2502
1930.6817054748535,2516
1933.4840774536133,2536
1933.67338180542,2536
1933.67338180542,2534
1935.173749923706,2514
1935.6763362884521,2502
1937.1776580810547,2482
1938.176155090332,2482
1939.1734600067139,2470
1940.1707649230957,2494
1941.1683082580566,2490
1942.1656131744385,2482
1943.1629180908203,2514
1944.1602230072021,2534
1945.1572895050049,2518
1946.1548328399658,2486
1947.1521377563477,2406
1948.1499195098877,2448
1949.1472244262695,2458
1950.1442909240723,2478
1951.141595840454,2468
1952.138900756836,2476
1953.1660079956055,2470
1954.1637897491455,2486
1955.160140991211,2506
1956.1576843261719,2526
1957.1545124053955,2506
1958.1873416900635,2486
1959.1495990753174,2482
1960.1473808288574,2460
1961.1155986785889,2468
1962.1148109436035,2454
1963.111400604248,2490
1964.108943939209,2478
1965.1062488555908,2506
1966.1083221435547,2506
1967.1010971069336,2510
1968.0984020233154,2484
1969.0957069396973,2522
1970.0927734375,2478
1971.090316772461,2422
1972.088098526001,2450
1973.0851650238037,2414
1974.0819931030273,2458
1975.0795364379883,2472
1976.0768413543701,2508
1977.0736694335938,2470
1978.0709743499756,2478
1979.0680408477783,2474
1980.0641536712646,2542
1981.0616970062256,2526
1982.0587635040283,2534
1983.0560684204102,2486
1984.053611755371,2510
1985.050916671753,2578
1986.0479831695557,2478
1987.0452880859375,2486
1988.0428314208984,2520
1989.0401363372803,2542
1990.037441253662,2546
1991.0352230072021,2558
1992.0322895050049,2546
1993.0293560028076,2548
1994.0266609191895,2558
1995.0263500213623,2484
1996.023178100586,2486
1997.0204830169678,2470
1998.0177879333496,2490
1999.0150928497314,2502
2000.0126361846924,2506
2001.0101795196533,2488
2002.007007598877,2514
2003.004789352417,2506
2004.0018558502197,2546
2004.9991607666016,2572
2005.9962272644043,2554
2006.9937705993652,2512
2007.991075515747,2510
2008.988380432129,2460
2009.986400604248,2458
2010.9832286834717,2506
2011.9805335998535,2502
2012.9776000976562,2512
2013.9751434326172,2522
2014.972448348999,2496
2015.96999168396,2522
2016.967535018921,2494
2017.9646015167236,2494
2018.9619064331055,2470
2019.9613571166992,2450
2020.9565162658691,2416
2021.9581127166748,2446
2022.9511260986328,2458
2023.9484310150146,2448
2024.9459743499756,2492
2025.9714126586914,2474
2026.993751525879,2474
2027.966022491455,2482
2028.9626121520996,2446
2029.9603939056396,2458
2030.9624671936035,2442
2031.9550037384033,2422
2032.9523086547852,2422
2033.949613571167,2430
2034.9204540252686,2474
2035.916805267334,2470
2036.9434356689453,2480
2037.9388332366943,2458
2038.9363765716553,2510
2039.9341583251953,2502
2040.9321784973145,2448
2041.9292449951172,2446
2042.9267883300781,2470
2043.8942909240723,2452
2044.9202060699463,2424
2045.9184646606445,2420
2046.9169616699219,2442
2047.9140281677246,2478
2048.9115715026855,2474
2049.9069690704346,2488
2050.9049892425537,2506
2051.875114440918,2474
2052.870750427246,2474
2053.896427154541,2480
2054.896116256714,2506
2055.891275405884,2454
2056.889295578003,2426
2057.8854084014893,2462
2058.88295173645,2470
2059.8833560943604,2482
2060.8510971069336,2504
2061.875343322754,2508
2062.8726482391357,2526
2063.871383666992,2510
2064.868450164795,2538
2065.8648014068604,2510
2066.861629486084,2478
2067.8608417510986,2486
2068.8798427581787,2486
2069.8535442352295,2460
2070.8515644073486,2458
2071.819305419922,2462
2072.817087173462,2490
2073.8418102264404,2522
2074.838876724243,2538
2075.836658477783,2586
2076.833724975586,2506
2077.831029891968,2488
2078.8283348083496,2478
2079.8254013061523,2446
2080.8279514312744,2430
2081.820249557495,2442
2082.819700241089,2424
2083.815097808838,2456
2084.812641143799,2518
2085.8094692230225,2522
2086.8070125579834,2474
2087.7761840820312,2494
2088.773488998413,2490
2089.770793914795,2510
2090.7680988311768,2482
2091.7654037475586,2502
2092.7629470825195,2492
2093.7600135803223,2494
2094.757318496704,2514
2095.754861831665,2522
2096.752166748047,2546
2097.7494716644287,2550
2098.7467765808105,2522
2099.7440814971924,2548
2100.741386413574,2538
2101.738929748535,2510
2102.736234664917,2506
2103.733539581299,2502
2104.7308444976807,2506
2105.7281494140625,2456
2106.7254543304443,2470
2107.722759246826,2484
2108.720064163208,2478
2109.717607498169,2492
2110.7306480407715,2518
2111.7122173309326,2478
2112.7095222473145,2476
2113.7068271636963,2488
2114.704132080078,2504
2115.701198577881,2470
2116.698980331421,2478
2117.6962852478027,2482
2118.6935901641846,2462
2119.6906566619873,2478
2120.6881999969482,2462
2121.68550491333,2462
2122.682809829712,2474
2123.6801147460938,2490
2124.6774196624756,2490
2125.6747245788574,2472
2126.6720294952393,2446
2127.6695728302,2450
2128.666877746582,2450
2129.6639442443848,2454
2130.6614875793457,2470
2131.6587924957275,2466
2132.6560974121094,2478
2133.6829662323,2478
2134.679079055786,2482
2135.6492042541504,2478
2136.674165725708,2488
2137.6712322235107,2430
2138.6685371398926,2444
2139.6660804748535,2446
2140.6705379486084,2418
2141.660690307617,2430
2142.6587104797363,2446
2143.6550617218018,2444
2144.652843475342,2428
2145.6501483917236,2474
2146.6474533081055,2482
2147.6452350616455,2466
2148.6425399780273,2470
2149.610757827759,2474
2150.6080627441406,2442
2151.6056060791016,2446
2152.6029109954834,2446
2153.599977493286,2470
2154.597282409668,2460
2155.594825744629,2444
2156.5921306610107,2450
2157.5894355773926,2474
2158.5867404937744,2502
2159.5840454101562,2446
2160.581350326538,2442
2161.57865524292,2414
2162.576198577881,2422
2163.5735034942627,2406
2164.5708084106445,2414
2165.5688285827637,2414
2166.565418243408,2398
2167.56272315979,2406
2168.560028076172,2454
2169.5573329925537,2472
2170.5548763275146,2468
2171.5521812438965,2486
2172.5497245788574,2490
2173.54679107666,2470
2174.544095993042,2458
2175.5411624908447,2446
2176.5389442443848,2454
2177.5362491607666,2458
2178.5333156585693,2470
2179.5308589935303,2484
2180.530548095703,2546
2181.528091430664,2482
2182.5246810913086,2470
2183.5219860076904,2450
2184.5178604125977,2428
2185.5149269104004,2430
2186.512231826782,2410
2187.509536743164,2418
2188.506841659546,2386
2189.5039081573486,2398
2190.5014514923096,2422
2191.4987564086914,2416
2192.4960613250732,2418
2193.493604660034,2424
2194.490909576416,2446
2195.488214492798,2480
2196.4852809906006,2450
2197.4828243255615,2418
2198.4801292419434,2424
2199.477195739746,2414
2200.474977493286,2446
2201.472282409668,2426
2202.4693489074707,2442
2203.4666538238525,2426
2204.4641971588135,2458
2205.4615020751953,2502
2206.458806991577,2492
2207.456111907959,2486
2208.453416824341,2510
2209.4507217407227,2510
2210.4647159576416,2410
2211.4479541778564,2430
2212.44478225708,2430
2213.442087173462,2430
2214.4391536712646,2628
2215.4364585876465,2422
2216.4337635040283,2410
2217.43106842041,2418
2218.428373336792,2450
2219.425678253174,2422
2220.4232215881348,2424
2221.4207649230957,2406
2222.4178314208984,2406
2223.4153747558594,2366
2224.412441253662,2378
2225.409984588623,2362
2226.4058589935303,2418
2227.402687072754,2442
2228.400468826294,2430
2229.3975353240967,2470
2230.3948402404785,2502
2231.3921451568604,2502
2232.3896884918213,2494
2233.386754989624,2508
2234.384059906006,2446
2235.381603240967,2418
2236.3789081573486,2448
2237.3762130737305,2502
2238.373279571533,2448
2239.370822906494,2412
2240.368127822876,2430
2241.368532180786,2404
2242.3644065856934,2406
2243.361711502075,2406
2244.359254837036,2390
2245.356559753418,2390
2246.3536262512207,2344
2247.3509311676025,2360
2248.3484745025635,2358
2249.345541000366,2380
2250.343084335327,2354
2252.337694168091,2362
2252.337694168091,2378
2253.3352375030518,2366
2254.3323040008545,2362
2255.3296089172363,2400
2256.3271522521973,2394
2257.324695587158,2398
2258.32200050354,2362
2260.3161334991455,2346
2261.3134384155273,2346
2262.3112201690674,2360
2263.308525085449,2382
2264.305591583252,2396
2265.303134918213,2392
2266.3004398345947,2374
2267.2977447509766,2406
2268.2950496673584,2378
2269.291400909424,2418
2270.317554473877,2368
2271.3184356689453,2338
2272.310972213745,2298
2273.308515548706,2318
2274.305582046509,2314
2275.3028869628906,2320
2276.304244995117,2330
2277.2719860076904,2352
2278.294801712036,2338
2279.292583465576,2382
2280.290365219116,2390
2281.259298324585,2392
2282.2842597961426,2364
2283.2815647125244,2350
2284.2791080474854,2322
2285.2766513824463,2322
2286.27347946167,2342
2287.2447967529297,2366
2288.2416248321533,2390
2289.238929748535,2398
2290.236711502075,2422
2291.233777999878,2410
2292.2310829162598,2384
2293.2286262512207,2426
2294.2261695861816,2414
2295.2232360839844,2320
2296.2231636047363,2378
2297.2233295440674,2378
2298.2230186462402,2362
2299.2236614227295,2390
2300.2169132232666,2386
2301.2070655822754,2426
2302.220106124878,2384
2303.2171726226807,2390
2304.2168617248535,2410
2305.21559715271,2422
2306.1933517456055,2396
2307.190418243408,2406
2308.1881999969482,2394
2309.185266494751,2386
2310.182571411133,2386
2311.180353164673,2380
2312.1774196624756,2382
2313.1754398345947,2378
2314.1722679138184,2380
2315.169334411621,2382
2316.166639328003,2360
2317.1913623809814,2358
2318.192720413208,2378
2319.185733795166,2362
2320.183515548706,2360
2321.1803436279297,2298
2322.179079055786,2298
2323.174476623535,2334
2324.1729736328125,2354
2325.1702785491943,2356
2326.167345046997,2422
2327.167510986328,2378
2328.1614780426025,2392
2329.1585445404053,2350
2330.156087875366,2342
2331.1550617218018,2378
2332.151412963867,2358
2333.148241043091,2344
2334.1455459594727,2342
2335.1426124572754,2362
2336.1406326293945,2350
2337.1376991271973,2386
2338.135242462158,2414
2339.132308959961,2394
2340.129613876343,2382
2341.128349304199,2384
2342.1239852905273,2394
2343.1224822998047,2406
2344.119071960449,2378
2345.116138458252,2386
2346.113443374634,2414
2347.1107482910156,2420
2348.081111907959,2416
2349.1055965423584,2422
2350.1029014587402,2466
2351.1011600494385,2430
2352.097988128662,2450
2353.0945777893066,2422
2354.093074798584,2414
2355.0896644592285,2364
2356.0874462127686,2362
2357.0845127105713,2358
2358.081817626953,2374
2359.079122543335,2362
2360.0759506225586,2396
2361.0754013061523,2406
2362.0710372924805,2410
2363.050937652588,2414
2364.039659500122,2430
2365.0364875793457,2446
2366.0335540771484,2390
2367.0308589935303,2382
2368.028163909912,2386
2369.025230407715,2360
2370.023012161255,2354
2371.020793914795,2366
2372.0176219940186,2346
2373.0149269104004,2374
2374.012231826782,2378
2375.009775161743,2418
2376.007080078125,2400
2377.004384994507,2382
2378.0016899108887,2350
2378.9992332458496,2382
2379.9962997436523,2390
2380.9940814971924,2394
2381.990909576416,2366
2382.988452911377,2362
2383.985757827759,2354
2384.9830627441406,2390
2385.9801292419434,2422
2386.977434158325,2458
2387.974977493286,2474
2388.972282409668,2444
2389.96958732605,2442
2390.9671306610107,2398
2391.9644355773926,2378
2392.9617404937744,2374
2393.9595222473145,2366
2394.956588745117,2358
2395.95365524292,2414
2396.9509601593018,2382
2397.9482650756836,2398
2398.9455699920654,2410
2399.9428749084473,2426
2400.9406566619873,2414
2401.937961578369,2426
2402.935028076172,2414
2403.9323329925537,2414
2404.9296379089355,2414
2405.9271812438965,2442
2406.924247741699,2452
2407.921552658081,2466
2408.9174270629883,2476
2409.91473197937,2478
2410.912036895752,2488
2411.909341812134,2408
2412.9066467285156,2382
2413.9039516448975,2366
2414.9014949798584,2318
2415.898561477661,2330
2416.896104812622,2344
2417.893409729004,2346
2418.8950061798096,2346
2419.8880195617676,2318
2420.8855628967285,2326
2421.8826293945312,2348
2422.879934310913,2286
2423.877477645874,2264
2424.905776977539,2236
2425.9018898010254,2206
2426.8994331359863,2246
2427.8955459594727,2302
2428.8926124572754,2296
2429.8956394195557,2322
2430.887460708618,2360
2431.885242462158,2346
2434.4449043273926,2390
2434.4449043273926,2470
2434.8793029785156,2504
2435.495138168335,2476
2436.4371299743652,2504
2437.549114227295,2468
2438.579559326172,2424
2439.547061920166,2390
2440.5431747436523,2422
2441.542625427246,2426
2442.5389766693115,2400
2443.5646533966064,2430
2444.5619583129883,2430
2445.5583095550537,2486
2446.5551376342773,2504
2447.55220413208,2502
2448.5511779785156,2470
2449.547052383423,2422
2450.5441188812256,2406
2451.5416622161865,2416
2452.5389671325684,2448
2453.537702560425,2480
2454.533815383911,2470
2455.502510070801,2502
2456.5000534057617,2538
2457.4971199035645,2550
2458.4944248199463,2538
2459.491729736328,2578
2460.4976177215576,2600
2461.5163803100586,2582
2462.512493133545,2540
2463.510513305664,2516
2464.5071029663086,2474
2465.5044078826904,2458
2466.5021896362305,2426
2467.5028324127197,2428
2468.496084213257,2464
2469.494342803955,2468
2470.491409301758,2470
2471.4901447296143,2480
2472.4857807159424,2486
2473.4840393066406,2456
2474.480390548706,2426
2475.478410720825,2414
2476.475954055786,2422
2477.4773120880127,2406
2478.4703254699707,2416
2479.4671535491943,2412
2480.464458465576,2446
2481.4627170562744,2458
2482.45906829834,2486
2483.4563732147217,2520
2484.4906330108643,2526
2486.4211082458496,2494
2486.4211082458496,2446
2487.417459487915,2468
2488.414525985718,2458
2489.4118309020996,2474
2490.4091358184814,2426
2491.4069175720215,2426
2492.403984069824,2470
2493.401288986206,2462
2494.398832321167,2470
2495.3958988189697,2514
2496.3932037353516,2502
2497.3905086517334,2494
2498.3880519866943,2474
2499.385356903076,2486
2500.382661819458,2490
2501.3797283172607,2492
2502.377510070801,2510
2503.3748149871826,2514
2504.3718814849854,2522
2505.3694248199463,2484
2506.366491317749,2548
2507.363796234131,2558
2508.3611011505127,2526
2509.3586444854736,2508
2510.3559494018555,2474
2511.3532543182373,2468
2512.3507976531982,2510
2513.347864151001,2494
2514.345169067383,2510
2515.3424739837646,2536
2516.3400173187256,2610
2517.3394680023193,2600
2518.336296081543,2614
2519.333839416504,2598
2520.3306674957275,2546
2521.3284492492676,2554
2522.3262310028076,2526
2523.322820663452,2520
2525.317668914795,2506
2526.3149738311768,2500
2527.3122787475586,2482
2528.3098220825195,2486
2529.3068885803223,2470
2530.304193496704,2490
2531.301975250244,2494
2532.299518585205,2510
2533.2963466644287,2558
2534.2936515808105,2554
2535.2909564971924,2514
2536.288261413574,2472
2537.285566329956,2414
2538.283109664917,2418
2539.280414581299,2414
2540.2774810791016,2394
2541.2747859954834,2430
2542.2723293304443,2390
2543.269395828247,2410
2544.266939163208,2426
2545.26424407959,2430
2546.2615489959717,2418
2547.2590923309326,2394
2548.2559204101562,2378
2549.2801666259766,2374
2550.2779483795166,2362
2551.2752532958984,2396
2552.246332168579,2430
2553.271770477295,2430
2554.266929626465,2426
2555.2642345428467,2442
2556.262254714966,2456
2557.2597980499268,2446
2558.2563877105713,2450
2559.253692626953,2452
2560.251235961914,2444
2561.2571239471436,2364
2562.2458457946777,2386
2563.2431507110596,2358
2564.216136932373,2422
2565.2148723602295,2424
2566.2145614624023,2458
2567.2144889831543,2474
2568.2151317596436,2478
2569.213628768921,2454
2570.2130794525146,2474
2571.1934566497803,2454
2572.190523147583,2448
2573.187828063965,2414
2574.1851329803467,2442
2575.1824378967285,2446
2576.1799812316895,2472
2577.1772861480713,2466
2578.174352645874,2456
2579.172134399414,2508
2580.169439315796,2478
2581.1665058135986,2492
2582.1640491485596,2508
2583.1613540649414,2486
2584.158420562744,2452
2585.155725479126,2474
2586.153268814087,2446
2587.1503353118896,2474
2588.1478786468506,2482
2589.1451835632324,2522
2590.1424884796143,2514
2591.139793395996,2510
2592.137098312378,2476
2593.134641647339,2478
2594.1321849823,2498
2595.1290130615234,2478
2596.1265563964844,2488
2597.123861312866,2448
2598.121166229248,2428
2599.118709564209,2442
2600.116014480591,2470
2601.1133193969727,2474
2602.1103858947754,2494
2603.1079292297363,2476
2604.105234146118,2480
2605.102300643921,2474
2606.100082397461,2446
2607.0971488952637,2454
2608.0944538116455,2486
2609.0917587280273,2410
2610.0895404815674,2394
2611.086845397949,2404
2612.084150314331,2458
2613.081455230713,2394
2614.0785217285156,2458
2615.0758266448975,2458
2616.0733699798584,2426
2617.0709133148193,2470
2618.067979812622,2430
2619.065284729004,2446
2620.0623512268066,2422
2621.0601329803467,2462
2622.0574378967285,2460
2623.0545043945312,2474
2624.052047729492,2458
2625.049114227295,2534
2626.0602474212646,2544
2627.0437240600586,2518
2628.0412673950195,2570
2629.0385723114014,2522
2630.035638809204,2522
2631.033420562744,2504
2632.030487060547,2484
2633.0277919769287,2470
2634.0255737304688,2486
2635.0247859954834,2462
2636.021852493286,2490
2637.018918991089,2524
2638.0162239074707,2534
2639.0132904052734,2540
2640.0108337402344,2508
2641.0071849823,2486
2642.0040130615234,2478
2643.0013179779053,2492
2643.998622894287,2478
2644.995927810669,2502
2645.993232727051,2470
2646.9905376434326,2480
2647.9880809783936,2454
2648.9853858947754,2474
2649.982690811157,2478
2650.97975730896,2514
2651.977300643921,2502
2652.9746055603027,2482
2653.9719104766846,2470
2654.9689769744873,2498
2655.979633331299,2478
2656.96382522583,2470
2657.961130142212,2454
2658.958673477173,2450
2659.9559783935547,2478
2660.9532833099365,2474
2661.9508266448975,2514
2662.9478931427,2574
2663.945198059082,2524
2664.942502975464,2506
2665.940046310425,2486
2666.9373512268066,2506
2667.9344177246094,2506
2668.931722640991,2518
2669.938087463379,2502
2670.926570892334,2522
2671.926259994507,2520
2672.930955886841,2522
2673.920154571533,2544
2674.917697906494,2522
2675.915002822876,2554
2676.9120693206787,2518
2677.9098510742188,2494
2678.9071559906006,2486
2679.9042224884033,2470
2680.901527404785,2486
2681.8995475769043,2490
2682.896137237549,2442
2683.8936805725098,2470
2684.8909854888916,2510
2685.8880519866943,2510
2686.8855953216553,2500
2687.882900238037,2486
2688.880443572998,2470
2689.877510070801,2430
2690.87553024292,2458
2691.8723583221436,2462
2692.8696632385254,2470
2693.8676834106445,2470
2694.86403465271,2462
2696.366786956787,2480
2696.366786956787,2502
2697.5085735321045,2518
2698.507308959961,2518
2699.504613876343,2518
2700.5016803741455,2534
2701.4992237091064,2510
2702.4965286254883,2488
2703.522205352783,2514
2704.519748687744,2474
2705.516815185547,2506
2706.514358520508,2502
2707.5157165527344,2482
2708.514451980591,2510
2709.507465362549,2534
2710.5026245117188,2578
2711.501121520996,2534
2712.50581741333,2502
2713.4957313537598,2536
2714.4925594329834,2486
2715.4929637908936,2474
2716.4876461029053,2492
2717.484951019287,2490
2718.482494354248,2516
2719.479560852051,2510
2720.4794883728027,2526
2721.4479446411133,2544
2722.4721908569336,2560
2723.4692573547363,2582
2724.466323852539,2672
2725.4645824432373,2538
2726.4606952667236,2506
2727.4580001831055,2522
2728.456735610962,2542
2729.4540405273438,2522
2730.4506301879883,2514
2731.4493656158447,2542
2732.445001602173,2554
2733.4420680999756,2598
2734.41219329834,2552
2735.4092597961426,2554
2736.407518386841,2546
2737.4041080474854,2528
2738.401174545288,2522
2739.39847946167,2518
2740.39626121521,2472
2741.393804550171,2486
2742.3911094665527,2494
2743.3884143829346,2514
2744.3859577178955,2548
2745.38254737854,2534
2746.379852294922,2504
2747.3771572113037,2546
2748.3744621276855,2542
2749.372720718384,2518
2750.3695487976074,2518
2751.3670921325684,2480
2752.3646354675293,2514
2753.361701965332,2550
2754.3585300445557,2518
2755.3560733795166,2538
2756.3533782958984,2498
2757.350444793701,2578
2758.347749710083,2558
2759.345054626465,2586
2760.342836380005,2570
2761.341094970703,2534
2762.3374462127686,2518
2763.3349895477295,2610
2764.331817626953,2550
2765.329599380493,2554
2767.324447631836,2550
2768.3212757110596,2546
2769.319534301758,2554
2770.3163623809814,2544
2771.3143825531006,2578
2772.310733795166,2578
2773.308515548706,2598
2774.3053436279297,2550
2775.3028869628906,2558
2776.2999534606934,2534
2777.2982120513916,2522
2778.294563293457,2574
2779.292106628418,2538
2780.289649963379,2550
2781.287431716919,2582
2782.2842597961426,2574
2783.2815647125244,2614
2784.278631210327,2602
2785.275936126709,2614
2786.27347946167,2590
2787.2705459594727,2538
2788.2680892944336,2538
2789.2651557922363,2574
2790.2629375457764,2534
2791.261911392212,2550
2792.25754737854,2574
2793.255090713501,2578
2794.252634048462,2582
2795.2497005462646,2606
2796.24605178833,2610
2797.243118286133,2574
2798.2404232025146,2578
2799.2377281188965,2552
2800.2352714538574,2546
2801.2325763702393,2522
2802.2301197052,2558
2803.227186203003,2570
2804.2244911193848,2584
2805.2217960357666,2582
2806.2193393707275,2598
2807.2164058685303,2604
2808.215618133545,2598
2809.215545654297,2586
2810.215711593628,2578
2811.2499713897705,2546
2812.2479915618896,2526
2813.2483959198,2544
2814.2478466033936,2586
2815.2477741241455,2576
2816.2481784820557,2522
2817.218065261841,2550
2818.2156085968018,2590
2819.2124366760254,2586
2820.2102184295654,2604
2821.181297302246,2590
2822.20458984375,2594
2823.202133178711,2574
2824.199676513672,2570
2825.1686096191406,2524
2826.1656761169434,2514
2827.1636962890625,2542
2828.160524368286,2554
2829.157829284668,2572
2830.155372619629,2586
2831.1524391174316,2582
2832.1497440338135,2580
2833.1470489501953,2612
2834.1445922851562,2586
2835.141658782959,2596
2836.151123046875,2550
2837.1362686157227,2518
2838.1338119506836,2570
2839.1311168670654,2538
2840.1284217834473,2590
2841.125965118408,2590
2842.12327003479,2614
2843.120574951172,2602
2844.1176414489746,2618
2845.1151847839355,2612
2846.1124897003174,2606
2847.10955619812,2614
2848.10733795166,2606
2849.104404449463,2590
2850.1017093658447,2602
2851.0992527008057,2574
2852.0965576171875,2574
2853.0938625335693,2554
2854.091167449951,2590
2855.088710784912,2602
2856.085777282715,2606
2857.0830821990967,2598
2858.0806255340576,2570
2859.0776920318604,2572
2860.0752353668213,2588
2861.072540283203,2574
2862.069845199585,2570
2863.067150115967,2534
2864.0644550323486,2590
2865.0615215301514,2574
2866.0590648651123,2586
2867.0566082000732,2550
2868.053674697876,2602
2869.0593242645264,2582
2870.0485229492188,2578
2871.0458278656006,2570
2872.0428943634033,2552
2873.042583465576,2546
2874.039649963379,2542
2875.0369548797607,2554
2876.0340213775635,2542
2877.0313262939453,2600
2878.0288696289062,2598
2879.026174545288,2590
2880.02347946167,2594
2881.021022796631,2538
2882.0183277130127,2542
2883.0153942108154,2552
2884.0129375457764,2536
2885.010242462158,2506
2886.0085010528564,2542
2887.00532913208,2534
2888.002634048462,2546
2888.9999389648438,2582
2889.9967670440674,2554
2890.9947872161865,2560
2891.991376876831,2558
2892.988681793213,2586
2893.9874172210693,2542
2894.9837684631348,2590
2895.9808349609375,2556
2896.9781398773193,2538
2897.975444793701,2534
2898.972749710083,2554
2899.970054626465,2554
2900.967597961426,2570
2901.9649028778076,2584
2902.9622077941895,2574
2903.9595127105713,2590
2904.9572944641113,2586
2905.954122543335,2570
2906.951427459717,2542
2907.9487323760986,2542
2908.9462757110596,2554
2909.9433422088623,2538
2910.95232963562,2520
2911.9386672973633,2536
2912.935733795166,2572
2913.9328002929688,2590
2914.9301052093506,2606
2915.9276485443115,2598
2916.9249534606934,2582
2917.922019958496,2574
2918.919086456299,2582
2919.9445247650146,2584
2920.9439754486084,2586
2921.938896179199,2542
2922.9369163513184,2556
2923.9344596862793,2574
2924.931287765503,2576
2925.9276390075684,2614
2926.926374435425,2568
2927.9239177703857,2596
2928.919553756714,2572
2929.9182891845703,2554
2930.9167861938477,2582
2931.9114685058594,2576
2932.9097270965576,2582
2933.9067935943604,2578
2934.9048137664795,2536
2935.875415802002,2590
2936.903715133667,2558
2937.8955364227295,2570
2938.894271850586,2608
2939.892530441284,2596
2940.8888816833496,2582
2941.887140274048,2580
2942.8834915161133,2578
2943.854331970215,2586
2944.850206375122,2544
2945.875406265259,2558
2946.873426437378,2558
2947.8700160980225,2522
2948.867082595825,2590
2949.8651027679443,2622
2950.8345127105713,2614
2951.8606662750244,2582
2952.8274536132812,2582
2953.824520111084,2598
2954.8215866088867,2586
2955.8188915252686,2550
2956.8166732788086,2598
2957.8137397766113,2570
2958.811044692993,2558
2959.808349609375,2574
2960.805892944336,2586
2961.8029594421387,2608
2962.8002643585205,2622
2963.7978076934814,2612
2964.7951126098633,2594
2965.792179107666,2602
2966.789960861206,2574
2967.787027359009,2554
2968.7845706939697,2578
2969.7818756103516,2550
2970.7791805267334,2568
2971.7764854431152,2574
2972.773790359497,2574
2973.771095275879,2606
2974.7684001922607,2584
2975.7657051086426,2610
2976.7632484436035,2598
2977.7605533599854,2574
2978.757619857788,2586
2979.75492477417,2570
2980.752468109131,2558
2981.750011444092,2574
2982.7470779418945,2576
2983.7441444396973,2544
2984.741687774658,2574
2985.739231109619,2638
2986.736536026001,2638
2987.733840942383,2634
2988.7311458587646,2642
2989.7282123565674,2598
2990.725517272949,2574
2991.7232990264893,2538
2992.720365524292,2540
2993.717670440674,2590
2994.7152137756348,2588
2995.7125186920166,2538
2996.7098236083984,2576
2997.706890106201,2602
2998.704433441162,2606
2999.701738357544,2622
3000.699043273926,2586
3001.6965866088867,2584
3002.6936531066895,2554
3003.6909580230713,2580
3004.688501358032,2550
3005.685806274414,2598
3006.683111190796,2514
3007.6801776885986,2546
3008.6777210235596,2570
3009.6752643585205,2622
3010.6723308563232,2608
3011.669874191284,2582
3012.6681327819824,2618
3013.664484024048,2634
3014.6615505218506,2606
3015.6590938568115,2596
3016.6563987731934,2578
3017.6539421081543,2534
3018.651247024536,2544
3019.648551940918,2558
3020.6456184387207,2570
3021.6431617736816,2556
3022.6407051086426,2602
3023.6377716064453,2600
3024.635076522827,2598
3025.63214302063,2586
3026.629686355591,2556
3027.627468109131,2546
3028.6245346069336,2546
3029.6218395233154,2578
3030.6191444396973,2570
3031.616449356079,2568
3032.613515853882,2546
3033.611297607422,2578
3034.6083641052246,2598
3035.6056690216064,2646
3036.6032123565674,2642
3037.60027885437,2620
3038.597583770752,2580
3039.594888687134,2572
3040.5924320220947,2548
3041.5897369384766,2590
3042.587995529175,2576
3043.586492538452,2582
3044.583797454834,2588
3045.581102371216,2616
3046.5781688690186,2606
3047.5759506225586,2606
3048.5730171203613,2624
3049.570083618164,2604
3050.5683422088623,2582
3051.5637397766113,2578
3052.560806274414,2554
3053.5597801208496,2578
3054.5566082000732,2554
3055.554151535034,2598
3056.551456451416,2582
3057.548761367798,2594
3058.574438095093,2618
3059.5703125,2632
3060.5409145355225,2642
3061.565399169922,2622
3062.561511993408,2614
3063.560962677002,2598
3064.5573139190674,2586
3065.55438041687,2556
3066.551923751831,2622
3067.548990249634,2614
3068.546772003174,2602
3069.544792175293,2616
3070.5411434173584,2632
3071.5103149414062,2620
3073.5065937042236,2572
3073.5065937042236,2618
3074.503183364868,2582
3075.500249862671,2582
3076.4975547790527,2570
3077.4950981140137,2574
3078.4924030303955,2554
3079.4899463653564,2606
3080.4858207702637,2598
3081.4833641052246,2624
3082.4804306030273,2642
3083.477735519409,2638
3084.475040435791,2654
3085.472583770752,2642
3086.4696502685547,2616
3087.4671936035156,2596
3088.4647369384766,2550
3089.4618034362793,2598
3090.459108352661,2586
3091.456174850464,2602
3092.453718185425,2652
3093.4510231018066,2638
3094.4483280181885,2634
3095.4458713531494,2630
3096.4431762695312,2634
3097.440242767334,2612
3098.437547683716,2582
3099.4350910186768,2582
3100.4323959350586,2546
3101.4344692230225,2594
3102.4272441864014,2554
3103.424549102783,2602
3104.422092437744,2602
3105.419158935547,2586
3106.4164638519287,2598
3107.4137687683105,2608
3108.4110736846924,2622
3109.4088554382324,2616
3110.405921936035,2606
3111.403226852417,2584
3112.4002933502197,2522
3113.3978366851807,2582
3114.3951416015625,2550
3115.3924465179443,2608
3116.389513015747,2598
3117.387056350708,2642
3118.38436126709,2618
3119.3816661834717,2610
3120.379686355591,2640
3121.3765144348145,2620
3122.373580932617,2582
3123.371124267578,2574
3124.36842918396,2578
3125.365734100342,2578
3127.3765563964844,2598
3127.3765563964844,2588
3128.3576488494873,2582
3129.354953765869,2630
3130.35249710083,2622
3131.349802017212,2608
3132.3471069335938,2602
3133.3441734313965,2644
3134.3417167663574,2622
3135.3392601013184,2586
3136.336326599121,2578
3137.333869934082,2578
3138.3309364318848,2574
3139.3282413482666,2632
3140.3255462646484,2614
3142.320394515991,2646
3142.320394515991,2606
3144.314765930176,2634
3145.3123092651367,2654
3146.3096141815186,2604
3147.3069190979004,2586
3148.3044624328613,2582
3149.301767349243,2556
3150.299072265625,2568
3151.296615600586,2570
3152.2936820983887,2550
3153.2909870147705,2606
3154.2882919311523,2610
3155.2858352661133,2582
3156.283140182495,2578
3157.280206680298,2518
3158.277750015259,2570
3159.2750549316406,2578
3160.2723598480225,2572
3161.2696647644043,2546
3162.2672080993652,2544
3163.264274597168,2554
3164.26157951355,2610
3165.2591228485107,2650
3166.2564277648926,2642
3167.2537326812744,2642
3168.250799179077,2646
3169.248580932617,2598
3170.24564743042,2610
3171.243190765381,2632
3172.2404956817627,2614
3173.2378005981445,2610
3174.2351055145264,2606
3175.232172012329,2576
3176.22971534729,2610
3177.2282123565674,2610
3178.2243251800537,2638
3179.2218685150146,2638
3180.2189350128174,2618
3181.2164783477783,2620
3182.2142601013184,2630
3183.2115650177,2608
3184.208393096924,2602
3185.2059364318848,2610
3186.2032413482666,2574
3187.2005462646484,2582
3188.1978511810303,2602
3189.195156097412,2620
3190.192461013794,2614
3191.189765930176,2644
3192.1870708465576,2602
3193.1841373443604,2582
3194.19264793396,2598
3195.178985595703,2614
3196.176290512085,2598
3197.1757411956787,2654
3198.1725692749023,2588
3199.1701126098633,2576
3200.167179107666,2586
3201.164484024048,2610
3202.162981033325,2630
3203.1590938568115,2642
3204.1568756103516,2642
3205.1539421081543,2616
3206.1514854431152,2610
3207.148551940918,2618
3208.146095275879,2630
3209.1434001922607,2602
3210.1404666900635,2580
3211.1380100250244,2582
3212.1357917785645,2596
3213.132619857788,2598
3214.130163192749,2638
3215.1272296905518,2638
3216.1247730255127,2634
3217.1220779418945,2610
3218.1191444396973,2594
3219.116687774658,2578
3220.11399269104,2598
3221.11177444458,2578
3222.1086025238037,2550
3223.1061458587646,2550
3224.1034507751465,2574
3225.100517272949,2522
3226.097822189331,2602
3227.154016494751,2598
3228.1196117401123,2578
3229.116678237915,2586
3230.1135063171387,2550
3231.1110496520996,2536
3232.0809364318848,2514
3233.1056594848633,2550
3234.1034412384033,2554
3235.102653503418,2560
3236.0708713531494,2554
3237.0963096618652,2582
3238.097667694092,2618
3239.090919494629,2584
3240.086793899536,2634
3241.086006164551,2586
3242.082118988037,2574
3243.07918548584,2598
3244.0500259399414,2586
3245.0735569000244,2606
3246.0711002349854,2600
3247.0738887786865,2630
3248.0669021606445,2624
3249.063491821289,2620
3250.0603199005127,2612
3251.0592937469482,2670
3252.0546913146973,2642
3253.0531883239746,2616
3254.0500164031982,2602
3255.051612854004,2606
3256.044626235962,2554
3257.0419311523438,2596
3258.0387592315674,2618
3259.0367794036865,2606
3260.0340843200684,2598
3261.0323429107666,2634
3262.028455734253,2646
3263.026237487793,2650
3264.023780822754,2634
3265.0206089019775,2622
3266.0181522369385,2598
3267.0159339904785,2640
3268.014907836914,2574
3268.9852714538574,2554
3269.97971534729,2580
3271.0061073303223,2582
3272.0038890838623,2554
3273.000717163086,2602
3273.9691734313965,2602
3274.9950885772705,2622
3275.9923934936523,2610
3276.9899368286133,2610
3277.987241744995,2634
3278.984546661377,2554
3279.981851577759,2548
3280.9793949127197,2570
3281.9764614105225,2588
3282.982110977173,2578
3283.9713096618652,2578
3284.968376159668,2614
3285.9697341918945,2638
3286.9699001312256,2614
3287.9605293273926,2608
3288.928747177124,2598
3289.970636367798,2586
3290.952444076538,2584
3291.9352054595947,2538
3292.9766178131104,2574
3293.917655944824,2504
3294.9681282043457,2550
3295.9394454956055,2586
3296.936511993408,2580
3297.934055328369,2586
3298.9323139190674,2594
3299.9300956726074,2610
3300.9262084960938,2606
3301.9235134124756,2582
3302.8924465179443,2606
3303.9186000823975,2578
3304.886817932129,2554
3305.8838844299316,2582
3306.9100379943848,2610
3307.9071044921875,2608
3308.903932571411,2606
3309.903383255005,2616
3310.901165008545,2608
3311.8696212768555,2598
3312.893867492676,2584
3313.892364501953,2616
3314.8884773254395,2598
3315.8857822418213,2554
3316.883087158203,2552
3317.8813457489014,2582
3318.8531398773193,2602
3319.875478744507,2600
3320.84584236145,2610
3321.8698501586914,2586
3322.866916656494,2584
3323.8651752471924,2578
3324.861526489258,2598
3325.859785079956,2610
3326.856851577759,2586
3327.8539180755615,2538
3328.8512229919434,2534
3329.848527908325,2586
3330.8467864990234,2584
3331.843137741089,2582
3332.84854888916,2614
3333.8375091552734,2614
3334.8352909088135,2602
3335.8333110809326,2506
3336.8008136749268,2634
3337.7976417541504,2608
3338.794946670532,2578
3339.792013168335,2570
3340.789794921875,2556
3341.787099838257,2590
3342.7841663360596,2586
3343.7817096710205,2648
3344.7790145874023,2662
3345.776319503784,2586
3346.773862838745,2586
3347.770929336548,2648
3348.7682342529297,2646
3349.7655391693115,2650
3350.767135620117,2614
3351.7611026763916,2538
3352.7581691741943,2600
3353.755235671997,2594
3354.752540588379,2618
3355.7496070861816,2634
3356.7469120025635,2636
3357.7444553375244,2636
3358.7417602539062,2636
3359.738826751709,2638
3360.73637008667,2666
3361.733913421631,2618
3362.7309799194336,2632
3363.7280464172363,2622
3364.7258281707764,2588
3365.723133087158,2594
3366.720199584961,2614
3367.717742919922,2602
3368.7150478363037,2622
3369.7123527526855,2614
3370.7096576690674,2600
3371.7072010040283,2614
3372.704267501831,2624
3373.701572418213,2614
3374.699115753174,2616
3375.6964206695557,2606
3376.6937255859375,2526
3377.6910305023193,2522
3378.688335418701,2522
3379.685640335083,2572
3380.682945251465,2634
3381.680727005005,2588
3382.6777935028076,2576
3383.6748600006104,2570
3384.672164916992,2594
3385.669708251953,2574
3386.667013168335,2600
3387.6640796661377,2586
3388.6618614196777,2546
3389.6589279174805,2582
3390.6562328338623,2554
3391.6537761688232,2614
3392.651081085205,2586
3393.648386001587,2604
3394.6456909179688,2622
3395.6429958343506,2642
3396.6403007507324,2630
3397.6376056671143,2614
3398.634910583496,2606
3399.632215499878,2582
3400.629758834839,2578
3401.6270637512207,2574
3402.6243686676025,2578
3403.6216735839844,2598
3404.618978500366,2618
3405.616283416748,2602
3406.613826751709,2586
3407.6108932495117,2586
3408.6081981658936,2588
3409.6057415008545,2602
3410.6063842773438,2602
3411.630153656006,2574
3412.598133087158,2550
3413.595199584961,2570
3414.592742919922,2578
3415.619373321533,2650
3416.6159629821777,2608
3417.614221572876,2598
3418.6127185821533,2612
3419.6085929870605,2622
3420.577049255371,2594
3421.6039180755615,2590
3422.6012229919434,2558
3423.597812652588,2580
3424.595355987549,2550
3425.5926609039307,2526
3426.5899658203125,2574
3427.5600910186768,2596
3428.584098815918,2598
3429.582118988037,2574
3430.582284927368,2586
3431.5497875213623,2550
3434.115171432495,2586
3434.115171432495,2582
3435.1749420166016,2572
3436.1369609832764,2546
3437.258005142212,2522
3438.293933868408,2526
3439.2857551574707,2582
3440.286874771118,2576
3441.2496089935303,2602
3442.2478675842285,2584
3443.2592391967773,2600
3444.2696571350098,2614
3445.2669620513916,2584
3446.263551712036,2584
3447.260856628418,2584
3448.258638381958,2586
3449.25594329834,2554
3450.2553939819336,2546
3451.256513595581,2556
3452.221155166626,2578
3453.2470703125,2608
3454.2415142059326,2630
3455.2385807037354,2550
3456.237316131592,2582
3457.233428955078,2574
3458.2340717315674,2524
3459.2161178588867,2542
3460.2160453796387,2538
3461.225748062134,2514
3462.2509479522705,2504
3463.2513523101807,2538
3464.219808578491,2558
3465.2135372161865,2544
3466.219186782837,2574
3467.20814704895,2556
3468.205451965332,2580
3469.2070484161377,2604
3470.200777053833,2548
3471.2021350860596,2582
3472.1949100494385,2538
3473.1922149658203,2546
3474.189043045044,2558
3475.186347961426,2578
3476.1836528778076,2578
3477.1931171417236,2572
3478.178024291992,2596
3479.1760444641113,2610
3480.173110961914,2610
3481.142520904541,2584
3482.168674468994,2552
3483.1647872924805,2586
3484.1649532318115,2594
3485.1598739624023,2546
3486.1574172973633,2548
3487.154245376587,2528
3488.152265548706,2540
3489.149332046509,2602
3490.1463985443115,2582
3491.1160469055176,2582
3492.1412467956543,2614
3493.142604827881,2602
3494.135856628418,2554
3495.1329231262207,2548
3496.131181716919,2528
3497.1277713775635,2548
3498.1250762939453,2580
3499.1226196289062,2582
3500.11944770813,2522
3501.1181831359863,2606
3502.1257400512695,2570
3503.1118392944336,2586
3504.1091442108154,2596
3505.0785541534424,2602
3506.105422973633,2558
3507.1003437042236,2546
3508.0995559692383,2546
3509.0975761413574,2576
3510.094165802002,2576
3511.091470718384,2550
3512.0904445648193,2576
3513.093948364258,2574
3514.0843391418457,2606
3515.0814056396484,2578
3516.078233718872,2524
3517.076015472412,2574
3518.0726051330566,2596
3519.0744400024414,2554
3520.0681686401367,2526
3521.066188812256,2522
3522.0658779144287,2546
3523.0603218078613,2554
3524.056911468506,2566
3525.054454803467,2560
3526.0515213012695,2542
3527.050018310547,2604
3528.0516147613525,2618
3529.043436050415,2598
3530.0424098968506,2576
3531.04305267334,2520
3532.0358276367188,2486
3533.033609390259,2542
3534.0304374694824,2554
3535.027503967285,2558
3536.017656326294,2546
3537.0209217071533,2538
3538.0184650421143,2570
3539.0162467956543,2554
3540.013313293457,2598
3541.0120487213135,2586
3542.0081615448,2528
3543.0054664611816,2536
3544.0025329589844,2518
3545.0031757354736,2516
3545.9978580474854,2534
3546.994686126709,2542
3547.991991043091,2552
3548.9892959594727,2576
3549.987316131592,2572
3550.956964492798,2572
3551.982879638672,2552
3552.978277206421,2586
3553.9755821228027,2598
3554.9728870391846,2530
3555.9706687927246,2522
3556.9677352905273,2512
3557.9702854156494,2536
3558.962106704712,2538
3559.9594116210938,2574
3560.9593391418457,2570
3561.9547367095947,2578
3562.9525184631348,2576
3563.9491081237793,2598
3564.9471282958984,2598
3565.945625305176,2538
3566.9140815734863,2534
3567.9397583007812,2526
3568.9358711242676,2550
3569.934368133545,2544
3570.9316730499268,2534
3571.930170059204,2570
3572.927713394165,2582
3573.9235877990723,2588
3574.920892715454,2558
3575.9193897247314,2546
3576.9166946411133,2538
3577.913761138916,2546
3578.9103507995605,2574
3579.9074172973633,2506
3580.9104442596436,2502
3581.902027130127,2544
3582.9012393951416,2552
3583.897829055786,2572
3584.895133972168,2526
3585.8638286590576,2558
3586.8890285491943,2550
3587.886095046997,2606
3588.8915061950684,2558
3589.8804664611816,2554
3590.880870819092,2542
3591.848850250244,2494
3592.8728580474854,2510
3593.841314315796,2538
3594.839572906494,2558
3595.864772796631,2588
3596.86279296875,2552
3597.8598594665527,2578
3598.862409591675,2556
3599.853992462158,2518
3600.825071334839,2576
3601.848840713501,2598
3602.846384048462,2510
3603.843927383423,2490
3604.8409938812256,2514
3605.8382987976074,2526
3606.83536529541,2538
3607.83314704895,2578
3608.834743499756,2570
3609.8275184631348,2514
3610.826015472412,2574
3611.7959022521973,2542
3612.8196716308594,2556
3613.8174533843994,2576
3614.814043045044,2544
3615.811824798584,2526
3616.809129714966,2502
3617.8064346313477,2514
3618.779182434082,2586
3619.8015213012695,2548
3620.7988262176514,2496
3621.796131134033,2588
3622.793197631836,2570
3623.791217803955,2582
3624.788284301758,2550
3625.7853507995605,2526
3626.7824172973633,2522
3627.7518272399902,2512
3628.7496089935303,2454
3629.746437072754,2504
3630.7435035705566,2528
3631.742000579834,2534
3632.7390670776367,2558
3633.7356567382812,2546
3634.733200073242,2576
3635.730504989624,2550
3636.739730834961,2546
3637.7251148223877,2550
3638.7219429016113,2586
3639.7197246551514,2526
3640.742301940918,2502
3641.745090484619,2506
3642.7133083343506,2516
3644.2229747772217,2526
3644.7272300720215,2602
3646.233320236206,2606
3647.2342014312744,2586
3648.231267929077,2574
3649.228572845459,2556
3650.225877761841,2576
3651.22389793396,2534
3652.221441268921,2542
3653.217554092407,2546
3654.215097427368,2514
3655.21240234375,2512
3656.209707260132,2544
3657.2067737579346,2582
3658.254623413086,2576
3659.2280864715576,2570
3660.2253913879395,2556
3661.2226963043213,2546
3662.221670150757,2574
3663.217544555664,2552
3664.2165184020996,2604
3665.212869644165,2494
3666.2092208862305,2508
3667.2067642211914,2498
3668.2040691375732,2542
3669.1744327545166,2550
3670.1996326446533,2570
3671.1974143981934,2572
3672.1935272216797,2542
3673.1905937194824,2526
3674.1886138916016,2526
3675.1861572265625,2510
3676.1832237243652,2540
3677.152395248413,2522
3678.1811714172363,2494
3679.1746616363525,2522
3680.173635482788,2546
3681.1418533325195,2536
3682.1670532226562,2548
3683.1648349761963,2550
3684.161424636841,2520
3685.159206390381,2554
3686.156988143921,2582
3687.1535778045654,2538
3688.122510910034,2506
3689.120054244995,2514
3690.117359161377,2500
3691.114664077759,2536
3692.1119689941406,2534
3693.1092739105225,2522
3694.119453430176,2596
3695.103883743286,2576
3696.101427078247,2546
3697.098731994629,2546
3698.0957984924316,2570
3699.0933418273926,2576
3700.0906467437744,2590
3701.0879516601562,2574
3702.09002494812,2534
3703.082799911499,2522
3704.080104827881,2538
3705.0771713256836,2586
3706.0747146606445,2604
3707.0720195770264,2550
3708.069324493408,2588
3709.066867828369,2588
3710.063934326172,2548
3711.0612392425537,2570
3712.0585441589355,2580
3713.0560874938965,2546
3714.0533924102783,2554
3715.05069732666,2582
3716.047763824463,2606
3717.045307159424,2638
3718.0426120758057,2654
3719.0425395965576,2642
3720.0653553009033,2664
3721.0638523101807,2582
3722.060203552246,2586
3723.057746887207,2510
3724.055767059326,2500
3725.0521183013916,2548
3726.0494232177734,2614
3727.0474433898926,2556
3728.0445098876953,2554
3729.041576385498,2534
3730.039358139038,2582
3731.0404777526855,2572
3732.0332527160645,2606
3733.0353260040283,2574
3734.0283393859863,2538
3735.028028488159,2538
3736.0236644744873,2520
3737.020254135132,2552
3738.018274307251,2526
3739.0148639678955,2518
3740.0119304656982,2550
3741.0123348236084,2574
3742.006778717041,2552
3743.004083633423,2544
3744.001865386963,2558
3744.999647140503,2538
3745.9962368011475,2512
3746.994733810425,2518
3747.990846633911,2502
3748.988628387451,2510
3749.957323074341,2510
3750.9548664093018,2494
3751.9521713256836,2514
3752.9492378234863,2526
3753.946542739868,2526
3754.944086074829,2534
3755.941390991211,2544
3756.9384574890137,2512
3757.9357624053955,2510
3758.9333057403564,2526
3759.9306106567383,2520
3760.92791557312,2514
3761.9378566741943,2506
3762.922763824463,2490
3763.9198303222656,2514
3764.9171352386475,2484
3765.9149169921875,2490
3766.9122219085693,2574
3767.909288406372,2574
3768.9077854156494,2522
3769.904136657715,2506
3770.9014415740967,2470
3771.8985080718994,2514
3772.8960514068604,2506
3773.893356323242,2522
3774.890661239624,2520
3775.887966156006,2520
3776.8852710723877,2538
3777.8825759887695,2542
3778.8798809051514,2578
3779.8774242401123,2542
3780.8773517608643,2518
3781.874418258667,2546
3782.8710079193115,2550
3783.8683128356934,2518
3784.865617752075,2508
3785.863161087036,2526
3786.860466003418,2524
3787.8577709198,2524
3788.8548374176025,2558
3789.8521423339844,2574
3790.8496856689453,2556
3791.8472290039062,2558
3792.844533920288,2538
3793.846368789673,2552
3794.8391437530518,2500
3795.837163925171,2504
3796.8337535858154,2518
3797.830820083618,2526
3798.8288402557373,2510
3799.8251914978027,2520
3800.8501529693604,2534
3801.848888397217,2532
3802.8440475463867,2574
3803.8415908813477,2580
3804.840564727783,2534
3805.8364391326904,2508
3806.8337440490723,2474
3807.8317642211914,2458
3808.8295459747314,2482
3809.826612472534,2510
3810.824394226074,2518
3811.8202686309814,2506
3812.791585922241,2538
3813.814878463745,2538
3814.812421798706,2558
3815.809965133667,2538
3816.807508468628,2516
3817.8045749664307,2494
3818.803548812866,2478
3819.80037689209,2506
3820.79815864563,2504
3821.768045425415,2502
3822.7922916412354,2506
3823.791265487671,2514
3824.7926235198975,2514
3825.7839679718018,2534
3826.7812728881836,2554
3827.765703201294,2550
3828.7761211395264,2556
3829.7739028930664,2538
3830.77073097229,2520
3831.7692279815674,2490
3832.7653408050537,2494
3833.763360977173,2576
3834.7601890563965,2498
3835.7574939727783,2514
3836.756944656372,2522
3837.752103805542,2544
3838.749647140503,2534
3839.747667312622,2510
3840.7440185546875,2498
3841.7415618896484,2504
3842.7391052246094,2494
3843.7366485595703,2476
3844.733715057373,2506
3845.731019973755,2482
3846.729040145874,2472
3847.7261066436768,2450
3848.69384765625,2504
3849.6906757354736,2522
3850.6879806518555,2534
3851.6855239868164,2512
3852.6828289031982,2514
3853.679895401001,2546
3854.677200317383,2504
3855.6745052337646,2450
3856.6720485687256,2458
3857.6693534851074,2510
3858.6666584014893,2486
3859.663963317871,2512
3860.661268234253,2502
3861.658811569214,2510
3862.6561164855957,2486
3863.6534214019775,2522
3864.6504878997803,2482
3865.647792816162,2486
3866.645336151123,2470
3867.642641067505,2420
3868.6399459838867,2446
3869.6374893188477,2470
3870.6347942352295,2506
3871.6320991516113,2494
3872.629165649414,2502
3873.626947402954,2494
3874.624013900757,2514
3875.6213188171387,2518
3876.6188621520996,2526
3877.6159286499023,2488
3878.613233566284,2470
3879.610538482666,2470
3880.607843399048,2448
3881.605386734009,2458
3882.6026916503906,2514
3883.5997581481934,2506
3884.5973014831543,2510
3885.594606399536,2524
3886.591911315918,2546
3887.589454650879,2502
3888.5867595672607,2534
3889.5840644836426,2534
3890.5811309814453,2486
3891.5789127349854,2486
3892.575979232788,2478
3893.57328414917,2484
3894.570827484131,2514
3895.5678939819336,2514
3896.5651988983154,2494
3897.5625038146973,2522
3898.560047149658,2534
3899.55735206604,2546
3900.554656982422,2514
3901.552200317383,2506
3902.5492668151855,2506
3903.5465717315674,2444
3904.5441150665283,2478
3905.54141998291,2480
3906.538724899292,2478
3907.5357913970947,2518
3908.5333347320557,2534
3909.5306396484375,2522
3910.5281829833984,2510
3911.5254878997803,2512
3912.522792816162,2510
3913.519859313965,2502
3914.5171642303467,2526
3915.5147075653076,2476
3916.5117740631104,2474
3917.5093173980713,2474
3918.506383895874,2494
3919.503927230835,2510
3920.52960395813,2502
3921.5283393859863,2502
3922.527074813843,2494
3923.5219955444336,2518
3924.518823623657,2510
3925.5166053771973,2512
3927.4849891662598,2506
3927.4849891662598,2478
3928.5080432891846,2462
3929.478168487549,2470
3930.4752349853516,2506
3931.473731994629,2518
3932.4705600738525,2532
3933.4676265716553,2490
3934.464693069458,2506
3935.4612827301025,2510
3936.45977973938,2492
3937.4849796295166,2512
3938.4822845458984,2518
3939.479351043701,2494
3940.476655960083,2460
3941.473960876465,2454
3942.4428939819336,2474
3944.716453552246,2522
3944.716453552246,2512
3946.079969406128,2534
3947.0231533050537,2526
3948.087692260742,2524
3949.1143226623535,2554
3950.084447860718,2512
3951.1148929595947,2502
3952.106237411499,2458
3953.1033039093018,2458
3954.1032314300537,2488
3955.1045894622803,2488
3956.101655960083,2502
3957.1025371551514,2506
3958.097219467163,2490
3959.094285964966,2486
3960.085868835449,2502
3961.0824584960938,2490
3962.0537757873535,2486
3963.0770683288574,2478
3964.0750885009766,2462
3965.0721549987793,2442
3966.069221496582,2450
3967.0403003692627,2450
3968.0373668670654,2482
3969.034194946289,2490
3970.031976699829,2534
3971.029758453369,2502
3972.026586532593,2486
3973.024368286133,2506
3974.0214347839355,2512
3975.0187397003174,2506
3976.016044616699,2472
3977.0119190216064,2478
3978.008985519409,2482
3979.00652885437,2490
3980.003833770752,2488
3981.0009002685547,2534
3981.9984436035156,2536
3982.9959869384766,2526
3983.9930534362793,2492
3984.990358352661,2510
3985.987901687622,2470
3986.985206604004,2480
3987.9822731018066,2518
3988.9798164367676,2518
3989.9771213531494,2492
3990.9746646881104,2506
3991.971492767334,2494
3992.969274520874,2522
3993.9663410186768,2542
3994.9636459350586,2542
3995.9611892700195,2518
3996.9584941864014,2520
3997.960090637207,2522
3998.952865600586,2538
3999.950408935547,2550
4000.947952270508,2502
4001.9450187683105,2504
4002.9425621032715,2512
4003.939628601074,2506
4004.937171936035,2570
4005.934238433838,2550
4006.931781768799,2534
4007.9290866851807,2550
4008.9263916015625,2518
4009.9236965179443,2522
4010.921001434326,2510
4011.918544769287,2490
4012.943983078003,2510
4013.9424800872803,2474
4014.939785003662,2504
4015.936851501465,2526
4016.934633255005,2520
4017.9316997528076,2540
4018.9013481140137,2518
4019.9263095855713,2526
4020.9250450134277,2534
4021.921396255493,2510
4022.918701171875,2538
4023.916006088257,2526
4024.9128341674805,2578
4025.9103775024414,2534
4026.9081592559814,2506
4027.904748916626,2518
4028.8732051849365,2506
4029.8702716827393,2526
4030.8678150177,2534
4031.865119934082,2552
4032.862424850464,2502
4033.8597297668457,2502
4034.8570346832275,2500
4035.8543395996094,2482
4036.851644515991,2502
4037.849187850952,2494
4038.846492767334,2480
4039.8435592651367,2480
4040.8411026000977,2494
4041.8384075164795,2526
4042.8357124328613,2522
4043.8332557678223,2522
4044.830560684204,2502
4045.827865600586,2510
4046.825170516968,2478
4047.8525161743164,2490
4048.854112625122,2506
4049.846887588501,2502
4050.8172512054443,2506
4051.841974258423,2502
4052.8392791748047,2490
4053.8368225097656,2510
4054.833173751831,2510
4055.8018684387207,2534
4056.8013191223145,2546
4057.8253269195557,2506
4058.7949752807617,2494
4059.7927570343018,2478
4060.7893466949463,2486
4061.7873668670654,2512
4062.78395652771,2510
4063.781261444092,2518
4064.7788047790527,2514
4065.7761096954346,2534
4066.7731761932373,2526
4067.7709579467773,2542
4068.769931793213,2516
4069.765567779541,2486
4070.7626342773438,2490
4071.760654449463,2482
4072.7572441101074,2512
4073.7547874450684,2526
4074.772834777832,2522
4075.777292251587,2520
4076.7810344696045,2538
4077.772378921509,2526
4078.7694454193115,2550
4079.766273498535,2550
4080.7371139526367,2522
4081.761360168457,2514
4082.7584266662598,2542
4083.7557315826416,2482
4084.7535133361816,2476
4085.7512950897217,2506
4086.7538452148438,2520
4087.744951248169,2500
4088.74249458313,2520
4089.740037918091,2520
4090.7371044158936,2582
4091.707706451416,2574
4092.7324295043945,2538
4093.729019165039,2550
4094.726324081421,2544
4095.723867416382,2474
4096.721410751343,2482
4097.718715667725,2486
4098.716497421265,2522
4099.714040756226,2514
4100.710153579712,2502
4101.680755615234,2486
4102.70619392395,2538
4103.703022003174,2522
4104.670524597168,2536
4105.66782951355,2522
4106.665134429932,2490
4107.6624393463135,2490
4108.659744262695,2488
4109.657049179077,2518
4110.654354095459,2508
4111.65189743042,2490
4112.649202346802,2490
4113.6462688446045,2548
4114.643812179565,2534
4115.641117095947,2542
4116.638422012329,2534
4117.635488510132,2538
4118.633031845093,2532
4119.630336761475,2488
4120.627880096436,2482
4121.625185012817,2454
4122.622489929199,2482
4123.619794845581,2516
4124.616861343384,2538
4125.614404678345,2506
4126.611709594727,2506
4127.609014511108,2526
4128.606557846069,2534
4129.603862762451,2510
4130.600929260254,2486
4131.598234176636,2502
4132.595777511597,2490
4133.592844009399,2510
4134.59038734436,2514
4135.587692260742,2482
4136.585474014282,2462
4137.582302093506,2490
4138.579607009888,2524
4139.5769119262695,2522
4140.5744552612305,2480
4141.571760177612,2490
4142.569065093994,2474
4143.566370010376,2454
4144.563674926758,2426
4145.56097984314,2418
4146.5582847595215,2466
4147.555589675903,2446
4148.552894592285,2462
4149.550437927246,2490
4150.547742843628,2432
4151.547908782959,2458
4152.5444984436035,2458
4153.569221496582,2492
4154.566764831543,2458
4155.563831329346,2410
4156.561374664307,2446
4157.558441162109,2476
4158.55598449707,2454
4159.5587730407715,2476
4160.536766052246,2462
4161.547660827637,2482
4162.545680999756,2504
4164.512157440186,2488
4164.512157440186,2512
4165.537118911743,2482
4166.507005691528,2474
4167.504072189331,2474
4168.501138687134,2456
4169.498920440674,2446
4170.495986938477,2446
4171.493768692017,2482
4172.490835189819,2498
4173.488140106201,2506
4174.485206604004,2502
4175.482988357544,2510
4176.480054855347,2486
4177.4773597717285,2490
4178.47466468811,2454
4179.472208023071,2450
4180.469274520874,2456
4181.467056274414,2470
4182.464361190796,2460
4183.461427688599,2482
4184.4587326049805,2518
4185.474634170532,2484
4186.453342437744,2486
4187.450647354126,2472
4188.448190689087,2492
4189.44525718689,2486
4190.442800521851,2490
4191.4403438568115,2454
4192.437410354614,2422
4193.434953689575,2446
4194.432258605957,2498
4195.42932510376,2538
4196.426868438721,2498
4197.425603866577,2478
4198.421478271484,2510
4199.418544769287,2474
4200.416088104248,2474
4201.413869857788,2470
4202.41117477417,2480
4203.408241271973,2474
4204.405307769775,2460
4205.402851104736,2410
4206.399917602539,2474
4207.3974609375,2452
4208.394527435303,2446
4209.391832351685,2474
4211.387157440186,2450
4211.387157440186,2414
4212.413549423218,2486
4213.408708572388,2472
4214.406728744507,2458
4215.404033660889,2450
4216.402292251587,2426
4217.398643493652,2414
4218.395948410034,2430
4219.393253326416,2474
4220.396041870117,2458
4221.391439437866,2462
4222.389459609985,2480
4223.3827114105225,2478
4224.3812084198,2506
4225.377082824707,2470
4227.343797683716,2470
4227.343797683716,2448
4228.369474411011,2454
4229.3665409088135,2482
4230.364084243774,2406
4232.344150543213,2454
4232.344150543213,2474
4233.326435089111,2494
4234.323740005493,2504
4235.321044921875,2514
4237.315654754639,2484
4238.3129596710205,2478
4239.310264587402,2470
4240.307807922363,2452
4241.304874420166,2430
4242.017030715942,2486
4243.021726608276,2454
4244.022846221924,2476
4245.018005371094,2486
4246.015310287476,2490
4247.0128536224365,2490
4248.009920120239,2510
4249.0074634552,2442
4250.004529953003,2454
4251.002073287964,2478
4251.999378204346,2486
4252.9966831207275,2474
4253.993988037109,2394
4254.991292953491,2454
4255.988597869873,2476
4256.985902786255,2490
4257.983207702637,2478
4258.980512619019,2504
4259.9780559539795,2482
4260.975360870361,2446
4261.972427368164,2410
4262.969970703125,2394
4263.967275619507,2426
4264.964580535889,2416
4265.961647033691,2366
4266.959190368652,2394
4267.956495285034,2418
4268.953800201416,2428
4269.951343536377,2484
4270.948886871338,2506
4271.945953369141,2454
4272.9432582855225,2414
4273.940801620483,2416
4274.937868118286,2422
4275.935173034668,2418
4276.932716369629,2398
4277.930021286011,2410
4278.927326202393,2426
4279.924392700195,2446
4280.930519104004,2428
4281.919240951538,2480
4282.91654586792,2490
4283.914089202881,2470
4284.911394119263,2432
4285.908460617065,2478
4286.905765533447,2482
4287.90545463562,2448
4288.902044296265,2450
4289.899826049805,2446
4290.896892547607,2442
4291.894197463989,2398
4292.891979217529,2494
4293.888807296753,2502
4294.886350631714,2474
4295.883893966675,2486
4296.8809604644775,2490
4297.878265380859,2478
4298.875570297241,2482
4299.872875213623,2470
4300.870180130005,2462
4301.867485046387,2458
4302.864789962769,2482
4303.891897201538,2482
4304.85987663269,2510
4305.856943130493,2482
4306.854724884033,2524
4307.851314544678,2518
4308.8483810424805,2500
4309.845685958862,2478
4310.843229293823,2490
4311.8414878845215,2470
4312.870025634766,2486
4313.863277435303,2462
4314.862489700317,2466
4315.8581256866455,2504
4316.855192184448,2478
4317.852735519409,2454
4318.851470947266,2460
4319.847345352173,2482
4320.845365524292,2450
4321.815490722656,2450
4322.839736938477,2430
4323.8365650177,2430
4324.841022491455,2446
4325.831413269043,2442
4326.828479766846,2454
4327.826499938965,2450
4328.831434249878,2474
4329.820871353149,2466
4330.791234970093,2486
4331.823348999023,2474
4332.812547683716,2466
4333.810329437256,2450
4334.780216217041,2476
4335.777044296265,2474
4336.7743492126465,2482
4337.771892547607,2456
4338.768720626831,2480
4339.766263961792,2502
4340.763330459595,2474
4341.761350631714,2508
4342.7581787109375,2506
4343.763113021851,2490
4344.753265380859,2428
4345.750331878662,2458
4346.747398376465,2456
4347.744703292847,2458
4348.742246627808,2430
4349.738121032715,2448
4350.735664367676,2470
4351.763486862183,2474
4352.760791778564,2478
4353.764057159424,2526
4354.755163192749,2550
4355.752468109131,2514
4356.749773025513,2490
4357.747316360474,2498
4358.744382858276,2506
4359.741449356079,2506
4360.710620880127,2506
4361.7353439331055,2486
4362.7331256866455,2418
4363.730430603027,2494
4364.727258682251,2542
4365.725040435791,2534
4366.7285442352295,2544
4367.720603942871,2514
4368.716478347778,2508
4369.714260101318,2488
4370.711326599121,2482
4371.681928634644,2422
4372.705698013306,2414
4373.705148696899,2474
4374.704837799072,2506
4375.69785118103,2476
4376.695156097412,2502
4377.696514129639,2502
4378.690242767334,2504
4379.688024520874,2526
4380.684852600098,2518
4381.654977798462,2514
4382.650852203369,2446
4383.677005767822,2460
4384.674072265625,2450
4385.643243789673,2504
4386.669397354126,2472
4387.666702270508,2510
4388.663053512573,2538
4389.660596847534,2538
4390.6660079956055,2490
4391.655921936035,2474
4392.654895782471,2478
4393.65029335022,2472
4394.637107849121,2490
4395.6170082092285,2454
4396.613836288452,2482
4397.611856460571,2458
4398.608684539795,2478
4399.606227874756,2502
4400.6030559539795,2502
4401.602029800415,2474
4402.597904205322,2490
4403.594970703125,2504
4404.592990875244,2514
4405.590057373047,2526
4406.587600708008,2514
4407.584667205811,2492
4408.5822105407715,2504
4409.607172012329,2512
4410.577297210693,2522
4411.575078964233,2542
4412.571430206299,2538
4413.5682582855225,2558
4414.565801620483,2526
4415.563106536865,2534
4416.560649871826,2510
4417.557716369629,2514
4418.583154678345,2470
4419.580698013306,2470
4420.577526092529,2490
4421.5757846832275,2478
4422.572612762451,2452
4423.572063446045,2468
4424.56841468811,2480
4425.564765930176,2482
4426.562070846558,2470
4427.559614181519,2482
4428.556442260742,2516
4429.553985595703,2514
4430.551528930664,2458
4431.521892547607,2458
4432.518243789673,2478
4433.54868888855,2482
4434.542179107666,2482
4435.508728027344,2480
4436.535358428955,2506
4437.532901763916,2510
4438.536882400513,2502
4439.527988433838,2478
4440.52529335022,2490
4441.495656967163,2474
4442.519187927246,2478
4443.48931312561,2458
4445.483446121216,2486
4445.483446121216,2424
4446.480751037598,2486
4447.477579116821,2512
4448.473930358887,2516
4449.471235275269,2538
4450.46854019165,2550
4451.466083526611,2574
4452.463388442993,2518
4453.460454940796,2490
4454.457759857178,2504
4455.470323562622,2470
4456.4528465271,2478
4457.450151443481,2478
4458.447456359863,2506
4459.444761276245,2502
4460.457563400269,2524
4461.43913269043,2510
4462.436676025391,2520
4463.4339809417725,2504
4464.433670043945,2522
4465.428829193115,2478
4466.425895690918,2458
4467.4232006073,2454
4468.4202671051025,2424
4469.4178104400635,2426
4470.415115356445,2478
4471.412658691406,2462
4472.409963607788,2474
4473.407030105591,2486
4474.433898925781,2444
4475.430727005005,2458
4476.428508758545,2452
4477.425575256348,2458
4478.422164916992,2426
4479.419469833374,2454
4480.416297912598,2430
4481.415510177612,2412
4482.413530349731,2414
4483.409643173218,2450
4484.4090938568115,2454
4485.403060913086,2430
4486.401319503784,2462
4487.401723861694,2458
4488.395214080811,2486
4489.3927574157715,2462
4490.389347076416,2418
4491.388559341431,2414
4492.387056350708,2430
4493.381977081299,2408
4494.3788051605225,2426
4495.3858852386475,2442
4496.380567550659,2480
4497.376918792725,2494
4498.374223709106,2502
4499.371767044067,2518
4500.3650188446045,2480
4501.362323760986,2466
4502.357482910156,2490
4503.358602523804,2458
4504.35209274292,2454
4505.363464355469,2456
4506.3536167144775,2466
4507.350921630859,2486
4508.350610733032,2474
4509.345531463623,2482
4511.307239532471,2482
4512.331485748291,2490
4513.329267501831,2458
4514.326572418213,2446
4515.323638916016,2448
4516.3209438323975,2450
4517.318487167358,2410
4518.315553665161,2422
4519.3047523498535,2458
4520.309925079346,2474
4521.309375762939,2446
4522.304534912109,2478
4523.301601409912,2450
4524.301528930664,2478
4525.30312538147,2558
4526.3001918792725,2424
4527.264595031738,2430
4528.294801712036,2450
4529.292583465576,2474
4530.283451080322,2426
4531.2817096710205,2454
4532.278299331665,2470
4533.275365829468,2506
4534.273386001587,2494
4535.242080688477,2506
4536.239147186279,2450
4537.236452102661,2458
4538.233757019043,2422
4539.231300354004,2424
4540.228366851807,2422
4541.2256717681885,2420
4542.223215103149,2394
4543.220520019531,2414
4544.217824935913,2450
4545.219659805298,2470
4546.215057373047,2470
4547.214984893799,2482
4548.215627670288,2454
4549.215316772461,2468
4550.203561782837,2482
4551.231145858765,2466
4552.199602127075,2430
4553.215742111206,2412
4554.191827774048,2448
4555.189609527588,2448
4556.18691444397,2454
4557.1839809417725,2482
4558.181285858154,2494
4559.208869934082,2498
4560.208559036255,2488
4561.201572418213,2448
4562.172889709473,2470
4563.196182250977,2486
4564.19563293457,2480
4565.189599990845,2470
4566.190242767334,2426
4567.188501358032,2466
4568.1822299957275,2490
4569.178819656372,2510
4570.180654525757,2514
4571.148633956909,2506
4572.173357009888,2502
4573.16780090332,2498
4574.165344238281,2462
4575.17147064209,2480
4576.166152954102,2472
4577.132701873779,2458
4578.1614780426025,2422
4579.158544540405,2450
4580.150604248047,2478
4581.119537353516,2486
4582.144498825073,2518
4583.141803741455,2490
4584.139347076416,2450
4585.136651992798,2418
4586.13395690918,2430
4587.131500244141,2430
4588.128566741943,2450
4589.125633239746,2454
4590.122938156128,2426
4591.1219120025635,2418
4592.11802482605,2452
4593.115329742432,2446
4594.114065170288,2454
4595.110893249512,2450
4596.0798263549805,2446
4597.10431098938,2428
4598.102331161499,2448
4599.099636077881,2458
4600.0964641571045,2482
4601.095199584961,2428
4602.091312408447,2450
4603.089094161987,2446
4604.085683822632,2424
4605.083703994751,2470
4606.080532073975,2486
4607.078552246094,2490
4608.075380325317,2486
4609.072685241699,2490
4610.069990158081,2504
4611.069440841675,2516
4612.064838409424,2484
4613.062143325806,2502
4614.059209823608,2510
4615.056991577148,2482
4616.055011749268,2470
4617.023229598999,2480
4618.020296096802,2512
4619.017839431763,2472
4620.0151443481445,2454
4621.012449264526,2406
4622.009515762329,2426
4623.007297515869,2422
4624.004364013672,2446
4625.001668930054,2466
4625.999212265015,2502
4627.005338668823,2534
4627.993822097778,2554
4628.990888595581,2572
4629.988431930542,2552
4630.985975265503,2554
4631.983041763306,2524
4632.980585098267,2506
4633.977890014648,2482
4634.974956512451,2482
4635.972261428833,2474
4636.969804763794,2470
4637.967109680176,2470
4638.964414596558,2478
4639.961957931519,2484
4640.9592628479,2486
4641.956329345703,2516
4642.957448959351,2546
4643.953800201416,2542
4644.951343536377,2538
4645.948171615601,2510
4646.946668624878,2494
4647.943496704102,2474
4648.940086364746,2474
4649.944543838501,2488
4650.934457778931,2480
4651.93247795105,2462
4652.9295444488525,2482
4653.9270877838135,2510
4654.923677444458,2478
4655.921459197998,2446
4656.946659088135,2456
4657.943487167358,2448
4658.941268920898,2422
4659.937858581543,2428
4660.908222198486,2392
4661.932945251465,2426
4662.965774536133,2426
4663.927316665649,2462
4664.925336837769,2490
4665.921688079834,2554
4666.919231414795,2602
4667.916774749756,2622
4668.88689994812,2634
4669.911623001099,2598
4670.9089279174805,2538
4671.880006790161,2518
4672.902822494507,2514
4673.901557922363,2502
4674.896717071533,2478
4675.894021987915,2504
4676.891326904297,2482
4677.891492843628,2490
4678.887844085693,2518
4679.885625839233,2538
4680.881977081299,2516
4681.878089904785,2514
4682.875633239746,2474
4683.873653411865,2476
4684.870719909668,2450
4685.8673095703125,2462
4686.8696212768555,2442
4687.862157821655,2450
4688.8322830200195,2446
4689.856767654419,2426
4690.854549407959,2450
4691.852807998657,2478
4692.848443984985,2474
4693.83978843689,2514
4694.843053817749,2506
4695.840835571289,2488
4696.843147277832,2410
4697.835445404053,2526
4698.833465576172,2536
4699.830532073975,2522
4700.827598571777,2506
4701.826095581055,2466
4702.82244682312,2450
4703.819751739502,2454
4704.816818237305,2462
4705.814599990845,2454
4706.811189651489,2398
4707.80873298645,2426
4708.806991577148,2430
4709.803342819214,2448
4710.801839828491,2454
4711.797714233398,2482
4712.795734405518,2442
4713.79280090332,2454
4714.789867401123,2448
4715.788125991821,2392
4716.784715652466,2390
4717.782020568848,2374
4720.099687576294,2382
4720.099687576294,2358
4720.747947692871,2326
4721.744775772095,2380
4722.742557525635,2390
4723.739385604858,2458
4724.736452102661,2492
4725.733995437622,2510
4726.731300354004,2542
4727.728605270386,2550
4728.726387023926,2542
4729.7234535217285,2534
4730.72075843811,2518
4731.717586517334,2526
4732.715606689453,2500
4733.712911605835,2490
4734.710454940796,2512
4735.707759857178,2502
4736.7048263549805,2516
4737.701892852783,2498
4738.699197769165,2518
4739.696979522705,2528
4740.694046020508,2546
4741.691827774048,2544
4742.6886558532715,2534
4743.685960769653,2460
4744.682312011719,2492
4745.679140090942,2514
4746.676445007324,2514
4747.673749923706,2518
4748.671054840088,2522
4749.668598175049,2538
4750.665664672852,2458
4751.6632080078125,2510
4752.660512924194,2506
4753.657817840576,2522
4754.654884338379,2502
4755.65242767334,2482
4756.649732589722,2468
4757.6470375061035,2462
4758.644580841064,2474
4759.641885757446,2450
4760.639190673828,2490
4761.63649559021,2486
4762.633800506592,2450
4763.631105422974,2486
4764.628648757935,2590
4765.625953674316,2458
4766.623258590698,2412
4767.620325088501,2382
4768.617630004883,2402
4769.614934921265,2408
4770.612478256226,2418
4771.609783172607,2452
4772.607088088989,2462
4773.604393005371,2474
4774.601697921753,2502
4775.599002838135,2450
4776.596546173096,2470
4777.594089508057,2462
4778.59091758728,2486
4779.588460922241,2450
4780.585765838623,2462
4781.583070755005,2478
4782.580375671387,2478
4783.577919006348,2514
4784.57498550415,2542
4785.586833953857,2548
4786.570072174072,2520
4787.567138671875,2494
4788.564443588257,2486
4789.56151008606,2466
4790.5590534210205,2422
4791.556596755981,2360
4792.553663253784,2366
4793.551206588745,2386
4794.548511505127,2386
4795.545816421509,2424
4796.543121337891,2474
4797.5404262542725,2508
4798.537731170654,2538
4799.535036087036,2506
4800.532579421997,2490
4801.529884338379,2484
4802.526950836182,2504
4803.5242557525635,2510
4804.521799087524,2482
4805.519104003906,2462
4806.516408920288,2454
4807.51371383667,2454
4808.511018753052,2510
4809.508323669434,2502
4810.505628585815,2494
4811.5034103393555,2522
4812.500476837158,2482
4813.49778175354,2458
4814.495086669922,2422
4815.492391586304,2458
4816.489696502686,2414
4817.487001419067,2392
4818.484544754028,2474
4819.48184967041,2458
4820.478916168213,2458
4821.476459503174,2478
4822.473764419556,2456
4823.4710693359375,2454
4824.468374252319,2462
4825.46591758728,2474
4826.462984085083,2430
4827.460289001465,2462
4828.457832336426,2450
4829.455137252808,2486
4830.452442169189,2490
4831.449747085571,2490
4832.447290420532,2490
4833.444356918335,2538
4834.441661834717,2506
4835.439443588257,2510
4836.43651008606,2470
4837.433576583862,2458
4838.430881500244,2448
4839.428424835205,2426
4840.425729751587,2422
4841.452836990356,2450
4842.448711395264,2478
4843.446731567383,2492
4844.443559646606,2518
4845.440864562988,2546
4846.438407897949,2586
4847.435474395752,2584
4848.432540893555,2542
4849.430322647095,2502
4850.426435470581,2462
4851.42707824707,2458
4852.402448654175,2458
4853.418827056885,2410
4854.419946670532,2390
4855.4205894470215,2392
4856.417894363403,2390
4857.4159145355225,2418
4858.413457870483,2426
4859.4114780426025,2470
4861.375093460083,2410
4861.375093460083,2450
4863.394021987915,2468
4864.391326904297,2446
4864.391326904297,2456
4866.379261016846,2458
4866.379261016846,2478
4867.353916168213,2482
4868.350982666016,2458
4869.3482875823975,2480
4870.345830917358,2506
4872.340440750122,2546
4872.340440750122,2490
4873.337507247925,2446
4874.335050582886,2444
4875.332355499268,2482
4876.329660415649,2462
4877.32720375061,2476
4878.324508666992,2478
4879.321575164795,2426
4881.316423416138,2486
4882.3137283325195,2458
4883.311033248901,2454
4884.308576583862,2444
4885.305643081665,2426
4886.303424835205,2406
4887.300491333008,2410
4888.29779624939,2390
4889.2951011657715,2410
4890.292406082153,2426
4891.289949417114,2482
4892.287015914917,2508
4893.284320831299,2542
4894.281625747681,2638
4895.2789306640625,2610
4896.276473999023,2622
4897.273778915405,2606
4898.271083831787,2582
4899.268388748169,2526
4900.265693664551,2514
4901.263475418091,2486
4902.260780334473,2506
4903.257608413696,2486
4904.254913330078,2494
4905.252456665039,2478
4906.249761581421,2450
4907.246828079224,2482
4908.244371414185,2478
4909.241676330566,2394
4910.238981246948,2356
4911.236524581909,2364
4912.233829498291,2318
4913.230895996094,2352
4914.228439331055,2394
4915.225505828857,2414
4916.223049163818,2398
4917.2203540802,2446
4918.231725692749,2490
4919.215440750122,2526
4920.212507247925,2514
4921.209812164307,2474
4922.2071170806885,2448
4923.20442199707,2394
4924.201726913452,2358
4925.199031829834,2366
4926.196336746216,2410
4927.204847335815,2448
4928.191184997559,2426
4929.188251495361,2446
4930.185794830322,2430
4931.183099746704,2480
4932.180166244507,2490
4933.205842971802,2510
4934.204816818237,2512
4935.200214385986,2470
4936.197519302368,2478
4937.195301055908,2494
4938.197135925293,2538
4939.19038772583,2502
4940.187692642212,2506
4941.185235977173,2484
4942.183256149292,2488
4943.18151473999,2506
4944.178104400635,2542
4945.173740386963,2518
4946.171760559082,2492
4947.168350219727,2450
4948.166131973267,2430
4949.1636753082275,2474
4950.160264968872,2470
4951.159715652466,2450
4952.129364013672,2416
4953.152179718018,2414
4954.150438308716,2450
4955.147266387939,2442
4956.1448097229,2466
4957.14259147644,2482
4958.139657974243,2480
4959.136724472046,2444
4960.1335525512695,2454
4961.132287979126,2476
4962.12911605835,2508
4963.126182556152,2508
4964.123249053955,2526
4965.120792388916,2526
4966.118097305298,2524
4967.115163803101,2490
4968.1127071380615,2514
4969.082832336426,2474
4970.107555389404,2446
4971.112966537476,2424
4972.101926803589,2418
4973.098993301392,2412
4974.097490310669,2454
4975.094556808472,2474
4976.0918617248535,2448
4977.120161056519,2458
4978.086709976196,2488
4979.08353805542,2478
4980.052709579468,2490
4981.05001449585,2526
4982.388496398926,2498
4982.388496398926,2474
4983.508825302124,2458
4984.5075607299805,2450
4985.506296157837,2498
4986.502408981323,2462
4987.499713897705,2462
4988.497257232666,2456
4989.494562149048,2448
4990.49186706543,2418
4991.4891719818115,2412
4992.4867153167725,2430
4993.483781814575,2416
4994.481086730957,2396
4995.478630065918,2406
4996.475696563721,2384
4997.4730014801025,2410
4998.470306396484,2398
4999.467849731445,2462
5000.465393066406,2472
5001.462459564209,2506
5002.46000289917,2538
5003.457307815552,2538
5004.4543743133545,2570
5005.451679229736,2548
5006.449222564697,2526
5007.4462890625,2502
5008.443593978882,2490
5009.441375732422,2490
5010.450839996338,2482
5011.436223983765,2506
5012.433290481567,2506
5013.430595397949,2506
5014.427661895752,2492
5015.425205230713,2506
5016.422510147095,2458
5017.419815063477,2458
5018.417119979858,2422
5019.41442489624,2382
5020.411968231201,2378
5021.409273147583,2378
5022.406339645386,2412
5023.403882980347,2424
5024.4011878967285,2536
5025.39849281311,2546
5026.395797729492,2526
5027.393341064453,2570
5028.390407562256,2586
5029.387712478638,2584
5030.385255813599,2534
5031.3825607299805,2514
5032.379627227783,2480
5033.376932144165,2500
5034.374475479126,2476
5035.371780395508,2470
5036.36908531189,2490
5037.366628646851,2474
5038.363695144653,2456
5039.361000061035,2428
5040.358304977417,2426
5041.356086730957,2458
5042.35315322876,2458
5043.350458145142,2474
5044.3480014801025,2414
5046.342611312866,2410
5046.342611312866,2378
5047.339677810669,2398
5048.33722114563,2416
5049.334526062012,2446
5051.3293743133545,2426
5051.3293743133545,2456
5052.326440811157,2486
5053.323745727539,2480
5054.321050643921,2504
5056.316137313843,2462
5057.3132038116455,2476
5058.310508728027,2490
5059.307813644409,2508
5060.305118560791,2548
5061.302423477173,2558
5062.300682067871,2540
5063.326835632324,2546
5064.324140548706,2526
5065.3252601623535,2486
5066.319704055786,2522
5067.316055297852,2482
5068.3135986328125,2486
5069.310903549194,2470
5070.308208465576,2454
5071.309328079224,2470
5072.275638580322,2488
5073.300123214722,2510
5074.2974281311035,2518
5075.294733047485,2490
5076.292276382446,2502
5077.260255813599,2478
5078.287124633789,2426
5079.287052154541,2378
5080.280780792236,2346
5081.252574920654,2346
5082.247972488403,2326
5083.273410797119,2374
5084.270477294922,2470
5085.268020629883,2522
5086.236476898193,2522
5087.263345718384,2522
5088.265180587769,2538
5089.25724029541,2514
5090.255260467529,2498
5091.227054595947,2490
5092.221260070801,2470
5093.2464599609375,2422
5094.243764877319,2406
5095.247030258179,2410
5096.238851547241,2408
5097.235918045044,2462
5098.233699798584,2490
5099.230766296387,2538
5100.231170654297,2546
5101.201772689819,2522
5102.195978164673,2502
5103.219985961914,2474
5104.220390319824,2480
5105.21388053894,2462
5106.21190071106,2482
5107.209920883179,2462
5108.206510543823,2482
5109.204530715942,2482
5110.201358795166,2478
5111.199378967285,2454
5112.208843231201,2444
5113.199710845947,2414
5114.1908168792725,2378
5115.187883377075,2382
5116.19234085083,2358
5117.154359817505,2354
5118.150949478149,2350
5119.148969650269,2358
5120.14627456665,2360
5121.143579483032,2378
5122.140884399414,2388
5123.137950897217,2366
5124.135255813599,2358
5125.1325607299805,2358
5126.129627227783,2326
5127.128124237061,2350
5128.124475479126,2382
5129.122018814087,2406
5130.119323730469,2418
5131.116628646851,2426
5132.1141719818115,2482
5133.123159408569,2526
5134.109020233154,2542
5135.106325149536,2598
5136.103630065918,2526
5137.101173400879,2516
5138.098478317261,2518
5139.0955448150635,2480
5140.093088150024,2474
5141.090631484985,2514
5142.088174819946,2522
5143.08500289917,2490
5144.082546234131,2518
5145.080089569092,2490
5146.077394485474,2482
5148.886680603027,2534
5149.086475372314,2534
5149.086475372314,2508
5150.065183639526,2490
5151.071071624756,2490
5152.083158493042,2498
5152.585983276367,2490
5153.584718704224,2522
5154.581785202026,2544
5155.579090118408,2510
5156.57639503479,2554
5157.573699951172,2596
5158.571243286133,2612
5159.568548202515,2552
5160.566091537476,2542
5161.563158035278,2518
5162.56046295166,2490
5163.586616516113,2454
5164.583444595337,2394
5165.580749511719,2430
5166.57829284668,2342
5167.57607460022,2364
5168.572902679443,2374
5169.570207595825,2418
5170.567750930786,2414
5171.565532684326,2428
5172.562837600708,2430
5173.559665679932,2410
5174.556493759155,2410
5175.554037094116,2396
5176.551580429077,2390
5177.549362182617,2442
5178.545951843262,2480
5179.547309875488,2486
5180.541276931763,2480
5181.510210037231,2482
5182.535409927368,2478
5183.53271484375,2452
5184.53049659729,2420
5185.5010986328125,2390
5186.526298522949,2378
5187.52384185791,2390
5188.520193099976,2408
5189.517974853516,2378
5190.515518188477,2414
5191.513538360596,2396
5192.510604858398,2402
5193.507671356201,2450
5194.505929946899,2484
5195.508718490601,2486
5196.500539779663,2502
5197.49641418457,2488
5198.494911193848,2458
5199.491739273071,2430
5200.488805770874,2498
5201.457262039185,2518
5202.483654022217,2518
5203.481674194336,2484
5204.477787017822,2586
5205.475091934204,2578
5206.472873687744,2582
5207.4713706970215,2526
5208.46700668335,2470
5209.464311599731,2446
5210.433006286621,2382
5211.432456970215,2360
5212.456464767456,2326
5213.454246520996,2320
5214.452028274536,2322
5215.448617935181,2382
5216.446876525879,2406
5217.443227767944,2446
5218.441486358643,2470
5219.438314437866,2458
5220.435857772827,2446
5221.433639526367,2466
5222.431182861328,2482
5224.400520324707,2446
5224.400520324707,2510
5225.420713424683,2478
5226.418495178223,2478
5227.416038513184,2470
5228.413343429565,2542
5229.40993309021,2522
5230.409145355225,2510
5231.406688690186,2518
5232.4018478393555,2514
5233.402967453003,2502
5234.396696090698,2506
5235.39400100708,2508
5236.391067504883,2512
5237.389087677002,2568
5238.3856773376465,2554
5239.382982254028,2574
5241.352081298828,2552
5242.34938621521,2570
5243.346691131592,2554
5244.343519210815,2572
5245.340824127197,2518
5246.338129043579,2518
5247.33567237854,2474
5248.332977294922,2422
5249.330282211304,2418
5250.327348709106,2390
5251.324653625488,2410
5252.323150634766,2398
5253.31974029541,2430
5254.316806793213,2430
5255.314111709595,2430
5256.311655044556,2410
5257.307291030884,2418
5258.304834365845,2458
5259.3019008636475,2424
5260.299205780029,2422
5261.29674911499,2406
5262.294054031372,2418
5263.291120529175,2426
5264.288425445557,2430
5265.285968780518,2368
5266.283273696899,2362
5267.280578613281,2392
5268.277645111084,2348
5269.275188446045,2358
5270.272493362427,2390
5271.269798278809,2362
5272.2673416137695,2354
5273.264408111572,2414
5274.261713027954,2430
5275.259017944336,2472
5276.256561279297,2490
5277.253866195679,2472
5278.250932693481,2494
5279.248476028442,2538
5280.245780944824,2516
5281.243324279785,2490
5282.240629196167,2462
5283.23769569397,2428
5284.235239028931,2474
5285.2325439453125,2502
5286.2303256988525,2474
5287.255525588989,2490
5288.252830505371,2482
5289.250373840332,2510
5290.251970291138,2522
5291.246175765991,2538
5292.244911193848,2526
5293.239593505859,2534
5294.236660003662,2510
5295.234203338623,2506
5296.231985092163,2480
5297.228574752808,2450
5298.226356506348,2462
5299.222946166992,2510
5300.220727920532,2490
5301.219940185547,2498
5302.18768119812,2506
5303.212642669678,2454
5304.210662841797,2470
5305.2098751068115,2506
5306.205749511719,2512
5307.202339172363,2486
5308.199644088745,2482
5309.196472167969,2470
5310.194253921509,2480
5311.193227767944,2472
5312.194108963013,2482
5313.185930252075,2526
5314.183712005615,2526
5315.182685852051,2522
5316.1780834198,2526
5317.147016525269,2526
5318.14432144165,2486
5319.141626358032,2462
5320.138931274414,2426
5321.136474609375,2422
5322.133779525757,2390
5323.131084442139,2418
5324.128150939941,2454
5325.125694274902,2474
5326.122999191284,2448
5327.120542526245,2468
5328.117847442627,2446
5329.115152359009,2462
5330.1122188568115,2448
5331.110000610352,2474
5332.107067108154,2410
5333.104372024536,2398
5334.101676940918,2618
5335.099220275879,2426
5336.096286773682,2478
5337.0935916900635,2454
5338.0913734436035,2470
5339.088439941406,2450
5340.085744857788,2458
5341.08304977417,2442
5342.080593109131,2454
5343.077659606934,2446
5344.074964523315,2442
5345.072269439697,2410
5346.069812774658,2454
5347.06711769104,2470
5348.064422607422,2490
5349.061727523804,2508
5350.059032440186,2514
5351.056337356567,2506
5352.053642272949,2490
5353.05118560791,2478
5354.048252105713,2454
5355.045557022095,2462
5356.043100357056,2458
5357.0404052734375,2450
5358.0381870269775,2426
5359.064817428589,2466
5360.061168670654,2486
5361.061334609985,2514
5362.027406692505,2506
5363.053560256958,2502
5364.050626754761,2502
5365.046977996826,2522
5366.0478591918945,2462
5367.042541503906,2486
5368.03936958313,2476
5369.036436080933,2470
5370.034217834473,2470
5371.03271484375,2466
5372.028827667236,2486
5373.026132583618,2512
5374.023199081421,2542
5375.020980834961,2526
5376.018285751343,2486
5377.015113830566,2428
5378.012657165527,2450
5378.98325920105,2446
5380.007028579712,2462
5381.005764007568,2462
5382.001876831055,2456
5382.998943328857,2468
5383.9967250823975,2462
5384.965896606445,2492
5385.962963104248,2486
5386.96026802063,2506
5387.957811355591,2478
5388.954877853394,2458
5389.952182769775,2462
5390.949964523315,2472
5391.947031021118,2414
5394.619703292847,2420
5394.9525356292725,2410
5394.9525356292725,2452
5395.984411239624,2446
5397.050857543945,2474
5398.07915687561,2482
5399.149417877197,2494
5400.12526512146,2462
5401.144504547119,2446
5402.114391326904,2422
5403.110980987549,2430
5404.108047485352,2422
5405.133247375488,2450
5406.131029129028,2422
5407.128810882568,2414
5408.125638961792,2418
5409.095048904419,2450
5410.092115402222,2458
5411.088943481445,2450
5412.086963653564,2472
5413.084506988525,2426
5414.081335067749,2460
5415.07887840271,2422
5416.075944900513,2390
5417.0732498168945,2414
5418.0707931518555,2432
5419.0685749053955,2446
5420.065879821777,2452
5421.063184738159,2462
5422.060489654541,2482
5423.057556152344,2502
5424.054861068726,2526
5425.052165985107,2462
5426.04923248291,2414
5427.046537399292,2446
5428.044557571411,2458
5429.041624069214,2456
5430.038928985596,2466
5431.037902832031,2470
5432.033538818359,2454
5433.03108215332,2480
5434.028148651123,2462
5435.025691986084,2518
5436.0222816467285,2490
5437.019109725952,2506
5438.016414642334,2484
5439.01515007019,2456
5440.041303634644,2450
5441.023588180542,2462
5442.0061111450195,2462
5443.004369735718,2474
5444.002389907837,2480
5444.999217987061,2490
5445.996284484863,2526
5446.993827819824,2490
5447.990417480469,2502
5448.988199234009,2448
5449.98574256897,2454
5450.983285903931,2422
5452.008008956909,2456
5453.006029129028,2488
5454.003572463989,2454
5455.000877380371,2486
5455.998420715332,2494
5456.995248794556,2504
5457.992792129517,2494
5458.98962020874,2512
5459.987163543701,2490
5460.986375808716,2482
5461.998701095581,2422
5462.988615036011,2442
5463.9763832092285,2410
5464.973449707031,2426
5465.97146987915,2426
5466.968536376953,2446
5467.965602874756,2454
5468.935251235962,2450
5469.966650009155,2446
5470.9601402282715,2478
5471.959829330444,2486
5472.953081130981,2416
5473.949909210205,2424
5474.946737289429,2394
5475.944519042969,2354
5476.942539215088,2380
5477.938890457153,2406
5478.93762588501,2406
5479.935169219971,2398
5480.932950973511,2414
5481.929540634155,2456
5482.926845550537,2466
5483.924388885498,2462
5484.920263290405,2458
5485.919237136841,2410
5486.916303634644,2446
5487.913608551025,2448
5488.911390304565,2426
5489.908456802368,2462
5490.911960601807,2486
5491.875171661377,2514
5492.899417877197,2514
5493.874788284302,2522
5494.893550872803,2518
5495.890855789185,2482
5496.888637542725,2522
5497.886180877686,2460
5498.883008956909,2422
5499.88055229187,2406
5500.851392745972,2418
5501.875877380371,2380
5502.844572067261,2418
5503.870725631714,2412
5504.867076873779,2398
5505.863904953003,2408
5506.861448287964,2444
5507.858991622925,2430
5508.856773376465,2426
5509.854555130005,2426
5510.853290557861,2384
5511.850357055664,2392
5512.816667556763,2398
5513.813734054565,2416
5514.810800552368,2400
5515.808343887329,2424
5516.805648803711,2426
5517.802953720093,2432
5518.800497055054,2462
5519.797563552856,2470
5520.794868469238,2426
5521.79217338562,2450
5522.789716720581,2398
5523.787021636963,2364
5524.784326553345,2414
5525.781869888306,2422
5526.778936386108,2454
5527.77624130249,2446
5528.773546218872,2454
5529.771089553833,2446
5530.768156051636,2426
5531.765699386597,2468
5532.763481140137,2454
5533.76030921936,2426
5534.757614135742,2408
5535.754919052124,2382
5536.752462387085,2388
5537.749767303467,2426
5538.747072219849,2458
5539.744138717651,2474
5540.741682052612,2488
5541.738986968994,2498
5542.736291885376,2482
5543.74098777771,2450
5544.73090171814,2486
5545.7282066345215,2426
5546.725749969482,2418
5547.722816467285,2426
5548.720359802246,2410
5549.717664718628,2414
5550.715208053589,2418
5551.712512969971,2446
5552.709579467773,2476
5553.707122802734,2466
5554.704189300537,2450
5555.701732635498,2446
5556.698799133301,2412
5557.696342468262,2406
5558.693647384644,2418
5559.690952301025,2394
5560.688495635986,2390
5561.685800552368,2394
5562.682867050171,2422
5563.680171966553,2470
5564.677715301514,2470
5565.6750202178955,2500
5566.672086715698,2526
5567.66939163208,2514
5568.666934967041,2506
5569.664239883423,2514
5570.661544799805,2502
5571.659326553345,2486
5572.6563930511475,2514
5573.65345954895,2494
5574.650764465332,2458
5575.648307800293,2472
5576.645612716675,2538
5577.642917633057,2522
5578.6402225494385,2490
5579.637765884399,2514
5580.634832382202,2418
5581.634998321533,2462
5582.631826400757,2430
5583.62889289856,2414
5584.626197814941,2414
5585.623502731323,2376
5586.621046066284,2374
5587.617874145508,2398
5588.61517906189,2446
5589.612722396851,2430
5590.610027313232,2386
5591.6078090667725,2410
5592.604637145996,2422
5593.601942062378,2410
5594.599723815918,2378
5595.596551895142,2364
5596.593856811523,2390
5597.591400146484,2342
5598.588705062866,2362
5599.586009979248,2378
5600.583076477051,2344
5601.580619812012,2366
5602.578401565552,2390
5603.575229644775,2382
5604.572296142578,2394
5605.570077896118,2350
5606.567144393921,2346
5607.564449310303,2334
5608.562231063843,2362
5609.5592975616455,2366
5610.583305358887,2384
5611.582040786743,2414
5612.5781536102295,2410
5613.575458526611,2428
5614.572525024414,2478
5615.570545196533,2474
5616.567373275757,2462
5617.564678192139,2454
5618.5619831085205,2450
5619.559764862061,2470
5620.557069778442,2486
5621.555805206299,2494
5622.556924819946,2462
5623.548746109009,2474
5624.551773071289,2490
5625.5433559417725,2482
5626.541376113892,2512
5627.5389194488525,2478
5628.535509109497,2466
5629.5325756073,2410
5630.53035736084,2414
5631.499528884888,2398
5632.5249671936035,2418
5633.522272109985,2410
5634.519577026367,2458
5635.490655899048,2386
5636.513710021973,2422
5637.511253356934,2446
5638.509511947632,2424
5639.5063400268555,2394
5641.473054885864,2398
5641.473054885864,2376
5642.472982406616,2384
5643.4690952301025,2422
5644.4666385650635,2408
5645.463705062866,2442
5646.461009979248,2488
5647.45831489563,2502
5648.455619812012,2536
5649.453163146973,2518
5650.449991226196,2546
5651.447534561157,2578
5652.444839477539,2530
5653.442144393921,2504
5654.439210891724,2458
5655.4365158081055,2482
5656.440258026123,2454
5657.431364059448,2416
5658.42866897583,2414
5659.425735473633,2422
5660.42423248291,2406
5661.420583724976,2414
5662.417888641357,2450
5663.415193557739,2456
5664.4127368927,2422
5665.409803390503,2406
5666.407108306885,2454
5667.404651641846,2426
5668.4019565582275,2486
5669.399261474609,2486
5670.396566390991,2462
5671.394109725952,2426
5672.391891479492,2454
5673.388719558716,2426
5674.386024475098,2478
5675.383567810059,2510
5676.381349563599,2462
5677.377939224243,2488
5678.375720977783,2482
5679.373025894165,2462
5680.370092391968,2474
5682.364702224731,2480
5682.364702224731,2490
5683.362007141113,2490
5685.356855392456,2482
5686.354160308838,2508
5687.35146522522,2482
5688.349485397339,2502
5689.346075057983,2460
5690.343141555786,2502
5691.341161727905,2416
5692.337989807129,2458
5693.335056304932,2522
5694.333076477051,2482
5695.3301429748535,2492
5696.327686309814,2450
5697.324514389038,2430
5698.32181930542,2450
5699.319124221802,2458
5700.316429138184,2474
5701.314210891724,2446
5702.3115158081055,2422
5703.309059143066,2398
5704.3046951293945,2350
5705.33013343811,2394
5706.327199935913,2386
5707.324743270874,2418
5708.322525024414,2382
5709.319114685059,2378
5710.316181182861,2360
5711.313724517822,2376
5712.3122215271,2350
5713.307619094849,2382
5714.3049240112305,2342
5715.309858322144,2326
5716.306447982788,2366
5717.303514480591,2374
5718.300580978394,2394
5719.298362731934,2394
5720.291614532471,2414
5721.261024475098,2448
5722.285509109497,2478
5723.283767700195,2454
5724.278926849365,2504
5725.282669067383,2476
5726.279497146606,2466
5727.243185043335,2446
5728.241920471191,2430
5729.268312454224,2442
5730.262756347656,2482
5731.261968612671,2490
5732.257604598999,2470
5733.254909515381,2506
5734.224557876587,2474
5735.221862792969,2522
5736.2189292907715,2478
5737.216234207153,2474
5738.213539123535,2424
5739.211082458496,2456
5740.208387374878,2470
5741.20569229126,2450
5742.203235626221,2450
5743.200302124023,2462
5744.197607040405,2486
5745.194911956787,2490
5746.192216873169,2458
5747.189521789551,2478
5748.186826705933,2472
5749.184370040894,2466
5750.181674957275,2478
5751.178741455078,2454
5752.176284790039,2418
5753.173828125,2418
5754.170894622803,2454
5755.168199539185,2444
5756.165266036987,2450
5757.162809371948,2426
5758.16011428833,2410
5759.157419204712,2446
5760.154962539673,2418
5761.152267456055,2424
5762.1495723724365,2426
5763.146638870239,2396
5764.1441822052,2416
5765.141725540161,2414
5766.138792037964,2426
5767.136573791504,2426
5768.133640289307,2478
5769.131183624268,2462
5770.128011703491,2454
5771.125555038452,2486
5772.122859954834,2490
5773.120164871216,2486
5774.117469787598,2486
5775.1147747039795,2478
5776.112079620361,2458
5777.11820602417,2490
5778.106927871704,2478
5779.104232788086,2512
5780.101537704468,2518
5781.099081039429,2540
5782.096147537231,2546
5783.093690872192,2518
5784.090995788574,2510
5785.088300704956,2498
5786.085605621338,2510
5787.082672119141,2462
5788.080453872681,2458
5789.077520370483,2430
5790.074825286865,2450
5791.072368621826,2450
5792.069435119629,2462
5793.066740036011,2448
5794.064283370972,2450
5795.0615882873535,2456
5796.059131622314,2454
5797.056198120117,2424
5798.053741455078,2448
5799.05104637146,2426
5800.048112869263,2386
5801.0454177856445,2422
5802.0429611206055,2420
5803.040266036987,2430
5804.037570953369,2450
5805.034637451172,2416
5806.032180786133,2374
5807.029485702515,2350
5808.0267906188965,2330
5809.024333953857,2334
5810.021638870239,2346
5811.018943786621,2330
5812.016487121582,2354
5813.013553619385,2406
5814.010858535767,2418
5815.008163452148,2446
5816.005706787109,2442
5817.003011703491,2444
5818.000078201294,2410
5818.997621536255,2416
5819.994926452637,2408
5820.992231369019,2398
5821.9895362854,2360
5822.986841201782,2394
5823.984384536743,2358
5824.981451034546,2390
5825.978994369507,2406
5826.976776123047,2394
5828.003168106079,2458
5828.971862792969,2458
5829.970121383667,2458
5830.967903137207,2454
5831.970453262329,2446
5832.971811294556,2406
5833.959102630615,2470
5834.956645965576,2426
5835.953950881958,2410
5836.962461471558,2414
5837.948560714722,2430
5838.946104049683,2454
5839.943170547485,2456
5840.940475463867,2478
5841.938495635986,2500
5842.93532371521,2486
5843.932390213013,2474
5844.929933547974,2680
5845.927476882935,2486
5846.924543380737,2462
5847.921848297119,2482
5848.91939163208,2478
5849.916696548462,2468
5850.913763046265,2486
5851.9110679626465,2504
5852.9088497161865,2520
5853.905916213989,2512
5854.903221130371,2504
5855.900526046753,2490
5856.897830963135,2446
5857.905149459839,2450
5858.894348144531,2414
5859.8902225494385,2418
5860.887289047241,2398
5861.884593963623,2450
5862.882137298584,2466
5863.879203796387,2490
5864.876508712769,2508
5865.87381362915,2506
5866.871118545532,2518
5867.868661880493,2490
5868.866205215454,2488
5869.863510131836,2460
5870.860576629639,2450
5871.858358383179,2420
5872.854948043823,2430
5873.8532066345215,2414
5874.850034713745,2454
5875.847101211548,2446
5876.844644546509,2456
5877.842664718628,2448
5878.839492797852,2422
5879.836559295654,2422
5880.833864212036,2394
5881.831645965576,2398
5882.8284740448,2410
5883.826017379761,2412
5884.8230838775635,2426
5885.820627212524,2422
5886.817932128906,2390
5887.815237045288,2420
5888.813018798828,2458
5889.809846878052,2458
5890.807628631592,2416
5891.804456710815,2430
5892.8022384643555,2450
5893.800258636475,2414
5894.79660987854,2408
5895.793914794922,2386
5896.789789199829,2358
5897.786855697632,2414
5898.784160614014,2468
5899.7814655303955,2426
5900.778770446777,2474
5901.776313781738,2506
5902.77361869812,2484
5903.771162033081,2502
5904.768228530884,2492
5905.7652950286865,2430
5906.7628383636475,2422
5907.760381698608,2466
5908.757448196411,2422
5909.754991531372,2354
5910.752296447754,2366
5911.749362945557,2392
5912.746906280518,2426
5913.744211196899,2446
5914.741516113281,2482
5915.738821029663,2476
5916.736364364624,2484
5917.733430862427,2470
5918.738126754761,2486
5919.7282791137695,2494
5920.725584030151,2522
5921.722888946533,2506
5922.720193862915,2510
5923.717737197876,2518
5924.715042114258,2518
5925.712108612061,2494
5926.709413528442,2518
5927.706956863403,2502
5928.704261779785,2470
5929.701566696167,2460
5930.699110031128,2430
5931.69641494751,2458
5932.6934814453125,2478
5933.690786361694,2470
5934.688329696655,2426
5935.685634613037,2458
5936.68270111084,2474
5937.680244445801,2458
5938.677787780762,2456
5939.674854278564,2458
5940.672159194946,2408
5941.669702529907,2394
5942.66676902771,2442
5943.664073944092,2416
5944.661617279053,2420
5945.658922195435,2382
5946.655988693237,2426
5947.653532028198,2448
5948.65083694458,2458
5949.648141860962,2476
5950.645446777344,2486
5951.643228530884,2470
5952.6402950286865,2478
5953.637361526489,2430
5954.634666442871,2416
5955.632209777832,2446
5956.629514694214,2446
5957.626819610596,2446
5958.624362945557,2444
5959.6216678619385,2466
5960.61897277832,2454
5961.616277694702,2474
5962.613582611084,2494
5963.610887527466,2536
5964.607954025269,2494
5965.60525894165,2470
5966.602802276611,2504
5967.600107192993,2478
5968.597412109375,2478
5969.594955444336,2458
5970.592260360718,2430
5971.5895652771,2450
5972.586631774902,2418
5973.584175109863,2456
5974.581480026245,2498
5975.578784942627,2470
5976.576328277588,2454
5977.573394775391,2476
5978.5706996917725,2422
5979.568243026733,2442
5980.577230453491,2454
5981.565475463867,2472
5982.562065124512,2508
5983.559131622314,2470
5984.556436538696,2486
5985.554456710815,2486
5986.551523208618,2526
5987.548589706421,2514
5988.546371459961,2482
5989.543199539185,2426
5990.540504455566,2394
5991.538286209106,2374
5992.535591125488,2382
5993.532419204712,2414
5994.529962539673,2422
5995.527744293213,2422
5996.5245723724365,2406
5997.521877288818,2454
5998.5191822052,2430
5999.516487121582,2446
6000.513792037964,2410
6001.511573791504,2422
6002.508640289307,2446
6003.5059452056885,2488
6004.50325012207,2490
6005.500316619873,2506
6006.497859954834,2524
6007.495164871216,2506
6008.492469787598,2508
6009.4897747039795,2524
6011.500597000122,2538
6011.500597000122,2526
6012.4831199646,2506
6013.479948043823,2508
6014.476776123047,2460
6015.474081039429,2482
6016.47162437439,2482
6017.468690872192,2474
6018.465995788574,2482
6019.476890563965,2486
6020.460844039917,2508
6021.457672119141,2510
6022.4549770355225,2490
6023.452520370483,2474
6024.448394775391,2442
6025.445938110352,2460
6026.443004608154,2394
6027.440309524536,2378
6028.437852859497,2394
6029.435157775879,2398
6030.432224273682,2410
6031.4295291900635,2396
6033.424377441406,2458
6033.424377441406,2460
6034.421682357788,2546
6035.419225692749,2494
6036.416530609131,2490
6037.413597106934,2450
6038.410902023315,2430
6039.408445358276,2446
6040.405750274658,2430
6041.403293609619,2444
6042.400360107422,2424
6043.397665023804,2490
6044.395208358765,2490
6045.392036437988,2516
6046.389818191528,2470
6047.386884689331,2474
6048.384189605713,2482
6049.381732940674,2446
6051.3763427734375,2398
6051.3763427734375,2422
6052.373647689819,2446
6053.370952606201,2418
6054.368019104004,2416
6055.365324020386,2454
6056.362867355347,2458
6057.360410690308,2468
6058.35747718811,2478
6059.354782104492,2452
6061.349630355835,2458
6061.349630355835,2430
6062.346696853638,2394
6063.344240188599,2386
6065.338850021362,2384
6066.336154937744,2422
6067.333459854126,2446
6068.331718444824,2460
6069.328308105469,2446
6070.32585144043,2448
6071.3231563568115,2452
6072.320461273193,2486
6073.317527770996,2452
6074.314832687378,2448
6075.31213760376,2420
6076.309442520142,2442
6077.3069858551025,2470
6078.304290771484,2450
6079.301357269287,2486
6080.298662185669,2470
6081.29620552063,2456
6082.293510437012,2474
6083.290815353394,2460
6084.2883586883545,2482
6085.285425186157,2478
6086.282730102539,2480
6087.308883666992,2430
6088.306427001953,2410
6089.303255081177,2458
6090.300559997559,2474
6091.29786491394,2486
6092.2675132751465,2486
6093.292951583862,2506
6094.290494918823,2490
6095.287561416626,2490
6096.284627914429,2486
6097.282648086548,2506
6098.2794761657715,2472
6099.276781082153,2478
6100.273609161377,2450
6101.2725830078125,2448
6103.729724884033,2480
6103.790998458862,2486
6104.236602783203,2494
6104.740381240845,2482
6106.245517730713,2512
6106.750011444092,2510
6107.749938964844,2516
6108.747482299805,2502
6109.744548797607,2446
6110.742807388306,2426
6111.73939704895,2492
6112.736940383911,2470
6113.734245300293,2468
6114.731311798096,2472
6115.7286167144775,2520
6116.725921630859,2516
6117.7239418029785,2502
6118.730306625366,2492
6119.718074798584,2482
6120.715618133545,2488
6121.713161468506,2478
6122.7099895477295,2486
6123.70753288269,2502
6124.704837799072,2474
6125.702142715454,2482
6126.699447631836,2490
6127.696990966797,2482
6128.6940574646,2522
6129.691362380981,2502
6130.688667297363,2486
6131.686687469482,2470
6132.683753967285,2470
6133.680820465088,2470
6134.67812538147,2414
6135.675668716431,2444
6136.672735214233,2442
6137.669801712036,2420
6138.667345046997,2430
6139.664649963379,2486
6140.661954879761,2506
6141.659498214722,2494
6142.6568031311035,2476
6143.654108047485,2460
6144.651412963867,2454
6145.648717880249,2502
6146.646022796631,2506
6147.642135620117,2462
6148.638963699341,2468
6149.636268615723,2458
6150.633811950684,2442
6151.631116867065,2482
6152.628660202026,2478
6153.625965118408,2474
6154.623031616211,2474
6155.620336532593,2458
6156.617641448975,2420
6157.615184783936,2408
6158.612489700317,2416
6159.609794616699,2430
6160.606861114502,2454
6161.604404449463,2446
6162.601709365845,2454
6163.599252700806,2460
6164.5965576171875,2486
6165.59362411499,2490
6166.590929031372,2502
6167.588233947754,2466
6168.585777282715,2422
6169.583320617676,2422
6170.5803871154785,2418
6171.577930450439,2454
6172.574996948242,2398
6173.572301864624,2414
6174.569845199585,2410
6175.566911697388,2458
6176.564455032349,2462
6177.566289901733,2482
6178.559064865112,2474
6179.556608200073,2470
6180.553674697876,2452
6181.551218032837,2442
6182.548522949219,2394
6183.5455894470215,2430
6184.542894363403,2398
6185.540437698364,2386
6186.537742614746,2458
6187.535047531128,2482
6188.532590866089,2484
6189.529657363892,2462
6190.526962280273,2474
6191.524505615234,2418
6192.521810531616,2406
6193.518877029419,2408
6194.517135620117,2418
6195.513963699341,2416
6196.511268615723,2450
6197.508335113525,2420
6198.505640029907,2466
6199.502944946289,2414
6200.50048828125,2456
6201.497793197632,2490
6202.494859695435,2490
6203.4924030303955,2446
6204.489707946777,2430
6205.487012863159,2430
6206.48455619812,2426
6207.481861114502,2418
6208.478927612305,2446
6209.4762325286865,2398
6210.488557815552,2394
6211.471080780029,2462
6212.468385696411,2470
6213.465929031372,2456
6214.462995529175,2428
6215.460300445557,2460
6216.457843780518,2456
6217.4553871154785,2416
6218.452453613281,2396
6219.449520111084,2406
6220.447063446045,2394
6221.444606781006,2418
6222.441673278809,2410
6223.4392166137695,2398
6224.436521530151,2442
6225.434064865112,2446
6226.460218429565,2468
6227.457523345947,2458
6228.454351425171,2428
6229.452610015869,2386
6230.4487228393555,2422
6231.446743011475,2398
6232.415437698364,2418
6233.441114425659,2422
6234.437942504883,2418
6235.427618026733,2414
6236.433982849121,2480
6237.430572509766,2486
6238.426923751831,2466
6239.424467086792,2446
6240.422248840332,2450
6241.393089294434,2414
6242.417097091675,2454
6243.414878845215,2394
6244.4117069244385,2454
6245.409250259399,2446
6246.406555175781,2446
6247.403860092163,2474
6248.400688171387,2470
6249.398946762085,2460
6250.394582748413,2478
6251.393795013428,2484
6252.3932456970215,2460
6253.387451171875,2456
6255.367994308472,2446
6256.3512325286865,2450
6257.348299026489,2446
6258.34584236145,2450
6259.343147277832,2454
6260.340452194214,2450
6261.337757110596,2446
6262.3350620269775,2474
6263.332366943359,2482
6264.329671859741,2450
6265.326738357544,2398
6266.324520111084,2442
6267.321825027466,2446
6268.318891525269,2426
6269.3164348602295,2462
6270.313739776611,2450
6271.311283111572,2446
6272.308588027954,2470
6273.305654525757,2482
6274.302959442139,2446
6275.301218032837,2450
6276.32737159729,2450
6277.296781539917,2446
6278.321981430054,2418
6279.318809509277,2396
6280.316591262817,2382
6281.313419342041,2374
6282.311677932739,2398
6283.308744430542,2398
6284.305572509766,2422
6285.303115844727,2442
6286.271572113037,2428
6287.268877029419,2422
6288.265943527222,2470
6289.262771606445,2450
6290.260553359985,2454
6291.257858276367,2430
6292.255163192749,2394
6293.252468109131,2442
6294.249773025513,2458
6295.2470779418945,2470
6296.244382858276,2456
6297.241687774658,2490
6298.23899269104,2466
6299.236297607422,2490
6300.233840942383,2474
6301.232099533081,2490
6302.2308349609375,2446
6303.227663040161,2424
6304.224729537964,2378
6305.222034454346,2386
6306.2193393707275,2426
6307.21640586853,2406
6308.213949203491,2384
6309.211015701294,2410
6310.208797454834,2388
6311.211824417114,2384
6312.203168869019,2346
6313.2004737854,2350
6314.198017120361,2362
6315.195083618164,2354
6316.192626953125,2386
6317.220211029053,2354
6318.215370178223,2366
6319.213151931763,2382
6320.209741592407,2406
6321.207046508789,2410
6322.206020355225,2430
6323.202133178711,2414
6324.199199676514,2448
6325.196743011475,2426
6326.193571090698,2424
6327.1636962890625,2414
6328.189134597778,2418
6329.185485839844,2422
6330.183267593384,2414
6331.186056137085,2428
6332.1778774261475,2424
6333.160400390625,2462
6334.143400192261,2430
6335.140943527222,2426
6336.14182472229,2426
6337.135314941406,2426
6338.135480880737,2428
6339.161157608032,2454
6340.128421783447,2416
6341.125011444092,2384
6342.123508453369,2420
6343.120574951172,2470
6344.146490097046,2458
6345.149993896484,2462
6346.142292022705,2458
6347.137689590454,2458
6348.135232925415,2430
6349.132299423218,2454
6350.129127502441,2446
6351.12738609314,2410
6352.095603942871,2414
6353.122711181641,2410
6354.119539260864,2424
6355.116128921509,2450
6356.11367225647,2474
6357.116222381592,2462
6358.109474182129,2416
6359.106779098511,2404
6360.103607177734,2390
6361.107349395752,2410
6362.09774017334,2400
6363.095283508301,2412
6364.0923500061035,2364
6365.090131759644,2356
6366.088151931763,2396
6367.084741592407,2414
6368.088483810425,2414
6369.0502643585205,2410
6370.084285736084,2364
6371.074914932251,2416
6372.071743011475,2384
6373.068571090698,2410
6374.073505401611,2392
6375.067949295044,2414
6376.060724258423,2398
6377.058267593384,2390
6378.027677536011,2394
6379.053831100464,2394
6380.051374435425,2410
6381.01863861084,2422
6382.044315338135,2420
6383.041620254517,2424
6384.039640426636,2474
6385.035991668701,2502
6386.006593704224,2414
6387.037515640259,2386
6388.028621673584,2424
6389.025688171387,2414
6390.02537727356,2406
6391.020059585571,2408
6392.024278640747,2430
6393.021583557129,2474
6394.012928009033,2448
6395.010471343994,2448
6396.0065841674805,2430
6397.006273269653,2424
6398.001670837402,2430
6398.998737335205,2412
6399.996519088745,2392
6400.993824005127,2380
6401.996850967407,2362
6402.996778488159,2400
6403.9857387542725,2382
6404.983282089233,2410
6405.980825424194,2410
6406.9976806640625,2404
6407.975196838379,2382
6408.94341468811,2374
6409.940481185913,2366
6410.937786102295,2356
6411.935091018677,2364
6412.932395935059,2334
6413.92970085144,2350
6414.926767349243,2350
6415.924549102783,2374
6416.921854019165,2378
6417.918920516968,2410
6418.916702270508,2386
6419.913768768311,2386
6420.910835266113,2414
6421.908140182495,2422
6422.905921936035,2396
6423.902988433838,2398
6424.900531768799,2412
6425.897836685181,2422
6426.8951416015625,2376
6427.892208099365,2446
6428.889513015747,2448
6429.887056350708,2426
6430.88436126709,2416
6431.881666183472,2414
6432.878732681274,2378
6433.876514434814,2422
6434.873580932617,2410
6435.870885848999,2356
6436.86842918396,2376
6437.865495681763,2406
6438.863039016724,2406
6439.860105514526,2412
6442.534446716309,2394
6442.85249710083,2414
6442.85249710083,2418
6444.3535804748535,2510
6444.8583126068115,2396
6445.858716964722,2452
6446.926832199097,2410
6447.9241371154785,2390
6448.921918869019,2378
6449.918985366821,2394
6450.914621353149,2362
6451.911687850952,2406
6452.910661697388,2418
6453.907489776611,2406
6454.904794692993,2412
6455.902099609375,2394
6456.899881362915,2390
6457.896947860718,2392
6458.8940143585205,2366
6459.891796112061,2400
6460.888862609863,2350
6461.886644363403,2328
6462.883472442627,2364
6463.881015777588,2390
6464.87832069397,2416
6465.8753871917725,2410
6466.872930526733,2418
6467.870235443115,2414
6468.867540359497,2410
6469.864845275879,2382
6470.86238861084,2362
6471.859931945801,2384
6472.855806350708,2358
6473.852634429932,2358
6474.8499393463135,2384
6475.847482681274,2406
6476.844549179077,2458
6477.841854095459,2466
6478.83939743042,2444
6479.836702346802,2398
6480.834007263184,2392
6481.831312179565,2382
6482.828855514526,2410
6483.825922012329,2376
6484.823226928711,2378
6485.820770263672,2380
6486.818075180054,2408
6487.815380096436,2446
6488.814830780029,2412
6489.811658859253,2414
6490.809202194214,2412
6491.806983947754,2386
6492.803573608398,2406
6493.8108921051025,2430
6494.798421859741,2420
6495.795488357544,2392
6496.793031692505,2382
6497.790098190308,2378
6498.787641525269,2394
6499.78494644165,2410
6500.782251358032,2422
6501.780033111572,2416
6502.777099609375,2430
6503.783941268921,2382
6504.798650741577,2406
6505.795955657959,2394
6506.793737411499,2406
6507.790088653564,2390
6508.787631988525,2392
6509.785413742065,2332
6510.789632797241,2358
6511.77978515625,2406
6512.781858444214,2406
6513.774394989014,2398
6514.771461486816,2450
6515.769004821777,2394
6516.766548156738,2362
6517.764091491699,2378
6518.750429153442,2400
6519.731283187866,2382
6520.728588104248,2382
6521.726131439209,2316
6522.72367477417,2366
6523.720979690552,2386
6524.718284606934,2366
6525.7158279418945,2384
6526.713132858276,2414
6527.710437774658,2374
6528.70774269104,2374
6529.705047607422,2376
6530.702114105225,2356
6531.699895858765,2342
6532.6972007751465,2406
6533.694267272949,2358
6534.690141677856,2352
6535.687208175659,2368
6536.68475151062,2386
6537.681818008423,2410
6538.679361343384,2400
6539.676666259766,2382
6540.6739711761475,2406
6541.671514511108,2378
6542.66881942749,2426
6543.665885925293,2382
6544.663190841675,2364
6545.660734176636,2386
6546.658039093018,2418
6547.65510559082,2360
6548.652648925781,2396
6549.649953842163,2422
6550.658464431763,2376
6551.645040512085,2384
6552.642107009888,2366
6553.6394119262695,2374
6554.636478424072,2366
6555.634021759033,2386
6556.631326675415,2386
6557.628631591797,2426
6558.625936508179,2416
6559.623241424561,2366
6560.620546340942,2406
6561.618089675903,2446
6562.615394592285,2448
6563.612699508667,2454
6564.610004425049,2394
6565.607786178589,2410
6566.6046142578125,2378
6567.601919174194,2354
6568.599224090576,2358
6569.596767425537,2360
6570.594072341919,2374
6571.591377258301,2322
6572.5884437561035,2358
6573.585987091064,2298
6574.583292007446,2362
6575.580596923828,2352
6576.578140258789,2358
6577.575206756592,2316
6578.572511672974,2294
6579.5698165893555,2282
6580.567359924316,2338
6581.564664840698,2374
6582.56196975708,2334
6583.559274673462,2346
6584.556579589844,2412
6585.553884506226,2382
6586.551189422607,2422
6587.548732757568,2406
6588.54603767395,2394
6589.543104171753,2392
6590.540647506714,2350
6591.537952423096,2378
6592.5352573394775,2366
6593.532562255859,2374
6594.53010559082,2362
6595.527172088623,2388
6596.524715423584,2410
6597.522020339966,2406
6598.519325256348,2406
6599.5166301727295,2418
6600.513935089111,2396
6601.511478424072,2394
6602.508544921875,2384
6603.506088256836,2378
6604.503393173218,2418
6605.5006980896,2364
6606.498003005981,2376
6607.495069503784,2376
6608.492612838745,2364
6609.489917755127,2362
6610.487222671509,2366
6611.48476600647,2382
6612.482786178589,2358
6613.508939743042,2352
6614.505767822266,2326
6615.502834320068,2328
6616.502046585083,2346
6617.4986362457275,2358
6618.495225906372,2416
6619.493722915649,2406
6620.46217918396,2386
6621.487617492676,2416
6622.4846839904785,2450
6623.482227325439,2452
6624.480724334717,2410
6625.476598739624,2410
6626.4808177948,2386
6627.471446990967,2382
6628.468990325928,2426
6629.466533660889,2422
6630.464792251587,2422
6631.460905075073,2442
6632.458209991455,2430
6633.457183837891,2420
6634.453535079956,2430
6635.4615688323975,2418
6636.4476680755615,2442
6637.444972991943,2406
6638.442039489746,2374
6639.439344406128,2378
6640.437602996826,2366
6641.43443107605,2398
6642.431974411011,2406
6643.428564071655,2406
6644.426345825195,2392
6645.423412322998,2366
6646.421194076538,2390
6647.418022155762,2366
6648.415565490723,2374
6649.413108825684,2350
6650.410413742065,2360
6651.411771774292,2346
6652.405261993408,2340
6653.402328491211,2342
6654.400110244751,2374
6655.396938323975,2378
6656.393766403198,2358
6657.39107131958,2366
6658.389329910278,2384
6659.386396408081,2376
6660.382986068726,2342
6661.380290985107,2314
6662.378311157227,2298
6664.348602294922,2334
6665.3406620025635,2250
6666.337728500366,2298
6667.335271835327,2356
6668.332576751709,2386
6669.329881668091,2418
6670.327186584473,2406
6671.324729919434,2398
6672.321796417236,2394
6673.319101333618,2452
6674.325704574585,2442
6675.31418800354,2430
6676.311254501343,2388
6677.308559417725,2406
6678.306102752686,2426
6679.303169250488,2444
6680.30047416687,2424
6681.29825592041,2424
6682.295322418213,2394
6683.292627334595,2390
6684.289932250977,2362
6685.287237167358,2374
6686.28454208374,2362
6687.281847000122,2326
6688.279390335083,2302
6689.277172088623,2302
6690.274000167847,2278
6691.271781921387,2316
6692.268848419189,2324
6693.266153335571,2396
6694.263458251953,2386
6695.261001586914,2338
6696.258068084717,2346
6697.255373001099,2362
6698.253154754639,2352
6699.250221252441,2358
6700.247526168823,2350
6701.245069503784,2342
6702.253341674805,2362
6703.239440917969,2346
6704.236745834351,2408
6705.2342891693115,2386
6706.233263015747,2410
6707.258701324463,2398
6708.2555294036865,2414
6709.2530727386475,2406
6710.249662399292,2410
6711.247682571411,2366
6712.215900421143,2350
6713.241815567017,2386
6714.239835739136,2398
6715.2369022369385,2408
6716.238737106323,2412
6717.231035232544,2448
6718.228578567505,2426
6719.225883483887,2392
6720.196008682251,2382
6721.193075180054,2332
6722.190618515015,2354
6723.187446594238,2366
6724.18475151062,2382
6725.182294845581,2362
6726.179361343384,2356
6727.192163467407,2354
6728.1739711761475,2398
6729.171514511108,2394
6730.176687240601,2350
6731.16660118103,2326
6732.163429260254,2366
6733.160734176636,2346
6734.158039093018,2330
6735.155820846558,2286
6736.179351806641,2318
6737.1766567230225,2330
6738.174200057983,2330
6739.171266555786,2354
6740.169048309326,2382
6741.167306900024,2392
6742.163181304932,2406
6743.165969848633,2416
6744.158029556274,2390
6745.155811309814,2388
6746.152639389038,2378
6747.150897979736,2392
6748.148202896118,2394
6749.144554138184,2350
6750.141859054565,2386
6751.143217086792,2382
6752.109050750732,2414
6753.134489059448,2426
6754.132032394409,2424
6755.128860473633,2410
6756.125926971436,2386
6757.123947143555,2344
6758.121967315674,2330
6759.118318557739,2354
6760.115385055542,2366
6761.114835739136,2382
6762.110471725464,2354
6763.108253479004,2358
6764.104843139648,2394
6765.10214805603,2418
6766.799688339233,2410
6767.0838832855225,2386
6768.095016479492,2398
6769.158840179443,2374
6770.187616348267,2374
6771.387100219727,2358
6772.384166717529,2298
6772.384166717529,2382
6773.381471633911,2322
6775.37202835083,2374
6776.37243270874,2382
6776.37243270874,2398
6778.367519378662,2430
6779.364824295044,2432
6780.362129211426,2410
6781.333446502686,2398
6782.33003616333,2398
6783.327341079712,2394
6784.324407577515,2398
6785.321950912476,2394
6786.319017410278,2386
6787.316560745239,2414
6788.341522216797,2422
6789.3385887146,2452
6790.335655212402,2448
6791.33415222168,2422
6792.331218719482,2410
6793.328285217285,2390
6794.325828552246,2388
6795.328855514526,2382
6796.320199966431,2408
6797.318696975708,2416
6798.315048217773,2392
6799.312114715576,2382
6800.309658050537,2364
6801.30934715271,2382
6802.30450630188,2406
6803.3013343811035,2406
6804.303169250488,2386
6805.304050445557,2364
6806.293725967407,2350
6807.29079246521,2394
6808.288097381592,2384
6809.28635597229,2374
6810.283422470093,2358
6811.288118362427,2342
6812.250852584839,2394
6813.2476806640625,2394
6814.244747161865,2414
6815.270662307739,2382
6816.266775131226,2394
6817.264556884766,2378
6818.2618618011475,2346
6819.25892829895,2362
6820.255994796753,2354
6821.253538131714,2376
6822.251558303833,2386
6823.2481479644775,2350
6824.252605438232,2362
6825.24299621582,2362
6826.240062713623,2374
6827.210903167725,2366
6828.234910964966,2358
6829.232692718506,2330
6830.22928237915,2340
6831.226825714111,2314
6832.226514816284,2352
6833.193778991699,2342
6834.219217300415,2350
6835.216522216797,2354
6836.2133502960205,2378
6837.210893630981,2362
6838.2086753845215,2396
6839.205741882324,2416
6840.203285217285,2378
6841.200351715088,2350
6842.198610305786,2326
6843.195915222168,2328
6844.196081161499,2394
6845.189571380615,2380
6846.187591552734,2398
6847.184896469116,2412
6848.181247711182,2378
6849.179029464722,2394
6850.175857543945,2414
6851.144790649414,2414
6852.143287658691,2406
6853.16801071167,2394
6854.173183441162,2398
6855.162858963013,2360
6856.1601638793945,2334
6857.183218002319,2354
6858.155012130737,2378
6859.152555465698,2390
6860.149145126343,2362
6861.117839813232,2366
6862.144708633423,2378
6863.141775131226,2410
6864.144325256348,2406
6865.137577056885,2380
6866.141796112061,2358
6867.131233215332,2342
6868.128776550293,2358
6869.125604629517,2386
6870.122909545898,2390
6871.093273162842,2398
6872.117757797241,2382
6873.115301132202,2394
6874.083757400513,2468
6875.123023986816,2410
6876.107692718506,2442
6877.078294754028,2406
6878.109455108643,2382
6879.098653793335,2350
6880.096197128296,2360
6881.093263626099,2384
6882.09080696106,2388
6883.093357086182,2398
6884.085416793823,2388
6885.083198547363,2386
6886.080265045166,2386
6887.077569961548,2406
6888.075351715088,2384
6889.070749282837,2406
6890.068769454956,2374
6891.037940979004,2358
6892.063140869141,2358
6893.062114715576,2354
6894.0582275390625,2410
6895.054817199707,2430
6896.05188369751,2382
6897.050857543945,2382
6898.047685623169,2390
6899.044036865234,2430
6900.0420570373535,2462
6901.012897491455,2406
6902.036428451538,2394
6903.033971786499,2350
6904.002666473389,2358
6904.9999713897705,2378
6905.997276306152,2394
6906.994581222534,2410
6907.992124557495,2390
6908.995866775513,2392
6909.98649597168,2382
6910.984039306641,2382
6911.9813442230225,2382
6912.978649139404,2382
6913.975954055786,2362
6914.973497390747,2326
6915.97056388855,2332
6916.967868804932,2334
6917.965650558472,2384
6918.9629554748535,2406
6919.962406158447,2400
6920.958042144775,2366
6921.954870223999,2382
6922.961950302124,2408
6923.949480056763,2430
6924.9467849731445,2454
6925.944089889526,2398
6926.941394805908,2394
6927.93869972229,2382
6928.936004638672,2414
6929.933547973633,2394
6930.930614471436,2430
6931.9281578063965,2456
6932.925462722778,2430
6933.926105499268,2418
6934.921979904175,2386
6935.919761657715,2398
6936.916828155518,2374
6937.9143714904785,2370
6938.910961151123,2334
6939.908266067505,2346
6940.906286239624,2350
6941.903114318848,2360
6942.900657653809,2350
6943.9098834991455,2400
6944.89598274231,2380
6945.893049240112,2362
6946.890354156494,2386
6947.887897491455,2398
6948.884725570679,2398
6949.881792068481,2366
6950.879335403442,2348
6951.876878738403,2328
6952.873706817627,2330
6953.871011734009,2350
6954.86855506897,2374
6955.865859985352,2364
6956.862926483154,2390
6957.860469818115,2326
6958.857774734497,2364
6959.855079650879,2362
6960.85262298584,2342
6961.849927902222,2342
6962.8472328186035,2342
6963.843107223511,2334
6964.8401737213135,2342
6965.837240219116,2338
6966.834783554077,2362
6967.832088470459,2404
6968.829393386841,2400
6969.826698303223,2380
6970.8240032196045,2394
6971.821546554565,2406
6972.818851470947,2406
6973.816156387329,2374
6974.813461303711,2414
6975.810527801514,2374
6976.8078327178955,2346
6977.805614471436,2410
6978.80482673645,2416
6979.802131652832,2422
6980.807065963745,2448
6981.797456741333,2470
6982.794284820557,2446
6983.79111289978,2468
6984.788417816162,2506
6985.785961151123,2422
6986.783266067505,2416
6987.780332565308,2454
6988.77739906311,2476
6989.774703979492,2458
6990.772008895874,2474
6991.769552230835,2510
6992.766618728638,2506
6993.764877319336,2482
6994.789838790894,2482
6995.789289474487,2414
6996.784925460815,2376
6997.781753540039,2288
6998.778820037842,2224
6999.7758865356445,2198
7000.781536102295,2214
7001.7712116241455,2170
7002.768039703369,2226
7003.769636154175,2296
7004.763126373291,2282
7005.761623382568,2322
7006.757736206055,2330
7007.756471633911,2366
7008.75186920166,2358
7009.756088256836,2386
7010.747194290161,2394
7011.745452880859,2398
7012.741327285767,2422
7013.745069503784,2410
7014.74404335022,2392
7015.734434127808,2362
7016.731739044189,2316
7017.728567123413,2248
7018.740653991699,2286
7019.722700119019,2298
7020.7202434539795,2288
7021.718502044678,2278
7022.7179527282715,2342
7023.712396621704,2378
7024.709224700928,2352
7025.679588317871,2394
7026.676416397095,2390
7027.673959732056,2446
7028.671026229858,2474
7029.66833114624,2482
7030.665636062622,2458
7031.662940979004,2390
7032.660722732544,2362
7033.657789230347,2366
7034.654855728149,2390
7035.65239906311,2382
7036.649703979492,2366
7037.646770477295,2366
7038.644552230835,2366
7039.641618728638,2398
7040.637731552124,2418
7041.635036468506,2406
7042.632102966309,2392
7043.62940788269,2386
7044.626712799072,2360
7045.624017715454,2382
7046.621322631836,2390
7047.618627548218,2342
7048.616170883179,2318
7049.613475799561,2322
7050.610780715942,2350
7051.608085632324,2354
7052.605390548706,2382
7053.602457046509,2398
7054.60000038147,2406
7055.597305297852,2398
7056.5948486328125,2390
7057.592153549194,2376
7058.589458465576,2382
7059.586763381958,2386
7060.584306716919,2386
7061.581611633301,2356
7062.5786781311035,2376
7063.575983047485,2342
7064.573526382446,2358
7065.570592880249,2368
7066.567897796631,2414
7067.565202713013,2382
7068.562746047974,2346
7069.5600509643555,2356
7070.557355880737,2366
7071.554899215698,2378
7072.552680969238,2382
7073.549270629883,2386
7074.547052383423,2362
7075.544118881226,2360
7076.541423797607,2422
7077.538728713989,2422
7078.536033630371,2390
7079.533338546753,2354
7080.530643463135,2354
7081.528425216675,2364
7082.5254917144775,2390
7083.52255821228,2368
7084.519863128662,2386
7085.517406463623,2362
7086.514711380005,2366
7087.512016296387,2356
7088.509321212769,2364
7089.50662612915,2398
7090.503931045532,2390
7091.501474380493,2414
7092.498779296875,2390
7093.496084213257,2398
7094.493389129639,2418
7095.4909324646,2406
7096.487998962402,2398
7097.485303878784,2406
7098.482608795166,2398
7099.480152130127,2386
7100.477457046509,2414
7101.47500038147,2410
7102.47278213501,2390
7103.469371795654,2380
7104.466676712036,2350
7105.463981628418,2356
7106.461524963379,2378
7107.458591461182,2382
7108.4558963775635,2420
7109.453201293945,2416
7110.452651977539,2386
7111.448049545288,2446
7112.44535446167,2472
7113.442659378052,2458
7114.439964294434,2470
7115.437269210815,2426
7116.434574127197,2390
7117.432117462158,2372
7118.42942237854,2388
7119.426727294922,2366
7120.424032211304,2342
7121.421337127686,2342
7122.418642044067,2298
7123.415946960449,2230
7124.41349029541,2222
7125.410556793213,2242
7126.407861709595,2242
7127.405405044556,2246
7128.4027099609375,2246
7129.400014877319,2254
7130.397319793701,2246
7131.394863128662,2286
7132.391929626465,2302
7133.389234542847,2354
7134.387016296387,2346
7135.384082794189,2334
7136.381149291992,2394
7137.378931045532,2410
7138.375997543335,2408
7139.373302459717,2356
7140.370607376099,2382
7141.368389129639,2358
7142.365455627441,2330
7143.362522125244,2330
7144.359827041626,2358
7145.357370376587,2350
7146.354675292969,2366
7147.351980209351,2346
7149.348974227905,2358
7149.348974227905,2354
7151.342868804932,2352
7152.340650558472,2326
7153.337717056274,2302
7154.335021972656,2294
7155.332326889038,2254
7156.32963180542,2258
7157.326936721802,2258
7158.324480056763,2266
7159.321546554565,2286
7160.3193283081055,2254
7161.316633224487,2320
7162.31369972229,2328
7163.310766220093,2352
7164.306879043579,2358
7165.303945541382,2360
7166.301488876343,2346
7167.298793792725,2350
7168.295860290527,2374
7169.293642044067,2406
7170.29070854187,2444
7171.288013458252,2454
7172.285556793213,2462
7173.282861709595,2494
7174.2799282073975,2470
7175.277233123779,2458
7176.27477645874,2522
7177.272319793701,2452
7178.269386291504,2448
7179.266452789307,2390
7180.2661418914795,2396
7181.263208389282,2426
7182.260513305664,2406
7183.257579803467,2408
7184.254884719849,2422
7185.25242805481,2390
7186.249732971191,2382
7187.246799468994,2342
7188.244581222534,2374
7189.241647720337,2354
7190.238952636719,2322
7191.236972808838,2286
7192.2338008880615,2322
7193.230867385864,2330
7194.228410720825,2362
7195.226192474365,2392
7196.223020553589,2408
7197.220325469971,2364
7198.2176303863525,2358
7199.2151737213135,2406
7200.212240219116,2350
7201.209545135498,2376
7202.207088470459,2358
7203.204154968262,2330
7204.201459884644,2350
7205.198764801025,2374
7206.196546554565,2358
7207.193851470947,2388
7208.19091796875,2386
7209.188461303711,2374
7210.212707519531,2366
7211.211204528809,2392
7212.206840515137,2390
7213.204145431519,2410
7214.2016887664795,2374
7215.198993682861,2346
7216.196298599243,2330
7217.193841934204,2318
7218.191623687744,2358
7219.188213348389,2374
7220.18575668335,2368
7221.184730529785,2376
7222.180128097534,2366
7223.178148269653,2414
7224.14755821228,2386
7225.144624710083,2386
7226.141452789307,2378
7227.1387577056885,2356
7228.136301040649,2350
7229.133605957031,2342
7230.130434036255,2352
7231.127977371216,2386
7232.125520706177,2390
7233.1225872039795,2408
7234.12013053894,2414
7235.117197036743,2428
7236.126184463501,2406
7237.125635147095,2430
7238.109350204468,2412
7239.10665512085,2386
7240.103960037231,2362
7241.104602813721,2362
7242.130279541016,2364
7243.125438690186,2390
7244.095087051392,2386
7245.121717453003,2448
7246.11759185791,2394
7247.114658355713,2398
7248.0833530426025,2406
7249.082088470459,2398
7250.078916549683,2384
7251.077175140381,2382
7252.074241638184,2342
7253.071308135986,2332
7254.06813621521,2410
7255.065679550171,2374
7256.063222885132,2386
7257.0600509643555,2374
7258.0578327178955,2414
7259.054899215698,2406
7260.05220413208,2394
7261.050701141357,2358
7262.047052383423,2364
7263.044357299805,2374
7264.041423797607,2350
7265.038728713989,2366
7266.036510467529,2378
7267.033815383911,2390
7268.030881881714,2382
7269.028425216675,2360
7270.0254917144775,2362
7271.023988723755,2362
7272.0208168029785,2340
7273.017883300781,2390
7274.015188217163,2378
7275.012016296387,2356
7276.009798049927,2350
7277.007579803467,2360
7278.004169464111,2330
7279.001712799072,2338
7279.999017715454,2376
7280.996322631836,2374
7281.993865966797,2384
7282.9909324646,2350
7283.988237380981,2366
7284.985542297363,2384
7285.983085632324,2382
7286.980390548706,2362
7287.977933883667,2344
7288.974761962891,2344
7289.972305297852,2330
7290.969610214233,2362
7291.966915130615,2386
7292.964935302734,2428
7293.961763381958,2396
7294.973373413086,2394
7295.956373214722,2402
7296.961784362793,2366
7297.950983047485,2350
7298.948049545288,2374
7299.945831298828,2346
7300.942897796631,2340
7301.940202713013,2352
7302.938461303711,2316
7303.9350509643555,2416
7304.931163787842,2398
7305.927991867065,2406
7306.925296783447,2386
7307.92236328125,2366
7308.92014503479,2386
7309.917211532593,2352
7310.914754867554,2366
7311.911821365356,2322
7312.909364700317,2278
7313.906669616699,2328
7314.903974533081,2354
7315.901517868042,2376
7316.898584365845,2374
7317.896127700806,2386
7318.893194198608,2362
7319.890737533569,2362
7320.888042449951,2384
7321.885347366333,2426
7322.882652282715,2354
7323.879957199097,2398
7324.8772621154785,2348
7325.874805450439,2350
7326.872110366821,2354
7327.869415283203,2386
7328.866481781006,2382
7329.864025115967,2382
7330.861330032349,2382
7331.858396530151,2356
7332.856178283691,2392
7333.853483200073,2384
7334.850549697876,2360
7335.847854614258,2350
7336.845397949219,2346
7337.8424644470215,2352
7338.839769363403,2354
7339.837074279785,2378
7340.834617614746,2418
7341.831922531128,2382
7342.82922744751,2398
7343.826770782471,2366
7344.8240756988525,2350
7345.821142196655,2342
7346.818447113037,2330
7347.815990447998,2386
7348.81329536438,2358
7349.810600280762,2354
7350.808143615723,2332
7351.8054485321045,2348
7352.802515029907,2418
7353.799819946289,2354
7354.797124862671,2362
7355.794668197632,2354
7356.791973114014,2334
7357.7892780303955,2342
7358.786582946777,2368
7359.783887863159,2358
7360.781192779541,2358
7361.778736114502,2318
7362.776041030884,2344
7363.775253295898,2358
7364.799499511719,2390
7365.797281265259,2410
7366.794586181641,2366
7367.791414260864,2346
7368.772029876709,2346
7369.785785675049,2358
7370.784282684326,2346
7371.780872344971,2406
7372.782230377197,2374
7373.775005340576,2330
7374.772548675537,2356
7375.770092010498,2378
7376.76739692688,2390
7377.764940261841,2386
7378.761768341064,2394
7379.752635955811,2326
7380.729913711548,2314
7381.72721862793,2342
7382.724285125732,2294
7383.721828460693,2314
7384.718894958496,2328
7385.716438293457,2342
7386.713743209839,2350
7387.711048126221,2358
7388.708114624023,2360
7389.705419540405,2382
7390.702962875366,2350
7391.700744628906,2342
7392.69757270813,2262
7393.715858459473,2320
7394.692420959473,2328
7395.68829536438,2362
7396.685361862183,2330
7397.682428359985,2350
7398.679733276367,2358
7399.677276611328,2332
7400.67458152771,2346
7401.671886444092,2376
7402.669429779053,2362
7403.6664962768555,2330
7404.664039611816,2346
7405.661106109619,2298
7406.65864944458,2298
7407.655954360962,2322
7408.653259277344,2354
7409.650802612305,2372
7410.649538040161,2350
7411.675214767456,2350
7412.67204284668,2392
7413.668632507324,2354
7414.665699005127,2294
7415.663003921509,2386
7416.66054725647,2346
7417.65832901001,2340
7418.655157089233,2326
7419.652700424194,2324
7420.650482177734,2330
7421.647071838379,2350
7422.644853591919,2364
7423.641681671143,2358
7424.6392250061035,2366
7425.609588623047,2414
7426.60665512085,2402
7427.604198455811,2386
7428.601264953613,2354
7429.598569869995,2318
7430.596351623535,2344
7431.593656539917,2328
7434.053421020508,2332
7434.053421020508,2378
7435.089588165283,2374
7436.089277267456,2390
7437.09921836853,2406
7438.099384307861,2378
7439.09764289856,2378
7440.094470977783,2358
7441.092491149902,2342
7442.087888717651,2342
7443.087816238403,2360
7444.08392906189,2326
7445.080518722534,2342
7446.078062057495,2378
7447.075366973877,2376
7448.072910308838,2388
7449.069976806641,2366
7450.0672817230225,2358
7451.065301895142,2380
7452.062606811523,2358
7453.059434890747,2366
7454.056739807129,2366
7455.05428314209,2294
7456.051349639893,2324
7457.0488929748535,2322
7458.045959472656,2374
7459.043264389038,2390
7460.040330886841,2374
7461.038112640381,2352
7462.035417556763,2352
7463.0327224731445,2334
7464.030027389526,2346
7465.027332305908,2350
7466.02463722229,2346
7467.021703720093,2302
7468.019247055054,2318
7469.016551971436,2350
7470.013856887817,2354
7471.011400222778,2362
7472.00870513916,2390
7473.004579544067,2378
7474.00164604187,2346
7474.998950958252,2358
7475.996255874634,2382
7476.993560791016,2354
7477.9908657073975,2342
7478.988170623779,2342
7479.98571395874,2326
7480.983018875122,2354
7481.980323791504,2358
7482.977628707886,2422
7483.974933624268,2418
7484.972238540649,2394
7485.96978187561,2362
7486.967086791992,2354
7487.964868545532,2362
7488.989591598511,2388
7489.987373352051,2366
7490.984916687012,2354
7492.001533508301,2346
7492.979288101196,2294
7493.950366973877,2360
7494.978666305542,2376
7495.972633361816,2384
7496.968746185303,2384
7497.9658126831055,2386
7498.963356018066,2382
7499.960899353027,2366
7500.931739807129,2382
7501.955032348633,2398
7502.924203872681,2382
7503.921747207642,2366
7504.918813705444,2358
7505.916118621826,2374
7506.913423538208,2378
7507.910966873169,2406
7508.908271789551,2390
7509.905576705933,2352
7510.903120040894,2342
7511.900424957275,2362
7512.897491455078,2364
7513.89479637146,2342
7514.892339706421,2340
7515.889644622803,2350
7516.886949539185,2326
7517.884254455566,2334
7518.881559371948,2364
7519.87886428833,2398
7520.876169204712,2390
7521.873712539673,2362
7522.871017456055,2350
7523.868083953857,2348
7524.865627288818,2366
7525.8629322052,2362
7526.860237121582,2358
7527.857780456543,2350
7528.854846954346,2342
7529.8521518707275,2362
7530.849456787109,2360
7531.84700012207,2390
7532.844305038452,2386
7533.841609954834,2394
7534.867763519287,2278
7535.864591598511,2366
7536.864757537842,2378
7537.859678268433,2392
7538.856506347656,2358
7539.854049682617,2364
7540.857315063477,2358
7541.849136352539,2346
7542.845964431763,2386
7543.816089630127,2392
7544.840335845947,2388
7545.837640762329,2322
7546.83518409729,2366
7547.832489013672,2350
7548.830032348633,2376
7549.800395965576,2362
7550.797462463379,2326
7551.795244216919,2350
7552.792549133301,2344
7553.789854049683,2354
7554.787397384644,2386
7555.784463882446,2418
7556.781768798828,2410
7557.779550552368,2382
7558.776617050171,2378
7559.773921966553,2330
7560.770034790039,2328
7561.766862869263,2366
7562.7641677856445,2350
7563.7617111206055,2388
7564.7594928741455,2330
7565.756320953369,2354
7566.753625869751,2342
7567.750930786133,2354
7568.763732910156,2398
7569.745779037476,2382
7570.743083953857,2346
7571.740388870239,2354
7572.737693786621,2346
7573.734998703003,2330
7574.732303619385,2344
7575.729608535767,2356
7576.726675033569,2322
7577.72421836853,2334
7578.721761703491,2358
7579.719066619873,2362
7580.716371536255,2376
7581.713676452637,2374
7582.710981369019,2362
7583.708047866821,2320
7584.705591201782,2322
7585.702896118164,2290
7586.700201034546,2352
7587.697744369507,2324
7588.69481086731,2318
7589.6923542022705,2300
7590.689420700073,2350
7591.687202453613,2354
7592.684507369995,2382
7593.681573867798,2386
7594.682693481445,2350
7595.678091049194,2356
7596.675395965576,2330
7597.672462463379,2360
7598.669767379761,2340
7599.667310714722,2334
7600.6646156311035,2298
7601.662397384644,2350
7602.659463882446,2326
7603.656768798828,2366
7604.65407371521,2348
7605.651378631592,2352
7606.648683547974,2366
7607.6459884643555,2350
7608.643293380737,2350
7609.64035987854,2342
7610.638380050659,2362
7611.635208129883,2354
7612.632513046265,2350
7613.630056381226,2342
7614.627361297607,2358
7615.62442779541,2362
7616.621732711792,2374
7617.619276046753,2366
7618.616580963135,2390
7619.613885879517,2326
7620.6114292144775,2350
7621.60849571228,2358
7622.606039047241,2346
7623.603105545044,2348
7624.600648880005,2338
7625.625848770142,2324
7626.6233921051025,2338
7627.6209354400635,2354
7628.618478775024,2362
7629.615306854248,2360
7630.618333816528,2352
7631.61039352417,2318
7632.607221603394,2322
7633.604526519775,2298
7634.601831436157,2346
7635.571241378784,2326
7636.5966796875,2320
7637.593746185303,2290
7638.591051101685,2318
7639.592170715332,2350
7640.558481216431,2350
7641.584396362305,2386
7642.580509185791,2374
7643.585205078125,2350
7644.574880599976,2356
7645.572662353516,2354
7646.574020385742,2298
7647.567272186279,2334
7648.568153381348,2314
7649.561882019043,2328
7650.559186935425,2354
7651.561737060547,2354
7652.554035186768,2386
7653.551340103149,2356
7654.548406600952,2352
7655.546188354492,2330
7656.513929367065,2326
7657.540321350098,2324
7658.5373878479,2342
7659.53516960144,2298
7660.505771636963,2322
7661.529779434204,2354
7662.527084350586,2366
7663.524866104126,2362
7664.523363113403,2352
7665.518999099731,2400
7666.516304016113,2376
7667.513847351074,2398
7668.510675430298,2358
7669.513940811157,2338
7670.510053634644,2342
7671.50354385376,2354
7672.4724769592285,2352
7673.498153686523,2356
7674.494743347168,2352
7675.492286682129,2350
7676.490545272827,2366
7677.459001541138,2386
7678.4844398498535,2412
7679.481744766235,2350
7680.479526519775,2318
7681.4820766448975,2300
7682.474136352539,2334
7683.473587036133,2342
7684.468507766724,2302
7685.436725616455,2338
7686.463117599487,2294
7687.460422515869,2346
7688.428640365601,2350
7689.425706863403,2358
7690.422773361206,2354
7691.420078277588,2360
7692.417621612549,2346
7693.414926528931,2330
7694.411993026733,2328
7695.409774780273,2314
7696.406841278076,2354
7697.404146194458,2350
7698.40145111084,2350
7699.398994445801,2374
7700.3960609436035,2356
7701.393604278564,2368
7702.391147613525,2376
7703.416585922241,2378
7704.413890838623,2298
7705.412149429321,2318
7706.4104080200195,2328
7707.406520843506,2330
7708.404541015625,2350
7710.405111312866,2382
7710.405111312866,2350
7711.396932601929,2354
7712.3918533325195,2354
7713.389158248901,2366
7714.386463165283,2398
7715.390682220459,2374
7717.379570007324,2362
7718.377113342285,2302
7719.374179840088,2320
7720.371246337891,2330
7721.371173858643,2350
7722.365379333496,2354
7723.336458206177,2382
7724.360466003418,2262
7725.3577709198,2388
7726.355791091919,2380
7727.325916290283,2362
7728.349924087524,2326
7729.348182678223,2352
7730.345964431763,2344
7731.344223022461,2282
7732.339143753052,2346
7733.335971832275,2346
7734.306812286377,2354
7735.303640365601,2378
7736.30166053772,2386
7737.298250198364,2354
7738.295555114746,2346
7739.292860031128,2368
7740.290641784668,2366
7741.28794670105,2322
7742.285251617432,2298
7743.282794952393,2288
7744.279861450195,2322
7745.277166366577,2350
7746.27423286438,2358
7747.271776199341,2378
7748.269081115723,2366
7749.2663860321045,2366
7750.2641677856445,2364
7751.261472702026,2382
7752.259016036987,2376
7753.25608253479,2350
7754.253149032593,2386
7755.250453948975,2322
7756.247520446777,2328
7757.244825363159,2362
7758.24236869812,2362
7759.239673614502,2378
7760.237216949463,2382
7761.234998703003,2412
7762.232065200806,2360
7763.2293701171875,2378
7764.226198196411,2378
7765.241384506226,2338
7766.240835189819,2314
7767.218828201294,2314
7768.216371536255,2314
7769.213914871216,2322
7770.211696624756,2350
7771.209001541138,2342
7772.20606803894,2362
7773.203611373901,2352
7774.200916290283,2362
7775.197982788086,2346
7776.195049285889,2346
7777.1923542022705,2362
7778.190135955811,2352
7779.187202453613,2292
7780.184745788574,2316
7781.182765960693,2324
7782.179117202759,2358
7783.176422119141,2344
7784.1737270355225,2366
7785.171270370483,2332
7786.168575286865,2350
7787.165880203247,2358
7788.163185119629,2378
7789.160490036011,2358
7790.1575565338135,2328
7791.155099868774,2314
7792.152643203735,2286
7793.149709701538,2294
7794.147729873657,2322
7795.14479637146,2342
7796.142101287842,2342
7797.165393829346,2342
7798.163414001465,2328
7799.160480499268,2322
7800.15754699707,2302
7801.154851913452,2314
7802.12664604187,2314
7803.150177001953,2298
7804.147005081177,2314
7805.144548416138,2468
7806.142568588257,2318
7807.13963508606,2342
7808.136940002441,2354
7809.134006500244,2352
7810.132026672363,2358
7811.101913452148,2378
7812.099933624268,2394
7813.096284866333,2378
7814.093589782715,2364
7815.090894699097,2326
7816.088676452637,2318
7817.084789276123,2354
7818.081617355347,2344
7819.082736968994,2386
7820.075988769531,2374
7821.073770523071,2354
7822.070837020874,2380
7823.068141937256,2376
7824.065446853638,2342
7825.062990188599,2330
7826.060056686401,2298
7827.057838439941,2290
7828.054666519165,2298
7829.052209854126,2324
7830.049514770508,2330
7831.04681968689,2334
7832.0441246032715,2342
7833.041429519653,2374
7834.038734436035,2374
7835.036277770996,2332
7836.033582687378,2354
7837.03088760376,2354
7838.0279541015625,2332
7839.025497436523,2360
7840.022802352905,2346
7841.020345687866,2322
7842.017650604248,2364
7843.01495552063,2392
7844.012260437012,2394
7845.012664794922,2390
7846.006870269775,2378
7847.004175186157,2352
7848.001480102539,2342
7848.998546600342,2282
7849.996089935303,2280
7850.993633270264,2322
7851.990699768066,2354
7852.988243103027,2294
7853.985548019409,2326
7854.982614517212,2350
7855.979919433594,2398
7856.977462768555,2386
7857.975244522095,2412
7859.002113342285,2410
7859.997749328613,2366
7860.995531082153,2382
7861.964702606201,2366
7862.991809844971,2356
7863.986492156982,2364
7864.98498916626,2346
7865.9868240356445,2358
7866.979122161865,2378
7867.976427078247,2394
7868.973970413208,2414
7869.970798492432,2398
7870.969533920288,2398
7871.965646743774,2378
7872.963666915894,2350
7873.960256576538,2340
7874.95756149292,2314
7875.954627990723,2302
7876.953601837158,2298
7877.9497146606445,2358
7878.947734832764,2322
7879.944086074829,2324
7880.942821502686,2362
7881.91294670105,2354
7882.937669754028,2358
7883.93497467041,2378
7884.9310874938965,2366
7885.928153991699,2300
7886.9264125823975,2326
7887.9241943359375,2342
7888.893842697144,2326
7889.890909194946,2358
7890.888452529907,2366
7891.88551902771,2380
7892.882823944092,2398
7893.880367279053,2412
7894.877910614014,2394
7895.8752155303955,2378
7896.872520446777,2342
7897.86958694458,2326
7898.866891860962,2330
7899.864435195923,2366
7900.861978530884,2348
7901.8590450286865,2354
7902.856349945068,2384
7903.882265090942,2386
7904.879570007324,2366
7905.875205993652,2414
7906.872987747192,2400
7907.870292663574,2398
7908.867120742798,2384
7909.864902496338,2350
7910.863161087036,2350
7911.831378936768,2322
7912.856101989746,2392
7913.853883743286,2350
7914.855718612671,2326
7915.848970413208,2354
7916.8455600738525,2334
7917.843818664551,2374
7918.817520141602,2322
7919.837951660156,2350
7920.807123184204,2340
7921.83256149292,2374
7922.829866409302,2390
7923.827409744263,2410
7924.8247146606445,2462
7925.822019577026,2432
7926.81884765625,2450
7927.818059921265,2456
7928.814172744751,2480
7929.811477661133,2480
7930.808782577515,2460
7931.780099868774,2398
7932.803153991699,2390
7933.773756027222,2328
7934.7710609436035,2298
7935.768365859985,2278
7936.765909194946,2270
7937.762975692749,2254
7938.76051902771,2266
7939.757823944092,2264
7940.7548904418945,2294
7941.752672195435,2316
7942.749977111816,2346
7943.747997283936,2312
7944.744348526001,2294
7945.741891860962,2322
7946.767091751099,2316
7947.765827178955,2346
7948.761940002441,2350
7949.759006500244,2378
7950.7293701171875,2372
7951.753377914429,2384
7952.75092124939,2390
7953.748464584351,2398
7954.7460079193115,2394
7955.745697021484,2362
7956.740140914917,2386
7957.73720741272,2350
7958.735704421997,2324
7959.732294082642,2344
7960.730314254761,2362
7961.700439453125,2398
7962.726831436157,2390
7963.721513748169,2398
7964.719295501709,2388
7965.689897537231,2404
7966.686964035034,2400
7967.711687088013,2392
7968.709468841553,2382
7969.705820083618,2350
7970.707893371582,2390
7971.701145172119,2392
7972.69868850708,2442
7973.695278167725,2406
7974.6994972229,2418
7975.689649581909,2384
7976.686239242554,2444
7977.686166763306,2406
7978.681802749634,2410
7979.6788692474365,2450
7980.675935745239,2430
7981.6734790802,2382
7982.678413391113,2396
7983.672142028809,2426
7984.665870666504,2398
7985.635757446289,2410
7986.667633056641,2390
7987.657785415649,2388
7988.654613494873,2366
7989.652156829834,2362
7990.649938583374,2350
7991.647005081177,2354
7992.644548416138,2318
7993.648052215576,2314
7994.638919830322,2302
7995.636940002441,2322
7996.634721755981,2384
7997.631072998047,2384
7998.628854751587,2406
7999.62592124939,2394
8000.622749328613,2412
8001.621723175049,2454
8002.617835998535,2446
8003.615140914917,2418
8004.612445831299,2430
8005.609512329102,2406
8006.606817245483,2398
8007.604360580444,2386
8008.602619171143,2382
8009.598970413208,2424
8010.568380355835,2430
8011.594772338867,2410
8012.591361999512,2442
8013.58962059021,2378
8014.5862102508545,2394
8015.583276748657,2390
8016.579866409302,2366
8017.577648162842,2324
8018.574476242065,2322
8019.572496414185,2326
8020.573616027832,2358
8021.567344665527,2382
8022.567987442017,2382
8023.561954498291,2408
8024.564504623413,2384
8025.556325912476,2384
8026.554107666016,2346
8027.550935745239,2376
8028.548955917358,2318
8029.545545578003,2330
8030.545234680176,2326
8031.5141677856445,2352
8032.5376987457275,2394
8033.53476524353,2426
8034.532070159912,2408
8035.530090332031,2396
8036.527156829834,2410
8037.525177001953,2374
8038.521528244019,2394
8039.520978927612,2378
8040.515899658203,2386
8041.513681411743,2382
8042.550802230835,2410
8043.508291244507,2394
8044.506549835205,2416
8045.5029010772705,2426
8046.500205993652,2430
8047.497510910034,2462
8048.495292663574,2450
8049.492835998535,2452
8050.489902496338,2442
8051.488876342773,2430
8052.484035491943,2410
8053.482532501221,2414
8054.479360580444,2386
8055.475950241089,2394
8056.474208831787,2396
8057.471513748169,2382
8058.4681034088135,2362
8059.466600418091,2390
8060.477018356323,2352
8061.431407928467,2376
8062.457799911499,2386
8063.4565353393555,2350
8064.452409744263,2366
8065.449476242065,2350
8066.4472579956055,2322
8067.4450397491455,2354
8068.442344665527,2342
8069.439172744751,2328
8070.437431335449,2362
8072.401762008667,2398
8072.401762008667,2366
8073.428392410278,2398
8074.425458908081,2418
8075.423002243042,2406
8076.420307159424,2386
8077.418804168701,2380
8078.416347503662,2412
8079.412460327148,2388
8080.409526824951,2396
8081.406354904175,2410
8083.3728313446045,2458
8084.399938583374,2426
8085.390090942383,2458
8085.390090942383,2446
8086.393594741821,2450
8087.391138076782,2416
8089.3566608428955,2398
8090.386629104614,2418
8091.380834579468,2392
8092.378854751587,2382
8093.374490737915,2418
8094.372272491455,2550
8095.369577407837,2410
8096.367120742798,2382
8097.364664077759,2396
8098.361492156982,2426
8099.360466003418,2384
8100.356340408325,2360
8101.353645324707,2382
8102.323532104492,2358
8103.348731994629,2394
8104.347944259644,2388
8105.342864990234,2398
8106.340408325195,2394
8107.337474822998,2418
8108.335018157959,2424
8109.332084655762,2410
8110.329389572144,2382
8111.298084259033,2410
8112.328290939331,2396
8113.321781158447,2376
8114.319324493408,2342
8115.317344665527,2398
8116.313457489014,2416
8117.3107624053955,2406
8119.9328899383545,2394
8119.9328899383545,2406
8120.275259017944,2398
8121.299982070923,2410
8121.299982070923,2428
8122.390508651733,2394
8123.953342437744,2378
8124.98140335083,2378
8125.97918510437,2390
8126.976013183594,2406
8127.974987030029,2392
8128.972053527832,2382
8129.9684047698975,2390
8130.965709686279,2422
8131.96325302124,2430
8132.960319519043,2478
8133.957386016846,2448
8134.9546909332275,2406
8135.924339294434,2414
8136.9500160217285,2374
8137.947559356689,2394
8138.943672180176,2380
8139.941692352295,2390
8140.9101486206055,2366
8141.9360637664795,2354
8142.934083938599,2382
8143.903732299805,2410
8144.928216934204,2390
8145.92719078064,2398
8146.923065185547,2394
8147.920370101929,2358
8148.91791343689,2354
8149.915933609009,2382
8150.885105133057,2378
8151.882171630859,2350
8152.879476547241,2474
8153.876543045044,2388
8154.873847961426,2386
8155.8709144592285,2418
8156.868457794189,2382
8157.865762710571,2390
8158.862829208374,2384
8159.860134124756,2376
8160.857677459717,2334
8161.854982376099,2366
8162.85252571106,2390
8163.849830627441,2394
8164.847135543823,2360
8165.844678878784,2334
8166.841745376587,2368
8167.839050292969,2390
8168.836355209351,2390
8169.833660125732,2410
8170.831203460693,2412
8171.828746795654,2378
8172.826051712036,2410
8173.82287979126,2376
8174.820423126221,2398
8175.8177280426025,2390
8176.815032958984,2388
8177.812576293945,2396
8178.809881210327,2392
8179.807186126709,2366
8180.805683135986,2382
8181.801795959473,2420
8182.799577713013,2406
8183.796405792236,2390
8184.793710708618,2398
8185.791015625,2366
8186.788320541382,2406
8187.785625457764,2408
8188.783168792725,2390
8189.780235290527,2390
8190.777540206909,2394
8191.775798797607,2386
8192.77310371399,2398
8193.77064704895,2428
8194.766998291016,2426
8195.764541625977,2412
8196.788549423218,2392
8197.78561592102,2410
8198.782444000244,2356
8199.7811794281,2382
8200.77919960022,2378
8201.774835586548,2382
8202.77214050293,2386
8203.770875930786,2422
8204.766988754272,2414
8205.764532089233,2390
8206.761360168457,2418
8207.759141921997,2354
8208.756446838379,2378
8209.75375175476,2358
8210.751295089722,2384
8211.74955368042,2354
8212.746381759644,2366
8213.743686676025,2354
8214.74003791809,2392
8215.738296508789,2382
8216.734647750854,2398
8217.732906341553,2390
8218.701839447021,2396
8219.699144363403,2366
8220.696687698364,2322
8221.721410751343,2330
8222.718715667725,2342
8223.715782165527,2394
8224.71284866333,2366
8225.71063041687,2376
8226.707696914673,2366
8227.67972946167,2374
8228.676557540894,2406
8229.673385620117,2414
8230.670928955078,2410
8231.668710708618,2386
8232.66577720642,2458
8233.663320541382,2374
8234.660387039185,2354
8235.657930374146,2354
8236.654996871948,2376
8237.65230178833,2394
8238.649606704712,2364
8239.646911621094,2364
8240.644454956055,2380
8241.642236709595,2416
8242.639303207397,2392
8243.6363697052,2354
8244.633913040161,2350
8245.630979537964,2276
8246.628284454346,2338
8247.626066207886,2322
8248.623132705688,2342
8249.62043762207,2338
8250.617742538452,2374
8251.615524291992,2364
8252.613544464111,2380
8253.609657287598,2386
8254.607200622559,2378
8255.60450553894,2366
8256.601572036743,2372
8257.598876953125,2386
8258.594989776611,2358
8259.592294692993,2382
8260.589361190796,2362
8261.586904525757,2378
8262.58397102356,2382
8263.58151435852,2414
8264.578819274902,2408
8265.575885772705,2412
8266.573667526245,2424
8267.570734024048,2408
8268.56803894043,2394
8269.565343856812,2364
8270.562887191772,2354
8271.560192108154,2328
8272.557258605957,2386
8273.584365844727,2398
8274.581670761108,2350
8275.578260421753,2406
8276.576280593872,2416
8277.574300765991,2386
8278.575420379639,2386
8279.568433761597,2382
8280.56526184082,2382
8281.563758850098,2346
8282.56106376648,2342
8283.561706542969,2374
8284.555196762085,2380
8285.527467727661,2392
8286.549806594849,2388
8287.546634674072,2380
8288.517236709595,2396
8289.51382637024,2382
8290.5113697052,2390
8291.508913040161,2390
8292.505741119385,2354
8293.503284454346,2326
8294.500589370728,2298
8295.529842376709,2344
8296.523571014404,2374
8297.520399093628,2378
8298.517942428589,2362
8299.515724182129,2362
8300.517559051514,2390
8301.509618759155,2422
8302.478313446045,2362
8304.481506347656,2398
8304.481506347656,2400
8305.497646331787,2386
8306.500434875488,2366
8307.493209838867,2444
8308.49027633667,2382
8309.487104415894,2390
8310.457944869995,2420
8311.484098434448,2442
8312.479972839355,2430
8313.477516174316,2414
8314.473867416382,2414
8315.470933914185,2398
8316.468715667725,2368
8317.465543746948,2302
8319.470643997192,2314
8319.470643997192,2286
8320.456981658936,2298
8321.454286575317,2314
8322.45397567749,2338
8323.448896408081,2346
8325.417518615723,2384
8325.417518615723,2358
8326.443195343018,2358
8328.408241271973,2414
8328.408241271973,2360
8329.405546188354,2326
8330.402612686157,2350
8331.399917602539,2338
8332.39722251892,2360
8333.394765853882,2366
8335.400342941284,2382
8335.400342941284,2414
8336.386442184448,2420
8337.38398551941,2408
8338.381290435791,2382
8339.378595352173,2410
8340.376138687134,2382
8341.373443603516,2386
8342.370510101318,2374
8344.365358352661,2366
8345.362663269043,2340
8346.359968185425,2384
8347.357511520386,2398
8348.354578018188,2446
8349.35188293457,2410
8350.34966468811,2424
8351.346731185913,2386
8352.344036102295,2414
8353.341341018677,2414
8354.338645935059,2416
8355.33595085144,2360
8356.333255767822,2346
8357.330799102783,2374
8358.328104019165,2368
8359.325408935547,2418
8360.32247543335,2390
8361.32001876831,2412
8362.317323684692,2398
8363.314628601074,2406
8364.312171936035,2382
8365.309476852417,2382
8366.307497024536,2378
8367.30408668518,2350
8368.301630020142,2342
8369.298934936523,2334
8370.296001434326,2366
8371.293544769287,2374
8372.290849685669,2366
8373.287916183472,2378
8374.285221099854,2398
8375.282764434814,2358
8376.280069351196,2360
8377.277374267578,2350
8378.274917602539,2388
8379.271984100342,2366
8380.269289016724,2354
8381.266832351685,2350
8382.264137268066,2354
8383.261442184448,2418
8384.25874710083,2456
8385.256052017212,2414
8386.253356933594,2398
8387.250661849976,2384
8388.247966766357,2386
8389.245510101318,2378
8390.242576599121,2366
8391.240119934082,2362
8392.237424850464,2330
8393.234729766846,2346
8394.232034683228,2362
8395.22933959961,2406
8396.234273910522,2414
8397.224187850952,2418
8398.221254348755,2418
8399.218797683716,2374
8400.216102600098,2382
8401.21340751648,2354
8402.210712432861,2334
8403.208017349243,2342
8404.205322265625,2244
8405.202627182007,2302
8406.200170516968,2338
8407.19723701477,2366
8408.194541931152,2380
8409.191846847534,2392
8410.189390182495,2386
8411.187410354614,2390
8412.184476852417,2380
8413.21086883545,2354
8414.208173751831,2352
8415.207147598267,2322
8416.202783584595,2342
8417.199850082397,2318
8418.198585510254,2344
8419.196128845215,2364
8420.191764831543,2376
8421.189069747925,2366
8422.159910202026,2384
8423.183917999268,2354
8424.181699752808,2302
8425.18663406372,2350
8426.176309585571,2330
8427.146196365356,2326
8428.170919418335,2326
8429.167985916138,2366
8430.16529083252,2362
8431.16283416748,2392
8432.160139083862,2422
8433.157444000244,2430
8434.154748916626,2458
8435.157299041748,2446
8436.149597167969,2430
8437.118768692017,2406
8438.14468383789,2396
8439.141273498535,2418
8440.139770507812,2410
8441.107511520386,2412
8442.108869552612,2422
8443.910598754883,2448
8444.114446640015,2482
8445.096731185913,2460
8446.428298950195,2470
8446.428298950195,2426
8447.458267211914,2394
8448.455095291138,2362
8449.453830718994,2358
8450.450897216797,2332
8452.41641998291,2342
8452.41641998291,2314
8453.441858291626,2290
8454.439640045166,2294
8456.403970718384,2326
8457.401275634766,2346
8457.401275634766,2356
8458.39810371399,2354
8459.39564704895,2342
8461.421489715576,2330
8461.421489715576,2366
8462.416410446167,2362
8463.414192199707,2354
8464.41102027893,2342
8465.407848358154,2394
8466.407060623169,2364
8467.402696609497,2374
8468.401432037354,2376
8469.398021697998,2368
8471.365213394165,2366
8472.36442565918,2394
8473.375082015991,2360
8474.366664886475,2358
8475.381851196289,2356
8476.381301879883,2358
8477.375984191895,2378
8478.373527526855,2378
8479.37297821045,2394
8480.367660522461,2390
8481.364727020264,2410
8482.363939285278,2394
8483.359575271606,2382
8484.359741210938,2390
8485.353946685791,2352
8486.352443695068,2302
8487.322807312012,2314
8488.345623016357,2320
8489.34292793274,2330
8490.344047546387,2362
8491.34111404419,2406
8492.334842681885,2392
8493.332386016846,2392
8494.329690933228,2386
8495.3293800354,2396
8496.324300765991,2342
8497.321367263794,2312
8498.32272529602,2314
8499.316215515137,2296
8500.314474105835,2322
8501.31869316101,2320
8502.310514450073,2326
8503.306865692139,2322
8504.303932189941,2366
8505.300521850586,2374
8506.301403045654,2390
8507.29513168335,2410
8508.29291343689,2418
8509.289503097534,2390
8510.293245315552,2364
8511.286973953247,2314
8512.288331985474,2366
8513.291120529175,2342
8514.284610748291,2390
8515.27452468872,2382
8516.271829605103,2400
8517.268896102905,2406
8518.266677856445,2414
8519.264221191406,2416
8520.261287689209,2412
8521.267175674438,2390
8522.255897521973,2358
8523.252964019775,2342
8524.250268936157,2366
8525.248765945435,2358
8526.24535560608,2394
8527.215242385864,2378
8528.239727020264,2366
8529.237270355225,2398
8530.237913131714,2398
8531.233072280884,2410
8532.22918510437,2406
8533.198356628418,2390
8534.19542312622,2358
8535.192728042603,2322
8536.190271377563,2342
8537.187576293945,2354
8538.184881210327,2360
8539.182186126709,2382
8540.17949104309,2376
8541.177034378052,2366
8542.174100875854,2410
8543.171644210815,2376
8544.168949127197,2366
8545.16625404358,2352
8546.16379737854,2318
8547.160863876343,2318
8548.193216323853,2350
8549.189329147339,2344
8550.18162727356,2358
8551.178693771362,2360
8552.14786529541,2378
8553.173065185547,2380
8554.170608520508,2386
8555.168151855469,2354
8556.16545677185,2394
8557.162761688232,2382
8558.159828186035,2354
8559.157133102417,2316
8560.154438018799,2328
8561.154127120972,2390
8562.149286270142,2396
8563.146352767944,2408
8564.144372940063,2358
8565.141201019287,2358
8566.139459609985,2378
8567.137718200684,2394
8568.13383102417,2376
8569.103956222534,2326
8570.127964019775,2282
8571.126222610474,2302
8572.12209701538,2334
8573.119401931763,2382
8574.117660522461,2486
8575.114488601685,2394
8576.112031936646,2410
8577.083587646484,2400
8578.10640335083,2406
8579.077005386353,2410
8580.101490020752,2426
8581.09974861145,2418
8582.096099853516,2392
8583.093404769897,2350
8584.091186523438,2368
8585.060119628906,2394
8586.05694770813,2414
8587.054014205933,2426
8588.051557540894,2426
8589.048862457275,2420
8590.046167373657,2394
8591.043472290039,2414
8592.041015625,2386
8593.038320541382,2422
8594.035625457764,2398
8595.032930374146,2386
8596.030235290527,2366
8597.02754020691,2378
8598.024845123291,2374
8599.022388458252,2408
8600.019454956055,2418
8601.016998291016,2422
8602.028846740723,2410
8603.01160812378,2410
8604.008913040161,2404
8605.006217956543,2394
8606.003522872925,2362
8607.000827789307,2342
8607.998132705688,2342
8608.99567604065,2350
8609.992980957031,2384
8610.990285873413,2416
8611.994504928589,2430
8612.98680305481,2414
8613.982200622559,2414
8614.97950553894,2458
8615.977048873901,2426
8616.974353790283,2426
8617.971420288086,2412
8618.968725204468,2394
8619.966268539429,2358
8620.96381187439,2358
8621.960878372192,2422
8622.958421707153,2458
8623.955488204956,2458
8624.952793121338,2414
8625.95009803772,2414
8626.94764137268,2390
8627.944946289062,2394
8628.942251205444,2394
8629.939556121826,2368
8630.936861038208,2314
8631.934404373169,2354
8632.931470870972,2374
8633.929014205933,2378
8634.926080703735,2398
8635.923385620117,2414
8636.920928955078,2448
8637.91823387146,2450
8638.915538787842,2416
8639.942646026611,2390
8640.940189361572,2390
8641.93844795227,2398
8642.93646812439,2390
8643.932819366455,2390
8644.903182983398,2366
8645.925283432007,2410
8646.923542022705,2414
8647.91989326477,2414
8648.918628692627,2366
8649.916410446167,2384
8650.913000106812,2396
8651.910543441772,2358
8652.90641784668,2350
8653.905868530273,2318
8654.88862991333,2340
8655.870199203491,2354
8656.867504119873,2334
8657.864809036255,2350
8658.862113952637,2392
8659.859418869019,2414
8660.857200622559,2446
8661.854028701782,2398
8662.851572036743,2390
8663.848876953125,2396
8664.846420288086,2350
8665.843486785889,2386
8666.84079170227,2410
8667.838096618652,2390
8668.835639953613,2378
8669.832944869995,2360
8670.830249786377,2414
8671.827793121338,2430
8672.82509803772,2428
8673.822402954102,2442
8674.819946289062,2422
8675.817012786865,2394
8676.814317703247,2364
8677.81138420105,2386
8678.80892753601,2386
8679.806232452393,2382
8680.803775787354,2354
8681.800842285156,2366
8682.798385620117,2406
8683.79545211792,2378
8684.792757034302,2388
8685.790300369263,2378
8686.817169189453,2354
8687.813520431519,2358
8688.812255859375,2344
8689.807891845703,2320
8690.804958343506,2350
8691.803216934204,2374
8692.799806594849,2394
8693.777322769165,2410
8694.767713546753,2418
8695.794105529785,2406
8696.788787841797,2422
8697.789907455444,2422
8698.78363609314,2458
8699.787855148315,2392
8700.784683227539,2388
8701.74789428711,2356
8702.744722366333,2378
8703.742265701294,2346
8704.739570617676,2354
8705.736637115479,2366
8706.734418869019,2376
8707.731485366821,2382
8708.728790283203,2378
8709.726095199585,2400
8710.723638534546,2394
8711.720943450928,2382
8712.71824836731,2388
8713.715553283691,2398
8714.712858200073,2406
8715.710163116455,2398
8716.707468032837,2386
8717.705011367798,2420
8718.70231628418,2398
8719.699382781982,2418
8720.696926116943,2414
8721.694469451904,2382
8722.691535949707,2374
8723.688840866089,2358
8724.68638420105,2346
8725.683450698853,2326
8726.680755615234,2342
8727.678298950195,2358
8728.675603866577,2330
8729.672908782959,2378
8730.67045211792,2378
8731.667757034302,2390
8732.665061950684,2422
8733.665227890015,2422
8734.662771224976,2374
8735.65936088562,2350
8736.656665802002,2362
8737.653732299805,2366
8738.670110702515,2342
8739.648342132568,2366
8740.646123886108,2354
8741.64342880249,2352
8742.64144897461,2366
8743.637800216675,2362
8744.635105133057,2430
8745.661497116089,2390
8746.656656265259,2394
8747.655153274536,2382
8748.6572265625,2382
8749.6497631073,2378
8750.646352767944,2382
8751.643896102905,2394
8752.640962600708,2412
8753.638744354248,2422
8754.637002944946,2424
8755.633354187012,2454
8756.630182266235,2458
8757.628679275513,2474
8758.62455368042,2442
8759.62233543396,2430
8760.592222213745,2414
8761.590242385864,2392
8762.615203857422,2394
8763.582706451416,2386
8764.579772949219,2422
8766.69430732727,2398
8766.69430732727,2414
8768.168210983276,2420
8768.714666366577,2406
8769.7434425354,2398
8770.857810974121,2368
8771.85583114624,2366
8772.851705551147,2362
8773.84901046753,2350
8774.877071380615,2374
8775.871753692627,2354
8776.869297027588,2390
8777.867317199707,2406
8778.863430023193,2382
8779.867887496948,2420
8780.831336975098,2398
8781.855583190918,2426
8782.8528881073,2380
8783.85066986084,2362
8784.855842590332,2326
8785.844564437866,2286
8786.84401512146,2276
8787.844896316528,2290
8788.837194442749,2282
8789.834976196289,2260
8790.83228111267,2318
8791.801929473877,2330
8792.826175689697,2292
8793.83111000061,2390
8794.820785522461,2378
8795.818328857422,2366
8796.823740005493,2350
8797.813653945923,2342
8798.810720443726,2342
8799.807786941528,2390
8800.805568695068,2384
8801.801919937134,2384
8802.799463272095,2366
8803.796529769897,2398
8804.79383468628,2386
8805.793285369873,2394
8806.78939819336,2398
8807.7871799469,2354
8808.783769607544,2362
8809.781074523926,2382
8810.778379440308,2398
8811.775922775269,2374
8812.776565551758,2346
8813.770771026611,2362
8814.77427482605,2366
8815.765142440796,2374
8816.76197052002,2398
8817.75975227356,2424
8818.760395050049,2394
8819.754123687744,2366
8820.751190185547,2362
8821.72179222107,2348
8822.74580001831,2354
8823.743343353271,2366
8824.74136352539,2348
8825.737953186035,2366
8826.743125915527,2374
8827.739238739014,2390
8828.73010635376,2384
8829.728603363037,2398
8830.725193023682,2398
8831.729888916016,2386
8832.719326019287,2376
8833.716630935669,2286
8834.71393585205,2352
8835.711479187012,2374
8836.708784103394,2376
8837.713956832886,2362
8838.703155517578,2366
8839.708089828491,2374
8840.670108795166,2374
8841.696739196777,2384
8842.692852020264,2398
8843.689918518066,2386
8844.689846038818,2338
8845.68476676941,2324
8846.681833267212,2346
8847.679138183594,2378
8848.677396774292,2358
8849.673986434937,2366
8850.672721862793,2382
8851.669073104858,2352
8852.667093276978,2374
8853.663682937622,2362
8854.660749435425,2382
8855.665683746338,2346
8856.655359268188,2344
8857.652425765991,2342
8858.65044593811,2350
8859.647512435913,2346
8860.645771026611,2352
8861.615419387817,2386
8862.63918876648,2354
8863.636493682861,2390
8864.634037017822,2384
8865.634202957153,2390
8866.628408432007,2410
8867.626190185547,2384
8868.628740310669,2366
8869.62080001831,2320
8870.596647262573,2350
8871.617317199707,2362
8872.613668441772,2374
8873.610019683838,2354
8874.607801437378,2362
8875.604391098022,2382
8876.602172851562,2390
8877.599954605103,2394
8878.597021102905,2366
8879.595279693604,2322
8880.59139251709,2322
8881.590604782104,2298
8882.586479187012,2294
8883.584260940552,2326
8884.581089019775,2332
8885.550022125244,2342
8886.575698852539,2362
8887.5732421875,2374
8888.570308685303,2356
8889.568567276001,2366
8890.564918518066,2386
8891.562223434448,2382
8892.559289932251,2354
8893.557071685791,2352
8894.554138183594,2318
8895.551681518555,2364
8896.548748016357,2344
8897.54605293274,2322
8898.543119430542,2386
8899.547576904297,2384
8900.537967681885,2362
8901.535749435425,2410
8902.532815933228,2362
8903.530597686768,2362
8904.533386230469,2350
8905.525207519531,2356
8906.522035598755,2342
8907.519817352295,2326
8908.516645431519,2326
8909.51418876648,2350
8910.484313964844,2354
8911.508798599243,2366
8912.50991821289,2410
8913.504362106323,2394
8914.50023651123,2378
8915.497779846191,2362
8916.494846343994,2366
8917.492389678955,2366
8918.460845947266,2342
8919.487714767456,2358
8920.48454284668,2344
8921.481609344482,2374
8922.452449798584,2366
8923.480749130249,2406
8924.474477767944,2384
8925.471544265747,2378
8926.46837234497,2382
8927.46615409851,2382
8928.471088409424,2374
8929.460763931274,2366
8930.458784103394,2376
8931.461572647095,2378
8932.452917098999,2390
8933.453559875488,2406
8935.417890548706,2422
8935.417890548706,2470
8936.442375183105,2428
8937.439918518066,2414
8938.43674659729,2398
8939.43452835083,2414
8940.432071685791,2414
8941.428899765015,2378
8942.427158355713,2386
8944.394588470459,2392
8944.394588470459,2398
8945.418357849121,2390
8946.415901184082,2446
8947.412729263306,2416
8948.411464691162,2398
8949.407577514648,2414
8950.404644012451,2414
8951.402187347412,2390
8952.402591705322,2390
8953.397512435913,2398
8954.401016235352,2398
8955.393552780151,2362
8957.386016845703,2394
8958.385229110718,2392
8959.383487701416,2426
8960.35099029541,2418
8961.375713348389,2418
8962.372779846191,2430
8963.369607925415,2406
8964.368104934692,2382
8965.364933013916,2374
8966.364622116089,2392
8967.3593044281,2374
8968.356847763062,2362
8969.324827194214,2362
8970.321893692017,2380
8971.319198608398,2382
8972.31674194336,2396
8973.313808441162,2406
8974.311113357544,2392
8975.308656692505,2378
8976.305723190308,2374
8977.303266525269,2356
8978.300333023071,2320
8979.297876358032,2326
8980.297565460205,2296
8981.294631958008,2332
8982.291460037231,2348
8983.288764953613,2374
8984.286546707153,2414
8985.283613204956,2406
8986.280918121338,2414
8987.27798461914,2422
8988.275527954102,2394
8989.272832870483,2386
8990.269899368286,2394
8991.267919540405,2394
8992.264986038208,2398
8993.26205253601,2386
8994.259595870972,2386
8995.285749435425,2426
8996.28210067749,2442
8997.279644012451,2426
8998.276710510254,2454
8999.274015426636,2384
9000.271558761597,2364
9001.2686252594,2358
9002.23708152771,2376
9003.263235092163,2362
9004.260540008545,2382
9005.258083343506,2392
9006.256341934204,2348
9007.25245475769,2350
9008.250713348389,2394
9009.250164031982,2386
9010.24341583252,2350
9011.2144947052,2348
9012.239217758179,2382
9013.235092163086,2358
9014.233350753784,2366
9015.229940414429,2350
9016.231536865234,2334
9017.224073410034,2346
9018.222570419312,2350
9019.219160079956,2382
9020.217418670654,2378
9021.215200424194,2406
9022.21131324768,2386
9023.208856582642,2374
9024.178743362427,2378
9025.209188461304,2394
9026.173114776611,2378
9027.180910110474,2398
9028.19538116455,2386
9029.192924499512,2358
9030.189990997314,2430
9031.187772750854,2378
9032.189130783081,2414
9033.18476676941,2406
9034.179210662842,2420
9035.176515579224,2382
9036.174297332764,2378
9037.172079086304,2378
9038.168907165527,2366
9039.16597366333,2356
9040.163040161133,2346
9041.163444519043,2366
9042.159795761108,2386
9043.159246444702,2406
9044.154167175293,2418
9045.150995254517,2426
9046.148538589478,2420
9047.146081924438,2394
9048.14338684082,2358
9049.140691757202,2346
9050.145864486694,2366
9051.135063171387,2360
9052.104711532593,2344
9053.12991142273,2366
9054.12769317627,2354
9055.124521255493,2368
9056.12063407898,2394
9057.11817741394,2374
9058.115243911743,2406
9059.1139793396,2398
9060.110569000244,2382
9061.079502105713,2376
9062.110424041748,2360
9063.102006912231,2374
9064.099788665771,2354
9065.096855163574,2414
9066.094875335693,2390
9067.091464996338,2390
9068.08876991272,2414
9069.086790084839,2446
9070.083618164062,2430
9071.08187675476,2428
9072.050094604492,2398
9073.075532913208,2354
9074.073076248169,2384
9075.070858001709,2354
9076.067924499512,2390
9077.072381973267,2354
9078.062534332275,2366
9079.060077667236,2394
9080.05690574646,2392
9081.058502197266,2390
9082.051277160645,2418
9083.05287361145,2416
9084.046125411987,2350
9085.046291351318,2358
9086.040496826172,2354
9087.039232254028,2346
9088.035106658936,2362
9089.009761810303,2344
9090.029001235962,2340
9091.028690338135,2366
9092.024326324463,2374
9093.023300170898,2358
9094.02084350586,2388
9095.018148422241,2350
9096.015930175781,2354
9096.983432769775,2346
9097.980499267578,2342
9098.991632461548,2350
9099.975109100342,2362
9100.972652435303,2350
9101.969957351685,2384
9102.967262268066,2366
9103.964567184448,2354
9104.96187210083,2414
9105.959177017212,2422
9106.956243515015,2418
9107.954025268555,2430
9108.951091766357,2384
9109.94839668274,2362
9110.9459400177,2378
9111.943244934082,2394
9112.940549850464,2390
9113.937854766846,2398
9114.934921264648,2398
9115.93246459961,2386
9116.929769515991,2414
9117.92778968811,2388
9118.924617767334,2386
9119.921922683716,2378
9120.918989181519,2346
9121.916770935059,2340
9122.913837432861,2360
9123.911142349243,2366
9124.908447265625,2382
9125.905990600586,2378
9126.903057098389,2366
9127.90060043335,2374
9128.897905349731,2366
9129.895210266113,2382
9130.892515182495,2414
9131.889820098877,2350
9132.887125015259,2374
9133.88466835022,2354
9134.881734848022,2350
9135.879278182983,2366
9136.877059936523,2398
9137.873649597168,2406
9138.87095451355,2390
9139.86849784851,2410
9140.865802764893,2406
9141.863107681274,2414
9142.860651016235,2374
9143.857955932617,2322
9144.85502243042,2346
9145.852327346802,2338
9146.849870681763,2342
9147.847175598145,2358
9148.844480514526,2366
9149.842023849487,2342
9150.83932876587,2378
9151.836395263672,2374
9152.833700180054,2390
9153.831243515015,2382
9154.828548431396,2388
9155.8256149292,2354
9156.822919845581,2378
9157.820701599121,2350
9158.817768096924,2342
9159.815073013306,2330
9160.812616348267,2344
9161.809921264648,2362
9162.806987762451,2398
9163.804531097412,2386
9164.801836013794,2406
9165.799140930176,2406
9166.796445846558,2390
9167.793989181519,2382
9168.791055679321,2354
9169.788360595703,2350
9170.785903930664,2376
9171.783208847046,2358
9172.780513763428,2384
9173.77758026123,2414
9174.775123596191,2418
9175.772428512573,2406
9176.769733428955,2394
9177.767276763916,2426
9178.764581680298,2454
9179.790258407593,2428
9180.795907974243,2386
9181.784629821777,2366
9182.782411575317,2384
9183.779239654541,2362
9184.777021408081,2360
9185.774326324463,2394
9186.771154403687,2366
9187.769174575806,2398
9188.766241073608,2376
9189.764022827148,2386
9190.760612487793,2390
9191.75934791565,2358
9192.755222320557,2350
9193.725109100342,2360
9194.750547409058,2346
9195.748090744019,2354
9196.744918823242,2362
9197.742223739624,2386
9198.739528656006,2390
9199.736833572388,2406
9200.735092163086,2418
9201.7343044281,2414
9202.730655670166,2414
9203.72724533081,2394
9204.724788665771,2456
9205.722093582153,2398
9206.725120544434,2366
9207.716703414917,2398
9208.714008331299,2384
9209.711074829102,2418
9210.681438446045,2424
9211.707592010498,2414
9212.703227996826,2394
9213.701963424683,2408
9214.69783782959,2362
9215.694904327393,2354
9216.69340133667,2390
9217.689752578735,2386
9218.71042251587,2366
9219.684839248657,2354
9220.682144165039,2374
9221.67992591858,2394
9222.682476043701,2470
9223.673820495605,2442
9224.642038345337,2426
9225.63910484314,2414
9226.6366481781,2418
9227.633714675903,2394
9228.631019592285,2382
9229.628324508667,2382
9230.625867843628,2366
9231.62317276001,2362
9232.620239257812,2366
9233.617544174194,2390
9234.615087509155,2426
9235.612630844116,2422
9236.609697341919,2422
9237.60724067688,2408
9238.604545593262,2376
9239.601612091064,2366
9240.599155426025,2366
9241.596698760986,2362
9242.593765258789,2350
9243.59107017517,2344
9244.588613510132,2270
9245.585680007935,2344
9246.582984924316,2362
9247.580528259277,2404
9248.57783317566,2374
9249.575138092041,2378
9250.572443008423,2384
9251.569986343384,2350
9252.567052841187,2374
9253.564357757568,2388
9254.56190109253,2368
9255.559206008911,2354
9256.556272506714,2386
9257.553815841675,2376
9258.551120758057,2398
9259.548425674438,2410
9260.54573059082,2460
9261.543273925781,2424
9262.540578842163,2394
9263.537645339966,2358
9264.534950256348,2396
9265.532493591309,2388
9266.52979850769,2358
9267.527103424072,2358
9268.524646759033,2322
9269.521713256836,2302
9270.519018173218,2354
9271.5163230896,2362
9272.51386642456,2374
9273.511409759521,2374
9274.508476257324,2296
9275.505781173706,2330
9276.503086090088,2346
9277.50039100647,2350
9278.497457504272,2350
9279.495239257812,2314
9280.492305755615,2302
9281.489849090576,2354
9282.487154006958,2342
9283.48445892334,2378
9284.481763839722,2410
9285.479068756104,2382
9286.476373672485,2344
9287.473678588867,2354
9288.471460342407,2328
9289.468765258789,2322
9290.465831756592,2332
9291.463136672974,2326
9292.460203170776,2314
9293.457746505737,2312
9294.45505142212,2342
9295.452356338501,2360
9296.449422836304,2390
9297.447204589844,2394
9298.444271087646,2376
9299.441576004028,2314
9300.43911933899,2330
9301.43666267395,2344
9302.433729171753,2360
9304.19635772705,2348
9304.429054260254,2332
9305.986404418945,2348
9306.605577468872,2350
9307.54542350769,2428
9308.626890182495,2384
9309.597492218018,2362
9310.593605041504,2342
9311.595678329468,2322
9312.616348266602,2302
9313.613891601562,2298
9314.611434936523,2302
9315.608739852905,2326
9316.606760025024,2318
9317.60311126709,2314
9318.600177764893,2322
9319.597005844116,2354
9320.595979690552,2360
9321.592330932617,2362
9322.588920593262,2358
9323.586463928223,2352
9324.583530426025,2330
9325.581073760986,2318
9326.578617095947,2314
9327.57544517517,2366
9328.57346534729,2352
9329.570531845093,2324
9330.568552017212,2346
9331.537246704102,2364
9332.566738128662,2392
9333.5599899292,2374
9334.557294845581,2342
9335.540533065796,2338
9336.55571937561,2302
9337.548732757568,2286
9338.54627609253,2322
9339.54405784607,2366
9340.542554855347,2354
9341.510772705078,2324
9342.536926269531,2322
9343.533754348755,2326
9344.531536102295,2376
9345.529317855835,2388
9346.526861190796,2382
9347.523212432861,2376
9348.524808883667,2346
9349.518775939941,2318
9350.515365600586,2326
9351.485967636108,2366
9352.481126785278,2326
9353.477954864502,2344
9354.475259780884,2366
9355.472564697266,2362
9356.470108032227,2346
9357.46717453003,2382
9358.464479446411,2350
9359.461784362793,2298
9360.459327697754,2298
9361.456632614136,2270
9362.453699111938,2288
9363.4512424469,2288
9364.44878578186,2322
9365.445852279663,2292
9366.443157196045,2322
9367.440700531006,2298
9368.437767028809,2322
9369.43507194519,2328
9370.432615280151,2318
9371.430158615112,2302
9372.427225112915,2314
9373.424530029297,2250
9374.422073364258,2276
9375.41913986206,2292
9376.416444778442,2300
9377.413988113403,2322
9379.408836364746,2282
9379.408836364746,2314
9380.405902862549,2330
9381.40344619751,2346
9382.400512695312,2334
9383.398056030273,2330
9385.404825210571,2270
9385.404825210571,2262
9386.389970779419,2270
9387.387037277222,2322
9388.384580612183,2322
9389.381885528564,2316
9391.376733779907,2298
9391.376733779907,2314
9392.37380027771,2312
9394.368648529053,2320
9395.365953445435,2330
9396.363258361816,2328
9397.360563278198,2318
9398.35786819458,2322
9399.355173110962,2326
9400.352716445923,2360
9401.350259780884,2344
9402.347326278687,2358
9403.344631195068,2354
9404.34193611145,2326
9405.339241027832,2358
9406.336545944214,2350
9407.333850860596,2388
9408.331155776978,2338
9409.328699111938,2338
9410.349607467651,2330
9411.323308944702,2324
9412.320613861084,2298
9413.317918777466,2334
9414.315223693848,2354
9415.31252861023,2350
9416.309833526611,2354
9417.307138442993,2356
9418.304681777954,2374
9419.301986694336,2358
9420.299291610718,2330
9421.2965965271,2342
9422.293901443481,2342
9423.291206359863,2334
9424.288749694824,2350
9425.285816192627,2362
9426.2855052948,2350
9427.282333374023,2366
9428.279638290405,2368
9429.276943206787,2380
9430.27400970459,2382
9431.272029876709,2412
9432.268857955933,2396
9433.266639709473,2362
9434.263944625854,2342
9435.261487960815,2346
9436.258792877197,2320
9437.25609779358,2334
9438.25364112854,2334
9439.250230789185,2374
9440.247535705566,2378
9441.244125366211,2332
9442.242860794067,2374
9443.24016571045,2366
9444.237232208252,2346
9445.234060287476,2322
9446.231603622437,2330
9447.228908538818,2262
9448.225975036621,2278
9449.223518371582,2282
9450.220823287964,2302
9451.219081878662,2302
9452.215433120728,2314
9453.21273803711,2342
9454.21028137207,2328
9455.207347869873,2330
9456.233024597168,2366
9457.230806350708,2342
9458.22787284851,2322
9459.224939346313,2302
9460.221767425537,2302
9461.219072341919,2296
9462.187767028809,2356
9463.214635848999,2328
9464.211463928223,2358
9465.208530426025,2350
9466.177225112915,2358
9467.175960540771,2362
9468.172788619995,2376
9469.170093536377,2348
9470.167636871338,2322
9471.16494178772,2322
9472.163677215576,2294
9473.18696975708,2338
9474.184036254883,2346
9475.180864334106,2366
9476.178884506226,2342
9477.14877128601,2366
9478.173017501831,2358
9479.169845581055,2338
9480.167388916016,2356
9481.165170669556,2358
9482.163429260254,2376
9483.15954208374,2358
9484.156370162964,2350
9485.1553440094,2326
9486.151695251465,2382
9487.149238586426,2386
9488.11936378479,2366
9489.14361000061,2362
9490.143775939941,2346
9491.11032485962,2382
9492.135524749756,2398
9493.133068084717,2342
9494.130373001099,2330
9495.127439498901,2314
9496.12545967102,2270
9497.122526168823,2358
9498.119592666626,2366
9499.117136001587,2390
9500.11420249939,2386
9501.112222671509,2350
9502.089023590088,2390
9503.106594085693,2358
9504.103422164917,2350
9505.100727081299,2302
9506.09827041626,2382
9507.095098495483,2332
9508.092641830444,2334
9509.090185165405,2324
9510.092496871948,2366
9511.056900024414,2388
9512.054920196533,2406
9513.079643249512,2394
9514.07766342163,2376
9515.07544517517,2366
9516.072034835815,2362
9517.068862915039,2366
9518.072128295898,2354
9519.063234329224,2346
9520.060777664185,2354
9521.059513092041,2362
9522.02844619751,2390
9523.025751113892,2386
9524.022579193115,2408
9525.047302246094,2414
9526.044607162476,2392
9527.019023895264,2358
9528.040409088135,2390
9529.037475585938,2390
9530.03454208374,2362
9531.003713607788,2342
9532.028436660767,2338
9533.026218414307,2346
9533.995151519775,2392
9534.992456436157,2398
9535.989761352539,2406
9536.98706626892,2418
9537.984609603882,2388
9538.981914520264,2390
9539.978981018066,2390
9540.976524353027,2398
9541.97382926941,2366
9542.971134185791,2374
9543.968200683594,2358
9544.965982437134,2362
9545.963287353516,2374
9546.960592269897,2394
9547.9576587677,2378
9548.955202102661,2418
9549.952507019043,2398
9550.949811935425,2382
9551.947355270386,2374
9552.944660186768,2390
9553.94172668457,2398
9554.939031600952,2354
9555.936574935913,2350
9556.933879852295,2354
9557.931184768677,2358
9558.928489685059,2388
9559.92579460144,2416
9560.923099517822,2410
9561.920881271362,2386
9562.917947769165,2366
9563.915252685547,2366
9564.912796020508,2374
9565.90986251831,2386
9566.907167434692,2354
9567.904472351074,2382
9568.901777267456,2386
9569.899320602417,2358
9570.89638710022,2388
9571.893692016602,2426
9572.891235351562,2412
9573.888540267944,2378
9574.885845184326,2354
9575.883150100708,2396
9576.880693435669,2396
9577.87799835205,2392
9578.875064849854,2382
9579.872608184814,2378
9580.869913101196,2384
9581.867218017578,2362
9582.86452293396,2410
9583.86206626892,2386
9584.859132766724,2418
9585.856437683105,2410
9586.853981018066,2366
9587.851285934448,2360
9588.848352432251,2366
9589.845657348633,2360
9590.843200683594,2366
9591.840505599976,2390
9592.837810516357,2348
9593.835353851318,2362
9594.8326587677,2362
9595.856189727783,2398
9596.829414367676,2422
9597.82600402832,2410
9598.82378578186,2342
9599.820852279663,2358
9600.818157196045,2362
9601.816177368164,2378
9602.813005447388,2366
9603.81031036377,2366
9604.807376861572,2324
9605.805158615112,2346
9606.802225112915,2388
9607.799530029297,2408
9608.795404434204,2410
9609.792470932007,2386
9610.789775848389,2398
9611.787557601929,2358
9612.784624099731,2318
9613.781690597534,2330
9614.779233932495,2342
9615.776538848877,2340
9616.773843765259,2326
9617.77114868164,2326
9618.780851364136,2362
9619.765758514404,2410
9620.763063430786,2450
9621.760606765747,2396
9622.757911682129,2366
9623.75521659851,2362
9624.752283096313,2346
9625.749826431274,2342
9626.747369766235,2374
9627.744436264038,2362
9628.74174118042,2368
9629.73928451538,2380
9630.736351013184,2386
9631.734132766724,2430
9632.731199264526,2388
9633.728504180908,2384
9634.72580909729,2392
9635.723352432251,2354
9636.720657348633,2346
9637.717723846436,2318
9638.715028762817,2332
9639.712572097778,2342
9640.70987701416,2330
9641.708612442017,2366
9642.733097076416,2362
9643.732786178589,2354
9644.728660583496,2366
9645.72525024414,2354
9646.722555160522,2350
9647.719621658325,2318
9648.717880249023,2290
9649.714231491089,2318
9650.71153640747,2326
9651.710510253906,2326
9652.706146240234,2326
9653.703689575195,2326
9654.701471328735,2346
9655.699253082275,2342
9656.69584274292,2354
9657.69338607788,2378
9658.690214157104,2360
9659.687757492065,2362
9660.685062408447,2328
9661.683559417725,2330
9662.67991065979,2316
9663.676977157593,2374
9664.67547416687,2350
9665.672540664673,2360
9666.670083999634,2354
9667.667627334595,2330
9668.694496154785,2362
9669.66199874878,2362
9670.660495758057,2366
9671.658039093018,2342
9672.65510559082,2334
9673.62356185913,2328
9674.648523330688,2320
9675.646305084229,2354
9676.64384841919,2346
9677.640914916992,2340
9678.638696670532,2346
9679.643154144287,2354
9680.633068084717,2382
9681.630373001099,2386
9682.627439498901,2394
9683.624744415283,2350
9684.622764587402,2358
9685.619354248047,2338
9686.619997024536,2330
9687.614440917969,2324
9688.61174583435,2354
9689.608335494995,2354
9690.605878829956,2374
9691.576480865479,2366
9692.601203918457,2378
9693.59827041626,2358
9694.596529006958,2378
9695.592641830444,2350
9696.597576141357,2314
9697.587728500366,2326
9698.585271835327,2318
9699.587106704712,2346
9700.587272644043,2350
9701.576709747314,2382
9702.574253082275,2346
9703.571557998657,2374
9704.568862915039,2366
9705.567598342896,2376
9706.563949584961,2386
9707.561016082764,2368
9708.560943603516,2326
9709.555864334106,2326
9710.524559020996,2318
9711.55071258545,2330
9712.547302246094,2334
9713.544368743896,2374
9714.542150497437,2382
9715.542316436768,2352
9716.5367603302,2374
9717.534303665161,2364
9718.531131744385,2372
9719.499349594116,2330
9720.496416091919,2358
9721.49395942688,2342
9722.491025924683,2326
9723.488569259644,2294
9724.485874176025,2322
9725.483179092407,2382
9726.480484008789,2362
9727.47778892517,2354
9728.475093841553,2346
9729.472398757935,2354
9730.469942092896,2386
9731.467247009277,2330
9732.46455192566,2366
9733.461856842041,2358
9734.459161758423,2318
9735.458612442017,2334
9736.453771591187,2358
9737.451314926147,2366
9738.44861984253,2352
9739.445686340332,2362
9740.443229675293,2386
9741.440534591675,2394
9742.437839508057,2382
9743.435144424438,2362
9744.43244934082,2350
9745.429754257202,2346
9746.427059173584,2334
9747.424602508545,2322
9748.421669006348,2354
9749.419212341309,2354
9751.414060592651,2366
9751.414060592651,2374
9752.411365509033,2386
9753.408670425415,2378
9754.405975341797,2398
9755.403280258179,2382
9756.400346755981,2346
9757.3983669281,2350
9758.395195007324,2322
9760.390281677246,2350
9760.390281677246,2330
9761.387586593628,2390
9763.381719589233,2422
9764.379024505615,2352
9765.376806259155,2386
9766.373872756958,2364
9767.371416091919,2366
9768.3687210083,2362
9769.366025924683,2342
9770.363330841064,2318
9771.360874176025,2282
9772.357940673828,2326
9773.35524559021,2346
9774.352550506592,2384
9775.350093841553,2366
9776.347398757935,2350
9777.344703674316,2366
9778.34177017212,2392
9779.33931350708,2360
9780.336618423462,2350
9781.334161758423,2358
9782.331228256226,2362
9783.328533172607,2342
9784.32583808899,2330
9785.32338142395,2342
9786.320447921753,2382
9787.317752838135,2426
9788.315057754517,2422
9789.312601089478,2366
9790.30966758728,2378
9791.307210922241,2390
9792.304277420044,2350
9793.301820755005,2378
9794.299125671387,2356
9795.296430587769,2382
9796.29373550415,2358
9797.304153442383,2360
9798.288345336914,2358
9799.285650253296,2378
9800.283193588257,2398
9801.280736923218,2394
9802.27780342102,2422
9803.275346755981,2410
9804.272413253784,2410
9805.269718170166,2374
9806.267023086548,2374
9807.266235351562,2346
9808.265447616577,2334
9809.266090393066,2350
9810.256481170654,2414
9811.26618385315,2386
9812.251567840576,2416
9813.277006149292,2412
9814.274072647095,2386
9815.274238586426,2410
9816.26844406128,2366
9817.265510559082,2382
9818.26376914978,2378
9819.234371185303,2378
9820.257902145386,2382
9821.22802734375,2346
9822.254657745361,2362
9823.251008987427,2406
9824.24783706665,2378
9825.244903564453,2390
9826.241970062256,2374
9827.212572097778,2410
9828.237056732178,2374
9829.23412322998,2374
9830.231666564941,2356
9831.229448318481,2354
9832.225561141968,2342
9833.223342895508,2366
9834.22064781189,2366
9835.21819114685,2398
9836.215496063232,2414
9837.212085723877,2398
9838.210105895996,2378
9839.207172393799,2356
9840.205192565918,2346
9841.203212738037,2374
9842.199087142944,2358
9843.196153640747,2366
9844.193935394287,2374
9845.191717147827,2366
9846.189498901367,2374
9847.186088562012,2374
9848.183870315552,2398
9849.18212890625,2362
9850.178003311157,2388
9851.147413253784,2396
9852.177858352661,2366
9853.169918060303,2376
9854.167461395264,2366
9855.164766311646,2378
9856.162786483765,2358
9857.159614562988,2358
9858.156681060791,2378
9859.153985977173,2406
9860.152006149292,2398
9861.149787902832,2406
9862.15090751648,2408
9863.143682479858,2390
9864.139795303345,2342
9865.109920501709,2382
9866.10722541809,2350
9867.104530334473,2366
9868.101596832275,2378
9869.098901748657,2376
9870.096445083618,2376
9871.09375,2362
9872.091054916382,2426
9873.088598251343,2452
9874.085903167725,2422
9875.083208084106,2366
9876.08027458191,2384
9877.07805633545,2390
9878.075122833252,2366
9879.072427749634,2376
9880.069732666016,2382
9881.067276000977,2342
9882.06434249878,2394
9883.061647415161,2426
9884.059190750122,2452
9885.056495666504,2458
9886.053562164307,2410
9887.051105499268,2392
9888.04841041565,2366
9889.045715332031,2342
9890.043020248413,2346
9891.040563583374,2378
9892.037630081177,2366
9893.034934997559,2366
9894.03247833252,2386
9895.029783248901,2394
9896.027088165283,2414
9897.024154663086,2426
9898.021697998047,2394
9899.019002914429,2390
9900.01630783081,2358
9901.013851165771,2394
9902.023315429688,2330
9903.008460998535,2400
9904.005527496338,2360
9905.003547668457,2384
9906.00037574768,2374
9906.997680664062,2390
9907.995223999023,2414
9908.992290496826,2428
9909.989595413208,2424
9910.987377166748,2380
9911.998510360718,2378
9912.986040115356,2366
9913.979053497314,2374
9914.976596832275,2362
9915.973663330078,2358
9916.971206665039,2380
9917.968273162842,2374
9918.965816497803,2386
9919.963121414185,2390
9920.961618423462,2406
9921.958446502686,2420
9922.983169555664,2446
9923.980474472046,2392
9924.978494644165,2388
9925.975322723389,2354
9926.972389221191,2382
9927.969932556152,2390
9928.967237472534,2378
9929.964542388916,2384
9930.962085723877,2394
9931.960344314575,2408
9932.95669555664,2456
9933.955669403076,2390
9934.951305389404,2426
9935.948848724365,2386
9936.919450759888,2362
9937.91651725769,2364
9938.913583755493,2382
9939.911127090454,2362
9940.908908843994,2358
9941.905736923218,2414
9942.9030418396,2414
9943.90058517456,2414
9944.898128509521,2406
9945.895433425903,2446
9946.892738342285,2414
9947.890281677246,2396
9948.887348175049,2388
9949.88465309143,2362
9950.881958007812,2366
9951.87783241272,2378
9952.87537574768,2394
9953.872442245483,2430
9954.869747161865,2448
9955.867052078247,2454
9956.864595413208,2406
9957.86166191101,2454
9958.858966827393,2422
9959.856271743774,2398
9960.853815078735,2382
9961.851119995117,2386
9962.848424911499,2388
9963.84572982788,2362
9964.843034744263,2426
9965.840339660645,2406
9966.866493225098,2446
9967.864990234375,2448
9968.833446502686,2456
9969.857931137085,2444
9970.855712890625,2486
9971.853017807007,2444
9972.850799560547,2398
9973.848342895508,2386
9974.845170974731,2382
9975.841999053955,2406
9976.839780807495,2398
9977.824449539185,2426
9978.834390640259,2426
9979.835748672485,2450
9980.829000473022,2430
9981.827735900879,2458
9982.795000076294,2420
9983.792304992676,2406
9984.789848327637,2420
9985.793113708496,2394
9986.784219741821,2396
9987.781524658203,2384
9988.779067993164,2394
9989.776372909546,2430
9990.773677825928,2450
9991.77098274231,2422
9992.76876449585,2450
9993.778228759766,2454
9994.762897491455,2478
9995.760440826416,2454
9996.757745742798,2446
9997.75505065918,2426
9998.75259399414,2386
9999.749660491943,2366
10000.746965408325,2406
10001.744270324707,2426
10002.741813659668,2446
10003.73911857605,2452
10004.736185073853,2450
10005.733728408813,2454
10006.731033325195,2466
10007.728338241577,2446
10008.725643157959,2410
10009.72318649292,2390
10010.720252990723,2398
10011.717796325684,2382
10012.715339660645,2422
10013.712406158447,2430
10014.70971107483,2460
10015.707015991211,2458
10016.704559326172,2452
10017.701625823975,2450
10018.70346069336,2446
10019.696474075317,2398
10020.6937789917,2428
10021.691083908081,2446
10022.688627243042,2418
10023.685693740845,2414
10024.682998657227,2420
10025.680303573608,2422
10026.67784690857,2458
10027.675151824951,2426
10028.672218322754,2446
10029.669523239136,2446
10030.667066574097,2418
10031.664371490479,2430
10032.66167640686,2412
10033.659219741821,2410
10034.656524658203,2400
10035.653591156006,2400
10036.650896072388,2430
10037.648439407349,2426
10038.64574432373,2448
10039.643049240112,2450
10040.640354156494,2450
10041.637897491455,2450
10042.66357421875,2446
10043.69330406189,2450
10044.658184051514,2450
10045.655488967896,2442
10046.653270721436,2428
10047.650337219238,2416
10048.647403717041,2458
10049.64542388916,2458
10050.644159317017,2470
10051.640510559082,2472
10052.608728408813,2468
10053.634405136108,2414
10054.63171005249,2390
10055.629014968872,2410
10056.626081466675,2420
10057.623863220215,2390
10058.621168136597,2350
10059.6182346344,2346
10061.585187911987,2362
10061.585187911987,2382
10062.581777572632,2378
10063.578844070435,2414
10064.576148986816,2390
10065.573692321777,2394
10066.57099723816,2394
10067.568302154541,2386
10068.565607070923,2382
10069.563150405884,2394
10070.560455322266,2422
10071.557998657227,2394
10072.55506515503,2406
10073.552370071411,2430
10074.552059173584,2458
10075.548887252808,2474
10076.54595375061,2486
10077.543497085571,2446
10078.540802001953,2398
10079.537868499756,2392
10080.535411834717,2428
10081.533193588257,2424
10082.53026008606,2422
10083.527088165283,2414
10084.524631500244,2394
10085.522174835205,2430
10086.519479751587,2430
10087.516784667969,2458
10088.51408958435,2458
10089.526176452637,2442
10090.50726890564,2420
10091.504335403442,2424
10092.501640319824,2424
10093.499183654785,2426
10094.496250152588,2410
10095.49355506897,2428
10096.497058868408,2418
10097.488403320312,2452
10098.485708236694,2448
10099.482774734497,2454
10100.480318069458,2466
10101.478099822998,2426
10102.4751663208,2448
10103.472471237183,2422
10104.499340057373,2444
10105.496883392334,2446
10106.493949890137,2424
10107.491493225098,2410
10108.489751815796,2390
10109.484434127808,2374
10110.481977462769,2390
10111.452102661133,2454
10112.478494644165,2430
10113.474607467651,2442
10114.471435546875,2454
10115.468740463257,2430
10116.46580696106,2442
10117.467880249023,2426
10118.460655212402,2396
10120.481014251709,2390
10121.453523635864,2394
10122.450590133667,2430
10123.45027923584,2486
10123.45027923584,2478
10124.445676803589,2450
10125.44322013855,2458
10126.441478729248,2468
10127.438068389893,2458
10128.435611724854,2422
10129.433393478394,2422
10130.430221557617,2406
10131.426811218262,2454
10132.424354553223,2422
10133.422136306763,2400
10135.388851165771,2446
10135.388851165771,2446
10136.414051055908,2470
10137.410402297974,2444
10138.408422470093,2424
10139.409303665161,2418
10141.371488571167,2410
10141.371488571167,2410
10142.399787902832,2428
10143.393516540527,2408
10144.390344619751,2422
10145.389318466187,2426
10146.385431289673,2450
10147.384643554688,2466
10149.37949180603,2474
10150.381326675415,2450
10151.346206665039,2444
10152.349710464478,2426
10153.351068496704,2422
10154.349565505981,2350
10155.335664749146,2422
10156.332969665527,2414
10157.330513000488,2426
10158.327579498291,2414
10159.324884414673,2454
10160.322189331055,2470
10161.319971084595,2426
10162.317037582397,2474
10163.31434249878,2454
10164.31188583374,2420
10165.308713912964,2414
10167.293071746826,2414
10167.293071746826,2450
10168.299198150635,2394
10169.299602508545,2382
10170.310497283936,2406
10171.311140060425,2418
10172.308444976807,2470
10173.30527305603,2478
10174.30305480957,2470
10175.300121307373,2446
10176.297187805176,2410
10177.294731140137,2418
10178.292036056519,2410
10179.2893409729,2422
10180.286407470703,2410
10181.284189224243,2426
10182.28030204773,2418
10183.277368545532,2466
10184.274435043335,2430
10185.271501541138,2462
10186.269044876099,2442
10187.26658821106,2456
10188.263654708862,2450
10189.260959625244,2406
10190.258502960205,2394
10191.255807876587,2394
10192.253112792969,2406
10193.25041770935,2406
10194.247722625732,2414
10195.245027542114,2428
10196.242332458496,2430
10197.239637374878,2454
10198.237180709839,2446
10199.234247207642,2398
10200.231790542603,2398
10201.229095458984,2406
10202.226400375366,2394
10203.223466873169,2394
10204.221248626709,2412
10205.218315124512,2398
10206.215620040894,2454
10207.213163375854,2418
10208.210468292236,2454
10209.207534790039,2450
10210.20483970642,2476
10211.21621131897,2430
10212.199687957764,2408
10213.227272033691,2394
10214.224576950073,2390
10215.220928192139,2410
10216.2184715271,2390
10217.215776443481,2410
10218.213558197021,2430
10219.210863113403,2448
10220.207452774048,2450
10221.204996109009,2408
10222.21064567566,2424
10223.199844360352,2426
10224.197626113892,2398
10225.20112991333,2430
10226.191759109497,2406
10227.162837982178,2418
10228.18636894226,2426
10229.1841506958,2472
10230.181217193604,2458
10231.178283691406,2424
10232.176065444946,2470
10233.173131942749,2462
10234.177350997925,2478
10235.167741775513,2454
10236.165523529053,2418
10237.162351608276,2442
10238.160133361816,2406
10239.15696144104,2394
10240.153789520264,2410
10241.153478622437,2406
10242.149353027344,2412
10243.146181106567,2426
10244.142532348633,2418
10245.140314102173,2456
10246.137619018555,2406
10247.135639190674,2406
10248.134851455688,2366
10249.101161956787,2384
10250.09822845459,2386
10251.095533370972,2362
10252.093076705933,2362
10253.090381622314,2394
10254.087686538696,2414
10255.084991455078,2420
10256.08205795288,2412
10257.079601287842,2418
10258.076906204224,2418
10259.074211120605,2442
10260.071754455566,2426
10261.069059371948,2414
10262.066125869751,2374
10263.063669204712,2382
10264.060974121094,2380
10265.058279037476,2404
10266.055583953857,2418
10267.053127288818,2384
10268.0504322052,2394
10269.047498703003,2446
10270.045042037964,2418
10271.042346954346,2394
10272.039651870728,2400
10273.03695678711,2346
10274.03450012207,2358
10275.061845779419,2354
10276.05938911438,2390
10277.026891708374,2382
10278.053045272827,2410
10279.050827026367,2418
10280.04765510559,2418
10281.052827835083,2414
10282.04369544983,2418
10283.040046691895,2390
10284.037590026855,2412
10285.034656524658,2396
10286.038160324097,2362
10287.036180496216,2382
10288.027048110962,2366
10289.027214050293,2398
10289.991855621338,2422
10291.01824760437,2450
10292.015790939331,2446
10293.017625808716,2446
10294.010400772095,2410
10295.018196105957,2450
10296.022415161133,2406
10297.00231552124,2416
10298.001050949097,2382
10298.999786376953,2380
10299.994707107544,2410
10300.992727279663,2390
10301.993131637573,2416
10303.016901016235,2410
10303.983688354492,2448
10304.981708526611,2426
10305.979251861572,2412
10306.976795196533,2414
10307.976484298706,2410
10308.944463729858,2406
10309.973239898682,2414
10310.96601486206,2386
10311.965703964233,2410
10312.959909439087,2424
10313.95697593689,2422
10314.95475769043,2446
10315.922737121582,2418
10316.949129104614,2422
10317.946910858154,2408
10318.915367126465,2414
10319.912672042847,2442
10320.939302444458,2422
10321.935653686523,2374
10322.936058044434,2354
10323.931455612183,2378
10324.928283691406,2430
10325.926065444946,2454
10326.922178268433,2458
10327.92067527771,2468
10328.91845703125,2390
10329.916000366211,2398
10330.913066864014,2422
10331.910133361816,2430
10332.907438278198,2394
10333.905220031738,2360
10334.903001785278,2366
10335.898399353027,2386
10336.867809295654,2398
10337.893962860107,2420
10338.890552520752,2450
10339.887380599976,2418
10340.884685516357,2390
10341.855764389038,2424
10342.87977218628,2386
10343.849182128906,2404
10344.874382019043,2376
10345.87812423706,2356
10346.869468688965,2378
10347.866773605347,2374
10348.86384010315,2388
10349.865913391113,2394
10350.863933563232,2450
10351.855516433716,2448
10352.857828140259,2426
10353.850841522217,2388
10354.84766960144,2398
10355.846643447876,2406
10356.842517852783,2406
10357.840061187744,2364
10358.836889266968,2378
10359.834432601929,2366
10360.83173751831,2386
10361.802816390991,2424
10362.826347351074,2384
10363.82508277893,2422
10364.821195602417,2398
10365.818738937378,2398
10366.816520690918,2388
10367.811679840088,2398
10368.78228187561,2356
10369.807004928589,2354
10370.804071426392,2374
10371.802806854248,2394
10372.798442840576,2382
10373.795509338379,2404
10374.79305267334,2390
10375.791311264038,2422
10376.760005950928,2448
10377.756834030151,2424
10378.754138946533,2398
10379.751443862915,2390
10380.748748779297,2406
10381.746530532837,2416
10382.74359703064,2398
10383.740901947021,2366
10384.737968444824,2358
10385.735750198364,2394
10386.733055114746,2410
10387.730121612549,2430
10388.72766494751,2408
10389.724969863892,2396
10390.722274780273,2372
10391.719579696655,2384
10392.717123031616,2384
10393.714427947998,2384
10394.7114944458,2366
10395.709037780762,2374
10396.706342697144,2396
10397.703647613525,2354
10398.732900619507,2418
10399.726867675781,2420
10400.725841522217,2418
10401.721239089966,2446
10402.718782424927,2454
10403.716564178467,2390
10404.713153839111,2396
10405.71117401123,2418
10406.708002090454,2386
10407.705545425415,2390
10408.704280853271,2398
10409.700155258179,2448
10410.702228546143,2414
10411.696434020996,2430
10412.691593170166,2422
10413.690567016602,2446
10414.686918258667,2394
10415.68374633789,2364
10416.683435440063,2386
10417.678833007812,2382
10418.658256530762,2394
10419.673442840576,2398
10420.670986175537,2406
10421.668767929077,2414
10422.665119171143,2406
10423.663139343262,2422
10424.66139793396,2458
10425.657272338867,2448
10426.655054092407,2422
10427.645683288574,2390
10428.622007369995,2394
10429.61859703064,2390
10430.616617202759,2390
10431.614398956299,2406
10432.611465454102,2390
10433.609008789062,2430
10434.606075286865,2430
10435.603618621826,2430
10436.600685119629,2470
10437.597751617432,2458
10438.595056533813,2334
10439.592599868774,2380
10440.590143203735,2382
10441.587686538696,2374
10442.58451461792,2398
10443.58205795288,2378
10446.769714355469,2388
10446.769714355469,2414
10446.769714355469,2426
10448.08578491211,2454
10449.085474014282,2446
10450.093269348145,2446
10451.093912124634,2418
10452.091455459595,2396
10453.08804512024,2390
10454.084634780884,2426
10455.081939697266,2406
10456.079006195068,2422
10457.07654953003,2418
10458.073854446411,2422
10459.071397781372,2412
10460.067749023438,2432
10461.065292358398,2478
10462.062358856201,2474
10463.059902191162,2426
10464.056968688965,2414
10465.054512023926,2398
10466.051816940308,2362
10467.04888343811,2388
10468.046426773071,2406
10469.043731689453,2394
10470.041036605835,2398
10471.038579940796,2394
10472.035884857178,2406
10473.03318977356,2446
10474.030256271362,2478
10475.027799606323,2424
10476.025104522705,2418
10477.022647857666,2396
10478.019952774048,2390
10479.01701927185,2398
10480.014324188232,2408
10481.011629104614,2424
10482.009172439575,2458
10483.006477355957,2446
10484.00354385376,2448
10485.0013256073,2414
10486.016273498535,2456
10486.995935440063,2416
10487.993001937866,2390
10488.990545272827,2388
10489.987850189209,2404
10490.98539352417,2418
10491.990327835083,2450
10492.979764938354,2444
10493.977069854736,2426
10494.983196258545,2422
10495.97191810608,2446
10496.968984603882,2446
10497.966289520264,2452
10498.963594436646,2426
10499.961137771606,2414
10500.958442687988,2390
10501.95574760437,2374
10502.953290939331,2380
10503.950357437134,2398
10504.947900772095,2450
10505.945205688477,2418
10506.942510604858,2424
10507.93981552124,2430
10508.937120437622,2478
10509.934425354004,2462
10510.931730270386,2472
10511.929035186768,2450
10512.926578521729,2430
10513.923645019531,2442
10514.921188354492,2454
10515.918254852295,2430
10516.915798187256,2424
10517.913103103638,2452
10518.91040802002,2480
10519.90795135498,2482
10520.905256271362,2478
10521.902799606323,2474
10522.899627685547,2430
10523.897171020508,2416
10524.89447593689,2382
10525.891780853271,2378
10526.888847351074,2386
10527.886390686035,2422
10528.883695602417,2424
10529.881000518799,2446
10530.87854385376,2426
10531.875848770142,2448
10532.873153686523,2454
10533.870220184326,2418
10534.868001937866,2410
10535.865306854248,2392
10536.86237335205,2410
10537.859916687012,2390
10538.856983184814,2398
10539.854288101196,2416
10540.852069854736,2430
10541.849136352539,2398
10542.84644126892,2426
10543.843507766724,2418
10544.841051101685,2458
10545.838356018066,2462
10546.835660934448,2450
10547.83320426941,2422
10548.832654953003,2410
10549.829483032227,2374
10550.826787948608,2364
10551.824569702148,2366
10552.82211303711,2406
10553.818941116333,2410
10554.816722869873,2422
10555.813789367676,2426
10556.811094284058,2456
10557.80839920044,2418
10558.805227279663,2408
10559.802532196045,2394
10560.800075531006,2386
10561.797380447388,2394
10562.794923782349,2388
10563.79222869873,2422
10564.789533615112,2420
10565.786838531494,2416
10566.783905029297,2426
10567.81268119812,2442
10568.778276443481,2426
10569.803237915039,2442
10570.801496505737,2454
10571.801900863647,2414
10572.795391082764,2406
10573.792695999146,2414
10574.78952407837,2394
10575.78730583191,2394
10576.784133911133,2386
10577.781677246094,2398
10578.778505325317,2424
10579.776287078857,2448
10580.77335357666,2446
10581.771850585938,2430
10582.767963409424,2390
10583.73761177063,2598
10584.73801612854,2390
10585.76250076294,2382
10586.758613586426,2364
10587.755680084229,2394
10588.75322341919,2414
10589.75076675415,2422
10590.748071670532,2414
10591.74656867981,2416
10592.742681503296,2424
10593.710899353027,2430
10594.7425365448,2406
10595.734357833862,2406
10596.731901168823,2378
10597.729206085205,2376
10598.726511001587,2406
10599.72357749939,2390
10600.719928741455,2416
10601.718425750732,2398
10602.716445922852,2386
10603.713274002075,2402
10604.70986366272,2412
10605.706691741943,2410
10606.703758239746,2410
10607.701539993286,2414
10608.699321746826,2406
10609.69614982605,2364
10610.69369316101,2380
10611.69171333313,2390
10612.688064575195,2414
10613.685846328735,2414
10614.657640457153,2424
10615.653991699219,2428
10616.6512966156,2426
10617.648363113403,2446
10618.66307258606,2442
10619.642972946167,2418
10620.64003944397,2426
10621.637344360352,2398
10622.634649276733,2394
10623.632192611694,2406
10624.629735946655,2388
10625.626802444458,2422
10626.62410736084,2426
10627.621412277222,2474
10628.618717193604,2470
10629.616498947144,2422
10630.613565444946,2458
10631.611347198486,2426
10632.60817527771,2406
10633.605480194092,2406
10634.602785110474,2398
10635.600090026855,2414
10636.597156524658,2422
10637.59469985962,2418
10638.592004776001,2442
10639.589309692383,2446
10640.586853027344,2478
10641.584634780884,2478
10642.581224441528,2482
10644.576787948608,2426
10644.576787948608,2430
10645.60079574585,2416
10646.601438522339,2406
10647.594690322876,2420
10648.592710494995,2414
10649.592399597168,2430
10650.588274002075,2444
10651.58462524414,2468
10652.581691741943,2430
10653.578519821167,2422
10654.578685760498,2396
10655.57312965393,2442
10656.57091140747,2428
10657.568216323853,2410
10658.565998077393,2386
10659.534692764282,2392
10660.531759262085,2362
10661.529064178467,2390
10662.526369094849,2422
10663.52367401123,2418
10664.520978927612,2408
10665.518283843994,2452
10666.515827178955,2444
10667.512893676758,2406
10668.510437011719,2398
10669.5077419281,2396
10670.505046844482,2390
10671.502351760864,2316
10672.499656677246,2430
10673.497200012207,2418
10676.321506500244,2420
10676.49245262146,2446
10676.49245262146,2454
10677.997589111328,2430
10678.504228591919,2454
10679.506063461304,2426
10680.558919906616,2446
10681.57410621643,2396
10682.5532913208,2422
10683.554649353027,2414
10684.547662734985,2410
10685.544967651367,2448
10686.546802520752,2424
10687.538862228394,2462
10688.536167144775,2430
10689.533472061157,2442
10690.530776977539,2398
10692.533016204834,2454
10692.533016204834,2406
10693.521738052368,2406
10694.51928138733,2382
10695.516109466553,2398
10696.513652801514,2410
10697.510957717896,2410
10698.508262634277,2460
10699.50556755066,2450
10700.50311088562,2442
10701.500177383423,2402
10702.497482299805,2418
10703.523874282837,2422
10704.521656036377,2450
10705.5184841156,2422
10706.516027450562,2414
10707.51404762268,2398
10708.511114120483,2414
10709.507942199707,2416
10710.476398468018,2466
10711.50255203247,2446
10712.471008300781,2450
10713.497400283813,2420
10714.494466781616,2454
10715.49654006958,2422
10716.489315032959,2408
10717.48661994934,2416
10718.483924865723,2386
10719.481706619263,2394
10720.479011535645,2394
10721.447229385376,2392
10722.47338294983,2454
10723.47092628479,2442
10724.468469619751,2446
10725.465774536133,2426
10726.463079452515,2430
10727.459907531738,2426
10728.457689285278,2388
10729.454755783081,2408
10730.452299118042,2430
10731.422662734985,2414
10732.447147369385,2394
10733.444929122925,2398
10735.411167144775,2406
10735.411167144775,2450
10736.437559127808,2450
10737.40553855896,2406
10738.430976867676,2406
10739.428281784058,2382
10741.422891616821,2366
10742.419958114624,2362
10742.419958114624,2378
10743.417739868164,2362
10744.415998458862,2382
10745.41187286377,2366
10746.40965461731,2394
10747.40743637085,2388
10748.404264450073,2384
10749.402523040771,2394
10750.399827957153,2414
10752.365589141846,2394
10753.390550613403,2398
10753.390550613403,2342
10755.385398864746,2398
10756.382465362549,2414
10756.382465362549,2422
10758.377075195312,2410
10759.374856948853,2422
10760.343074798584,2442
10761.340379714966,2452
10762.36867904663,2468
10763.3638381958,2454
10764.361143112183,2454
10765.36226272583,2450
10766.356468200684,2450
10767.354011535645,2422
10768.322467803955,2424
10769.321203231812,2414
10770.317792892456,2414
10771.315336227417,2410
10772.313117980957,2448
10773.30994606018,2444
10774.306774139404,2422
10775.304555892944,2402
10776.301622390747,2414
10777.299165725708,2416
10778.29647064209,2422
10779.29401397705,2414
10780.291318893433,2394
10781.288385391235,2394
10782.312154769897,2410
10783.310174942017,2430
10784.281015396118,2426
10785.27855873108,2430
10786.27347946167,2430
10787.270545959473,2420
10788.268089294434,2416
10789.265155792236,2454
10790.262460708618,2446
10791.260242462158,2430
10792.257308959961,2406
10793.254375457764,2398
10794.265747070312,2430
10795.265197753906,2450
10796.265125274658,2486
10797.24383354187,2458
10798.241376876831,2430
10799.238681793213,2398
10800.235748291016,2446
10801.233053207397,2382
10802.230596542358,2418
10803.22790145874,2410
10804.225206375122,2384
10805.222511291504,2396
10806.219816207886,2406
10807.217121124268,2424
10808.21442604065,2442
10809.211730957031,2470
10810.209274291992,2430
10811.206579208374,2426
10812.203884124756,2410
10813.201189041138,2386
10814.19849395752,2374
10815.19627571106,2376
10816.193580627441,2374
10817.190647125244,2380
10818.187952041626,2394
10819.185256958008,2390
10820.18256187439,2414
10821.18010520935,2456
10822.177171707153,2410
10823.174715042114,2378
10824.171781539917,2358
10825.169086456299,2378
10826.16662979126,2378
10827.163934707642,2356
10828.161239624023,2416
10829.158306121826,2406
10830.155849456787,2446
10831.153631210327,2428
10832.15045928955,2450
10833.148002624512,2450
10834.145307540894,2468
10835.142612457275,2458
10836.14206314087,2446
10837.137460708618,2414
10838.13452720642,2446
10839.140176773071,2396
10840.129375457764,2414
10841.126680374146,2410
10842.123746871948,2426
10843.12105178833,2426
10844.118595123291,2442
10845.115900039673,2450
10846.14372253418,2448
10847.139835357666,2426
10848.137378692627,2394
10849.135398864746,2392
10850.139379501343,2366
10851.129055023193,2394
10852.119207382202,2422
10853.124380111694,2422
10854.121446609497,2392
10855.118751525879,2426
10856.11605644226,2426
10857.113361358643,2442
10858.111143112183,2426
10859.107732772827,2428
10860.105276107788,2426
10861.073970794678,2388
10862.071752548218,2400
10863.096714019775,2390
10864.100933074951,2454
10865.097045898438,2422
10866.089820861816,2394
10867.087125778198,2376
10868.083715438843,2416
10869.081258773804,2470
10870.078563690186,2458
10871.075868606567,2410
10872.073888778687,2410
10873.07095527649,2350
10874.068021774292,2384
10875.065803527832,2410
10876.062870025635,2406
10877.030849456787,2422
10878.029823303223,2414
10879.027128219604,2418
10880.023956298828,2446
10881.0293674469,2444
10882.01928138733,2450
10883.016347885132,2446
10884.023189544678,2406
10885.011672973633,2382
10886.008739471436,2382
10887.006282806396,2358
10888.0033493042,2418
10888.998985290527,2426
10889.99605178833,2424
10890.993356704712,2424
10891.990423202515,2414
10892.98939704895,2422
10894.014120101929,2406
10895.011186599731,2410
10896.010637283325,2378
10897.005081176758,2382
10898.003339767456,2378
10899.000644683838,2384
10899.998426437378,2394
10900.995016098022,2406
10901.968955993652,2430
10902.989149093628,2418
10903.986692428589,2458
10904.98399734497,2424
10905.981540679932,2450
10906.978607177734,2430
10907.975912094116,2430
10908.973217010498,2406
10909.970760345459,2416
10910.970211029053,2362
10911.96584701538,2394
10912.964582443237,2416
10913.960218429565,2444
10914.957523345947,2458
10915.95435142517,2422
10916.95261001587,2450
10917.950868606567,2442
10918.946981430054,2424
10919.944286346436,2428
10920.94111442566,2406
10921.939611434937,2376
10922.937393188477,2364
10923.934936523438,2406
10924.930572509766,2418
10925.929307937622,2418
10926.926374435425,2460
10927.92296409607,2448
10928.921461105347,2454
10929.917812347412,2446
10930.91630935669,2430
10931.912422180176,2446
10932.910680770874,2414
10933.907747268677,2382
10934.904098510742,2362
10935.903549194336,2374
10936.90013885498,2394
10937.896013259888,2422
10938.865423202515,2446
10939.862489700317,2430
10940.85955619812,2414
10941.85733795166,2408
10942.854404449463,2446
10943.851709365845,2406
10944.849252700806,2376
10945.846557617188,2394
10946.84386253357,2386
10947.841167449951,2388
10948.838472366333,2398
10949.835777282715,2422
10950.833082199097,2422
10951.830625534058,2418
10952.82793045044,2454
10953.825235366821,2454
10954.830169677734,2454
10955.820083618164,2418
10956.817150115967,2398
10957.814455032349,2410
10958.81175994873,2390
10959.809303283691,2386
10960.806608200073,2430
10961.803913116455,2450
10962.801218032837,2458
10963.798522949219,2422
10964.7958278656,2442
10965.793132781982,2422
10966.790676116943,2422
10967.787742614746,2396
10968.785047531128,2386
10969.811201095581,2394
10970.809936523438,2398
10971.806049346924,2410
10972.803115844727,2442
10973.800897598267,2394
10974.797487258911,2446
10975.795030593872,2426
10976.792812347412,2450
10977.789640426636,2430
10978.787899017334,2418
10979.7842502594,2422
10980.781555175781,2396
10981.780052185059,2430
10982.776165008545,2414
10983.773708343506,2410
10984.770774841309,2422
10985.76807975769,2480
10986.765384674072,2482
10987.762689590454,2462
10988.760232925415,2450
10989.757537841797,2446
10990.7546043396,2422
10991.753578186035,2418
10992.749214172363,2406
10993.720769882202,2394
10994.744062423706,2394
10995.741605758667,2396
10996.739149093628,2414
10997.735977172852,2450
10998.733282089233,2454
10999.730587005615,2466
11000.701427459717,2470
11001.698732376099,2426
11002.696514129639,2418
11003.6940574646,2410
11004.691123962402,2414
11005.717039108276,2362
11006.711483001709,2418
11007.709980010986,2386
11008.70656967163,2426
11009.703636169434,2430
11010.673999786377,2448
11011.70015335083,2474
11012.669324874878,2446
11013.696432113647,2426
11014.69373703003,2406
11015.688180923462,2414
11016.685247421265,2388
11017.683029174805,2384
11018.658638000488,2326
11019.678115844727,2386
11020.674705505371,2406
11021.64602279663,2374
11022.669076919556,2390
11023.667812347412,2450
11024.665832519531,2450
11025.66146850586,2426
11026.658773422241,2414
11027.655601501465,2388
11028.653383255005,2442
11029.650688171387,2394
11030.648946762085,2406
11031.647682189941,2382
11032.646417617798,2422
11033.639669418335,2424
11034.638404846191,2448
11035.609245300293,2452
11036.606550216675,2482
11037.631511688232,2422
11038.627624511719,2390
11039.624691009521,2400
11040.621042251587,2442
11041.620016098022,2450
11042.588949203491,2442
11043.616533279419,2430
11044.610500335693,2426
11045.607566833496,2446
11046.605825424194,2418
11047.602891921997,2446
11048.600435256958,2458
11049.598217010498,2452
11050.59552192688,2426
11051.594734191895,2398
11052.590370178223,2422
11053.58862876892,2422
11054.585695266724,2482
11055.582761764526,2472
11056.57958984375,2450
11057.576894760132,2454
11058.574676513672,2452
11059.571981430054,2458
11060.569286346436,2470
11061.539888381958,2486
11062.564134597778,2470
11063.561201095581,2450
11064.558744430542,2450
11065.556049346924,2410
11066.553831100464,2430
11067.556381225586,2426
11068.547487258911,2422
11069.546699523926,2430
11070.542812347412,2462
11071.513891220093,2458
11072.537899017334,2456
11073.534965515137,2450
11074.53179359436,2430
11075.5295753479,2414
11076.526403427124,2398
11077.523946762085,2394
11078.521490097046,2386
11079.518795013428,2424
11080.516338348389,2442
11081.486940383911,2470
11082.510709762573,2442
11083.508253097534,2474
11084.505558013916,2450
11085.474729537964,2502
11086.4999294281,2468
11087.496995925903,2454
11088.50121498108,2410
11089.492321014404,2412
11090.489387512207,2422
11091.492891311646,2446
11092.457056045532,2444
11093.481302261353,2414
11094.479322433472,2426
11095.476150512695,2430
11096.473455429077,2474
11097.471237182617,2458
11098.467826843262,2442
11099.464893341064,2412
11100.46935081482,2386
11102.443218231201,2350
11102.443218231201,2366
11103.455305099487,2382
11105.448961257935,2390
11105.448961257935,2410
11106.446743011475,2424
11108.413696289062,2450
11109.410285949707,2422
11110.407829284668,2398
11111.404657363892,2450
11112.40267753601,2376
11113.399744033813,2374
11114.396572113037,2376
11115.394353866577,2410
11116.39142036438,2422
11117.388725280762,2414
11118.386268615723,2410
11119.383573532104,2330
11120.381116867065,2450
11121.37746810913,2422
11122.376203536987,2450
11123.372316360474,2446
11124.370336532593,2414
11125.367879867554,2382
11126.364946365356,2378
11127.362728118896,2406
11128.3597946167,2406
11129.357099533081,2414
11130.354404449463,2430
11131.350994110107,2418
11132.349491119385,2400
11133.346796035767,2398
11134.34362411499,2422
11135.352849960327,2422
11136.338472366333,2406
11137.335777282715,2398
11138.333082199097,2406
11139.330625534058,2412
11140.355587005615,2426
11141.324520111084,2426
11142.350673675537,2448
11143.318891525269,2448
11144.315719604492,2410
11145.313024520874,2424
11146.310329437256,2458
11147.307872772217,2474
11148.305177688599,2458
11149.302244186401,2422
11150.299549102783,2418
11151.297330856323,2422
11152.294397354126,2454
11153.291702270508,2456
11154.289245605469,2456
11155.286312103271,2474
11156.283617019653,2478
11157.280921936035,2442
11158.278465270996,2458
11159.275770187378,2472
11160.27307510376,2430
11161.27061843872,2426
11162.267684936523,2422
11163.264989852905,2426
11164.262294769287,2418
11165.259838104248,2448
11166.25714302063,2448
11167.25468635559,2450
11168.251752853394,2474
11169.249296188354,2462
11170.246601104736,2470
11171.244382858276,2460
11172.2412109375,2430
11173.238515853882,2410
11174.235582351685,2390
11175.233125686646,2404
11176.230430603027,2414
11177.227973937988,2442
11178.225040435791,2420
11179.222345352173,2422
11180.219650268555,2398
11181.217193603516,2426
11182.214498519897,2432
11183.21180343628,2380
11184.209108352661,2382
11185.208797454834,2366
11186.205387115479,2350
11187.20293045044,2346
11188.199996948242,2366
11189.197540283203,2358
11190.194606781006,2390
11191.192150115967,2398
11192.189455032349,2392
11193.18699836731,2418
11194.184303283691,2444
11195.181369781494,2422
11196.178674697876,2448
11197.175979614258,2414
11198.173522949219,2398
11199.1708278656,2418
11200.168371200562,2422
11201.165914535522,2472
11202.162981033325,2486
11203.160047531128,2470
11204.15735244751,2526
11205.154657363892,2462
11206.151962280273,2494
11207.149267196655,2474
11208.147048950195,2458
11209.144115447998,2426
11210.14142036438,2404
11211.138486862183,2386
11212.136268615723,2422
11213.133573532104,2446
11214.130640029907,2422
11215.127944946289,2420
11216.137886047363,2446
11217.122554779053,2454
11218.120098114014,2380
11219.117641448975,2442
11220.114707946777,2446
11221.112489700317,2418
11222.109079360962,2534
11223.106622695923,2364
11224.104166030884,2422
11225.101470947266,2426
11226.098775863647,2442
11227.096557617188,2442
11228.093147277832,2460
11229.090452194214,2458
11230.087995529175,2426
11231.085538864136,2442
11232.083082199097,2430
11233.080387115479,2410
11234.077453613281,2398
11235.074758529663,2422
11236.071825027466,2414
11237.069368362427,2470
11238.066673278809,2446
11239.06397819519,2450
11240.061283111572,2446
11241.059064865112,2494
11242.055892944336,2454
11243.053197860718,2446
11244.050979614258,2414
11245.04804611206,2426
11246.045351028442,2420
11247.043132781982,2418
11248.039960861206,2390
11249.037265777588,2406
11250.03457069397,2426
11251.03211402893,2472
11252.03013420105,2510
11253.026962280273,2482
11254.024028778076,2442
11255.021572113037,2418
11256.01863861084,2426
11257.0161819458,2414
11258.013486862183,2406
11259.010553359985,2362
11260.012865066528,2398
11261.005640029907,2444
11262.003183364868,2466
11263.0136013031,2458
11263.997554779053,2446
11264.994621276855,2418
11265.991926193237,2424
11266.98923110962,2410
11267.98701286316,2390
11268.984317779541,2390
11269.981861114502,2360
11270.979166030884,2378
11271.976470947266,2418
11272.974014282227,2430
11273.97108078003,2446
11274.96862411499,2444
11275.965690612793,2462
11276.973962783813,2448
11277.960538864136,2444
11278.957843780518,2418
11279.9551486969,2384
11280.95269203186,2414
11281.949996948242,2414
11282.947063446045,2414
11283.943891525269,2612
11284.94119644165,2446
11285.956382751465,2426
11286.936044692993,2450
11287.933349609375,2458
11288.930892944336,2474
11289.927959442139,2426
11290.92526435852,2430
11291.92328453064,2470
11292.920112609863,2430
11293.917655944824,2450
11294.914722442627,2414
11295.912265777588,2426
11296.90933227539,2446
11297.906875610352,2476
11298.904180526733,2482
11299.901485443115,2478
11300.899267196655,2478
11301.8958568573,2450
11302.894115447998,2428
11303.890705108643,2410
11304.888010025024,2398
11305.885553359985,2406
11306.882619857788,2400
11307.880163192749,2406
11308.876037597656,2394
11309.873104095459,2430
11310.870170593262,2446
11311.867713928223,2470
11312.865018844604,2486
11313.862085342407,2430
11314.860105514526,2418
11315.88625907898,2396
11316.890478134155,2398
11317.880868911743,2414
11318.849563598633,2410
11319.847345352173,2408
11320.87516784668,2414
11321.871042251587,2414
11322.86787033081,2452
11323.837280273438,2468
11324.863195419312,2444
11325.859546661377,2484
11326.857566833496,2454
11327.855348587036,2446
11328.85193824768,2454
11329.853534698486,2446
11330.84774017334,2446
11331.815242767334,2446
11332.841396331787,2424
11333.838701248169,2450
11334.836483001709,2458
11335.83378791809,2486
11336.831092834473,2470
11337.827920913696,2486
11338.825225830078,2444
11339.822769165039,2458
11340.82007408142,2418
11341.81833267212,2418
11342.815160751343,2490
11343.783855438232,2386
11344.809293746948,2454
11345.80683708191,2442
11346.776485443115,2470
11347.809314727783,2470
11348.798751831055,2470
11349.795818328857,2442
11350.79288482666,2422
11351.791620254517,2392
11352.787971496582,2416
11353.788137435913,2410
11354.782581329346,2454
11355.780124664307,2446
11356.77695274353,2422
11357.774257659912,2466
11358.771562576294,2456
11359.769821166992,2490
11360.766887664795,2504
11361.737251281738,2430
11362.762212753296,2430
11363.758563995361,2424
11364.761352539062,2448
11365.753173828125,2474
11366.750478744507,2466
11367.748498916626,2450
11368.751287460327,2456
11369.743824005127,2446
11370.74089050293,2458
11371.739149093628,2482
11372.735261917114,2470
11374.70030784607,2460
11374.70030784607,2422
11375.697135925293,2414
11376.694202423096,2410
11377.691745758057,2412
11378.689050674438,2422
11379.68635559082,2482
11380.683660507202,2430
11381.681203842163,2454
11382.678508758545,2458
11383.675575256348,2490
11384.673118591309,2500
11385.67042350769,2498
11386.667728424072,2450
11387.665033340454,2462
11388.662338256836,2462
11389.659643173218,2428
11390.6569480896,2472
11391.65472984314,2422
11392.651796340942,2462
11393.649101257324,2448
11394.646167755127,2460
11395.643711090088,2484
11396.64101600647,2470
11397.638320922852,2478
11398.635864257812,2448
11399.632930755615,2406
11400.630712509155,2398
11401.628017425537,2410
11402.62508392334,2390
11403.622388839722,2392
11404.619693756104,2362
11405.617237091064,2396
11406.614303588867,2398
11407.611608505249,2406
11408.60891342163,2446
11409.606218338013,2414
11410.603761672974,2428
11411.601066589355,2412
11412.598609924316,2394
11413.59567642212,2386
11414.592981338501,2406
11415.590286254883,2442
11416.587829589844,2458
11417.584896087646,2410
11418.582201004028,2410
11419.57974433899,2450
11420.577049255371,2486
11421.574354171753,2454
11422.571659088135,2468
11423.568964004517,2418
11424.566268920898,2386
11425.56357383728,2410
11426.561117172241,2442
11427.558422088623,2444
11428.555727005005,2432
11429.553031921387,2486
11430.550336837769,2484
11431.54788017273,2474
11433.936595916748,2486
11433.936595916748,2494
11435.042381286621,2472
11436.053991317749,2458
11437.058925628662,2446
11438.05718421936,2414
11439.0549659729,2440
11440.055131912231,2456
11441.049814224243,2450
11442.047119140625,2470
11443.044185638428,2466
11444.04149055481,2458
11445.038795471191,2412
11446.035861968994,2448
11447.033405303955,2426
11448.030948638916,2410
11449.028015136719,2398
11450.02555847168,2382
11451.022863388062,2390
11452.020406723022,2442
11453.017234802246,2460
11454.015016555786,2398
11455.01184463501,2470
11456.00938796997,2442
11457.006931304932,2446
11458.003997802734,2480
11459.001302719116,2508
11459.998607635498,2458
11460.996389389038,2482
11462.023496627808,2482
11463.019847869873,2450
11464.043617248535,2446
11465.015649795532,2448
11466.012477874756,2514
11467.00930595398,2512
11468.00684928894,2506
11469.002723693848,2506
11470.020771026611,2508
11470.969915390015,2514
11471.969604492188,2500
11472.995281219482,2510
11473.991870880127,2478
11474.987983703613,2470
11475.985288619995,2494
11476.953506469727,2518
11477.951049804688,2534
11478.947877883911,2526
11479.945182800293,2510
11480.942249298096,2538
11481.940031051636,2498
11482.937335968018,2518
11483.93440246582,2498
11484.931945800781,2458
11485.929250717163,2418
11486.926555633545,2422
11487.923860549927,2390
11488.921165466309,2398
11489.91847038269,2472
11490.916013717651,2480
11491.913318634033,2418
11492.91205406189,2448
11493.938446044922,2454
11494.936466217041,2432
11495.933532714844,2446
11496.930122375488,2422
11497.926473617554,2406
11498.924970626831,2398
11499.922752380371,2398
11500.919342041016,2460
11501.91617012024,2442
11502.886295318604,2490
11503.910541534424,2470
11504.879713058472,2442
11505.876779556274,2446
11506.904125213623,2428
11507.901191711426,2414
11508.897304534912,2406
11509.893417358398,2390
11510.891675949097,2390
11511.8887424469,2414
11512.88628578186,2398
11513.883829116821,2446
11514.880418777466,2430
11515.877723693848,2474
11516.87479019165,2458
11517.87281036377,2446
11518.869161605835,2454
11519.866943359375,2474
11520.836353302002,2462
11521.861791610718,2424
11522.859334945679,2450
11523.828506469727,2444
11524.853467941284,2474
11525.851726531982,2506
11526.848316192627,2508
11527.846336364746,2502
11528.814792633057,2504
11529.81162071228,2474
11530.809164047241,2476
11531.806707382202,2474
11532.803773880005,2454
11533.801555633545,2418
11534.798622131348,2416
11535.81190109253,2446
11536.79370880127,2430
11537.791013717651,2458
11538.78903388977,2428
11539.785623550415,2516
11540.782928466797,2454
11541.7799949646,2422
11542.777299880981,2462
11543.775081634521,2426
11544.771909713745,2450
11545.769214630127,2382
11546.76628112793,2392
11547.76406288147,2420
11548.761367797852,2398
11549.758434295654,2446
11550.755739212036,2482
11551.753520965576,2490
11552.750587463379,2452
11553.747653961182,2458
11554.745435714722,2470
11555.742502212524,2450
11556.739807128906,2426
11557.737112045288,2456
11558.734655380249,2418
11559.73196029663,2430
11560.729026794434,2482
11561.726808547974,2482
11562.723875045776,2488
11563.721179962158,2494
11564.718246459961,2462
11565.716028213501,2472
11566.713094711304,2426
11567.710399627686,2442
11568.711757659912,2418
11569.705247879028,2408
11570.70255279541,2390
11571.699857711792,2422
11572.697401046753,2400
11573.694467544556,2406
11574.691772460938,2442
11575.689315795898,2466
11576.68662071228,2430
11577.683925628662,2442
11578.680992126465,2420
11579.678535461426,2422
11580.675840377808,2410
11581.67314529419,2418
11582.67068862915,2378
11583.667755126953,2454
11584.665060043335,2390
11585.692405700684,2414
11586.689710617065,2406
11587.68630027771,2444
11588.68384361267,2430
11589.681386947632,2406
11590.649843215942,2398
11591.676235198975,2386
11592.674016952515,2398
11593.671321868896,2382
11594.667673110962,2410
11595.66855430603,2416
11596.662521362305,2398
11597.660064697266,2442
11599.625587463379,2478
11599.625587463379,2480
11600.62289237976,2454
11601.620197296143,2462
11602.628946304321,2476
11603.615045547485,2458
11604.611873626709,2450
11605.60917854309,2446
11606.606245040894,2444
11607.604026794434,2458
11608.601093292236,2454
11609.598398208618,2470
11610.604047775269,2460
11611.59348487854,2470
11612.590551376343,2490
11613.587856292725,2446
11614.585399627686,2450
11615.582466125488,2448
11616.585493087769,2460
11617.579221725464,2470
11619.573593139648,2430
11619.573593139648,2486
11620.599746704102,2490
11621.569633483887,2478
11622.565269470215,2482
11623.591899871826,2502
11624.588966369629,2502
11625.58650970459,2510
11626.583576202393,2470
11627.58183479309,2428
11628.578186035156,2418
11629.575252532959,2408
11630.572080612183,2398
11631.540536880493,2406
11632.538795471191,2426
11633.564472198486,2426
11634.56130027771,2446
11635.55908203125,2462
11636.556386947632,2462
11637.553453445435,2398
11638.550519943237,2418
11639.54782485962,2394
11640.54536819458,2390
11641.542911529541,2410
11642.546653747559,2410
11643.537759780884,2418
11644.534587860107,2416
11645.53189277649,2412
11646.528959274292,2446
11647.52721786499,2466
11648.524522781372,2470
11649.521112442017,2478
11650.51817893982,2414
11651.487112045288,2426
11652.485370635986,2388
11653.510808944702,2394
11654.508590698242,2446
11655.507802963257,2422
11656.473636627197,2418
11657.47046470642,2454
11658.467769622803,2474
11659.465312957764,2470
11660.462379455566,2486
11661.459922790527,2446
11662.45722770691,2422
11663.454532623291,2414
11664.451837539673,2414
11665.449142456055,2420
11666.446685791016,2446
11667.443752288818,2442
11668.4410572052,2446
11669.438362121582,2458
11670.435905456543,2458
11671.433448791504,2460
11672.430276870728,2490
11673.428058624268,2492
11674.42512512207,2458
11675.422430038452,2426
11676.419734954834,2422
11677.417278289795,2454
11678.414583206177,2422
11679.41164970398,2426
11681.40697479248,2446
11681.40697479248,2470
11682.403802871704,2478
11683.401107788086,2458
11685.395956039429,2490
11685.395956039429,2510
11687.390565872192,2476
11688.387870788574,2450
11689.385175704956,2430
11690.382242202759,2458
11691.380023956299,2482
11692.377090454102,2470
11693.374395370483,2472
11694.372177124023,2442
11695.369243621826,2450
11696.366310119629,2490
11697.36361503601,2516
11698.361158370972,2488
11699.358463287354,2478
11700.355768203735,2458
11701.353549957275,2466
11702.350616455078,2456
11703.34792137146,2482
11704.344987869263,2446
11705.342531204224,2472
11706.339836120605,2474
11707.336902618408,2450
11708.33444595337,2408
11709.33198928833,2410
11710.344552993774,2410
11711.326837539673,2422
11712.323904037476,2366
11713.321208953857,2346
11714.31827545166,2330
11715.315818786621,2398
11716.313123703003,2422
11717.310428619385,2406
11718.307733535767,2422
11719.305276870728,2426
11720.30234336853,2446
11721.299648284912,2456
11722.297191619873,2456
11723.294496536255,2446
11724.291801452637,2416
11725.289106369019,2418
11726.2864112854,2430
11727.283954620361,2424
11728.281021118164,2430
11729.278564453125,2468
11730.275869369507,2474
11731.273174285889,2478
11732.270240783691,2456
11733.267784118652,2490
11734.265089035034,2446
11735.262393951416,2470
11736.259937286377,2426
11737.25700378418,2418
11738.254308700562,2412
11739.251613616943,2458
11740.257024765015,2446
11741.262674331665,2490
11742.245435714722,2462
11743.242263793945,2502
11744.267463684082,2480
11745.263814926147,2474
11746.263265609741,2516
11747.25866317749,2494
11748.256206512451,2470
11749.253273010254,2450
11750.251293182373,2454
11751.249551773071,2490
11752.2451877594,2454
11753.24296951294,2472
11754.24075126648,2470
11755.237340927124,2450
11756.234407424927,2492
11757.231712341309,2498
11758.22925567627,2504
11759.226322174072,2466
11760.22458076477,2450
11761.195182800293,2458
11762.218475341797,2458
11763.215780258179,2450
11764.21332359314,2430
11765.2108669281,2466
11766.208171844482,2500
11767.17758178711,2474
11768.174409866333,2482
11769.171714782715,2474
11770.17092704773,2506
11771.166801452637,2470
11772.16386795044,2466
11773.160934448242,2430
11774.158239364624,2426
11775.155782699585,2454
11776.153087615967,2454
11777.150392532349,2486
11778.14793586731,2470
11779.145240783691,2424
11780.142307281494,2456
11781.139850616455,2494
11782.137155532837,2458
11783.134460449219,2454
11784.131526947021,2446
11785.129308700562,2454
11786.129474639893,2448
11787.126064300537,2470
11788.123369216919,2462
11789.1206741333,2444
11790.117740631104,2482
11791.115522384644,2458
11792.112827301025,2482
11793.110132217407,2470
11794.107675552368,2478
11795.10498046875,2450
11796.122550964355,2470
11797.100305557251,2454
11798.096656799316,2458
11799.09372329712,2414
11800.090551376343,2478
11801.08904838562,2522
11802.086353302002,2516
11803.082704544067,2488
11804.08000946045,2482
11805.077314376831,2450
11806.074619293213,2478
11807.071924209595,2490
11808.069467544556,2446
11809.066772460938,2426
11810.06407737732,2450
11811.06185913086,2450
11812.058687210083,2460
11813.055992126465,2446
11814.053297042847,2430
11815.050840377808,2468
11816.048383712769,2506
11817.045211791992,2506
11818.041324615479,2462
11819.03862953186,2460
11820.035934448242,2454
11821.033477783203,2474
11822.032690048218,2454
11823.029518127441,2454
11824.026823043823,2420
11825.024366378784,2486
11826.021432876587,2510
11827.019214630127,2514
11828.01628112793,2474
11829.013347625732,2426
11830.013990402222,2446
11831.007957458496,2430
11832.005262374878,2462
11833.003282546997,2450
11834.013938903809,2446
11834.997177124023,2450
11835.994958877563,2486
11836.992263793945,2486
11837.989568710327,2478
11838.98663520813,2502
11839.98441696167,2474
11840.981483459473,2514
11841.978788375854,2510
11842.976808547974,2494
11843.973636627197,2490
11844.970703125,2474
11845.968008041382,2458
11846.965312957764,2484
11847.962856292725,2506
11848.960161209106,2522
11849.957466125488,2514
11850.95477104187,2518
11851.95255279541,2526
11852.949142456055,2494
11853.946924209595,2480
11854.943990707397,2446
11855.94129562378,2470
11856.93883895874,2480
11857.935905456543,2470
11858.933210372925,2430
11859.930992126465,2470
11860.928297042847,2470
11861.925601959229,2476
11862.922668457031,2474
11863.920450210571,2516
11864.917516708374,2484
11865.914583206177,2506
11866.912364959717,2486
11867.90943145752,2482
11868.906736373901,2456
11869.904041290283,2470
11870.901584625244,2478
11871.899127960205,2452
11872.896194458008,2450
11873.89326095581,2450
11874.890804290771,2470
11875.888109207153,2490
11876.885175704956,2478
11877.882957458496,2430
11878.880262374878,2430
11879.87756729126,2450
11880.874633789062,2432
11881.872177124023,2474
11882.869720458984,2460
11883.866786956787,2442
11884.864091873169,2450
11885.86163520813,2446
11886.858701705933,2476
11887.855768203735,2502
11888.853311538696,2466
11889.850854873657,2458
11890.848159790039,2450
11891.84594154358,2430
11892.842769622803,2446
11893.840074539185,2452
11894.864320755005,2454
11895.862102508545,2458
11896.859169006348,2418
11897.85623550415,2428
11898.853778839111,2430
11899.851560592651,2430
11900.848388671875,2446
11901.846885681152,2482
11902.84252166748,2410
11903.84030342102,2390
11904.839277267456,2414
11905.834674835205,2432
11906.836986541748,2458
11907.830476760864,2450
11908.827066421509,2428
11909.798383712769,2470
11910.794734954834,2510
11911.791801452637,2506
11912.787914276123,2502
11913.784980773926,2510
11914.782524108887,2466
11915.779829025269,2468
11916.776895523071,2470
11917.774438858032,2470
11918.771743774414,2472
11919.769048690796,2462
11920.766353607178,2456
11921.764135360718,2502
11922.76120185852,2522
11923.758268356323,2502
11924.755811691284,2518
11925.753116607666,2486
11926.750421524048,2472
11927.74772644043,2446
11928.745031356812,2430
11929.742336273193,2446
11930.739641189575,2504
11931.737184524536,2470
11932.734489440918,2474
11933.7317943573,2442
11934.728860855103,2462
11935.726404190063,2502
11936.723947525024,2518
11937.721014022827,2482
11938.718557357788,2478
11940.71340560913,2430
11940.71340560913,2386
11941.710948944092,2444
11942.708015441895,2446
11943.705320358276,2432
11944.70238685608,2426
11945.69993019104,2426
11946.696996688843,2478
11947.694301605225,2482
11948.691606521606,2480
11949.689149856567,2484
11950.686693191528,2480
11951.683759689331,2454
11952.681064605713,2478
11953.678369522095,2428
11954.675674438477,2406
11955.672979354858,2426
11956.69960975647,2448
11957.69739151001,2422
11958.694696426392,2454
11959.692001342773,2486
11960.69049835205,2526
11961.69137954712,2510
11962.684154510498,2494
11963.68145942688,2462
11964.681386947632,2422
11965.676546096802,2478
11966.673612594604,2490
11967.670679092407,2482
11968.638896942139,2482
11969.66552734375,2486
11970.667362213135,2502
11971.662282943726,2514
11972.628116607666,2522
11973.626852035522,2504
11974.653482437134,2490
11975.6498336792,2442
11976.646661758423,2450
11977.651357650757,2456
11978.641986846924,2502
11979.639291763306,2490
11980.64374923706,2506
11981.633186340332,2508
11982.630729675293,2572
11983.628988265991,2470
11984.626293182373,2512
11985.59546470642,2542
11986.6201877594,2504
11987.621784210205,2478
11988.622188568115,2476
11989.612579345703,2484
11990.581274032593,2506
11991.606712341309,2510
11992.604970932007,2514
11993.602991104126,2474
11994.598627090454,2488
11995.595932006836,2510
11996.593713760376,2526
11997.59817123413,2538
11998.58832359314,2492
11999.585390090942,2502
12000.58388710022,2452
12001.579284667969,2474
12002.576351165771,2482
12003.576517105103,2510
12004.570722579956,2474
12005.567789077759,2480
12006.56533241272,2486
12007.563352584839,2518
12008.56065750122,2462
12009.566307067871,2512
12010.528087615967,2510
12011.553287506104,2474
12012.550354003906,2470
12013.548135757446,2446
12014.545202255249,2426
12015.542984008789,2454
12016.539573669434,2490
12018.507719039917,2482
12018.507719039917,2490
12019.502878189087,2510
12020.49994468689,2544
12021.497249603271,2498
12022.494554519653,2462
12023.491859436035,2458
12024.488925933838,2470
12025.48623085022,2456
12026.48377418518,2472
12027.481079101562,2462
12028.478384017944,2490
12029.475927352905,2462
12030.473232269287,2506
12031.47029876709,2512
12032.467603683472,2546
12033.467531204224,2504
12034.464359283447,2522
12035.46142578125,2500
12036.458730697632,2458
12037.456035614014,2426
12038.453578948975,2450
12039.451122283936,2486
12040.446758270264,2488
12041.443824768066,2482
12042.44089126587,2466
12043.43843460083,2484
12044.435739517212,2520
12045.433044433594,2486
12046.430349349976,2480
12047.427654266357,2478
12048.42495918274,2454
12049.422264099121,2454
12050.419807434082,2480
12051.417112350464,2474
12052.414417266846,2454
12053.411483764648,2426
12054.40902709961,2502
12055.406332015991,2510
12056.403636932373,2522
12057.400941848755,2490
12058.398246765137,2482
12060.3928565979,2494
12061.390399932861,2474
12062.387704849243,2454
12063.385009765625,2470
12064.382553100586,2478
12065.379858016968,2486
12066.37692451477,2482
12067.374229431152,2478
12068.371772766113,2474
12069.369077682495,2478
12070.366382598877,2486
12071.363925933838,2504
12072.36099243164,2470
12073.358297348022,2426
12074.355602264404,2450
12075.352907180786,2442
12076.350450515747,2474
12077.34751701355,2486
12078.34529876709,2474
12079.342365264893,2478
12080.339908599854,2502
12081.336975097656,2530
12082.334518432617,2550
12083.332300186157,2486
12084.358930587769,2476
12085.356950759888,2454
12086.353302001953,2472
12087.350606918335,2478
12088.347911834717,2458
12089.34497833252,2482
12090.343236923218,2502
12091.341733932495,2514
12092.34356880188,2518
12093.333959579468,2486
12094.332933425903,2474
12095.330238342285,2458
12096.332788467407,2446
12097.327947616577,2432
12098.321437835693,2446
12099.318265914917,2446
12100.317001342773,2462
12101.313352584839,2526
12102.283000946045,2490
12103.308916091919,2478
12104.311466217041,2500
12105.302810668945,2486
12106.299877166748,2514
12107.304811477661,2518
12108.294486999512,2478
12109.291791915894,2450
12110.260963439941,2462
12111.279010772705,2506
12112.257480621338,2528
12113.281965255737,2542
12114.278316497803,2548
12115.275859832764,2546
12116.273164749146,2578
12117.270708084106,2606
12118.268489837646,2590
12119.26555633545,2578
12120.262622833252,2570
12121.259689331055,2546
12122.256994247437,2526
12123.255252838135,2546
12124.252080917358,2574
12125.256538391113,2578
12126.246929168701,2542
12127.21586227417,2546
12128.240823745728,2582
12129.242658615112,2558
12130.236148834229,2550
12131.23893737793,2570
12132.230758666992,2538
12133.227586746216,2510
12134.225130081177,2484
12135.22219657898,2482
12136.222124099731,2486
12137.21752166748,2490
12138.214588165283,2490
12139.211893081665,2490
12140.208959579468,2458
12141.206741333008,2470
12142.20404624939,2470
12143.201351165771,2486
12144.198656082153,2482
12145.195722579956,2470
12146.193265914917,2482
12147.19009399414,2460
12148.188352584839,2442
12149.185180664062,2422
12150.182247161865,2418
12151.150941848755,2454
12152.149200439453,2424
12153.175115585327,2398
12154.175758361816,2422
12155.169248580933,2450
12156.167268753052,2446
12157.163619995117,2442
12158.162117004395,2446
12159.15822982788,2430
12160.15601158142,2422
12161.124467849731,2422
12162.150621414185,2418
12163.147687911987,2388
12164.146184921265,2346
12165.142297744751,2366
12166.139602661133,2390
12167.144775390625,2398
12168.134927749634,2410
12169.102907180786,2414
12170.09973526001,2456
12171.09727859497,2466
12172.094345092773,2474
12173.093557357788,2524
12174.09086227417,2538
12175.087928771973,2522
12176.085233688354,2570
12177.082538604736,2574
12178.080081939697,2586
12179.07738685608,2526
12180.074691772461,2558
12181.072235107422,2544
12182.069778442383,2546
12183.066606521606,2526
12184.06367301941,2542
12185.06145477295,2552
12186.058759689331,2558
12187.055826187134,2560
12188.053607940674,2536
12189.050912857056,2480
12190.047979354858,2476
12191.04552268982,2460
12192.042589187622,2410
12193.040370941162,2394
12194.037199020386,2342
12195.034503936768,2318
12196.03180885315,2288
12197.02935218811,2352
12198.026657104492,2398
12199.024200439453,2414
12200.021266937256,2416
12201.019048690796,2450
12202.024936676025,2446
12203.017950057983,2396
12204.010963439941,2422
12205.021619796753,2410
12206.005573272705,2450
12207.002639770508,2450
12207.99994468689,2424
12208.99748802185,2460
12209.994792938232,2502
12210.991859436035,2524
12211.989164352417,2522
12212.987184524536,2518
12213.98401260376,2514
12214.981317520142,2490
12215.978860855103,2542
12216.975927352905,2498
12217.973232269287,2518
12219.679117202759,2494
12219.96808052063,2542
12220.991849899292,2498
12222.135305404663,2546
12223.162174224854,2542
12224.159955978394,2574
12225.130558013916,2542
12226.153373718262,2538
12227.124214172363,2538
12228.120565414429,2518
12229.11787033081,2492
12230.115413665771,2448
12231.112718582153,2388
12232.110023498535,2356
12233.107089996338,2382
12234.106302261353,2382
12235.103130340576,2410
12236.101150512695,2406
12237.09774017334,2406
12238.0952835083,2456
12239.092826843262,2430
12240.090370178223,2448
12241.088151931763,2454
12242.084980010986,2514
12243.082284927368,2514
12244.07958984375,2538
12245.076894760132,2536
12246.074438095093,2536
12247.071504592896,2580
12248.068809509277,2586
12249.066352844238,2582
12250.091791152954,2574
12251.092195510864,2524
12252.073526382446,2534
12253.083229064941,2540
12254.081726074219,2554
12255.078554153442,2542
12256.075143814087,2526
12257.072448730469,2480
12258.06999206543,2506
12259.06753540039,2488
12260.064840316772,2470
12261.062383651733,2480
12262.059450149536,2428
12263.05627822876,2366
12264.0540599823,2426
12265.029191970825,2412
12266.021013259888,2440
12267.01831817627,2448
12268.015623092651,2396
12269.013166427612,2422
12270.010471343994,2404
12271.008014678955,2654
12272.004842758179,2456
12273.006916046143,2502
12273.999691009521,2474
12274.996995925903,2498
12275.994300842285,2512
12276.994466781616,2538
12277.989149093628,2526
12278.98621559143,2546
12279.982805252075,2554
12280.982494354248,2520
12282.006740570068,2558
12283.008098602295,2524
12284.001111984253,2586
12285.002946853638,2550
12285.995483398438,2510
12286.992311477661,2490
12287.99033164978,2500
12288.987636566162,2454
12289.984703063965,2500
12290.982246398926,2480
12291.979312896729,2470
12292.976379394531,2504
12293.974161148071,2532
12294.97241973877,2526
12295.97282409668,2518
12296.936988830566,2526
12297.93405532837,2520
12298.931121826172,2514
12299.928665161133,2510
12300.925970077515,2492
12301.923274993896,2482
12302.920818328857,2492
12303.91812324524,2476
12304.915428161621,2522
12305.912494659424,2524
12306.910037994385,2522
12307.907342910767,2510
12308.90440940857,2498
12309.90219116211,2536
12310.899257659912,2520
12311.896800994873,2488
12312.893867492676,2424
12313.891410827637,2486
12314.88847732544,2492
12315.8860206604,2488
12316.883087158203,2486
12317.880630493164,2448
12318.877935409546,2490
12319.875240325928,2488
12320.872783660889,2524
12321.87008857727,2494
12322.867155075073,2518
12323.864459991455,2494
12324.862003326416,2490
12325.859308242798,2512
12326.858520507812,2504
12327.85415649414,2544
12328.851461410522,2534
12329.848527908325,2552
12330.845832824707,2546
12331.843376159668,2558
12332.84068107605,2570
12333.837747573853,2580
12334.835290908813,2534
12335.832595825195,2552
12336.829900741577,2554
12337.827444076538,2522
12338.82451057434,2550
12339.821815490723,2538
12340.819358825684,2534
12341.816902160645,2476
12342.813968658447,2486
12343.81127357483,2482
12344.808340072632,2496
12345.805883407593,2488
12346.803188323975,2474
12347.800493240356,2472
12348.798036575317,2454
12349.7953414917,2450
12350.792407989502,2458
12351.790189743042,2494
12352.787256240845,2510
12353.784561157227,2502
12354.781866073608,2522
12355.77917098999,2518
12356.776475906372,2506
12357.774019241333,2486
12358.771085739136,2474
12359.768629074097,2512
12360.765933990479,2486
12361.76323890686,2494
12362.760782241821,2514
12363.758087158203,2534
12364.755153656006,2514
12365.752458572388,2554
12366.750001907349,2578
12367.747068405151,2542
12368.744373321533,2490
12369.742155075073,2518
12370.739221572876,2666
12371.736764907837,2540
12372.734069824219,2484
12373.733520507812,2494
12374.730587005615,2518
12375.727653503418,2502
12376.7249584198,2574
12377.722263336182,2522
12378.719806671143,2504
12379.716873168945,2520
12380.714416503906,2516
12381.711721420288,2472
12382.70902633667,2510
12383.706092834473,2482
12384.703397750854,2446
12385.701179504395,2446
12386.698246002197,2472
12387.69555091858,2446
12388.720035552979,2446
12389.717102050781,2450
12390.714406967163,2458
12391.712188720703,2470
12392.709016799927,2474
12393.678665161133,2488
12394.70386505127,2458
12395.702123641968,2454
12396.698474884033,2448
12397.696018218994,2422
12398.69499206543,2448
12399.6901512146,2486
12400.688409805298,2516
12401.687383651733,2526
12402.682304382324,2522
12403.652429580688,2542
12404.677391052246,2518
12405.674457550049,2488
12406.671524047852,2492
12407.670497894287,2474
12408.666372299194,2484
12409.663677215576,2502
12410.660743713379,2502
12411.659479141235,2462
12412.659406661987,2526
12413.641214370728,2518
12414.650440216064,2520
12415.647745132446,2494
12416.645050048828,2522
12417.642593383789,2522
12418.627500534058,2512
12419.636726379395,2506
12420.634031295776,2480
12421.605348587036,2512
12422.632932662964,2488
12423.626184463501,2486
12424.595594406128,2494
12425.59266090393,2512
12426.589965820312,2534
12427.587270736694,2498
12428.584337234497,2498
12429.582118988037,2512
12430.57918548584,2502
12431.576490402222,2510
12432.574033737183,2488
12433.571100234985,2454
12435.089111328125,2470
12436.094522476196,2502
12437.093734741211,2518
12437.604427337646,2554
12438.60387802124,2554
12439.600944519043,2586
12440.598487854004,2614
12441.595554351807,2582
12442.592859268188,2546
12443.59016418457,2510
12444.587707519531,2510
12445.5885887146,2526
12446.582555770874,2536
12447.591066360474,2542
12448.57668876648,2546
12449.604749679565,2514
12450.601577758789,2522
12451.59912109375,2536
12452.59690284729,2514
12453.594446182251,2502
12454.591274261475,2490
12455.588579177856,2492
12456.586837768555,2498
12457.5834274292,2538
12458.580255508423,2502
12459.576845169067,2502
12460.57415008545,2518
12461.544275283813,2534
12462.568759918213,2522
12463.565111160278,2542
12464.563369750977,2538
12465.561389923096,2522
12466.559410095215,2516
12467.559337615967,2518
12468.55115890503,2488
12469.549417495728,2514
12470.54648399353,2510
12471.518516540527,2514
12472.54204750061,2522
12473.539352416992,2546
12474.537134170532,2538
12475.534677505493,2526
12476.531505584717,2550
12477.500915527344,2514
12478.52611541748,2490
12479.496955871582,2480
12480.494499206543,2514
12481.519937515259,2522
12482.515573501587,2534
12483.513593673706,2520
12484.509944915771,2558
12485.481023788452,2608
12486.51146888733,2586
12487.473964691162,2596
12488.471031188965,2578
12489.468336105347,2546
12490.466833114624,2554
12491.46318435669,2554
12492.489099502563,2526
12493.486642837524,2518
12494.483709335327,2514
12495.453357696533,2518
12496.450662612915,2522
12497.447729110718,2558
12499.44257736206,2542
12499.44257736206,2536
12500.439643859863,2482
12501.437902450562,2522
12502.434968948364,2514
12503.431797027588,2510
12504.42910194397,2518
12505.426168441772,2502
12506.423473358154,2462
12507.421016693115,2490
12508.418321609497,2472
12510.417461395264,2466
12510.417461395264,2504
12511.410474777222,2534
12512.408018112183,2492
12513.405084609985,2492
12514.402389526367,2502
12515.399694442749,2484
12516.39699935913,2484
12517.394065856934,2484
12519.388914108276,2458
12520.386219024658,2480
12521.38376235962,2518
12522.381067276001,2514
12523.378133773804,2526
12524.375438690186,2570
12525.37226676941,2556
12526.368856430054,2574
12527.366161346436,2526
12528.363227844238,2504
12529.36053276062,2518
12530.358076095581,2546
12531.355381011963,2570
12532.352685928345,2550
12533.350229263306,2574
12534.347295761108,2542
12535.34460067749,2510
12536.341905593872,2518
12537.339448928833,2558
12538.336753845215,2512
12539.334058761597,2490
12540.331363677979,2482
12541.329622268677,2494
12542.35577583313,2490
12543.351650238037,2544
12544.35396194458,2522
12545.346021652222,2534
12546.343564987183,2550
12547.340869903564,2570
12548.342227935791,2574
12549.335956573486,2554
12550.333023071289,2520
12551.33056640625,2510
12552.329063415527,2522
12553.329467773438,2500
12554.321765899658,2502
12555.31930923462,2512
12556.316614151001,2502
12557.286977767944,2550
12558.312177658081,2558
12559.318542480469,2534
12560.306549072266,2526
12561.3112449646,2580
12562.323093414307,2546
12563.323974609375,2504
12564.32318687439,2472
12565.293073654175,2486
12566.290140151978,2508
12567.28720664978,2512
12568.285465240479,2490
12569.282293319702,2478
12570.278644561768,2474
12571.250677108765,2522
12572.27373123169,2586
12573.270797729492,2540
12574.267864227295,2504
12575.265169143677,2502
12576.26223564148,2462
12577.260494232178,2478
12578.258037567139,2492
12579.25534248352,2490
12580.251932144165,2506
12581.222295761108,2524
12582.246541976929,2506
12583.24384689331,2542
12584.241390228271,2550
12585.238695144653,2544
12586.236238479614,2538
12587.233543395996,2526
12588.230848312378,2478
12589.228630065918,2458
12590.226173400879,2458
12591.228485107422,2490
12592.220783233643,2538
12593.218803405762,2524
12594.215154647827,2514
12595.212459564209,2542
12596.20976448059,2534
12597.206592559814,2558
12598.208665847778,2532
12599.201202392578,2514
12600.198745727539,2504
12601.202964782715,2494
12602.16736793518,2478
12603.165626525879,2486
12604.161977767944,2526
12605.159282684326,2526
12606.156349182129,2554
12607.15365409851,2590
12608.150959014893,2556
12609.148740768433,2554
12610.174417495728,2558
12611.143350601196,2546
12612.140655517578,2570
12613.138437271118,2544
12614.135265350342,2514
12615.132808685303,2520
12616.130113601685,2504
12617.15579032898,2570
12618.157148361206,2558
12619.12226676941,2576
12620.147228240967,2538
12621.145486831665,2574
12622.142314910889,2542
12623.13961982727,2538
12624.136924743652,2510
12625.133752822876,2512
12626.131534576416,2510
12627.100944519043,2526
12628.126382827759,2542
12629.12392616272,2542
12630.120515823364,2558
12631.118059158325,2526
12632.115602493286,2588
12633.113861083984,2610
12634.110450744629,2604
12635.108947753906,2582
12636.105060577393,2554
12637.101888656616,2506
12638.099431991577,2536
12639.096736907959,2518
12640.09404182434,2522
12641.09182357788,2574
12642.088890075684,2584
12643.086433410645,2670
12644.084453582764,2586
12645.08056640625,2554
12646.07834815979,2526
12647.075414657593,2538
12648.072957992554,2510
12649.04236793518,2474
12650.067806243896,2472
12651.065349578857,2502
12652.03309059143,2530
12653.059244155884,2542
12654.057264328003,2534
12655.053853988647,2574
12656.051397323608,2526
12657.04894065857,2554
12658.053398132324,2554
12659.048795700073,2556
12660.06875038147,2538
12661.03982925415,2526
12662.054538726807,2510
12663.004159927368,2542
12664.031028747559,2528
12665.042161941528,2550
12666.024923324585,2586
12667.021751403809,2578
12668.01929473877,2576
12669.017314910889,2546
12670.048236846924,2570
12671.014547348022,2542
12672.008752822876,2514
12673.006057739258,2486
12674.00312423706,2486
12675.0009059906,2454
12675.998449325562,2474
12676.969051361084,2504
12677.993297576904,2552
12678.990125656128,2536
12679.987668991089,2554
12680.955648422241,2558
12681.952714920044,2554
12682.950258255005,2546
12683.947324752808,2538
12684.94462966919,2514
12685.941934585571,2510
12686.939239501953,2514
12687.936782836914,2488
12688.933849334717,2568
12689.931154251099,2554
12690.92869758606,2542
12691.926002502441,2536
12692.923069000244,2574
12693.920612335205,2550
12694.918155670166,2542
12695.915222167969,2532
12696.91252708435,2510
12697.909832000732,2502
12698.907136917114,2470
12699.904680252075,2490
12700.902223587036,2510
12701.899290084839,2498
12702.89659500122,2548
12703.893661499023,2558
12704.891204833984,2542
12705.888509750366,2526
12706.885814666748,2520
12707.883358001709,2518
12708.88066291809,2520
12709.877967834473,2490
12710.875272750854,2492
12711.872816085815,2516
12712.869882583618,2506
12713.8671875,2598
12714.864730834961,2526
12715.861797332764,2538
12716.859102249146,2538
12717.856407165527,2558
12718.853950500488,2510
12719.85125541687,2522
12720.848560333252,2504
12721.846103668213,2484
12722.843408584595,2502
12723.840475082397,2510
12724.83777999878,2546
12725.847244262695,2528
12726.832628250122,2574
12727.829933166504,2526
12728.827476501465,2554
12729.824542999268,2524
12730.82184791565,2454
12731.81962966919,2518
12732.816696166992,2534
12733.813762664795,2514
12734.811067581177,2522
12735.808610916138,2516
12736.80591583252,2548
12737.803220748901,2578
12738.800525665283,2536
12739.798069000244,2546
12740.824460983276,2510
12741.8212890625,2520
12742.818832397461,2526
12743.788480758667,2514
12744.812965393066,2518
12745.814800262451,2522
12746.808528900146,2486
12747.805118560791,2494
12748.801946640015,2514
12749.799728393555,2538
12750.79894065857,2574
12751.794576644897,2576
12752.79188156128,2584
12753.789186477661,2542
12754.786491394043,2494
12755.783796310425,2510
12756.784200668335,2542
12757.778406143188,2534
12758.775234222412,2518
12759.772777557373,2534
12760.770082473755,2534
12761.741638183594,2552
12762.764692306519,2570
12763.76223564148,2582
12764.759540557861,2550
12765.757083892822,2532
12766.754865646362,2534
12767.752408981323,2484
12768.72205734253,2510
12769.747495651245,2518
12770.743608474731,2522
12771.742105484009,2520
12772.71032333374,2522
12773.707151412964,2538
12774.704694747925,2546
12775.701761245728,2616
12776.69906616211,2554
12777.69660949707,2548
12778.693914413452,2502
12779.691219329834,2542
12780.688524246216,2522
12781.686067581177,2522
12782.683372497559,2510
12783.680438995361,2536
12784.677982330322,2526
12785.684823989868,2546
12786.672592163086,2542
12787.669897079468,2572
12788.66720199585,2526
12789.664506912231,2550
12790.661811828613,2510
12791.659355163574,2518
12792.656660079956,2526
12793.653964996338,2520
12794.651508331299,2502
12795.648574829102,2520
12796.645879745483,2536
12797.643184661865,2518
12798.640727996826,2518
12799.637794494629,2526
12800.63509941101,2576
12801.63288116455,2508
12802.630186080933,2510
12803.627490997314,2486
12804.624795913696,2502
12805.622339248657,2508
12806.61940574646,2536
12807.616710662842,2514
12808.614253997803,2494
12809.611558914185,2534
12810.608863830566,2558
12811.606645584106,2554
12812.60371208191,2550
12813.601016998291,2546
12814.598083496094,2514
12815.595626831055,2522
12816.592693328857,2550
12817.58999824524,2544
12818.591833114624,2544
12819.613933563232,2542
12820.582628250122,2538
12821.609020233154,2556
12822.606563568115,2546
12823.603391647339,2590
12824.601411819458,2550
12825.598239898682,2598
12826.595067977905,2580
12827.600479125977,2570
12828.592538833618,2534
12829.591989517212,2520
12830.590724945068,2550
12831.582307815552,2516
12832.579135894775,2542
12833.548784255981,2546
12835.544347763062,2584
12835.544347763062,2574
12836.569786071777,2570
12837.53776550293,2542
12838.535070419312,2524
12839.532613754272,2506
12840.564966201782,2490
12841.559410095215,2506
12842.552661895752,2520
12843.550682067871,2526
12844.547510147095,2542
12845.545053482056,2554
12846.542119979858,2538
12847.539901733398,2558
12848.53744506836,2572
12849.533796310425,2550
12850.532531738281,2512
12851.528644561768,2512
12852.529764175415,2508
12853.52349281311,2518
12854.520559310913,2522
12855.520248413086,2534
12856.51683807373,2522
12857.512712478638,2518
12858.510494232178,2526
12859.508514404297,2570
12860.504627227783,2546
12861.505270004272,2530
12862.500190734863,2538
12863.497018814087,2482
12864.494562149048,2474
12865.491151809692,2514
12866.488456726074,2522
12867.486476898193,2534
12868.483543395996,2512
12869.480848312378,2540
12870.478391647339,2518
12871.476888656616,2524
12872.47920036316,2536
12873.470067977905,2576
12874.467849731445,2534
12875.465393066406,2502
12876.463174819946,2506
12877.459526062012,2486
12878.456592559814,2506
12879.459857940674,2508
12880.451679229736,2550
12881.450176239014,2540
12882.4462890625,2550
12883.44430923462,2572
12885.410070419312,2546
12885.410070419312,2570
12886.435508728027,2554
12887.433528900146,2546
12888.43035697937,2510
12889.427900314331,2506
12890.424013137817,2518
12891.422271728516,2546
12892.420291900635,2526
12894.41466331482,2554
12895.411491394043,2510
12895.411491394043,2502
12897.407054901123,2538
12898.403644561768,2546
12899.40094947815,2522
12900.399446487427,2526
12901.368618011475,2504
12902.392625808716,2468
12903.390169143677,2482
12904.387474060059,2524
12905.384540557861,2546
12906.382322311401,2576
12907.380104064941,2546
12908.377170562744,2534
12909.374952316284,2570
12910.356998443604,2522
12911.36884689331,2542
12912.364959716797,2538
12913.3620262146,2506
12914.35956954956,2510
12915.355920791626,2534
12916.353225708008,2538
12917.350769042969,2570
12918.348550796509,2558
12919.345617294312,2526
12920.34935951233,2554
12921.342611312866,2526
12922.347784042358,2526
12923.341035842896,2534
12924.338579177856,2510
12925.329446792603,2492
12926.299571990967,2502
12927.326202392578,2488
12928.324460983276,2514
12929.320335388184,2518
12930.318355560303,2526
12931.315660476685,2550
12932.311296463013,2512
12933.308362960815,2490
12934.307336807251,2516
12935.275316238403,2522
12936.300992965698,2514
12937.302589416504,2506
12938.295602798462,2500
12939.293384552002,2494
12940.290212631226,2526
12941.288709640503,2546
12942.28458404541,2518
12943.282127380371,2514
12944.279193878174,2516
12945.277452468872,2534
12946.274280548096,2534
12947.271585464478,2518
12948.270320892334,2514
12949.265956878662,2482
12950.263023376465,2508
12951.262950897217,2558
12952.258586883545,2506
12953.255891799927,2534
12954.25295829773,2510
12955.253839492798,2514
12956.247568130493,2518
12957.244873046875,2510
12958.242654800415,2516
12959.23924446106,2490
12960.2370262146,2540
12961.237907409668,2486
12962.236881256104,2468
12963.229417800903,2494
12964.226961135864,2512
12965.223789215088,2534
12966.22085571289,2558
12967.218399047852,2570
12968.214988708496,2538
12969.213247299194,2554
12970.21484375,2526
12971.208810806274,2586
12972.203969955444,2534
12973.201513290405,2532
12974.199056625366,2502
12975.204944610596,2514
12976.199865341187,2486
12977.164268493652,2574
12978.198528289795,2586
12979.192018508911,2552
12980.183124542236,2546
12981.184005737305,2514
12982.179164886475,2544
12983.176231384277,2518
12984.174728393555,2534
12985.171556472778,2538
12986.168622970581,2538
12987.164974212646,2510
12988.136053085327,2538
12989.132642745972,2550
12990.130424499512,2546
12991.127490997314,2574
12992.125034332275,2514
12993.121862411499,2526
12994.11916732788,2538
12995.116710662842,2514
12996.114253997803,2510
12997.111558914185,2502
12998.108863830566,2506
12999.10593032837,2520
13000.10347366333,2536
13001.100778579712,2534
13002.098321914673,2522
13003.12328338623,2518
13004.12106513977,2540
13005.117893218994,2514
13006.116151809692,2494
13007.112741470337,2478
13008.110046386719,2502
13009.106874465942,2510
13010.10513305664,2502
13011.102199554443,2528
13012.099742889404,2518
13013.096809387207,2542
13014.094114303589,2516
13015.091180801392,2538
13016.09206199646,2542
13017.091512680054,2544
13018.083572387695,2518
13019.081354141235,2534
13020.082235336304,2526
13021.075248718262,2538
13022.073030471802,2454
13023.070096969604,2508
13024.067401885986,2506
13025.06947517395,2524
13026.06177330017,2546
13027.032613754272,2546
13028.056621551514,2550
13029.053926467896,2520
13030.051231384277,2494
13031.048774719238,2494
13032.046794891357,2508
13033.043622970581,2510
13034.043788909912,2490
13035.049676895142,2494
13036.035537719727,2510
13037.033319473267,2510
13038.045883178711,2544
13039.027452468872,2550
13040.024995803833,2552
13041.022300720215,2550
13042.019367218018,2512
13043.054103851318,2510
13044.013977050781,2522
13044.983386993408,2502
13046.009063720703,2518
13047.005414962769,2478
13048.00295829773,2482
13049.00074005127,2542
13049.997568130493,2518
13050.995111465454,2574
13051.99408531189,2522
13052.990674972534,2534
13053.987503051758,2526
13054.991960525513,2502
13055.988311767578,2520
13056.979417800903,2510
13057.979106903076,2526
13058.974027633667,2480
13059.971332550049,2502
13060.96887588501,2518
13061.96641921997,2534
13062.963485717773,2524
13063.961267471313,2578
13064.957857131958,2534
13065.955400466919,2518
13066.9527053833,2528
13067.949771881104,2520
13068.947553634644,2526
13069.945096969604,2522
13070.942878723145,2456
13071.91252708435,2514
13072.936534881592,2512
13073.93503189087,2526
13074.933290481567,2546
13075.928688049316,2538
13076.933860778809,2502
13077.924251556396,2478
13078.9213180542,2502
13079.91099357605,2518
13080.918073654175,2514
13081.912755966187,2518
13082.911014556885,2548
13083.90736579895,2486
13084.904670715332,2508
13085.903644561768,2490
13086.90071105957,2526
13087.899208068848,2522
13088.90151977539,2518
13089.892864227295,2526
13090.888500213623,2494
13091.857194900513,2482
13092.883348464966,2514
13093.881845474243,2490
13094.879627227783,2456
13095.87574005127,2492
13096.87352180481,2502
13097.870111465454,2514
13098.867893218994,2514
13099.86686706543,2518
13100.83293914795,2512
13101.859331130981,2518
13102.856636047363,2502
13103.854417800903,2504
13104.851961135864,2500
13105.848789215088,2510
13106.846570968628,2506
13107.843160629272,2486
13108.840465545654,2490
13109.838247299194,2532
13110.836267471313,2538
13111.834287643433,2518
13112.83016204834,2550
13113.834142684937,2518
13114.824533462524,2510
13115.822076797485,2512
13116.819858551025,2510
13117.787837982178,2488
13118.786096572876,2506
13119.811296463013,2508
13120.80979347229,2516
13121.806383132935,2550
13122.808933258057,2558
13123.80075454712,2546
13124.79829788208,2546
13125.795364379883,2546
13126.765012741089,2510
13127.762079238892,2520
13128.759145736694,2494
13129.756689071655,2490
13130.753755569458,2506
13131.752252578735,2540
13132.749080657959,2506
13133.745431900024,2554
13134.742736816406,2584
13135.740756988525,2602
13136.737585067749,2544
13137.73488998413,2546
13138.732194900513,2504
13139.729976654053,2502
13140.726804733276,2514
13141.7236328125,2512
13142.722129821777,2522
13143.726348876953,2518
13144.716024398804,2528
13145.713567733765,2536
13146.710872650146,2534
13147.708177566528,2560
13148.70548248291,2516
13149.70326423645,2522
13150.700092315674,2522
13151.697874069214,2486
13152.695178985596,2510
13153.692245483398,2510
13154.68978881836,2502
13155.686855316162,2494
13156.683921813965,2522
13157.682180404663,2534
13158.679008483887,2546
13159.676313400269,2558
13160.674571990967,2512
13161.672115325928,2538
13162.668704986572,2546
13163.665294647217,2522
13164.662837982178,2502
13165.66014289856,2514
13166.657447814941,2516
13167.654991149902,2506
13168.652772903442,2502
13169.649600982666,2546
13170.647621154785,2538
13171.644687652588,2506
13172.642230987549,2548
13173.638105392456,2526
13174.635171890259,2510
13175.63247680664,2506
13176.629781723022,2482
13177.627086639404,2510
13178.624629974365,2520
13179.621696472168,2542
13180.61900138855,2526
13181.61654472351,2514
13182.613849639893,2554
13183.611154556274,2528
13184.608459472656,2558
13185.605525970459,2546
13186.603307723999,2538
13187.600374221802,2502
13188.626766204834,2502
13189.623594284058,2486
13190.621852874756,2514
13191.618204116821,2510
13192.58737564087,2542
13193.585872650146,2558
13194.581747055054,2544
13195.579051971436,2536
13196.576356887817,2574
13197.573900222778,2550
13198.570966720581,2534
13199.568271636963,2490
13200.565814971924,2494
13201.563119888306,2490
13202.560424804688,2526
13203.557968139648,2526
13204.55527305603,2534
13205.552339553833,2516
13206.549644470215,2526
13207.547187805176,2554
13208.544254302979,2522
13209.54155921936,2622
13210.5393409729,2536
13211.536645889282,2514
13212.533950805664,2502
13213.531017303467,2518
13214.528560638428,2506
13215.52562713623,2582
13216.522932052612,2542
13217.520713806152,2546
13218.517780303955,2550
13219.51675415039,2546
13220.541954040527,2578
13221.53902053833,2614
13222.53704071045,2522
13223.534345626831,2472
13224.531173706055,2482
13225.528478622437,2494
13226.533651351929,2510
13227.523565292358,2514
13228.520393371582,2522
13229.51889038086,2542
13230.515480041504,2550
13231.51683807373,2590
13232.510089874268,2554
13233.50715637207,2556
13234.504699707031,2578
13235.502243041992,2538
13236.498832702637,2484
13237.496376037598,2486
13238.494396209717,2514
13239.490985870361,2546
13240.489721298218,2544
13241.486072540283,2586
13242.483377456665,2542
13243.480920791626,2550
13244.479179382324,2554
13245.47529220581,2574
13246.472358703613,2556
13247.470378875732,2508
13248.467206954956,2488
13249.464511871338,2484
13250.462532043457,2492
13251.460075378418,2514
13252.428531646729,2550
13253.454685211182,2574
13254.451274871826,2534
13255.44810295105,2542
13256.447315216064,2552
13257.443904876709,2552
13258.440971374512,2554
13260.407209396362,2546
13260.407209396362,2514
13261.432647705078,2486
13262.42995262146,2538
13263.427019119263,2534
13265.422582626343,2546
13265.422582626343,2534
13266.419410705566,2588
13267.416715621948,2572
13269.412279129028,2538
13270.408630371094,2558
13271.405935287476,2552
13272.376298904419,2538
13273.401260375977,2542
13274.404287338257,2542
13275.395154953003,2474
13276.393413543701,2550
13277.390241622925,2554
13278.393268585205,2542
13279.384136199951,2550
13280.38215637207,2546
13281.352758407593,2534
13282.376766204834,2572
13283.374071121216,2556
13284.371137619019,2578
13285.341501235962,2526
13286.365985870361,2538
13287.369966506958,2544
13288.361549377441,2514
13289.365768432617,2574
13290.359497070312,2590
13291.353702545166,2586
13292.350053787231,2554
13293.347120285034,2542
13294.317722320557,2550
13295.341968536377,2570
13296.34404182434,2526
13297.33657836914,2540
13298.334121704102,2494
13299.331188201904,2510
13300.328969955444,2514
13301.325798034668,2538
13302.324056625366,2576
13303.32064628601,2546
13304.318189620972,2574
13305.31644821167,2574
13306.318998336792,2522
13307.310104370117,2522
13308.30693244934,2538
13309.30471420288,2536
13310.272693634033,2488
13311.270713806152,2500
13312.296867370605,2510
13313.29345703125,2544
13314.291000366211,2586
13315.288305282593,2588
13316.289186477661,2582
13317.283391952515,2524
13318.284511566162,2512
13319.278001785278,2486
13320.274591445923,2544
13321.272134780884,2518
13322.271823883057,2510
13323.267698287964,2502
13324.264526367188,2508
13325.262069702148,2526
13326.259136199951,2550
13327.256202697754,2594
13328.254461288452,2552
13329.252004623413,2554
13330.248355865479,2520
13331.246376037598,2548
13332.243204116821,2522
13333.240270614624,2538
13334.238290786743,2488
13335.235595703125,2478
13336.204051971436,2514
13337.22972869873,2546
13338.227272033691,2542
13339.224815368652,2550
13340.221881866455,2582
13341.190338134766,2550
13342.188835144043,2518
13343.214273452759,2518
13344.211101531982,2546
13345.208406448364,2542
13346.205711364746,2550
13347.203254699707,2518
13348.200559616089,2494
13349.198341369629,2526
13350.194931030273,2574
13351.19342803955,2574
13352.190256118774,2582
13353.187084197998,2558
13354.18438911438,2514
13355.183124542236,2552
13356.179237365723,2578
13357.176542282104,2542
13358.178615570068,2550
13359.171867370605,2518
13360.16845703125,2514
13361.165761947632,2538
13362.162828445435,2526
13363.160848617554,2580
13364.157915115356,2584
13365.156173706055,2550
13366.1527633667,2546
13367.149591445923,2522
13368.118286132812,2512
13369.115352630615,2520
13370.112180709839,2546
13371.109962463379,2538
13372.10726737976,2586
13373.104333877563,2518
13374.101877212524,2502
13375.099182128906,2552
13376.096248626709,2584
13377.09379196167,2586
13378.091096878052,2550
13379.088401794434,2526
13380.100011825562,2518
13381.083726882935,2502
13382.081270217896,2550
13383.078336715698,2506
13384.075164794922,2522
13385.072708129883,2538
13386.071920394897,2578
13387.067079544067,2570
13388.06414604187,2544
13389.061689376831,2516
13390.058994293213,2518
13391.056299209595,2478
13392.053842544556,2494
13393.051147460938,2490
13394.04821395874,2514
13395.045518875122,2546
13396.043300628662,2514
13397.040367126465,2520
13398.037672042847,2534
13399.034976959229,2570
13400.03228187561,2522
13401.029586791992,2578
13402.026891708374,2542
13403.053760528564,2506
13404.051542282104,2504
13405.050039291382,2538
13406.047821044922,2486
13407.045364379883,2546
13408.041000366211,2514
13409.037590026855,2514
13410.035848617554,2538
13411.038875579834,2554
13412.009954452515,2582
13413.027286529541,2556
13414.025068283081,2542
13415.022134780884,2490
13416.019201278687,2476
13417.042016983032,2502
13418.014287948608,2470
13419.01183128357,2518
13420.008659362793,2510
13421.013832092285,2486
13422.012329101562,2512
13423.000574111938,2538
13424.002647399902,2570
13424.995183944702,2522
13425.992250442505,2526
13426.961421966553,2518
13427.987098693848,2474
13428.984642028809,2478
13429.981708526611,2498
13430.979490280151,2506
13431.976556777954,2460
13434.32354927063,2536
13434.32354927063,2514
13435.44340133667,2506
13436.445236206055,2510
13436.445236206055,2542
13437.48140335083,2510
13438.510179519653,2534
13439.480066299438,2482
13440.50645828247,2474
13441.474199295044,2490
13442.471265792847,2486
13443.4974193573,2468
13444.498062133789,2512
13445.491313934326,2518
13446.488857269287,2524
13448.454141616821,2514
13448.454141616821,2538
13449.451208114624,2536
13450.477123260498,2514
13451.446294784546,2502
13452.471733093262,2466
13453.469038009644,2482
13454.466342926025,2506
13455.463647842407,2514
13456.461429595947,2534
13457.459211349487,2542
13458.455801010132,2528
13460.431575775146,2546
13460.431575775146,2510
13461.419820785522,2528
13462.445735931396,2518
13463.443517684937,2490
13464.439630508423,2502
13465.436935424805,2490
13466.434001922607,2526
13467.432022094727,2538
13468.429803848267,2526
13469.426393508911,2534
13470.423698425293,2538
13471.42219543457,2510
13472.41735458374,2534
13473.414897918701,2552
13474.411964416504,2506
13475.409984588623,2480
13476.407527923584,2498
13478.402137756348,2482
13478.402137756348,2506
13480.402946472168,2534
13481.395959854126,2546
13482.397556304932,2550
13483.395099639893,2542
13484.395742416382,2522
13485.357761383057,2526
13486.38105392456,2538
13487.378597259521,2500
13488.37685585022,2478
13489.373922348022,2462
13490.36955833435,2460
13491.369247436523,2470
13492.364883422852,2514
13493.361711502075,2502
13494.333982467651,2510
13495.35608291626,2518
13496.36721611023,2544
13497.350454330444,2526
13498.348474502563,2482
13499.344825744629,2490
13500.345945358276,2506
13501.315116882324,2486
13502.312421798706,2474
13503.337144851685,2512
13504.335165023804,2498
13505.332231521606,2516
13506.328582763672,2544
13507.326364517212,2568
13508.323669433594,2554
13509.32264328003,2554
13510.297536849976,2482
13511.31534576416,2554
13512.322664260864,2510
13513.320922851562,2514
13514.322757720947,2502
13515.306234359741,2510
13516.30711555481,2508
13517.306566238403,2558
13518.311023712158,2516
13519.29259300232,2554
13520.289182662964,2570
13521.288871765137,2502
13522.284030914307,2546
13523.281335830688,2546
13524.279117584229,2510
13525.282621383667,2482
13526.27968788147,2450
13527.272462844849,2474
13528.274059295654,2522
13529.274940490723,2516
13530.26294708252,2522
13531.261920928955,2522
13532.25827217102,2552
13533.25605392456,2516
13534.252882003784,2510
13535.250902175903,2506
13536.223649978638,2502
13537.21833229065,2502
13538.214921951294,2474
13539.211750030518,2470
13540.2090549469,2490
13541.20683670044,2538
13542.20461845398,2538
13543.201446533203,2534
13544.198989868164,2518
13545.196533203125,2514
13546.193599700928,2482
13547.191143035889,2518
13548.18844795227,2478
13549.185991287231,2486
13550.183534622192,2486
13551.181316375732,2526
13552.178144454956,2526
13553.175210952759,2526
13554.172992706299,2524
13555.170059204102,2536
13556.167364120483,2526
13557.164907455444,2506
13558.162212371826,2534
13559.159517288208,2508
13560.15658378601,2494
13561.154127120972,2480
13562.151432037354,2494
13563.148498535156,2518
13564.146518707275,2522
13565.143346786499,2494
13566.14065170288,2516
13567.137956619263,2538
13568.135499954224,2554
13569.132566452026,2514
13570.130109786987,2508
13571.127891540527,2494
13572.124719619751,2486
13573.122024536133,2482
13574.11789894104,2482
13575.115203857422,2470
13576.420783996582,2478
13576.420783996582,2494
13577.50940322876,2506
13578.508138656616,2512
13579.505443572998,2510
13580.50274848938,2476
13581.500053405762,2542
13582.497596740723,2458
13583.494663238525,2474
13584.491968154907,2470
13585.489511489868,2446
13586.48657798767,2454
13587.484121322632,2506
13588.481426239014,2490
13589.478731155396,2514
13590.476036071777,2518
13591.47334098816,2522
13592.47088432312,2534
13593.468189239502,2510
13594.465494155884,2516
13595.462560653687,2492
13596.460103988647,2486
13597.45740890503,2478
13598.454713821411,2482
13599.452257156372,2522
13600.449323654175,2522
13601.446628570557,2554
13602.443933486938,2516
13603.4414768219,2536
13605.436325073242,2534
13605.436325073242,2534
13606.433629989624,2502
13607.430696487427,2506
13608.428001403809,2518
13610.423564910889,2480
13610.423564910889,2480
13611.420392990112,2518
13612.417459487915,2538
13613.414764404297,2526
13614.412069320679,2518
13615.40961265564,2534
13616.406679153442,2526
13617.404222488403,2550
13618.401288986206,2544
13619.398832321167,2522
13620.396137237549,2516
13621.39344215393,2514
13622.390747070312,2522
13623.388051986694,2510
13625.382900238037,2550
13626.37996673584,2546
13627.3775100708,2554
13628.374814987183,2514
13629.372119903564,2502
13630.369186401367,2514
13631.366729736328,2492
13632.36403465271,2502
13633.361339569092,2484
13634.358882904053,2482
13635.356664657593,2462
13636.353492736816,2482
13637.351274490356,2478
13638.34810256958,2470
13639.345407485962,2490
13640.342712402344,2494
13641.340017318726,2490
13642.337560653687,2494
13643.33462715149,2492
13644.331932067871,2446
13645.329475402832,2446
13646.326780319214,2442
13647.324085235596,2458
13648.321390151978,2426
13649.31869506836,2490
13650.315999984741,2494
13651.34334564209,2478
13652.340412139893,2488
13653.337240219116,2482
13654.335021972656,2482
13655.333042144775,2476
13656.329870223999,2454
13657.326936721802,2462
13658.324480056763,2482
13659.327745437622,2482
13660.289764404297,2494
13661.316633224487,2494
13662.286520004272,2490
13663.313627243042,2486
13664.308547973633,2522
13665.305376052856,2516
13666.302680969238,2534
13667.271614074707,2490
13668.302297592163,2474
13669.296026229858,2486
13670.292615890503,2486
13671.290874481201,2470
13672.287225723267,2510
13673.28405380249,2532
13674.282312393188,2542
13675.278663635254,2546
13676.276206970215,2570
13677.274942398071,2554
13678.271055221558,2538
13679.268836975098,2500
13680.265426635742,2518
13681.262731552124,2518
13682.260036468506,2486
13683.257818222046,2522
13684.25464630127,2522
13685.253143310547,2498
13686.249732971191,2542
13687.246561050415,2570
13688.244581222534,2534
13689.242124557495,2538
13690.239191055298,2522
13691.20717048645,2490
13692.233800888062,2474
13693.230628967285,2474
13694.228410720825,2494
13695.225238800049,2514
13696.22278213501,2510
13697.221279144287,2502
13698.217630386353,2542
13699.21588897705,2522
13700.212001800537,2558
13701.180696487427,2536
13702.2066116333,2512
13703.203916549683,2494
13704.201459884644,2518
13705.169677734375,2502
13706.166744232178,2512
13707.16404914856,2512
13708.161354064941,2546
13709.158658981323,2570
13710.155963897705,2550
13711.153507232666,2554
13712.150812149048,2598
13713.14811706543,2584
13714.145183563232,2542
13715.142726898193,2598
13716.140031814575,2542
13717.137336730957,2506
13718.134880065918,2508
13719.1321849823,2510
13720.129251480103,2502
13721.126794815063,2546
13722.124099731445,2506
13723.121166229248,2522
13724.118709564209,2514
13725.11625289917,2548
13726.113319396973,2518
13727.110624313354,2490
13728.107929229736,2480
13729.105472564697,2482
13730.10277748108,2482
13731.100082397461,2500
13732.097625732422,2526
13733.094692230225,2504
13734.091997146606,2502
13735.089302062988,2526
13736.08684539795,2542
13737.084150314331,2546
13738.081216812134,2512
13739.078760147095,2502
13740.076065063477,2494
13741.073608398438,2474
13742.074728012085,2470
13743.080139160156,2474
13744.065523147583,2518
13745.062589645386,2514
13746.060132980347,2518
13747.057437896729,2526
13748.05474281311,2506
13749.052047729492,2482
13750.049591064453,2514
13751.046657562256,2470
13752.043962478638,2450
13753.054141998291,2472
13754.03881072998,2494
13755.036115646362,2506
13756.033182144165,2522
13757.030725479126,2490
13758.028030395508,2506
13759.025812149048,2514
13760.02287864685,2534
13761.020183563232,2598
13762.017250061035,2514
13763.014554977417,2502
13764.012098312378,2474
13765.00940322876,2502
13766.006469726562,2504
13767.004489898682,2526
13768.001317977905,2526
13768.998622894287,2542
13769.995927810669,2518
13770.99347114563,2542
13771.990776062012,2574
13772.988080978394,2490
13773.985385894775,2526
13774.982690811157,2476
13775.979995727539,2480
13776.979446411133,2458
13777.974843978882,2490
13778.971910476685,2486
13779.969215393066,2488
13780.966997146606,2508
13781.96406364441,2526
13782.961368560791,2526
13783.958673477173,2540
13784.956216812134,2552
13785.953283309937,2550
13786.950588226318,2534
13787.94813156128,2492
13788.945436477661,2478
13789.97254371643,2504
13790.942668914795,2518
13791.967153549194,2510
13792.965650558472,2550
13793.961763381958,2524
13794.95906829834,2570
13795.956134796143,2588
13796.95439338684,2586
13797.95241355896,2554
13798.955202102661,2502
13799.946784973145,2478
13800.944089889526,2504
13801.932573318481,2478
13802.93869972229,2502
13803.935766220093,2506
13804.933309555054,2538
13805.930376052856,2544
13806.928157806396,2554
13807.924270629883,2546
13808.922529220581,2528
13809.919118881226,2542
13810.916662216187,2538
13811.886548995972,2522
13812.910795211792,2488
13813.90929222107,2502
13814.905643463135,2486
13815.90461730957,2538
13816.900253295898,2514
13817.898273468018,2514
13818.896055221558,2522
13819.89598274231,2556
13820.863008499146,2542
13821.859359741211,2506
13822.857141494751,2502
13823.853969573975,2482
13824.851512908936,2506
13825.855255126953,2484
13826.8461227417,2518
13827.84366607666,2478
13828.840970993042,2522
13829.838275909424,2506
13830.835342407227,2514
13831.832885742188,2510
13832.830429077148,2534
13833.827257156372,2548
13834.852457046509,2506
13835.84976196289,2480
13836.846828460693,2478
13837.844133377075,2500
13838.841676712036,2518
13839.839220046997,2540
13840.83604812622,2518
13841.804504394531,2550
13842.830896377563,2538
13843.828439712524,2554
13844.832181930542,2574
13845.823287963867,2544
13846.819877624512,2506
13847.817420959473,2516
13848.814964294434,2474
13849.812269210815,2494
13850.810766220093,2522
13851.807832717896,2538
13852.804183959961,2554
13853.801250457764,2558
13854.798316955566,2550
13855.796337127686,2534
13856.799125671387,2518
13857.79070854187,2512
13858.787775039673,2512
13859.785318374634,2508
13860.782623291016,2510
13861.78183555603,2494
13862.777948379517,2484
13863.774538040161,2526
13864.772081375122,2522
13865.769624710083,2518
13866.767644882202,2510
13867.764234542847,2466
13868.733406066895,2494
13869.758605957031,2488
13870.756387710571,2478
13871.753454208374,2458
13872.750759124756,2446
13873.748540878296,2444
13874.745607376099,2458
13875.74315071106,2482
13876.7409324646,2486
13877.738237380981,2506
13878.734827041626,2486
13879.732131958008,2510
13880.731105804443,2542
13881.728410720825,2538
13882.724285125732,2518
13883.721113204956,2518
13884.718894958496,2502
13885.716199874878,2506
13886.714935302734,2486
13887.7112865448,2504
13888.70906829834,2506
13889.705181121826,2534
13890.702962875366,2574
13891.700744628906,2474
13892.69733428955,2490
13893.667697906494,2478
13894.664287567139,2482
13895.695686340332,2474
13896.688461303711,2472
13897.684574127197,2478
13898.681640625,2482
13899.678707122803,2494
13900.678157806396,2502
13901.674509048462,2518
13902.671813964844,2554
13903.668403625488,2538
13904.672145843506,2552
13905.663013458252,2542
13906.660079956055,2538
13907.656908035278,2518
13908.654928207397,2518
13909.6519947052,2542
13910.64977645874,2506
13911.619901657104,2514
13912.643432617188,2510
13913.641214370728,2538
13914.637804031372,2534
13915.634632110596,2518
13916.632413864136,2522
13917.629718780518,2470
13918.617963790894,2474
13919.623851776123,2494
13920.62258720398,2470
13921.627759933472,2450
13922.616243362427,2474
13923.613548278809,2474
13924.61085319519,2450
13925.608158111572,2526
13926.605224609375,2518
13927.574872970581,2480
13928.571939468384,2486
13929.569244384766,2502
13930.566549301147,2478
13931.564092636108,2454
13932.56139755249,2454
13933.558464050293,2456
13934.556007385254,2450
13935.553312301636,2428
13936.550617218018,2490
13937.5479221344,2482
13938.545227050781,2490
13939.542770385742,2480
13940.539836883545,2488
13941.537618637085,2474
13942.534685134888,2462
13943.53199005127,2426
13944.529294967651,2422
13945.526599884033,2458
13946.523904800415,2474
13947.521209716797,2482
13948.518753051758,2458
13949.51605796814,2514
13950.513124465942,2510
13951.510667800903,2550
13952.507972717285,2526
13953.505277633667,2502
13954.502582550049,2518
13955.50012588501,2524
13957.495212554932,2490
13957.495212554932,2514
13958.52017402649,2514
13960.486888885498,2482
13960.486888885498,2544
13961.511850357056,2554
13962.509632110596,2586
13963.510990142822,2558
13964.50400352478,2518
13965.50178527832,2476
13966.499090194702,2430
13967.496156692505,2450
13968.493461608887,2470
13969.491004943848,2480
13970.48807144165,2466
13972.45717048645,2458
13973.452806472778,2474
13974.462509155273,2510
13975.448369979858,2538
13976.44567489624,2554
13977.442979812622,2534
13978.440523147583,2506
13978.440523147583,2482
13979.437589645386,2458
13981.433391571045,2494
13981.433391571045,2502
13982.42974281311,2536
13983.427047729492,2554
13984.424114227295,2550
13985.421657562256,2574
13986.418962478638,2556
13988.425016403198,2558
13989.410877227783,2544
13990.437269210815,2508
13991.406917572021,2490
13992.402791976929,2486
13993.428707122803,2458
13994.425058364868,2458
13995.421648025513,2462
13996.418476104736,2450
13997.416019439697,2448
13998.4130859375,2470
13999.413251876831,2508
14000.409364700317,2514
14001.40643119812,2538
14002.406358718872,2490
14003.39961051941,2486
14004.369497299194,2482
14005.366563796997,2486
14006.363868713379,2482
14007.36117362976,2494
14008.358716964722,2520
14009.356021881104,2508
14010.353326797485,2506
14011.350870132446,2528
14012.347936630249,2534
14013.34524154663,2542
14014.342546463013,2534
14015.340089797974,2514
14016.337394714355,2526
14017.334461212158,2542
14018.332242965698,2546
14019.3510055542,2454
14020.328998565674,2522
14021.326065063477,2532
14022.323369979858,2466
14023.321151733398,2482
14024.317979812622,2502
14025.314807891846,2490
14026.312351226807,2426
14027.309656143188,2426
14028.30696105957,2418
14029.304265975952,2480
14030.301332473755,2426
14031.299591064453,2420
14032.296180725098,2428
14033.29348564148,2406
14034.29102897644,2410
14035.303592681885,2418
14036.285161972046,2478
14037.282466888428,2450
14038.280010223389,2426
14039.27731513977,2406
14040.274620056152,2378
14041.272163391113,2412
14042.269229888916,2406
14043.266534805298,2424
14044.26383972168,2430
14045.261144638062,2476
14046.258926391602,2470
14047.255754470825,2458
14048.253774642944,2486
14049.250841140747,2520
14050.279140472412,2482
14051.244497299194,2470
14052.27017402649,2426
14053.26795578003,2470
14054.265260696411,2490
14055.262804031372,2524
14056.260585784912,2550
14057.257175445557,2574
14058.254480361938,2590
14059.2520236969,2554
14060.249090194702,2598
14061.266422271729,2590
14062.244415283203,2586
14063.241243362427,2514
14064.238786697388,2518
14065.23585319519,2514
14066.233396530151,2506
14067.230939865112,2514
14068.227767944336,2534
14069.226264953613,2502
14070.223093032837,2524
14071.22015953064,2518
14072.217226028442,2518
14073.215246200562,2586
14074.211835861206,2570
14075.210094451904,2546
14076.206684112549,2512
14077.204704284668,2494
14078.201293945312,2494
14079.199075698853,2514
14080.195903778076,2532
14081.193447113037,2518
14082.19027519226,2506
14083.194017410278,2490
14084.185123443604,2496
14085.182428359985,2494
14086.180686950684,2494
14087.177991867065,2430
14088.175535202026,2430
14089.14303779602,2450
14090.139865875244,2454
14091.137170791626,2490
14092.134714126587,2492
14093.13178062439,2506
14094.129085540771,2500
14095.126628875732,2514
14096.124172210693,2510
14097.96142578125,2482
14097.96142578125,2454
14098.966598510742,2398
14099.965810775757,2362
14100.971698760986,2358
14101.970911026001,2344
14102.968692779541,2330
14103.965759277344,2358
14104.963064193726,2366
14105.975151062012,2382
14106.959342956543,2416
14107.954740524292,2448
14108.952283859253,2450
14109.949350357056,2478
14110.94856262207,2476
14111.945867538452,2450
14112.943649291992,2480
14113.940238952637,2474
14114.93730545044,2490
14115.934610366821,2510
14116.931915283203,2524
14117.928981781006,2514
14118.927240371704,2518
14119.924545288086,2528
14120.921850204468,2500
14121.920108795166,2494
14122.91693687439,2516
14123.942852020264,2478
14124.939441680908,2442
14125.93674659729,2410
14126.93452835083,2448
14127.933740615845,2474
14128.929376602173,2458
14129.926204681396,2470
14130.9232711792,2462
14131.892919540405,2468
14132.917642593384,2450
14133.915185928345,2448
14134.912490844727,2478
14135.910511016846,2466
14136.90733909607,2468
14137.903928756714,2470
14138.900756835938,2510
14139.898300170898,2490
14140.89822769165,2490
14141.892910003662,2514
14142.871379852295,2518
14143.858432769775,2490
14144.884824752808,2502
14145.882368087769,2520
14146.87967300415,2510
14147.877931594849,2502
14148.875713348389,2520
14149.872779846191,2526
14150.870323181152,2514
14151.874542236328,2512
14152.837038040161,2546
14153.861284255981,2542
14154.858350753784,2514
14155.855894088745,2544
14156.852722167969,2536
14157.823324203491,2486
14158.828496932983,2494
14159.818649291992,2478
14160.813808441162,2486
14161.811351776123,2510
14162.837266921997,2458
14163.835048675537,2482
14164.803743362427,2504
14165.829420089722,2494
14166.826963424683,2526
14167.824029922485,2546
14168.792247772217,2502
14169.790506362915,2502
14170.787572860718,2492
14171.785354614258,2494
14172.78265953064,2446
14173.779964447021,2466
14174.776792526245,2454
14175.773859024048,2458
14176.771640777588,2460
14177.768230438232,2480
14178.765535354614,2454
14179.762601852417,2454
14180.760145187378,2468
14181.757926940918,2446
14182.75499343872,2450
14183.752298355103,2432
14184.749364852905,2456
14185.746669769287,2486
14186.743974685669,2474
14187.74151802063,2488
14188.738822937012,2534
14189.766883850098,2534
14190.733671188354,2576
14191.730976104736,2534
14192.729949951172,2572
14193.726062774658,2546
14194.723844528198,2514
14195.720911026001,2526
14196.717500686646,2478
14197.715997695923,2484
14198.712825775146,2482
14199.710369110107,2510
14200.70743560791,2546
14201.705932617188,2558
14202.702522277832,2576
14203.699827194214,2586
14204.697132110596,2598
14205.69396018982,2586
14206.691265106201,2512
14207.68928527832,2478
14208.686113357544,2426
14209.683895111084,2422
14210.681676864624,2390
14211.678504943848,2394
14212.676286697388,2398
14213.673114776611,2410
14214.670419692993,2418
14215.667486190796,2462
14216.663837432861,2476
14217.660903930664,2478
14218.669414520264,2482
14219.655752182007,2478
14220.653057098389,2484
14221.65036201477,2468
14222.647666931152,2480
14223.644971847534,2518
14224.642276763916,2514
14225.639581680298,2514
14226.637125015259,2550
14227.634191513062,2522
14228.631496429443,2502
14229.629039764404,2506
14230.626344680786,2502
14231.623888015747,2488
14232.62095451355,2510
14233.618259429932,2480
14234.615564346313,2474
14235.612869262695,2490
14236.610412597656,2474
14237.607717514038,2486
14238.60502243042,2490
14239.602088928223,2492
14240.599632263184,2490
14241.596937179565,2506
14242.594242095947,2482
14243.591785430908,2450
14244.588851928711,2482
14245.586156845093,2446
14246.583461761475,2452
14247.581005096436,2490
14248.578310012817,2506
14249.5756149292,2550
14250.57315826416,2542
14251.570224761963,2526
14252.567529678345,2518
14253.564834594727,2516
14254.562377929688,2494
14255.55968284607,2500
14256.556987762451,2510
14257.554292678833,2492
14258.551597595215,2508
14259.548902511597,2520
14260.546207427979,2514
14261.54375076294,2520
14262.541055679321,2542
14263.538122177124,2546
14264.535665512085,2546
14265.535593032837,2526
14266.532182693481,2518
14267.529487609863,2534
14268.526554107666,2506
14269.523859024048,2526
14270.521402359009,2542
14271.51894569397,2518
14272.515773773193,2544
14273.513555526733,2606
14274.510383605957,2576
14275.507926940918,2590
14276.50499343872,2612
14277.50277519226,2578
14278.500080108643,2542
14279.497146606445,2582
14280.494689941406,2518
14281.52060508728,2548
14282.51600265503,2522
14283.51354598999,2474
14284.51156616211,2482
14285.508155822754,2510
14286.505460739136,2494
14287.503004074097,2494
14288.500308990479,2474
14289.498090744019,2446
14290.497541427612,2442
14291.492462158203,2430
14292.505025863647,2418
14293.487310409546,2416
14294.48390007019,2412
14296.461582183838,2406
14297.45602607727,2398
14298.444986343384,2414
14299.442291259766,2446
14300.439596176147,2486
14301.437139511108,2454
14302.434206008911,2444
14302.434206008911,2426
14303.431749343872,2428
14304.428815841675,2486
14305.426120758057,2502
14306.423664093018,2482
14308.418273925781,2478
14309.415578842163,2506
14310.413122177124,2556
14311.410665512085,2576
14312.407493591309,2602
14313.40503692627,2586
14314.40258026123,2584
14315.399646759033,2578
14316.396951675415,2544
14317.394256591797,2526
14318.391561508179,2538
14319.38886642456,2502
14320.386409759521,2526
14321.383714675903,2514
14322.380781173706,2490
14323.378086090088,2546
14324.375629425049,2534
14325.37293434143,2502
14326.370239257812,2482
14327.367782592773,2468
14328.365087509155,2470
14329.362392425537,2462
14330.35945892334,2446
14331.3570022583,2460
14332.354307174683,2426
14333.351612091064,2488
14334.348917007446,2488
14335.346460342407,2490
14336.344003677368,2518
14337.342739105225,2536
14338.367700576782,2494
14339.365482330322,2482
14340.363025665283,2454
14341.360330581665,2474
14342.357873916626,2490
14343.35446357727,2502
14344.351530075073,2492
14345.348834991455,2474
14346.346139907837,2512
14347.344160079956,2526
14348.341226577759,2518
14349.33853149414,2508
14350.346326828003,2508
14351.319074630737,2486
14352.301120758057,2478
14353.311538696289,2398
14354.350805282593,2424
14355.348825454712,2466
14356.318712234497,2482
14357.316255569458,2474
14358.31356048584,2470
14359.310626983643,2498
14360.284566879272,2522
14361.278295516968,2550
14362.27560043335,2542
14363.272666931152,2494
14364.269495010376,2448
14365.29517173767,2470
14366.291761398315,2478
14367.289781570435,2474
14368.2861328125,2490
14369.283676147461,2492
14370.280027389526,2512
14371.251344680786,2542
14372.27725982666,2516
14373.24833869934,2522
14374.242782592773,2510
14375.269651412964,2482
14376.266717910767,2458
14377.235889434814,2430
14378.26156616211,2470
14379.257917404175,2486
14380.255460739136,2522
14381.261348724365,2550
14382.250547409058,2490
14383.251428604126,2544
14384.246110916138,2550
14385.242700576782,2546
14386.239767074585,2542
14387.237071990967,2518
14388.234853744507,2510
14389.204025268555,2484
14390.201091766357,2480
14391.198635101318,2502
14392.19617843628,2522
14393.193483352661,2518
14394.190549850464,2498
14395.187854766846,2494
14396.185159683228,2518
14397.18246459961,2510
14398.179769515991,2508
14399.177551269531,2486
14400.174379348755,2470
14401.171922683716,2470
14402.168989181519,2482
14403.16653251648,2516
14404.16407585144,2518
14406.364917755127,2502
14406.364917755127,2518
14407.37009048462,2518
14408.371448516846,2506
14409.437417984009,2514
14409.437417984009,2526
14410.467624664307,2500
14411.463260650635,2472
14412.460803985596,2458
14413.429975509644,2450
14414.45541381836,2454
14415.452718734741,2480
14416.450500488281,2490
14417.447090148926,2510
14418.445348739624,2470
14420.411825180054,2510
14421.409368515015,2514
14422.406196594238,2504
14423.40350151062,2470
14424.400568008423,2456
14425.398349761963,2426
14426.395416259766,2450
14427.392721176147,2480
14428.38978767395,2490
14429.387331008911,2518
14430.384635925293,2546
14431.382417678833,2520
14432.379484176636,2522
14433.376789093018,2510
14434.3740940094,2478
14435.37163734436,2502
14436.368227005005,2490
14437.414169311523,2476
14438.392162322998,2448
14439.388990402222,2470
14440.386295318604,2502
14441.364049911499,2502
14442.380428314209,2476
14443.376302719116,2538
14444.373846054077,2514
14445.371389389038,2490
14446.371078491211,2490
14447.364807128906,2500
14448.362588882446,2454
14449.359893798828,2424
14450.358629226685,2454
14451.328039169312,2492
14452.325344085693,2480
14453.322172164917,2480
14454.349517822266,2522
14455.345630645752,2490
14456.342697143555,2510
14457.340717315674,2476
14458.338737487793,2490
14459.336042404175,2506
14460.303544998169,2460
14461.33017539978,2474
14462.330341339111,2446
14463.330745697021,2426
14464.330196380615,2486
14465.343713760376,2522
14466.31646156311,2490
14467.306852340698,2494
14468.302249908447,2518
14469.307899475098,2490
14470.309257507324,2542
14471.274375915527,2526
14472.299337387085,2482
14473.268985748291,2474
14474.265813827515,2494
14475.263118743896,2494
14476.260423660278,2512
14477.25796699524,2494
14478.255033493042,2516
14479.252576828003,2538
14480.249643325806,2582
14481.247186660767,2558
14482.246398925781,2534
14483.243227005005,2510
14484.240531921387,2514
14485.24785041809,2466
14486.23538017273,2490
14487.232685089111,2478
14488.230228424072,2514
14489.227533340454,2502
14490.224599838257,2526
14491.221904754639,2534
14492.219686508179,2544
14493.216753005981,2534
14494.214057922363,2542
14495.211601257324,2494
14496.208667755127,2510
14497.206449508667,2510
14498.203754425049,2510
14499.200820922852,2518
14500.198125839233,2504
14501.195192337036,2518
14502.192735671997,2550
14503.190040588379,2550
14504.18734550476,2492
14505.184650421143,2480
14506.182193756104,2476
14507.179260253906,2478
14508.176803588867,2442
14509.174108505249,2482
14510.171175003052,2450
14511.168956756592,2458
14512.166261672974,2486
14513.163566589355,2494
14514.161109924316,2518
14515.15793800354,2512
14516.155481338501,2486
14517.152786254883,2526
14518.150091171265,2486
14519.147157669067,2492
14520.144939422607,2506
14521.14200592041,2506
14522.139549255371,2478
14523.136854171753,2506
14524.134159088135,2506
14525.131464004517,2558
14526.12853050232,2550
14527.126789093018,2536
14528.123378753662,2524
14529.119491577148,2514
14530.118465423584,2490
14531.115531921387,2490
14532.11259841919,2492
14533.109903335571,2430
14534.107446670532,2470
14535.104751586914,2484
14536.102056503296,2506
14537.099361419678,2482
14538.09666633606,2490
14539.093971252441,2518
14540.091276168823,2506
14541.089534759521,2536
14542.085886001587,2494
14543.083190917969,2484
14544.08073425293,2482
14545.078039169312,2482
14546.075582504272,2430
14547.072649002075,2474
14548.069953918457,2478
14549.067258834839,2490
14550.06456375122,2506
14551.06258392334,2526
14552.059412002563,2518
14553.056955337524,2514
14554.054260253906,2526
14555.051326751709,2486
14556.04863166809,2486
14557.045936584473,2474
14558.043479919434,2454
14559.041261672974,2482
14560.03737449646,2506
14561.034440994263,2514
14562.047719955444,2540
14563.068151473999,2478
14564.056158065796,2538
14565.053939819336,2518
14566.05315208435,2470
14567.048072814941,2460
14568.045616149902,2484
14569.04935836792,2474
14570.072650909424,2486
14571.00772857666,2524
14572.033882141113,2480
14573.037385940552,2490
14574.031352996826,2494
14574.99647140503,2540
14575.993776321411,2590
14577.000141143799,2504
14577.988386154175,2478
14578.985691070557,2478
14579.982995986938,2502
14580.980777740479,2458
14581.977844238281,2502
14582.975149154663,2474
14583.972454071045,2504
14584.969758987427,2526
14585.967063903809,2514
14586.96436882019,2536
14587.961673736572,2504
14588.958978652954,2506
14589.956283569336,2474
14590.983390808105,2488
14591.979026794434,2498
14592.977523803711,2490
14593.974113464355,2488
14594.971895217896,2478
14595.96848487854,2490
14596.965551376343,2504
14597.963333129883,2534
14598.961114883423,2534
14599.957942962646,2542
14600.927114486694,2490
14601.924657821655,2510
14602.921724319458,2460
14603.91879081726,2456
14604.9165725708,2474
14605.913877487183,2462
14606.939554214478,2458
14607.938528060913,2474
14608.934879302979,2490
14609.931945800781,2490
14610.928535461426,2550
14611.92798614502,2524
14612.923383712769,2514
14613.921880722046,2474
14614.919185638428,2460
14615.916728973389,2458
14616.914510726929,2490
14617.910623550415,2460
14618.908166885376,2454
14619.90475654602,2486
14620.904207229614,2506
14621.900081634521,2506
14622.89834022522,2510
14623.894929885864,2554
14624.891996383667,2506
14625.889301300049,2512
14626.891613006592,2490
14627.88462638855,2470
14628.88240814209,2446
14629.878282546997,2482
14630.87797164917,2486
14631.874084472656,2470
14632.869720458984,2494
14633.867979049683,2522
14634.864807128906,2538
14635.862350463867,2518
14636.832475662231,2494
14637.829542160034,2448
14638.827085494995,2448
14639.824390411377,2486
14640.821933746338,2450
14641.819477081299,2462
14642.81678199768,2454
14643.8148021698,2458
14644.811153411865,2474
14645.808935165405,2490
14646.806001663208,2510
14647.80330657959,2490
14648.80084991455,2516
14649.797916412354,2474
14650.795221328735,2474
14651.793241500854,2478
14652.788639068604,2502
14653.787612915039,2462
14654.784679412842,2490
14655.782222747803,2490
14656.779289245605,2490
14657.776594161987,2502
14658.77389907837,2526
14659.771203994751,2534
14660.768747329712,2532
14661.766290664673,2512
14662.763833999634,2478
14663.760662078857,2482
14664.75796699524,2478
14665.772199630737,2506
14666.75329208374,2534
14667.750120162964,2502
14668.74647140503,2492
14669.743299484253,2508
14670.770645141602,2526
14671.771049499512,2558
14672.764778137207,2550
14673.76160621643,2518
14674.759149551392,2502
14675.75716972351,2510
14676.756143569946,2502
14677.759170532227,2544
14678.747177124023,2524
14679.746389389038,2512
14680.742979049683,2546
14681.739568710327,2510
14682.73663520813,2490
14683.709144592285,2550
14684.731721878052,2582
14685.729265213013,2486
14686.726093292236,2452
14687.723875045776,2430
14688.721656799316,2442
14689.718008041382,2534
14690.715789794922,2518
14691.713809967041,2476
14692.709684371948,2486
14693.68028640747,2518
14694.705486297607,2512
14695.70279121399,2510
14696.700096130371,2574
14697.697162628174,2486
14698.672533035278,2478
14699.692249298096,2482
14700.660705566406,2500
14701.685667037964,2510
14702.683210372925,2542
14703.680276870728,2550
14704.678773880005,2538
14705.67536354065,2520
14706.672668457031,2552
14707.669734954834,2572
14708.667278289795,2510
14709.664344787598,2494
14710.661888122559,2492
14711.666345596313,2478
14712.657451629639,2456
14713.654279708862,2414
14714.624881744385,2448
14715.634107589722,2474
14716.61901473999,2460
14717.616319656372,2446
14718.61457824707,2470
14719.610929489136,2488
14720.608949661255,2512
14721.605777740479,2506
14722.60332107544,2490
14723.600625991821,2458
14724.597930908203,2478
14725.595235824585,2474
14726.592302322388,2486
14727.58960723877,2510
14728.585958480835,2518
14729.582786560059,2518
14730.582237243652,2526
14731.579065322876,2514
14732.576847076416,2526
14733.573913574219,2538
14734.5712184906,2502
14735.56900024414,2504
14736.565589904785,2520
14737.563133239746,2486
14738.560199737549,2502
14739.55774307251,2518
14740.555047988892,2540
14741.552591323853,2538
14742.549657821655,2486
14743.556022644043,2550
14744.544744491577,2558
14745.542287826538,2534
14746.53935432434,2538
14747.536659240723,2520
14748.533964157104,2492
14749.531507492065,2508
14750.528573989868,2514
14751.526594161987,2536
14752.536535263062,2534
14753.52144241333,2574
14754.518747329712,2546
14755.516052246094,2528
14756.512880325317,2534
14757.510423660278,2474
14758.507490158081,2510
14760.502815246582,2486
14760.502815246582,2458
14761.49868965149,2454
14762.495756149292,2502
14763.493061065674,2502
14764.489889144897,2514
14765.487432479858,2502
14766.48473739624,2478
14767.482280731201,2486
14769.477367401123,2522
14769.477367401123,2548
14770.48397064209,2538
14771.47126197815,2506
14772.46880531311,2504
14773.466348648071,2504
14774.463176727295,2506
14775.460720062256,2554
14776.458501815796,2546
14777.45532989502,2546
14778.452634811401,2518
14780.447721481323,2526
14781.445264816284,2520
14782.442569732666,2510
14782.442569732666,2490
14783.43939781189,2478
14785.434484481812,2514
14785.434484481812,2478
14786.431312561035,2478
14788.425922393799,2490
14789.42346572876,2550
14790.420770645142,2550
14791.418313980103,2514
14792.41681098938,2490
14793.412923812866,2502
14794.410228729248,2522
14795.40729522705,2492
14796.404361724854,2510
14797.401905059814,2468
14798.399209976196,2460
14799.396753311157,2490
14800.394296646118,2522
14801.39183998108,2526
14802.399158477783,2538
14803.386449813843,2548
14804.383277893066,2558
14805.380821228027,2540
14806.37812614441,2494
14807.37853050232,2526
14808.375597000122,2502
14809.372186660767,2510
14810.372114181519,2488
14811.367988586426,2490
14812.36481666565,2518
14813.35997581482,2558
14814.359903335571,2550
14815.356731414795,2558
14816.353559494019,2510
14817.3508644104,2534
14818.34864616394,2520
14819.347381591797,2514
14820.343017578125,2518
14821.34222984314,2510
14822.351694107056,2488
14823.33493232727,2506
14824.331998825073,2522
14825.329780578613,2538
14826.326847076416,2578
14827.323913574219,2586
14828.32145690918,2548
14829.318761825562,2516
14830.31702041626,2506
14831.31194114685,2526
14832.308769226074,2522
14833.306550979614,2522
14834.303855895996,2522
14835.301637649536,2510
14836.29822731018,2534
14837.295532226562,2546
14838.293552398682,2546
14839.291095733643,2584
14840.288162231445,2570
14841.285943984985,2578
14842.283010482788,2514
14843.28031539917,2544
14844.277143478394,2544
14845.274448394775,2534
14846.271753311157,2570
14847.26881980896,2538
14848.2666015625,2512
14849.263906478882,2522
14850.260972976685,2558
14851.258516311646,2672
14852.266311645508,2546
14853.25288772583,2520
14854.25066947937,2518
14855.247497558594,2542
14856.244802474976,2520
14857.242345809937,2518
14858.23941230774,2510
14859.2369556427,2474
14860.234260559082,2518
14861.231803894043,2482
14862.229585647583,2508
14863.226413726807,2514
14864.22348022461,2542
14865.22102355957,2542
14866.218328475952,2542
14867.215871810913,2486
14868.212699890137,2454
14869.210481643677,2510
14870.208263397217,2498
14871.20532989502,2506
14872.202396392822,2502
14873.199939727783,2490
14874.197244644165,2502
14875.194072723389,2524
14876.191139221191,2502
14877.188920974731,2510
14878.186464309692,2506
14879.183769226074,2462
14880.181074142456,2450
14881.179094314575,2474
14882.175922393799,2494
14883.17322731018,2486
14884.170293807983,2502
14885.167598724365,2476
14886.164665222168,2534
14887.162446975708,2546
14888.15975189209,2582
14889.157056808472,2512
14890.154123306274,2514
14891.152381896973,2512
14892.149209976196,2504
14893.146514892578,2486
14894.14381980896,2518
14895.141124725342,2476
14896.138191223145,2506
14897.135496139526,2520
14898.132801055908,2494
14899.13034439087,2536
14900.127649307251,2526
14901.154279708862,2534
14902.123212814331,2502
14903.149127960205,2456
14904.16145324707,2450
14905.14349937439,2460
14906.14128112793,2490
14907.139778137207,2502
14908.135652542114,2470
14909.133672714233,2482
14910.130023956299,2522
14911.128282546997,2534
14912.09626197815,2546
14913.122653961182,2536
14914.119958877563,2530
14915.116786956787,2538
14916.085481643677,2510
14917.083740234375,2522
14918.10941696167,2486
14919.106006622314,2508
14920.109987258911,2510
14921.102046966553,2520
14922.098636627197,2552
14923.096418380737,2516
14924.065351486206,2536
14925.090551376343,2526
14926.087141036987,2550
14927.05750465393,2494
14928.08222770691,2510
14929.085969924927,2490
14930.07779121399,2486
14931.07533454895,2514
14932.76309967041,2488
14933.039903640747,2502
14934.03673171997,2490
14935.043334960938,2524
14936.04302406311,2538
14937.155485153198,2534
14938.153266906738,2518
14939.150333404541,2510
14940.147876739502,2510
14941.144943237305,2554
14942.14391708374,2534
14943.140029907227,2514
14944.13685798645,2514
14945.135354995728,2522
14946.131467819214,2550
14947.129249572754,2552
14948.127746582031,2570
14949.125051498413,2538
14950.122833251953,2518
14951.120138168335,2526
14952.086448669434,2502
14953.114986419678,2484
14954.111576080322,2552
14955.109119415283,2514
14956.106185913086,2514
14957.109212875366,2534
14958.101034164429,2550
14959.098815917969,2522
14960.095167160034,2554
14961.093425750732,2526
14962.091207504272,2534
14963.087797164917,2514
14964.05577659607,2526
14965.102434158325,2526
14966.086864471436,2550
14967.076778411865,2544
14968.074083328247,2548
14969.071626663208,2546
14970.06869316101,2512
14971.066951751709,2578
14972.070693969727,2550
14973.063468933105,2526
14974.058389663696,2518
14975.055456161499,2508
14976.05299949646,2506
14977.02145576477,2538
14978.048086166382,2502
14979.069471359253,2522
14980.06558418274,2570
14981.0631275177,2546
14982.03730583191,2574
14983.033895492554,2576
14984.031438827515,2522
14985.029458999634,2546
14986.026763916016,2552
14987.023115158081,2514
14988.020658493042,2510
14989.017963409424,2506
14990.015983581543,2522
14991.013526916504,2526
14992.010831832886,2558
14993.007898330688,2542
14994.004726409912,2518
14995.002031326294,2550
14995.999813079834,2550
14996.996879577637,2546
14997.994661331177,2550
14998.991012573242,2546
14999.989032745361,2506
15000.990152359009,2510
15001.954078674316,2520
15002.981424331665,2534
15003.978252410889,2526
15004.975318908691,2554
15005.97357749939,2526
15006.977796554565,2534
15007.967710494995,2578
15008.964776992798,2586
15009.962320327759,2554
15010.962963104248,2528
15011.95764541626,2512
15012.953996658325,2484
15013.951778411865,2506
15014.949798583984,2514
15015.947341918945,2526
15016.943216323853,2526
15017.940282821655,2574
15018.909931182861,2542
15019.936323165894,2552
15020.933628082275,2572
15021.930932998657,2534
15022.928714752197,2526
15023.924827575684,2482
15024.89447593689,2462
15025.896787643433,2494
15026.893854141235,2514
15027.891397476196,2522
15028.888463973999,2514
15029.88576889038,2514
15030.884265899658,2534
15031.879186630249,2542
15032.876014709473,2520
15033.872842788696,2518
15034.870386123657,2510
15035.867691040039,2494
15036.864757537842,2494
15037.862062454224,2474
15038.859605789185,2506
15040.366172790527,2502
15041.3658618927,2536
15042.36650466919,2522
15043.363571166992,2518
15044.360876083374,2524
15045.358180999756,2546
15046.355485916138,2502
15047.35279083252,2494
15048.350095748901,2490
15049.347877502441,2506
15050.344944000244,2534
15051.342964172363,2524
15052.340030670166,2546
15053.337097167969,2546
15054.33440208435,2550
15055.331945419312,2550
15055.331945419312,2526
15056.837797164917,2524
15057.83748626709,2534
15058.837175369263,2534
15059.834957122803,2508
15060.832262039185,2470
15061.829328536987,2510
15062.82663345337,2510
15063.823699951172,2542
15064.821004867554,2570
15065.818309783936,2542
15066.815853118896,2542
15067.813158035278,2550
15077.303647994995,2508
15077.303647994995,2494
15077.303647994995,2518
15077.303647994995,2504
15077.303647994995,2510
15077.303647994995,2480
15077.303647994995,2488
15077.303647994995,2534
15077.303647994995,2546
15078.300714492798,2548
15079.29801940918,2538
15080.295085906982,2504
15081.293106079102,2526
15082.289934158325,2526
15085.28184890747,2554
15085.28184890747,2516
15085.28184890747,2512
15086.30895614624,2510
15087.305784225464,2486
15088.306903839111,2506
15088.306903839111,2574
15089.84398841858,2554
15090.847253799438,2542
15091.842651367188,2550
15092.87166595459,2506
15093.836784362793,2514
15094.862937927246,2486
15095.860481262207,2490
15096.857070922852,2458
15097.854137420654,2458
15098.852157592773,2510
15099.849462509155,2528
15100.848197937012,2510
15101.8226146698,2526
15102.840900421143,2550
15103.838443756104,2548
15104.83717918396,2542
15105.832815170288,2516
15106.83274269104,2522
15107.828140258789,2512
15108.824968338013,2498
15109.822034835815,2504
15110.819816589355,2526
15111.788272857666,2518
15112.787008285522,2534
15113.78264427185,2550
15114.809274673462,2552
15115.805864334106,2514
15116.774559020996,2522
15117.772340774536,2520
15118.77155303955,2532
15119.795560836792,2544
15120.792865753174,2518
15121.789932250977,2478
15122.788906097412,2490
15123.786211013794,2522
15124.783277511597,2534
15125.781059265137,2522
15126.77788734436,2520
15127.77590751648,2506
15128.786087036133,2532
15129.770517349243,2510
15130.775451660156,2512
15131.766319274902,2512
15132.768392562866,2478
15133.759260177612,2470
15134.75751876831,2478
15135.758876800537,2522
15136.751651763916,2490
15137.748718261719,2532
15138.7460231781,2520
15139.74380493164,2526
15140.74182510376,2486
15141.738414764404,2506
15142.735719680786,2482
15143.703699111938,2480
15144.73032951355,2494
15145.727157592773,2472
15146.73137664795,2474
15147.722244262695,2484
15148.689270019531,2508
15149.689197540283,2522
15150.685787200928,2570
15151.681423187256,2522
15152.678966522217,2472
15153.678178787231,2482
15154.675006866455,2500
15155.672550201416,2502
15156.669855117798,2482
15157.66716003418,2478
15158.664464950562,2462
15159.661769866943,2518
15160.659551620483,2538
15161.654710769653,2536
15162.652254104614,2510
15163.652420043945,2494
15164.663314819336,2486
15165.646076202393,2474
15166.643142700195,2490
15167.640686035156,2486
15168.646335601807,2432
15169.635534286499,2510
15170.632600784302,2498
15171.630144119263,2508
15172.627449035645,2518
15173.625230789185,2512
15174.622058868408,2534
15175.619125366211,2522
15176.616430282593,2510
15177.613973617554,2474
15178.611278533936,2458
15180.422067642212,2470
15180.6058883667,2460
15181.603908538818,2470
15182.662963867188,2468
15183.693647384644,2474
15184.767484664917,2492
15185.76192855835,2550
15186.767101287842,2514
15187.756299972534,2494
15188.753128051758,2494
15189.759016036987,2458
15190.748929977417,2480
15191.74575805664,2474
15192.74377822876,2474
15193.711757659912,2454
15194.738626480103,2480
15195.73426246643,2490
15196.731090545654,2486
15197.727918624878,2506
15198.72522354126,2520
15199.729681015015,2534
15200.720310211182,2534
15201.691150665283,2506
15202.68702507019,2490
15203.712224960327,2474
15204.716205596924,2490
15205.70683479309,2502
15206.703901290894,2474
15207.701921463013,2498
15208.699703216553,2506
15209.695816040039,2520
15210.695505142212,2534
15211.692333221436,2540
15212.689638137817,2532
15213.687181472778,2502
15214.68472480774,2482
15215.681791305542,2472
15216.678619384766,2502
15217.676401138306,2492
15218.643426895142,2484
15219.671487808228,2486
15220.669031143188,2510
15221.638202667236,2510
15222.63503074646,2522
15223.665714263916,2518
15224.658012390137,2526
15225.655555725098,2490
15226.651668548584,2490
15227.648735046387,2482
15228.64556312561,2454
15229.64334487915,2490
15230.640649795532,2498
15231.611251831055,2488
15232.606410980225,2478
15233.635902404785,2494
15234.629392623901,2458
15235.626697540283,2498
15236.624956130981,2514
15237.621784210205,2456
15238.618850708008,2450
15239.61615562439,2454
15240.613460540771,2486
15241.613149642944,2442
15242.609977722168,2500
15243.609428405762,2494
15244.603157043457,2418
15245.600700378418,2478
15246.603727340698,2494
15247.59578704834,2522
15248.592376708984,2486
15249.590635299683,2512
15250.587463378906,2470
15251.59239768982,2424
15252.604484558105,2474
15253.579378128052,2468
15254.576444625854,2468
15255.573749542236,2478
15256.545782089233,2492
15257.540702819824,2478
15259.535312652588,2506
15259.535312652588,2502
15260.533332824707,2504
15261.531114578247,2488
15262.528419494629,2410
15263.524532318115,2418
15265.519380569458,2456
15265.519380569458,2462
15266.51668548584,2456
15267.514705657959,2488
15268.51201057434,2506
15269.509315490723,2532
15270.506381988525,2506
15272.499561309814,2510
15272.499561309814,2518
15273.525714874268,2500
15274.523735046387,2514
15275.520086288452,2460
15276.517391204834,2458
15277.515172958374,2474
15278.512239456177,2508
15279.510259628296,2526
15280.50708770752,2502
15281.503915786743,2500
15282.503604888916,2502
15284.496068954468,2518
15285.464525222778,2506
15285.464525222778,2478
15286.498546600342,2512
15288.456916809082,2490
15288.456916809082,2452
15289.48450088501,2466
15290.481567382812,2478
15291.479110717773,2494
15292.477369308472,2502
15294.442176818848,2494
15295.43924331665,2510
15296.436786651611,2522
15297.434329986572,2508
15298.431396484375,2486
15299.429655075073,2478
15300.426244735718,2458
15301.4235496521,2480
15302.420616149902,2446
15303.417921066284,2472
15304.414510726929,2502
15305.412292480469,2484
15306.409120559692,2474
15307.406425476074,2490
15308.403968811035,2482
15309.401035308838,2470
15310.399532318115,2478
15311.395645141602,2424
15312.394142150879,2448
15313.390731811523,2488
15314.388036727905,2462
15315.385103225708,2432
15316.38240814209,2450
15317.37995147705,2448
15318.377017974854,2462
15319.373846054077,2470
15320.371389389038,2488
15321.36845588684,2482
15322.365999221802,2442
15323.363065719604,2488
15324.360132217407,2486
15325.357675552368,2482
15326.35498046875,2418
15327.352523803711,2420
15328.349351882935,2430
15329.347133636475,2474
15330.344438552856,2500
15331.341981887817,2482
15332.3392868042,2462
15333.336353302002,2486
15334.336280822754,2454
15335.333824157715,2458
15336.331367492676,2430
15337.32795715332,2448
15338.325262069702,2454
15339.322805404663,2478
15340.320110321045,2490
15341.317653656006,2482
15342.314958572388,2490
15343.31202507019,2480
15344.30980682373,2492
15345.306396484375,2494
15346.303462982178,2478
15347.301483154297,2502
15348.298788070679,2474
15349.295854568481,2476
15350.2938747406,2504
15351.291179656982,2534
15352.288484573364,2512
15353.285312652588,2512
15354.283332824707,2500
15355.28016090393,2488
15356.277465820312,2494
15357.274532318115,2480
15358.272075653076,2486
15359.269618988037,2454
15360.268592834473,2490
15361.264705657959,2474
15362.261533737183,2476
15363.259077072144,2472
15364.255666732788,2488
15365.268468856812,2490
15366.25075340271,2474
15367.247819900513,2506
15368.245840072632,2486
15369.242429733276,2474
15370.240449905396,2492
15371.23727798462,2482
15372.235298156738,2454
15373.232126235962,2474
15374.229431152344,2422
15375.226259231567,2452
15376.22356414795,2506
15377.220630645752,2520
15378.218650817871,2506
15379.215955734253,2490
15380.211591720581,2450
15381.209135055542,2466
15382.205724716187,2454
15383.203029632568,2476
15384.200096130371,2458
15385.211706161499,2444
15386.194944381714,2478
15387.192010879517,2474
15388.189554214478,2490
15389.18662071228,2492
15390.183687210083,2502
15391.181468963623,2486
15392.179012298584,2486
15393.175840377808,2454
15394.173383712769,2482
15395.184755325317,2458
15396.167993545532,2454
15397.165298461914,2446
15398.162603378296,2444
15399.160146713257,2446
15400.15721321106,2454
15401.1549949646,2480
15402.15277671814,2482
15403.149604797363,2474
15404.146671295166,2450
15405.143976211548,2470
15406.14128112793,2484
15407.13882446289,2466
15408.135890960693,2470
15409.14249420166,2450
15410.130500793457,2430
15411.128044128418,2476
15412.125587463379,2452
15413.12289237976,2500
15414.119958877563,2502
15415.117263793945,2480
15416.114568710327,2482
15417.112112045288,2504
15418.10941696167,2490
15419.106483459473,2486
15420.104026794434,2486
15421.101570129395,2458
15422.098636627197,2450
15423.096179962158,2454
15424.093246459961,2486
15425.090551376343,2514
15426.087856292725,2502
15427.08683013916,2494
15428.111791610718,2450
15429.1090965271,2462
15430.10663986206,2450
15431.103944778442,2474
15432.074546813965,2454
15433.08424949646,2446
15434.619426727295,2466
15435.092687606812,2458
15435.625076293945,2470
15436.624526977539,2518
15437.6060962677,2502
15438.634157180786,2542
15439.60428237915,2486
15440.603017807007,2466
15441.627502441406,2458
15442.5950050354,2510
15443.592548370361,2514
15444.59056854248,2490
15445.586919784546,2468
15446.58637046814,2430
15447.582721710205,2480
15448.579549789429,2534
15449.605226516724,2570
15450.604438781738,2504
15451.570987701416,2522
15452.628374099731,2470
15453.59468460083,2470
15454.592943191528,2462
15455.590724945068,2418
15456.587314605713,2492
15457.584381103516,2446
15458.55712890625,2422
15459.548950195312,2462
15460.546493530273,2480
15461.543560028076,2506
15462.541103363037,2504
15463.53816986084,2506
15464.5357131958,2486
15465.533018112183,2474
15466.530323028564,2462
15467.527627944946,2486
15468.524694442749,2470
15469.522476196289,2478
15470.519542694092,2486
15471.516847610474,2454
15472.514390945435,2482
15473.511695861816,2482
15474.51138496399,2478
15475.508689880371,2484
15476.505517959595,2480
15477.504253387451,2430
15478.498697280884,2450
15479.495763778687,2458
15480.493068695068,2454
15481.49061203003,2426
15482.48815536499,2424
15483.485460281372,2408
15484.489440917969,2424
15485.479593276978,2490
15486.477136611938,2504
15488.47222328186,2494
15489.469528198242,2458
15490.49687385559,2460
15491.493701934814,2462
15492.491722106934,2426
15492.491722106934,2424
15493.493556976318,2446
15494.486808776855,2416
15496.450662612915,2458
15496.450662612915,2486
15497.447967529297,2486
15498.4450340271,2486
15500.439882278442,2502
15501.437425613403,2472
15502.434492111206,2444
15502.434492111206,2470
15503.431797027588,2450
15504.42886352539,2454
15506.423950195312,2470
15507.423162460327,2430
15508.41999053955,2448
15509.41777229309,2430
15510.416269302368,2446
15511.411428451538,2482
15512.408018112183,2512
15513.434886932373,2444
15514.431238174438,2418
15515.429258346558,2444
15516.42632484436,2426
15517.423629760742,2458
15518.421173095703,2446
15519.419431686401,2422
15520.38836479187,2470
15521.384477615356,2470
15522.416353225708,2454
15523.40817451477,2502
15524.37710762024,2474
15525.37488937378,2466
15526.400566101074,2466
15527.39691734314,2458
15528.39469909668,2446
15529.39486503601,2430
15530.38740158081,2454
15531.386375427246,2478
15532.355070114136,2462
15533.379316329956,2474
15534.379005432129,2482
15535.348653793335,2514
15536.347389221191,2502
15537.372589111328,2470
15538.368940353394,2456
15539.366483688354,2430
15540.363550186157,2446
15541.331052780151,2450
15542.32931137085,2426
15543.35618019104,2454
15544.350385665894,2450
15545.370817184448,2458
15546.346664428711,2458
15547.343969345093,2506
15548.346996307373,2486
15549.338817596436,2462
15550.336837768555,2458
15551.304817199707,2442
15552.302122116089,2446
15553.3287525177,2444
15554.325342178345,2450
15555.322885513306,2476
15556.31971359253,2462
15557.31725692749,2424
15558.315753936768,2462
15559.312105178833,2510
15560.280323028564,2574
15561.278581619263,2512
15562.30878829956,2508
15563.30132484436,2470
15564.29934501648,2454
15565.296411514282,2416
15566.294193267822,2422
15567.291498184204,2448
15568.259239196777,2454
15569.257974624634,2458
15570.255279541016,2506
15571.253776550293,2502
15572.250604629517,2488
15573.24767112732,2502
15574.244976043701,2478
15575.242280960083,2468
15576.239347457886,2448
15577.236652374268,2430
15578.234195709229,2426
15579.231977462769,2450
15580.22928237915,2478
15581.226348876953,2478
15582.223892211914,2488
15583.219528198242,2526
15584.216356277466,2478
15585.213422775269,2522
15586.210489273071,2490
15587.208032608032,2522
15588.205575942993,2482
15589.202880859375,2450
15590.200424194336,2474
15591.197490692139,2466
15592.1950340271,2488
15593.191862106323,2490
15594.189643859863,2486
15595.186710357666,2518
15596.184015274048,2526
15597.18108177185,2510
15598.17886352539,2494
15599.175930023193,2448
15600.173711776733,2482
15601.173400878906,2512
15602.171182632446,2490
15603.168249130249,2488
15604.16555404663,2486
15605.162143707275,2502
15606.159687042236,2494
15607.156753540039,2486
15608.15405845642,2512
15609.15207862854,2518
15610.148906707764,2506
15611.146688461304,2472
15612.144231796265,2424
15613.141059875488,2446
15614.13836479187,2470
15615.135669708252,2510
15616.132974624634,2482
15617.130041122437,2470
15618.127584457397,2458
15619.126081466675,2522
15620.12243270874,2486
15621.119737625122,2486
15622.117280960083,2474
15623.114347457886,2458
15624.111890792847,2410
15625.10871887207,2414
15626.106262207031,2450
15627.103805541992,2464
15628.101348876953,2454
15629.098415374756,2474
15630.095958709717,2490
15631.094217300415,2530
15632.09080696106,2482
15633.087396621704,2482
15634.085416793823,2478
15635.082244873047,2448
15636.079788208008,2458
15637.076616287231,2430
15638.074159622192,2482
15639.071702957153,2454
15640.069484710693,2474
15641.066789627075,2478
15642.063856124878,2494
15643.06092262268,2514
15644.058465957642,2516
15645.055532455444,2490
15646.053314208984,2458
15647.050142288208,2452
15648.047685623169,2442
15649.04499053955,2426
15650.042057037354,2426
15651.040315628052,2458
15652.0516872406,2504
15653.034925460815,2514
15654.03151512146,2516
15655.028820037842,2536
15656.026601791382,2546
15657.023429870605,2524
15658.021450042725,2534
15659.018278121948,2506
15660.016059875488,2508
15661.013841629028,2476
15662.010669708252,2490
15663.007736206055,2482
15664.0043258667,2512
15665.002346038818,2550
15665.9996509552,2518
15666.996955871582,2502
15667.994737625122,2418
15668.991565704346,2444
15669.989585876465,2482
15670.986652374268,2454
15671.984434127808,2462
15672.981023788452,2458
15673.978328704834,2430
15674.975633621216,2422
15675.972700119019,2426
15676.973104476929,2474
15677.994966506958,2478
15678.99203300476,2484
15679.988622665405,2504
15680.986881256104,2474
15681.957483291626,2478
15682.953357696533,2502
15683.978796005249,2494
15684.97610092163,2480
15685.973644256592,2468
15686.971187591553,2470
15687.969446182251,2518
15688.966512680054,2540
15689.962387084961,2550
15690.961599349976,2544
15691.929817199707,2526
15692.926168441772,2502
15693.923234939575,2512
15694.923162460327,2512
15695.918321609497,2484
15696.915864944458,2480
15697.912693023682,2448
15698.909997940063,2454
15699.907541275024,2498
15700.904369354248,2452
15701.901912689209,2518
15702.9287815094,2502
15703.928470611572,2492
15704.925537109375,2470
15705.92188835144,2480
15706.889152526855,2476
15707.88598060608,2446
15708.88352394104,2422
15709.880590438843,2450
15710.878133773804,2454
15712.385177612305,2474
15713.452100753784,2478
15714.37931060791,2502
15715.40093421936,2470
15716.405153274536,2458
15717.397689819336,2422
15718.395471572876,2410
15719.392776489258,2412
15720.38984298706,2392
15721.388101577759,2406
15722.38564491272,2406
15723.381996154785,2418
15724.409818649292,2454
15725.405931472778,2498
15726.405143737793,2542
15727.40125656128,2502
15728.398323059082,2502
15729.396104812622,2488
15730.393409729004,2472
15731.391191482544,2406
15732.360363006592,2502
15733.355522155762,2494
15734.382152557373,2500
15735.3515625,2506
15736.376285552979,2518
15737.37359046936,2546
15738.344192504883,2542
15739.341497421265,2524
15740.33808708191,2538
15741.335391998291,2504
15742.334604263306,2514
15743.330240249634,2470
15744.327783584595,2482
15745.324850082397,2470
15746.32215499878,2470
15747.319459915161,2468
15748.317003250122,2478
15749.316453933716,2458
15750.31566619873,2482
15751.317501068115,2514
15752.304553985596,2482
15753.316640853882,2482
15754.31752204895,2458
15755.317687988281,2456
15756.346940994263,2446
15757.313251495361,2450
15758.32223892212,2406
15759.315729141235,2448
15760.294198989868,2462
15761.308193206787,2490
15762.277841567993,2494
15763.303518295288,2518
15764.300107955933,2474
15765.299558639526,2474
15766.29662513733,2454
15767.263889312744,2442
15768.261671066284,2498
15769.259452819824,2500
15770.25580406189,2470
15771.25358581543,2482
15772.250890731812,2542
15773.247957229614,2538
15774.245262145996,2546
15775.242567062378,2560
15776.23987197876,2542
15777.23741531372,2508
15778.234958648682,2478
15779.232025146484,2426
15780.229330062866,2458
15781.227111816406,2478
15782.224178314209,2426
15783.22172164917,2418
15784.21950340271,2482
15785.216569900513,2510
15786.213636398315,2514
15787.210941314697,2534
15788.2080078125,2538
15789.207696914673,2504
15790.205001831055,2496
15791.203260421753,2498
15792.205095291138,2526
15793.19715499878,2504
15794.193983078003,2514
15795.191287994385,2526
15796.188592910767,2492
15797.185897827148,2522
15798.18320274353,2510
15799.18098449707,2538
15800.205707550049,2542
15801.17392539978,2522
15802.17456817627,2498
15803.197622299194,2482
15804.195642471313,2458
15805.192470550537,2452
15806.189775466919,2474
15807.187795639038,2486
15808.184146881104,2478
15809.181928634644,2478
15810.194730758667,2522
15811.147451400757,2478
15812.145233154297,2480
15813.173055648804,2482
15814.171552658081,2450
15815.165758132935,2494
15816.133260726929,2444
15817.141056060791,2422
15818.12858581543,2454
15819.12612915039,2474
15820.123672485352,2458
15821.120500564575,2454
15822.118043899536,2474
15823.115110397339,2502
15824.112176895142,2504
15825.109243392944,2506
15826.106786727905,2470
15827.104091644287,2444
15828.101873397827,2422
15829.098463058472,2456
15830.095767974854,2482
15831.124782562256,2510
15832.1213722229,2514
15834.087371826172,2510
15834.087371826172,2502
15835.08324623108,2538
15836.080551147461,2578
15837.078332901001,2522
15838.075160980225,2486
15839.072227478027,2470
15840.06929397583,2454
15841.067790985107,2430
15842.06485748291,2448
15843.061685562134,2430
15844.059467315674,2456
15845.056772232056,2480
15846.053838729858,2490
15847.05138206482,2514
15848.048448562622,2470
15849.045753479004,2466
15850.042581558228,2444
15851.043939590454,2428
15852.038621902466,2422
15853.044986724854,2416
15854.032039642334,2482
15855.029582977295,2462
15856.026887893677,2510
15857.02395439148,2510
15858.029127120972,2520
15859.018802642822,2518
15860.015869140625,2526
15861.013412475586,2534
15862.013101577759,2506
15863.009452819824,2478
15864.006280899048,2478
15865.004301071167,2490
15866.000890731812,2466
15866.997718811035,2494
15867.995023727417,2486
15868.993043899536,2516
15869.990348815918,2542
15870.987176895142,2586
15871.98519706726,2538
15872.983455657959,2534
15873.979568481445,2490
15874.976873397827,2482
15875.974178314209,2482
15876.97172164917,2476
15877.968549728394,2470
15878.965854644775,2486
15879.962921142578,2474
15880.960941314697,2494
15881.958723068237,2514
15882.955312728882,2502
15883.952617645264,2506
15884.950876235962,2486
15885.947227478027,2510
15886.94429397583,2488
15887.942552566528,2470
15888.93985748291,2478
15889.937162399292,2500
15890.934944152832,2514
15891.932249069214,2512
15892.928838729858,2534
15893.95546913147,2518
15894.925355911255,2546
15895.950317382812,2542
15896.948337554932,2522
15897.944927215576,2510
15898.942470550537,2506
15899.939775466919,2482
15900.93731880188,2480
15901.904821395874,2492
15902.932405471802,2508
15903.928518295288,2518
15904.926776885986,2538
15905.92336654663,2526
15906.92114830017,2524
15907.891511917114,2468
15908.888578414917,2454
15909.885883331299,2474
15910.883903503418,2446
15911.881446838379,2422
15912.878036499023,2454
15913.875341415405,2474
15914.872646331787,2486
15915.86947441101,2474
15916.867017745972,2478
15917.864561080933,2520
15918.862104415894,2544
15919.858694076538,2552
15920.85599899292,2526
15921.855211257935,2494
15922.85418510437,2446
15923.876762390137,2430
15924.87382888794,2418
15925.8713722229,2430
15926.837682723999,2450
15927.83498764038,2470
15928.832292556763,2512
15929.829359054565,2492
15930.827379226685,2506
15931.824445724487,2470
15932.82175064087,2492
15933.818578720093,2506
15934.815883636475,2510
15935.813426971436,2470
15936.810970306396,2458
15937.808752059937,2472
15938.80581855774,2490
15939.8033618927,2466
15940.800189971924,2482
15941.797971725464,2458
15942.795515060425,2450
15943.792581558228,2454
15944.789171218872,2450
15945.786952972412,2446
15946.784019470215,2418
15947.781801223755,2382
15948.778867721558,2422
15949.776411056519,2442
15950.773477554321,2442
15951.770782470703,2486
15952.768325805664,2540
15953.765153884888,2490
15954.765558242798,2490
15955.7626247406,2490
15956.759691238403,2502
15957.757234573364,2490
15958.754301071167,2510
15959.751844406128,2494
15960.748434066772,2462
15961.747407913208,2458
15962.750673294067,2466
15963.740825653076,2506
15964.738368988037,2492
15965.735673904419,2512
15966.73321723938,2510
15967.730522155762,2494
15968.728065490723,2538
15969.724416732788,2512
15970.72148323059,2486
15971.719980239868,2454
15972.716808319092,2460
15973.713636398315,2470
15974.710464477539,2498
15975.707530975342,2522
15976.705074310303,2506
15977.702379226685,2486
15978.700637817383,2528
15979.697942733765,2546
15980.695486068726,2488
15981.693744659424,2466
15982.69009590149,2486
15983.687162399292,2486
15984.684467315674,2472
15985.711336135864,2478
15986.708402633667,2426
15987.705945968628,2504
15988.70325088501,2534
15989.700555801392,2550
15990.697383880615,2526
15991.694688796997,2538
15992.692232131958,2534
15993.658781051636,2526
15994.6870803833,2514
15995.684385299683,2510
15996.681213378906,2476
15997.678995132446,2454
15998.676300048828,2482
15999.67360496521,2510
16000.670671463013,2542
16001.64270401001,2522
16002.63524055481,2482
16003.662824630737,2462
16004.659652709961,2460
16005.65791130066,2426
16006.654739379883,2422
16007.652759552002,2422
16008.657693862915,2394
16009.653329849243,2378
16010.643482208252,2426
16011.611223220825,2470
16012.609481811523,2470
16013.635873794556,2510
16014.641523361206,2466
16015.631675720215,2492
16016.597270965576,2490
16017.594337463379,2470
16018.59164237976,2494
16019.588947296143,2458
16020.586252212524,2406
16021.58498764038,2470
16022.581815719604,2466
16023.578643798828,2506
16024.57571029663,2500
16025.572776794434,2502
16026.570320129395,2506
16027.567863464355,2490
16028.564929962158,2466
16029.561996459961,2474
16030.559778213501,2476
16031.558990478516,2414
16032.554864883423,2446
16033.581495285034,2456
16034.584045410156,2418
16035.576343536377,2450
16036.57341003418,2474
16037.570714950562,2504
16038.568258285522,2498
16039.566040039062,2494
16040.56453704834,2478
16041.561603546143,2454
16042.557954788208,2554
16043.55502128601,2450
16044.5237159729,2486
16045.550346374512,2458
16046.547412872314,2422
16047.54662513733,2484
16048.543214797974,2522
16049.547672271729,2510
16050.50802230835,2516
16051.506996154785,2478
16052.503824234009,2450
16053.529500961304,2446
16054.527044296265,2458
16055.524349212646,2482
16056.522130966187,2478
16057.524681091309,2470
16058.516263961792,2474
16059.520244598389,2484
16060.481548309326,2470
16062.475204467773,2534
16062.475204467773,2534
16063.474655151367,2470
16064.471244812012,2484
16065.46926498413,2472
16066.466331481934,2474
16067.463636398315,2482
16068.460941314697,2506
16069.458723068237,2482
16071.48003578186,2488
16072.477102279663,2474
16073.473930358887,2454
16074.471712112427,2522
16075.469255447388,2502
16076.46632194519,2450
16077.437400817871,2442
16078.434467315674,2410
16079.432249069214,2416
16080.429553985596,2446
16081.426620483398,2502
16082.424640655518,2454
16083.423137664795,2456
16084.419250488281,2478
16085.415124893188,2478
16086.425304412842,2504
16087.424516677856,2486
16088.427305221558,2458
16089.42437171936,2446
16090.402364730835,2454
16091.399908065796,2468
16092.398643493652,2468
16093.39451789856,2480
16094.391584396362,2486
16095.388889312744,2482
16096.385955810547,2526
16097.383975982666,2522
16098.38080406189,2536
16099.378108978271,2534
16100.37899017334,2534
16101.373195648193,2522
16102.370977401733,2478
16103.368043899536,2458
16104.36463356018,2418
16105.361938476562,2426
16106.359481811523,2490
16107.357025146484,2452
16108.352184295654,2426
16109.349489212036,2458
16110.346555709839,2488
16111.3440990448,2506
16112.34164237976,2482
16113.338708877563,2514
16114.336013793945,2430
16115.333318710327,2426
16116.33014678955,2414
16117.32792854309,2412
16118.325233459473,2446
16119.322538375854,2470
16120.320081710815,2452
16121.317625045776,2478
16122.31469154358,2502
16123.342990875244,2510
16124.340057373047,2502
16125.337362289429,2510
16126.334428787231,2510
16127.358436584473,2470
16128.329992294312,2486
16129.326343536377,2520
16130.323648452759,2518
16131.321907043457,2542
16132.31873512268,2518
16133.3167552948,2526
16134.317636489868,2526
16135.28037071228,2518
16136.307954788208,2538
16137.304306030273,2514
16138.301849365234,2514
16139.299392700195,2486
16140.296697616577,2470
16141.293048858643,2486
16142.290115356445,2426
16143.287181854248,2454
16144.28424835205,2482
16145.281553268433,2468
16146.279096603394,2470
16147.275686264038,2454
16148.273229598999,2458
16149.272203445435,2474
16150.269746780396,2482
16151.23987197876,2478
16152.236461639404,2426
16153.262376785278,2442
16154.260396957397,2454
16155.227184295654,2470
16156.224250793457,2486
16157.221555709839,2490
16158.2190990448,2490
16159.216165542603,2506
16160.213232040405,2502
16161.211729049683,2518
16163.457870483398,2494
16163.457870483398,2474
16164.202213287354,2494
16164.705276489258,2506
16166.207075119019,2514
16166.709423065186,2524
16167.708396911621,2522
16168.708324432373,2538
16169.703483581543,2574
16170.704364776611,2602
16171.701192855835,2522
16172.695636749268,2542
16173.693180084229,2520
16174.690008163452,2526
16175.718307495117,2490
16176.722526550293,2478
16177.712440490723,2478
16178.709506988525,2506
16179.706811904907,2542
16180.67717552185,2538
16181.702375411987,2490
16182.69968032837,2540
16183.69722366333,2578
16184.701681137085,2542
16185.691356658936,2522
16186.667203903198,2526
16187.686204910278,2504
16188.682317733765,2502
16189.679145812988,2454
16190.67668914795,2474
16191.647052764893,2488
16192.643404006958,2478
16193.642377853394,2502
16194.666147232056,2484
16195.663452148438,2486
16196.66075706482,2462
16197.657823562622,2474
16198.66156578064,2474
16199.658155441284,2452
16200.650215148926,2426
16201.648950576782,2470
16202.645778656006,2478
16203.644752502441,2526
16204.641103744507,2518
16205.637693405151,2554
16206.63571357727,2542
16207.632064819336,2470
16208.629131317139,2538
16209.627628326416,2554
16210.59513092041,2536
16211.622476577759,2490
16212.62001991272,2490
16213.616847991943,2490
16214.613437652588,2534
16215.610980987549,2570
16216.608047485352,2598
16217.605113983154,2550
16219.570398330688,2558
16219.570398330688,2524
16220.597505569458,2512
16221.565246582031,2466
16222.562551498413,2426
16223.59013557434,2374
16224.587440490723,2346
16225.584745407104,2322
16226.581811904907,2326
16227.549076080322,2354
16228.564739227295,2330
16229.573726654053,2322
16230.571746826172,2350
16231.568098068237,2338
16233.534574508667,2406
16234.53164100647,2430
16235.52918434143,2426
16236.526727676392,2416
16237.523555755615,2442
16238.520860671997,2510
16239.516973495483,2490
16240.516901016235,2520
16240.516901016235,2546
16241.51349067688,2522
16242.510795593262,2542
16246.498107910156,2558
16246.498107910156,2534
16246.498107910156,2494
16246.498107910156,2514
16247.498035430908,2502
16248.52180480957,2506
16250.487565994263,2486
16250.487565994263,2538
16252.48384475708,2526
16252.48384475708,2552
16253.50832939148,2522
16254.505395889282,2522
16255.508661270142,2510
16257.498741149902,2494
16257.498741149902,2470
16258.495330810547,2406
16260.489463806152,2346
16261.460542678833,2342
16262.456178665161,2342
16263.453006744385,2374
16264.44959640503,2410
16265.446901321411,2506
16266.444206237793,2484
16267.441749572754,2538
16268.439054489136,2554
16268.439054489136,2538
16269.436359405518,2550
16271.430969238281,2554
16272.428274154663,2522
16273.425579071045,2474
16274.423122406006,2484
16275.420188903809,2476
16276.41749382019,2498
16277.41527557373,2490
16278.412342071533,2468
16279.412746429443,2478
16280.409336090088,2430
16281.40664100647,2446
16282.40442276001,2426
16283.399105072021,2398
16284.396171569824,2394
16285.393714904785,2386
16286.391019821167,2366
16287.38808631897,2396
16288.38562965393,2456
16289.383172988892,2486
16290.380239486694,2526
16291.377544403076,2554
16292.375087738037,2546
16293.37215423584,2576
16294.407367706299,2606
16295.419692993164,2634
16296.402931213379,2606
16297.38974571228,2588
16298.39539527893,2554
16299.383878707886,2582
16300.378799438477,2550
16301.37825012207,2554
16302.350997924805,2620
16303.375720977783,2574
16304.373264312744,2558
16305.341005325317,2504
16306.3383102417,2508
16307.335615158081,2482
16308.332443237305,2510
16309.329748153687,2492
16310.327529907227,2506
16311.32698059082,2486
16312.323093414307,2502
16313.34662437439,2494
16314.344882965088,2506
16315.341234207153,2452
16316.341876983643,2392
16317.33775138855,2390
16318.335056304932,2416
16319.331884384155,2420
16320.329666137695,2418
16321.326732635498,2388
16322.297096252441,2414
16323.294401168823,2454
16324.31960105896,2454
16326.284885406494,2514
16326.284885406494,2540
16327.282190322876,2560
16328.279972076416,2570
16329.278469085693,2538
16330.275535583496,2512
16331.274032592773,2502
16332.271337509155,2448
16333.2679271698,2406
16334.267139434814,2418
16335.262775421143,2394
16336.260318756104,2398
16337.256908416748,2426
16338.254690170288,2490
16339.25199508667,2494
16340.247392654419,2474
16341.2446975708,2454
16342.242002487183,2460
16343.239068984985,2422
16344.236612319946,2398
16345.233678817749,2418
16346.230745315552,2414
16347.228050231934,2392
16348.225355148315,2478
16349.222660064697,2474
16350.21996498108,2542
16351.21774673462,2506
16354.21085357666,2556
16354.21085357666,2544
16354.21085357666,2574
16355.257511138916,2544
16356.204509735107,2534
16357.21206665039,2486
16358.198881149292,2462
16359.196186065674,2478
16360.193490982056,2470
16361.191511154175,2458
16362.188577651978,2458
16363.18588256836,2494
16364.183187484741,2458
16365.180492401123,2488
16366.178035736084,2428
16367.175102233887,2430
16368.172645568848,2406
16369.170188903809,2384
16370.169401168823,2390
16371.165037155151,2426
16372.162103652954,2456
16373.162031173706,2482
16374.15885925293,2526
16375.15664100647,2554
16376.15418434143,2546
16377.151489257812,2574
16378.148794174194,2546
16379.146814346313,2542
16410.062074661255,2606
16411.059141159058,2574
16411.059141159058,2586
16411.059141159058,2586
16411.059141159058,2588
16411.059141159058,2574
16411.059141159058,2602
16411.059141159058,2578
16412.05668449402,2554
16412.05668449402,2516
16412.05668449402,2520
16412.05668449402,2494
16412.05668449402,2482
16412.05668449402,2450
16413.053512573242,2454
16413.053512573242,2386
16413.053512573242,2408
16413.053512573242,2410
16413.053512573242,2422
16413.053512573242,2446
16413.053512573242,2426
16413.053512573242,2462
16414.050579071045,2446
16414.050579071045,2478
16414.050579071045,2424
16414.050579071045,2470
16414.050579071045,2454
16414.050579071045,2450
16414.050579071045,2462
16415.047883987427,2470
16415.047883987427,2462
16415.047883987427,2460
16415.047883987427,2490
16415.047883987427,2498
16415.047883987427,2502
16416.04495048523,2522
16416.04495048523,2540
16417.04249382019,2542
16418.039798736572,2582
16419.036865234375,2556
16420.034646987915,2546
16421.031951904297,2526
16422.029495239258,2526
16423.02680015564,2518
16424.0243434906,2518
16425.02188682556,2470
16426.0196685791,2444
16427.016496658325,2430
16428.027868270874,2420
16429.01062965393,2422
16430.009126663208,2454
16431.00595474243,2428
16432.003259658813,2446
16433.000564575195,2446
16433.997631072998,2454
16434.99445915222,2486
16435.99224090576,2486
16436.9900226593,2480
16437.986850738525,2446
16438.983917236328,2428
16439.982175827026,2470
16440.97900390625,2450
16441.97702407837,2482
16442.973852157593,2504
16443.971633911133,2518
16444.968223571777,2476
16445.96552848816,2460
16446.962356567383,2482
16447.960376739502,2510
16448.957920074463,2504
16449.954748153687,2486
16450.952529907227,2466
16451.951026916504,2446
16452.946662902832,2478
16453.943729400635,2480
16454.941749572754,2514
16455.938816070557,2502
16456.93588256836,2480
16457.9336643219,2510
16458.93621444702,2502
16459.927558898926,2510
16460.925102233887,2486
16461.92240715027,2480
16463.917016983032,2468
16463.917016983032,2468
16464.914321899414,2472
16465.912103652954,2446
16466.909408569336,2446
16467.90647506714,2458
16468.9040184021,2512
16469.901084899902,2454
16470.898866653442,2510
16471.895694732666,2472
16472.893476486206,2538
16473.89054298401,2514
16474.88784790039,2542
16475.884914398193,2476
16476.882457733154,2470
16477.879762649536,2432
16478.877544403076,2410
16479.8743724823,2362
16480.87167739868,2332
16481.868982315063,2262
16482.866287231445,2252
16483.863592147827,2314
16484.861373901367,2358
16485.85844039917,2378
16486.85598373413,2348
16487.853288650513,2378
16488.851308822632,2388
16489.847898483276,2378
16490.845441818237,2414
16491.842031478882,2448
16492.839574813843,2422
16493.837356567383,2472
16494.834661483765,2476
16495.832204818726,2510
16496.829509735107,2522
16497.82657623291,2514
16498.82411956787,2580
16499.820947647095,2578
16500.818967819214,2550
16501.815795898438,2570
16502.81310081482,2606
16503.81088256836,2646
16504.807949066162,2610
16505.805015563965,2618
16506.802797317505,2578
16507.800579071045,2546
16508.79693031311,2526
16509.79447364807,2504
16510.79225540161,2476
16511.789321899414,2390
16512.787103652954,2420
16513.784170150757,2422
16514.78123664856,2470
16515.778303146362,2430
16516.775846481323,2474
16517.773151397705,2446
16518.770217895508,2454
16519.76728439331,2476
16520.76506614685,2470
16521.762132644653,2458
16522.76039123535,2418
16523.756980895996,2418
16524.754762649536,2426
16525.752544403076,2458
16526.7493724823,2456
16527.747631072998,2458
16528.744220733643,2442
16529.741525650024,2466
16530.738592147827,2482
16531.73589706421,2468
16532.73367881775,2488
16533.730506896973,2494
16534.728050231934,2506
16535.725831985474,2486
16536.722898483276,2494
16537.71996498108,2510
16538.71750831604,2510
16571.629524230957,2524
16572.62635231018,2534
16572.62635231018,2536
16572.62635231018,2536
16572.62635231018,2542
16572.62635231018,2570
16572.62635231018,2554
16573.62413406372,2528
16573.62413406372,2526
16573.62413406372,2510
16573.62413406372,2522
16573.62413406372,2522
16573.62413406372,2518
16573.62413406372,2464
16574.62167739868,2480
16574.62167739868,2482
16574.62167739868,2460
16574.62167739868,2422
16574.62167739868,2446
16574.62167739868,2446
16574.62167739868,2398
16575.618743896484,2418
16575.618743896484,2442
16575.618743896484,2444
16575.618743896484,2428
16575.618743896484,2470
16575.618743896484,2482
16576.616048812866,2484
16576.616048812866,2524
16576.616048812866,2470
16576.616048812866,2534
16576.616048812866,2522
16576.616048812866,2532
16577.614307403564,2522
16577.614307403564,2556
16577.614307403564,2510
16578.611373901367,2510
16578.611373901367,2534
16578.611373901367,2526
16578.611373901367,2508
16579.609632492065,2486
16580.606937408447,2446
16581.60376548767,2422
16582.600593566895,2430
16583.598136901855,2450
16584.595918655396,2396
16585.594415664673,2448
16586.591482162476,2448
16587.5883102417,2482
16589.5836353302,2502
16589.5836353302,2698
16590.580940246582,2502
16592.572689056396,2502
16593.570232391357,2506
16593.570232391357,2542
16594.56706047058,2502
16595.5650806427,2478
16597.5604057312,2504
16597.5604057312,2482
16598.556995391846,2494
16599.554777145386,2538
16600.55160522461,2494
16601.54962539673,2446
16602.546453475952,2506
16604.541540145874,2478
16604.541540145874,2506
16605.541229248047,2514
16607.53321647644,2516
16607.53321647644,2520
16608.53099822998,2522
16609.52925682068,2494
16611.523151397705,2482
16612.521171569824,2462
16613.517999649048,2458
16614.516258239746,2452
16615.51308631897,2416
16616.509914398193,2442
16617.506504058838,2474
16618.510007858276,2516
16619.502544403076,2522
16620.4993724823,2554
16621.496200561523,2574
16622.493982315063,2546
16623.491048812866,2554
16624.489545822144,2526
16625.48589706421,2570
16626.482725143433,2544
16627.480506896973,2518
16628.477096557617,2518
16629.474639892578,2514
16630.47194480896,2462
16631.471633911133,2448
16632.469177246094,2452
16633.463621139526,2416
16634.46044921875,2428
16635.45823097229,2454
16636.455535888672,2444
16637.455940246582,2454
16638.450384140015,2424
16639.44983482361,2430
16640.44737815857,2458
16641.44515991211,2406
16642.44294166565,2340
16643.439531326294,2334
16644.437313079834,2350
16645.43390274048,2358
16646.43144607544,2342
16647.428512573242,2380
16648.426055908203,2406
16649.422645568848,2486
16650.418996810913,2542
16651.415586471558,2552
16652.41241455078,2590
16653.409719467163,2598
16654.407501220703,2586
16655.41100502014,2598
16656.401872634888,2578
16657.39893913269,2606
16658.39672088623,2550
16659.394025802612,2538
16660.391330718994,2538
16661.389589309692,2538
16662.385940551758,2548
16663.38324546814,2544
16664.3807888031,2494
16665.378093719482,2418
16666.375398635864,2450
16667.372941970825,2446
16668.370485305786,2416
16669.367790222168,2424
16670.36485671997,2396
16671.36240005493,2442
16675.352096557617,2498
16676.34916305542,2506
16676.34916305542,2510
16676.34916305542,2554
16677.3464679718,2542
16677.3464679718,2536
16678.34448814392,2526
16679.341554641724,2514
16680.339336395264,2502
16682.334184646606,2476
16682.334184646606,2482
16683.33148956299,2466
16684.32855606079,2442
16685.324907302856,2450
16686.322689056396,2502
16687.320232391357,2486
16688.31777572632,2494
16689.31484222412,2482
16690.312385559082,2430
16691.309452056885,2448
16692.306518554688,2442
16693.30406188965,2446
16694.30136680603,2426
16695.299863815308,2458
16696.29693031311,2456
16697.293996810913,2480
16698.290824890137,2488
16699.288606643677,2518
16700.286626815796,2538
16701.28297805786,2522
16702.28099822998,2522
16703.277826309204,2506
16704.274654388428,2512
16705.273628234863,2500
16706.26997947693,2490
16707.26752281189,2506
16708.264350891113,2502
16709.262132644653,2502
16710.259675979614,2490
16711.256504058838,2490
16712.252616882324,2504
16713.250637054443,2518
16714.24889564514,2478
16715.245246887207,2470
16716.243267059326,2482
16717.24033355713,2498
16718.23740005493,2476
16719.23542022705,2506
16720.232725143433,2466
16721.229791641235,2494
16722.227573394775,2494
16723.226308822632,2492
16724.222898483276,2494
16725.220441818237,2474
16726.216793060303,2448
16727.213382720947,2474
16728.21021080017,2450
16729.207038879395,2452
16730.204582214355,2446
16731.203079223633,2446
16732.199907302856,2406
16733.208894729614,2478
16734.193801879883,2490
16735.193252563477,2526
16736.188650131226,2534
16737.185955047607,2526
16738.18349838257,2498
16739.18080329895,2510
16740.178108215332,2480
16741.17684364319,2490
16742.174863815308,2510
16743.170738220215,2506
16744.168758392334,2506
16745.16534805298,2514
16746.164083480835,2550
16747.16067314148,2510
16748.15797805786,2508
16749.155282974243,2510
16750.15163421631,2482
16751.150608062744,2450
16752.147912979126,2458
16753.146409988403,2478
16754.14252281189,2474
16755.13982772827,2504
16756.136655807495,2510
16757.13324546814,2506
16758.129835128784,2510
16759.127378463745,2538
16760.124683380127,2538
16761.122226715088,2530
16762.11977005005,2522
16763.116598129272,2502
16764.114141464233,2510
16765.110969543457,2492
16766.10827445984,2522
16767.10557937622,2548
16768.102884292603,2512
16769.100189208984,2550
16770.097732543945,2544
16771.095037460327,2598
16772.093534469604,2548
16773.090600967407,2520
16774.08790588379,2504
16775.08497238159,2474
16776.084423065186,2428
16777.080297470093,2430
16778.07664871216,2398
16779.07419204712,2458
16780.0714969635,2442
16781.071186065674,2468
16782.06753730774,2458
16783.065795898438,2506
16784.061670303345,2514
16785.059690475464,2486
16786.05628013611,2474
16787.05358505249,2450
16788.049936294556,2446
16789.04700279236,2474
16790.04406929016,2502
16791.04208946228,2506
16792.03987121582,2534
16793.036937713623,2558
16794.034481048584,2522
16795.033931732178,2550
16796.030521392822,2538
16797.027587890625,2554
16798.02417755127,2482
16799.021244049072,2526
16800.01997947693,2506
16801.016807556152,2460
16802.01292037964,2502
16803.0104637146,2490
16804.007053375244,2522
16805.007219314575,2514
16806.00380897522,2526
16806.999444961548,2534
16807.99674987793,2516
16808.993577957153,2532
16809.991359710693,2534
16810.989141464233,2502
16811.986207962036,2486
16812.98542022705,2470
16813.982009887695,2492
16814.980506896973,2512
16815.977096557617,2520
16816.973447799683,2510
16817.970991134644,2502
16818.967580795288,2486
16819.96464729309,2500
16820.96219062805,2478
16821.96021080017,2420
16822.956562042236,2446
16823.953866958618,2426
16824.95093345642,2450
16825.948238372803,2430
16826.954126358032,2516
16827.942848205566,2482
16828.93991470337,2470
16829.93769645691,2488
16830.934762954712,2504
16831.93278312683,2444
16832.929849624634,2474
16833.930015563965,2490
16834.924697875977,2448
16835.922479629517,2428
16836.91954612732,2454
16837.916612625122,2472
16838.9151096344,2454
16839.91241455078,2514
16840.909004211426,2518
16841.90607070923,2526
16842.904090881348,2528
16843.90139579773,2506
16844.898462295532,2524
16845.895767211914,2518
16846.893310546875,2494
16847.8901386261,2474
16848.888158798218,2474
16849.884748458862,2494
16850.882053375244,2490
16851.88126564026,2526
16852.877616882324,2510
16853.874444961548,2526
16854.87174987793,2536
16855.86929321289,2524
16856.866359710693,2518
16857.863903045654,2458
16858.8604927063,2476
16859.858512878418,2448
16860.856533050537,2416
16861.852645874023,2442
16862.85090446472,2466
16863.847494125366,2458
16864.845514297485,2510
16865.84210395813,2522
16866.83940887451,2538
16867.836713790894,2526
16868.834018707275,2514
16869.831085205078,2490
16870.82862854004,2518
16871.82569503784,2500
16872.825145721436,2486
16873.82173538208,2500
16874.819040298462,2520
16875.815868377686,2534
16876.813650131226,2574
16877.812385559082,2556
16878.80849838257,2550
16879.819869995117,2538
16880.802154541016,2534
16881.799459457397,2534
16882.79891014099,2550
16883.795499801636,2490
16884.793043136597,2470
16885.78987121582,2480
16886.787176132202,2518
16887.784957885742,2518
16888.781547546387,2554
16889.779567718506,2480
16890.77663421631,2526
16891.77417755127,2512
16892.770767211914,2482
16893.768548965454,2484
16894.765615463257,2480
16895.7622051239,2456
16896.75998687744,2478
16897.757291793823,2468
16898.755311965942,2486
16899.752855300903,2470
16900.750875473022,2516
16901.748418807983,2516
16902.745962142944,2516
16903.743028640747,2510
16904.768705368042,2510
16905.766248703003,2514
16906.763076782227,2514
16907.760858535767,2520
16908.757209777832,2538
16909.754991531372,2486
16910.722255706787,2514
16911.72218322754,2542
16912.71686553955,2514
16913.71488571167,2506
16914.711713790894,2458
16915.711879730225,2446
16916.736602783203,2422
16917.733907699585,2512
16918.702840805054,2426
16919.72780227661,2454
16920.695781707764,2446
16921.722888946533,2418
16922.720193862915,2410
16923.718690872192,2458
16924.68786239624,2476
16925.684452056885,2506
16926.679372787476,2490
16927.676677703857,2504
16928.67350578308,2454
16929.671049118042,2480
16930.668592453003,2470
16931.666135787964,2470
16932.662963867188,2452
16933.660745620728,2450
16934.65781211853,2458
16935.655117034912,2514
16936.652183532715,2526
16937.649488449097,2504
16938.647031784058,2512
16939.64409828186,2510
16940.6418800354,2478
16941.63966178894,2474
16942.636251449585,2430
16943.634271621704,2450
16944.631338119507,2466
16945.62816619873,2448
16946.62570953369,2426
16947.623014450073,2444
16948.620557785034,2492
16949.617624282837,2514
16950.61492919922,2494
16951.61247253418,2516
16952.60977745056,2482
16953.607082366943,2476
16954.604625701904,2482
16955.601930618286,2506
16956.59899711609,2482
16957.627296447754,2494
16958.625078201294,2514
16959.62166786194,2526
16960.590600967407,2518
16961.61723136902,2546
16962.61429786682,2534
16963.611125946045,2526
16964.608430862427,2508
16965.60573577881,2480
16966.60327911377,2476
16967.600345611572,2478
16968.578100204468,2486
16969.595193862915,2416
16970.56484222412,2470
16971.590280532837,2520
16972.586393356323,2484
16973.58465194702,2518
16974.581003189087,2502
16975.578546524048,2486
16976.57799720764,2480
16977.57363319397,2510
16978.57117652893,2518
16980.53812980652,2458
16980.53812980652,2486
16982.567071914673,2478
16982.567071914673,2478
16983.556747436523,2478
16985.522270202637,2506
16986.5300655365,2504
16986.5300655365,2510
16988.51728439331,2486
16988.51728439331,2466
16989.511728286743,2474
16991.536378860474,2478
16991.536378860474,2430
16992.533683776855,2470
16994.527339935303,2454
16995.543479919434,2430
16996.52123451233,2450
16997.51877784729,2426
16998.518466949463,2442
16999.523162841797,2480
17000.53119659424,2450
17000.53119659424,2446
17001.509428024292,2406
17003.504276275635,2414
17004.501819610596,2418
17005.499124526978,2422
17005.499124526978,2426
17007.49444961548,2422
17008.491277694702,2406
17009.488582611084,2454
17010.45799255371,2486
17011.453866958618,2526
17012.45093345642,2446
17013.447761535645,2458
17014.44435119629,2456
17015.448331832886,2470
17016.43991470337,2458
17017.436742782593,2418
17018.434047698975,2476
17019.431829452515,2494
17020.429849624634,2494
17021.4262008667,2462
17022.425174713135,2518
17023.45108985901,2504
17024.420499801636,2514
17025.418043136597,2490
17026.412963867188,2486
17027.431964874268,2478
17028.409957885742,2538
17029.411792755127,2498
17030.458688735962,2502
17031.410455703735,2494
17032.418251037598,2518
17033.435583114624,2512
17034.432649612427,2522
17035.391330718994,2550
17036.441564559937,2542
17037.44077682495,2502
17038.434982299805,2482
17039.435625076294,2468
17040.407180786133,2474
17041.375398635864,2494
17042.372703552246,2490
17043.397665023804,2456
17044.394969940186,2478
17045.392751693726,2524
17046.38934135437,2518
17047.38712310791,2542
17048.384428024292,2538
17049.381732940674,2530
17050.349473953247,2506
17051.34654045105,2486
17052.34384536743,2460
17053.343772888184,2458
17054.34012413025,2506
17055.33766746521,2526
17056.33521080017,2504
17057.332515716553,2482
17058.329343795776,2482
17059.327602386475,2506
17060.32395362854,2506
17061.3214969635,2478
17062.31951713562,2470
17063.316822052002,2446
17064.314126968384,2462
17065.310955047607,2450
17066.306829452515,2472
17067.30341911316,2458
17068.30382347107,2492
17069.29850578308,2524
17070.326566696167,2534
17071.324586868286,2506
17072.320699691772,2578
17073.318243026733,2550
17074.315309524536,2502
17075.312614440918,2474
17076.30968093872,2498
17077.30770111084,2510
17078.30500602722,2502
17079.301595687866,2506
17080.29866218567,2502
17081.266164779663,2486
17082.263469696045,2486
17083.26005935669,2430
17084.25760269165,2486
17085.25538444519,2482
17086.252450942993,2466
17087.250232696533,2458
17088.247060775757,2490
17089.24412727356,2446
17090.2419090271,2446
17091.23945236206,2506
17092.236757278442,2490
17093.234062194824,2476
17094.231367111206,2486
17095.228672027588,2478
17096.22573852539,2480
17097.22328186035,2428
17098.220825195312,2460
17099.220514297485,2452
17100.217819213867,2462
17101.215839385986,2462
17102.219820022583,2454
17103.21044921875,2478
17104.207038879395,2460
17105.203866958618,2478
17106.20141029358,2478
17107.19871520996,2470
17108.196020126343,2458
17109.193563461304,2448
17110.191106796265,2446
17111.188650131226,2422
17112.18571662903,2406
17113.195180892944,2418
17114.179849624634,2482
17115.17643928528,2478
17116.17422103882,2454
17117.1715259552,2450
17118.168592453003,2470
17119.165897369385,2504
17120.162963867188,2450
17121.160984039307,2484
17122.158527374268,2488
17123.156309127808,2482
17124.152660369873,2450
17125.149965286255,2470
17126.147270202637,2476
17127.143383026123,2490
17128.139972686768,2510
17129.137754440308,2534
17130.13482093811,2470
17131.13260269165,2534
17132.13014602661,2546
17133.127212524414,2518
17134.124279022217,2514
17135.121822357178,2502
17136.11912727356,2506
17137.11667060852,2474
17138.113737106323,2500
17139.111280441284,2536
17140.108585357666,2526
17141.106367111206,2510
17142.106771469116,2540
17143.134832382202,2510
17144.09828186035,2526
17145.12538909912,2534
17146.1181640625,2534
17147.122144699097,2500
17148.117303848267,2482
17149.11389350891,2486
17150.114059448242,2494
17151.10969543457,2502
17152.077674865723,2522
17153.103828430176,2586
17154.101133346558,2544
17155.10058403015,2526
17156.09622001648,2498
17157.092809677124,2502
17158.10799598694,2510
17159.088134765625,2514
17160.085916519165,2492
17161.052942276,2474
17162.062406539917,2510
17163.07759284973,2478
17164.0944480896,2486
17165.077686309814,2490
17166.070222854614,2512
17167.067050933838,2500
17168.064832687378,2490
17169.061183929443,2522
17170.059204101562,2546
17171.0262298584,2518
17172.025442123413,2506
17173.020601272583,2500
17174.020528793335,2522
17175.01735687256,2494
17176.015377044678,2538
17177.01244354248,2506
17178.009510040283,2500
17179.006814956665,2510
17180.005073547363,2522
17181.000471115112,2486
17181.997299194336,2476
17182.99651145935,2488
17183.993339538574,2442
17184.990406036377,2446
17185.988426208496,2458
17186.9854927063,2470
17187.9825592041,2504
17188.979864120483,2502
17189.976930618286,2474
17190.974950790405,2486
17191.973447799683,2486
17192.970037460327,2482
17193.966388702393,2448
17194.964170455933,2450
17195.961952209473,2458
17196.959018707275,2442
17197.956323623657,2430
17198.95911216736,2430
17199.95093345642,2478
17200.948476791382,2486
17201.94411277771,2480
17202.943325042725,2478
17203.940391540527,2454
17204.93769645691,2456
17205.93500137329,2478
17206.932544708252,2458
17207.929849624634,2458
17208.926916122437,2450
17209.924459457397,2454
17210.921049118042,2470
17211.9197845459,2468
17212.931394577026,2510
17213.913917541504,2502
17214.91050720215,2470
17215.90757369995,2462
17216.90583229065,2462
17217.90313720703,2474
17218.899726867676,2430
17219.927310943604,2510
17220.893621444702,2448
17221.890449523926,2470
17222.888708114624,2482
17223.88505935669,2570
17224.8854637146,2550
17225.881099700928,2546
17226.876974105835,2572
17227.901935577393,2524
17228.902339935303,2526
17229.897022247314,2512
17230.894327163696,2538
17231.863260269165,2478
17232.861518859863,2506
17233.88719558716,2474
17234.88426208496,2478
17235.85271835327,2480
17236.857891082764,2490
17237.875938415527,2536
17238.87300491333,2508
17239.87078666687,2518
17240.869522094727,2518
17241.865158081055,2506
17242.862224578857,2500
17243.860006332397,2488
17244.861125946045,2468
17245.854377746582,2486
17246.851921081543,2482
17247.849464416504,2516
17248.846530914307,2574
17249.845266342163,2544
17250.842809677124,2514
17251.810312271118,2514
17252.80785560608,2514
17253.835439682007,2478
17254.83751296997,2538
17255.83004951477,2518
17256.83093070984,2508
17257.824182510376,2470
17258.821725845337,2474
17259.81879234314,2462
17260.786771774292,2480
17261.784553527832,2478
17262.810945510864,2514
17263.808488845825,2474
17264.808654785156,2444
17265.772342681885,2430
17266.769409179688,2446
17267.76671409607,2462
17268.76449584961,2426
17269.774675369263,2406
17270.761728286743,2410
17271.759271621704,2414
17272.757053375244,2448
17273.75316619873,2454
17274.75070953369,2490
17275.747537612915,2450
17276.745319366455,2450
17277.743101119995,2474
17278.73992919922,2486
17279.737949371338,2506
17280.7354927063,2510
17281.732320785522,2522
17282.729625701904,2478
17283.726692199707,2502
17284.72352027893,2486
17285.72130203247,2534
17286.718130111694,2526
17287.716388702393,2538
17288.71250152588,2536
17289.70956802368,2540
17290.721893310547,2526
17291.706085205078,2502
17292.702436447144,2526
17293.699741363525,2502
17294.697046279907,2498
17295.694828033447,2502
17296.689748764038,2552
17297.68681526184,2542
17298.684120178223,2540
17299.681901931763,2470
17300.678968429565,2462
17301.676750183105,2454
17302.67381668091,2454
17303.67136001587,2462
17304.668426513672,2456
17305.665493011475,2480
17306.662797927856,2490
17307.660341262817,2502
17308.65788459778,2500
17309.65495109558,2534
17310.6529712677,2552
17311.65051460266,2554
17312.647581100464,2502
17313.644647598267,2482
17314.64171409607,2448
17315.638780593872,2454
17316.636085510254,2424
17317.633628845215,2450
17318.631649017334,2426
17319.6280002594,2418
17320.62602043152,2422
17321.62356376648,2472
17322.620630264282,2486
17323.617458343506,2456
17324.615240097046,2418
17325.61206817627,2398
17326.60961151123,2406
17327.60715484619,2416
17328.604459762573,2480
17329.601526260376,2486
17330.599069595337,2480
17331.59637451172,2480
17332.5936794281,2510
17333.59169960022,2534
17334.588766098022,2554
17335.585594177246,2544
17336.582899093628,2516
17337.58020401001,2480
17338.57774734497,2482
17339.575052261353,2458
17340.572595596313,2486
17341.570377349854,2474
17342.570781707764,2480
17343.564987182617,2478
17344.592332839966,2482
17345.58892250061,2490
17346.58646583557,2488
17347.584009170532,2542
17348.581314086914,2514
17350.56185722351,2494
17350.56185722351,2454
17352.54144668579,2466
17353.56831550598,2462
17353.56831550598,2462
17354.56609725952,2470
17355.562686920166,2518
17356.560468673706,2514
17357.55753517151,2534
17358.561038970947,2542
17359.552145004272,2542
17360.565185546875,2550
17361.546516418457,2518
17362.546920776367,2506
17363.540649414062,2518
17364.538192749023,2514
17365.535736083984,2494
17366.533279418945,2510
17367.530345916748,2514
17368.52765083313,2528
17369.524717330933,2522
17370.524644851685,2502
17371.492862701416,2450
17373.48747253418,2446
17373.48747253418,2422
17374.483108520508,2394
17375.481128692627,2398
17376.47819519043,2406
17377.475023269653,2482
17378.500938415527,2426
17379.49848175049,2454
17381.466388702393,2484
17382.462978363037,2490
17382.462978363037,2498
17383.487939834595,2542
17385.454893112183,2526
17386.47961616516,2490
17387.47787475586,2466
17388.44656944275,2494
17389.442920684814,2486
17390.43951034546,2490
17391.43967628479,2490
17392.436027526855,2502
17393.461227416992,2520
17394.458770751953,2478
17395.455598831177,2476
17396.453619003296,2482
17397.4506855011,2418
17398.447513580322,2420
17399.444818496704,2390
17400.44355392456,2388
17401.44109725952,2380
17402.43697166443,2398
17403.43475341797,2470
17404.43205833435,2452
17405.429363250732,2446
17406.42738342285,2458
17407.423973083496,2490
17408.42080116272,2506
17409.41858291626,2494
17411.38458251953,2462
17411.38458251953,2478
17412.38045692444,2458
17413.407564163208,2470
17414.403915405273,2490
17415.401220321655,2522
17416.39804840088,2520
17417.39559173584,2514
17418.3931350708,2538
17419.373512268066,2538
17420.358896255493,2570
17421.356201171875,2534
17422.353744506836,2538
17423.351287841797,2482
17424.34787750244,2486
17425.345182418823,2484
17426.342487335205,2510
17427.339792251587,2482
17428.33709716797,2498
17429.33464050293,2494
17430.331707000732,2478
17431.329250335693,2490
17432.327270507812,2490
17433.324575424194,2494
17434.321403503418,2456
17435.319185256958,2416
17436.330318450928,2416
17437.313318252563,2390
17438.310384750366,2398
17439.307928085327,2430
17440.30523300171,2486
17441.30277633667,2494
17442.299842834473,2474
17443.297386169434,2490
17444.294691085815,2518
17445.294618606567,2514
17446.290969848633,2512
17447.288036346436,2450
17448.285579681396,2406
17449.28288459778,2398
17450.278997421265,2408
17451.277494430542,2416
17452.27551460266,2410
17453.27067375183,2456
17454.269886016846,2422
17455.26671409607,2450
17456.262826919556,2450
17457.260131835938,2430
17458.2576751709,2458
17459.256410598755,2470
17460.25276184082,2468
17461.250066757202,2450
17462.249994277954,2410
17463.2625579834,2482
17464.243412017822,2498
17465.23880958557,2524
17466.236114501953,2542
17467.233180999756,2494
17468.230724334717,2430
17469.2280292511,2470
17470.22533416748,2490
17471.22311592102,2450
17472.220182418823,2398
17473.220348358154,2406
17474.217176437378,2398
17475.212574005127,2430
17476.20964050293,2426
17477.23627090454,2430
17478.23214530945,2462
17479.202032089233,2502
17480.199337005615,2538
17482.200622558594,2526
17482.200622558594,2538
17483.19125175476,2538
17484.187841415405,2510
17485.185384750366,2524
17486.182689666748,2526
17487.17975616455,2538
17488.177061080933,2606
17489.174604415894,2582
17490.171909332275,2596
17491.169214248657,2538
17492.166996002197,2520
17493.16382408142,2490
17494.161128997803,2472
17495.18871307373,2502
17496.185302734375,2446
17497.1821308136,2430
17498.18515777588,2452
17499.176502227783,2450
17500.17547607422,2474
17501.171827316284,2490
17502.14195251465,2492
17503.16619873047,2506
17504.135370254517,2518
17505.147218704224,2518
17506.13021850586,2526
17507.128715515137,2470
17508.12840461731,2480
17509.12356376648,2484
17510.120153427124,2534
17511.146545410156,2538
17512.144088745117,2526
17513.110637664795,2578
17514.107704162598,2588
17515.10500907898,2586
17516.10231399536,2542
17517.099857330322,2554
17518.096923828125,2514
17519.094228744507,2490
17520.09892463684,2502
17521.08931541443,2598
17522.08662033081,2486
17523.083686828613,2482
17524.081230163574,2486
17525.078535079956,2478
17526.077032089233,2518
17527.073860168457,2506
17528.071880340576,2494
17529.06847000122,2498
17530.065298080444,2514
17531.062602996826,2498
17532.060146331787,2512
17533.05745124817,2480
17534.05523300171,2470
17535.05277633667,2478
17536.057233810425,2486
17537.047386169434,2484
17538.044214248657,2518
17539.04151916504,2526
17540.0390625,2510
17541.03660583496,2490
17542.033910751343,2470
17543.030977249146,2508
17544.028520584106,2478
17545.026063919067,2458
17546.02313041687,2482
17547.020196914673,2490
17548.017978668213,2482
17549.015045166016,2506
17550.01211166382,2538
17551.0094165802,2540
17552.006721496582,2586
17553.004264831543,2542
17554.001569747925,2546
17554.999113082886,2550
17555.997848510742,2540
17557.023286819458,2538
17557.99126625061,2552
17558.988571166992,2554
17559.985160827637,2578
17561.012506484985,2614
17562.00933456421,2622
17563.00663948059,2586
17564.003229141235,2604
17565.001249313354,2602
17566.001653671265,2610
17566.995859146118,2576
17567.99340248108,2498
17568.96471977234,2600
17569.961071014404,2554
17570.956468582153,2590
17571.95496559143,2586
17572.952270507812,2554
17573.949098587036,2570
17574.946403503418,2546
17575.94323158264,2558
17576.94149017334,2526
17577.938318252563,2528
17578.935384750366,2522
17579.932928085327,2504
17580.92975616455,2518
17581.92777633667,2542
17582.92508125305,2534
17583.921909332275,2538
17584.919452667236,2542
17585.92462539673,2520
17586.9140625,2552
17587.911128997803,2578
17588.907718658447,2514
17589.90526199341,2510
17590.90256690979,2482
17591.899633407593,2524
17592.896938323975,2542
17593.894481658936,2534
17594.891786575317,2514
17595.8890914917,2522
17596.88663482666,2546
17597.883701324463,2610
17598.881244659424,2598
17599.878311157227,2552
17600.875854492188,2570
17601.879119873047,2542
17602.87046432495,2522
17603.870153427124,2522
17604.866981506348,2542
17605.86452484131,2526
17606.86159133911,2542
17607.859134674072,2542
17608.856201171875,2580
17609.853744506836,2630
17610.851287841797,2582
17611.8483543396,2588
17612.858057022095,2558
17613.842964172363,2546
17614.840269088745,2574
17615.838050842285,2602
17616.835117340088,2582
17617.83242225647,2578
17618.82996559143,2542
17619.82822418213,2582
17620.824813842773,2624
17621.821641921997,2596
17622.819185256958,2608
17623.81672859192,2614
17624.8140335083,2634
17625.811100006104,2610
17626.808404922485,2578
17627.806186676025,2582
17628.803253173828,2598
17629.80055809021,2602
17630.79810142517,2608
17631.795167922974,2618
17632.792234420776,2618
17633.790016174316,2642
17634.787797927856,2622
17635.7843875885,2650
17636.781454086304,2578
17637.778997421265,2614
17638.776063919067,2618
17639.77336883545,2650
17640.77115058899,2638
17641.768217086792,2618
17642.765045166016,2614
17643.77760887146,2622
17644.760131835938,2630
17645.784616470337,2608
17646.782636642456,2630
17647.77946472168,2598
17648.77724647522,2610
17649.746417999268,2598
17650.771856307983,2588
17651.740074157715,2578
17652.738571166992,2590
17653.764247894287,2576
17654.76155281067,2598
17655.75885772705,2602
17656.75640106201,2598
17657.752990722656,2602
17658.751726150513,2568
17659.748077392578,2596
17660.71605682373,2582
17661.713123321533,2558
17662.74070739746,2556
17663.737773895264,2558
17664.735555648804,2606
17665.703058242798,2602
17666.731119155884,2580
17667.72747039795,2578
17668.69616508484,2580
17669.721841812134,2606
17670.72033882141,2606
17671.717405319214,2608
17672.714710235596,2622
17673.71153831482,2616
17674.70955848694,2598
17675.713300704956,2610
17676.703691482544,2544
17677.701234817505,2546
17678.698539733887,2608
17679.69560623169,2602
17680.692434310913,2616
17681.660175323486,2622
17682.658195495605,2622
17683.68434906006,2614
17684.68141555786,2596
17685.678482055664,2582
17686.676740646362,2570
17687.674283981323,2574
17688.67015838623,2612
17689.66794013977,2596
17690.665006637573,2606
17691.66326522827,2590
17692.659378051758,2602
17693.657398223877,2612
17694.65446472168,2614
17695.658683776855,2614
17696.619749069214,2590
17697.616815567017,2598
17698.614358901978,2606
17699.61142539978,2606
17700.608730316162,2578
17701.606512069702,2578
17702.603816986084,2614
17703.600883483887,2642
17704.59818840027,2644
17705.59573173523,2622
17706.59303665161,2622
17707.590341567993,2612
17708.587884902954,2644
17709.585189819336,2638
17710.58225631714,2602
17711.610317230225,2604
17712.607860565186,2598
17713.603496551514,2606
17714.59984779358,2652
17715.600728988647,2638
17716.594457626343,2638
17717.599630355835,2670
17718.574285507202,2664
17719.589233398438,2670
17720.557928085327,2638
17721.583604812622,2610
17722.551345825195,2608
17723.578214645386,2606
17724.575519561768,2620
17725.573301315308,2606
17726.577043533325,2638
17727.53882408142,2622
17728.564739227295,2640
17729.562282562256,2646
17730.560302734375,2634
17731.557846069336,2622
17732.5599193573,2622
17733.551263809204,2606
17734.548807144165,2634
17735.5535030365,2614
17736.54341697693,2598
17737.54072189331,2648
17738.538026809692,2646
17739.535570144653,2652
17740.532636642456,2638
17741.50276184082,2670
17743.495225906372,2642
17743.495225906372,2662
17744.491815567017,2642
17745.48888206482,2622
17746.4861869812,2640
17747.483730316162,2598
17748.481035232544,2614
17749.478101730347,2654
17751.47318840027,2642
17752.47049331665,2650
17752.47049331665,2642
17753.467559814453,2646
17754.465103149414,2666
17755.462408065796,2650
17756.4594745636,2622
17758.45694541931,2640
17759.453773498535,2634
17760.451078414917,2602
17761.44814491272,2616
17762.44616508484,2638
17763.44347000122,2624
17764.440536499023,2650
17765.437602996826,2638
17766.435384750366,2638
17767.432689666748,2642
17768.42999458313,2598
17769.42753791809,2606
17770.424604415894,2638
17771.421909332275,2598
17772.419691085815,2560
17773.416996002197,2620
17774.41382408142,2602
17775.410890579224,2638
17776.408433914185,2642
17777.405738830566,2644
17778.40280532837,2654
17779.40011024475,2630
17780.397653579712,2598
17781.395196914673,2574
17782.392740249634,2582
17783.390045166016,2602
17784.38711166382,2608
17785.38417816162,2606
17786.381483078003,2586
17787.379026412964,2602
17788.376331329346,2578
17789.374828338623,2632
17790.371656417847,2670
17791.36872291565,2630
17792.36626625061,2590
17793.36404800415,2634
17794.361114501953,2598
17795.358180999756,2554
17796.35524749756,2554
17797.35255241394,2586
17798.35033416748,2536
17799.347162246704,2618
17800.344467163086,2622
17801.342010498047,2614
17802.339792251587,2618
17803.33685874939,2614
17804.33416366577,2590
17805.32932281494,2598
17806.326627731323,2588
17807.323694229126,2608
17808.320999145508,2590
17809.31830406189,2602
17810.31584739685,2546
17811.313152313232,2598
17812.310457229614,2598
17813.308000564575,2618
17814.305067062378,2618
17815.30237197876,2586
17816.29967689514,2610
17817.297220230103,2606
17818.294525146484,2608
17819.291591644287,2588
17820.289373397827,2574
17821.28643989563,2546
17822.28374481201,2548
17823.281049728394,2550
17824.278354644775,2570
17825.275897979736,2614
17826.27296447754,2602
17827.2705078125,2570
17828.267812728882,2582
17829.265117645264,2578
17830.262184143066,2558
17831.259727478027,2570
17832.25727081299,2574
17833.25457572937,2552
17834.251880645752,2578
17835.249185562134,2598
17836.246252059937,2582
17837.24355697632,2620
17838.24110031128,2582
17839.23840522766,2582
17840.235710144043,2582
17841.233253479004,2586
17842.230558395386,2580
17843.22762489319,2546
17844.22492980957,2608
17845.22247314453,2546
17846.219778060913,2578
17847.217082977295,2570
17848.214387893677,2610
17849.211931228638,2622
17850.20899772644,2608
17851.221323013306,2540
17852.204084396362,2578
17853.201150894165,2554
17854.198455810547,2576
17855.19576072693,2586
17856.19330406189,2604
17857.190370559692,2608
17858.187913894653,2570
17859.185457229614,2574
17860.19539833069,2598
17861.210584640503,2632
17862.178802490234,2646
17863.203525543213,2624
17864.20202255249,2584
17865.198373794556,2586
17866.196393966675,2554
17867.20108985901,2586
17868.191242218018,2580
17869.18807029724,2550
17870.184898376465,2546
17871.183395385742,2572
17872.17950820923,2602
17873.17681312561,2630
17874.17483329773,2618
17875.171661376953,2622
17876.168966293335,2590
17877.166271209717,2528
17878.164052963257,2578
17879.162311553955,2550
17880.159378051758,2570
17881.161212921143,2586
17882.126092910767,2546
17883.151054382324,2578
17884.147882461548,2574
17885.14494895935,2628
17886.14249229431,2606
17887.139558792114,2602
17888.137578964233,2598
17889.136791229248,2534
17890.13147354126,2550
17891.130208969116,2588
17892.12656021118,2538
17893.128156661987,2526
17894.121170043945,2544
17895.118236541748,2578
17896.08669281006,2594
17897.085428237915,2582
17898.08225631714,2608
17899.07956123352,2650
17900.07710456848,2608
17901.07488632202,2594
17902.071952819824,2600
17903.069496154785,2586
17904.066562652588,2546
17905.06362915039,2602
17906.06117248535,2554
17907.058477401733,2586
17908.055543899536,2586
17909.053087234497,2602
17910.05039215088,2644
17911.048650741577,2630
17912.0454788208,2618
17913.042783737183,2608
17914.039850234985,2586
17915.037155151367,2578
17916.03422164917,2598
17917.03176498413,2576
17918.029069900513,2586
17919.026374816895,2600
17920.024156570435,2610
17921.021938323975,2614
17922.0187664032,2642
17923.015832901,2610
17924.013137817383,2618
17925.010204315186,2598
17926.007747650146,2570
17927.00481414795,2556
17928.00235748291,2552
17928.998708724976,2554
17929.99577522278,2574
17930.99355697632,2574
17931.9908618927,2548
17932.987928390503,2596
17933.985233306885,2614
17934.982538223267,2598
17935.980081558228,2622
17936.97714805603,2594
17937.974452972412,2552
17938.971996307373,2572
17939.969062805176,2580
17940.966367721558,2578
17941.96367263794,2586
17942.99077987671,2602
17943.960666656494,2610
17944.957971572876,2622
17945.95503807068,2608
17946.95210456848,2642
17947.949647903442,2606
17948.946714401245,2582
17949.944257736206,2576
17950.942039489746,2584
17951.939582824707,2554
17952.93641090393,2556
17953.933477401733,2594
17954.931020736694,2558
17955.928087234497,2598
17956.925868988037,2624
17957.92317390442,2634
17958.918571472168,2638
17959.91587638855,2674
17960.914850234985,2554
17961.912870407104,2594
17962.909936904907,2542
17963.90700340271,2552
17964.90454673767,2556
17965.901613235474,2576
17966.898918151855,2586
17967.89598464966,2634
17968.89352798462,2634
17969.890832901,2612
17970.88861465454,2642
17971.88425064087,2642
17972.881317138672,2618
17973.880529403687,2604
17975.881099700928,2582
17975.881099700928,2550
17977.41436958313,2558
17977.949380874634,2550
17978.979349136353,2606
17979.514598846436,2608
17980.51691055298,2624
17981.513500213623,2638
17982.53893852234,2666
17983.5364818573,2648
17984.533548355103,2640
17985.531091690063,2610
17986.527919769287,2582
17987.525701522827,2556
17989.492893218994,2554
17989.492893218994,2586
17990.517616271973,2632
17991.514444351196,2630
17992.512226104736,2636
17993.510246276855,2646
17994.50659751892,2654
17995.50461769104,2618
17996.504068374634,2650
17997.498512268066,2606
17998.496294021606,2602
17999.49884414673,2662
18001.460552215576,2606
18002.456665039062,2634
18002.456665039062,2620
18003.482341766357,2638
18004.481554031372,2662
18006.447076797485,2666
18007.471323013306,2676
18008.46791267395,2674
18009.46569442749,2672
18010.436058044434,2662
18011.460542678833,2608
18012.457609176636,2612
18013.45467567444,2636
18014.452934265137,2632
18015.45000076294,2642
18016.4475440979,2618
18017.444372177124,2666
18018.4428691864,2682
18019.412517547607,2654
18020.43604850769,2668
18021.404504776,2640
18022.402048110962,2622
18023.42939376831,2634
18024.426698684692,2622
18025.42281150818,2638
18026.420831680298,2632
18027.41813659668,2628
18028.41544151306,2640
18029.41393852234,2616
18030.40885925293,2650
18031.40616416931,2662
18032.403230667114,2702
18033.400058746338,2638
18034.399271011353,2616
18035.36891937256,2616
18036.365509033203,2568
18037.362337112427,2578
18038.361072540283,2630
18039.358139038086,2622
18040.355682373047,2634
18041.35251045227,2630
18042.35005378723,2616
18043.347120285034,2590
18044.344663619995,2602
18045.34363746643,2614
18046.340942382812,2582
18047.33967781067,2542
18048.340797424316,2546
18049.34597015381,2542
18050.34041404724,2614
18051.326513290405,2614
18052.329778671265,2616
18053.340196609497,2612
18054.316759109497,2622
18055.352210998535,2630
18056.339502334595,2632
18057.308673858643,2650
18058.305501937866,2598
18059.303283691406,2584
18060.30011177063,2548
18061.29765510559,2578
18062.294721603394,2600
18063.292503356934,2608
18064.289569854736,2664
18065.286874771118,2642
18066.28394126892,2638
18067.28172302246,2654
18068.278789520264,2612
18069.276332855225,2618
18070.273637771606,2584
18071.27094268799,2554
18072.26848602295,2554
18073.265314102173,2586
18074.262857437134,2574
18075.260162353516,2602
18076.25722885132,2598
18077.261924743652,2618
18078.25207710266,2592
18079.249382019043,2636
18080.246686935425,2604
18081.244230270386,2610
18082.24129676819,2610
18083.23860168457,2602
18084.23614501953,2578
18085.23416519165,2584
18086.230754852295,2602
18087.228059768677,2622
18088.225603103638,2616
18089.22266960144,2624
18090.219974517822,2612
18091.217756271362,2618
18092.214822769165,2670
18093.212127685547,2608
18094.20943260193,2610
18095.20697593689,2554
18096.204042434692,2558
18097.201347351074,2550
18098.198890686035,2582
18099.196195602417,2586
18100.193738937378,2578
18101.19080543518,2642
18102.18834877014,2614
18103.185415267944,2598
18104.182720184326,2608
18105.180263519287,2618
18106.17733001709,2590
18107.17463493347,2576
18108.171939849854,2558
18109.169483184814,2586
18110.166788101196,2554
18111.194849014282,2610
18112.208604812622,2630
18113.18826675415,2644
18114.185571670532,2642
18115.153312683105,2624
18116.150617599487,2630
18117.14816093445,2578
18118.14546585083,2548
18119.14300918579,2598
18120.140075683594,2550
18121.137619018555,2570
18122.134685516357,2574
18123.13222885132,2598
18124.1295337677,2602
18125.126838684082,2602
18126.124143600464,2608
18127.121686935425,2582
18128.118753433228,2534
18129.11605834961,2544
18130.11360168457,2548
18131.113290786743,2608
18132.110357284546,2538
18133.10742378235,2524
18134.10472869873,2534
18135.10227203369,2568
18136.099576950073,2594
18137.096881866455,2580
18138.094186782837,2586
18139.09149169922,2574
18140.08855819702,2550
18141.08657836914,2544
18142.083644866943,2542
18143.080949783325,2514
18144.078016281128,2526
18145.07555961609,2540
18146.07262611389,2522
18147.069215774536,2514
18148.113489151,2558
18149.093627929688,2570
18150.089979171753,2602
18151.057958602905,2586
18152.05669403076,2550
18153.0864238739,2522
18154.080152511597,2494
18155.0772190094,2490
18156.074285507202,2522
18157.071590423584,2526
18158.069133758545,2512
18159.066438674927,2518
18160.064458847046,2570
18161.06152534485,2586
18162.030935287476,2598
18163.054943084717,2578
18164.053678512573,2578
18165.0493144989,2526
18166.048049926758,2542
18167.043924331665,2520
18168.04599761963,2540
18169.038772583008,2534
18170.03607749939,2518
18171.03385925293,2538
18172.030925750732,2550
18173.033714294434,2540
18174.02672767639,2606
18175.023555755615,2582
18176.020622253418,2578
18176.989793777466,2536
18178.02357673645,2526
18178.983211517334,2542
18179.980039596558,2536
18180.97758293152,2540
18181.97512626648,2538
18182.972192764282,2542
18183.969259262085,2526
18184.966564178467,2582
18185.964107513428,2600
18186.96141242981,2586
18187.95871734619,2570
18188.956260681152,2552
18189.953327178955,2490
18190.950870513916,2542
18191.94793701172,2534
18192.94786453247,2506
18193.944931030273,2552
18194.942235946655,2542
18195.93906402588,2512
18196.93636894226,2574
18197.9341506958,2546
18198.931217193604,2582
18199.928522109985,2560
18200.92749595642,2520
18201.923608779907,2554
18202.92091369629,2512
18203.917741775513,2514
18204.915285110474,2514
18205.912828445435,2542
18206.909894943237,2520
18207.907915115356,2518
18208.903789520264,2514
18209.90252494812,2518
18210.899829864502,2548
18211.896657943726,2520
18212.894201278687,2524
18213.891744613647,2514
18214.88928794861,2514
18215.886116027832,2542
18216.883420944214,2526
18217.880487442017,2490
18218.878030776978,2490
18219.87533569336,2476
18220.8731174469,2514
18221.870183944702,2534
18222.867488861084,2552
18223.862886428833,2544
18224.860191345215,2506
18225.857257843018,2494
18226.86004638672,2502
18227.85210609436,2456
18228.849411010742,2514
18229.846715927124,2494
18230.844259262085,2506
18231.841564178467,2546
18232.839107513428,2546
18233.83593559265,2538
18234.833478927612,2524
18235.830783843994,2518
18236.827850341797,2530
18237.825393676758,2522
18238.82532119751,2486
18239.822387695312,2518
18240.819454193115,2536
18241.816997528076,2544
18242.81358718872,2550
18243.81113052368,2518
18244.808435440063,2518
18245.806217193604,2550
18246.803522109985,2536
18247.800827026367,2550
18248.79789352417,2490
18249.794960021973,2476
18250.792741775513,2478
18251.790285110474,2492
18252.788066864014,2514
18253.785371780396,2510
18254.810571670532,2506
18255.841970443726,2514
18256.83641433716,2518
18257.8341960907,2544
18258.830785751343,2522
18259.829998016357,2522
18260.825395584106,2522
18261.82270050049,2500
18262.821197509766,2502
18263.81802558899,2502
18264.815092086792,2490
18265.812397003174,2510
18266.809225082397,2506
18267.807245254517,2502
18268.8045501709,2534
18270.339488983154,2510
18271.34132385254,2538
18272.342205047607,2502
18273.367643356323,2502
18274.364471435547,2498
18275.362014770508,2474
18276.359796524048,2480
18277.357578277588,2470
18278.35440635681,2484
18279.351234436035,2490
18280.35283088684,2506
18281.317234039307,2502
18282.34338760376,2522
18283.340454101562,2558
18284.311532974243,2558
18285.308361053467,2546
18285.308361053467,2524
18286.815881729126,2522
18287.817001342773,2518
18288.818359375,2542
18289.815187454224,2522
18290.812969207764,2542
18291.809797286987,2520
18292.80734062195,2522
18293.80464553833,2514
18294.80218887329,2526
18295.799493789673,2526
18296.796560287476,2490
18297.794103622437,2490
18298.79140853882,2506
18299.789905548096,2510
18300.814628601074,2534
18301.812887191772,2498
18303.349494934082,2534
18304.392337799072,2502
18305.42278289795,2512
18306.419849395752,2510
18307.41786956787,2514
18308.414936065674,2540
18309.41367149353,2510
18310.380697250366,2478
18311.40661239624,2486
18312.376499176025,2482
18313.403606414795,2486
18314.40258026123,2572
18315.397262573242,2574
18316.39313697815,2550
18317.39068031311,2524
18318.387746810913,2534
18318.387746810913,2484
18319.923877716064,2520
18320.924758911133,2522
18321.950912475586,2512
18322.94797897339,2490
18323.946475982666,2486
18324.94282722473,2534
18325.940370559692,2538
18326.90715789795,2542
18327.93617248535,2494
18328.93419265747,2490
18329.931259155273,2494
18330.91163635254,2638
18331.893920898438,2516
18332.921266555786,2500
18333.919763565063,2498
18334.91611480713,2458
18335.914850234985,2494
18336.91096305847,2504
18337.880849838257,2518
18338.908672332764,2548
18339.906215667725,2542
18340.901374816895,2524
18341.8972492218,2534
18342.894792556763,2516
18343.863248825073,2524
18344.889879226685,2522
18345.88646888733,2526
18346.905946731567,2452
18347.88203239441,2456
18348.878383636475,2492
18349.875450134277,2520
18350.873231887817,2578
18351.866960525513,2542
18352.86808013916,2518
18353.865385055542,2502
18354.86364364624,2518
18355.859994888306,2522
18356.857538223267,2518
18357.85436630249,2510
18358.85262489319,2494
18359.855890274048,2478
18360.817193984985,2522
18361.844062805176,2546
18362.812757492065,2558
18363.837718963623,2578
18364.835023880005,2570
18365.832090377808,2522
18366.830587387085,2544
18367.82693862915,2554
18368.824005126953,2558
18369.82226371765,2538
18370.82266807556,2524
18371.789932250977,2546
18372.81346321106,2534
18373.81076812744,2538
18374.80854988098,2578
18375.805854797363,2546
18376.803159713745,2522
18377.77352333069,2550
18378.79729270935,2522
18379.794359207153,2522
18380.792140960693,2510
18381.762742996216,2502
18382.787227630615,2500
18383.78381729126,2478
18384.78183746338,2478
18385.778665542603,2522
18386.776208877563,2534
18387.773990631104,2550
18388.771295547485,2558
18389.76788520813,2550
18390.76542854309,2558
18391.763925552368,2578
18392.760038375854,2554
18393.72944831848,2526
18394.755125045776,2518
18395.751953125,2522
18396.749258041382,2516
18397.746801376343,2510
18398.743867874146,2554
18399.741649627686,2550
18400.738954544067,2540
18401.73649787903,2502
18402.740240097046,2506
18403.730630874634,2494
18404.728651046753,2502
18405.72953224182,2494
18406.723022460938,2506
18407.691478729248,2458
18408.69116783142,2506
18409.687995910645,2542
18410.71367263794,2606
18411.709547042847,2598
18412.705183029175,2622
18413.70415687561,2594
18414.701223373413,2584
18415.698766708374,2622
18416.696071624756,2596
18417.693853378296,2602
18418.663263320923,2602
18419.688940048218,2606
18420.685052871704,2552
18421.68426513672,2534
18422.680139541626,2598
18423.678159713745,2622
18424.67498779297,2616
18425.67253112793,2612
18426.670789718628,2554
18427.66833305359,2550
18428.66587638855,2512
18429.662466049194,2526
18430.66143989563,2542
18431.663990020752,2518
18432.654857635498,2542
18433.624744415283,2574
18434.619426727295,2582
18435.61863899231,2614
18436.64598464966,2610
18437.6118183136,2646
18438.610076904297,2638
18439.63623046875,2600
18440.633535385132,2606
18441.631078720093,2618
18442.627906799316,2630
18443.597555160522,2652
18444.623470306396,2634
18445.62005996704,2624
18446.617603302002,2646
18447.614908218384,2606
18448.611736297607,2650
18449.60927963257,2612
18450.60658454895,2574
18451.574087142944,2574
18452.60214805603,2518
18454.567670822144,2490
18454.567670822144,2474
18455.56354522705,2482
18456.5908908844,2486
18457.558155059814,2520
18458.555936813354,2546
18459.582567214966,2552
18460.585117340088,2586
18462.544679641724,2622
18462.544679641724,2610
18463.544368743896,2616
18464.54119682312,2610
18465.538263320923,2582
18466.535568237305,2552
18467.533349990845,2578
18468.530416488647,2572
18469.525814056396,2582
18470.5228805542,2550
18471.52018547058,2578
18472.517490386963,2576
18473.514795303345,2546
18474.512100219727,2546
18475.50916671753,2542
18476.50694847107,2474
18477.50425338745,2488
18478.501319885254,2518
18479.498863220215,2534
18480.496168136597,2526
18481.49347305298,2510
18482.49077796936,2550
18483.48832130432,2552
18484.514474868774,2598
18485.517978668213,2610
18486.509323120117,2578
18487.506866455078,2582
18488.50417137146,2542
18489.50171470642,2608
18490.498304367065,2574
18491.495609283447,2524
18492.466688156128,2582
18494.45915222168,2576
18494.45915222168,2590
18495.49174308777,2606
18496.484518051147,2606
18497.480630874634,2620
18498.497247695923,2628
18500.460624694824,2606
18501.44052505493,2586
18502.46834754944,2548
18503.46541404724,2534
18504.462957382202,2570
18505.460500717163,2586
18506.457567214966,2558
18507.457971572876,2582
18508.452892303467,2578
18509.449005126953,2580
18510.44726371765,2606
18511.444330215454,2630
18512.442350387573,2558
18513.439178466797,2588
18514.43600654602,2550
18515.43354988098,2550
18516.401052474976,2538
18517.427682876587,2570
18518.424034118652,2550
18519.42205429077,2582
18520.419120788574,2600
18521.416425704956,2610
18522.413969039917,2636
18523.41389656067,2616
18524.40881729126,2606
18525.405645370483,2582
18526.402473449707,2534
18527.400493621826,2520
18528.39756011963,2526
18529.39510345459,2534
18530.392169952393,2574
18531.389713287354,2538
18532.386541366577,2574
18533.38384628296,2606
18534.385204315186,2606
18535.350799560547,2554
18536.375999450684,2570
18537.373542785645,2518
18538.370609283447,2506
18539.366722106934,2482
18540.363788604736,2496
18541.36300086975,2476
18542.360305786133,2538
18543.357610702515,2546
18544.354677200317,2574
18545.353412628174,2590
18546.34952545166,2606
18547.348499298096,2606
18548.34508895874,2582
18549.342393875122,2540
18550.339221954346,2508
18551.337003707886,2538
18552.334785461426,2534
18553.332567214966,2554
18554.32963371277,2550
18555.326223373413,2570
18556.324243545532,2542
18557.321071624756,2570
18558.318614959717,2602
18559.3159198761,2578
18560.284852981567,2574
18561.310291290283,2554
18562.27993965149,2526
18563.276767730713,2504
18564.274072647095,2510
18565.271615982056,2538
18566.26868247986,2542
18567.26598739624,2534
18568.263053894043,2576
18569.25940513611,2594
18570.256233215332,2610
18571.253538131714,2590
18572.250843048096,2598
18573.2479095459,2584
18574.24545288086,2554
18575.24275779724,2518
18576.240062713623,2514
18577.237606048584,2518
18578.26542854309,2524
18579.262256622314,2552
18580.259323120117,2634
18581.263542175293,2576
18582.226991653442,2550
18583.251953125,2582
18584.249019622803,2580
18585.216283798218,2550
18586.243629455566,2514
18587.241172790527,2514
18588.23847770691,2514
18589.23578262329,2576
18590.232849121094,2574
18591.230630874634,2574
18592.228651046753,2568
18593.22452545166,2578
18594.226837158203,2594
18595.224618911743,2590
18596.222400665283,2610
18597.222089767456,2548
18598.217010498047,2510
18599.20907020569,2538
18600.205421447754,2596
18601.203441619873,2582
18602.200031280518,2578
18603.197813034058,2600
18604.19464111328,2594
18605.19289970398,2586
18606.189489364624,2616
18607.186317443848,2610
18608.184337615967,2622
18609.18164253235,2602
18610.178470611572,2558
18611.146926879883,2522
18612.144231796265,2554
18613.141536712646,2546
18614.13860321045,2558
18615.13590812683,2578
18616.133451461792,2586
18617.130756378174,2602
18618.128061294556,2670
18619.125604629517,2630
18620.1229095459,2590
18621.12021446228,2590
18622.117280960083,2570
18623.114824295044,2546
18624.112129211426,2542
18625.10919570923,2594
18626.10673904419,2550
18627.10404396057,2582
18628.101348876953,2578
18629.098415374756,2584
18630.095958709717,2606
18631.093502044678,2600
18632.09056854248,2610
18633.08811187744,2618
18634.085416793823,2582
18635.082721710205,2554
18636.079788208008,2526
18637.07733154297,2540
18638.07463645935,2590
18639.071702957153,2582
18640.071392059326,2598
18641.096353530884,2602
18642.093420028687,2610
18643.091917037964,2598
18644.089460372925,2602
18645.08605003357,2570
18646.08383178711,2560
18647.08161354065,2570
18648.078680038452,2526
18649.075746536255,2544
18650.084495544434,2542
18651.070833206177,2544
18652.039766311646,2582
18653.087854385376,2586
18654.062747955322,2554
18655.060052871704,2594
18656.055688858032,2602
18657.053470611572,2554
18658.051013946533,2548
18659.048557281494,2524
18660.045623779297,2516
18661.044597625732,2556
18662.040948867798,2538
18663.044929504395,2546
18664.035081863403,2540
18665.031909942627,2574
18666.033267974854,2594
18667.034149169922,2622
18668.023824691772,2576
18669.028520584106,2574
18670.390129089355,2552
18671.437978744507,2542
18672.46675491333,2574
18673.46453666687,2578
18674.461364746094,2554
18675.458908081055,2574
18676.456928253174,2598
18677.462339401245,2572
18678.455352783203,2586
18679.454565048218,2602
18680.454969406128,2584
18681.443214416504,2574
18682.454824447632,2574
18683.449029922485,2542
18684.406042099,2546
18685.402631759644,2552
18686.429738998413,2502
18687.42537498474,2522
18688.42363357544,2526
18689.42403793335,2526
18690.417289733887,2526
18691.414833068848,2538
18692.41213798523,2506
18693.40944290161,2526
18694.408655166626,2504
18695.403814315796,2518
18696.401119232178,2534
18697.397470474243,2522
18698.395490646362,2574
18699.392318725586,2614
18700.389862060547,2582
18701.36022567749,2610
18702.35776901245,2642
18703.354597091675,2638
18704.351663589478,2624
18705.34920692444,2634
18706.34627342224,2610
18707.343816757202,2598
18708.340883255005,2614
18709.338665008545,2586
18710.335969924927,2570
18711.33327484131,2630
18712.33057975769,2640
18713.32812309265,2618
18714.325189590454,2618
18715.322256088257,2576
18716.319799423218,2584
18717.3171043396,2544
18718.316555023193,2514
18719.313621520996,2488
18720.31044960022,2482
18721.30846977234,2480
18722.30553627014,2460
18723.302602767944,2414
18724.300146102905,2450
18725.297689437866,2462
18726.29475593567,2484
18727.293014526367,2502
18728.28984260559,2502
18729.287147521973,2502
18730.284452438354,2478
18731.281757354736,2462
18732.279539108276,2426
18733.303785324097,2474
18734.301328659058,2512
18735.26954650879,2546
18736.29593849182,2586
18737.293004989624,2654
18738.296031951904,2634
18739.288330078125,2630
18740.286350250244,2574
18741.28222465515,2552
18742.252826690674,2478
18743.277072906494,2498
18744.274377822876,2442
18745.27359008789,2430
18746.269464492798,2482
18747.2665309906,2508
18748.26407432556,2524
18749.26733970642,2538
18750.258207321167,2552
18751.25551223755,2518
18752.253532409668,2542
18753.251314163208,2508
18754.247903823853,2512
18755.245685577393,2514
18756.242513656616,2526
18757.240295410156,2522
18758.23736190796,2536
18759.234189987183,2598
18760.20359992981,2574
18761.23023033142,2594
18762.226343154907,2594
18763.224124908447,2576
18764.214515686035,2570
18765.218257904053,2598
18766.21675491333,2618
18767.184019088745,2636
18768.181324005127,2646
18769.17839050293,2670
18770.17569541931,2706
18771.17347717285,2718
18772.170782089233,2702
18773.167848587036,2726
18774.165153503418,2686
18775.16269683838,2716
18776.15976333618,2702
18777.157068252563,2654
18778.154611587524,2622
18779.151916503906,2636
18780.154705047607,2638
18781.14676475525,2586
18782.14383125305,2582
18783.141136169434,2602
18784.138441085815,2634
18785.148859024048,2618
18786.13328933716,2608
18787.13035583496,2546
18788.127660751343,2538
18789.125204086304,2448
18790.122747421265,2430
18791.119813919067,2378
18792.11735725403,2386
18793.11466217041,2396
18794.111728668213,2442
18795.109748840332,2474
18796.106815338135,2494
18797.104120254517,2522
18798.10118675232,2574
18799.09896850586,2602
18800.095796585083,2576
18801.093339920044,2522
18802.090644836426,2554
18803.087949752808,2550
18804.08525466919,2526
18805.08255958557,2558
18806.080102920532,2578
18807.077407836914,2588
18808.074712753296,2638
18809.0717792511,2682
18810.06932258606,2674
18811.0671043396,2654
18812.064170837402,2634
18813.06219100952,2642
18814.058542251587,2630
18815.05584716797,2624
18816.05315208435,2662
18817.05069541931,2642
18818.047761917114,2610
18819.045305252075,2610
18820.042610168457,2606
18821.03991508484,2648
18822.03722000122,2632
18823.034524917603,2634
18824.031829833984,2622
18825.029373168945,2558
18826.026916503906,2580
18827.024221420288,2540
18828.02128791809,2544
18829.01883125305,2522
18830.015897750854,2518
18831.013441085815,2536
18832.013845443726,2514
18833.00805091858,2518
18834.00535583496,2526
18835.002660751343,2528
18835.999965667725,2482
18836.997270584106,2478
18837.99457550049,2482
18838.99211883545,2518
18839.989185333252,2510
18840.986728668213,2490
18841.984510421753,2460
18842.981338500977,2502
18843.97840499878,2506
18844.97594833374,2514
18845.973014831543,2526
18846.970319747925,2524
18847.967624664307,2478
18848.965167999268,2518
18849.96247291565,2542
18850.95977783203,2450
18851.957321166992,2504
18852.954626083374,2526
18853.951692581177,2544
18854.949235916138,2530
18855.94654083252,2570
18856.9438457489,2600
18857.941150665283,2642
18858.938694000244,2610
18859.935760498047,2600
18860.933303833008,2614
18861.93084716797,2596
18862.92791366577,2570
18863.924980163574,2570
18864.922285079956,2552
18865.949153900146,2552
18866.94622039795,2516
18867.94352531433,2486
18868.94154548645,2510
18869.938850402832,2506
18870.93734741211,2514
18871.906995773315,2514
18872.904300689697,2494
18873.9013671875,2470
18874.92847442627,2486
18875.92339515686,2522
18876.891136169434,2534
18877.919673919678,2574
18878.91721725464,2556
18879.91452217102,2522
18880.910396575928,2602
18881.877660751343,2558
18882.90524482727,2614
18883.90302658081,2606
18884.899854660034,2556
18885.90097427368,2558
18886.895418167114,2544
18887.861728668213,2554
18888.860940933228,2546
18889.85800743103,2602
18890.85602760315,2574
18891.85333251953,2574
18892.87805557251,2600
18893.87607574463,2604
18894.87314224243,2550
18895.877838134766,2550
18896.84224128723,2502
18897.866249084473,2478
18898.86212348938,2446
18899.85942840576,2470
18900.859832763672,2474
18901.82662010193,2486
18902.822732925415,2506
18903.81908416748,2534
18904.84642982483,2514
18905.84397315979,2510
18906.841039657593,2522
18907.84239768982,2570
18908.83779525757,2554
18909.83486175537,2510
18910.801649093628,2554
18911.82804107666,2554
18912.824630737305,2586
18913.821935653687,2542
18914.81900215149,2584
18915.81678390503,2554
18916.81432723999,2558
18917.811632156372,2578
18918.80774497986,2600
18919.80528831482,2614
18920.802116394043,2600
18921.77104949951,2602
18922.796726226807,2586
18923.794507980347,2572
18924.79157447815,2554
18925.78911781311,2548
18926.78737640381,2590
18927.783727645874,2582
18928.781270980835,2548
18929.781198501587,2526
18930.776834487915,2534
18931.77366256714,2542
18932.770013809204,2488
18933.740377426147,2478
18934.73720550537,2458
18935.734510421753,2446
18936.732530593872,2422
18937.729597091675,2482
18938.727140426636,2458
18939.724683761597,2584
18940.7217502594,2506
18941.71977043152,2526
18942.71683692932,2526
18943.713903427124,2538
18944.711208343506,2550
18945.708513259888,2506
18946.708917617798,2510
18947.715044021606,2536
18948.70138168335,2512
18949.69606399536,2526
18950.693607330322,2550
18951.690912246704,2534
18952.688455581665,2522
18953.685760498047,2542
18954.68282699585,2522
18955.68060874939,2512
18956.677675247192,2478
18957.708835601807,2518
18958.701848983765,2534
18959.698915481567,2534
18960.697412490845,2518
18961.69352531433,2522
18962.661743164062,2554
18963.66024017334,2542
18964.656829833984,2538
18965.683221817017,2550
18966.678857803345,2572
18967.676639556885,2578
18968.68634223938,2586
18969.672441482544,2606
18970.669507980347,2590
18971.64011001587,2598
18972.66435623169,2588
18973.66166114807,2618
18974.658727645874,2650
18975.627183914185,2666
18976.62401199341,2618
18977.62155532837,2618
18978.61886024475,2588
18979.616165161133,2606
18980.643033981323,2622
18981.639862060547,2630
18982.64503479004,2602
18983.63471031189,2598
18984.63201522827,2534
18985.63003540039,2550
18986.62781715393,2510
18987.596035003662,2462
18988.621473312378,2454
18989.619493484497,2422
18990.615844726562,2454
18991.614818572998,2430
18992.610454559326,2450
18993.58057975769,2474
18994.577646255493,2502
18995.87345123291,2550
18996.909379959106,2576
18997.944593429565,2590
18998.937845230103,2596
18999.93371963501,2618
19000.93126296997,2654
19001.898527145386,2678
19002.925395965576,2676
19003.923416137695,2646
19004.920482635498,2614
19005.916357040405,2602
19006.914615631104,2574
19007.91096687317,2538
19008.909463882446,2510
19009.90653038025,2482
19010.874032974243,2488
19011.900424957275,2474
19012.899160385132,2472
19013.90051841736,2462
19014.891862869263,2454
19015.889883041382,2426
19016.887187957764,2430
19017.884492874146,2424
19018.881797790527,2418
19019.87910270691,2382
19020.87664604187,2422
19021.873950958252,2432
19022.871255874634,2446
19023.87261390686,2502
19024.86538887024,2542
19025.86340904236,2558
19026.872158050537,2544
19027.8582572937,2558
19028.855562210083,2602
19029.858112335205,2594
19030.84945678711,2594
19031.848669052124,2578
19032.849311828613,2570
19033.841609954834,2570
19034.84296798706,2550
19035.836458206177,2582
19036.834001541138,2610
19037.83130645752,2606
19038.83385658264,2606
19039.82639312744,2590
19040.82417488098,2634
19041.79358482361,2680
19042.819023132324,2670
19043.817043304443,2638
19044.819116592407,2622
19045.809507369995,2622
19046.807289123535,2610
19047.804355621338,2618
19048.802614212036,2606
19049.79944229126,2596
19050.80246925354,2604
19051.793575286865,2558
19052.791357040405,2576
19053.78818511963,2542
19054.78549003601,2538
19055.782556533813,2520
19056.75196647644,2518
19057.781457901,2506
19058.77423286438,2540
19059.771299362183,2550
19060.742139816284,2546
19061.765909194946,2570
19062.763690948486,2576
19063.761234283447,2578
19064.75782394409,2570
19065.754890441895,2550
19066.752195358276,2510
19067.74926185608,2536
19068.7198638916,2518
19069.74458694458,2510
19070.741415023804,2484
19071.74015045166,2470
19072.709560394287,2466
19073.70686531067,2466
19074.70417022705,2430
19075.701475143433,2446
19076.698780059814,2448
19077.696323394775,2392
19078.693866729736,2424
19079.69093322754,2486
19080.687046051025,2478
19081.684112548828,2482
19082.68141746521,2490
19083.67872238159,2518
19084.676027297974,2556
19085.681200027466,2554
19086.670875549316,2570
19087.6681804657,2570
19088.6652469635,2522
19089.662790298462,2506
19090.660095214844,2536
19091.657400131226,2514
19092.654943466187,2506
19093.65224838257,2486
19094.64931488037,2502
19095.646619796753,2542
19096.644163131714,2570
19097.641468048096,2526
19098.638772964478,2560
19099.63607788086,2582
19100.63338279724,2538
19101.630926132202,2546
19102.64253616333,2580
19103.6536693573,2554
19104.65097427368,2570
19105.6489944458,2558
19106.645822525024,2550
19107.643604278564,2576
19108.640432357788,2598
19109.63773727417,2616
19110.6379032135,2586
19111.632108688354,2590
19112.629652023315,2570
19113.626956939697,2584
19114.62450027466,2552
19115.621328353882,2534
19116.618633270264,2490
19117.616415023804,2486
19118.587017059326,2494
19119.61054801941,2522
19120.60832977295,2470
19121.577739715576,2422
19122.602701187134,2474
19123.600244522095,2446
19124.597549438477,2392
19125.595092773438,2410
19126.59740447998,2430
19127.59017944336,2450
19128.587007522583,2458
19129.584074020386,2446
19130.58114051819,2490
19131.587266921997,2522
19132.575750350952,2570
19133.573293685913,2576
19134.571075439453,2576
19135.568141937256,2534
19136.566162109375,2546
19137.56489753723,2554
19138.56029510498,2622
19139.55807685852,2576
19140.559911727905,2584
19141.5536403656,2546
19142.549753189087,2574
19143.52798461914,2588
19144.54436302185,2534
19145.541667938232,2590
19146.539211273193,2606
19148.533821105957,2606
19149.532318115234,2618
19150.527954101562,2620
19150.527954101562,2646
19151.498317718506,2646
19152.496099472046,2642
19153.52177619934,2614
19154.5193195343,2590
19155.516386032104,2578
19157.483100891113,2544
19157.483100891113,2534
19158.50853919983,2514
19159.505605697632,2514
19160.503149032593,2494
19161.500215530396,2510
19162.4972820282,2494
19163.495540618896,2494
19164.49284553528,2494
19165.489435195923,2522
19166.493892669678,2550
19167.484760284424,2550
19168.481588363647,2518
19169.480085372925,2558
19170.47643661499,2526
19171.47707939148,2542
19172.471046447754,2526
19173.468112945557,2504
19174.46517944336,2506
19175.46319961548,2526
19177.457571029663,2490
19178.455352783203,2536
19179.425716400146,2526
19180.42230606079,2554
19181.447982788086,2546
19182.445764541626,2602
19183.44235420227,2594
19184.44061279297,2594
19185.437440872192,2550
19186.434507369995,2558
19187.43085861206,2534
19188.427925109863,2542
19189.42642211914,2534
19190.423488616943,2558
19191.421270370483,2544
19192.391395568848,2518
19193.41540336609,2540
19194.384574890137,2558
19195.38164138794,2574
19196.378707885742,2544
19197.376012802124,2510
19198.373317718506,2494
19199.370861053467,2510
19200.368404388428,2534
19201.366186141968,2538
19202.391147613525,2528
19203.38773727417,2518
19204.388856887817,2538
19205.38353919983,2590
19206.380367279053,2590
19207.377433776855,2622
19208.374977111816,2590
19209.37204360962,2550
19210.341930389404,2540
19211.366891860962,2526
19212.364435195923,2518
19213.361501693726,2550
19214.362621307373,2534
19215.35587310791,2534
19216.35413169861,2522
19217.350959777832,2550
19218.35422515869,2550
19219.345331192017,2526
19220.342874526978,2550
19221.311330795288,2490
19222.3379611969,2510
19223.33526611328,2506
19224.303245544434,2514
19225.300788879395,2510
19226.298332214355,2480
19227.29539871216,2482
19228.29294204712,2518
19229.2902469635,2490
19230.287313461304,2520
19231.284379959106,2554
19232.281923294067,2570
19233.30855369568,2586
19234.30609703064,2554
19235.275268554688,2546
19236.300945281982,2546
19237.29681968689,2586
19238.29483985901,2590
19239.293098449707,2642
19240.29016494751,2634
19241.286993026733,2608
19242.255449295044,2630
19243.28088760376,2618
19244.2786693573,2598
19245.27621269226,2600
19246.27375602722,2546
19247.270822525024,2518
19248.269081115723,2550
19249.265670776367,2542
19250.26273727417,2574
19251.23119354248,2550
19252.257347106934,2536
19253.255128860474,2542
19254.25696372986,2542
19255.24926185608,2522
19256.219148635864,2524
19257.243871688843,2538
19258.241653442383,2526
19259.238719940186,2494
19260.237216949463,2534
19261.234760284424,2544
19262.23087310791,2552
19263.22865486145,2596
19264.225721359253,2590
19265.223026275635,2616
19266.220092773438,2598
19267.221450805664,2620
19268.214464187622,2632
19269.21248435974,2590
19270.209550857544,2610
19271.178483963013,2590
19272.175312042236,2582
19273.17190170288,2542
19274.16944503784,2594
19275.166749954224,2590
19276.163816452026,2546
19277.161359786987,2598
19278.15890312195,2614
19279.15596961975,2602
19280.153274536133,2606
19281.151056289673,2584
19282.147884368896,2570
19283.145427703857,2550
19284.14249420166,2576
19285.157918930054,2558
19286.137342453003,2606
19287.134647369385,2590
19288.1338596344,2608
19289.13116455078,2598
19290.128469467163,2614
19291.126251220703,2588
19292.122840881348,2610
19293.12014579773,2574
19294.11768913269,2570
19295.11523246765,2512
19296.112298965454,2520
19297.109842300415,2550
19298.106908798218,2554
19299.1042137146,2578
19300.10151863098,2590
19301.097869873047,2586
19302.095413208008,2526
19303.09224128723,2578
19304.089307785034,2598
19305.086612701416,2570
19306.083917617798,2542
19307.08146095276,2542
19308.07852745056,2490
19309.076070785522,2498
19310.073375701904,2474
19311.070919036865,2502
19312.067985534668,2516
19313.06529045105,2520
19314.06259536743,2512
19315.059900283813,2534
19316.057443618774,2514
19317.057609558105,2536
19318.052053451538,2578
19319.04935836792,2570
19320.0466632843,2558
19321.043968200684,2588
19322.041273117065,2598
19323.038816452026,2614
19324.03588294983,2630
19325.03342628479,2642
19326.030492782593,2654
19327.028036117554,2630
19328.025341033936,2634
19329.022645950317,2610
19330.0199508667,2614
19331.01749420166,2578
19332.014799118042,2576
19333.011865615845,2580
19334.009408950806,2596
19335.006713867188,2602
19336.47918701172,2582
19336.47918701172,2574
19337.478637695312,2544
19338.475704193115,2558
19339.473247528076,2510
19340.47031402588,2526
19341.46761894226,2508
19342.464923858643,2550
19343.462467193604,2534
19344.459772109985,2522
19345.456838607788,2502
19346.45438194275,2550
19347.45168685913,2538
19349.446773529053,2558
19349.446773529053,2550
19351.441144943237,2514
19351.441144943237,2522
19353.435754776,2522
19354.433059692383,2540
19355.430364608765,2558
19356.427431106567,2574
19357.42497444153,2552
19358.42227935791,2550
19359.419584274292,2582
19360.417127609253,2602
19361.414432525635,2622
19362.411737442017,2634
19363.40880393982,2590
19364.40634727478,2574
19365.403652191162,2546
19366.400957107544,2552
19367.398500442505,2578
19368.395805358887,2522
19369.39311027527,2542
19370.39041519165,2526
19371.387720108032,2554
19372.385025024414,2586
19373.382329940796,2588
19374.379873275757,2586
19375.37693977356,2574
19376.37424468994,2542
19377.37226486206,2538
19378.369092941284,2546
19379.366159439087,2542
19380.36346435547,2550
19381.361722946167,2554
19382.38763809204,2578
19383.386373519897,2574
19384.382247924805,2558
19385.350942611694,2616
19386.377573013306,2610
19387.37416267395,2602
19388.37194442749,2550
19389.369249343872,2550
19390.365839004517,2546
19391.364574432373,2570
19392.332315444946,2534
19393.35870742798,2514
19394.32692527771,2554
19395.358562469482,2570
19396.32272720337,2596
19397.319793701172,2570
19398.316621780396,2578
19399.314880371094,2558
19400.31147003174,2574
19401.309490203857,2548
19402.30655670166,2574
19403.303861618042,2538
19404.301404953003,2584
19405.298709869385,2538
19406.296014785767,2576
19407.29308128357,2574
19408.29062461853,2574
19409.287929534912,2602
19410.284996032715,2628
19411.28897666931,2610
19412.280321121216,2574
19413.27691078186,2542
19414.27493095398,2554
19415.271997451782,2560
19416.269302368164,2542
19417.266368865967,2548
19418.263912200928,2570
19419.26121711731,2570
19420.258283615112,2554
19421.25654220581,2570
19422.253370285034,2580
19423.250436782837,2612
19424.247980117798,2576
19425.24528503418,2582
19426.24258995056,2580
19427.243947982788,2554
19428.23576927185,2542
19429.232835769653,2560
19430.230379104614,2526
19431.227684020996,2572
19432.224988937378,2598
19433.22205543518,2588
19434.21959877014,2610
19435.217142105103,2602
19436.214208602905,2576
19437.211751937866,2538
19438.20881843567,2574
19439.20612335205,2526
19440.203428268433,2558
19441.201210021973,2550
19442.198276519775,2586
19443.19725036621,2602
19444.156646728516,2554
19445.162534713745,2612
19446.162223815918,2600
19447.15905189514,2600
19448.156356811523,2574
19449.153423309326,2578
19450.150728225708,2548
19451.14827156067,2546
19452.14533805847,2578
19453.142881393433,2584
19454.140186309814,2600
19455.137252807617,2610
19456.134557724,2606
19457.13210105896,2622
19458.15873146057,2642
19459.156274795532,2584
19460.15429496765,2594
19461.150646209717,2574
19462.12148666382,2550
19463.1450176239,2554
19464.14303779602,2578
19465.111017227173,2586
19466.108083724976,2578
19467.105627059937,2554
19468.10269355774,2602
19469.09999847412,2638
19470.106601715088,2646
19471.094608306885,2614
19472.092151641846,2618
19473.089456558228,2558
19474.08676147461,2570
19475.08406639099,2546
19476.081371307373,2576
19477.078676223755,2638
19478.076219558716,2578
19479.07328605652,2594
19480.0705909729,2574
19481.06813430786,2586
19482.065439224243,2576
19483.062744140625,2578
19484.060049057007,2574
19485.05735397339,2526
19486.05465888977,2508
19487.051963806152,2522
19488.049507141113,2512
19489.07494544983,2570
19490.073204040527,2570
19491.069793701172,2550
19492.0392036438,2602
19493.063926696777,2634
19494.06147003174,2600
19495.05925178528,2602
19496.05679512024,2602
19497.053623199463,2614
19498.053073883057,2598
19499.048233032227,2582
19500.046730041504,2574
19501.044511795044,2574
19502.013206481934,2610
19503.037929534912,2614
19504.03594970703,2634
19505.032777786255,2630
19506.030082702637,2618
19507.027864456177,2610
19508.02493095398,2598
19509.021520614624,2586
19509.99116897583,2590
19510.988473892212,2582
19511.986017227173,2602
19513.01145553589,2554
19514.009714126587,2588
19515.00654220581,2614
19516.003131866455,2622
19517.000913619995,2610
19517.997980117798,2620
19518.99528503418,2586
19519.99258995056,2602
19520.9903717041,2546
19521.95906639099,2490
19522.984504699707,2482
19523.98157119751,2524
19524.983644485474,2538
19525.97689628601,2580
19526.947498321533,2582
19527.976751327515,2630
19528.968811035156,2678
19529.96563911438,2666
19530.935049057007,2618
19531.960010528564,2610
19532.958269119263,2590
19533.955335617065,2598
19534.953117370605,2586
19535.94970703125,2598
19536.948442459106,2558
19537.944078445435,2546
19538.941383361816,2554
19539.940118789673,2600
19540.93647003174,2596
19541.934728622437,2602
19542.932271957397,2584
19543.92981529236,2582
19544.926404953003,2578
19545.924186706543,2522
19546.921491622925,2520
19547.919511795044,2526
19548.916339874268,2534
19549.91364479065,2518
19550.910711288452,2508
19551.879167556763,2506
19552.9043674469,2540
19553.902626037598,2546
19554.899215698242,2578
19555.89723587036,2514
19556.894302368164,2546
19557.891368865967,2518
19558.889627456665,2544
19559.885263442993,2572
19560.85515022278,2554
19561.88178062439,2576
19562.87717819214,2634
19563.87448310852,2632
19564.87202644348,2670
19565.869569778442,2638
19566.867113113403,2614
19567.864418029785,2638
19568.833589553833,2614
19569.830894470215,2606
19570.827960968018,2598
19571.82550430298,2582
19572.82280921936,2586
19573.820114135742,2576
19574.817180633545,2614
19575.814723968506,2602
19576.823949813843,2582
19577.80933380127,2610
19578.80663871765,2606
19579.804182052612,2590
19580.801248550415,2574
19581.799268722534,2570
19582.796096801758,2534
19583.79340171814,2506
19584.79070663452,2514
19585.788249969482,2518
19586.785316467285,2546
19587.782621383667,2574
19588.77992630005,2602
19589.77746963501,2590
19590.77477455139,2616
19591.772079467773,2630
19592.769861221313,2614
19593.766689300537,2606
19594.76399421692,2604
19595.7612991333,2616
19596.75884246826,2610
19597.756147384644,2618
19598.753213882446,2654
19599.750757217407,2646
19600.74806213379,2710
19601.74560546875,2654
19602.742433547974,2638
19603.739976882935,2618
19604.737281799316,2558
19605.7345867157,2538
19606.73213005066,2550
19607.72943496704,2550
19608.726739883423,2580
19609.723806381226,2550
19610.742330551147,2526
19611.719131469727,2542
19612.71619796753,2544
19613.71350288391,2582
19614.710569381714,2606
19615.708112716675,2558
19616.705417633057,2540
19617.70272254944,2546
19618.70002746582,2558
19619.697332382202,2554
19620.694875717163,2554
19621.692180633545,2542
19622.689485549927,2538
19623.68655204773,2574
19624.68409538269,2498
19625.681400299072,2532
19626.678466796875,2522
19627.676248550415,2534
19628.673315048218,2534
19629.6706199646,2574
19630.66792488098,2570
19631.66570663452,2598
19632.662773132324,2650
19633.659839630127,2684
19634.657382965088,2698
19635.65468788147,2714
19636.65199279785,2730
19637.649297714233,2712
19638.646602630615,2686
19639.644145965576,2638
19640.64121246338,2614
19641.63899421692,2578
19642.664909362793,2586
19643.63431930542,2580
19644.660234451294,2574
19645.65634727478,2598
19646.65389060974,2638
19647.65167236328,2668
19648.648738861084,2682
19649.646043777466,2630
19650.64835548401,2586
19651.64089202881,2598
19652.63867378235,2606
19653.635263442993,2576
19654.633045196533,2550
19655.629634857178,2542
19656.630992889404,2556
19657.625198364258,2578
19658.62202644348,2642
19659.618854522705,2606
19660.61758995056,2602
19661.587953567505,2594
19662.614107131958,2586
19663.609504699707,2574
19664.607048034668,2576
19665.60435295105,2550
19666.60213470459,2546
19667.59991645813,2576
19668.59745979309,2614
19669.593334197998,2598
19670.591831207275,2604
19671.588897705078,2634
19672.585487365723,2650
19673.555374145508,2650
19674.55220222473,2638
19675.549507141113,2608
19676.546812057495,2610
19677.544355392456,2582
19678.541660308838,2598
19679.53896522522,2598
19680.536031723022,2618
19681.53429031372,2590
19682.531118392944,2610
19683.528184890747,2646
19684.52548980713,2650
19685.52327156067,2650
19686.52033805847,2654
19687.819719314575,2614
19688.825845718384,2632
19689.826250076294,2630
19690.823793411255,2642
19691.821098327637,2630
19692.81840324402,2630
19693.81546974182,2670
19694.813013076782,2646
19695.810317993164,2654
19696.807622909546,2686
19697.805166244507,2698
19698.80223274231,2672
19699.79953765869,2664
19700.796842575073,2650
19701.817274093628,2638
19702.791929244995,2610
19703.789472579956,2654
19704.78653907776,2622
19705.78360557556,2586
19706.780910491943,2602
19707.778215408325,2616
19708.775758743286,2630
19709.773063659668,2638
19710.77036857605,2588
19711.76838874817,2598
19712.765216827393,2574
19713.762283325195,2534
19714.759349822998,2534
19715.757131576538,2518
19716.75419807434,2526
19717.751502990723,2570
19718.748807907104,2540
19719.746828079224,2598
19720.742225646973,2614
19721.739530563354,2656
19722.736597061157,2654
19723.73390197754,2642
19724.7314453125,2650
19725.728511810303,2614
19726.725816726685,2606
19727.723360061646,2650
19728.720664978027,2648
19729.71796989441,2654
19730.715036392212,2622
19731.712818145752,2674
19732.709884643555,2726
19733.707189559937,2710
19734.70640182495,2634
19735.70203781128,2604
19736.699104309082,2588
19737.696409225464,2534
19738.694190979004,2578
19739.691257476807,2558
19740.68856239319,2582
19741.68610572815,2586
19742.683172225952,2606
19743.680477142334,2610
19744.677782058716,2632
19745.675802230835,2610
19746.67263031006,2622
19747.66993522644,2624
19748.667240142822,2594
19749.664783477783,2578
19750.661849975586,2582
19751.659631729126,2614
19752.65669822693,2586
19753.65376472473,2586
19754.651308059692,2616
19755.648612976074,2634
19756.645917892456,2672
19757.643222808838,2698
19758.64052772522,2706
19759.6378326416,2678
19760.635375976562,2638
19761.632680892944,2650
19762.629985809326,2650
19763.627290725708,2654
19764.62459564209,2630
19765.62237739563,2650
19766.619443893433,2654
19767.616748809814,2702
19768.620014190674,2702
19769.611358642578,2702
19770.60866355896,2642
19771.60596847534,2612
19772.603034973145,2610
19773.600816726685,2586
19774.597883224487,2576
19775.59518814087,2534
19776.59273147583,2546
19777.590036392212,2574
19778.587102890015,2582
19779.584407806396,2610
19781.58926963806,2614
19781.58926963806,2618
19782.60612487793,2638
19783.60342979431,2634
19784.60144996643,2634
19785.598754882812,2630
19786.595821380615,2606
19787.592887878418,2618
19788.58971595764,2654
19789.58797454834,2672
19790.55690765381,2670
19791.585683822632,2674
19792.580604553223,2674
19793.547868728638,2678
19794.57402229309,2714
19795.57156562805,2678
19796.573638916016,2638
19797.567129135132,2618
19798.563241958618,2614
19799.560546875,2654
19800.559759140015,2674
19801.5558719635,2646
19802.552938461304,2628
19803.550481796265,2654
19804.54969406128,2622
19805.54437637329,2654
19806.541919708252,2642
19807.539224624634,2636
19808.536291122437,2594
19809.533834457397,2602
19810.53137779236,2576
19811.5017414093,2586
19812.498092651367,2590
19813.495874404907,2558
19814.49270248413,2602
19815.490007400513,2550
19816.487312316895,2586
19818.485260009766,2578
19818.485260009766,2574
19819.47946548462,2570
19821.47455215454,2554
19822.471618652344,2486
19823.468685150146,2550
19824.466466903687,2614
19825.46377182007,2602
19826.46083831787,2618
19826.46083831787,2618
19827.505111694336,2620
19829.479694366455,2662
19830.476999282837,2706
19831.47406578064,2670
19832.49282836914,2662
19833.471059799194,2622
19834.466457366943,2630
19835.464477539062,2638
19836.461067199707,2664
19837.491035461426,2642
19838.45615386963,2670
19839.452981948853,2714
19840.450763702393,2710
19841.455936431885,2706
19842.421770095825,2706
19843.422889709473,2722
19844.42186355591,2680
19845.423460006714,2674
19846.420764923096,2634
19847.404718399048,2654
19848.40226173401,2634
19849.398374557495,2634
19850.39520263672,2662
19851.39274597168,2664
19852.389812469482,2652
19853.387355804443,2650
19854.385375976562,2614
19855.388402938843,2622
19856.37903213501,2634
19857.377290725708,2602
19858.405590057373,2554
19859.400033950806,2598
19860.3777885437,2578
19861.39488220215,2622
19862.391233444214,2618
19863.390922546387,2656
19864.3856048584,2668
19865.38314819336,2662
19866.38379096985,2670
19867.377758026123,2682
19868.37601661682,2654
19869.378805160522,2634
19870.376586914062,2618
19871.376037597656,2608
19872.370958328247,2612
19873.334169387817,2614
19874.3314743042,2646
19875.32877922058,2630
19876.325845718384,2654
19877.323150634766,2662
19878.320693969727,2654
19879.31799888611,2672
19880.31530380249,2670
19881.31284713745,2648
19882.309913635254,2638
19883.307218551636,2618
19884.30428504944,2618
19885.305166244507,2638
19886.29913330078,2646
19887.296438217163,2642
19888.322114944458,2674
19889.31918144226,2662
19890.31958580017,2674
19891.316175460815,2642
19892.311334609985,2634
19893.31030845642,2636
19894.306421279907,2582
19895.30348777771,2578
19896.30103111267,2608
19897.297620773315,2578
19898.296117782593,2556
19899.293184280396,2602
19900.29001235962,2582
19901.259660720825,2552
19902.28533744812,2578
19903.25689315796,2586
19904.253482818604,2574
19905.250072479248,2588
19906.24761581421,2582
19907.24515914917,2548
19908.242225646973,2598
19909.239530563354,2598
19910.237550735474,2638
19911.234617233276,2650
19912.23168373108,2674
19913.228511810303,2646
19914.226293563843,2662
19915.223598480225,2624
19916.220903396606,2610
19917.21796989441,2610
19918.21575164795,2622
19919.212102890015,2578
19920.209169387817,2602
19921.20599746704,2586
19922.203063964844,2578
19923.200845718384,2602
19924.197912216187,2600
19925.19521713257,2610
19926.19252204895,2622
19927.189826965332,2630
19928.187131881714,2582
19929.184436798096,2602
19930.181980133057,2606
19931.179523468018,2618
19932.17658996582,2602
19933.17413330078,2614
19934.171199798584,2654
19935.169219970703,2676
19936.19394302368,2666
19937.19172477722,2678
19938.188791275024,2684
19939.185857772827,2662
19940.183639526367,2662
19941.181182861328,2606
19942.150115966797,2612
19943.175077438354,2622
19944.146871566772,2636
19945.169925689697,2606
19946.16746902466,2618
19947.168827056885,2606
19948.167324066162,2638
19949.159145355225,2666
19950.12855529785,2654
19951.126098632812,2610
19952.123165130615,2608
19953.120470046997,2594
19954.1175365448,2582
19955.11531829834,2558
19956.11262321472,2580
19957.109689712524,2582
19958.107233047485,2630
19959.104537963867,2682
19960.10160446167,2702
19961.09914779663,2742
19962.096452713013,2706
19963.093757629395,2742
19964.091062545776,2730
19965.091228485107,2708
19966.087579727173,2716
19967.08631515503,2682
19968.082427978516,2650
19969.07949447632,2650
19970.07656097412,2608
19971.07481956482,2622
19972.071647644043,2662
19973.068714141846,2610
19974.066257476807,2630
19975.06356239319,2590
19976.06086730957,2534
19977.057933807373,2574
19978.081703186035,2556
19979.079008102417,2546
19980.077028274536,2544
19981.07409477234,2574
19982.072830200195,2556
19983.06894302368,2578
19984.066247940063,2586
19985.063791275024,2544
19986.061096191406,2494
19987.05792427063,2506
19988.05594444275,2504
19989.05348777771,2454
19990.05103111267,2486
19991.04952812195,2510
19992.046356201172,2538
19993.041038513184,2534
19994.041204452515,2558
19995.038509368896,2606
19996.03533744812,2586
19997.032403945923,2618
19998.030424118042,2630
19999.027252197266,2646
20000.024795532227,2630
20001.02210044861,2678
20001.991510391235,2682
20003.01742553711,2714
20004.014253616333,2710
20005.012035369873,2708
20006.008625030518,2674
20007.0059299469,2706
20008.008241653442,2652
20009.00101661682,2704
20009.998321533203,2656
20010.9965801239,2618
20011.96527481079,2604
20012.962341308594,2606
20013.959407806396,2594
20014.95671272278,2612
20015.95425605774,2614
20016.95156097412,2606
20017.948627471924,2610
20018.945932388306,2654
20019.943475723267,2664
20020.94078063965,2678
20021.93808555603,2666
20022.93586730957,2642
20023.932695388794,2642
20024.930000305176,2632
20025.927782058716,2622
20026.925086975098,2632
20027.92239189148,2622
20028.919458389282,2616
20029.917001724243,2602
20030.914068222046,2618
20031.911849975586,2616
20032.90891647339,2636
20033.90622138977,2614
20034.90376472473,2582
20035.900831222534,2546
20036.898374557495,2514
20037.895679473877,2542
20038.8925075531,2538
20039.89028930664,2536
20040.887355804443,2546
20041.884899139404,2570
20042.882442474365,2598
20043.879747390747,2618
20044.87705230713,2646
20045.87411880493,2622
20046.871662139893,2634
20047.868967056274,2602
20048.866033554077,2594
20049.86333847046,2582
20050.86088180542,2524
20051.85890197754,2540
20052.855491638184,2534
20053.853034973145,2570
20054.850101470947,2538
20055.84740638733,2586
20056.844472885132,2594
20058.27569961548,2590
20059.281587600708,2554
20060.282945632935,2638
20061.280250549316,2544
20062.27684020996,2574
20063.274383544922,2594
20064.271450042725,2622
20065.268754959106,2616
20066.26582145691,2576
20067.26384162903,2610
20068.260669708252,2640
20069.258451461792,2652
20070.255756378174,2674
20071.253776550293,2638
20072.250604629517,2618
20073.248624801636,2634
20074.272394180298,2610
20075.24061203003,2602
20076.23839378357,2590
20077.23569869995,2578
20078.232526779175,2602
20079.229831695557,2616
20080.227375030518,2602
20081.22491836548,2614
20082.22198486328,2634
20083.219528198242,2608
20084.246158599854,2582
20085.21604537964,2578
20086.240530014038,2548
20087.235927581787,2586
20088.233947753906,2582
20089.231252670288,2610
20090.229749679565,2574
20091.198921203613,2606
20092.196702957153,2618
20093.194246292114,2622
20094.191312789917,2634
20095.18837928772,2602
20096.184968948364,2602
20097.182989120483,2556
20098.180055618286,2574
20099.17688369751,2550
20100.17466545105,2546
20101.171731948853,2558
20102.169036865234,2598
20103.167295455933,2578
20104.16603088379,2614
20105.162143707275,2622
20106.15873336792,2588
20107.15651512146,2614
20108.15382003784,2588
20109.151124954224,2594
20110.148906707764,2574
20111.146450042725,2598
20112.143516540527,2598
20113.141298294067,2602
20114.137887954712,2594
20115.135431289673,2614
20116.132497787476,2586
20117.129802703857,2590
20118.127584457397,2600
20119.12441253662,2610
20120.12243270874,2520
20121.119737625122,2538
20122.116088867188,2514
20123.11363220215,2548
20124.11093711853,2582
20125.10895729065,2558
20126.105308532715,2542
20127.103090286255,2590
20128.100156784058,2610
20129.09770011902,2618
20130.0950050354,2662
20131.09302520752,2622
20132.09056854248,2622
20133.087635040283,2590
20134.08398628235,2602
20135.08176803589,2584
20136.07931137085,2570
20137.076139450073,2578
20138.073444366455,2606
20139.070987701416,2602
20140.068531036377,2622
20141.0653591156,2608
20142.06337928772,2602
20143.0606842041,2586
20144.058227539062,2576
20145.055294036865,2544
20146.05212211609,2460
20147.04942703247,2462
20148.046731948853,2430
20149.044275283813,2478
20150.041818618774,2494
20151.038646697998,2514
20152.036428451538,2578
20153.034210205078,2602
20154.0310382843,2606
20155.028581619263,2654
20156.025648117065,2622
20157.022953033447,2610
20158.02001953125,2622
20159.01756286621,2642
20160.015106201172,2650
20161.012649536133,2602
20162.009954452515,2666
20163.007259368896,2642
20164.00408744812,2670
20165.00163078308,2632
20165.998935699463,2618
20166.995525360107,2586
20167.994260787964,2556
20168.992042541504,2538
20169.989109039307,2494
20170.98593711853,2474
20171.98371887207,2486
20172.980785369873,2510
20173.97689819336,2570
20174.97444152832,2548
20175.973892211914,2554
20176.9700050354,2586
20177.967309951782,2624
20178.963899612427,2610
20179.96072769165,2598
20180.959701538086,2608
20181.957960128784,2588
20182.954788208008,2586
20183.950424194336,2574
20184.949159622192,2570
20185.94527244568,2574
20186.942100524902,2546
20187.939643859863,2526
20188.937187194824,2546
20189.934253692627,2516
20190.931797027588,2542
20191.930532455444,2526
20192.927837371826,2522
20193.925142288208,2486
20194.921731948853,2484
20195.92022895813,2474
20196.91801071167,2518
20197.91555404663,2514
20198.91119003296,2576
20199.910163879395,2558
20200.907468795776,2522
20201.905012130737,2570
20202.9025554657,2606
20203.899383544922,2582
20204.896688461304,2544
20205.894231796265,2514
20206.891775131226,2518
20207.88884162903,2502
20208.88638496399,2522
20209.88368988037,2538
20210.880994796753,2554
20211.8923664093,2550
20212.875604629517,2586
20213.87243270874,2554
20214.869737625122,2606
20215.867042541504,2542
20216.864585876465,2550
20217.859745025635,2538
20218.886613845825,2544
20219.88534927368,2542
20220.85213661194,2538
20221.848726272583,2586
20222.84746170044,2606
20223.843574523926,2578
20224.84254837036,2570
20225.8403301239,2598
20226.868629455566,2574
20227.83374786377,2558
20228.832244873047,2604
20229.827880859375,2578
20230.825185775757,2534
20231.82225227356,2556
20232.8200340271,2548
20233.818769454956,2546
20234.814643859863,2598
20235.81290245056,2574
20236.81116104126,2586
20237.80846595764,2606
20238.805294036865,2574
20239.802360534668,2590
20240.79918861389,2598
20241.79744720459,2554
20242.793321609497,2538
20243.79062652588,2522
20244.787454605103,2494
20245.784759521484,2508
20246.782302856445,2534
20247.779607772827,2526
20248.77691268921,2518
20249.77421760559,2526
20250.77176094055,2524
20251.769304275513,2598
20252.766609191895,2550
20253.763675689697,2554
20254.76098060608,2572
20255.788564682007,2520
20256.78586959839,2514
20257.75384902954,2522
20258.779287338257,2548
20259.77659225464,2576
20260.7741355896,2526
20261.77144050598,2510
20262.768030166626,2520
20263.76438140869,2538
20264.763832092285,2510
20265.76042175293,2522
20266.765117645264,2506
20267.755270004272,2488
20268.753051757812,2526
20269.750833511353,2554
20270.747184753418,2506
20271.71754837036,2526
20272.745609283447,2510
20273.710250854492,2518
20274.737119674683,2506
20275.734186172485,2506
20276.73077583313,2482
20277.72879600525,2506
20278.72610092163,2490
20279.72459793091,2482
20280.720472335815,2518
20281.718254089355,2512
20282.71508216858,2544
20283.71262550354,2582
20284.71064567566,2574
20285.70795059204,2558
20286.704778671265,2586
20287.70351409912,2590
20288.69891166687,2580
20289.696216583252,2558
20290.692806243896,2520
20291.691303253174,2540
20292.68765449524,2586
20293.657541275024,2570
20294.682264328003,2602
20295.680046081543,2618
20296.676635742188,2578
20297.674894332886,2586
20298.671007156372,2586
20299.668788909912,2506
20300.665855407715,2490
20301.66482925415,2526
20302.660942077637,2518
20303.65824699402,2522
20304.654836654663,2526
20305.630445480347,2504
20306.650161743164,2540
20307.64865875244,2556
20308.64667892456,2576
20310.61315536499,2574
20310.61315536499,2522
20311.64002418518,2506
20312.607526779175,2488
20313.603401184082,2490
20314.60165977478,2478
20315.598011016846,2488
20316.595554351807,2488
20317.59285926819,2504
20318.59040260315,2532
20319.589376449585,2540
20320.585012435913,2546
20321.582078933716,2546
20322.579622268677,2514
20323.609113693237,2510
20324.57685470581,2518
20325.573682785034,2482
20326.5700340271,2522
20327.566623687744,2502
20328.564882278442,2518
20329.562425613403,2526
20330.559968948364,2596
20331.55608177185,2598
20332.55410194397,2622
20333.550930023193,2638
20334.54918861389,2618
20335.545778274536,2606
20336.543083190918,2610
20337.53991127014,2594
20338.537216186523,2574
20339.534521102905,2538
20340.532064437866,2534
20341.52889251709,2534
20343.525409698486,2544
20343.525409698486,2544
20344.52176094055,2552
20345.518827438354,2514
20346.515655517578,2502
20347.51319885254,2458
20348.51050376892,2490
20349.507808685303,2490
20350.505352020264,2458
20351.503610610962,2458
20352.499961853027,2430
20353.49750518799,2460
20354.49457168579,2470
20355.491876602173,2494
20356.488943099976,2486
20357.486248016357,2490
20358.48379135132,2486
20360.47887802124,2462
20360.47887802124,2412
20361.47689819336,2486
20362.473487854004,2466
20363.471031188965,2454
20365.46540260315,2472
20366.46270751953,2482
20367.46120452881,2526
20368.45827102661,2546
20369.455337524414,2574
20370.453596115112,2550
20371.461868286133,2490
20372.44749069214,2546
20373.449563980103,2526
20374.449491500854,2500
20375.449419021606,2478
20376.45125389099,2490
20377.434968948364,2476
20378.43155860901,2490
20379.42862510681,2534
20380.425930023193,2578
20381.423950195312,2522
20382.453680038452,2528
20383.445501327515,2514
20384.442567825317,2518
20385.43939590454,2480
20386.43741607666,2480
20387.434720993042,2470
20388.431310653687,2502
20389.42837715149,2502
20390.426874160767,2482
20391.42370223999,2518
20392.422199249268,2578
20393.418312072754,2538
20394.3874835968,2570
20395.38550376892,2534
20396.411895751953,2504
20397.380113601685,2506
20398.40793609619,2504
20399.408102035522,2550
20400.405168533325,2502
20401.369333267212,2508
20402.372360229492,2488
20403.39469909668,2526
20404.399156570435,2576
20405.398845672607,2614
20406.39567375183,2582
20407.394647598267,2588
20408.39433670044,2546
20409.398317337036,2534
20410.365343093872,2514
20411.39793395996,2508
20412.394285202026,2490
20413.366556167603,2478
20414.362907409668,2478
20415.360927581787,2508
20416.358470916748,2522
20417.35863685608,2574
20418.352127075195,2526
20419.349193572998,2518
20420.34602165222,2504
20421.3445186615,2478
20422.34492301941,2458
20423.33698272705,2468
20424.335718154907,2510
20425.33302307129,2488
20426.329612731934,2526
20427.326440811157,2542
20428.330659866333,2554
20429.294109344482,2558
20430.291175842285,2582
20431.288242340088,2554
20432.28578567505,2522
20433.28309059143,2484
20434.28063392639,2458
20435.277938842773,2430
20436.275243759155,2412
20437.272548675537,2398
20438.26961517334,2396
20439.2671585083,2492
20440.264463424683,2482
20441.261768341064,2508
20442.258834838867,2506
20443.256378173828,2486
20444.25392150879,2506
20445.253133773804,2490
20446.24948501587,2474
20447.248458862305,2494
20448.24743270874,2488
20449.24235343933,2510
20450.275182724,2510
20451.23791694641,2616
20452.234983444214,2512
20453.25994491577,2518
20454.257249832153,2526
20455.254793167114,2546
20456.252336502075,2516
20457.249641418457,2462
20458.247184753418,2518
20459.2444896698,2514
20460.211992263794,2536
20461.239099502563,2542
20462.235689163208,2546
20463.23299407959,2554
20464.229583740234,2610
20465.226888656616,2574
20466.224908828735,2558
20467.221975326538,2550
20468.21928024292,2546
20469.21682357788,2492
20470.22008895874,2490
20471.211194992065,2506
20472.208738327026,2502
20473.2084274292,2482
20474.20358657837,2510
20475.200176239014,2506
20476.197719573975,2516
20477.194786071777,2550
20478.192567825317,2542
20479.191064834595,2544
20480.18717765808,2534
20481.15563392639,2518
20482.182025909424,2506
20483.179569244385,2486
20484.176874160767,2470
20485.14461517334,2480
20486.170768737793,2526
20487.168788909912,2544
20488.165855407715,2544
20489.134073257446,2550
20490.13090133667,2576
20491.129159927368,2516
20492.12598800659,2512
20493.123054504395,2514
20494.120121002197,2494
20495.117902755737,2460
20496.11496925354,2508
20497.112274169922,2524
20498.109579086304,2546
20499.107122421265,2550
20500.104427337646,2578
20501.10173225403,2578
20502.09903717041,2558
20503.096342086792,2570
20504.093647003174,2558
20505.090951919556,2522
20506.088256835938,2482
20507.08794593811,2478
20508.084774017334,2468
20509.081840515137,2526
20510.07914543152,2552
20511.07692718506,2596
20512.07447052002,2526
20513.071537017822,2542
20514.068841934204,2550
20515.065908432007,2578
20516.06321334839,2532
20517.06051826477,2478
20518.05806159973,2480
20519.055366516113,2474
20520.052433013916,2454
20521.050930023193,2446
20522.047758102417,2488
20523.04482460022,2490
20524.041891098022,2488
20525.039434432983,2506
20526.036739349365,2538
20527.033805847168,2534
20528.03134918213,2522
20529.02865409851,2520
20530.025720596313,2534
20531.02397918701,2474
20532.020807266235,2486
20533.018112182617,2492
20534.01517868042,2522
20535.01272201538,2522
20536.01026535034,2534
20537.007808685303,2574
20538.004636764526,2570
20539.00194168091,2534
20539.99924659729,2524
20540.996551513672,2512
20541.994094848633,2494
20542.991638183594,2510
20543.988704681396,2512
20544.9857711792,2490
20545.98331451416,2474
20546.980381011963,2534
20547.977924346924,2514
20548.974990844727,2538
20549.972772598267,2614
20550.96983909607,2582
20551.96714401245,2546
20552.991151809692,2554
20553.988933563232,2554
20554.986000061035,2542
20555.983543395996,2546
20556.981086730957,2550
20557.97839164734,2582
20558.97545814514,2614
20559.973001480103,2622
20560.970306396484,2606
20561.968564987183,2594
20562.96467781067,2578
20563.962697982788,2554
20564.959287643433,2538
20565.956592559814,2526
20566.95818901062,2526
20567.954063415527,2506
20568.929433822632,2546
20569.918394088745,2526
20570.915937423706,2534
20571.913242340088,2534
20572.91269302368,2542
20573.93789291382,2522
20574.934244155884,2512
20575.931072235107,2500
20576.93099975586,2510
20577.92615890503,2502
20578.92370223999,2506
20579.92172241211,2502
20580.91926574707,2486
20581.9149017334,2538
20582.91220664978,2538
20583.90998840332,2576
20584.908485412598,2558
20585.905075073242,2514
20586.90309524536,2522
20587.89896965027,2504
20588.898420333862,2554
20589.86496925354,2524
20590.89183807373,2510
20591.889142990112,2512
20592.886924743652,2490
20593.855142593384,2494
20594.88081932068,2516
20595.87788581848,2556
20596.875190734863,2550
20597.8786945343,2576
20598.841905593872,2570
20599.867343902588,2542
20600.86464881897,2494
20601.8328666687,2508
20602.859497070312,2482
20603.856563568115,2510
20604.854583740234,2500
20605.85618019104,2520
20606.849193572998,2534
20607.8462600708,2554
20608.850955963135,2570
20609.840631484985,2570
20610.838174819946,2574
20611.84024810791,2550
20612.83254623413,2542
20613.83008956909,2574
20614.827632904053,2534
20615.824699401855,2526
20616.792678833008,2518
20617.78974533081,2538
20618.787050247192,2584
20619.784116744995,2534
20620.781660079956,2596
20621.779203414917,2582
20622.779846191406,2542
20623.77381324768,2554
20624.771118164062,2574
20625.768423080444,2570
20626.765489578247,2572
20627.763032913208,2558
20628.76057624817,2524
20629.75764274597,2518
20630.755186080933,2542
20631.752490997314,2574
20632.749795913696,2578
20633.7468624115,2518
20634.74440574646,2542
20635.74171066284,2542
20636.739015579224,2544
20637.736082077026,2550
20638.733625411987,2542
20639.73093032837,2538
20640.72823524475,2514
20641.72601699829,2532
20642.723083496094,2518
20643.720149993896,2536
20644.718170166016,2532
20645.71523666382,2510
20646.71230316162,2470
20647.709608078003,2458
20648.707151412964,2448
20649.704217910767,2536
20650.70152282715,2514
20651.69882774353,2506
20652.69637107849,2510
20653.693437576294,2534
20654.690742492676,2598
20655.688285827637,2578
20656.68559074402,2586
20657.6828956604,2570
20658.680200576782,2578
20660.43519973755,2542
20661.46755218506,2534
20662.466764450073,2534
20663.463830947876,2542
20664.46328163147,2538
20665.464162826538,2538
20666.4559841156,2518
20667.45352745056,2522
20668.45178604126,2586
20669.474363327026,2588
20670.446634292603,2600
20671.456575393677,2552
20672.443628311157,2526
20673.439741134644,2558
20674.436330795288,2554
20675.43625831604,2548
20676.429271697998,2582
20677.427053451538,2582
20678.45368385315,2606
20679.450035095215,2618
20680.44900894165,2622
20681.446313858032,2630
20682.443618774414,2604
20683.438777923584,2558
20684.436559677124,2570
20685.43314933777,2524
20686.431884765625,2478
20687.427759170532,2482
20688.42649459839,2486
20689.42379951477,2452
20690.42134284973,2446
20691.420078277588,2474
20692.415714263916,2466
20693.411588668823,2494
20694.410800933838,2502
20695.406913757324,2482
20696.403980255127,2454
20697.402000427246,2480
20698.401927947998,2454
20699.398517608643,2504
20700.39415359497,2502
20701.392889022827,2486
20702.38971710205,2506
20703.388929367065,2508
20704.357147216797,2550
20705.352544784546,2584
20706.350088119507,2520
20707.347869873047,2570
20708.37378501892,2606
20709.34295654297,2610
20710.350036621094,2636
20711.345195770264,2622
20712.333917617798,2610
20713.3309841156,2644
20714.32852745056,2678
20715.338468551636,2702
20716.322660446167,2670
20717.31996536255,2646
20718.31727027893,2642
20719.316005706787,2604
20720.31331062317,2558
20721.31037712097,2494
20722.309112548828,2460
20723.30403327942,2472
20724.30157661438,2474
20725.298643112183,2470
20726.295948028564,2518
20727.293252944946,2512
20728.290796279907,2552
20729.28786277771,2588
20730.28540611267,2586
20731.28342628479,2550
20732.280254364014,2518
20733.29210281372,2512
20734.274864196777,2510
20735.326051712036,2526
20736.298322677612,2518
20737.26797103882,2536
20738.2652759552,2522
20739.26281929016,2554
20740.259885787964,2552
20741.257429122925,2534
20742.254734039307,2544
20743.25180053711,2558
20744.24910545349,2522
20745.245456695557,2536
20746.24228477478,2522
20747.239589691162,2534
20748.236894607544,2554
20749.234199523926,2598
20750.231504440308,2602
20751.229286193848,2598
20752.22659111023,2608
20753.223657608032,2608
20754.220962524414,2630
20755.218267440796,2614
20756.215572357178,2554
20757.21287727356,2572
20758.21042060852,2572
20759.207725524902,2526
20760.205030441284,2558
20761.202335357666,2600
20762.200117111206,2550
20763.19718360901,2586
20764.19425010681,2602
20765.191793441772,2598
20766.189098358154,2572
20767.186403274536,2614
20768.186330795288,2588
20769.213676452637,2588
20770.179748535156,2554
20771.204948425293,2570
20772.20320701599,2554
20773.199319839478,2582
20774.198055267334,2586
20775.19464492798,2622
20776.191473007202,2598
20777.18949317932,2608
20778.186798095703,2624
20779.183387756348,2606
20780.18069267273,2636
20781.179666519165,2618
20782.175302505493,2558
20783.17356109619,2574
20784.170389175415,2590
20785.179615020752,2614
20786.165237426758,2606
20787.16230392456,2600
20788.1600856781,2608
20789.156913757324,2634
20790.154218673706,2640
20791.155099868774,2622
20792.14882850647,2644
20793.147087097168,2614
20794.143199920654,2598
20795.140981674194,2588
20796.138286590576,2572
20797.13535308838,2558
20798.13289642334,2554
20799.10159111023,2546
20800.127744674683,2546
20801.12624168396,2526
20802.122831344604,2550
20803.120136260986,2538
20804.11720275879,2538
20805.11426925659,2520
20806.111812591553,2460
20807.109594345093,2486
20808.106660842896,2518
20809.103965759277,2558
20810.101985931396,2536
20811.09929084778,2534
20812.09635734558,2552
20813.093900680542,2550
20814.06331062317,2588
20815.08755683899,2602
20816.08533859253,2578
20817.082166671753,2550
20818.079710006714,2578
20819.076776504517,2538
20820.074796676636,2606
20821.072578430176,2596
20822.06916809082,2628
20823.066473007202,2616
20824.03540611267,2640
20825.031995773315,2630
20826.029300689697,2634
20827.0263671875,2640
20828.023433685303,2650
20829.021215438843,2610
20830.018281936646,2614
20831.015825271606,2524
20832.01313018799,2602
20833.01019668579,2634
20834.007501602173,2594
20835.005044937134,2610
20836.002349853516,2612
20836.999893188477,2600
20837.99695968628,2602
20839.003562927246,2590
20839.991569519043,2618
20840.989112854004,2598
20841.986656188965,2538
20842.983722686768,2550
20843.98102760315,2522
20844.983100891113,2552
20845.983028411865,2570
20846.972942352295,2522
20847.970247268677,2578
20848.967790603638,2586
20849.96509552002,2526
20850.9624004364,2544
20851.959466934204,2574
20852.957010269165,2546
20853.954315185547,2542
20854.95162010193,2510
20855.94916343689,2518
20856.94646835327,2578
20857.943534851074,2578
20858.940839767456,2598
20859.96699333191,2584
20860.965728759766,2554
20861.960887908936,2574
20862.958908081055,2518
20863.956451416016,2526
20864.95351791382,2534
20865.954637527466,2490
20866.94884300232,2490
20867.944955825806,2476
20868.945837020874,2494
20869.940042495728,2544
20870.91112136841,2554
20871.93465232849,2550
20872.90358543396,2572
20873.90112876892,2590
20874.908685684204,2620
20875.895500183105,2614
20876.893043518066,2642
20877.89034843445,2600
20878.88741493225,2586
20879.884719848633,2602
20880.882263183594,2610
20881.879806518555,2624
20882.876873016357,2642
20883.87393951416,2634
20884.8717212677,2620
20885.869026184082,2614
20886.866092681885,2614
20887.863636016846,2624
20888.860940933228,2630
20889.85800743103,2598
20890.85602760315,2582
20891.852855682373,2558
20892.850160598755,2576
20893.847703933716,2614
20894.845008850098,2578
20895.84231376648,2610
20896.83961868286,2590
20897.836685180664,2570
20898.834228515625,2794
20899.831533432007,2550
20900.82883834839,2552
20901.82662010193,2558
20902.82368659973,2484
20903.820753097534,2500
20904.818058013916,2486
20905.81774711609,2506
20906.813144683838,2506
20907.81021118164,2544
20908.8077545166,2540
20909.805059432983,2516
20910.802125930786,2550
20911.799907684326,2582
20912.79697418213,2578
20913.79427909851,2594
20914.791584014893,2558
20915.789127349854,2522
20916.786193847656,2586
20917.783498764038,2576
20918.781042099,2602
20919.77834701538,2608
20920.775651931763,2588
20921.791553497314,2590
20922.784090042114,2618
20923.770427703857,2576
20924.76725578308,2570
20925.764322280884,2574
20926.762342453003,2580
20927.759408950806,2570
20928.75623703003,2588
20929.75354194641,2590
20930.750370025635,2582
20931.748628616333,2606
20932.745695114136,2542
20933.74252319336,2578
20934.73982810974,2522
20935.737371444702,2518
20936.734914779663,2508
20937.73341178894,2528
20938.728094100952,2538
20939.72659111023,2574
20940.72389602661,2574
20941.723108291626,2614
20942.719221115112,2616
20943.716287612915,2622
20944.71311569214,2586
20945.71018218994,2622
20946.707487106323,2598
20947.704553604126,2586
20948.702096939087,2582
20949.69940185547,2550
20950.69670677185,2546
20951.69425010681,2590
20952.691555023193,2586
20953.688383102417,2606
20954.68544960022,2618
20955.68299293518,2614
20956.680297851562,2634
20957.677602767944,2610
20958.674907684326,2600
20959.672689437866,2558
20960.670232772827,2548
20961.667776107788,2514
20962.66460418701,2506
20963.661909103394,2508
20964.659214019775,2512
20965.656280517578,2490
20966.65334701538,2550
20967.65112876892,2522
20968.64891052246,2554
20969.645977020264,2568
20970.643043518066,2512
20971.640825271606,2542
20972.63789176941,2542
20973.634958267212,2550
20974.632263183594,2538
20975.629806518555,2540
20976.626873016357,2582
20977.624654769897,2590
20978.6217212677,2586
20979.619026184082,2614
20980.616331100464,2610
20981.614351272583,2586
20982.611179351807,2636
20983.609437942505,2588
20984.606504440308,2572
20985.60357093811,2538
20986.600875854492,2558
20987.598419189453,2588
20988.596439361572,2610
20989.593505859375,2574
20990.591287612915,2608
20991.589546203613,2632
20992.586135864258,2686
20993.58344078064,2640
20994.580268859863,2642
20995.577812194824,2618
20996.574878692627,2600
20997.572422027588,2618
20998.56972694397,2654
20999.566793441772,2586
21000.56266784668,2574
21001.55997276306,2618
21002.557277679443,2622
21003.554582595825,2638
21004.551649093628,2610
21005.54895401001,2580
21006.54625892639,2536
21007.543802261353,2526
21008.541107177734,2484
21009.538412094116,2474
21010.535717010498,2450
21011.53302192688,2478
21012.53032684326,2472
21013.527870178223,2510
21014.525175094604,2550
21015.522241592407,2582
21016.519784927368,2630
21017.51708984375,2652
21018.524646759033,2638
21019.511461257935,2580
21020.509004592896,2582
21021.506547927856,2618
21022.50361442566,2606
21023.50115776062,2614
21024.498224258423,2570
21025.495529174805,2570
21026.493072509766,2634
21027.490377426147,2646
21028.48768234253,2662
21030.485153198242,2646
21031.48102760315,2610
21032.477378845215,2584
21033.474922180176,2602
21034.47198867798,2608
21035.46953201294,2574
21036.466598510742,2542
21037.464141845703,2546
21038.461446762085,2588
21039.458751678467,2594
21040.45581817627,2630
21041.45312309265,2600
21042.450428009033,2596
21043.44940185547,2516
21044.445276260376,2528
21045.502424240112,2508
21046.470165252686,2516
21047.46723175049,2538
21048.46501350403,2546
21049.46231842041,2520
21050.462007522583,2542
21051.456212997437,2558
21052.45280265808,2576
21053.451776504517,2582
21054.4490814209,2586
21055.41729927063,2548
21056.443214416504,2546
21057.440757751465,2536
21058.43734741211,2528
21059.434175491333,2520
21060.402631759644,2522
21061.43093109131,2512
21062.426328659058,2538
21063.39716911316,2586
21064.39232826233,2596
21065.41895866394,2606
21066.41674041748,2586
21067.41428375244,2558
21068.410873413086,2502
21069.408655166626,2520
21070.40572166443,2512
21071.38729095459,2546
21072.372913360596,2546
21073.398113250732,2518
21074.394464492798,2546
21075.3915309906,2552
21076.369524002075,2582
21077.359914779663,2622
21078.3851146698,2586
21079.35357093811,2600
21080.379247665405,2582
21081.37607574463,2538
21082.37361907959,2550
21083.370208740234,2574
21084.367752075195,2572
21085.337162017822,2574
21086.363077163696,2556
21087.35942840576,2618
21088.361263275146,2622
21089.354276657104,2614
21090.351819992065,2598
21091.349840164185,2770
21092.34642982483,2548
21093.34444999695,2550
21094.340801239014,2550
21095.338821411133,2582
21096.336364746094,2546
21097.333431243896,2554
21098.33002090454,2542
21099.327325820923,2590
21100.329875946045,2586
21101.321935653687,2602
21102.29206085205,2582
21103.31678390503,2574
21104.315042495728,2550
21105.311632156372,2550
21106.30989074707,2514
21107.314348220825,2550
21108.303785324097,2574
21109.305381774902,2578
21110.273361206055,2558
21111.267805099487,2578
21112.265586853027,2584
21113.26241493225,2582
21114.259481430054,2582
21115.256786346436,2554
21116.254568099976,2550
21117.279291152954,2526
21118.276834487915,2542
21119.277715682983,2538
21120.24474143982,2522
21121.240854263306,2548
21122.238874435425,2538
21123.263835906982,2552
21124.2618560791,2594
21125.258207321167,2614
21126.256465911865,2600
21127.25305557251,2616
21128.249883651733,2578
21129.218578338623,2586
21130.215644836426,2550
21131.21271133423,2572
21132.21025466919,2606
21133.20755958557,2616
21134.204864501953,2638
21135.202407836914,2622
21136.199474334717,2636
21137.1967792511,2672
21138.19408416748,2634
21139.19162750244,2654
21140.188932418823,2612
21141.186475753784,2616
21142.183780670166,2584
21143.18084716797,2526
21144.17815208435,2588
21145.175457000732,2588
21146.172761917114,2590
21147.170066833496,2602
21148.167610168457,2622
21149.16491508484,2590
21150.16222000122,2606
21151.159524917603,2550
21152.156829833984,2574
21153.154134750366,2590
21154.151678085327,2542
21155.14898300171,2526
21156.14628791809,2578
21157.143592834473,2550
21158.140659332275,2584
21159.138202667236,2578
21160.146951675415,2582
21161.13305091858,2538
21162.130117416382,2554
21163.127660751343,2510
21164.124965667725,2534
21165.122032165527,2510
21166.11933708191,2484
21167.11688041687,2510
21168.114185333252,2522
21169.113397598267,2506
21170.13931274414,2548
21171.107053756714,2570
21172.104597091675,2556
21173.105716705322,2608
21174.0984916687,2576
21175.09698867798,2582
21176.093101501465,2558
21177.0920753479,2538
21178.118467330933,2512
21179.115772247314,2538
21180.113554000854,2552
21181.08320236206,2520
21182.080268859863,2554
21183.07590484619,2578
21184.093475341797,2646
21185.10127067566,2630
21186.096906661987,2602
21187.064170837402,2640
21188.06266784668,2630
21189.059495925903,2602
21190.057039260864,2634
21191.05362892151,2538
21192.051887512207,2596
21193.04919242859,2616
21194.04673576355,2654
21195.043563842773,2636
21196.040630340576,2634
21197.038173675537,2662
21198.03547859192,2666
21199.0327835083,2666
21200.031757354736,2674
21201.027870178223,2636
21202.025651931763,2618
21203.02128791809,2618
21204.01954650879,2624
21205.01685142517,2588
21206.013917922974,2536
21207.010984420776,2518
21208.008527755737,2448
21209.0060710907,2470
21210.00361442566,2354
21211.0013961792,2384
21211.997985839844,2346
21212.995767593384,2394
21213.99235725403,2414
21214.990377426147,2442
21215.98744392395,2430
21216.984748840332,2526
21217.982053756714,2546
21218.979835510254,2586
21219.976902008057,2614
21220.974922180176,2630
21221.97151184082,2642
21222.96905517578,2614
21223.965883255005,2602
21224.963426589966,2642
21225.96049308777,2634
21226.95827484131,2634
21227.955102920532,2610
21228.952884674072,2606
21229.950189590454,2648
21230.961561203003,2670
21231.9438457489,2678
21232.942819595337,2646
21233.93940925598,2654
21234.93719100952,2622
21235.934257507324,2650
21236.95993423462,2650
21237.95771598816,2642
21238.95525932312,2614
21239.951848983765,2612
21240.950107574463,2666
21241.947174072266,2738
21242.944478988647,2774
21243.941068649292,2766
21244.938135147095,2738
21245.935916900635,2702
21246.933937072754,2642
21247.931718826294,2618
21248.92807006836,2616
21249.925136566162,2586
21250.922441482544,2558
21251.892805099487,2546
21252.918004989624,2550
21253.91435623169,2614
21254.912853240967,2610
21255.91015815735,2606
21256.876945495605,2664
21257.874250411987,2598
21258.87155532837,2542
21259.86886024475,2544
21260.866403579712,2482
21261.863708496094,2482
21262.860774993896,2450
21263.85807991028,2462
21264.85562324524,2454
21265.852689743042,2494
21266.849994659424,2482
21267.847537994385,2578
21268.844842910767,2570
21269.84214782715,2558
21270.83945274353,2526
21271.83699607849,2540
21272.834062576294,2528
21273.831367492676,2578
21274.828910827637,2522
21275.82621574402,2538
21276.82375907898,2526
21277.83226966858,2558
21278.846740722656,2558
21279.844284057617,2542
21280.841588974,2606
21281.83937072754,2578
21282.835483551025,2578
21283.833265304565,2570
21284.830808639526,2598
21285.828828811646,2606
21286.82589530945,2594
21287.822484970093,2586
21288.820028305054,2554
21289.820194244385,2574
21290.815591812134,2594
21291.812419891357,2646
21292.7827835083,2654
21293.779850006104,2630
21294.777154922485,2618
21295.774459838867,2602
21296.77152633667,2614
21297.76930809021,2606
21298.766374588013,2606
21299.763917922974,2582
21300.760984420776,2546
21301.758766174316,2574
21302.756309509277,2558
21303.752899169922,2606
21304.750680923462,2582
21305.747985839844,2580
21306.745052337646,2572
21307.769298553467,2558
21308.767080307007,2550
21309.76390838623,2552
21310.763359069824,2552
21311.75971031189,2550
21312.756299972534,2542
21313.753604888916,2550
21314.751148223877,2578
21315.74845314026,2550
21316.745042800903,2584
21317.742824554443,2606
21318.739414215088,2620
21319.740772247314,2584
21320.734977722168,2630
21321.733236312866,2602
21322.72982597351,2638
21323.699712753296,2666
21324.6967792511,2650
21325.6938457489,2670
21326.69162750244,2670
21327.688932418823,2746
21328.686475753784,2790
21329.683780670166,2750
21330.681324005127,2742
21331.67839050293,2722
21332.67593383789,2698
21333.673238754272,2710
21334.670305252075,2668
21335.667848587036,2638
21336.665153503418,2578
21337.6624584198,2574
21338.65976333618,2546
21339.683771133423,2578
21340.68202972412,2606
21341.678619384766,2614
21342.67568588257,2576
21343.64604949951,2574
21344.670295715332,2542
21345.66831588745,2538
21346.664667129517,2558
21347.662687301636,2516
21348.65975379944,2538
21349.657773971558,2646
21350.654363632202,2582
21351.66049003601,2614
21352.648735046387,2598
21353.646993637085,2586
21354.644060134888,2542
21355.64112663269,2502
21356.638193130493,2526
21357.635259628296,2542
21358.632802963257,2578
21359.630346298218,2576
21360.6276512146,2600
21361.626863479614,2612
21362.622499465942,2598
21363.619804382324,2614
21364.616632461548,2610
21365.617752075195,2638
21366.61148071289,2608
21368.578910827637,2610
21368.578910827637,2558
21369.603633880615,2544
21370.600700378418,2520
21371.599674224854,2514
21372.59578704834,2526
21373.592853546143,2526
21374.579191207886,2522
21375.587701797485,2550
21376.585006713867,2552
21377.586841583252,2580
21378.57937812805,2578
21379.57763671875,2598
21380.579471588135,2594
21381.5438747406,2608
21382.569551467896,2582
21384.535789489746,2598
21385.533094406128,2548
21386.542558670044,2502
21387.527465820312,2526
21388.524532318115,2522
21389.521837234497,2538
21390.519380569458,2522
21391.528844833374,2556
21392.51399040222,2538
21393.51177215576,2618
21393.51177215576,2614
21394.508838653564,2638
21395.506143569946,2616
21396.503448486328,2580
21397.50075340271,2552
21399.50919151306,2516
21399.50919151306,2486
21401.490449905396,2510
21401.490449905396,2506
21402.4875164032,2470
21403.484582901,2450
21404.482126235962,2474
21405.479431152344,2510
21406.476497650146,2534
21407.474279403687,2542
21408.47158432007,2558
21410.465955734253,2606
21411.463499069214,2622
21412.460803985596,2646
21413.458108901978,2634
21414.45565223694,2654
21415.45271873474,2638
21416.450023651123,2650
21417.447328567505,2634
21418.450355529785,2642
21419.442176818848,2636
21420.43924331665,2638
21421.43702507019,2624
21422.434091567993,2638
21423.431396484375,2652
21424.428701400757,2670
21425.426244735718,2680
21426.4235496521,2640
21427.420616149902,2674
21428.418159484863,2636
21429.415464401245,2586
21430.412769317627,2574
21431.410312652588,2586
21432.40737915039,2550
21433.40516090393,2556
21433.91728401184,2550
21434.921264648438,2558
21435.920476913452,2554
21436.917543411255,2544
21437.914609909058,2534
21438.91167640686,2518
21439.90921974182,2484
21440.906763076782,2482
21441.903829574585,2484
21442.901134490967,2470
21443.898916244507,2468
21444.89574432373,2450
21445.893049240112,2484
21446.90489768982,2514
21447.888135910034,2534
21448.885202407837,2550
21449.88250732422,2574
21450.88005065918,2598
21451.87759399414,2616
21452.874422073364,2596
21453.871965408325,2586
21454.869270324707,2582
21455.86633682251,2598
21456.86364173889,2608
21457.861185073853,2638
21458.858489990234,2634
21459.855794906616,2640
21460.853338241577,2638
21461.85040473938,2668
21462.84794807434,2622
21463.845014572144,2602
21464.842796325684,2574
21465.839862823486,2528
21466.837167739868,2596
21467.83471107483,2574
21468.83201599121,2558
21469.829559326172,2536
21470.826864242554,2506
21471.824169158936,2540
21472.82123565674,2534
21473.81854057312,2542
21474.815845489502,2534
21475.813150405884,2508
21476.810693740845,2486
21477.810621261597,2506
21478.80721092224,2526
21479.804754257202,2554
21480.801820755005,2608
21481.799125671387,2578
21482.79643058777,2558
21483.79421234131,2622
21484.79127883911,2642
21485.788583755493,2630
21486.786127090454,2610
21487.783193588257,2614
21488.78049850464,2576
21489.77780342102,2586
21490.775108337402,2590
21491.772413253784,2590
21492.76852607727,2606
21493.765354156494,2616
21494.762659072876,2606
21495.759963989258,2600
21496.75726890564,2610
21497.75457382202,2622
21498.751640319824,2614
21499.749422073364,2598
21500.746488571167,2590
21501.744270324707,2550
21502.741813659668,2584
21503.73888015747,2598
21504.735708236694,2612
21505.733489990234,2554
21506.730556488037,2574
21507.72786140442,2602
21508.75496864319,2612
21509.76276397705,2580
21510.722398757935,2570
21511.746883392334,2570
21512.743711471558,2556
21513.741493225098,2526
21514.737129211426,2542
21515.7368183136,2538
21516.733169555664,2552
21517.73166656494,2550
21518.699884414673,2654
21519.724130630493,2638
21520.72262763977,2618
21521.72017097473,2550
21522.71795272827,2602
21523.714542388916,2622
21524.712562561035,2570
21525.716066360474,2574
21526.710987091064,2602
21527.70948410034,2578
21528.708696365356,2580
21529.701948165894,2606
21530.70020675659,2630
21531.699419021606,2614
21532.690286636353,2650
21533.6856842041,2634
21534.72113609314,2614
21535.701274871826,2614
21536.679983139038,2574
21537.67704963684,2534
21538.6745929718,2606
21539.642810821533,2572
21540.669441223145,2552
21541.666507720947,2586
21542.66357421875,2604
21543.632745742798,2612
21544.673442840576,2594
21545.656204223633,2546
21546.653509140015,2570
21547.650814056396,2554
21548.64764213562,2550
21549.64566230774,2518
21550.64296722412,2522
21551.64122581482,2538
21552.638053894043,2590
21554.604530334473,2608
21554.604530334473,2616
21555.630922317505,2610
21556.61129951477,2572
21557.595252990723,2598
21558.592081069946,2608
21559.589385986328,2606
21560.58669090271,2606
21561.58447265625,2554
21562.612771987915,2542
21563.578605651855,2558
21564.577102661133,2554
21565.573692321777,2558
21566.57099723816,2574
21567.56830215454,2612
21568.565607070923,2584
21569.591999053955,2574
21570.59097290039,2522
21571.58660888672,2590
21572.5839138031,2558
21573.580980300903,2598
21574.578523635864,2570
21575.581550598145,2534
21576.573848724365,2546
21577.57019996643,2598
21578.567504882812,2674
21579.565286636353,2632
21580.562829971313,2630
21582.536935806274,2604
21582.536935806274,2614
21583.553552627563,2598
21584.551334381104,2578
21585.551500320435,2586
21586.517810821533,2538
21587.514638900757,2558
21589.5094871521,2570
21589.5094871521,2638
21590.513944625854,2606
21591.503858566284,2620
21593.498706817627,2614
21593.498706817627,2630
21594.49577331543,2606
21595.49331665039,2582
21596.490383148193,2552
21597.487926483154,2586
21598.485231399536,2596
21599.482536315918,2554
21601.47762298584,2570
21602.476119995117,2610
21603.501558303833,2654
21603.501558303833,2654
21604.498624801636,2618
21605.497121810913,2630
21607.49101638794,2618
21607.49101638794,2604
21609.484910964966,2614
21610.453605651855,2582
21611.452102661133,2602
21612.47944831848,2602
21613.475561141968,2614
21614.473581314087,2634
21615.47040939331,2654
21616.46819114685,2646
21617.464780807495,2646
21618.46137046814,2602
21619.458198547363,2598
21620.455741882324,2578
21621.453523635864,2640
21622.421741485596,2596
21623.448610305786,2590
21624.44496154785,2574
21625.443935394287,2558
21626.44052505493,2550
21627.438068389893,2616
21628.434658050537,2622
21629.43172454834,2624
21630.40018081665,2618
21631.397485733032,2582
21632.396936416626,2602
21633.423805236816,2558
21634.41801071167,2582
21635.415077209473,2546
21636.412143707275,2550
21637.410640716553,2578
21638.40889930725,2610
21639.405488967896,2634
21640.402793884277,2594
21641.40009880066,2622
21642.3978805542,2610
21643.393516540527,2586
21644.39606666565,2594
21645.38812637329,2586
21646.387815475464,2554
21647.38655090332,2546
21648.38218688965,2518
21649.380683898926,2550
21650.375604629517,2578
21651.371717453003,2546
21652.37045288086,2610
21653.33890914917,2634
21654.364585876465,2638
21655.362606048584,2614
21656.36110305786,2578
21657.35697746277,2588
21658.354997634888,2582
21659.351587295532,2574
21660.320281982422,2574
21661.34762763977,2604
21662.344694137573,2606
21663.312911987305,2634
21664.337158203125,2668
21665.337800979614,2618
21666.33653640747,2602
21667.32907295227,2586
21668.328046798706,2598
21669.325828552246,2542
21670.32241821289,2582
21671.31996154785,2614
21672.288179397583,2606
21673.314332962036,2600
21674.311637878418,2606
21675.309419631958,2584
21676.30696296692,2632
21677.303552627563,2618
21678.303480148315,2636
21679.29744720459,2622
21680.29475212097,2580
21681.295156478882,2588
21682.289361953735,2606
21683.286428451538,2602
21684.28373336792,2584
21685.2810382843,2582
21686.280965805054,2550
21687.275409698486,2608
21688.27509880066,2602
21689.270973205566,2662
21690.268754959106,2636
21691.26844406128,2598
21692.2664642334,2598
21693.26424598694,2600
21694.231033325195,2586
21695.22786140442,2554
21696.2251663208,2594
21697.22270965576,2546
21698.220252990723,2614
21699.218034744263,2634
21700.214862823486,2620
21701.212167739868,2642
21702.20971107483,2622
21703.20701599121,2578
21704.203844070435,2610
21705.201625823975,2594
21706.198930740356,2610
21707.196474075317,2574
21708.1937789917,2602
21709.19108390808,2594
21710.187196731567,2598
21711.18474006653,2586
21712.181568145752,2634
21713.178873062134,2666
21714.175701141357,2654
21715.173482894897,2646
21716.1705493927,2606
21717.167854309082,2576
21718.165159225464,2574
21719.162702560425,2594
21720.160007476807,2598
21721.15731239319,2598
21722.15485572815,2582
21723.151922225952,2618
21724.149227142334,2634
21725.175857543945,2646
21726.173162460327,2618
21727.17046737671,2634
21728.16801071167,2616
21729.165077209473,2584
21730.162620544434,2586
21731.159448623657,2550
21732.156991958618,2558
21733.15453529358,2614
21734.1525554657,2578
21735.133409500122,2606
21736.146450042725,2642
21737.143516540527,2640
21738.14058303833,2654
21739.13836479187,2654
21740.108966827393,2630
21741.106510162354,2588
21742.104053497314,2552
21743.120193481445,2526
21744.09770965576,2556
21745.095252990723,2594
21746.092557907104,2602
21747.089624404907,2618
21748.08692932129,2630
21749.08471107483,2618
21750.081539154053,2640
21751.079320907593,2642
21752.077102661133,2586
21753.08609008789,2590
21754.07099723816,2558
21755.06830215454,2600
21756.06417655945,2586
21757.06171989441,2588
21758.058547973633,2598
21759.056091308594,2598
21760.053157806396,2586
21761.050701141357,2608
21762.04800605774,2610
21763.045072555542,2630
21764.042377471924,2596
21765.039920806885,2574
21766.036987304688,2578
21767.034769058228,2576
21768.03231239319,2604
21769.02937889099,2608
21770.026683807373,2578
21771.024227142334,2578
21772.05204963684,2590
21773.048639297485,2618
21774.05071258545,2642
21775.014877319336,2630
21776.039600372314,2616
21777.00924873352,2574
21778.035163879395,2542
21779.031991958618,2578
21780.02953529358,2622
21781.028032302856,2602
21782.023668289185,2610
21783.020734786987,2618
21784.01827812195,2632
21785.01582145691,2602
21786.01384162903,2614
21786.983728408813,2606
21787.980318069458,2618
21788.978099822998,2586
21789.97492790222,2546
21790.97318649292,2538
21791.969776153564,2596
21792.967081069946,2574
21793.964862823486,2610
21794.96169090271,2606
21795.95899581909,2582
21796.956062316895,2598
21797.953605651855,2602
21798.951387405396,2610
21799.94821548462,2586
21800.94575881958,2576
21801.94354057312,2550
21802.969455718994,2582
21803.966522216797,2598
21804.96311187744,2600
21805.984020233154,2638
21806.927919387817,2618
21807.955026626587,2646
21808.953046798706,2650
21809.94987487793,2634
21810.94765663147,2610
21811.917304992676,2614
21812.94274330139,2576
21813.94052505493,2616
21814.936876296997,2574
21815.935850143433,2578
21816.93148612976,2582
21817.930698394775,2622
21818.92728805542,2622
21819.923400878906,2646
21820.89400291443,2614
21821.8891620636,2640
21822.91555404663,2638
21823.912858963013,2642
21824.909925460815,2610
21825.908660888672,2604
21826.876401901245,2602
21827.903985977173,2594
21828.899383544922,2642
21829.896688461304,2634
21830.867052078247,2670
21831.891536712646,2662
21832.890510559082,2614
21833.88638496399,2602
21834.88368988037,2618
21835.880756378174,2620
21836.878299713135,2602
21837.862253189087,2604
21838.847637176514,2578
21839.840173721313,2582
21840.840101242065,2574
21841.835498809814,2604
21842.832565307617,2632
21843.829870224,2618
21844.8269367218,2586
21845.82471847534,2582
21846.823692321777,2614
21847.819328308105,2594
21848.816633224487,2622
21849.81393814087,2574
21850.812673568726,2584
21851.808786392212,2570
21852.805614471436,2574
21853.80268096924,2622
21854.8002243042,2630
21855.798721313477,2650
21856.826066970825,2602
21857.792139053345,2598
21858.790636062622,2586
21859.78651046753,2606
21860.814809799194,2614
21861.841201782227,2586
21862.77937889099,2616
21863.80696296692,2634
21864.80402946472,2622
21865.80538749695,2644
21866.798400878906,2650
21867.795944213867,2618
21868.79301071167,2642
21869.760513305664,2638
21870.757579803467,2632
21871.756315231323,2640
21872.75266647339,2648
21873.74973297119,2630
21874.746799468994,2612
21875.744342803955,2622
21876.77264213562,2638
21877.740383148193,2698
21878.73864173889,2680
21879.73403930664,2654
21880.7315826416,2650
21881.75916671753,2634
21882.75694847107,2654
21883.72302055359,2670
21884.72008705139,2618
21885.722398757935,2612
21886.71612739563,2630
21887.748956680298,2608
21888.709545135498,2618
21889.70685005188,2618
21890.70415496826,2670
21891.704320907593,2698
21892.701625823975,2638
21893.697261810303,2620
21894.694089889526,2606
21895.69115638733,2602
21896.68869972229,2614
21898.701429367065,2654
21898.701429367065,2598
21899.680852890015,2582
21900.68244934082,2606
21901.676654815674,2654
21902.702808380127,2638
21903.69749069214,2640
21904.698371887207,2642
21905.693292617798,2614
21906.6903591156,2636
21907.68814086914,2608
21908.68616104126,2618
21909.656047821045,2576
21910.65239906311,2582
21911.65041923523,2590
21912.647485733032,2594
21913.644552230835,2614
21914.641618728638,2610
21915.63892364502,2638
21916.63694381714,2618
21917.661905288696,2624
21918.630838394165,2618
21919.657230377197,2808
21920.624494552612,2590
21921.65231704712,2586
21922.65486717224,2598
21923.645973205566,2622
21924.64542388916,2606
21925.646543502808,2598
21926.63812637329,2654
21927.63590812683,2654
21928.632974624634,2662
21929.630994796753,2678
21930.62734603882,2642
21931.59770965576,2646
21932.59334564209,2670
21933.619499206543,2638
21934.62300300598,2642
21935.585498809814,2630
21936.611652374268,2682
21937.60871887207,2648
21938.606023788452,2664
21939.603805541992,2704
21940.601110458374,2722
21941.598415374756,2706
21943.56608390808,2682
21943.56608390808,2666
21944.590091705322,2682
21945.5885887146,2670
21946.585178375244,2654
21947.590351104736,2636
21948.579788208008,2634
21949.57685470581,2610
21950.57463645935,2666
21951.57241821289,2704
21952.569246292114,2686
21953.57036590576,2666
21955.53183555603,2640
21955.53183555603,2618
21956.5589427948,2642
21957.556009292603,2650
21958.54687690735,2618
21959.550380706787,2582
21960.547924041748,2610
21961.517572402954,2642
21962.513208389282,2618
21963.540077209473,2702
21964.53881263733,2670
21965.534448623657,2662
21967.499017715454,2666
21968.496799468994,2650
21968.496799468994,2680
21970.494270324707,2642
21970.494270324707,2646
21972.488164901733,2606
21973.483324050903,2620
21974.483251571655,2646
21975.480318069458,2706
21976.47523880005,2670
21977.47230529785,2706
21978.469610214233,2646
21979.467153549194,2642
21980.478286743164,2650
21981.4612865448,2622
21982.45906829834,2642
21983.466386795044,2662
21984.455108642578,2646
21985.453844070435,2642
21986.44971847534,2652
21987.44559288025,2666
21988.45148086548,2686
21989.441633224487,2674
21990.43917655945,2678
21991.43624305725,2662
21992.434978485107,2664
21993.431568145752,2678
21994.428396224976,2662
21995.424270629883,2634
21996.42276763916,2646
21997.420072555542,2646
21998.417139053345,2654
21999.414682388306,2698
22000.41103363037,2758
22001.40881538391,2710
22002.40683555603,2702
22003.404140472412,2674
22004.401683807373,2670
22005.399703979492,2654
22006.39510154724,2654
22007.394790649414,2638
22008.390188217163,2678
22009.398460388184,2654
22010.38432121277,2646
22011.38186454773,2686
22012.378931045532,2706
22013.376235961914,2726
22014.373302459717,2714
22015.38372039795,2682
22016.36838912964,2650
22017.36569404602,2666
22018.365144729614,2652
22019.360542297363,2660
22020.357608795166,2638
22021.354913711548,2650
22022.35221862793,2622
22023.364782333374,2682
22024.346828460693,2706
22025.344371795654,2710
22026.341438293457,2712
22027.339220046997,2642
22028.33652496338,2646
22029.33406829834,2674
22030.3316116333,2670
22031.328916549683,2646
22032.326459884644,2630
22033.323526382446,2648
22034.321069717407,2670
22035.31837463379,2666
22036.315202713013,2674
22037.312746047974,2686
22038.309335708618,2702
22039.307355880737,2730
22040.30418395996,2676
22041.301727294922,2672
22042.299032211304,2634
22043.296813964844,2662
22044.294118881226,2674
22045.29118537903,2662
22046.28896713257,2650
22047.28603363037,2676
22048.282861709595,2712
22049.280881881714,2718
22050.281047821045,2706
22051.275491714478,2726
22052.27255821228,2676
22053.269863128662,2666
22054.267168045044,2666
22055.264472961426,2678
22056.261777877808,2680
22057.25884437561,2672
22058.286905288696,2670
22059.253454208374,2682
22060.256719589233,2684
22061.248540878296,2686
22062.246084213257,2718
22063.2426738739,2738
22064.240217208862,2650
22065.237760543823,2608
22066.234827041626,2610
22067.232608795166,2650
22068.22967529297,2650
22069.227933883667,2678
22070.224046707153,2686
22071.222066879272,2678
22072.219610214233,2682
22073.219299316406,2654
22074.217557907104,2706
22075.212001800537,2670
22076.208353042603,2642
22077.205657958984,2646
22078.203201293945,2650
22079.230546951294,2636
22080.227613449097,2638
22081.19511604309,2670
22082.192182540894,2654
22083.19067955017,2670
22084.186792373657,2654
22085.184335708618,2676
22086.181640625,2674
22087.181091308594,2652
22088.178873062134,2638
22089.176893234253,2646
22090.170860290527,2638
22091.16816520691,2646
22092.16547012329,2638
22093.162775039673,2650
22094.160556793213,2682
22095.157384872437,2676
22096.15468978882,2670
22097.1519947052,2654
22098.149061203003,2710
22099.146842956543,2706
22100.144386291504,2698
22101.141452789307,2642
22102.139472961426,2650
22103.13653945923,2642
22104.13408279419,2654
22105.13162612915,2638
22106.128454208374,2700
22107.125997543335,2662
22108.249187469482,2706
22109.337329864502,2686
22110.37588119507,2714
22111.415147781372,2716
22112.47444152832,2680
22113.582849502563,2670
22114.65287208557,2614
22115.225315093994,2606
22116.27149581909,2632
22117.355823516846,2646
22118.391513824463,2706
22119.42434310913,2662
22120.45645713806,2666
22121.489763259888,2650
22122.004747390747,2664
22123.03376197815,2698
22124.135494232178,2674
22125.134706497192,2642
22132.11679458618,2612
22132.11679458618,2646
22132.11679458618,2666
22132.11679458618,2728
22132.11679458618,2704
22132.11679458618,2710
22132.11679458618,2678
22133.116245269775,2674
22134.111881256104,2702
22143.08738708496,2682
22143.08738708496,2672
22144.084453582764,2638
22144.084453582764,2670
22144.084453582764,2634
22144.084453582764,2674
22144.084453582764,2670
22144.084453582764,2686
22144.084453582764,2678
22144.084453582764,2674
22145.081758499146,2666
22146.07882499695,2664
22147.07660675049,2674
22148.08750152588,2652
22149.071216583252,2666
22150.068521499634,2622
22151.066064834595,2662
22152.063131332397,2670
22153.060913085938,2724
22164.031267166138,2672
22164.031267166138,2686
22164.031267166138,2718
22164.031267166138,2730
22164.031267166138,2728
22164.031267166138,2722
22165.02857208252,2676
22165.02857208252,2698
22165.02857208252,2674
22165.02857208252,2670
22165.02857208252,2652
22165.02857208252,2630
22166.025400161743,2678
22167.023181915283,2682
22168.020725250244,2670
22169.018268585205,2706
22170.03059387207,2672
22171.01502418518,2654
22172.00994491577,2644
22173.00772666931,2672
22174.004554748535,2642
22175.002336502075,2614
22175.9991645813,2642
22176.997423171997,2670
22177.9944896698,2686
22178.991317749023,2614
22179.988384246826,2678
22180.988788604736,2670
22181.98585510254,2682
22182.982683181763,2674
22183.97831916809,2674
22184.975385665894,2640
22185.972690582275,2640
22186.969995498657,2630
22187.96730041504,2634
22188.96484375,2662
22189.992666244507,2668
22198.938131332397,2702
22198.938131332397,2698
22198.938131332397,2666
22198.938131332397,2656
22198.938131332397,2642
22198.938131332397,2638
22198.938131332397,2614
22198.938131332397,2620
22198.938131332397,2646
22199.93805885315,2634
22200.936555862427,2650
22201.930284500122,2666
22202.927827835083,2664
22203.954935073853,2702
22204.9298286438,2676
22205.951690673828,2672
22206.94851875305,2668
22207.94129371643,2710
22208.91809463501,2686
22210.906267166138,2662
22210.906267166138,2662
22211.902856826782,2664
22212.9008769989,2680
22213.897705078125,2702
22214.897871017456,2678
22215.89469909668,2702
22216.890335083008,2700
22217.88740158081,2674
22218.88494491577,2662
22219.91276741028,2650
22220.879316329956,2622
22221.907377243042,2662
22222.90587425232,2630
22223.89793395996,2658
22224.89619255066,2654
22225.892543792725,2622
22226.864099502563,2666
22227.891206741333,2714
22228.88731956482,2656
22229.891538619995,2678
22230.883359909058,2682
22231.852054595947,2682
22232.876300811768,2678
22233.874797821045,2678
22234.870433807373,2674
22235.86893081665,2638
22236.865997314453,2670
22237.862825393677,2642
22238.86203765869,2684
22239.85719680786,2730
22240.854501724243,2706
22241.852045059204,2678
22242.856740951538,2680
22243.847846984863,2674
22244.84419822693,2622
22245.84150314331,2638
22246.838808059692,2646
22247.838497161865,2650
22248.83460998535,2662
22249.830722808838,2668
22250.82802772522,2674
22251.79934501648,2666
22252.82859802246,2686
22253.820180892944,2686
22254.817485809326,2666
22255.820989608765,2650
22256.812572479248,2654
22257.810354232788,2654
22258.80718231201,2678
22259.804248809814,2648
22260.801792144775,2628
22261.77191734314,2662
22262.796640396118,2718
22263.794898986816,2714
22264.79172706604,2738
22265.789270401,2710
22266.788721084595,2666
22267.783641815186,2670
22268.781661987305,2670
22269.77825164795,2660
22270.77555656433,2852
22271.77333831787,2682
22272.770404815674,2654
22273.767948150635,2642
22274.769067764282,2698
22275.76208114624,2710
22276.76010131836,2686
22277.7578830719,2700
22278.762817382812,2674
22279.752492904663,2630
22280.71904182434,2630
22281.715869903564,2642
22282.713413238525,2674
22283.710479736328,2618
22284.70778465271,2618
22285.70532798767,2618
22286.702394485474,2638
22287.699699401855,2710
22288.697004318237,2706
22289.6945476532,2642
22290.69185256958,2634
22291.689157485962,2630
22292.686223983765,2638
22293.684005737305,2670
22294.681310653687,2650
22295.67837715149,2646
22296.67592048645,2644
22297.672986984253,2664
22298.670291900635,2686
22299.667596817017,2714
22300.665140151978,2744
22301.66268348694,2706
22302.65974998474,2710
22303.657054901123,2682
22304.654359817505,2670
22305.651664733887,2654
22306.64896965027,2672
22307.64651298523,2670
22308.64381790161,2686
22309.641122817993,2670
22310.638666152954,2646
22311.635971069336,2666
22312.633275985718,2702
22313.6305809021,2700
22314.62788581848,2642
22315.624952316284,2606
22316.622257232666,2618
22317.619800567627,2698
22318.61710548401,2668
22319.61441040039,2706
22320.61195373535,2650
22321.609258651733,2630
22322.606325149536,2662
22323.603630065918,2668
22324.60117340088,2640
22325.59871673584,2670
22326.595783233643,2656
22327.593326568604,2678
22328.590393066406,2646
22329.587697982788,2638
22330.58500289917,2618
22331.58254623413,2622
22332.579851150513,2628
22333.576917648315,2622
22334.574222564697,2618
22335.572004318237,2610
22336.56907081604,2622
22337.566375732422,2654
22338.563919067383,2618
22339.560985565186,2574
22340.558290481567,2608
22341.556549072266,2646
22343.55068206787,2638
22343.55068206787,2622
22344.547748565674,2646
22345.545053482056,2634
22346.542358398438,2646
22347.53966331482,2654
22348.5369682312,2622
22349.534511566162,2706
22350.531816482544,2710
22351.529121398926,2670
22352.526426315308,2666
22353.52396965027,2648
22354.52103614807,2670
22355.518579483032,2698
22356.544256210327,2662
22357.54156112671,2678
22358.53886604309,2702
22359.535932540894,2734
22360.546588897705,2736
22361.531734466553,2706
22362.528562545776,2638
22363.525390625,2642
22364.52341079712,2614
22365.52333831787,2662
22366.518259048462,2622
22368.485927581787,2622
22368.485927581787,2654
22369.50993537903,2698
22371.477365493774,2662
22371.477365493774,2676
22372.501134872437,2682
22373.49843978882,2674
22374.4957447052,2654
22376.490592956543,2614
22377.488136291504,2606
22378.485441207886,2610
22379.483222961426,2642
22380.480766296387,2630
22381.479024887085,2662
22382.474422454834,2662
22383.475303649902,2706
22384.470462799072,2622
22385.46657562256,2670
22386.465787887573,2684
22387.46166229248,2654
22388.45920562744,2650
22389.456748962402,2630
22390.454292297363,2604
22391.45302772522,2570
22392.448663711548,2602
22393.450498580933,2636
22394.41704750061,2622
22395.442962646484,2638
22396.43907546997,2634
22397.436380386353,2654
22398.43225479126,2646
22399.42955970764,2638
22400.426387786865,2652
22401.426315307617,2618
22402.42075920105,2630
22403.42116355896,2618
22404.41584587097,2640
22405.41362762451,2622
22406.41498565674,2646
22407.408952713013,2686
22408.405780792236,2706
22409.404516220093,2678
22410.398244857788,2702
22411.370515823364,2734
22412.367820739746,2680
22413.36464881897,2682
22414.36195373535,2674
22415.35973548889,2664
22416.38422012329,2670
22417.396068572998,2698
22418.39599609375,2700
22419.34823989868,2702
22420.345067977905,2686
22421.342372894287,2710
22422.339916229248,2728
22423.33698272705,2718
22424.334287643433,2710
22425.331592559814,2682
22426.328897476196,2680
22427.326440811157,2678
22428.32350730896,2672
22429.32105064392,2706
22430.318355560303,2724
22431.315660476685,2682
22432.313203811646,2686
22433.314561843872,2678
22434.314727783203,2682
22435.306072235107,2662
22436.30313873291,2676
22437.30330467224,2650
22438.297510147095,2638
22439.294815063477,2580
22440.29188156128,2662
22441.2899017334,2638
22442.28744506836,2666
22443.284273147583,2678
22444.281339645386,2686
22445.298671722412,2748
22446.276664733887,2670
22447.27659225464,2670
22448.273181915283,2672
22449.271202087402,2634
22450.266361236572,2640
22451.263666152954,2644
22452.261209487915,2668
22453.288555145264,2674
22454.25534248352,2706
22455.252647399902,2714
22456.250190734863,2666
22457.247018814087,2676
22458.244562149048,2674
22459.242582321167,2670
22460.23917198181,2654
22461.236715316772,2654
22462.233781814575,2648
22463.233947753906,2638
22464.229345321655,2670
22465.22569656372,2654
22466.223001480103,2706
22467.22173690796,2708
22468.24550628662,2746
22469.214916229248,2762
22470.212697982788,2736
22471.21262550354,2708
22472.209453582764,2706
22473.204851150513,2674
22474.201917648315,2666
22475.229263305664,2662
22476.227521896362,2630
22477.2207736969,2668
22478.2235622406,2670
22479.21895980835,2714
22480.215549468994,2712
22481.212854385376,2714
22482.210159301758,2678
22483.180284500122,2686
22484.17592048645,2654
22485.17942428589,2666
22486.19842529297,2678
22487.196445465088,2674
22488.194227218628,2662
22489.190816879272,2670
22490.188121795654,2660
22491.158723831177,2674
22492.18225479126,2636
22493.17979812622,2672
22494.148015975952,2634
22495.174646377563,2614
22496.172189712524,2632
22497.169494628906,2596
22498.16656112671,2574
22499.170780181885,2548
22500.16212463379,2550
22501.158952713013,2570
22502.15458869934,2590
22503.15237045288,2622
22504.149198532104,2602
22505.146741867065,2616
22506.144046783447,2642
22507.14111328125,2654
22508.14175605774,2670
22509.136199951172,2642
22510.10537147522,2638
22511.13224029541,2614
22512.12763786316,2630
22513.127326965332,2630
22514.122247695923,2650
22515.121698379517,2646
22516.117811203003,2662
22517.114400863647,2654
22518.112182617188,2706
22519.10901069641,2686
22520.106554031372,2674
22521.104097366333,2698
22522.075414657593,2640
22523.098468780518,2618
22524.096250534058,2632
22525.065422058105,2638
22526.090145111084,2610
22527.087926864624,2634
22528.08690071106,2602
22529.122591018677,2610
22530.081510543823,2586
22531.078815460205,2578
22532.076358795166,2606
22533.07318687439,2586
22534.070253372192,2606
22535.067558288574,2612
22536.069631576538,2608
22537.033557891846,2638
22538.03062438965,2674
22539.02769088745,2686
22540.053129196167,2686
22541.051626205444,2666
22542.04773902893,2660
22543.045043945312,2678
22544.042825698853,2678
22545.039892196655,2632
22546.036958694458,2614
22547.03426361084,2606
22548.032522201538,2584
22549.028873443604,2542
22550.03070831299,2606
22550.99630355835,2640
22551.99384689331,2620
22553.018808364868,2590
22554.01563644409,2550
22554.986715316772,2550
22555.983781814575,2574
22556.981086730957,2576
22557.97839164734,2584
22558.9759349823,2578
22559.97347831726,2610
22560.9712600708,2584
22561.967849731445,2636
22562.965869903564,2650
22563.962697982788,2654
22564.96000289917,2646
22565.95730781555,2664
22566.954851150513,2654
22567.952156066895,2644
22568.949460983276,2678
22570.942401885986,2686
22570.942401885986,2632
22571.939945220947,2638
22572.93725013733,2670
22573.934316635132,2674
22574.931859970093,2670
22575.929641723633,2674
22576.926469802856,2654
22577.92353630066,2638
22578.92084121704,2650
22579.918384552002,2638
22580.915927886963,2622
22581.912994384766,2606
22582.910537719727,2558
22583.90784263611,2550
22584.90514755249,2574
22585.90269088745,2582
22586.899995803833,2610
22587.897062301636,2636
22588.894367218018,2642
22589.89191055298,2640
22590.88921546936,2622
22591.886520385742,2662
22592.883825302124,2674
22593.881130218506,2650
22594.878435134888,2642
22595.87574005127,2604
22596.87304496765,2630
22597.870349884033,2664
22598.867654800415,2704
22599.864721298218,2682
22600.862503051758,2682
22601.871252059937,2642
22602.859258651733,2654
22603.856086730957,2668
22604.85315322876,2624
22605.85069656372,2582
22606.848001480103,2606
22607.845306396484,2610
22608.842849731445,2606
22609.839916229248,2614
22610.83745956421,2624
22611.83524131775,2634
22612.832069396973,2654
22613.829374313354,2638
22614.826440811157,2610
22615.824222564697,2606
22616.822957992554,2634
22617.81930923462,2598
22618.815898895264,2610
22619.813442230225,2598
22620.810508728027,2574
22621.80805206299,2574
22622.80583381653,2600
22623.802661895752,2598
22624.799728393555,2598
22625.797271728516,2598
22626.808881759644,2578
22627.79211997986,2544
22628.78918647766,2542
22629.786729812622,2554
22630.784273147583,2596
22631.781339645386,2572
22632.806062698364,2602
22633.803367614746,2598
22634.80019569397,2654
22635.79797744751,2642
22636.794328689575,2666
22637.791633605957,2686
22638.789892196655,2650
22639.786958694458,2638
22640.785217285156,2654
22641.780853271484,2640
22642.778396606445,2668
22643.776655197144,2666
22644.773483276367,2654
22645.77031135559,2672
22646.76833152771,2670
22647.764682769775,2710
22648.762702941895,2674
22649.760484695435,2670
22650.757551193237,2654
22651.756763458252,2654
22652.751922607422,2662
22653.749704360962,2682
22654.747247695923,2634
22655.74836730957,2646
22656.741857528687,2618
22657.73868560791,2622
22658.735752105713,2664
22659.733295440674,2674
22660.73179244995,2678
22661.72957420349,2646
22662.7254486084,2642
22663.726329803467,2634
22664.691925048828,2586
22665.68899154663,2570
22666.686296463013,2598
22667.683601379395,2606
22668.680906295776,2610
22669.678449630737,2612
22670.67551612854,2642
22671.672821044922,2682
22672.670125961304,2710
22673.667669296265,2734
22674.664974212646,2676
22675.66227912903,2682
22676.65982246399,2746
22677.656888961792,2714
22678.654432296753,2746
22679.651737213135,2746
22680.649042129517,2750
22681.6463470459,2760
22682.64365196228,2764
22683.640718460083,2766
22684.638500213623,2730
22685.635805130005,2722
22686.632871627808,2650
22687.63041496277,2622
22688.62771987915,2602
22689.624786376953,2586
22690.622568130493,2578
22691.619873046875,2582
22692.616939544678,2574
22693.61424446106,2596
22694.612979888916,2582
22695.637702941895,2586
22696.635723114014,2602
22697.632551193237,2614
22698.62937927246,2610
22699.626684188843,2586
22700.62565803528,2582
22701.621532440186,2538
22702.618837356567,2554
22703.616619110107,2594
22704.615116119385,2622
22705.610752105713,2576
22706.608533859253,2582
22707.606077194214,2586
22708.60719680786,2646
22709.59997177124,2642
22710.5975151062,2642
22711.568593978882,2612
22712.591886520386,2590
22713.590383529663,2608
22714.586973190308,2606
22715.588808059692,2650
22716.58682823181,2634
22718.557596206665,2654
22718.557596206665,2684
22719.574213027954,2666
22720.57032585144,2606
22721.569299697876,2686
22722.568035125732,2698
22723.562479019165,2668
22724.559783935547,2622
22725.557327270508,2638
22726.528882980347,2666
22727.554082870483,2636
22728.549003601074,2678
22730.543613433838,2646
22730.543613433838,2616
22731.542825698853,2642
22732.53846168518,2662
22734.540462493896,2684
22734.540462493896,2670
22735.530376434326,2640
22736.528158187866,2650
22737.525463104248,2646
22739.519834518433,2646
22739.519834518433,2630
22741.488695144653,2650
22742.512464523315,2642
22743.489980697632,2668
22744.50659751892,2654
22745.503902435303,2666
22746.500968933105,2634
22747.498273849487,2630
22748.496294021606,2614
22749.493837356567,2572
22750.49066543579,2602
22751.487970352173,2582
22752.458810806274,2610
22753.486156463623,2630
22754.480361938477,2646
22755.4771900177,2638
22756.47473335266,2634
22757.4725151062,2606
22758.469820022583,2678
22759.46617126465,2674
22760.46395301819,2646
22761.433362960815,2604
22762.460947036743,2586
22763.456344604492,2586
22764.453649520874,2606
22765.45023918152,2576
22766.45040512085,2606
22767.446517944336,2610
22768.42737197876,2590
22769.441843032837,2622
22770.439863204956,2646
22771.464347839355,2674
22772.43423461914,2666
22773.431539535522,2656
22774.428129196167,2630
22775.426387786865,2642
22776.42250061035,2638
22777.419805526733,2648
22778.417348861694,2680
22779.415130615234,2676
22780.411958694458,2670
22781.410455703735,2654
22782.40656852722,2666
22783.40768814087,2662
22784.401893615723,2670
22785.398483276367,2630
22786.426782608032,2620
22787.397384643555,2608
22788.390159606934,2618
22789.387702941895,2656
22790.401458740234,2672
22791.382551193237,2662
22792.379140853882,2722
22793.37763786316,2682
22794.37756538391,2686
22795.377731323242,2666
22796.374797821045,2710
22797.36638069153,2662
22798.36368560791,2662
22799.360990524292,2650
22800.358295440674,2674
22801.328659057617,2646
22802.32524871826,2662
22803.3504486084,2622
22804.34775352478,2630
22805.346488952637,2610
22806.342601776123,2588
22807.340145111084,2618
22808.34197998047,2596
22809.338808059692,2606
22810.303688049316,2612
22811.329126358032,2654
22812.326669692993,2630
22813.294887542725,2672
22814.291954040527,2666
22815.28902053833,2714
22816.28656387329,2678
22817.2926902771,2702
22818.312168121338,2704
22819.30661201477,2698
22820.309162139893,2674
22821.27356529236,2682
22822.298526763916,2646
22823.296070098877,2654
22824.2928981781,2622
22825.291633605957,2614
22826.289415359497,2634
22827.28624343872,2642
22828.283548355103,2642
22829.28156852722,2610
22830.249786376953,2602
22831.246852874756,2580
22832.25989341736,2602
22833.242893218994,2622
22834.239959716797,2574
22835.238218307495,2606
22836.23480796814,2600
22837.231874465942,2630
22838.229179382324,2670
22839.22553062439,2706
22840.224981307983,2682
22841.222286224365,2646
22842.219352722168,2682
22843.21665763855,2670
22844.213724136353,2678
22845.210790634155,2674
22846.208810806274,2654
22847.205638885498,2686
22848.203420639038,2686
22849.20048713684,2650
22850.197792053223,2678
22851.195335388184,2678
22852.192878723145,2674
22853.189945220947,2662
22854.18701171875,2632
22855.184078216553,2662
22856.181859970093,2634
22857.178926467896,2598
22858.176231384277,2590
22859.17353630066,2586
22860.1713180542,2576
22861.16886138916,2586
22862.165927886963,2638
22863.161325454712,2638
22864.158391952515,2674
22865.155935287476,2652
22866.153240203857,2602
22867.15054512024,2610
22868.147611618042,2622
22869.145154953003,2612
22870.142459869385,2618
22871.139764785767,2590
22872.13706970215,2598
22873.13437461853,2614
22874.131679534912,2610
22875.128984451294,2646
22876.126527786255,2674
22877.123832702637,2654
22878.12376022339,2634
22879.120588302612,2622
22880.117654800415,2610
22881.114959716797,2624
22882.11226463318,2600
22883.11505317688,2606
22884.106636047363,2618
22885.10799407959,2622
22886.101245880127,2614
22887.09855079651,2678
22888.09585571289,2702
22889.09339904785,2662
22890.090703964233,2670
22891.087770462036,2674
22892.085313796997,2682
22893.40567588806,2662
22894.413471221924,2666
22895.41482925415,2662
22896.411895751953,2654
22897.409200668335,2638
22898.406744003296,2666
22899.404048919678,2710
22900.40111541748,2774
22901.398420333862,2698
22902.39691734314,2670
22903.39970588684,2634
22904.390573501587,2634
22905.388355255127,2622
22906.38566017151,2618
22907.38296508789,2576
22908.380270004272,2584
22909.3759059906,2584
22910.374879837036,2632
22911.3712310791,2650
22912.36925125122,2640
22913.395404815674,2642
22914.36457633972,2634
22915.361166000366,2614
22916.357278823853,2602
22917.391538619995,2640
22918.351888656616,2634
22919.35086250305,2632
22920.410871505737,2616
22921.34428024292,2644
22922.341346740723,2658
22923.33984375,2702
22924.337148666382,2710
22925.33540725708,2710
22926.332712173462,2670
22927.329301834106,2682
22928.326845169067,2678
22929.32438850403,2678
22930.32145500183,2638
22931.31947517395,2646
22932.31701850891,2662
22933.313608169556,2650
22934.310913085938,2660
22935.30821800232,2680
22936.30576133728,2714
22937.302827835083,2710
22938.300371170044,2706
22939.297437667847,2678
22940.295219421387,2646
22941.290855407715,2614
22942.287921905518,2606
22943.28498840332,2646
22944.282293319702,2610
22945.279836654663,2618
22946.276903152466,2606
22947.274208068848,2654
22948.27151298523,2666
22949.26881790161,2650
22950.266361236572,2604
22951.263666152954,2584
22952.261447906494,2586
22953.287839889526,2538
22954.28490638733,2578
22955.28221130371,2570
22956.251621246338,2602
22957.27849006653,2610
22958.245277404785,2642
22959.272384643555,2666
22960.24227142334,2666
22961.267471313477,2670
22962.265014648438,2618
22963.2625579834,2642
22964.266061782837,2630
22965.256452560425,2630
22966.253519058228,2630
22967.252254486084,2610
22968.252420425415,2602
22969.247341156006,2610
22970.242261886597,2590
22971.214056015015,2642
22972.2101688385,2650
22973.2346534729,2654
22974.231958389282,2682
22975.229740142822,2644
22976.226568222046,2606
22977.230072021484,2590
22978.22070121765,2598
22979.2218208313,2598
22980.217695236206,2622
22981.21428489685,2638
22982.210874557495,2608
22983.20746421814,2644
22984.20548439026,2650
22985.175132751465,2630
22986.172199249268,2636
22987.196922302246,2604
22988.195180892944,2602
22989.19105529785,2610
22990.190029144287,2618
22991.186380386353,2614
22992.18487739563,2614
22993.180990219116,2618
22994.179010391235,2618
22995.17512321472,2622
22996.17314338684,2638
22997.170209884644,2666
22998.167991638184,2676
22999.164581298828,2646
23000.16212463379,2610
23001.13081932068,2600
23002.128839492798,2610
23003.154516220093,2622
23004.151821136475,2612
23005.15389442444,2646
23006.14619255066,2650
23007.143259048462,2650
23008.14151763916,2678
23009.138345718384,2672
23010.15830039978,2638
23011.104106903076,2618
23012.13026046753,2602
23013.139963150024,2596
23014.125108718872,2586
23015.146732330322,2522
23016.119956970215,2554
23017.117261886597,2584
23018.1143283844,2598
23019.111394882202,2582
23020.139694213867,2606
23021.106243133545,2586
23022.104024887085,2590
23023.101091384888,2574
23024.09839630127,2578
23025.09593963623,2570
23026.093244552612,2522
23027.090549468994,2546
23028.088092803955,2558
23029.0846824646,2630
23030.08198738098,2642
23031.07976913452,2618
23032.077312469482,2630
23033.075094223022,2642
23034.074306488037,2644
23035.07113456726,2614
23036.06653213501,2548
23037.065744400024,2600
23038.061380386353,2568
23039.058446884155,2594
23040.055751800537,2584
23041.05257987976,2578
23042.05012321472,2546
23043.050050735474,2604
23044.045448303223,2586
23045.04656791687,2622
23046.039581298828,2652
23047.03664779663,2618
23048.033952713013,2602
23049.002170562744,2600
23049.999475479126,2600
23050.997018814087,2610
23051.99408531189,2634
23052.99139022827,2638
23053.98917198181,2634
23054.986000061035,2642
23055.983304977417,2660
23056.980848312378,2678
23057.97815322876,2706
23058.975219726562,2620
23059.972763061523,2634
23060.970306396484,2602
23061.967372894287,2578
23062.964916229248,2572
23063.96222114563,2602
23064.95952606201,2578
23065.956592559814,2558
23066.953897476196,2598
23067.951440811157,2622
23068.94874572754,2632
23069.94605064392,2602
23070.943593978882,2610
23071.940898895264,2574
23072.937965393066,2550
23073.93527030945,2546
23074.93281364441,2596
23075.93011856079,2590
23076.927185058594,2602
23077.924966812134,2602
23078.922271728516,2606
23079.919576644897,2558
23080.9166431427,2610
23081.91418647766,2586
23082.911491394043,2602
23083.91046524048,2590
23084.906101226807,2550
23085.90340614319,2544
23086.90071105957,2594
23087.898015975952,2600
23088.895559310913,2588
23089.892864227295,2622
23090.890169143677,2598
23091.88747406006,2598
23092.88501739502,2618
23093.882083892822,2646
23094.881534576416,2590
23095.905303955078,2622
23096.903324127197,2582
23097.901105880737,2606
23098.89817237854,2586
23099.895477294922,2598
23100.892782211304,2604
23101.863622665405,2618
23102.88643836975,2616
23103.885650634766,2602
23104.88200187683,2606
23105.878353118896,2598
23106.87518119812,2578
23107.87343978882,2560
23108.87122154236,2526
23109.867811203003,2534
23110.870838165283,2554
23111.862182617188,2578
23112.85972595215,2598
23113.85679244995,2598
23114.85481262207,2608
23115.851879119873,2570
23116.848945617676,2586
23117.846965789795,2582
23118.84355545044,2614
23119.84086036682,2596
23120.8393573761,2574
23121.809720993042,2526
23122.833251953125,2554
23123.830318450928,2582
23124.80092048645,2604
23125.826358795166,2638
23126.794815063477,2584
23127.792358398438,2612
23128.791332244873,2588
23129.78744506836,2586
23130.79595565796,2606
23131.781101226807,2554
23132.779836654663,2502
23133.776426315308,2546
23134.77373123169,2526
23135.77127456665,2508
23136.768341064453,2574
23137.765407562256,2590
23138.762712478638,2618
23139.760494232178,2614
23140.75779914856,2582
23141.75510406494,2570
23142.752408981323,2622
23143.749952316284,2634
23144.747257232666,2608
23145.74408531189,2572
23146.74210548401,2554
23147.73917198181,2582
23148.736238479614,2608
23149.734258651733,2636
23150.731086730957,2640
23151.73101425171,2622
23152.726411819458,2596
23153.72323989868,2622
23154.720783233643,2618
23155.717611312866,2586
23156.71467781067,2578
23157.712697982788,2554
23158.71000289917,2538
23159.70730781555,2570
23160.704851150513,2586
23161.702394485474,2620
23162.699699401855,2616
23163.6962890625,2602
23164.69430923462,2586
23165.691137313843,2608
23166.688919067383,2610
23167.685747146606,2614
23168.683528900146,2602
23169.679880142212,2554
23170.67837715149,2578
23171.675443649292,2574
23172.672986984253,2610
23173.670053482056,2622
23174.667596817017,2638
23175.66442489624,2630
23176.66220664978,2604
23177.65998840332,2606
23178.656816482544,2612
23179.654121398926,2602
23180.65094947815,2578
23181.64896965027,2568
23182.64651298523,2582
23183.643102645874,2606
23184.639930725098,2606
23185.638427734375,2620
23186.6352558136,2622
23187.6323223114,2630
23188.629865646362,2620
23189.627408981323,2586
23190.624475479126,2586
23191.623210906982,2588
23192.619562149048,2570
23193.61662864685,2550
23194.61441040039,2574
23195.611238479614,2578
23196.608781814575,2574
23197.6056098938,2606
23198.60291481018,2640
23199.6009349823,2622
23200.597763061523,2602
23201.595306396484,2554
23202.592849731445,2578
23203.590154647827,2578
23204.58722114563,2542
23205.584287643433,2514
23206.581830978394,2546
23207.578897476196,2542
23208.576440811157,2546
23209.57374572754,2590
23210.57176589966,2610
23211.56907081604,2614
23212.565898895264,2608
23213.563442230225,2606
23214.560747146606,2600
23215.55757522583,2576
23216.55535697937,2606
23217.552423477173,2618
23218.550205230713,2546
23219.547033309937,2558
23220.545053482056,2584
23221.54140472412,2618
23222.53942489624,2650
23223.536491394043,2682
23224.562168121338,2674
23225.55947303772,2614
23226.55701637268,2606
23227.55455970764,2578
23228.551626205444,2602
23229.548454284668,2554
23230.54838180542,2578
23231.54354095459,2578
23232.542276382446,2580
23233.5422039032,2610
23234.534740447998,2622
23235.53156852722,2646
23236.528873443604,2638
23237.52737045288,2620
23238.523960113525,2584
23239.52078819275,2622
23241.517305374146,2582
23241.517305374146,2554
23243.484258651733,2554
23244.508266448975,2570
23245.5050945282,2550
23246.503353118896,2552
23247.499465942383,2606
23248.497247695923,2624
23249.494552612305,2622
23250.495195388794,2590
23251.490592956543,2590
23252.48646736145,2534
23253.48401069641,2550
23254.481315612793,2576
23255.479335784912,2586
23256.478786468506,2558
23257.4782371521,2598
23258.47339630127,2624
23259.467840194702,2646
23260.465145111084,2622
23261.46388053894,2648
23262.46190071106,2600
23263.457775115967,2560
23264.455318450928,2578
23265.451669692993,2590
23266.448974609375,2584
23267.446994781494,2578
23268.424034118652,2586
23269.441604614258,2610
23270.43914794922,2586
23271.437883377075,2588
23272.43447303772,2614
23273.430824279785,2630
23274.428129196167,2582
23275.425672531128,2588
23276.423692703247,2582
23277.41289138794,2576
23278.389930725098,2600
23279.3869972229,2598
23280.39860725403,2586
23281.3937664032,2582
23282.39345550537,2586
23283.392667770386,2614
23284.37328338623,2642
23285.370588302612,2634
23286.368370056152,2612
23287.365436553955,2586
23288.362741470337,2610
23289.36004638672,2598
23290.35782814026,2576
23291.35489463806,2594
23292.352437973022,2600
23293.349981307983,2600
23294.347286224365,2598
23295.344352722168,2614
23296.34118080139,2610
23297.33896255493,2602
23298.336029052734,2594
23299.333333969116,2586
23300.331115722656,2576
23301.32794380188,2554
23302.32572555542,2554
23303.3230304718,2582
23304.320573806763,2574
23305.316925048828,2588
23306.31399154663,2602
23307.311296463013,2610
23308.308362960815,2638
23309.305906295776,2648
23310.303688049316,2654
23311.30075454712,2666
23312.29829788208,2606
23313.295602798462,2582
23314.292907714844,2586
23315.290451049805,2578
23316.287755966187,2594
23317.28482246399,2590
23318.28212738037,2606
23319.279670715332,2598
23320.276737213135,2602
23321.274280548096,2634
23322.2713470459,2602
23323.26865196228,2594
23324.265956878662,2570
23325.263261795044,2544
23326.260805130005,2544
23327.257871627808,2550
23328.25517654419,2558
23329.25271987915,2602
23330.250024795532,2602
23331.247329711914,2588
23332.244634628296,2596
23333.241939544678,2634
23334.23924446106,2634
23335.23654937744,2630
23336.234092712402,2584
23337.231397628784,2572
23338.228702545166,2544
23339.226007461548,2622
23340.22331237793,2614
23341.22085571289,2602
23342.22412109375,2642
23343.215465545654,2662
23344.212770462036,2630
23345.20983695984,2610
23346.2073802948,2614
23347.20468521118,2600
23348.201990127563,2582
23349.199295043945,2598
23350.196838378906,2608
23351.194381713867,2582
23352.19120979309,2576
23353.188514709473,2606
23354.186058044434,2598
23355.183362960815,2574
23356.180667877197,2582
23357.206344604492,2602
23358.203649520874,2632
23359.200477600098,2638
23360.182285308838,2614
23361.19556427002,2598
23362.201929092407,2574
23363.189935684204,2558
23364.187479019165,2570
23365.184783935547,2610
23366.18185043335,2632
23367.180109024048,2610
23368.17741394043,2630
23369.179248809814,2614
23370.171546936035,2574
23371.170043945312,2598
23372.13969230652,2572
23373.136520385742,2558
23374.134063720703,2582
23375.131368637085,2574
23376.128673553467,2574
23377.12597846985,2586
23378.12328338623,2586
23379.12106513977,2598
23380.118370056152,2594
23381.115674972534,2610
23382.112979888916,2602
23383.11004638672,2606
23384.10758972168,2572
23385.116815567017,2550
23386.1083984375,2582
23387.099742889404,2582
23388.095378875732,2546
23389.092683792114,2606
23390.089988708496,2618
23391.087293624878,2616
23392.08483695984,2618
23393.08214187622,2618
23394.079208374023,2630
23395.077228546143,2550
23396.074295043945,2574
23397.071361541748,2554
23398.06866645813,2570
23399.06597137451,2586
23400.063276290894,2570
23401.060581207275,2594
23402.058124542236,2598
23403.055906295776,2584
23404.054880142212,2582
23405.051946640015,2608
23406.049013137817,2614
23407.04607963562,2576
23408.04362297058,2558
23409.04140472412,2576
23409.696578979492,2552
23410.703897476196,2552
23411.705493927002,2574
23412.701845169067,2590
23413.69938850403,2590
23414.69645500183,2574
23415.693998336792,2594
23416.691303253174,2586
23417.688608169556,2596
23418.68567466736,2554
23419.681787490845,2602
23420.67861557007,2548
23421.67592048645,2520
23422.67370223999,2512
23423.670768737793,2558
23424.668788909912,2512
23425.665616989136,2578
23426.663398742676,2578
23427.690029144287,2606
23428.688526153564,2556
23429.684162139893,2610
23430.681228637695,2654
23431.679487228394,2590
23432.647228240967,2578
23433.64453315735,2556
23434.64159965515,2554
23435.660123825073,2552
23436.636924743652,2598
23437.633752822876,2614
23438.63081932068,2598
23439.62812423706,2614
23440.62566757202,2606
23441.622734069824,2612
23442.620277404785,2662
23443.617582321167,2638
23444.61488723755,2552
23445.61219215393,2574
23446.60973548889,2586
23447.607040405273,2606
23448.604106903076,2638
23449.601650238037,2638
23450.599193572998,2646
23451.59649848938,2654
23452.59380340576,2674
23453.591108322144,2704
23454.588413238525,2650
23455.585479736328,2630
23456.583261489868,2604
23457.58032798767,2602
23458.577632904053,2584
23459.574937820435,2618
23460.572242736816,2596
23461.569786071777,2594
23462.56685256958,2580
23463.563919067383,2582
23464.561700820923,2588
23465.559005737305,2574
23466.556072235107,2574
23468.55092048645,2554
23468.55092048645,2544
23469.548225402832,2536
23470.545768737793,2538
23471.543073654175,2554
23472.540140151978,2586
23473.53744506836,2584
23474.53498840332,2602
23475.532293319702,2586
23476.529598236084,2610
23477.526664733887,2606
23478.524208068848,2602
23480.51881790161,2570
23480.51881790161,2542
23481.51659965515,2540
23482.513666152954,2542
23483.510971069336,2554
23484.508275985718,2584
23485.5055809021,2622
23486.50288581848,2638
23487.500190734863,2620
23488.497734069824,2588
23489.495038986206,2590
23491.48964881897,2582
23492.48695373535,2584
23493.484497070312,2572
23494.481563568115,2604
23495.479106903076,2600
23496.47617340088,2586
23497.47347831726,2670
23498.47102165222,2682
23499.468088150024,2686
23500.465631484985,2684
23501.462697982788,2650
23502.46024131775,2666
23503.45754623413,2644
23504.454851150513,2668
23505.451917648315,2610
23506.449699401855,2576
23507.44676589966,2582
23508.44407081604,2554
23509.441614151,2608
23510.43939590454,2594
23511.436462402344,2602
23512.46166229248,2602
23513.45944404602,2586
23514.456510543823,2570
23515.45476913452,2584
23516.451120376587,2558
23517.44842529297,2550
23518.446922302246,2602
23519.44351196289,2566
23520.44105529785,2574
23521.438360214233,2574
23522.408485412598,2598
23523.433446884155,2610
23524.4300365448,2610
23525.429725646973,2588
23526.42583847046,2630
23527.423858642578,2606
23528.42140197754,2630
23529.421091079712,2586
23530.414819717407,2614
23531.383514404297,2578
23532.3805809021,2586
23533.377647399902,2582
23534.375190734863,2634
23535.372257232666,2630
23536.369562149048,2630
23537.36710548401,2634
23538.36417198181,2598
23539.36457633972,2586
23540.38715362549,2610
23541.385889053345,2634
23542.381763458252,2574
23543.38002204895,2574
23544.37756538391,2588
23545.373916625977,2606
23546.37122154236,2606
23547.369480133057,2628
23548.365831375122,2682
23549.362659454346,2606
23550.361156463623,2586
23551.358938217163,2634
23552.35528945923,2606
23553.35259437561,2582
23554.349660873413,2590
23555.346727371216,2600
23556.344509124756,2614
23557.315349578857,2630
23558.3393573761,2610
23559.3364238739,2642
23560.307264328003,2678
23561.331272125244,2674
23562.328338623047,2650
23563.32564353943,2614
23564.32271003723,2618
23565.321922302246,2594
23566.317558288574,2618
23567.314863204956,2618
23568.313598632812,2618
23569.309949874878,2642
23570.30749320984,2622
23571.3050365448,2622
23572.30257987976,2640
23573.301315307617,2630
23574.297428131104,2596
23575.29377937317,2602
23576.292276382446,2576
23577.288389205933,2602
23578.285455703735,2614
23579.282999038696,2630
23580.281972885132,2614
23581.279039382935,2582
23582.276344299316,2634
23583.272695541382,2680
23584.269762039185,2686
23585.240602493286,2674
23586.266040802002,2634
23587.233781814575,2642
23588.230848312378,2638
23589.22791481018,2648
23590.22545814514,2650
23591.222763061523,2622
23592.220067977905,2590
23593.217611312866,2614
23594.214916229248,2610
23595.21198272705,2630
23596.20952606201,2642
23597.206830978394,2634
23598.204135894775,2616
23599.201440811157,2572
23600.198984146118,2550
23601.1962890625,2534
23602.193355560303,2570
23603.193521499634,2584
23604.1898727417,2574
23605.18717765808,2550
23606.184482574463,2582
23607.181787490845,2614
23608.178853988647,2596
23609.17639732361,2598
23610.17370223999,2586
23611.17124557495,2546
23612.168788909912,2546
23613.166332244873,2600
23614.163637161255,2608
23615.16046524048,2600
23616.15777015686,2610
23617.155075073242,2614
23618.152379989624,2600
23619.14873123169,2612
23620.174407958984,2622
23621.172666549683,2654
23622.169256210327,2654
23623.16632270813,2624
23624.162912368774,2622
23625.160217285156,2622
23626.15966796875,2650
23627.130270004272,2610
23628.15260887146,2614
23629.149675369263,2662
23630.146980285645,2654
23631.11662864685,2666
23632.142066955566,2646
23633.111238479614,2630
23634.110927581787,2654
23637.455940246582,2610
23637.455940246582,2616
23637.455940246582,2576
23638.111114501953,2598
23639.097452163696,2582
23640.094995498657,2582
23641.092777252197,2542
23642.088890075684,2570
23643.086433410645,2582
23644.096612930298,2622
23645.08056640625,2608
23646.077871322632,2618
23647.075414657593,2570
23648.072481155396,2554
23649.070024490356,2558
23650.06709098816,2582
23651.06511116028,2542
23652.061939239502,2574
23653.059244155884,2586
23654.056549072266,2578
23655.053853988647,2598
23656.05092048645,2556
23657.04846382141,2576
23658.045768737793,2600
23659.043073654175,2558
23660.040378570557,2538
23661.036729812622,2552
23662.034034729004,2594
23663.03277015686,2586
23664.03102874756,2622
23665.027379989624,2606
23666.024446487427,2598
23667.02175140381,2602
23668.01905632019,2636
23669.016361236572,2650
23670.013904571533,2646
23671.010971069336,2606
23672.008752822876,2600
23673.006296157837,2606
23674.00312423706,2588
23675.00066757202,2598
23675.997734069824,2622
23676.995038986206,2642
23677.992343902588,2618
23679.00586128235,2618
23680.014610290527,2630
23680.98473548889,2622
23682.008743286133,2610
23683.00700187683,2606
23684.003591537476,2554
23685.000896453857,2552
23685.99843978882,2546
23686.9957447052,2598
23687.99328804016,2574
23688.990116119385,2602
23689.987182617188,2594
23690.98734855652,2586
23691.98226928711,2598
23692.979335784912,2606
23693.976402282715,2578
23694.94605064392,2584
23695.97101211548,2550
23696.96879386902,2526
23697.96586036682,2554
23698.962926864624,2586
23699.934005737305,2550
23700.931072235107,2574
23701.92790031433,2574
23702.951908111572,2578
23703.9532661438,2590
23704.946994781494,2594
23705.944299697876,2590
23706.942319869995,2582
23707.93867111206,2546
23708.93621444702,2550
23709.933757781982,2574
23710.931539535522,2538
23711.928844451904,2556
23712.925910949707,2588
23713.924169540405,2590
23714.92075920105,2594
23715.91877937317,2602
23716.915130615234,2614
23717.912673950195,2602
23718.909740447998,2608
23719.907760620117,2572
23720.90721130371,2572
23721.904277801514,2550
23722.90015220642,2546
23723.89793395996,2594
23724.894762039185,2604
23725.8939743042,2618
23726.861715316772,2634
23727.887392044067,2610
23728.88422012329,2614
23729.881286621094,2610
23730.879068374634,2584
23731.849431991577,2550
23732.873678207397,2554
23733.87122154236,2534
23734.86876487732,2554
23735.869646072388,2604
23736.862897872925,2582
23737.860441207886,2584
23738.858222961426,2634
23739.85528945923,2638
23740.824460983276,2634
23741.822719573975,2654
23742.847681045532,2662
23743.815183639526,2668
23744.84634399414,2638
23745.83911895752,2646
23746.835947036743,2666
23747.833251953125,2682
23748.831510543823,2674
23749.828100204468,2706
23750.82564353943,2622
23751.795768737793,2712
23752.82073020935,2702
23753.817319869995,2666
23754.814624786377,2650
23755.812168121338,2646
23756.809949874878,2610
23757.80701637268,2634
23758.804082870483,2624
23759.801864624023,2604
23760.798931121826,2666
23761.796236038208,2698
23762.79377937317,2622
23763.79132270813,2638
23764.795064926147,2654
23765.785455703735,2590
23766.783475875854,2598
23767.7800655365,2614
23768.78023147583,2576
23769.77586746216,2552
23770.780086517334,2574
23771.770477294922,2606
23772.762775421143,2622
23773.76437187195,2634
23774.76191520691,2612
23775.75945854187,2606
23776.774883270264,2602
23777.753353118896,2578
23778.75065803528,2610
23779.748916625977,2598
23780.71904182434,2586
23781.715393066406,2586
23782.740592956543,2602
23783.737659454346,2586
23784.735202789307,2594
23785.704851150513,2602
23786.72957420349,2602
23787.726640701294,2622
23788.723945617676,2616
23789.721250534058,2602
23790.69209098816,2598
23791.71633720398,2586
23792.713403701782,2578
23793.710947036743,2554
23794.708728790283,2542
23795.706033706665,2574
23796.704292297363,2582
23797.70064353943,2590
23798.698902130127,2634
23799.694538116455,2614
23800.692081451416,2618
23801.69630050659,2588
23802.68692970276,2610
23803.68423461914,2570
23804.68201637268,2584
23805.678844451904,2554
23806.675910949707,2572
23807.673454284668,2558
23808.675050735474,2584
23809.66830253601,2582
23810.66584587097,2678
23811.636209487915,2634
23812.660217285156,2618
23813.658475875854,2606
23814.6550655365,2614
23815.65237045288,2622
23816.620588302612,2612
23817.617654800415,2598
23818.614721298218,2584
23819.61178779602,2598
23820.60933113098,2594
23821.606636047363,2600
23822.603940963745,2646
23823.601484298706,2638
23824.598789215088,2612
23825.59609413147,2598
23826.59363746643,2598
23827.590703964233,2614
23828.588008880615,2620
23829.585313796997,2614
23830.582857131958,2586
23831.58016204834,2590
23832.578420639038,2590
23833.575010299683,2646
23834.572076797485,2648
23835.569381713867,2630
23836.56668663025,2622
23837.56422996521,2622
23838.561296463013,2636
23839.558601379395,2650
23840.556144714355,2622
23841.553688049316,2630
23843.549251556396,2642
23843.549251556396,2642
23844.545602798462,2646
23845.542669296265,2610
23846.539974212646,2634
23848.535537719727,2614
23848.535537719727,2618
23849.53212738037,2582
23850.529193878174,2518
23852.524280548096,2602
23852.524280548096,2602
23853.5213470459,2598
23854.51889038086,2552
23855.51619529724,2538
23856.513500213623,2552
23857.510566711426,2622
23858.508110046387,2662
23860.50271987915,2670
23860.50271987915,2622
23861.50026321411,2590
23862.497568130493,2590
23864.492654800415,2640
23864.492654800415,2594
23865.48948287964,2602
23867.484092712402,2610
23868.49594116211,2574
23869.478702545166,2574
23870.476007461548,2610
23871.47331237793,2646
23872.47085571289,2642
23873.468160629272,2622
23874.465465545654,2598
23875.462770462036,2590
23876.460075378418,2550
23877.4573802948,2586
23878.45468521118,2610
23879.452228546143,2618
23880.449295043945,2570
23881.446838378906,2618
23882.444143295288,2618
23883.44168663025,2666
23884.43875312805,2680
23885.436058044434,2662
23886.433601379395,2650
23887.430667877197,2640
23888.42797279358,2586
23889.42551612854,2588
23890.422821044922,2606
23891.420125961304,2614
23892.417430877686,2598
23893.415451049805,2614
23894.44088935852,2614
23895.43843269348,2588
23896.43621444702,2602
23897.433519363403,2582
23898.431301116943,2552
23899.42765235901,2534
23900.42543411255,2550
23901.422023773193,2542
23902.392864227295,2518
23903.417348861694,2526
23904.414653778076,2546
23905.41172027588,2528
23906.40878677368,2548
23907.406091690063,2594
23908.403396606445,2586
23908.966302871704,2606
23909.998893737793,2598
23910.999059677124,2606
23911.996364593506,2586
23912.99343109131,2622
23913.989543914795,2580
23914.98851776123,2574
23915.984630584717,2578
23916.983366012573,2554
23917.979955673218,2620
23918.977975845337,2618
23919.97456550598,2598
23920.972108840942,2642
23921.969890594482,2596
23922.967195510864,2590
23923.964262008667,2630
23924.967765808105,2614
23925.95863342285,2576
23926.955461502075,2578
23927.953720092773,2574
23928.950548171997,2594
23929.948568344116,2602
23930.94539642334,2582
23931.94317817688,2594
23932.94048309326,2612
23933.937072753906,2610
23934.935092926025,2550
23935.932636260986,2546
23936.92946434021,2556
23937.92676925659,2582
23938.924074172974,2600
23939.921617507935,2554
23940.91773033142,2554
23941.915273666382,2584
23942.912340164185,2554
23943.909645080566,2634
23944.907188415527,2598
23945.90449333191,2600
23946.90179824829,2598
23947.898864746094,2608
23948.896169662476,2574
23949.893712997437,2570
23950.89101791382,2582
23951.8883228302,2548
23952.88586616516,2612
23953.882932662964,2602
23954.880237579346,2602
23955.877542495728,2606
23956.87508583069,2616
23957.87239074707,2606
23958.869457244873,2606
23959.866762161255,2538
23960.864305496216,2526
23961.861848831177,2568
23962.85915374756,2544
23963.85622024536,2582
23964.853763580322,2556
23965.850830078125,2582
23966.848373413086,2578
23967.845678329468,2590
23968.84298324585,2606
23969.84028816223,2608
23970.837831497192,2582
23971.845388412476,2554
23972.832202911377,2546
23973.829746246338,2586
23974.82705116272,2566
23975.8243560791,2578
23976.828575134277,2586
23977.818965911865,2582
23978.816270828247,2606
23979.81357574463,2622
23980.81111907959,2610
23981.80842399597,2630
23982.805728912354,2606
23983.802795410156,2598
23984.800338745117,2574
23985.7976436615,2556
23986.79518699646,2582
23987.792015075684,2618
23988.789796829224,2578
23989.786863327026,2582
23990.78416824341,2618
23991.78194999695,2648
23992.77901649475,2650
23993.776321411133,2652
23994.773864746094,2612
23995.770931243896,2628
23996.76823616028,2590
23997.76554107666,2590
23998.762845993042,2642
23999.760150909424,2596
24000.757455825806,2606
24001.755475997925,2598
24002.755165100098,2618
24003.751516342163,2646
24004.748582839966,2642
24005.746126174927,2614
24006.771087646484,2586
24007.768630981445,2590
24008.76760482788,2598
24009.735822677612,2598
24010.732889175415,2598
24011.730670928955,2596
24012.72749900818,2598
24013.72456550598,2616
24014.722108840942,2604
24015.719175338745,2586
24016.716480255127,2612
24017.714023590088,2610
24018.739223480225,2652
24019.736528396606,2608
24020.704984664917,2570
24021.73137664795,2586
24022.72891998291,2598
24023.726224899292,2624
24024.723291397095,2646
24025.720596313477,2598
24026.71766281128,2610
24027.715921401978,2648
24028.712511062622,2670
24029.71649169922,2672
24030.706882476807,2666
24031.70394897461,2630
24032.70196914673,2586
24033.69951248169,2618
24034.69705581665,2612
24035.701513290405,2638
24036.691188812256,2624
24037.68801689148,2654
24038.6860370636,2550
24039.68334197998,2642
24040.679931640625,2636
24041.67938232422,2638
24042.674779891968,2586
24043.673276901245,2578
24044.670820236206,2572
24045.66717147827,2546
24046.664476394653,2584
24047.663927078247,2590
24048.65789413452,2598
24049.655199050903,2602
24050.652265548706,2582
24051.650047302246,2578
24052.64711380005,2578
24053.645372390747,2616
24054.641723632812,2604
24055.639028549194,2574
24056.636571884155,2558
24057.633876800537,2582
24058.63070487976,2614
24059.628009796143,2590
24060.625553131104,2778
24061.628341674805,2618
24062.620162963867,2652
24063.617706298828,2696
24064.589023590088,2674
24065.58609008789,2644
24066.583156585693,2638
24068.578243255615,2632
24068.578243255615,2654
24069.57507133484,2642
24070.5726146698,2598
24072.56579399109,2702
24072.56579399109,2652
24073.56286048889,2650
24074.560165405273,2638
24075.557708740234,2638
24076.554775238037,2646
24077.552318572998,2670
24078.5493850708,2624
24080.545902252197,2642
24080.545902252197,2574
24081.57229423523,2610
24082.568645477295,2618
24083.56547355652,2630
24084.56301689148,2644
24085.56056022644,2662
24086.557626724243,2642
24087.55612373352,2654
24088.552236557007,2642
24089.54954147339,2610
24090.54708480835,2646
24091.551065444946,2664
24093.51134300232,2630
24093.51134300232,2598
24095.541954040527,2610
24095.541954040527,2624
24096.5313911438,2642
24097.529411315918,2680
24098.52695465088,2640
24099.531412124634,2650
24100.51989555359,2634
24102.50163078308,2704
24103.514194488525,2678
24104.511499404907,2664
24105.47971725464,2642
24106.475830078125,2644
24107.473611831665,2642
24108.503103256226,2654
24109.473705291748,2686
24110.46528816223,2706
24111.46378517151,2710
24112.459659576416,2678
24113.45672607422,2662
24114.45641517639,2728
24115.453004837036,2642
24116.478204727173,2650
24117.475032806396,2642
24118.45302581787,2662
24119.47274208069,2648
24120.439052581787,2590
24121.469974517822,2678
24122.461795806885,2666
24123.459100723267,2670
24124.456882476807,2674
24125.45347213745,2676
24126.450061798096,2642
24127.424716949463,2646
24128.41749191284,2666
24129.414319992065,2638
24130.411863327026,2648
24131.409645080566,2646
24132.40647315979,2670
24133.40401649475,2672
24134.401321411133,2698
24135.398864746094,2706
24136.395692825317,2724
24137.39323616028,2726
24138.39030265808,2706
24139.387607574463,2704
24140.385389328003,2678
24141.382694244385,2644
24142.379999160767,2646
24143.378019332886,2646
24144.37484741211,2664
24145.371675491333,2670
24146.368980407715,2698
24147.366046905518,2704
24148.36359024048,2708
24149.36089515686,2702
24150.35843849182,2666
24151.35669708252,2622
24152.353286743164,2622
24153.350830078125,2646
24154.34741973877,2608
24155.34496307373,2618
24156.342267990112,2630
24157.339572906494,2670
24158.337116241455,2684
24159.334182739258,2712
24160.331964492798,2678
24161.330223083496,2670
24162.32657432556,2676
24163.324117660522,2622
24164.320707321167,2642
24165.318250656128,2640
24166.31555557251,2642
24167.31286048889,2642
24168.310165405273,2684
24169.308185577393,2662
24170.305252075195,2662
24171.303510665894,2710
24172.29986190796,2710
24173.324584960938,2710
24174.3221282959,2716
24175.318717956543,2710
24176.315546035767,2674
24177.313089370728,2678
24178.31301689148,2674
24179.30817604065,2706
24180.305242538452,2686
24181.304931640625,2680
24182.2726726532,2686
24183.30478668213,2730
24184.2942237854,2746
24185.266733169556,2710
24186.29240989685,2650
24187.289237976074,2670
24188.284397125244,2680
24189.281463623047,2622
24190.279960632324,2622
24191.248893737793,2610
24192.245960235596,2638
24193.24493408203,2662
24194.268703460693,2674
24195.268154144287,2646
24196.263074874878,2670
24197.260856628418,2702
24198.25839996338,2654
24199.25618171692,2618
24200.252532958984,2618
24201.250791549683,2602
24202.24690437317,2554
24203.21822166443,2582
24204.244375228882,2554
24205.239057540894,2588
24206.236600875854,2618
24207.23819732666,2638
24208.231687545776,2678
24209.22899246216,2664
24210.199117660522,2674
24211.22431755066,2702
24212.224006652832,2744
24213.21940422058,2736
24214.21527862549,2756
24215.222120285034,2744
24216.21561050415,2714
24217.21315383911,2750
24218.21165084839,2726
24219.207048416138,2734
24220.19910812378,2710
24221.19903564453,2668
24222.16796875,2642
24223.19269180298,2614
24224.188566207886,2622
24225.18563270569,2602
24226.18556022644,2612
24227.18048095703,2614
24228.17826271057,2614
24229.176998138428,2600
24230.178833007812,2646
24231.170892715454,2670
24232.172966003418,2672
24233.170747756958,2640
24234.169006347656,2634
24235.13102531433,2622
24236.12904548645,2606
24237.15615272522,2598
24238.15083503723,2638
24239.149808883667,2640
24240.145206451416,2636
24241.147994995117,2622
24242.149591445923,2650
24243.146657943726,2680
24244.136095046997,2708
24245.134353637695,2710
24246.1359500885,2670
24247.1284866333,2662
24248.12602996826,2654
24249.123573303223,2666
24250.120401382446,2666
24251.147270202637,2648
24252.11501121521,2630
24253.146409988403,2674
24254.109382629395,2666
24255.107164382935,2676
24256.078004837036,2682
24257.07459449768,2664
24258.071660995483,2670
24259.06753540039,2638
24260.075569152832,2642
24261.064291000366,2622
24262.062072753906,2666
24263.05866241455,2654
24264.055967330933,2612
24265.051126480103,2644
24266.048192977905,2642
24267.045736312866,2646
24268.04280281067,2630
24269.04010772705,2634
24270.037412643433,2646
24271.034955978394,2584
24272.032260894775,2582
24273.029565811157,2554
24274.02663230896,2608
24275.02417564392,2606
24276.021480560303,2624
24277.018785476685,2606
24278.016328811646,2650
24279.01339530945,2662
24280.01070022583,2686
24281.009197235107,2664
24282.005786895752,2662
24283.002853393555,2638
24283.999919891357,2674
24284.99746322632,2684
24285.9947681427,2666
24286.992073059082,2644
24287.989616394043,2636
24288.986921310425,2680
24289.983987808228,2672
24290.98129272461,2598
24291.97883605957,2634
24292.976140975952,2666
24293.973445892334,2676
24294.970989227295,2622
24295.968294143677,2606
24296.96559906006,2556
24297.96266555786,2584
24298.960208892822,2582
24299.957513809204,2602
24300.954818725586,2598
24301.95188522339,2578
24302.94942855835,2598
24303.94673347473,2602
24304.944038391113,2584
24305.941343307495,2606
24306.938886642456,2574
24307.936191558838,2578
24308.93325805664,2594
24309.9308013916,2622
24310.928106307983,2654
24311.926126480103,2618
24312.922954559326,2646
24313.92002105713,2634
24314.91732597351,2630
24315.91486930847,2646
24316.912174224854,2646
24317.909479141235,2670
24318.906784057617,2594
24319.904327392578,2616
24320.90139389038,2576
24321.898698806763,2580
24322.896242141724,2614
24323.893547058105,2610
24324.890851974487,2610
24325.88815689087,2614
24326.88570022583,2612
24327.882766723633,2618
24328.880071640015,2648
24329.877614974976,2594
24330.874919891357,2556
24331.87198638916,2506
24332.869291305542,2478
24333.867073059082,2506
24334.864139556885,2492
24335.861682891846,2454
24336.858987808228,2490
24337.85629272461,2490
24338.853359222412,2526
24339.850664138794,2586
24340.848207473755,2582
24341.845750808716,2590
24342.843055725098,2598
24343.84036064148,2558
24344.837427139282,2546
24345.834732055664,2538
24346.832036972046,2558
24347.829580307007,2574
24348.82688522339,2614
24349.82395172119,2546
24350.821256637573,2558
24351.828813552856,2550
24352.816343307495,2554
24353.813409805298,2550
24354.81095314026,2546
24355.80801963806,2504
24356.805562973022,2514
24357.802867889404,2490
24358.800411224365,2490
24359.797477722168,2482
24360.79502105713,2484
24361.79208755493,2448
24362.789392471313,2468
24363.786697387695,2482
24364.784240722656,2486
24365.781545639038,2484
24366.77885055542,2480
24367.775917053223,2480
24368.773698806763,2480
24369.770765304565,2450
24370.768070220947,2466
24371.76561355591,2502
24372.76291847229,2526
24373.76117706299,2540
24374.757528305054,2522
24375.754833221436,2506
24376.76239013672,2570
24377.7494430542,2570
24378.74698638916,2586
24379.744052886963,2578
24380.741357803345,2552
24381.738662719727,2546
24382.736206054688,2554
24383.73351097107,2610
24384.73105430603,2602
24385.727882385254,2582
24386.725425720215,2590
24387.722730636597,2622
24388.721227645874,2584
24389.71781730652,2542
24390.71488380432,2572
24391.712188720703,2540
24392.709493637085,2504
24393.706798553467,2482
24394.70410346985,2506
24395.70140838623,2482
24396.69895172119,2490
24397.696018218994,2482
24398.693323135376,2494
24399.690866470337,2474
24400.68817138672,2432
24401.6854763031,2460
24402.68301963806,2484
24403.680086135864,2482
24404.677629470825,2470
24405.674695968628,2478
24406.67223930359,2470
24407.66954421997,2502
24408.666849136353,2558
24409.663915634155,2550
24410.661697387695,2550
24411.659240722656,2554
24412.65606880188,2554
24413.65361213684,2554
24414.650678634644,2550
24415.648221969604,2578
24416.645288467407,2526
24417.642831802368,2552
24418.64013671875,2518
24420.649766921997,2558
24421.632766723633,2594
24421.632766723633,2590
24422.629594802856,2578
24423.62666130066,2574
24424.62420463562,2542
24425.621509552002,2522
24426.618814468384,2520
24427.615880966187,2514
24428.613424301147,2482
24429.61072921753,2470
24430.60803413391,2454
24432.527780532837,2490
24432.527780532837,2504
24433.53247642517,2518
24435.529232025146,2542
24436.52606010437,2520
24436.52606010437,2522
24438.521146774292,2502
24439.518451690674,2534
24440.515756607056,2526
24440.515756607056,2486
24441.513776779175,2456
24443.507432937622,2468
24444.504261016846,2514
24445.501804351807,2520
24446.49910926819,2572
24447.49617576599,2544
24448.493480682373,2578
24449.491024017334,2558
24450.488805770874,2558
24451.485872268677,2506
24452.48317718506,2556
24453.48048210144,2544
24454.477548599243,2574
24455.474853515625,2578
24456.472873687744,2546
24457.470178604126,2578
24458.46700668335,2604
24459.46455001831,2636
24460.461616516113,2624
24461.459159851074,2614
24462.456226348877,2594
24463.453769683838,2606
24464.45107460022,2590
24465.4483795166,2556
24466.445684432983,2534
24467.442989349365,2550
24468.440294265747,2548
24469.43759918213,2604
24470.43514251709,2582
24471.43268585205,2606
24472.429513931274,2572
24473.427057266235,2594
24474.424362182617,2598
24475.42142868042,2586
24476.41897201538,2584
24477.41651535034,2554
24478.413581848145,2578
24479.410886764526,2538
24480.409145355225,2534
24481.40597343445,2542
24482.40327835083,2558
24483.400344848633,2598
24484.402179718018,2578
24485.394954681396,2574
24486.39225959778,2570
24487.38980293274,2602
24488.3873462677,2582
24489.384174346924,2570
24490.381479263306,2606
24491.379261016846,2554
24492.37632751465,2554
24493.37410926819,2582
24494.37117576599,2630
24495.368242263794,2616
24496.366262435913,2630
24497.362852096558,2594
24498.36015701294,2602
24499.35746192932,2620
24500.355005264282,2590
24501.352548599243,2618
24502.349615097046,2616
24503.346920013428,2618
24504.34446334839,2618
24505.34200668335,2670
24506.338834762573,2674
24507.336139678955,2670
24508.333683013916,2670
24509.330987930298,2706
24510.3280544281,2676
24511.32559776306,2616
24512.323141098022,2624
24513.320446014404,2622
24514.317512512207,2608
24515.315055847168,2610
24516.31212234497,2638
24517.309427261353,2642
24518.306732177734,2674
24519.304275512695,2702
24520.301580429077,2682
24521.29888534546,2650
24522.29595184326,2702
24523.293495178223,2650
24524.291038513184,2634
24525.288105010986,2622
24526.299238204956,2646
24527.28295326233,2622
24528.28025817871,2600
24529.277324676514,2630
24530.275106430054,2642
24531.272172927856,2680
24532.26947784424,2710
24533.2670211792,2706
24534.26432609558,2646
24535.261392593384,2642
24536.259174346924,2600
24537.256240844727,2610
24538.25354576111,2622
24539.25085067749,2606
24540.24839401245,2618
24541.245937347412,2638
24542.27876663208,2662
24543.269634246826,2702
24544.266939163208,2716
24545.26448249817,2700
24546.23508453369,2680
24547.260522842407,2654
24548.25711250305,2646
24549.254179000854,2686
24550.251960754395,2670
24551.24807357788,2678
24552.218437194824,2714
24553.242921829224,2706
24554.240226745605,2730
24555.240869522095,2738
24556.235551834106,2760
24557.23285675049,2736
24558.229446411133,2738
24559.228658676147,2726
24560.195446014404,2714
24561.19394302368,2702
24562.21890449524,2702
24563.21620941162,2734
24564.213514328003,2722
24565.183401107788,2686
24566.181421279907,2726
24567.17872619629,2730
24568.17626953125,2736
24569.171667099,2778
24570.19853591919,2730
24571.16723060608,2698
24572.16477394104,2682
24573.163270950317,2710
24574.159383773804,2674
24575.156450271606,2682
24576.15351676941,2650
24577.18014717102,2634
24578.18293571472,2676
24579.175233840942,2684
24580.172061920166,2654
24581.13980293274,2730
24582.136869430542,2678
24583.16469192505,2638
24584.133625030518,2630
24585.129261016846,2614
24586.12585067749,2646
24587.123155593872,2646
24588.149547576904,2634
24589.147329330444,2654
24590.144157409668,2644
24591.142892837524,2666
24592.14448928833,2698
24593.14227104187,2702
24594.1059589386,2662
24595.131874084473,2648
24596.128225326538,2638
24597.126245498657,2646
24598.12307357788,2650
24599.119901657104,2678
24600.117683410645,2646
24601.1164188385,2666
24602.11753845215,2676
24603.10959815979,2662
24604.10785675049,2734
24605.104684829712,2706
24606.10270500183,2710
24607.07712173462,2678
24608.12520980835,2638
24609.065294265747,2632
24610.090494155884,2648
24611.0897064209,2670
24612.08748817444,2642
24613.08526992798,2710
24614.082098007202,2678
24615.078687667847,2710
24616.047382354736,2698
24617.046356201172,2656
24618.043184280396,2646
24619.03977394104,2658
24620.068073272705,2618
24621.062994003296,2590
24622.03049659729,2620
24623.027563095093,2616
24624.024868011475,2622
24625.022411346436,2630
24626.01947784424,2620
24627.017498016357,2642
24628.016710281372,2670
24629.04191017151,2678
24630.03945350647,2758
24631.006479263306,2636
24632.005214691162,2634
24633.030652999878,2614
24634.033918380737,2630
24635.026693344116,2616
24636.02304458618,2646
24637.020111083984,2552
24637.988567352295,2630
24639.014720916748,2640
24640.012502670288,2662
24641.00933074951,2662
24642.006874084473,2642
24643.00513267517,2622
24644.001245498657,2606
24644.99855041504,2622
24645.99585533142,2622
24646.99411392212,2644
24647.990465164185,2654
24648.988246917725,2662
24649.99008178711,2666
24650.95329284668,2698
24651.96657180786,2710
24652.97770500183,2712
24653.975248336792,2708
24654.972076416016,2684
24655.969381332397,2682
24656.9664478302,2646
24657.96446800232,2638
24658.961296081543,2666
24659.958839416504,2676
24660.956382751465,2700
24661.92579269409,2684
24662.9536151886,2710
24663.917779922485,2734
24664.915084838867,2700
24665.912628173828,2738
24666.90993309021,2714
24667.906999588013,2682
24668.904542922974,2666
24669.901847839355,2678
24670.899152755737,2642
24671.89645767212,2674
24672.8937625885,2650
24673.891067504883,2654
24674.888372421265,2682
24675.885677337646,2686
24676.883220672607,2734
24677.88028717041,2682
24678.877592086792,2650
24679.90732192993,2640
24680.903911590576,2590
24681.899785995483,2582
24682.897329330444,2630
24683.894872665405,2650
24684.893369674683,2662
24685.890913009644,2670
24686.88988685608,2702
24687.88504600525,2684
24688.884973526,2642
24689.878225326538,2630
24690.876007080078,2642
24691.87355041504,2614
24692.87061691284,2606
24693.87459754944,2598
24694.836378097534,2638
24695.86181640625,2618
24696.831226348877,2636
24697.856187820435,2672
24698.85301589966,2664
24699.85055923462,2634
24700.851440429688,2646
24701.818704605103,2648
24702.843189239502,2654
24703.840255737305,2614
24704.837560653687,2580
24705.835342407227,2554
24706.83264732361,2618
24707.82971382141,2632
24708.827018737793,2648
24709.795236587524,2702
24710.792541503906,2666
24711.789846420288,2654
24712.78691291809,2630
24713.78445625305,2646
24714.781761169434,2612
24715.779066085815,2614
24716.776371002197,2606
24717.77391433716,2614
24718.77121925354,2632
24719.768524169922,2666
24720.765590667725,2710
24721.763134002686,2670
24722.760438919067,2652
24723.75774383545,2676
24724.75528717041,2682
24725.75616836548,2706
24726.749897003174,2726
24727.746963500977,2672
24728.744506835938,2656
24729.74181175232,2654
24730.738878250122,2668
24731.736660003662,2678
24732.733726501465,2734
24733.731031417847,2734
24734.72833633423,2758
24735.72564125061,2744
24736.722946166992,2726
24737.720251083374,2738
24738.717794418335,2736
24739.715099334717,2730
24740.7124042511,2704
24741.70970916748,2702
24742.70725250244,2726
24743.704319000244,2726
24744.701623916626,2702
24745.699167251587,2736
24746.69647216797,2722
24747.69377708435,2734
24748.690843582153,2730
24749.688625335693,2714
24750.685691833496,2710
24751.683235168457,2718
24752.68054008484,2670
24753.67784500122,2638
24754.674911499023,2624
24755.672693252563,2646
24756.669759750366,2662
24757.667064666748,2732
24758.66436958313,2682
24759.66167449951,2648
24760.658979415894,2654
24761.656522750854,2670
24762.653589248657,2640
24763.651132583618,2646
24764.64819908142,2640
24765.645503997803,2606
24766.643285751343,2632
24768.637895584106,2614
24768.637895584106,2662
24769.63496208191,2682
24771.63028717041,2674
24771.63028717041,2662
24772.62806892395,2622
24773.627281188965,2662
24774.624586105347,2642
24775.626182556152,2646
24776.618480682373,2606
24777.616024017334,2642
24778.613328933716,2644
24779.610872268677,2644
24780.6077003479,2654
24781.6059589386,2662
24782.60111808777,2666
24783.600330352783,2682
24784.597396850586,2646
24785.595178604126,2638
24786.59200668335,2662
24787.58931159973,2662
24788.586854934692,2642
24789.583683013916,2630
24790.580987930298,2632
24792.574167251587,2624
24793.57147216797,2682
24794.56901550293,2702
24824.488878250122,2670
24824.488878250122,2672
24824.488878250122,2684
24824.488878250122,2654
24825.486660003662,2666
24825.486660003662,2634
24825.486660003662,2608
24825.486660003662,2594
24825.486660003662,2622
24825.486660003662,2618
24826.483249664307,2662
24826.483249664307,2646
24826.483249664307,2674
24826.483249664307,2684
24826.483249664307,2668
24826.483249664307,2648
24827.48055458069,2638
24827.48055458069,2650
24827.48055458069,2660
24827.48055458069,2638
24827.48055458069,2620
24827.48055458069,2636
24827.48055458069,2666
24828.47785949707,2698
24828.47785949707,2728
24828.47785949707,2702
24828.47785949707,2686
24828.47785949707,2708
24828.47785949707,2686
24829.475164413452,2670
24829.475164413452,2646
24829.475164413452,2654
24829.475164413452,2646
24829.475164413452,2662
24829.475164413452,2698
24830.47318458557,2674
24831.469774246216,2728
24838.451385498047,2678
24838.451385498047,2682
24838.451385498047,2638
24838.451385498047,2670
24838.451385498047,2678
24839.448928833008,2674
24839.448928833008,2622
24839.448928833008,2618
24840.44647216797,2648
24841.44377708435,2698
24842.440843582153,2682
24843.438148498535,2716
24844.435453414917,2730
24845.432996749878,2722
24846.43030166626,2684
24847.42784500122,2724
24848.425149917603,2682
24849.422216415405,2686
24850.419282913208,2674
24851.423501968384,2670
24852.413654327393,2682
24853.410959243774,2678
24854.408502578735,2718
24855.405807495117,2676
24856.40287399292,2686
24857.40065574646,2678
24858.39819908142,2654
24859.395503997803,2654
24860.393047332764,2686
24861.390590667725,2702
24862.387895584106,2676
24863.38472366333,2634
24864.38250541687,2654
24865.38028717041,2670
24866.377115249634,2610
24867.37561225891,2708
24868.37148666382,2722
24869.36926841736,2702
24870.36681175232,2670
24871.3641166687,2666
24872.360944747925,2706
24873.358249664307,2672
24874.35531616211,2678
24875.35285949707,2634
24876.349925994873,2624
24877.347469329834,2678
24878.344774246216,2678
24879.35447692871,2714
24880.339860916138,2678
24881.3374042511,2674
24882.33470916748,2666
24883.332014083862,2678
24884.329557418823,2670
24885.326862335205,2654
24886.324405670166,2656
24887.32123374939,2634
24888.31901550293,2636
24889.31632041931,2656
24890.313386917114,2718
24891.310453414917,2702
24892.30751991272,2682
24893.30554008484,2642
24894.3030834198,2670
24895.299911499023,2654
24896.296739578247,2642
24897.29404449463,2634
24898.29134941101,2648
24899.28936958313,2638
24900.286436080933,2650
24901.283740997314,2676
24902.281284332275,2702
24903.278589248657,2716
24904.27541732788,2710
24905.27319908142,2702
24906.270027160645,2666
24907.267332077026,2674
24908.26463699341,2674
24909.263372421265,2670
24910.260438919067,2662
24911.25774383545,2704
24912.254810333252,2678
24913.251638412476,2682
24914.248943328857,2680
24915.247201919556,2712
24916.243314743042,2726
24917.240858078003,2734
24918.266773223877,2698
24919.264554977417,2674
24920.26162147522,2664
24921.25916481018,2650
24922.2571849823,2646
24923.253774642944,2670
24924.254655838013,2642
24925.246715545654,2678
24926.246166229248,2642
24927.244424819946,2730
24928.24125289917,2736
24929.23855781555,2718
24930.23633956909,2672
24931.233882904053,2632
24932.20329284668,2662
24933.20059776306,2656
24934.22532081604,2646
24935.19401550293,2630
24936.193466186523,2644
24937.18957901001,2674
24938.18473815918,2662
24939.21208381653,2722
24940.20938873291,2686
24941.176652908325,2712
24942.173957824707,2646
24943.17102432251,2634
24944.16832923889,2650
24945.165872573853,2622
24946.162939071655,2622
24947.160243988037,2614
24948.15754890442,2634
24949.15509223938,2664
24950.152158737183,2646
24951.149940490723,2662
24952.147006988525,2654
24953.144311904907,2678
24954.141855239868,2638
24955.141067504883,2662
24956.137895584106,2646
24957.135915756226,2662
24958.13274383545,2672
24959.129810333252,2710
24960.129261016846,2662
24961.125373840332,2664
24962.121963500977,2678
24963.11902999878,2676
24964.11657333374,2734
24965.113878250122,2712
24966.111183166504,2706
24967.108488082886,2662
24968.106031417847,2728
24969.102144241333,2704
24970.098972320557,2678
24971.110105514526,2698
24972.09358215332,2678
24973.09112548828,2666
24974.088191986084,2674
24975.085496902466,2670
24976.083040237427,2666
24977.08010673523,2674
24978.07765007019,2706
24979.074716567993,2670
24980.072259902954,2660
24981.069564819336,2634
24982.066869735718,2670
24983.06441307068,2644
24984.06147956848,2678
24985.059022903442,2674
24986.056089401245,2654
24987.053632736206,2724
24988.07954788208,2706
24989.07709121704,2726
24990.074396133423,2724
24991.071462631226,2702
24992.040634155273,2698
24993.065118789673,2710
24994.062423706055,2678
24995.059728622437,2644
24996.05941772461,2714
24997.05457687378,2670
24998.0525970459,2682
24999.049186706543,2702
25000.046730041504,2682
25001.01661682129,2670
25002.04062461853,2662
25003.010988235474,2618
25004.008293151855,2644
25005.005598068237,2630
25006.00290298462,2614
25006.999969482422,2614
25007.997512817383,2634
25008.995056152344,2612
25009.992122650146,2622
25010.989665985107,2642
25011.98697090149,2662
25012.98427581787,2664
25013.981342315674,2662
25014.978885650635,2654
25015.976190567017,2614
25016.9734954834,2614
25017.97080039978,2646
25019.003868103027,2642
25019.993782043457,2634
25020.992279052734,2670
25021.960735321045,2666
25022.98617362976,2674
25023.983001708984,2654
25024.980783462524,2678
25025.978088378906,2672
25026.97491645813,2678
25027.97269821167,2678
25028.969526290894,2646
25029.966831207275,2610
25030.938386917114,2636
25031.96668624878,2632
25032.95922279358,2640
25033.956050872803,2666
25034.927368164062,2650
25035.951375961304,2660
25036.948680877686,2698
25037.946701049805,2686
25038.941860198975,2686
25039.947271347046,2682
25040.940284729004,2630
25041.91017150879,2650
25042.93441772461,2602
25043.939113616943,2638
25044.92950439453,2638
25045.926094055176,2650
25046.9229221344,2682
25047.92046546936,2644
25048.917770385742,2646
25049.88670349121,2638
25050.914764404297,2650
25051.881790161133,2640
25052.90699005127,2650
25053.90453338623,2632
25054.903030395508,2644
25055.899381637573,2662
25056.895971298218,2668
25057.89542198181,2668
25058.89630317688,2700
25059.88836288452,2680
25060.885906219482,2662
25061.856269836426,2654
25062.880754470825,2654
25063.877820968628,2650
25064.881086349487,2678
25065.87243080139,2638
25066.876888275146,2622
25067.87395477295,2674
25068.864345550537,2644
25069.86141204834,2638
25070.859670639038,2654
25071.85673713684,2650
25072.854042053223,2610
25073.850870132446,2618
25074.84793663025,2582
25075.84571838379,2584
25076.815128326416,2596
25077.84104347229,2614
25078.838109970093,2610
25079.834938049316,2606
25080.83701133728,2606
25081.80284500122,2616
25082.82709121704,2606
25083.824634552002,2610
25084.821701049805,2606
25085.82091331482,2614
25086.81631088257,2622
25087.81337738037,2678
25088.810682296753,2586
25089.808702468872,2576
25090.805530548096,2642
25091.802835464478,2654
25092.80014038086,2670
25093.799352645874,2698
25094.796657562256,2662
25095.792531967163,2650
25096.76194190979,2706
25097.78881072998,2644
25098.792552947998,2654
25099.781274795532,2654
25100.77977180481,2610
25101.747512817383,2620
25102.774620056152,2666
25103.772163391113,2642
25104.769468307495,2634
25105.766773223877,2666
25106.764554977417,2654
25107.760667800903,2654
25108.757495880127,2654
25109.756231307983,2650
25110.752820968628,2622
25111.72103881836,2598
25112.718105316162,2582
25113.717794418335,2582
25114.71438407898,2614
25115.71168899536,2632
25116.708040237427,2650
25117.73419380188,2670
25118.731021881104,2668
25119.728565216064,2682
25120.726823806763,2634
25121.72269821167,2638
25122.72024154663,2650
25123.717546463013,2642
25124.714851379395,2654
25125.712394714355,2642
25126.709699630737,2638
25127.70676612854,2670
25128.7043094635,2706
25129.708290100098,2710
25130.703926086426,2698
25131.669521331787,2674
25132.69352912903,2680
25133.690357208252,2678
25134.687900543213,2684
25135.685682296753,2650
25136.683225631714,2672
25137.680530548096,2662
25138.681173324585,2618
25139.674425125122,2664
25140.671730041504,2674
25141.920566558838,2682
25142.9545879364,2704
25143.970489501953,2708
25144.952535629272,2716
25145.949840545654,2666
25146.97504043579,2702
25147.974252700806,2680
25148.97108078003,2672
25149.974822998047,2680
25150.965929031372,2670
25151.93486213684,2682
25152.96244621277,2682
25153.956651687622,2736
25154.955625534058,2736
25155.952215194702,2710
25156.949281692505,2736
25157.91606903076,2714
25158.913373947144,2710
25159.910678863525,2736
25160.907983779907,2770
25161.905765533447,2714
25162.90283203125,2718
25163.900136947632,2706
25164.897441864014,2726
25165.894985198975,2750
25166.892051696777,2774
25167.88935661316,2734
25168.88689994812,2676
25169.884204864502,2682
25170.881509780884,2710
25171.878576278687,2682
25172.876119613647,2674
25173.87580871582,2698
25174.872636795044,2670
25175.869703292847,2674
25176.86700820923,2706
25177.86455154419,2738
25178.86209487915,2728
25179.858922958374,2710
25180.856227874756,2714
25181.854248046875,2710
25182.8510761261,2670
25183.84838104248,2710
25184.845685958862,2662
25185.843229293823,2666
25186.840534210205,2678
25187.837600708008,2674
25188.83514404297,2678
25189.831018447876,2766
25190.828323364258,2682
25191.82538986206,2726
25192.822694778442,2686
25193.820238113403,2668
25194.817304611206,2638
25195.814609527588,2622
25196.81191444397,2610
25197.80993461609,2630
25198.80700111389,2638
25199.804067611694,2614
25200.801372528076,2636
25201.799154281616,2662
25202.79598236084,2670
25203.7935256958,2706
25204.790830612183,2664
25205.81102371216,2638
25206.815242767334,2640
25207.784414291382,2634
25208.780527114868,2674
25209.814071655273,2698
25210.777521133423,2636
25211.77363395691,2638
25212.799072265625,2646
25213.796615600586,2706
25214.794158935547,2686
25215.79885482788,2742
25216.788053512573,2722
25217.785358428955,2738
25218.754053115845,2670
25219.780921936035,2666
25220.77775001526,2654
25221.74620628357,2642
25222.772121429443,2638
25223.769664764404,2654
25224.737882614136,2632
25225.73494911194,2674
25226.733207702637,2686
25227.729320526123,2710
25228.726863861084,2674
25229.724168777466,2704
25230.721473693848,2662
25231.71901702881,2618
25232.71632194519,2638
25233.713388442993,2668
25234.710693359375,2646
25235.708236694336,2654
25236.706018447876,2680
25237.70308494568,2678
25238.699913024902,2682
25239.697456359863,2646
25240.694522857666,2678
25241.692066192627,2622
25242.689609527588,2606
25243.68667602539,2582
25244.683980941772,2606
25245.681524276733,2590
25246.678829193115,2602
25247.676134109497,2602
25248.6732006073,2610
25249.67074394226,2586
25250.668048858643,2606
25251.665830612183,2622
25252.662897109985,2608
25253.660202026367,2602
25254.65726852417,2610
25255.65457344055,2602
25256.652116775513,2582
25257.649421691895,2618
25258.646726608276,2630
25259.64379310608,2634
25260.64133644104,2632
25261.638879776,2654
25262.635946273804,2614
25263.633489608765,2662
25264.630556106567,2650
25265.62809944153,2650
25266.62516593933,2670
25267.62890815735,2662
25268.620014190674,2636
25269.617319107056,2646
25270.614862442017,2662
25271.6121673584,2662
25272.60947227478,2704
25273.606538772583,2682
25274.604082107544,2702
25275.601387023926,2662
25276.59845352173,2642
25277.59623527527,2630
25278.59330177307,2610
25279.590606689453,2590
25280.588150024414,2586
25281.585693359375,2570
25282.582759857178,2610
25283.58006477356,2622
25284.57736968994,2632
25285.574674606323,2610
25286.571979522705,2678
25287.569522857666,2674
25288.566827774048,2686
25289.56413269043,2638
25290.561199188232,2590
25291.558980941772,2610
25292.556047439575,2636
25293.553352355957,2638
25294.550895690918,2680
25295.5482006073,2678
25296.545267105103,2654
25298.5417842865,2678
25298.5417842865,2706
25299.566745758057,2738
25301.533699035645,2726
25301.533699035645,2678
25302.531003952026,2662
25303.556442260742,2638
25304.553508758545,2618
25305.550575256348,2616
25306.54811859131,2614
25307.54590034485,2638
25308.54296684265,2642
25309.540033340454,2652
25310.511350631714,2630
25311.534881591797,2662
25312.532424926758,2654
25313.52996826172,2654
25314.52703475952,2644
25315.524339675903,2594
25316.521406173706,2614
25318.488359451294,2610
25318.488359451294,2638
25319.514274597168,2622
25321.50888442993,2638
25322.51286506653,2654
25323.50254058838,2678
25324.471950531006,2682
25325.49786567688,2646
25326.493978500366,2638
25327.49104499817,2638
25328.492879867554,2632
25329.458236694336,2586
25330.456018447876,2602
25331.45236968994,2568
25332.45015144348,2598
25333.45866203308,2586
25334.445238113403,2610
25335.443019866943,2618
25336.439609527588,2614
25337.43715286255,2598
25338.433980941772,2630
25339.43200111389,2650
25340.429544448853,2664
25341.426372528076,2624
25342.424392700195,2638
25343.422412872314,2654
25344.4185256958,2678
25345.414876937866,2654
25346.41194343567,2666
25347.40948677063,2724
25348.406553268433,2704
25349.404096603394,2738
25350.401639938354,2778
25351.398944854736,2794
25352.396488189697,2674
25353.39403152466,2662
25354.39109802246,2642
25355.387926101685,2686
25356.385231018066,2662
25357.38253593445,2670
25358.38007926941,2666
25359.37738418579,2674
25360.374689102173,2638
25361.372232437134,2622
25362.369537353516,2604
25363.36660385132,2590
25364.36414718628,2576
25365.36145210266,2586
25366.358757019043,2570
25367.356061935425,2602
25368.353366851807,2604
25369.35067176819,2654
25370.34797668457,2638
25371.34552001953,2622
25372.342586517334,2666
25373.339891433716,2654
25374.337196350098,2698
25375.33473968506,2640
25376.33204460144,2616
25377.349853515625,2586
25378.326892852783,2606
25379.324197769165,2642
25380.321264266968,2638
25381.31880760193,2682
25382.31611251831,2666
25383.313417434692,2718
25384.310483932495,2674
25385.308265686035,2646
25386.305332183838,2618
25387.30263710022,2616
25388.2999420166,2594
25389.297485351562,2606
25390.294790267944,2616
25391.299724578857,2594
25392.289638519287,2610
25393.28694343567,2646
25394.28400993347,2634
25395.281314849854,2652
25396.278858184814,2642
25397.276163101196,2674
25398.273229599,2662
25399.27077293396,2686
25400.26807785034,2654
25401.265621185303,2646
25402.262687683105,2634
25403.259992599487,2668
25404.25729751587,2652
25405.25460243225,2670
25406.252145767212,2698
25407.249450683594,2678
25408.246755599976,2664
25409.244060516357,2670
25410.24136543274,2706
25411.23867034912,2670
25412.235975265503,2648
25413.233518600464,2630
25414.230823516846,2584
25415.22789001465,2598
25416.22519493103,2604
25417.22273826599,2614
25418.220043182373,2640
25419.217586517334,2586
25420.214414596558,2604
25421.212196350098,2622
25422.20950126648,2638
25423.206567764282,2614
25424.206733703613,2640
25425.201654434204,2638
25426.198720932007,2618
25427.196741104126,2640
25428.195476531982,2654
25429.190635681152,2670
25430.187940597534,2638
25431.185483932495,2656
25432.182550430298,2630
25433.17985534668,2618
25434.17716026306,2614
25435.177326202393,2578
25436.172008514404,2602
25437.17050552368,2586
25438.167333602905,2620
25439.164400100708,2610
25440.16170501709,2646
25441.15924835205,2610
25442.16275215149,2608
25443.167448043823,2600
25444.15044784546,2602
25445.156574249268,2586
25446.1452960968,2578
25447.142601013184,2578
25448.140144348145,2570
25449.137449264526,2578
25450.13475418091,2582
25451.13205909729,2574
25452.12960243225,2602
25453.129291534424,2634
25454.12588119507,2650
25455.12294769287,2670
25456.120252609253,2638
25457.117795944214,2634
25458.115100860596,2600
25459.112405776978,2646
25460.124254226685,2674
25461.10773086548,2634
25462.104320526123,2608
25463.101625442505,2606
25464.099168777466,2622
25465.09623527527,2650
25466.09377861023,2648
25467.090845108032,2642
25468.088388442993,2634
25469.085931777954,2650
25470.082998275757,2630
25471.081018447876,2618
25472.07760810852,2618
25473.074913024902,2636
25474.072217941284,2614
25475.069761276245,2634
25476.067066192627,2630
25477.06413269043,2666
25478.06191444397,2670
25479.058980941772,2674
25480.056285858154,2640
25481.054306030273,2656
25482.051134109497,2642
25483.04843902588,2622
25484.07483100891,2648
25485.076427459717,2602
25486.069202423096,2616
25487.071752548218,2630
25488.062620162964,2646
25489.059925079346,2662
25490.057706832886,2646
25491.055250167847,2650
25492.023468017578,2624
25493.05009841919,2642
25494.046688079834,2612
25495.04542350769,2618
25496.041774749756,2610
25497.039318084717,2606
25498.03614616394,2550
25499.033451080322,2582
25500.037670135498,2642
25500.999450683594,2670
25502.025842666626,2636
25503.023147583008,2666
25504.02045249939,2654
25505.025386810303,2666
25506.014347076416,2664
25507.012367248535,2646
25508.009672164917,2648
25509.00626182556,2650
25510.01000404358,2634
25510.97273826599,2646
25511.998653411865,2642
25512.996912002563,2654
25513.993740081787,2666
25514.963388442993,2674
25515.960216522217,2670
25516.957759857178,2618
25517.95506477356,2638
25518.95236968994,2650
25519.949913024902,2646
25520.946979522705,2636
25521.944522857666,2666
25522.94158935547,2654
25523.93913269043,2646
25524.936199188232,2650
25525.933504104614,2654
25526.931047439575,2678
25527.928352355957,2654
25528.92541885376,2618
25529.92272377014,2602
25530.921459197998,2590
25531.916618347168,2590
25532.915353775024,2576
25533.913373947144,2616
25534.908771514893,2590
25535.907745361328,2534
25536.933660507202,2554
25537.931203842163,2574
25538.92731666565,2622
25539.925813674927,2622
25540.92240333557,2550
25541.918992996216,2586
25542.916297912598,2610
25543.91384124756,2580
25544.9116230011,2574
25545.880794525146,2578
25546.87762260437,2582
25547.874212265015,2586
25548.871994018555,2614
25549.869537353516,2618
25550.86588859558,2582
25551.86438560486,2582
25552.86169052124,2582
25553.858280181885,2616
25554.855823516846,2586
25555.853128433228,2614
25556.850910186768,2646
25557.84797668457,2674
25558.845281600952,2700
25559.870958328247,2718
25560.8389377594,2702
25561.866521835327,2686
25562.861680984497,2742
25563.8587474823,2726
25564.85605239868,2704
25565.853357315063,2682
25566.851139068604,2706
25567.848920822144,2642
25568.845748901367,2602
25569.84305381775,2644
25570.84035873413,2624
25571.839570999146,2638
25572.834730148315,2678
25573.832511901855,2666
25574.82957839966,2662
25575.82688331604,2654
25576.7982006073,2654
25577.79335975647,2630
25578.79066467285,2638
25579.787969589233,2622
25580.785036087036,2618
25581.782817840576,2638
25582.780122756958,2654
25583.77718925476,2638
25584.77473258972,2666
25585.772037506104,2646
25586.769342422485,2698
25587.766408920288,2686
25588.76395225525,2702
25589.76125717163,2642
25590.758562088013,2622
25591.756105422974,2618
25592.782020568848,2634
25593.77908706665,2634
25594.776391983032,2662
25595.774173736572,2650
25596.771240234375,2646
25597.768306732178,2652
25598.77038002014,2674
25599.76315498352,2650
25600.761651992798,2674
25601.74512863159,2624
25602.755069732666,2602
25603.752374649048,2610
25604.748964309692,2634
25605.74722290039,2624
25606.744050979614,2654
25607.715129852295,2618
25608.710765838623,2686
25609.708070755005,2630
25610.705375671387,2634
25611.70268058777,2662
25612.69998550415,2686
25613.697290420532,2642
25614.694595336914,2610
25615.692138671875,2650
25616.689205169678,2596
25617.68651008606,2630
25618.68381500244,2646
25619.681358337402,2624
25620.678424835205,2608
25621.675968170166,2622
25622.675895690918,2630
25623.699188232422,2616
25624.696016311646,2602
25625.69308280945,2570
25626.691579818726,2554
25627.665519714355,2538
25628.68571281433,2552
25629.683256149292,2558
25630.68675994873,2590
25631.680727005005,2614
25632.675409317017,2610
25633.67247581482,2636
25634.669542312622,2600
25635.666847229004,2622
25636.664628982544,2638
25638.631343841553,2650
25638.631343841553,2642
25639.629364013672,2636
25640.626192092896,2630
25641.623973846436,2700
25642.621278762817,2662
25643.6185836792,2710
25644.615411758423,2670
25645.612478256226,2642
25646.610260009766,2674
25647.60732650757,2672
25648.60486984253,2680
25649.60241317749,2674
25650.599241256714,2662
25651.597499847412,2648
25652.594327926636,2678
25654.60515022278,2678
25654.60515022278,2622
25656.58402442932,2678
25657.581329345703,2680
25658.578634262085,2656
25659.576177597046,2676
25660.573959350586,2670
25660.573959350586,2638
25661.571741104126,2634
25662.56809234619,2598
25663.565635681152,2578
25664.562940597534,2578
25665.560245513916,2576
25666.557550430298,2550
25668.55239868164,2642
25668.55239868164,2666
25669.5499420166,2650
25670.547246932983,2666
25671.544790267944,2686
25672.54137992859,2686
25673.53892326355,2682
25674.53622817993,2666
25675.533533096313,2634
25676.530838012695,2636
25677.528381347656,2668
25678.52544784546,2674
25679.52275276184,2654
25681.51807785034,2678
25682.514905929565,2668
25683.511972427368,2686
25684.510231018066,2648
25685.50705909729,2654
25686.504125595093,2662
25687.501668930054,2650
25688.498973846436,2650
25689.496278762817,2622
25690.49334526062,2622
25691.49112701416,2666
25692.488193511963,2670
25693.485498428345,2702
25694.483041763306,2666
25695.480346679688,2618
25696.47765159607,2546
25697.474718093872,2584
25698.472261428833,2538
25699.469566345215,2478
25700.4656791687,2518
25701.462745666504,2510
25702.460050582886,2518
25703.457355499268,2574
25704.45466041565,2612
25705.451726913452,2598
25706.449031829834,2588
25707.446575164795,2634
25708.443880081177,2650
25709.44118499756,2670
25710.43872833252,2656
25711.4360332489,2674
25712.433099746704,2664
25713.430643081665,2672
25714.427947998047,2646
25715.42525291443,2648
25716.45164489746,2638
25717.448234558105,2674
25718.417644500732,2686
25719.444751739502,2666
25720.44038772583,2620
25721.438884735107,2614
25722.40710258484,2618
25723.432540893555,2614
25724.430322647095,2630
25725.427627563477,2638
25726.42493247986,2590
25727.421760559082,2596
25728.42025756836,2654
25729.416608810425,2674
25730.41319847107,2678
25731.38380050659,2682
25732.40900039673,2698
25733.40654373169,2718
25734.408140182495,2714
25735.41259765625,2668
25736.39750480652,2650
25737.366676330566,2622
25738.36398124695,2632
25739.36128616333,2648
25740.358352661133,2666
25741.356134414673,2670
25742.353439331055,2654
25743.350744247437,2664
25744.34804916382,2638
25745.3453540802,2586
25746.34861946106,2574
25747.339963912964,2594
25748.337507247925,2582
25749.334573745728,2576
25750.33187866211,2578
25751.32918357849,2602
25752.326726913452,2650
25753.323793411255,2676
25754.321098327637,2676
25755.318641662598,2682
25756.3157081604,2684
25757.31325149536,2710
25758.310556411743,2682
25759.308099746704,2706
25760.305166244507,2674
25761.302709579468,2654
25762.30025291443,2638
25763.29731941223,2672
25764.294624328613,2670
25765.291690826416,2668
25766.289234161377,2702
25767.287015914917,2678
25768.28408241272,2698
25769.28162574768,2726
25770.278692245483,2734
25771.275997161865,2682
25772.273302078247,2660
25773.270845413208,2604
25774.26791191101,2630
25775.265216827393,2646
25776.262760162354,2640
25777.260065078735,2622
25778.257369995117,2650
25779.25443649292,2670
25780.25197982788,2640
25781.24976158142,2640
25782.246828079224,2630
25783.244132995605,2630
25784.24119949341,2638
25785.23874282837,2642
25786.235809326172,2606
25787.233352661133,2610
25788.230657577515,2646
25789.227962493896,2666
25790.225505828857,2664
25791.22281074524,2650
25792.227506637573,2630
25793.217182159424,2634
25794.214725494385,2606
25795.212030410767,2574
25796.20933532715,2578
25797.20687866211,2568
25798.203945159912,2584
25799.201250076294,2596
25800.198554992676,2582
25801.196098327637,2558
25802.193641662598,2630
25803.19046974182,2666
25804.18825149536,2654
25805.185556411743,2638
25806.182622909546,2642
25807.182788848877,2682
25808.17937850952,2630
25809.176683425903,2646
25810.173988342285,2654
25811.171531677246,2662
25812.169551849365,2710
25813.166618347168,2678
25814.16344642639,2742
25815.160512924194,2666
25816.158056259155,2702
25817.155122756958,2706
25818.15218925476,2678
25819.14973258972,2642
25820.147037506104,2650
25821.144580841064,2638
25822.142601013184,2634
25823.139429092407,2646
25824.13673400879,2622
25825.13427734375,2646
25826.131105422974,2650
25827.128648757935,2672
25828.13048362732,2672
25829.1232585907,2674
25830.12080192566,2668
25831.1185836792,2678
25832.115411758423,2666
25833.112716674805,2670
25834.110498428345,2706
25835.107803344727,2718
25836.10463142395,2714
25837.366104125977,2772
25838.401556015015,2780
25839.43247795105,2782
25840.429544448853,2794
25841.426134109497,2748
25842.395305633545,2730
25843.40500831604,2732
25844.41828727722,2742
25845.415115356445,2734
25846.412181854248,2714
25847.410202026367,2706
25848.40679168701,2734
25849.40481185913,2738
25850.40235519409,2760
25851.399421691895,2714
25852.396488189697,2710
25853.365421295166,2730
25854.362726211548,2666
25855.35979270935,2646
25856.35733604431,2610
25857.354402542114,2634
25858.351945877075,2644
25859.349250793457,2600
25860.34631729126,2602
25861.3440990448,2610
25862.34164237976,2638
25863.338708877563,2634
25864.335775375366,2642
25865.333318710327,2602
25866.33062362671,2578
25867.32792854309,2634
25868.325233459473,2630
25869.329929351807,2684
25870.347261428833,2678
25871.34552001953,2674
25872.34139442444,2766
25873.346090316772,2750
25874.33695793152,2774
25875.33402442932,2750
25876.331329345703,2774
25877.30836868286,2750
25878.297805786133,2798
25879.294872283936,2736
25880.292654037476,2714
25881.290197372437,2678
25882.28678703308,2710
25883.2848072052,2666
25884.28235054016,2674
25885.278463363647,2654
25886.277437210083,2646
25887.27378845215,2630
25888.27085494995,2646
25889.268398284912,2642
25890.266180038452,2598
25891.263246536255,2578
25892.260789871216,2614
25893.258094787598,2650
25894.255876541138,2670
25895.25318145752,2668
25896.249532699585,2678
25897.247076034546,2678
25898.244380950928,2708
25899.242162704468,2712
25900.23946762085,2682
25901.236534118652,2674
25902.23455429077,2670
25903.231382369995,2684
25904.228448867798,2654
25905.226469039917,2666
25906.22305870056,2682
25907.219409942627,2670
25908.21647644043,2706
25909.215211868286,2678
25910.212755203247,2702
25911.210298538208,2706
25912.20760345459,2714
25913.204431533813,2704
25914.201498031616,2646
25915.19784927368,2654
25916.197299957275,2654
25917.194843292236,2664
25918.19190979004,2686
25919.18969154358,2674
25920.186519622803,2668
25921.184062957764,2678
25922.181606292725,2712
25923.178911209106,2734
25924.17597770691,2758
25925.17328262329,2714
25926.170587539673,2698
25927.167654037476,2686
25928.165674209595,2714
25929.162979125977,2710
25930.1598072052,2702
25931.155920028687,2714
25932.15560913086,2678
25933.1533908844,2714
25934.17716026306,2748
25935.144901275635,2734
25936.177968978882,2686
25937.168836593628,2662
25938.166618347168,2654
25939.163208007812,2616
25940.13285636902,2624
25941.158294677734,2616
25942.156076431274,2600
25943.15505027771,2634
25944.12136077881,2640
25945.120334625244,2620
25946.117639541626,2630
25947.11422920227,2606
25948.111534118652,2610
25949.109077453613,2646
25950.106859207153,2614
25951.104164123535,2598
25952.101945877075,2522
25953.099012374878,2582
25954.0958404541,2602
25955.09386062622,2598
25956.090450286865,2646
25957.087755203247,2646
25958.085298538208,2650
25959.08284187317,2666
25960.08038520813,2654
25961.076021194458,2676
25962.072610855103,2618
25963.069915771484,2646
25964.067220687866,2618
25965.065002441406,2602
25966.062307357788,2624
25967.05937385559,2630
25968.059539794922,2638
25969.056844711304,2662
25970.053672790527,2698
25971.05097770691,2652
25972.04899787903,2716
25973.04630279541,2682
25974.042654037476,2678
25975.03924369812,2686
25976.03678703308,2630
25977.061986923218,2642
25978.059768676758,2670
25979.028463363647,2682
25980.05437850952,2702
25981.022119522095,2726
25982.048749923706,2702
25983.04557800293,2710
25984.04335975647,2740
25985.04137992859,2706
25986.0098361969,2672
25987.035036087036,2652
25988.033533096313,2664
25989.02988433838,2638
25990.02718925476,2670
25991.01209640503,2648
25992.022275924683,2680
25993.019580841064,2654
25993.987321853638,2642
25995.014667510986,2640
25996.01173400879,2642
25997.00880050659,2638
25998.006343841553,2638
25999.003648757935,2614
26000.00047683716,2586
26000.999450683594,2582
26001.968383789062,2576
26002.992868423462,2610
26003.99112701416,2606
26004.987716674805,2598
26005.985021591187,2602
26006.98161125183,2646
26007.959127426147,2644
26008.967638015747,2618
26009.979724884033,2610
26010.95986366272,2602
26011.967420578003,2612
26012.964248657227,2658
26013.96632194519,2668
26014.96148109436,2706
26015.957832336426,2742
26016.956090927124,2746
26017.956256866455,2762
26018.95046234131,2774
26019.947290420532,2706
26020.947217941284,2714
26021.94309234619,2710
26022.912740707397,2674
26023.937225341797,2634
26024.942874908447,2650
26025.932788848877,2646
26026.90076828003,2678
26027.928590774536,2710
26028.924226760864,2670
26029.92272377014,2664
26030.88927268982,2606
26031.887769699097,2614
26032.91416168213,2574
26033.908367156982,2550
26034.90900993347,2518
26035.905599594116,2470
26036.8754863739,2502
26037.901639938354,2520
26038.89775276184,2542
26039.896488189697,2570
26040.891885757446,2670
26041.889905929565,2642
26042.886972427368,2650
26043.88451576233,2650
26044.889450073242,2662
26045.879125595093,2630
26046.876192092896,2630
26047.873973846436,2636
26048.876762390137,2640
26049.874544143677,2616
26050.86612701416,2630
26051.833152770996,2650
26052.831172943115,2650
26053.85732650757,2648
26054.82769012451,2610
26055.822610855103,2622
26056.819677352905,2606
26057.816743850708,2608
26058.81404876709,2602
26059.81159210205,2582
26060.808897018433,2578
26061.805963516235,2606
26062.803506851196,2644
26063.800811767578,2682
26064.800024032593,2698
26065.797328948975,2702
26066.795825958252,2706
26067.79193878174,2748
26068.788766860962,2726
26069.785118103027,2724
26070.78194618225,2706
26071.779251098633,2618
26072.781562805176,2580
26073.776483535767,2570
26074.77355003357,2578
26075.76894760132,2586
26076.768159866333,2624
26077.765226364136,2682
26078.76229286194,2682
26079.7598361969,2682
26080.75714111328,2684
26081.753492355347,2712
26082.751750946045,2686
26084.75685119629,2682
26084.75685119629,2650
26086.74168586731,2608
26086.74168586731,2642
26087.77403831482,2618
26088.76395225525,2602
26089.76149559021,2578
26090.75951576233,2574
26091.756105422974,2522
26092.753887176514,2534
26093.750715255737,2522
26094.74754333496,2510
26095.71671485901,2552
26096.71401977539,2526
26097.711086273193,2574
26098.708152770996,2610
26099.705457687378,2646
26100.704193115234,2644
26101.699829101562,2684
26102.698802947998,2654
26103.694438934326,2666
26104.69341278076,2630
26105.690479278564,2614
26106.687784194946,2602
26107.685327529907,2592
26108.68263244629,2582
26109.68017578125,2540
26110.677242279053,2550
26111.674785614014,2552
26112.672567367554,2582
26113.669395446777,2578
26114.66646194458,2578
26115.663766860962,2556
26116.661310195923,2616
26117.658615112305,2610
26118.655681610107,2642
26119.65274810791,2634
26120.648622512817,2634
26121.6459274292,2618
26122.64323234558,2634
26123.640298843384,2638
26124.637603759766,2670
26125.635147094727,2678
26126.63245201111,2654
26127.62975692749,2670
26128.627061843872,2634
26129.624366760254,2620
26130.621433258057,2634
26131.619215011597,2622
26132.61651992798,2614
26133.61382484436,2578
26134.611129760742,2570
26135.608673095703,2586
26136.605739593506,2650
26137.603044509888,2662
26138.60011100769,2672
26139.59765434265,2642
26141.592502593994,2582
26142.589807510376,2582
26142.589807510376,2550
26144.58417892456,2586
26145.581483840942,2542
26145.581483840942,2510
26146.608591079712,2510
26147.605419158936,2546
26148.602962493896,2576
26149.603366851807,2586
26150.598764419556,2646
26151.5953540802,2598
26152.59313583374,2614
26153.589725494385,2610
26154.586791992188,2628
26155.58433532715,2598
26156.58164024353,2596
26157.57942199707,2576
26158.576726913452,2586
26159.573793411255,2602
26160.545349121094,2614
26162.53662109375,2622
26163.53416442871,2646
26164.531230926514,2650
26165.528535842896,2648
26166.525840759277,2622
26167.52338409424,2604
26168.53380203247,2642
26169.517755508423,2664
26170.515298843384,2670
26171.512603759766,2672
26172.50967025757,2662
26173.50697517395,2682
26174.50475692749,2724
26175.501585006714,2680
26176.499128341675,2662
26177.496671676636,2650
26178.547382354736,2638
26179.53658103943,2622
26180.53960800171,2638
26181.521892547607,2618
26182.54280090332,2610
26183.53295326233,2618
26184.53550338745,2588
26185.51230430603,2586
26186.511516571045,2604
26187.47043609619,2634
26188.4765625,2624
26189.47458267212,2634
26190.4616355896,2608
26191.45941734314,2586
26192.456483840942,2632
26193.454265594482,2612
26194.45276260376,2610
26195.451021194458,2586
26196.44784927368,2578
26197.449445724487,2638
26198.442220687866,2636
26199.439764022827,2646
26200.43683052063,2666
26201.43485069275,2654
26202.431440353394,2648
26203.42755317688,2650
26204.42509651184,2640
26205.422163009644,2620
26206.418991088867,2654
26207.41629600525,2654
26208.41646194458,2662
26209.412813186646,2634
26210.40987968445,2680
26211.407899856567,2634
26212.404489517212,2666
26213.401794433594,2642
26214.399337768555,2634
26215.396642684937,2598
26216.39394760132,2554
26217.3912525177,2558
26218.389749526978,2596
26219.385862350464,2536
26220.382928848267,2594
26221.38023376465,2636
26222.37801551819,2596
26223.37532043457,2622
26224.371194839478,2622
26225.396394729614,2590
26226.394176483154,2578
26227.391242980957,2574
26228.38854789734,2554
26229.38632965088,2574
26230.38363456726,2586
26231.380462646484,2586
26232.34987258911,2606
26233.375310897827,2604
26234.37261581421,2614
26235.368967056274,2654
26236.366748809814,2642
26237.367868423462,2638
26238.36088180542,2642
26239.35842514038,2630
26240.3564453125,2614
26241.326093673706,2614
26242.353439331055,2642
26243.348360061646,2650
26244.346857070923,2666
26245.342016220093,2682
26246.34027481079,2670
26247.337102890015,2710
26248.335123062134,2682
26249.332189559937,2642
26250.33187866211,2620
26251.328945159912,2556
26252.323627471924,2576
26253.320455551147,2578
26254.318952560425,2594
26255.290985107422,2586
26256.287813186646,2578
26257.28487968445,2622
26258.28218460083,2630
26259.279251098633,2632
26260.276794433594,2640
26261.273860931396,2646
26262.271404266357,2650
26263.26870918274,2642
26264.26601409912,2614
26265.263080596924,2590
26266.260385513306,2602
26267.257928848267,2586
26268.25523376465,2570
26269.25230026245,2578
26270.25032043457,2552
26271.247386932373,2582
26272.244453430176,2602
26273.241758346558,2602
26274.23930168152,2618
26275.23636817932,2586
26276.233911514282,2602
26277.231454849243,2586
26278.228521347046,2596
26279.225826263428,2618
26280.22313117981,2618
26281.22043609619,2614
26282.217979431152,2618
26283.215045928955,2634
26284.212827682495,2672
26285.210132598877,2670
26286.235570907593,2682
26287.232160568237,2598
26288.230180740356,2622
26289.22724723816,2638
26290.224313735962,2662
26291.221618652344,2646
26292.218923568726,2644
26293.217420578003,2636
26294.21353340149,2662
26295.211791992188,2652
26296.208143234253,2632
26297.206163406372,2652
26298.20418357849,2622
26299.200773239136,2598
26300.19783973694,2602
26301.19514465332,2584
26302.19268798828,2618
26303.19333076477,2622
26304.187297821045,2642
26305.184364318848,2638
26306.18166923523,2618
26307.178735733032,2646
26308.175802230835,2646
26309.173822402954,2686
26310.14323234558,2654
26311.169624328613,2624
26312.1657371521,2614
26313.16566467285,2602
26314.16630744934,2586
26315.157651901245,2558
26316.155433654785,2574
26317.152500152588,2574
26318.15004348755,2580
26319.166898727417,2588
26320.14489173889,2612
26321.166276931763,2608
26322.169303894043,2618
26323.13632965088,2598
26324.164867401123,2598
26325.130939483643,2578
26326.1296749115,2602
26327.126026153564,2582
26328.123807907104,2584
26329.12015914917,2574
26330.121517181396,2578
26331.122159957886,2590
26332.08441734314,2606
26333.10842514038,2606
26334.10620689392,2588
26335.07537841797,2584
26336.100816726685,2574
26337.10289001465,2602
26338.09518814087,2608
26339.09296989441,2602
26340.089797973633,2654
26341.05920791626,2678
26342.08607673645,2698
26343.085765838623,2706
26344.07901763916,2706
26345.07656097412,2710
26346.073865890503,2684
26347.071170806885,2650
26348.050355911255,2642
26349.039793014526,2622
26350.03662109375,2578
26351.03416442871,2544
26352.03218460083,2558
26353.029489517212,2594
26354.026794433594,2550
26355.023860931396,2550
26356.021404266357,2526
26357.01870918274,2552
26358.01601409912,2546
26359.013319015503,2518
26360.03041267395,2506
26361.007928848267,2454
26362.00475692749,2474
26363.002061843872,2454
26363.999605178833,2488
26365.005254745483,2492
26365.994691848755,2518
26366.991758346558,2502
26367.98930168152,2506
26368.987321853638,2538
26369.98414993286,2540
26370.981693267822,2526
26371.978759765625,2518
26372.976064682007,2522
26373.97313117981,2510
26374.97067451477,2544
26375.967979431152,2554
26376.965284347534,2582
26377.962827682495,2574
26378.95917892456,2606
26379.95672225952,2602
26380.954265594482,2606
26381.951093673706,2602
26382.949352264404,2610
26383.975505828857,2614
26384.94324684143,2622
26385.9920501709,2638
26386.966705322266,2644
26387.964248657227,2662
26388.96107673645,2706
26389.958381652832,2678
26390.95687866211,2654
26391.925811767578,2652
26392.970323562622,2640
26393.94736289978,2622
26394.944190979004,2638
26395.966053009033,2632
26396.940231323242,2608
26397.937774658203,2590
26398.93341064453,2630
26399.930715560913,2610
26400.901794433594,2610
26401.896715164185,2616
26402.924299240112,2594
26403.921842575073,2602
26404.918432235718,2586
26405.916452407837,2598
26406.912326812744,2550
26407.910585403442,2586
26408.90860557556,2570
26409.877061843872,2522
26410.874128341675,2522
26411.871671676636,2558
26412.86826133728,2554
26413.86580467224,2590
26414.863109588623,2602
26415.860652923584,2552
26416.857957839966,2598
26417.855262756348,2546
26418.85256767273,2574
26419.84987258911,2518
26420.84765434265,2526
26421.844482421875,2552
26422.842025756836,2546
26423.839330673218,2574
26424.83639717102,2574
26425.83417892456,2614
26426.83219909668,2624
26427.82950401306,2632
26428.826093673706,2598
26429.82316017151,2620
26430.82046508789,2608
26431.81800842285,2612
26432.815551757812,2542
26433.812379837036,2582
26434.809923171997,2554
26435.80722808838,2606
26436.80453300476,2578
26437.801837921143,2638
26438.79985809326,2658
26439.796686172485,2618
26440.812826156616,2582
26441.790103912354,2548
26442.787170410156,2608
26443.78423690796,2610
26444.78154182434,2558
26445.778846740723,2558
26446.776151657104,2578
26447.773694992065,2558
26448.770999908447,2606
26449.76830482483,2612
26450.76584815979,2610
26451.76339149475,2608
26452.760219573975,2610
26453.757524490356,2526
26454.75482940674,2554
26455.7523727417,2536
26456.74967765808,2576
26457.746982574463,2558
26458.744287490845,2548
26459.741592407227,2534
26460.739135742188,2620
26461.73667907715,2598
26462.73374557495,2584
26463.731050491333,2558
26464.728593826294,2542
26465.725421905518,2538
26466.7227268219,2546
26467.72027015686,2610
26468.717575073242,2582
26469.714879989624,2554
26470.712423324585,2528
26471.712350845337,2586
26472.708702087402,2578
26473.706245422363,2638
26474.703073501587,2612
26475.70037841797,2586
26476.717472076416,2622
26477.69522666931,2602
26478.692531585693,2590
26479.690074920654,2554
26480.687141418457,2584
26481.68444633484,2588
26482.68175125122,2598
26483.67929458618,2622
26484.676837921143,2630
26485.673904418945,2618
26486.671447753906,2622
26487.698793411255,2610
26488.693475723267,2598
26489.691019058228,2548
26490.670442581177,2550
26491.673231124878,2570
26492.68341064453,2558
26493.654251098633,2586
26494.67897415161,2580
26495.68200111389,2590
26496.644258499146,2614
26497.674703598022,2638
26498.671531677246,2646
26499.664545059204,2664
26500.661849975586,2602
26501.661777496338,2582
26502.657651901245,2582
26503.6563873291,2602
26504.621982574463,2582
26505.619049072266,2552
26506.61611557007,2548
26507.61342048645,2596
26508.610725402832,2598
26509.608268737793,2642
26510.605573654175,2650
26511.602878570557,2618
26512.600421905518,2570
26513.59748840332,2526
26514.594793319702,2550
26515.592098236084,2554
26516.589641571045,2602
26517.586946487427,2618
26518.58425140381,2546
26519.58155632019,2586
26520.578861236572,2606
26521.576166152954,2642
26522.573471069336,2642
26523.571014404297,2622
26524.5680809021,2646
26525.56538581848,2622
26526.562929153442,2578
26527.560234069824,2602
26528.557538986206,2642
26529.554843902588,2582
26530.55214881897,2582
26531.54945373535,2590
26532.546997070312,2598
26533.544540405273,2586
26534.541606903076,2596
26535.538911819458,2554
26536.53597831726,2542
26537.53352165222,2500
26538.530826568604,2514
26539.527893066406,2522
26541.522979736328,2518
26541.522979736328,2542
26543.517351150513,2542
26544.514894485474,2598
26545.512199401855,2622
26546.509504318237,2666
26547.50657081604,2666
26548.504114151,2666
26549.50451850891,2670
26550.500869750977,2728
26551.498413085938,2632
26552.49524116516,2668
26553.492546081543,2674
26554.489850997925,2662
26555.487155914307,2650
26556.484699249268,2638
26557.48176574707,2654
26558.479070663452,2672
26559.476375579834,2686
26560.473918914795,2666
26561.471223831177,2638
26562.46852874756,2582
26563.46607208252,2610
26564.46361541748,2550
26565.460443496704,2578
26566.457748413086,2558
26567.455291748047,2554
26568.45259666443,2558
26569.44966316223,2546
26570.447206497192,2558
26571.444749832153,2582
26572.441816329956,2558
26573.439598083496,2558
26574.43642616272,2510
26575.4337310791,2490
26576.431035995483,2456
26577.428579330444,2488
26578.425884246826,2502
26579.421758651733,2506
26580.418825149536,2488
26581.416130065918,2480
26582.41367340088,2538
26583.41097831726,2508
26584.408044815063,2536
26585.405588150024,2520
26586.402893066406,2498
26587.400197982788,2492
26588.39750289917,2510
26589.394569396973,2518
26590.392112731934,2546
26591.389417648315,2598
26592.386722564697,2618
26593.384504318237,2634
26594.38157081604,2632
26595.381259918213,2680
26596.377849578857,2650
26597.37491607666,2734
26598.3726978302,2670
26599.369764328003,2652
26600.366830825806,2664
26601.364374160767,2670
26602.361917495728,2726
26603.35898399353,2770
26604.356288909912,2774
26605.353832244873,2796
26606.351137161255,2758
26607.348442077637,2746
26608.34574699402,2740
26609.3430519104,2722
26610.34059524536,2678
26611.336708068848,2606
26612.36310005188,2574
26613.359928131104,2574
26614.357471466064,2550
26615.354537963867,2526
26616.352796554565,2502
26617.349863052368,2518
26618.347883224487,2552
26619.344234466553,2538
26620.341539382935,2602
26621.338844299316,2598
26622.307538986206,2550
26623.334169387817,2550
26624.330759048462,2534
26625.328540802002,2512
26626.298904418945,2550
26627.322912216187,2580
26628.32021713257,2606
26629.31752204895,2618
26630.31554222107,2606
26631.312131881714,2572
26632.309913635254,2602
26633.307456970215,2554
26634.304523468018,2548
26635.30158996582,2556
26636.298894882202,2512
26637.29691505432,2540
26638.293743133545,2514
26639.293909072876,2582
26640.289068222046,2586
26641.286611557007,2604
26642.282724380493,2610
26643.280029296875,2606
26644.278287887573,2576
26645.275115966797,2598
26646.27242088318,2622
26647.26972579956,2528
26648.268461227417,2528
26649.270057678223,2526
26650.261640548706,2542
26651.23200416565,2542
26652.228593826294,2586
26653.25403213501,2558
26654.250860214233,2574
26655.248165130615,2558
26656.245231628418,2568
26657.241582870483,2544
26658.23984146118,2574
26659.237384796143,2552
26660.208463668823,2614
26661.231756210327,2570
26662.22858428955,2582
26663.22612762451,2608
26664.225339889526,2682
26665.223121643066,2632
26666.218757629395,2630
26667.215585708618,2650
26668.21265220642,2658
26669.21091079712,2672
26670.210361480713,2638
26671.204566955566,2638
26672.176122665405,2602
26673.201322555542,2614
26674.19719696045,2612
26675.193309783936,2636
26676.1953830719,2642
26677.189588546753,2670
26678.192377090454,2648
26679.1832447052,2678
26680.1860332489,2654
26681.180000305176,2646
26682.180404663086,2604
26683.178663253784,2610
26684.178352355957,2586
26685.139894485474,2538
26686.168909072876,2532
26687.167167663574,2584
26688.132524490356,2576
26689.12935256958,2580
26690.12689590454,2598
26691.124439239502,2524
26692.121505737305,2550
26693.119049072266,2542
26694.116592407227,2554
26695.11389732361,2522
26696.11120223999,2498
26697.108507156372,2490
26698.105812072754,2510
26699.102878570557,2542
26700.100421905518,2542
26701.0977268219,2550
26702.09503173828,2552
26703.0930519104,2590
26704.089879989624,2598
26705.087184906006,2642
26706.08425140381,2552
26707.08179473877,2550
26708.07909965515,2536
26709.076404571533,2542
26710.074186325073,2514
26711.071252822876,2542
26712.06831932068,2536
26713.066339492798,2546
26714.06316757202,2586
26715.060472488403,2616
26716.057777404785,2586
26717.055320739746,2578
26718.05238723755,2570
26719.05016899109,2588
26720.046997070312,2558
26721.044540405273,2526
26722.041845321655,2552
26723.039388656616,2552
26724.036693572998,2598
26725.0337600708,2586
26726.031064987183,2614
26727.028369903564,2602
26728.025913238525,2630
26729.023218154907,2584
26730.02028465271,2608
26731.01830482483,2586
26732.015132904053,2574
26733.012914657593,2554
26734.009742736816,2598
26735.034465789795,2590
26736.03129386902,2578
26737.03408241272,2634
26738.025903701782,2648
26739.023208618164,2636
26740.020751953125,2646
26741.019248962402,2630
26742.019414901733,2660
26743.01242828369,2622
26744.009971618652,2622
26745.007514953613,2608
26746.004819869995,2582
26747.001886367798,2598
26747.99942970276,2586
26748.99649620056,2604
26749.994039535522,2610
26750.99778175354,2602
26751.988887786865,2574
26752.986431121826,2582
26753.98302078247,2582
26754.98056411743,2550
26755.977869033813,2550
26756.980419158936,2552
26757.973670959473,2526
26758.970260620117,2522
26759.96732711792,2554
26760.97083091736,2546
26761.961698532104,2580
26762.959718704224,2570
26763.957023620605,2570
26764.954566955566,2574
26765.950918197632,2572
26766.952514648438,2570
26767.947912216187,2546
26768.94497871399,2550
26769.941806793213,2552
26770.94030380249,2574
26771.937608718872,2610
26772.93372154236,2614
26773.93078804016,2646
26774.928331375122,2638
26775.92706680298,2622
26776.893854141235,2646
26777.91976928711,2604
26778.918504714966,2618
26779.91509437561,2644
26780.927181243896,2610
26781.909704208374,2614
26782.90843963623,2650
26783.905744552612,2654
26784.9018573761,2650
26785.900354385376,2668
26786.89742088318,2674
26787.898302078247,2654
26788.891792297363,2632
26789.889097213745,2590
26790.887355804443,2586
26791.88585281372,2604
26792.881727218628,2580
26793.87927055359,2586
26794.877290725708,2568
26795.873165130615,2586
26796.87476158142,2620
26797.868490219116,2618
26798.86531829834,2606
26799.86310005188,2598
26800.860166549683,2586
26801.828622817993,2606
26802.855253219604,2576
26803.852558135986,2612
26804.85486984253,2556
26805.84669113159,2582
26806.843996047974,2606
26807.841539382935,2606
26808.839082717896,2576
26809.841632843018,2582
26810.8332157135,2664
26811.80214881897,2660
26812.827825546265,2654
26813.825607299805,2632
26814.822673797607,2634
26815.82021713257,2622
26816.81776046753,2648
26817.814588546753,2638
26818.811893463135,2646
26819.81658935547,2604
26820.77693939209,2650
26821.80404663086,2654
26822.80158996582,2686
26823.798418045044,2654
26824.796199798584,2682
26825.793504714966,2608
26826.7605304718,2634
26827.78811454773,2648
26828.78828048706,2654
26829.782962799072,2598
26830.770254135132,2602
26831.749439239502,2600
26832.744598388672,2602
26833.771467208862,2618
26834.768533706665,2634
26835.76536178589,2646
26836.76314353943,2576
26837.76021003723,2586
26838.757514953613,2602
26839.755535125732,2604
26840.757608413696,2584
26841.750621795654,2576
26842.71788597107,2578
26843.714714050293,2576
26844.712257385254,2574
26845.709323883057,2578
26846.70662879944,2602
26847.7041721344,2584
26848.70147705078,2540
26849.687337875366,2518
26850.691556930542,2554
26851.694583892822,2550
26852.68783569336,2568
26853.684902191162,2554
26854.682445526123,2546
26855.679750442505,2546
26856.677055358887,2574
26857.67412185669,2628
26858.672380447388,2630
26859.66920852661,2616
26860.666275024414,2608
26861.664056777954,2582
26862.661123275757,2602
26863.65842819214,2596
26864.6559715271,2582
26865.653038024902,2576
26866.650342941284,2598
26867.647647857666,2570
26868.645191192627,2606
26869.64249610901,2650
26870.63956260681,2606
26871.63758277893,2606
26872.634410858154,2542
26873.65961074829,2550
26874.65739250183,2568
26875.65541267395,2572
26876.652002334595,2554
26877.649545669556,2596
26878.64923477173,2550
26879.64415550232,2572
26880.642890930176,2588
26881.638765335083,2632
26882.636308670044,2638
26883.633136749268,2622
26885.603189468384,2610
26886.604070663452,2606
26887.596368789673,2582
26888.59534263611,2556
26889.59050178528,2574
26889.59050178528,2590
26890.58780670166,2570
26892.582893371582,2544
26893.59474182129,2578
26893.59474182129,2604
26894.577503204346,2630
26895.575046539307,2620
26896.57211303711,2558
26897.569179534912,2570
26898.566722869873,2546
26899.564027786255,2542
26900.561332702637,2552
26901.559352874756,2552
26902.55641937256,2574
26903.553247451782,2574
26904.54936027527,2586
26905.54642677307,2574
26906.543970108032,2616
26907.541275024414,2630
26908.538341522217,2594
26909.5356464386,2614
26911.53073310852,2578
26911.53073310852,2618
26912.527799606323,2574
26913.525104522705,2590
26914.522409439087,2600
26915.51971435547,2602
26916.51701927185,2574
26918.511867523193,2642
26919.509172439575,2622
26920.506477355957,2672
26921.50378227234,2614
26922.50108718872,2576
26923.498153686523,2546
26924.495935440063,2544
26925.493001937866,2588
26926.490306854248,2570
26927.48785018921,2542
26928.48515510559,2518
26929.482460021973,2522
26930.479764938354,2518
26931.477069854736,2526
26932.474374771118,2526
26933.4716796875,2514
26934.46946144104,2480
26935.466289520264,2470
26936.463832855225,2510
26937.460899353027,2544
26938.458681106567,2554
26939.45574760437,2608
26940.453052520752,2598
26941.450595855713,2650
26942.447662353516,2678
26943.444967269897,2638
26944.44227218628,2622
26945.43981552124,2578
26946.437120437622,2570
26947.434186935425,2506
26948.431968688965,2520
26949.429035186768,2518
26950.42657852173,2558
26951.42388343811,2522
26952.42142677307,2488
26953.418493270874,2494
26954.415798187256,2538
26955.413103103638,2526
26956.41040802002,2538
26957.4077129364,2536
26958.405017852783,2506
26959.402322769165,2502
26960.399866104126,2482
26961.397171020508,2506
26962.39471435547,2542
26963.39178085327,2582
26964.389085769653,2598
26965.389013290405,2582
26966.38584136963,2578
26967.38314628601,2608
26968.390703201294,2636
26969.378232955933,2644
26970.375061035156,2550
26971.372604370117,2538
26972.36967086792,2544
26973.366498947144,2548
26974.364042282104,2608
26975.361585617065,2546
26976.358652114868,2558
26977.35595703125,2574
26978.35350036621,2586
26979.350566864014,2578
26980.351209640503,2594
26981.345653533936,2536
26982.342958450317,2538
26983.33978652954,2534
26984.337329864502,2506
26985.334634780884,2504
26986.332178115845,2522
26987.329483032227,2542
26988.32654953003,2542
26989.32409286499,2542
26990.321159362793,2558
26991.318941116333,2608
26992.316246032715,2670
26993.313312530518,2602
26994.3106174469,2574
26995.30792236328,2506
26996.30570411682,2522
26997.302770614624,2510
26998.300075531006,2538
26999.297380447388,2582
27000.29468536377,2586
27001.29199028015,2574
27002.289295196533,2606
27003.286838531494,2590
27004.284143447876,2618
27005.281448364258,2614
27006.27875328064,2602
27007.27605819702,2554
27008.273363113403,2530
27009.270429611206,2576
27010.267972946167,2524
27011.265754699707,2554
27012.26282119751,2578
27013.26012611389,2590
27014.257431030273,2598
27015.254735946655,2618
27016.252040863037,2608
27017.247915267944,2606
27018.245220184326,2574
27019.24228668213,2550
27020.23959159851,2514
27021.23713493347,2510
27022.234439849854,2534
27023.231744766235,2558
27024.228811264038,2554
27025.226354599,2546
27026.22365951538,2534
27027.223348617554,2558
27028.220176696777,2578
27029.21724319458,2622
27030.214548110962,2570
27031.211853027344,2550
27032.209634780884,2494
27033.206462860107,2526
27034.204244613647,2544
27035.20131111145,2578
27036.198616027832,2614
27037.195920944214,2596
27038.193464279175,2508
27039.190769195557,2642
27040.18807411194,2642
27041.18585586548,2606
27042.18316078186,2578
27043.179988861084,2570
27044.177293777466,2588
27045.174598693848,2584
27046.17214202881,2556
27047.16920852661,2586
27048.16699028015,2614
27049.164295196533,2606
27050.161600112915,2606
27051.158666610718,2614
27052.156448364258,2576
27053.15375328064,2614
27054.150819778442,2598
27055.148124694824,2526
27056.145191192627,2502
27057.14249610901,2486
27058.14027786255,2510
27059.13734436035,2570
27060.134887695312,2580
27061.132192611694,2558
27062.129497528076,2576
27063.126802444458,2558
27064.12410736084,2544
27065.121173858643,2514
27066.118717193604,2486
27067.116022109985,2518
27068.113088607788,2522
27069.110870361328,2580
27070.10793685913,2558
27071.105241775513,2618
27072.103023529053,2606
27073.100090026855,2604
27074.097633361816,2634
27075.09422302246,2610
27076.091527938843,2618
27077.089548110962,2614
27078.086376190186,2540
27079.083681106567,2568
27080.081462860107,2518
27081.07829093933,2512
27082.07631111145,2550
27083.073377609253,2556
27084.070444107056,2552
27085.068225860596,2614
27086.06505393982,2618
27087.06259727478,2662
27088.059663772583,2654
27089.056730270386,2618
27090.054035186768,2642
27091.05086326599,2640
27092.04912185669,2632
27093.046188354492,2650
27094.043970108032,2678
27095.041036605835,2668
27096.038103103638,2674
27097.03516960144,2654
27098.0327129364,2640
27099.030017852783,2610
27100.027561187744,2572
27101.02415084839,2510
27102.022409439087,2500
27103.01971435547,2454
27104.025840759277,2486
27105.014324188232,2484
27106.011152267456,2536
27107.008457183838,2538
27108.0060005188,2602
27109.00330543518,2666
27110.01443862915,2674
27110.99910736084,2664
27111.995935440063,2634
27112.993001937866,2652
27113.98983001709,2638
27114.98737335205,2610
27115.984678268433,2574
27116.981744766235,2550
27117.979049682617,2558
27118.977308273315,2554
27119.974374771118,2574
27120.97191810608,2602
27121.96922302246,2638
27122.966527938843,2640
27123.963117599487,2614
27124.96066093445,2620
27125.95796585083,2586
27126.955270767212,2600
27127.952575683594,2590
27128.950119018555,2570
27129.97555732727,2518
27130.972862243652,2486
27131.969451904297,2546
27132.96675682068,2522
27133.96430015564,2574
27134.961366653442,2634
27135.93029975891,2586
27136.927843093872,2598
27137.924909591675,2614
27138.922214508057,2632
27139.91951942444,2634
27140.9170627594,2634
27141.91436767578,2618
27142.911672592163,2560
27143.909215927124,2578
27144.906759262085,2520
27145.903825759888,2410
27146.90089225769,2520
27147.89843559265,2518
27148.895502090454,2502
27149.893045425415,2510
27150.890350341797,2576
27151.888132095337,2622
27152.88519859314,2650
27153.882265090942,2664
27154.879808425903,2678
27155.877113342285,2686
27156.874179840088,2742
27157.871961593628,2774
27158.86878967285,2766
27159.866094589233,2734
27160.881757736206,2726
27161.861419677734,2706
27162.858486175537,2678
27163.85579109192,2646
27164.85333442688,2618
27165.850400924683,2616
27166.847705841064,2612
27167.844772338867,2606
27168.842315673828,2584
27169.83962059021,2630
27170.83692550659,2582
27171.834468841553,2602
27172.831773757935,2550
27173.828840255737,2518
27174.82614517212,2514
27175.82368850708,2494
27176.820993423462,2522
27177.818298339844,2576
27178.815841674805,2552
27179.812908172607,2574
27180.81021308899,2606
27181.80751800537,2622
27182.805061340332,2602
27183.802366256714,2594
27184.799671173096,2582
27185.796976089478,2518
27186.79428100586,2546
27187.79158592224,2574
27188.788890838623,2598
27189.786434173584,2638
27190.783500671387,2642
27191.781282424927,2710
27192.808628082275,2742
27193.77636909485,2734
27194.80299949646,2698
27195.802450180054,2678
27196.797132492065,2630
27197.794914245605,2606
27198.79198074341,2580
27199.78928565979,2550
27200.759887695312,2502
27201.77125930786,2542
27202.782154083252,2526
27203.778505325317,2530
27204.77604866028,2482
27205.769062042236,2458
27206.769466400146,2424
27207.76677131653,2398
27208.763599395752,2342
27209.760665893555,2326
27211.000680923462,2290
27212.00728416443,2326
27213.009119033813,2386
27214.0052318573,2478
27215.001106262207,2570
27215.999841690063,2612
27216.996431350708,2638
27217.99373626709,2682
27218.99151802063,2746
27219.988584518433,2790
27220.986366271973,2802
27221.983671188354,2798
27222.981452941895,2762
27223.97780418396,2736
27224.9755859375,2742
27225.972652435303,2686
27226.970434188843,2642
27227.967262268066,2654
27228.96456718445,2638
27229.96234893799,2598
27230.95989227295,2606
27231.956958770752,2630
27232.954740524292,2606
27233.951330184937,2582
27234.948873519897,2554
27235.9459400177,2554
27236.943244934082,2634
27237.940788269043,2608
27238.938331604004,2596
27239.96353149414,2572
27240.962743759155,2574
27241.958379745483,2622
27242.95425415039,2666
27243.95203590393,2702
27244.949102401733,2670
27245.947122573853,2666
27246.943950653076,2686
27247.942447662354,2648
27248.93808364868,2606
27249.9361038208,2618
27250.932693481445,2590
27251.90258026123,2602
27252.927541732788,2634
27253.926753997803,2598
27254.923343658447,2546
27255.92017173767,2534
27256.890773773193,2504
27257.887840270996,2470
27258.8849067688,2460
27259.88245010376,2486
27260.8802318573,2444
27261.877059936523,2454
27262.874603271484,2494
27263.871669769287,2518
27264.869451522827,2554
27265.86675643921,2570
27266.86382293701,2544
27267.861127853394,2554
27268.858671188354,2558
27269.855737686157,2538
27270.85304260254,2502
27271.851539611816,2506
27272.84812927246,2506
27273.845195770264,2498
27274.842739105225,2558
27275.840044021606,2574
27276.83687210083,2554
27277.83441543579,2594
27278.831958770752,2638
27279.829263687134,2666
27280.826330184937,2674
27281.82363510132,2640
27282.82141685486,2650
27283.81848335266,2670
27284.815788269043,2646
27285.813331604004,2640
27286.810636520386,2662
27287.807941436768,2610
27288.805723190308,2550
27289.830923080444,2576
27290.80104827881,2582
27291.825771331787,2570
27292.795181274414,2570
27293.792247772217,2542
27294.817209243774,2490
27295.78685760498,2524
27296.783685684204,2510
27297.780513763428,2554
27298.77781867981,2554
27299.77583885193,2602
27300.772666931152,2618
27301.778078079224,2616
27302.767515182495,2662
27303.765535354614,2630
27304.762363433838,2616
27305.7599067688,2614
27306.75721168518,2646
27307.754516601562,2642
27308.751821517944,2646
27309.749364852905,2706
27310.746908187866,2706
27311.744213104248,2704
27312.74151802063,2730
27313.738584518433,2742
27314.735889434814,2706
27315.733194351196,2710
27316.730260849,2702
27317.72780418396,2662
27318.72510910034,2640
27319.75030899048,2638
27320.746660232544,2602
27321.743965148926,2602
27322.7436542511,2602
27323.73857498169,2596
27324.73587989807,2590
27325.733423233032,2602
27326.71809196472,2602
27327.728033065796,2594
27328.725576400757,2542
27329.72288131714,2526
27330.719709396362,2506
27331.68911933899,2478
27332.714557647705,2430
27333.711862564087,2430
27334.713459014893,2418
27335.70647239685,2410
27336.703777313232,2398
27337.701320648193,2426
27338.698387145996,2414
27339.695930480957,2410
27340.693473815918,2378
27341.662406921387,2410
27342.687845230103,2378
27343.685626983643,2390
27344.682455062866,2414
27345.679759979248,2454
27346.67706489563,2506
27347.67460823059,2538
27348.671674728394,2572
27349.669218063354,2608
27350.64458847046,2618
27351.637363433838,2654
27352.63466835022,2640
27353.63221168518,2666
27354.629039764404,2676
27355.626583099365,2614
27356.623888015747,2634
27357.62095451355,2666
27358.61825942993,2650
27359.615802764893,2678
27360.613107681274,2662
27361.611366271973,2630
27362.608432769775,2634
27363.605260849,2634
27364.6023273468,2622
27365.6005859375,2584
27366.597175598145,2614
27367.594480514526,2604
27368.59178543091,2602
27369.58909034729,2600
27370.58663368225,2636
27371.584177017212,2678
27372.581005096436,2670
27373.578548431396,2666
27374.57585334778,2668
27375.57315826416,2662
27376.5709400177,2678
27377.567768096924,2614
27378.565311431885,2618
27379.562377929688,2586
27380.58829307556,2572
27381.587028503418,2546
27382.582187652588,2606
27383.57973098755,2596
27384.58275794983,2586
27385.575532913208,2582
27386.571884155273,2578
27387.569427490234,2540
27388.566732406616,2558
27389.56356048584,2606
27390.56086540222,2550
27391.559600830078,2572
27393.524885177612,2526
27393.524885177612,2538
27394.554376602173,2574
27396.516799926758,2596
27397.513389587402,2622
27397.513389587402,2630
27399.537563323975,2642
27400.527715682983,2650
27401.50260925293,2666
27402.49991416931,2678
27403.496980667114,2678
27404.494285583496,2674
27405.4913520813,2676
27406.48889541626,2654
27407.48620033264,2654
27408.483505249023,2678
27409.481048583984,2622
27410.49313545227,2606
27411.475658416748,2600
27412.47272491455,2610
27413.47026824951,2574
27414.467573165894,2598
27415.464878082275,2606
27416.462182998657,2606
27417.45948791504,2592
27418.45679283142,2622
27419.454097747803,2648
27420.451641082764,2646
27421.448945999146,2666
27422.44601249695,2648
27423.44355583191,2648
27424.44086074829,2642
27425.438165664673,2638
27426.435232162476,2634
27427.433013916016,2642
27428.43008041382,2646
27429.4273853302,2618
27430.42492866516,2614
27431.422472000122,2614
27432.419776916504,2642
27433.423042297363,2620
27434.414625167847,2646
27435.41169166565,2650
27436.40923500061,2618
27437.406301498413,2614
27438.403367996216,2618
27439.400672912598,2606
27440.39797782898,2618
27441.39575958252,2580
27442.394018173218,2542
27443.390607833862,2526
27444.387674331665,2574
27445.384740829468,2632
27446.38204574585,2634
27447.37935066223,2598
27448.376893997192,2590
27449.374198913574,2584
27450.371265411377,2608
27451.369285583496,2578
27452.36611366272,2582
27453.3634185791,2546
27454.360723495483,2526
27455.358266830444,2542
27456.355571746826,2570
27457.352876663208,2596
27458.35041999817,2606
27459.34748649597,2618
27460.344791412354,2610
27461.342096328735,2638
27462.339401245117,2632
27463.3367061615,2638
27464.33401107788,2622
27465.33155441284,2634
27466.328859329224,2630
27467.326164245605,2650
27468.334436416626,2712
27469.32101249695,2766
27470.31807899475,2766
27471.315383911133,2776
27472.312927246094,2762
27473.310232162476,2722
27474.34425354004,2674
27475.33416748047,2650
27476.33123397827,2618
27477.32973098755,2622
27478.33251953125,2604
27479.323863983154,2610
27480.321645736694,2618
27481.318712234497,2656
27482.28693008423,2674
27483.318567276,2704
27484.310388565063,2684
27485.307693481445,2670
27486.304759979248,2652
27487.30230331421,2642
27488.300561904907,2600
27489.285945892334,2618
27490.264892578125,2556
27491.262435913086,2586
27492.25950241089,2606
27493.25680732727,2614
27494.254112243652,2630
27495.251417160034,2642
27496.248722076416,2612
27497.246265411377,2606
27498.24333190918,2582
27499.24063682556,2606
27500.238180160522,2622
27501.235723495483,2598
27502.232789993286,2582
27503.22985649109,2588
27504.22763824463,2558
27505.22470474243,2580
27506.222009658813,2614
27507.219552993774,2648
27508.216857910156,2642
27509.214162826538,2714
27510.21146774292,2622
27511.20901107788,2616
27512.206077575684,2590
27513.203382492065,2594
27514.200925827026,2578
27515.19799232483,2550
27516.19529724121,2550
27517.192602157593,2558
27518.190145492554,2630
27519.187450408936,2664
27520.184755325317,2666
27521.182537078857,2646
27522.17936515808,2638
27523.176670074463,2672
27524.173974990845,2674
27525.171518325806,2666
27526.168823242188,2630
27527.16588973999,2610
27528.16367149353,2590
27529.16121482849,2614
27530.158042907715,2642
27531.155824661255,2622
27532.152891159058,2598
27533.14995765686,2584
27534.147262573242,2570
27535.145044326782,2558
27536.161184310913,2546
27537.139415740967,2578
27538.13672065735,2578
27539.13426399231,2586
27540.13156890869,2634
27541.139364242554,2674
27542.126178741455,2708
27543.123483657837,2686
27544.12078857422,2674
27545.11785507202,2674
27546.115398406982,2646
27547.112703323364,2654
27548.110008239746,2682
27549.107551574707,2638
27550.10485649109,2662
27551.10216140747,2642
27552.099466323853,2634
27553.096771240234,2646
27554.094076156616,2722
27555.091381072998,2736
27556.08892440796,2718
27557.08599090576,2706
27558.083295822144,2670
27559.08203125,2670
27560.078620910645,2662
27561.075448989868,2654
27562.07275390625,2670
27563.07029724121,2638
27564.067602157593,2630
27565.065145492554,2634
27566.062450408936,2630
27567.05951690674,2610
27568.05682182312,2614
27569.053888320923,2614
27570.051431655884,2634
27571.048974990845,2574
27572.046041488647,2548
27573.04334640503,2554
27574.04088973999,2526
27575.038194656372,2574
27576.035499572754,2582
27577.033042907715,2622
27578.030109405518,2646
27579.0274143219,2654
27580.02471923828,2704
27581.022262573242,2678
27582.019567489624,2670
27583.016872406006,2622
27584.014177322388,2608
27585.01172065735,2614
27586.00878715515,2606
27587.005853652954,2622
27588.003635406494,2618
27589.000701904297,2610
27589.99800682068,2606
27590.99555015564,2666
27591.99285507202,2682
27592.990159988403,2662
27593.987226486206,2622
27594.984769821167,2602
27595.98207473755,2574
27596.97937965393,2614
27597.978115081787,2614
27598.97494316101,2606
27599.972248077393,2614
27600.969791412354,2624
27601.967096328735,2670
27602.964162826538,2680
27603.9617061615,2670
27604.95901107788,2698
27605.956315994263,2652
27606.953620910645,2674
27607.950925827026,2666
27608.94823074341,2734
27609.94553565979,2758
27610.94307899475,2686
27611.940383911133,2710
27612.937688827515,2700
27613.93451690674,2718
27614.9320602417,2686
27615.92936515808,2678
27616.926431655884,2702
27617.923736572266,2616
27618.921518325806,2604
27619.919061660767,2616
27620.916843414307,2598
27621.91367149353,2582
27622.91121482849,2582
27623.907804489136,2558
27624.905109405518,2554
27625.90265274048,2542
27626.89995765686,2572
27627.898454666138,2598
27628.894805908203,2582
27629.892349243164,2572
27630.889654159546,2534
27631.887435913086,2572
27632.88450241089,2600
27633.881330490112,2598
27634.878873825073,2614
27635.876178741455,2586
27636.873245239258,2634
27637.87055015564,2634
27638.86785507202,2654
27639.865398406982,2630
27640.862941741943,2638
27641.860246658325,2630
27642.858028411865,2630
27643.855333328247,2602
27644.85192298889,2630
27645.849227905273,2634
27646.846771240234,2642
27647.843837738037,2636
27648.87046813965,2622
27649.873971939087,2672
27650.866270065308,2678
27651.83424949646,2712
27652.859687805176,2706
27653.857231140137,2670
27654.85405921936,2654
27655.851364135742,2634
27656.819820404053,2646
27657.816886901855,2648
27658.81395339966,2654
27659.84010696411,2710
27660.837173461914,2646
27661.834716796875,2662
27662.831783294678,2638
27663.829565048218,2642
27664.8268699646,2634
27665.823936462402,2642
27666.821002960205,2622
27667.818307876587,2596
27668.815851211548,2570
27669.813871383667,2518
27670.811414718628,2606
27671.80895805359,2662
27672.805309295654,2622
27673.802375793457,2650
27674.800395965576,2642
27675.77338218689,2682
27676.769256591797,2666
27677.764892578125,2638
27678.761959075928,2618
27679.75950241089,2574
27680.75704574585,2614
27681.75435066223,2620
27682.751893997192,2638
27683.749198913574,2630
27684.746265411377,2672
27685.743808746338,2654
27686.74087524414,2698
27687.7384185791,2678
27688.735723495483,2654
27689.733028411865,2670
27690.730571746826,2670
27691.727876663208,2654
27692.72518157959,2634
27693.72296333313,2680
27694.719791412354,2682
27695.717096328735,2670
27696.714162826538,2672
27697.711944580078,2706
27698.70924949646,2734
27699.706315994263,2726
27700.703859329224,2678
27701.701879501343,2670
27702.698469161987,2636
27703.69577407837,2610
27704.69307899475,2640
27705.690145492554,2610
27706.714868545532,2650
27707.711935043335,2636
27708.709001541138,2632
27709.706783294678,2702
27710.705518722534,2670
27711.700916290283,2650
27712.698459625244,2654
27713.696002960205,2630
27714.693546295166,2638
27715.691328048706,2634
27716.68791770935,2642
27717.68546104431,2636
27718.655824661255,2646
27719.680309295654,2676
27720.679998397827,2704
27721.648454666138,2704
27722.67198562622,2706
27723.66952896118,2670
27724.667072296143,2666
27725.663900375366,2642
27726.661443710327,2646
27727.658987045288,2586
27728.65581512451,2574
27729.65407371521,2600
27730.650424957275,2616
27731.648683547974,2634
27732.646226882935,2634
27733.64281654358,2642
27734.642028808594,2638
27736.607789993286,2620
27736.607789993286,2606
27737.60485649109,2602
27739.599466323853,2584
27739.599466323853,2578
27741.604328155518,2570
27741.604328155518,2608
27742.592096328735,2584
27743.589162826538,2602
27744.58622932434,2666
27745.5837726593,2654
27746.581077575684,2614
27747.578382492065,2658
27748.575687408447,2654
27749.57323074341,2652
27750.57029724121,2630
27751.595497131348,2586
27752.592086791992,2606
27753.589153289795,2640
27754.586696624756,2662
27755.584716796875,2680
27756.58106803894,2666
27757.57884979248,2714
27758.57639312744,2686
27759.573221206665,2702
27760.570287704468,2710
27761.56783103943,2706
27762.56537437439,2678
27763.56315612793,2666
27764.56069946289,2650
27765.55824279785,2634
27767.523765563965,2630
27768.521070480347,2678
27769.52052116394,2652
27770.51544189453,2678
27771.512746810913,2684
27772.524118423462,2644
27773.507833480835,2642
27774.515867233276,2662
27775.507926940918,2624
27776.50785446167,2622
27777.496814727783,2618
27778.494119644165,2642
27779.491662979126,2710
27780.48872947693,2638
27781.48603439331,2642
27782.483339309692,2706
27783.51068496704,2656
27784.507036209106,2666
27785.50934791565,2622
27786.502838134766,2618
27787.49918937683,2650
27788.49697113037,2646
27789.49475288391,2646
27790.491342544556,2610
27791.488885879517,2646
27792.486667633057,2646
27793.48611831665,2696
27794.48103904724,2678
27795.478105545044,2698
27796.475410461426,2664
27797.473907470703,2682
27798.471212387085,2676
27799.468755722046,2654
27800.46558380127,2662
27801.46360397339,2602
27802.465200424194,2644
27803.458213806152,2672
27804.455757141113,2686
27805.452585220337,2706
27806.450128555298,2674
27807.447910308838,2648
27808.44473838806,2698
27809.44323539734,2664
27810.439348220825,2658
27811.40899658203,2618
27812.405109405518,2618
27813.403129577637,2618
27814.40019607544,2608
27815.3977394104,2614
27816.394805908203,2610
27817.392349243164,2608
27818.390130996704,2634
27819.38672065735,2628
27820.38378715515,2616
27821.381330490112,2610
27822.37935066223,2598
27823.376178741455,2586
27824.3727684021,2584
27825.37031173706,2586
27826.36785507202,2570
27827.365398406982,2598
27828.362464904785,2634
27829.360008239746,2654
27830.35683631897,2642
27831.35485649109,2634
27832.351446151733,2622
27833.348751068115,2602
27834.346532821655,2608
27835.343837738037,2610
27836.34114265442,2598
27837.3384475708,2586
27838.335752487183,2612
27839.332818984985,2622
27840.330123901367,2666
27841.328144073486,2700
27842.32473373413,2710
27843.340396881104,2722
27844.319820404053,2712
27845.317363739014,2682
27846.314430236816,2706
27847.31149673462,2670
27848.30904006958,2808
27849.306344985962,2654
27850.303411483765,2674
27851.301431655884,2698
27852.298259735107,2710
27853.29556465149,2682
27854.29310798645,2706
27855.290412902832,2702
27856.287717819214,2710
27857.284784317017,2668
27858.282327651978,2634
27859.27963256836,2614
27860.30387878418,2602
27861.273050308228,2612
27862.298011779785,2588
27863.296031951904,2642
27864.292860031128,2648
27865.29040336609,2648
27866.28770828247,2654
27867.285013198853,2650
27868.283987045288,2620
27869.280099868774,2640
27870.27621269226,2648
27871.246337890625,2642
27872.27487564087,2624
27873.267889022827,2662
27874.26733970642,2640
27875.237703323364,2638
27876.234769821167,2652
27877.23207473755,2670
27878.22914123535,2666
27879.226684570312,2666
27880.223751068115,2706
27881.221294403076,2666
27882.2181224823,2634
27883.21566581726,2614
27884.212970733643,2620
27885.210275650024,2652
27886.207818984985,2638
27887.204885482788,2642
27888.20219039917,2632
27889.19997215271,2654
27890.196800231934,2654
27891.223192214966,2674
27892.223119735718,2678
27893.21732521057,2634
27894.21534538269,2614
27895.211935043335,2618
27896.20852470398,2632
27897.20582962036,2630
27898.2036113739,2650
27899.20139312744,2646
27900.198459625244,2644
27901.19695663452,2646
27902.16612815857,2650
27903.189659118652,2698
27904.187440872192,2682
27905.185222625732,2638
27906.182289123535,2622
27907.15193748474,2614
27908.182859420776,2646
27909.177780151367,2620
27910.14337539673,2636
27911.142349243164,2608
27912.177085876465,2662
27913.134336471558,2646
27914.13140296936,2662
27915.128469467163,2636
27916.126012802124,2682
27917.123317718506,2612
27918.120622634888,2648
27919.11816596985,2614
27920.11547088623,2614
27921.112775802612,2606
27922.110557556152,2646
27923.107624053955,2672
27924.104690551758,2682
27925.10199546814,2674
27926.0995388031,2698
27927.096843719482,2710
27928.093910217285,2718
27929.091215133667,2702
27930.088758468628,2662
27931.08606338501,2638
27932.08336830139,2622
27933.080673217773,2650
27934.077978134155,2608
27935.075521469116,2620
27936.07258796692,2654
27937.07013130188,2678
27938.06743621826,2662
27939.064502716064,2672
27940.062046051025,2654
27941.059350967407,2646
27942.056894302368,2648
27943.05396080017,2622
27944.051265716553,2582
27945.048809051514,2596
27946.045875549316,2590
27947.043418884277,2650
27948.04072380066,2670
27949.03802871704,2616
27950.035572052002,2714
27951.032638549805,2652
27952.029943466187,2642
27953.02724838257,2646
27954.02479171753,2620
27955.02209663391,2554
27956.019401550293,2560
27957.016468048096,2544
27958.014011383057,2578
27959.01131629944,2598
27960.0088596344,2600
27961.00616455078,2606
27962.003469467163,2622
27963.000535964966,2650
27963.997840881348,2642
27964.99538421631,2642
27965.99268913269,2624
27966.989994049072,2610
27967.987537384033,2620
27969.01297569275,2616
27970.009803771973,2666
27971.007585525513,2618
27972.00608253479,2610
27973.001956939697,2666
27973.9990234375,2666
27974.99680519104,2666
27975.994110107422,2654
27976.99236869812,2630
27977.989435195923,2622
27978.986501693726,2634
27979.98332977295,2642
27980.982303619385,2622
27981.978178024292,2614
27982.975959777832,2642
27983.972549438477,2654
27984.970331192017,2678
27985.96739768982,2634
27986.96494102478,2630
27987.962007522583,2666
27988.96026611328,2654
27989.956617355347,2574
27990.954399108887,2614
27991.952657699585,2598
27992.94924736023,2590
27993.94702911377,2642
27994.943380355835,2622
27995.940923690796,2618
27996.939659118652,2650
27997.93577194214,2666
27998.90446662903,2654
27999.90200996399,2666
28000.89931488037,2650
28001.908540725708,2634
28002.89487838745,2650
28003.891468048096,2602
28004.888772964478,2602
28005.88583946228,2646
28006.88338279724,2642
28007.880687713623,2674
28008.877992630005,2698
28009.875535964966,2734
28010.87260246277,2706
28011.87014579773,2686
28012.867212295532,2672
28013.864755630493,2650
28014.89019393921,2618
28015.888214111328,2620
28016.885995864868,2640
28017.88353919983,2634
28018.880605697632,2642
28019.877672195435,2642
28020.87450027466,2634
28021.8768119812,2678
28022.870302200317,2668
28023.869514465332,2662
28024.864196777344,2610
28025.861263275146,2642
28026.83138847351,2634
28027.85587310791,2622
28028.85365486145,2610
28029.850721359253,2634
28030.848503112793,2646
28031.845569610596,2666
28032.84215927124,2640
28033.839464187622,2680
28034.836769104004,2670
28035.834312438965,2678
28036.831855773926,2684
28037.829160690308,2686
28038.82622718811,2648
28039.825677871704,2622
28040.79294204712,2610
28041.790008544922,2642
28042.787075042725,2672
28043.784379959106,2662
28044.781923294067,2680
28045.791387557983,2674
28046.77724838257,2680
28048.77209663391,2686
28048.77209663391,2706
28050.2712726593,2666
28050.773859024048,2642
28052.27541923523,2636
28053.273916244507,2638
28054.271459579468,2614
28055.26852607727,2622
28056.26606941223,2642
28057.263374328613,2662
28058.260679244995,2682
28059.257745742798,2706
28060.25528907776,2670
28061.25283241272,2738
28062.249898910522,2676
28063.247442245483,2698
28064.244508743286,2640
28065.241813659668,2622
28066.23911857605,2650
28067.23666191101,2644
28068.233966827393,2662
28069.231271743774,2638
28070.228576660156,2634
28071.225881576538,2606
28072.22318649292,2598
28073.2204914093,2578
28074.217796325684,2582
28075.215339660645,2590
28076.212406158447,2558
28077.239751815796,2586
28078.23657989502,2618
28079.2338848114,2610
28080.231189727783,2622
28081.235885620117,2672
28082.226276397705,2698
28083.224058151245,2730
28084.22088623047,2728
28085.190057754517,2704
28086.215257644653,2680
28087.212562561035,2686
28088.210105895996,2682
28089.212656021118,2678
28090.20495414734,2676
28091.20202064514,2722
28092.199325561523,2710
28093.197107315063,2712
28094.196319580078,2758
28095.191955566406,2734
28096.18878364563,2686
28097.185850143433,2678
28098.18744659424,2668
28099.180698394775,2674
28100.179433822632,2664
28101.146459579468,2646
28102.174043655396,2614
28103.1711101532,2640
28104.168176651,2684
28105.165481567383,2672
28106.163024902344,2664
28107.160329818726,2662
28108.159065246582,2650
28109.171867370605,2638
28110.12363433838,2622
28111.148834228516,2632
28112.146139144897,2622
28113.14344406128,2630
28114.14098739624,2616
28115.137815475464,2614
28116.135120391846,2674
28117.133378982544,2702
28118.130445480347,2674
28119.12751197815,2674
28120.12529373169,2650
28121.121883392334,2634
28122.092485427856,2622
28123.12388420105,2646
28124.114274978638,2610
28125.11110305786,2616
28126.108646392822,2606
28127.106189727783,2634
28128.103733062744,2650
28129.071950912476,2698
28130.06901741028,2726
28131.06608390808,2738
28132.063150405884,2734
28133.060693740845,2682
28134.057760238647,2726
28135.055541992188,2680
28136.054754257202,2678
28137.051820755005,2642
28138.04864883423,2674
28139.046907424927,2668
28140.04373550415,2712
28141.04151725769,2708
28142.038345336914,2746
28143.035650253296,2714
28144.033193588257,2698
28145.03049850464,2672
28146.02756500244,2702
28147.024869918823,2678
28148.022174835205,2706
28149.019718170166,2712
28150.01678466797,2712
28151.01456642151,2666
28152.01187133789,2704
28153.008937835693,2738
28154.006242752075,2714
28155.030488967896,2734
28155.999660491943,2678
28156.996965408325,2678
28157.99379348755,2670
28158.99133682251,2670
28159.988403320312,2644
28160.986185073853,2650
28161.983251571655,2610
28162.980556488037,2620
28163.978099822998,2614
28164.9751663208,2650
28165.972471237183,2674
28166.969776153564,2644
28167.967319488525,2634
28168.964862823486,2620
28169.96192932129,2632
28170.95947265625,2618
28171.956777572632,2638
28172.954082489014,2662
28173.951387405396,2646
28174.948692321777,2636
28175.94599723816,2650
28176.94330215454,2680
28177.940368652344,2722
28178.937911987305,2728
28179.935216903687,2718
28180.93252182007,2682
28181.92982673645,2678
28182.92737007141,2666
28183.924436569214,2674
28184.92317199707,2654
28185.94741821289,2638
28186.94543838501,2676
28187.94298171997,2682
28188.94052505493,2706
28189.938068389893,2734
28190.93418121338,2706
28191.93410873413,2642
28192.928791046143,2630
28193.912744522095,2610
28194.89598274231,2650
28195.921659469604,2672
28196.918964385986,2672
28197.917699813843,2650
28198.912858963013,2666
28199.91159439087,2668
28200.879335403442,2732
28201.88307762146,2758
28202.874422073364,2764
28203.871250152588,2738
28204.86855506897,2710
28205.86609840393,2698
28206.863403320312,2710
28207.860469818115,2702
28208.857774734497,2714
28209.855318069458,2716
28210.85262298584,2708
28211.84992790222,2704
28212.847471237183,2744
28213.844537734985,2762
28214.841842651367,2740
28215.83914756775,2674
28216.838836669922,2674
28217.835664749146,2640
28218.833208084106,2618
28219.830751419067,2646
28220.82757949829,2638
28221.825122833252,2638
28222.822189331055,2618
28223.819732666016,2642
28224.81656074524,2672
28225.81434249878,2716
28226.81164741516,2710
28227.808952331543,2704
28228.806257247925,2700
28229.803562164307,2640
28230.80086708069,2678
28231.79841041565,2710
28232.79571533203,2706
28233.793020248413,2722
28234.790086746216,2702
28235.787868499756,2674
28236.78493499756,2716
28237.78223991394,2762
28238.779544830322,2734
28239.776849746704,2730
28240.774154663086,2704
28241.772174835205,2670
28242.76900291443,2646
28243.76630783081,2670
28244.763612747192,2642
28245.760679244995,2650
28246.78659439087,2616
28247.783184051514,2630
28248.780727386475,2656
28249.785661697388,2678
28250.749111175537,2706
28251.788854599,2682
28252.77018547058,2646
28253.76844406128,2634
28254.77170944214,2638
28255.76162338257,2640
28256.759643554688,2678
28257.75671005249,2686
28258.754014968872,2650
28259.75775718689,2662
28260.749101638794,2670
28261.747360229492,2670
28262.74299621582,2682
28263.74125480652,2682
28264.738082885742,2642
28265.735626220703,2638
28266.733407974243,2642
28267.730236053467,2632
28268.72730255127,2682
28269.72508430481,2650
28270.72262763977,2644
28271.719694137573,2652
28272.716999053955,2706
28273.71335029602,2666
28274.715900421143,2682
28275.70939064026,2678
28276.676893234253,2662
28277.703523635864,2650
28278.700828552246,2642
28279.69789505005,2646
28280.696153640747,2666
28281.665802001953,2656
28282.69052505493,2648
28283.687591552734,2678
28284.684658050537,2646
28285.682916641235,2664
28286.67974472046,2678
28287.677526474,2706
28288.674354553223,2710
28289.671659469604,2670
28290.668725967407,2662
28291.666984558105,2652
28292.664527893066,2650
28293.632745742798,2678
28294.66462135315,2670
28295.627117156982,2682
28296.623468399048,2698
28297.62053489685,2738
28298.617839813232,2706
28299.615144729614,2686
28300.612688064575,2702
28301.609992980957,2650
28302.60729789734,2630
28303.60436439514,2638
28304.601907730103,2624
28305.599212646484,2622
28306.596517562866,2654
28308.592796325684,2674
28308.592796325684,2704
28309.617042541504,2706
28310.615301132202,2698
28311.61141395569,2706
28312.60895729065,2682
28313.606023788452,2622
28314.603328704834,2618
28315.600872039795,2640
28316.597938537598,2668
28317.596197128296,2648
28318.59278678894,2664
28319.593906402588,2682
28320.587158203125,2652
28321.58923149109,2666
28322.582006454468,2674
28323.57931137085,2714
28324.578762054443,2698
28325.574159622192,2670
28326.571941375732,2680
28327.569723129272,2646
28328.566551208496,2652
28329.56314086914,2654
28331.559896469116,2686
28331.559896469116,2706
28332.55887031555,2714
28334.54990386963,2712
28335.54744720459,2706
28336.54499053955,2738
28337.541818618774,2698
28338.539361953735,2682
28339.536666870117,2670
28341.506242752075,2648
28341.506242752075,2654
28342.509269714355,2650
28343.63055229187,2618
28344.556093215942,2650
28344.556093215942,2594
28346.641063690186,2610
28346.641063690186,2666
28347.639083862305,2646
28348.636150360107,2650
28349.63297843933,2680
28350.630283355713,2678
28351.628065109253,2650
28352.625131607056,2674
28353.62219810486,2686
28354.61950302124,2670
28355.6170463562,2670
28356.614112854004,2674
28357.611179351807,2734
28358.608722686768,2726
28359.60602760315,2722
28360.60333251953,2714
28361.60135269165,2708
28362.597942352295,2652
28363.595247268677,2646
28364.59255218506,2630
28365.59009552002,2666
28366.587162017822,2654
28367.584466934204,2732
28368.582248687744,2662
28369.579315185547,2670
28370.57662010193,2670
28371.575117111206,2638
28372.57146835327,2640
28373.568773269653,2642
28374.565839767456,2580
28375.563621520996,2598
28376.5606880188,2610
28377.55799293518,2638
28378.555297851562,2656
28379.552841186523,2678
28380.549907684326,2698
28381.547689437866,2736
28382.54475593567,2714
28383.54206085205,2670
28384.539127349854,2662
28385.536909103394,2638
28386.56210899353,2636
28387.559175491333,2538
28388.558864593506,2582
28389.553546905518,2606
28390.551328659058,2618
28391.549348831177,2660
28393.515586853027,2674
28393.515586853027,2662
28394.540071487427,2702
28395.538330078125,2730
28396.53491973877,2714
28398.529767990112,2704
28399.527072906494,2680
28400.524616241455,2666
28401.521921157837,2710
28402.520179748535,2718
28403.51676940918,2728
28404.513597488403,2750
28405.5118560791,2780
28406.508445739746,2774
28407.505989074707,2758
28408.503532409668,2846
28409.501552581787,2714
28410.470485687256,2674
28411.466598510742,2648
28412.492275238037,2654
28413.490772247314,2642
28414.487600326538,2664
28415.48442840576,2674
28416.481971740723,2678
28417.479276657104,2678
28418.464183807373,2662
28419.474363327026,2704
28420.47119140625,2686
28421.468496322632,2698
28422.436952590942,2678
28423.470497131348,2618
28424.460887908936,2616
28425.45771598816,2648
28426.4554977417,2630
28427.452564239502,2678
28428.4508228302,2662
28429.447412490845,2682
28430.44662475586,2682
28431.442499160767,2700
28432.410955429077,2708
28433.41636657715,2714
28434.43536758423,2770
28435.431718826294,2710
28436.429977416992,2666
28437.426328659058,2654
28438.42363357544,2684
28439.420461654663,2678
28440.418243408203,2618
28441.4165019989,2682
28442.38519668579,2676
28443.382263183594,2674
28444.37861442566,2666
28445.398330688477,2670
28446.37417793274,2662
28447.372913360596,2662
28448.3699798584,2650
28449.366092681885,2650
28450.36292076111,2682
28451.361179351807,2686
28452.358961105347,2714
28453.355312347412,2734
28454.352140426636,2734
28455.349683761597,2714
28456.347227096558,2682
28457.34477043152,2684
28458.34183692932,2662
28459.338903427124,2650
28460.336446762085,2654
28461.33327484131,2662
28462.33105659485,2674
28463.32836151123,2712
28464.325428009033,2686
28465.322732925415,2700
28466.320037841797,2706
28467.317819595337,2718
28468.31512451172,2746
28469.31219100952,2730
28470.31021118164,2710
28471.307277679443,2702
28472.304582595825,2710
28473.301649093628,2714
28474.29871559143,2654
28475.29625892639,2666
28476.293802261353,2716
28477.291345596313,2698
28478.28960418701,2670
28479.286670684814,2682
28480.284214019775,2782
28481.281757354736,2606
28482.280731201172,2608
28483.275175094604,2610
28484.272241592407,2614
28485.270023345947,2608
28486.26685142517,2606
28487.263917922974,2634
28488.261461257935,2666
28489.258766174316,2702
28490.256309509277,2678
28491.25576019287,2704
28492.250442504883,2682
28493.248224258423,2686
28494.245290756226,2662
28495.24450302124,2622
28496.241092681885,2618
28497.23720550537,2594
28498.234510421753,2624
28499.232530593872,2646
28500.230073928833,2654
28501.227855682373,2630
28502.224922180176,2662
28503.2217502594,2634
28504.218578338623,2618
28505.215883255005,2646
28506.213426589966,2598
28507.210731506348,2630
28508.208751678467,2612
28509.20534133911,2598
28510.20312309265,2602
28511.200189590454,2618
28512.197971343994,2618
28513.195037841797,2622
28514.1921043396,2662
28515.189170837402,2650
28516.186714172363,2666
28517.184495925903,2662
28518.181324005127,2646
28519.179344177246,2634
28520.17641067505,2606
28521.172761917114,2596
28522.17149734497,2602
28523.16951751709,2602
28524.165391921997,2612
28525.16269683838,2664
28526.16024017334,2664
28527.15802192688,2630
28528.154850006104,2654
28529.152154922485,2638
28530.149698257446,2622
28531.160831451416,2640
28532.15003013611,2622
28533.14232826233,2642
28534.138917922974,2638
28535.136699676514,2638
28536.13328933716,2670
28537.1310710907,2710
28538.1281375885,2654
28539.13974761963,2754
28540.122985839844,2758
28541.119813919067,2766
28542.117834091187,2734
28543.11490058899,2734
28544.11292076111,2758
28545.10998725891,2710
28546.106576919556,2670
28547.103881835938,2614
28548.101902008057,2658
28549.09896850586,2618
28550.09627342224,2612
28551.092624664307,2612
28552.091121673584,2542
28553.08723449707,2522
28554.084300994873,2518
28555.081844329834,2542
28556.078910827637,2586
28557.076454162598,2548
28558.07375907898,2554
28559.07106399536,2578
28560.068368911743,2602
28561.065673828125,2624
28562.063217163086,2620
28563.060522079468,2652
28564.072608947754,2634
28565.054893493652,2614
28566.052436828613,2648
28567.049741744995,2622
28568.046808242798,2634
28569.044589996338,2672
28570.0421333313,2670
28571.06900215149,2666
28572.06630706787,2654
28573.063135147095,2710
28574.060916900635,2702
28575.05989074707,2698
28576.05504989624,2634
28577.0525932312,2552
28578.049898147583,2550
28579.047918319702,2550
28580.052375793457,2558
28581.042289733887,2538
28582.03959465027,2526
28583.036184310913,2554
28584.033727645874,2548
28585.012912750244,2558
28586.0013961792,2616
28586.997985839844,2598
28587.995052337646,2602
28588.99188041687,2578
28589.98990058899,2538
28590.986251831055,2588
28591.984748840332,2580
28592.982053756714,2582
28593.978881835938,2574
28594.9764251709,2546
28595.9734916687,2578
28596.970558166504,2586
28597.968578338623,2622
28598.965406417847,2614
28599.962949752808,2610
28600.971221923828,2586
28601.95755958557,2600
28602.954864501953,2590
28603.951692581177,2574
28604.949235916138,2602
28605.94630241394,2606
28606.9438457489,2614
28607.941389083862,2634
28608.938217163086,2638
28609.935760498047,2682
28610.933303833008,2704
28611.94086074829,2714
28612.929821014404,2704
28613.92569541931,2644
28614.922761917114,2682
28615.92125892639,2646
28616.917848587036,2666
28617.915153503418,2706
28618.9124584198,2686
28619.91000175476,2698
28620.90826034546,2718
28621.905088424683,2744
28622.902631759644,2726
28623.899459838867,2718
28624.897718429565,2682
28625.892877578735,2682
28626.889944076538,2686
28627.88724899292,2706
28628.8845539093,2686
28629.882097244263,2670
28630.879163742065,2672
28631.877183914185,2670
28632.87377357483,2682
28633.87107849121,2758
28634.868144989014,2686
28635.865688323975,2678
28636.862993240356,2698
28637.86029815674,2642
28638.85807991028,2670
28639.854907989502,2666
28640.852451324463,2670
28641.849756240845,2670
28642.847299575806,2672
28643.84436607361,2682
28644.84167098999,2686
28645.83921432495,2666
28646.844625473022,2678
28647.833824157715,2670
28648.830890655518,2674
28649.828910827637,2654
28650.829792022705,2630
28651.829719543457,2662
28652.85086631775,2654
28653.846979141235,2682
28654.84380722046,2660
28655.841827392578,2650
28656.83889389038,2646
28657.836198806763,2672
28658.806324005127,2672
28659.831762313843,2678
28660.83025932312,2682
28661.827087402344,2652
28662.829399108887,2650
28663.82145881653,2634
28664.81900215149,2650
28665.81702232361,2652
28666.786670684814,2654
28667.783737182617,2666
28668.78056526184,2644
28669.7781085968,2666
28670.775413513184,2610
28671.770811080933,2662
28672.76883125305,2618
28673.797607421875,2646
28674.792289733887,2650
28675.789833068848,2642
28676.756620407104,2666
28677.783966064453,2662
28678.781270980835,2670
28679.779052734375,2650
28680.780172348022,2670
28681.773900985718,2658
28682.77072906494,2664
28683.768033981323,2662
28684.765577316284,2674
28685.763120651245,2638
28686.760425567627,2638
28687.758445739746,2618
28688.75479698181,2614
28689.752340316772,2620
28690.749406814575,2622
28691.751718521118,2650
28692.71421432495,2654
28693.7415599823,2662
28694.73886489868,2642
28695.73664665222,2664
28696.733474731445,2662
28697.731256484985,2650
28698.728561401367,2646
28699.72538948059,2622
28700.72293281555,2618
28701.690196990967,2646
28702.717781066895,2638
28703.715085983276,2632
28704.71739768982,2642
28705.7101726532,2660
28706.706523895264,2662
28707.70311355591,2678
28708.70041847229,2666
28709.697723388672,2646
28710.695028305054,2622
28711.69376373291,2590
28712.689638137817,2614
28713.6869430542,2618
28714.68472480774,2640
28715.681552886963,2670
28716.679096221924,2648
28717.68283843994,2654
28718.673944473267,2674
28719.67101097107,2668
28720.66855430603,2678
28722.634315490723,2666
28722.634315490723,2614
28723.663330078125,2614
28724.658250808716,2614
28725.65531730652,2646
28726.6526222229,2678
28727.65016555786,2650
28728.6479473114,2638
28729.644298553467,2666
28730.64112663269,2678
28731.639623641968,2706
28732.63692855835,2686
28733.633756637573,2684
28734.631061553955,2652
28735.629558563232,2630
28736.62567138672,2606
28737.623691558838,2634
28738.62099647522,2630
28739.618062973022,2654
28740.614891052246,2646
28741.58549308777,2650
28742.60950088501,2610
28743.60680580139,2622
28744.60458755493,2626
28745.602130889893,2606
28746.60062789917,2586
28747.596502304077,2610
28748.5933303833,2542
28749.59111213684,2596
28750.58913230896,2622
28751.58977508545,2638
28752.583265304565,2634
28754.552602767944,2638
28755.54585456848,2618
28756.543159484863,2638
28757.540941238403,2672
28758.537769317627,2646
28759.53507423401,2638
28760.53237915039,2610
28761.52992248535,2574
28762.526988983154,2594
28763.524293899536,2634
28764.521837234497,2674
28765.51914215088,2678
28766.51668548584,2644
28767.513751983643,2650
28768.511056900024,2650
28769.508361816406,2646
28770.535707473755,2630
28771.5322971344,2618
28772.530794143677,2618
28773.52738380432,2622
28774.524450302124,2598
28775.521993637085,2638
28776.51858329773,2642
28777.51612663269,2662
28778.51390838623,2700
28779.51216697693,2666
28780.508995056152,2682
28781.476974487305,2670
28782.475233078003,2640
28783.50019454956,2642
28784.498691558838,2642
28785.497903823853,2606
28786.494493484497,2608
28787.490606307983,2646
28788.48958015442,2670
28789.498805999756,2642
28790.482759475708,2670
28791.450262069702,2684
28792.449474334717,2666
28793.44654083252,2654
28794.475555419922,2634
28795.478343963623,2606
28796.475648880005,2606
28797.464847564697,2610
28798.4619140625,2606
28799.48592185974,2630
28800.47559738159,2638
28801.45502090454,2674
28802.422761917114,2702
28803.475379943848,2686
28804.444789886475,2674
28805.442333221436,2666
28806.455373764038,2666
28807.436227798462,2668
28808.455228805542,2618
28809.401750564575,2618
28810.399055480957,2640
28811.396598815918,2646
28812.39342689514,2654
28813.390731811523,2678
28814.388513565063,2686
28815.385580062866,2678
28816.41387939453,2650
28817.40975379944,2668
28818.37821006775,2646
28819.40484046936,2642
28820.401668548584,2640
28821.399211883545,2608
28822.36933708191,2622
28823.394298553467,2650
28824.39136505127,2648
28825.387954711914,2674
28826.38645172119,2702
28827.35514640808,2702
28828.380346298218,2640
28829.3776512146,2656
28830.374717712402,2638
28831.372022628784,2654
28832.37099647522,2642
28833.367109298706,2638
28834.36417579651,2630
28835.334539413452,2666
28836.359977722168,2650
28837.357997894287,2678
28838.356733322144,2710
28839.352130889893,2704
28840.35038948059,2678
28841.346502304077,2674
28842.344284057617,2674
28843.337774276733,2648
28844.337940216064,2656
28845.306396484375,2662
28846.3032245636,2646
28847.330808639526,2662
28848.328351974487,2674
28849.324703216553,2682
28850.292921066284,2672
28851.290464401245,2652
28852.287769317627,2702
28853.29532623291,2678
28854.3119430542,2666
28855.31520843506,2680
28856.30750656128,2644
28857.304096221924,2650
28858.271837234497,2670
28859.298706054688,2672
28860.30077934265,2662
28861.29331588745,2698
28862.290859222412,2724
28863.287210464478,2718
28864.291667938232,2734
28865.255117416382,2652
28866.278886795044,2650
28867.276191711426,2646
28868.247747421265,2652
28869.242906570435,2662
28870.26858329773,2622
28871.2375164032,2650
28872.234344482422,2672
28873.231887817383,2702
28874.229192733765,2724
28875.22602081299,2714
28876.22380256653,2714
28877.22110748291,2674
28878.218173980713,2648
28879.215717315674,2622
28880.213022232056,2738
28881.210327148438,2702
28882.20763206482,2614
28883.2049369812,2654
28884.202241897583,2670
28885.199785232544,2674
28891.183614730835,2702
28891.183614730835,2686
28891.183614730835,2678
28891.183614730835,2652
28895.172357559204,2662
28896.169662475586,2614
28896.169662475586,2644
28896.169662475586,2680
28896.169662475586,2670
28896.169662475586,2652
28896.169662475586,2698
28897.16672897339,2678
28898.16451072693,2680
28899.16205406189,2910
28900.158882141113,2674
28901.156663894653,2706
28902.153968811035,2678
28903.151273727417,2702
28904.148817062378,2646
28905.174732208252,2642
28906.14366531372,2654
28910.13240814209,2702
28910.13240814209,2674
28910.13240814209,2674
28910.13240814209,2670
28911.13042831421,2702
28912.127256393433,2758
28918.111324310303,2704
28918.111324310303,2642
28918.111324310303,2674
28918.111324310303,2642
28919.111967086792,2654
28919.111967086792,2650
28919.111967086792,2634
28920.105934143066,2654
28921.103477478027,2654
28922.10865020752,2674
28923.099994659424,2674
28924.09896850586,2704
28925.09365081787,2670
28926.090240478516,2646
28927.088499069214,2656
28928.08508872986,2682
28929.083108901978,2702
28930.081367492676,2664
28931.078910827637,2676
28932.074069976807,2662
28933.07137489319,2654
28934.06844139099,2674
28935.065746307373,2702
28936.063528060913,2670
28937.060594558716,2678
28938.057899475098,2648
28939.05520439148,2644
28940.05250930786,2638
28941.0502910614,2650
28942.0485496521,2650
28947.03435897827,2678
28948.033571243286,2642
28948.033571243286,2670
28948.033571243286,2662
28948.033571243286,2672
28948.033571243286,2674
28949.06258583069,2682
28950.026035308838,2666
28951.02334022522,2662
28952.02136039734,2636
28953.018188476562,2646
28954.015493392944,2654
28955.013513565063,2680
28956.033945083618,2680
28957.007884979248,2686
28958.00471305847,2678
28959.005117416382,2594
28959.999799728394,2668
28960.997104644775,2646
28961.994171142578,2662
28962.99171447754,2610
28963.98878097534,2642
28964.988946914673,2654
28965.985774993896,2666
28967.013359069824,2684
28968.0073261261,2686
28969.003200531006,2664
28970.00026702881,2670
28970.998287200928,2706
28971.967697143555,2678
28972.965717315674,2644
28973.989725112915,2630
28974.989414215088,2622
28975.988626480103,2648
28976.96328163147,2678
28977.978706359863,2706
28978.981018066406,2654
28979.97522354126,2702
28980.97252845764,2726
28981.96792602539,2702
28982.972621917725,2714
28983.935832977295,2686
28984.933376312256,2682
28985.95905303955,2634
28986.956119537354,2666
28987.9252910614,2680
28988.922119140625,2638
28989.919424057007,2644
28990.952253341675,2654
28991.944789886475,2670
28992.9416179657,2684
28993.9386844635,2662
28994.940996170044,2654
28995.939016342163,2678
28996.93012237549,2674
28997.925996780396,2674
28998.924732208252,2634
28999.92060661316,2622
29000.890016555786,2610
29001.8892288208,2654
29002.912521362305,2672
29003.91125679016,2706
29004.908561706543,2698
29005.906105041504,2702
29006.902933120728,2670
29007.899284362793,2638
29008.89754295349,2678
29009.89532470703,2672
29010.89310646057,2640
29011.860847473145,2634
29012.88676261902,2656
29013.884782791138,2642
29014.883518218994,2662
29015.87963104248,2662
29016.876220703125,2664
29017.874002456665,2666
29018.873691558838,2700
29019.86861228943,2662
29020.87092399597,2642
29021.86346054077,2666
29022.860765457153,2666
29023.857831954956,2646
29024.855136871338,2642
29025.856494903564,2630
29026.82089805603,2654
29027.84824371338,2708
29028.844356536865,2734
29029.841899871826,2702
29030.83896636963,2670
29031.80956840515,2672
29032.833576202393,2634
29033.803462982178,2666
29034.800052642822,2654
29035.797595977783,2646
29036.794900894165,2650
29037.79172897339,2642
29038.78927230835,2662
29039.78681564331,2670
29040.783405303955,2698
29041.781663894653,2682
29042.778730392456,2618
29043.776035308838,2670
29044.77310180664,2646
29045.770168304443,2672
29046.767711639404,2638
29047.764778137207,2644
29048.763036727905,2630
29049.75962638855,2672
29050.75716972351,2662
29051.75542831421,2682
29052.752017974854,2710
29053.748846054077,2706
29054.746389389038,2672
29055.74345588684,2656
29056.74147605896,2664
29057.738304138184,2634
29058.735370635986,2650
29059.732913970947,2648
29060.730695724487,2654
29061.72823905945,2644
29062.72554397583,2670
29064.725875854492,2678
29064.725875854492,2670
29065.71626663208,2710
29066.713333129883,2698
29067.710638046265,2650
29068.708181381226,2648
29069.705486297607,2670
29070.70279121399,2614
29071.70033454895,2634
29072.697639465332,2622
29073.694944381714,2638
29074.692010879517,2654
29075.689554214478,2714
29076.68685913086,2678
29077.683925628662,2670
29078.681230545044,2698
29079.679012298584,2670
29080.676317214966,2634
29081.673622131348,2670
29082.67092704773,2622
29083.66823196411,2630
29084.665298461914,2642
29085.663080215454,2610
29086.660146713257,2646
29087.65745162964,2666
29088.65475654602,2716
29089.65229988098,2704
29090.649366378784,2686
29091.646909713745,2670
29092.644453048706,2648
29093.64151954651,2624
29094.63882446289,2638
29095.636129379272,2632
29096.633672714233,2630
29097.630977630615,2620
29098.628044128418,2642
29099.62558746338,2674
29101.622104644775,2686
29101.622104644775,2682
29102.617502212524,2634
29103.615045547485,2662
29104.612350463867,2654
29105.60941696167,2638
29106.60696029663,2666
29107.604265213013,2654
29108.601570129395,2632
29109.598636627197,2650
29110.596418380737,2642
29112.5910282135,2646
29112.5910282135,2666
29113.587856292725,2682
29114.585399627686,2682
29115.582942962646,2666
29116.58000946045,2664
29117.57755279541,2622
29118.574857711792,2646
29119.572162628174,2602
29120.569705963135,2618
29121.566772460938,2634
29122.56407737732,2672
29123.5613822937,2670
29124.558925628662,2658
29125.556230545044,2638
29126.553297042847,2648
29127.55060195923,2638
29128.54814529419,2644
29130.542755126953,2630
29131.540536880493,2618
29132.537364959717,2602
29133.5346698761,2598
29134.53221321106,2622
29135.52951812744,2662
29136.526823043823,2650
29137.524127960205,2666
29138.521432876587,2654
29139.518976211548,2666
29140.51604270935,2680
29141.54314994812,2640
29142.539262771606,2646
29143.50914955139,2614
29144.53411102295,2606
29145.53189277649,2598
29146.528244018555,2588
29147.525787353516,2634
29148.523569107056,2670
29149.521350860596,2682
29150.51794052124,2662
29151.514768600464,2634
29152.51326560974,2628
29153.509378433228,2622
29154.50668334961,2608
29155.505418777466,2602
29156.50177001953,2594
29157.501935958862,2598
29158.496141433716,2596
29159.493923187256,2622
29160.49075126648,2666
29161.489725112915,2646
29162.48607635498,2644
29163.483142852783,2662
29164.480209350586,2650
29165.477991104126,2638
29166.47481918335,2610
29167.47260093689,2610
29168.442726135254,2606
29169.466972351074,2610
29170.464277267456,2622
29171.463012695312,2642
29172.441482543945,2624
29173.442125320435,2646
29174.442291259766,2666
29175.44198036194,2648
29176.420211791992,2630
29177.417516708374,2618
29178.414821624756,2608
29179.41188812256,2614
29180.40943145752,2610
29181.40697479248,2602
29182.404279708862,2622
29183.401823043823,2610
29184.398889541626,2636
29185.396194458008,2666
29186.39326095581,2642
29187.421083450317,2648
29188.41814994812,2666
29189.41569328308,2638
29190.412044525146,2654
29191.380739212036,2650
29192.378282546997,2614
29193.387508392334,2614
29194.3998336792,2634
29195.399522781372,2638
29196.39801979065,2650
29197.39294052124,2642
29198.390245437622,2666
29199.387550354004,2664
29200.38414001465,2640
29201.38144493103,2670
29202.35323905945,2650
29203.378438949585,2632
29204.37502861023,2606
29205.372095108032,2630
29206.369876861572,2614
29207.364797592163,2638
29208.362817764282,2642
29209.359645843506,2646
29210.359573364258,2622
29211.328268051147,2666
29212.32533454895,2648
29213.34934234619,2630
29214.34712409973,2644
29215.344190597534,2640
29216.3143157959,2622
29217.34046936035,2630
29218.337297439575,2582
29219.336986541748,2606
29220.333099365234,2680
29221.32968902588,2678
29222.32699394226,2698
29223.324060440063,2634
29224.321842193604,2648
29225.318670272827,2630
29226.2921333313,2614
29227.335214614868,2598
29228.312969207764,2602
29229.308128356934,2590
29230.311632156372,2646
29231.302976608276,2654
29233.957052230835,2654
29233.957052230835,2662
29234.267234802246,2650
29235.278844833374,2630
29235.278844833374,2610
29236.720085144043,2638
29237.748384475708,2630
29238.718032836914,2622
29239.743947982788,2614
29240.74077606201,2604
29241.737842559814,2618
29242.735862731934,2646
29243.70574951172,2670
29244.72975730896,2654
29245.72730064392,2670
29246.724843978882,2678
29247.721672058105,2648
29248.690843582153,2632
29249.688625335693,2590
29250.71382522583,2546
29251.68490409851,2618
29252.708673477173,2642
29253.706216812134,2634
29254.703760147095,2610
29255.701780319214,2620
29256.6978931427,2654
29257.69567489624,2704
29258.700132369995,2674
29259.694576263428,2662
29260.687351226807,2622
29261.68465614319,2624
29262.68243789673,2610
29263.684272766113,2594
29264.676809310913,2610
29265.673875808716,2614
29266.671180725098,2610
29267.66848564148,2650
29268.66579055786,2674
29269.6635723114,2704
29270.660638809204,2654
29271.663427352905,2650
29272.655725479126,2638
29273.65732192993,2612
29274.64985847473,2630
29275.64764022827,2600
29276.64566040039,2616
29277.642726898193,2642
29278.639316558838,2638
29279.63638305664,2646
29280.606508255005,2674
29281.603813171387,2678
29282.60040283203,2712
29283.597707748413,2642
29284.595251083374,2666
29285.592794418335,2642
29286.589860916138,2630
29287.587642669678,2638
29288.5844707489,2624
29289.582014083862,2606
29290.579080581665,2642
29291.577100753784,2678
29292.573928833008,2672
29293.57123374939,2674
29294.56877708435,2682
29295.59278488159,2648
29296.590089797974,2606
29297.587156295776,2622
29298.58446121216,2618
29299.58200454712,2650
29300.579071044922,2642
29301.576375961304,2684
29302.573919296265,2648
29303.571462631226,2670
29304.56829071045,2666
29306.563138961792,2676
29307.560205459595,2682
29308.557987213135,2682
29309.555530548096,2652
29310.552835464478,2782
29311.522245407104,2616
29312.537908554077,2634
29313.52996826172,2672
29314.52703475952,2676
29315.5300617218,2642
29316.52784347534,2634
29317.52634048462,2698
29318.504333496094,2686
29319.501638412476,2698
29320.512533187866,2650
29321.507930755615,2618
29322.50189781189,2608
29323.498725891113,2618
29324.498414993286,2634
29325.48451423645,2642
29326.51114463806,2642
29327.508449554443,2648
29328.505754470825,2640
29329.50472831726,2652
29330.501317977905,2682
29331.46905899048,2710
29332.494735717773,2688
29333.492517471313,2650
29334.492206573486,2638
29335.488319396973,2610
29336.484909057617,2618
29337.48173713684,2598
29338.4792804718,2638
29339.476585388184,2662
29340.44623374939,2702
29341.443061828613,2678
29342.440605163574,2666
29343.438148498535,2700
29344.435453414917,2654
29345.43251991272,2606
29346.43006324768,2610
29347.427368164062,2602
29348.424673080444,2614
29349.421977996826,2622
29350.41904449463,2710
29351.41682624817,2662
29352.41389274597,2650
29353.410959243774,2674
29354.408502578735,2698
29355.433702468872,2716
29356.430768966675,2682
29357.42712020874,2642
29358.42490196228,2638
29359.421968460083,2598
29360.419034957886,2632
29361.416339874268,2642
29362.386226654053,2662
29363.41094970703,2670
29364.40896987915,2670
29365.40675163269,2678
29366.403818130493,2670
29367.400884628296,2676
29368.371725082397,2656
29369.395971298218,2662
29370.39303779602,2630
29371.391534805298,2622
29372.38645553589,2630
29373.38924407959,2614
29374.3839263916,2634
29375.378370285034,2662
29376.383304595947,2630
29377.347230911255,2662
29378.377437591553,2670
29379.374265670776,2666
29380.37157058716,2686
29381.364822387695,2672
29382.362127304077,2642
29383.357286453247,2634
29384.355068206787,2622
29385.32567024231,2612
29386.322259902954,2646
29387.319803237915,2664
29388.316869735718,2672
29389.314651489258,2678
29390.312671661377,2678
29391.3094997406,2670
29392.338752746582,2646
29393.320083618164,2670
29394.327878952026,2650
29395.32518386841,2650
29396.323680877686,2638
29397.321224212646,2622
29398.31852912903,2630
29399.315118789673,2638
29400.285482406616,2650
29401.28231048584,2710
29402.28033065796,2670
29403.27763557434,2674
29404.274225234985,2670
29405.272006988525,2666
29406.269073486328,2622
29407.26661682129,2602
29408.26368331909,2608
29409.260749816895,2638
29410.259008407593,2652
29411.256074905396,2666
29412.2531414032,2726
29413.251161575317,2736
29414.247751235962,2706
29415.245294570923,2702
29416.242837905884,2654
29417.239665985107,2634
29418.23697090149,2642
29419.23475265503,2630
29420.231819152832,2638
29421.229600906372,2638
29422.226428985596,2666
29423.223972320557,2710
29424.22103881836,2712
29425.21858215332,2702
29426.215648651123,2678
29427.21390724182,2666
29428.210496902466,2674
29429.208040237427,2642
29430.206060409546,2642
29431.20265007019,2586
29432.20019340515,2614
29433.197498321533,2612
29434.194803237915,2640
29435.192584991455,2686
29436.18941307068,2670
29437.18695640564,2676
29438.183784484863,2674
29439.181804656982,2682
29440.178871154785,2664
29441.176891326904,2638
29442.173719406128,2606
29443.17102432251,2618
29444.16880607605,2610
29445.167541503906,2628
29446.162462234497,2642
29447.175979614258,2654
29448.167085647583,2672
29449.153900146484,2674
29450.151205062866,2666
29451.159238815308,2686
29452.157974243164,2678
29453.14311981201,2638
29454.140424728394,2636
29455.137491226196,2648
29456.134796142578,2620
29457.13233947754,2588
29458.12964439392,2618
29459.126710891724,2650
29460.124254226685,2674
29461.121797561646,2674
29462.119579315186,2710
29463.11616897583,2666
29464.11371231079,2642
29465.111017227173,2642
29466.108322143555,2638
29467.105627059937,2634
29468.10293197632,2610
29469.1002368927,2618
29470.09778022766,2618
29471.095085144043,2672
29472.092151641846,2654
29473.089456558228,2662
29474.08699989319,2670
29475.08430480957,2686
29476.081609725952,2678
29477.079153060913,2670
29478.076934814453,2698
29479.074001312256,2668
29480.07106781006,2642
29481.06837272644,2622
29482.065677642822,2622
29483.062982559204,2638
29484.060525894165,2670
29485.057830810547,2672
29486.05513572693,2662
29487.05244064331,2656
29488.049745559692,2622
29489.047050476074,2662
29490.044355392456,2654
29492.000579833984,2634
29492.000579833984,2638
29493.09277534485,2608
29494.508028030396,2646
29495.0110912323,2650
29496.009826660156,2686
29497.007369995117,2686
29498.00443649292,2686
29499.0017414093,2670
29499.999284744263,2698
29500.996589660645,2662
29501.993656158447,2616
29502.99119949341,2648
29503.98850440979,2654
29504.985570907593,2622
29505.982875823975,2618
29506.980419158936,2664
29507.977724075317,2654
29508.989810943604,2698
29509.9880695343,2642
29510.969877243042,2674
29511.967182159424,2672
29512.964248657227,2618
29513.961791992188,2638
29514.95885848999,2610
29515.95640182495,2590
29516.953706741333,2600
29517.951011657715,2642
29518.948316574097,2650
29519.94562149048,2712
29520.94316482544,2670
29521.94046974182,2666
29522.937774658203,2630
29523.96869659424,2622
29524.96647834778,2636
29525.959730148315,2654
29526.957035064697,2622
29527.95433998108,2662
29528.953552246094,2640
29529.949188232422,2642
29530.945777893066,2646
29531.94308280945,2684
29532.941579818726,2702
29533.93864631653,2682
29534.935235977173,2668
29535.93349456787,2634
29536.93151473999,2636
29537.92715072632,2610
29538.925647735596,2608
29539.923191070557,2638
29540.92001914978,2616
29541.9180393219,2616
29542.914628982544,2648
29543.9133644104,2666
29544.910192489624,2678
29545.907497406006,2682
29546.903371810913,2696
29547.900676727295,2702
29548.89965057373,2674
29549.896478652954,2646
29550.89259147644,2622
29551.891565322876,2608
29552.886962890625,2650
29553.885459899902,2650
29554.88157272339,2664
29555.880546569824,2672
29556.87713623047,2670
29557.873725891113,2704
29558.87794494629,2670
29559.868574142456,2702
29560.866355895996,2634
29561.8634223938,2634
29562.86072731018,2618
29563.85898590088,2618
29564.855337142944,2602
29565.852880477905,2646
29566.850185394287,2638
29567.84749031067,2662
29568.84479522705,2650
29569.841861724854,2674
29570.839643478394,2704
29571.809768676758,2710
29572.834014892578,2678
29573.83131980896,2654
29574.82862472534,2672
29575.825691223145,2634
29576.794147491455,2682
29577.79097557068,2726
29578.78828048706,2726
29579.78582382202,2750
29580.783128738403,2746
29581.780672073364,2718
29582.777738571167,2730
29583.77504348755,2702
29584.77234840393,2716
29585.798025131226,2674
29586.795330047607,2678
29587.79263496399,2702
29588.79327774048,2702
29589.78772163391,2700
29590.78550338745,2726
29591.781854629517,2706
29592.779874801636,2682
29593.77646446228,2718
29594.77400779724,2718
29595.771074295044,2670
29596.769094467163,2678
29597.765922546387,2682
29598.76298904419,2666
29599.76053237915,2642
29600.75831413269,2710
29601.73010826111,2674
29602.726459503174,2646
29603.72304916382,2710
29604.72059249878,2664
29605.71789741516,2682
29606.715440750122,2674
29607.712745666504,2678
29608.710050582886,2698
29609.707355499268,2686
29610.70466041565,2666
29611.70244216919,2612
29612.699508666992,2674
29613.696813583374,2686
29614.693880081177,2662
29615.691423416138,2664
29616.68872833252,2710
29617.68627166748,2702
29618.683338165283,2702
29619.680881500244,2686
29620.677947998047,2674
29621.67525291443,2660
29622.67303466797,2662
29623.669862747192,2652
29624.667167663574,2644
29625.664710998535,2714
29626.667261123657,2702
29627.6593208313,2674
29628.65662574768,2744
29629.653692245483,2714
29630.651235580444,2710
29631.649255752563,2712
29632.64513015747,2662
29633.641958236694,2632
29634.639024734497,2648
29635.636568069458,2650
29636.63363456726,2646
29637.630939483643,2666
29638.628244400024,2676
29639.625787734985,2730
29640.623092651367,2666
29641.62039756775,2710
29642.61770248413,2718
29643.615007400513,2666
29644.612312316895,2670
29645.609617233276,2648
29646.60692214966,2634
29647.60446548462,2634
29648.601531982422,2702
29649.599075317383,2648
29650.596380233765,2630
29651.593685150146,2686
29652.59075164795,2702
29653.58853340149,2698
29654.585599899292,2714
29655.582904815674,2686
29656.580448150635,2662
29657.577514648438,2650
29658.57481956482,2666
29659.5721244812,2634
29660.569667816162,2726
29661.567211151123,2664
29662.564277648926,2684
29663.562059402466,2666
29664.55888748169,2670
29665.55643081665,2682
29666.553497314453,2678
29667.551040649414,2650
29668.548345565796,2672
29670.54295539856,2654
29671.54049873352,2654
29672.537803649902,2678
29673.534870147705,2646
29674.532413482666,2666
29675.529718399048,2644
29676.52678489685,2654
29677.52432823181,2666
29678.521633148193,2672
29679.54969406128,2718
29680.51791191101,2666
29681.543827056885,2716
29682.54852294922,2670
29683.538675308228,2654
29684.535026550293,2660
29685.53352355957,2662
29686.501026153564,2670
29687.49761581421,2682
29688.49492073059,2654
29689.49246406555,2648
29690.489530563354,2706
29691.487073898315,2698
29692.484378814697,2698
29693.48168373108,2678
29694.47946548462,2646
29695.476531982422,2654
29696.473836898804,2624
29697.470903396606,2666
29698.468446731567,2674
29699.46575164795,2634
29700.462818145752,2644
29701.460361480713,2646
29702.457666397095,2698
29703.454971313477,2666
29704.45227622986,2640
29705.44981956482,2622
29706.446886062622,2616
29707.444429397583,2642
29708.441495895386,2620
29709.475994110107,2634
29710.466623306274,2622
29711.46321296692,2642
29712.467432022095,2672
29713.462591171265,2642
29714.4558429718,2656
29715.45934677124,2674
29716.449737548828,2666
29717.44728088379,2636
29718.416690826416,2634
29719.441652297974,2622
29720.439195632935,2636
29721.436738967896,2638
29722.434997558594,2656
29723.43111038208,2674
29724.429607391357,2670
29725.42691230774,2718
29726.423263549805,2708
29727.420330047607,2700
29728.418350219727,2664
29729.415893554688,2698
29730.411767959595,2642
29731.410264968872,2662
29732.407569885254,2654
29733.404874801636,2662
29734.40194129944,2650
29735.40449142456,2726
29736.39678955078,2702
29737.393617630005,2706
29738.391637802124,2708
29739.388704299927,2718
29740.38553237915,2798
29741.35398864746,2704
29742.351055145264,2674
29743.348360061646,2648
29744.345664978027,2636
29745.34296989441,2650
29746.34027481079,2638
29747.337579727173,2634
29748.334884643555,2674
29749.332189559937,2638
29750.32949447632,2650
29751.32703781128,2674
29752.32434272766,2654
29753.321409225464,2632
29754.318952560425,2620
29755.316257476807,2622
29756.3157081604,2614
29757.312774658203,2606
29758.310079574585,2622
29759.307146072388,2654
29760.30468940735,2658
29761.30247116089,2650
29762.299060821533,2662
29763.296365737915,2650
29764.293909072876,2688
29765.291213989258,2676
29766.28875732422,2660
29767.284393310547,2650
29768.29743385315,2634
29769.27924156189,2640
29770.277976989746,2644
29771.276235580444,2672
29772.306442260742,2678
29773.298263549805,2704
29774.29485321045,2674
29775.29239654541,2686
29776.29041671753,2672
29777.289628982544,2606
29778.284072875977,2666
29779.28137779236,2654
29780.283212661743,2638
29781.25,2640
29782.27400779724,2674
29783.271312713623,2666
29784.26957130432,2670
29785.266160964966,2674
29786.264181137085,2710
29787.26077079773,2674
29788.25831413269,2682
29789.254665374756,2666
29790.252447128296,2670
29791.2495136261,2654
29792.24705696106,2638
29793.2448387146,2632
29794.241428375244,2686
29795.238733291626,2716
29796.236038208008,2734
29797.236442565918,2726
29798.230171203613,2706
29799.227237701416,2676
29800.224781036377,2668
29801.193952560425,2662
29802.192211151123,2670
29803.218126296997,2652
29804.219245910645,2622
29805.21249771118,2646
29806.209564208984,2638
29807.207107543945,2670
29808.204174041748,2706
29809.202432632446,2704
29810.17017364502,2646
29811.19704246521,2672
29812.193870544434,2646
29813.198566436768,2646
29814.201831817627,2638
29815.186262130737,2620
29816.18309020996,2600
29817.180395126343,2606
29818.197011947632,2652
29819.175243377686,2668
29820.17230987549,2638
29821.205139160156,2654
29822.191953659058,2678
29823.168516159058,2646
29824.201583862305,2662
29825.158834457397,2654
29826.156616210938,2650
29827.154874801636,2598
29828.15170288086,2642
29829.148530960083,2654
29830.145835876465,2652
29831.15029335022,2650
29832.14044570923,2674
29833.10842514038,2702
29834.105491638184,2638
29835.103034973145,2622
29836.100339889526,2606
29837.09764480591,2632
29838.09494972229,2616
29839.092254638672,2614
29840.089559555054,2550
29841.086864471436,2586
29842.084407806396,2602
29843.0814743042,2634
29844.07877922058,2622
29845.07656097412,2634
29846.073627471924,2618
29847.070932388306,2658
29848.068237304688,2630
29849.066257476807,2650
29850.06308555603,2648
29851.060390472412,2636
29852.057933807373,2630
29853.055238723755,2634
29854.052305221558,2642
29855.04961013794,2638
29856.0471534729,2664
29857.044458389282,2682
29858.041524887085,2696
29859.039068222046,2666
29860.044717788696,2652
29861.03367805481,2630
29862.03122138977,2674
29863.028526306152,2650
29864.025831222534,2662
29865.023136138916,2656
29866.020441055298,2640
29867.02060699463,2654
29868.017435073853,2698
29869.014739990234,2726
29870.012044906616,2672
29871.009349822998,2672
29872.00665473938,2636
29873.00395965576,2682
29874.001264572144,2730
29874.998331069946,2706
29875.995874404907,2686
29876.99294090271,2706
29877.99072265625,2670
29878.987789154053,2702
29879.985570907593,2726
29880.983352661133,2730
29881.9797039032,2706
29882.97724723816,2702
29883.974313735962,2712
29884.971857070923,2702
29885.969400405884,2646
29886.966466903687,2642
29887.964010238647,2664
29888.96107673645,2722
29889.958381652832,2638
29890.955924987793,2644
29891.953229904175,2650
29892.950534820557,2606
29893.94760131836,2702
29894.979000091553,2582
29895.970344543457,2574
29896.974563598633,2618
29897.964239120483,2614
29898.962020874023,2598
29899.959087371826,2612
29900.92945098877,2610
29901.95345878601,2602
29902.953147888184,2632
29903.949737548828,2646
29904.94704246521,2654
29905.916690826416,2664
29906.91113471985,2654
29907.90867805481,2642
29908.905744552612,2638
29909.903049468994,2622
29910.91561317444,2646
29911.898136138916,2642
29912.89520263672,2678
29913.89226913452,2640
29914.889812469482,2634
29915.887117385864,2686
29916.884422302246,2686
29917.88148880005,2680
29918.87903213501,2682
29919.87657546997,2638
29920.873641967773,2614
29921.871185302734,2590
29922.868490219116,2610
29923.865795135498,2606
29924.8628616333,2600
29927.58560180664,2586
29927.857160568237,2630
29927.857160568237,2666
29929.41641807556,2704
29929.949045181274,2662
29931.456804275513,2684
29932.45768547058,2680
29933.48264694214,2646
29934.47971343994,2666
29935.482025146484,2632
29936.47527694702,2634
29937.471628189087,2668
29938.469171524048,2702
29939.466953277588,2674
29940.463542938232,2618
29941.432237625122,2702
29942.431449890137,2688
29943.427801132202,2702
29944.453477859497,2686
29945.451736450195,2646
29946.44808769226,2622
29947.4458694458,2646
29948.44388961792,2648
29949.440717697144,2654
29950.437545776367,2634
29951.436519622803,2638
29952.43239402771,2662
29953.429222106934,2682
29954.426765441895,2730
29955.424070358276,2702
29956.42137527466,2674
29957.41844177246,2662
29958.41670036316,2714
29959.4144821167,2668
29960.411548614502,2704
29961.381435394287,2704
29962.404489517212,2714
29963.404893875122,2700
29964.399337768555,2718
29965.3959274292,2674
29966.394901275635,2702
29967.39172935486,2734
29968.363285064697,2714
29969.38705444336,2700
29970.384120941162,2706
29971.383571624756,2638
29972.37730026245,2670
29973.37508201599,2654
29974.371910095215,2636
29975.369453430176,2622
29976.37128829956,2642
29977.365493774414,2642
29978.362560272217,2664
29979.360103607178,2646
29980.35740852356,2650
29981.356143951416,2606
29982.350826263428,2598
29983.34789276123,2598
29984.347105026245,2598
29985.315084457397,2612
29986.339807510376,2648
29987.340688705444,2654
29988.33441734314,2670
29989.33219909668,2630
29990.329265594482,2682
29991.328954696655,2730
29992.326736450195,2714
29993.321418762207,2726
29994.31824684143,2730
29995.319604873657,2682
29996.313333511353,2678
29997.309923171997,2704
29998.30722808838,2680
29999.30477142334,2714
30000.304222106934,2674
